{"A": 5.537482208024436, "B": -0.631044468716854, "C": -0.03337054682188383, "beta": 0.9, "omega": 13.049607394458334, "phi": 4.358906801843639, "tc_delta": 40.0, "oscillations": 4.980211525401049, "damping_factor": 1.3041925190846568, "mse_resid": 0.0035141660796896637}