{"A": 4.19696546053641, "B": -4.479921006048793, "C": -0.3074209945384308, "beta": 0.22485465520517062, "omega": 6.0, "phi": 4.387336934672262, "tc_delta": 2.0, "oscillations": 4.649111089503935, "damping_factor": 0.5461192257834857, "mse_resid": 0.03144546463269665}