{"A": 5.73250522662737, "B": -2.240727220480939, "C": 0.18713181741391136, "beta": 0.9, "omega": 6.597943192171707, "phi": 5.660685001586878, "tc_delta": 27.0, "oscillations": 2.5180184917707895, "damping_factor": 1.6333350886118894, "mse_resid": 0.026686127297203013}