{"A": 5.583111472378588, "B": -0.6414772229945958, "C": 0.09103516993563043, "beta": 0.9, "omega": 13.772339355198786, "phi": 4.505832806257837, "tc_delta": 7.0, "oscillations": 6.039590238390736, "damping_factor": 0.46047581720773073, "mse_resid": 0.0005868380240645587}