Date,Adj Close,Close,High,Low,Open,Volume,SEC_ID
2006-02-06,19.185100555419922,24.200000762939453,24.65999984741211,24.100000381469727,24.549999237060547,771500,DBC
2006-02-07,18.630155563354492,23.5,24.200000762939453,23.450000762939453,24.049999237060547,674400,DBC
2006-02-08,18.550878524780273,23.399999618530273,23.670000076293945,23.329999923706055,23.489999771118164,335400,DBC
2006-02-09,18.72528839111328,23.6200008392334,23.81999969482422,23.510000228881836,23.559999465942383,705900,DBC
2006-02-10,18.3843994140625,23.190000534057617,23.690000534057617,23.100000381469727,23.649999618530273,276700,DBC
2006-02-13,18.0989990234375,22.829999923706055,23.200000762939453,22.770000457763672,23.190000534057617,237600,DBC
2006-02-14,17.948373794555664,22.639999389648438,22.829999923706055,22.610000610351562,22.799999237060547,256400,DBC
2006-02-15,17.686758041381836,22.309999465942383,22.729999542236328,22.239999771118164,22.700000762939453,404800,DBC
2006-02-16,17.900808334350586,22.579999923706055,22.6200008392334,22.25,22.329999923706055,463600,DBC
2006-02-17,18.154491424560547,22.899999618530273,22.920000076293945,22.68000030517578,22.719999313354492,467700,DBC
2006-02-21,18.45574951171875,23.280000686645508,23.399999618530273,23.100000381469727,23.350000381469727,714100,DBC
2006-02-22,18.154491424560547,22.899999618530273,23.299999237060547,22.850000381469727,23.149999618530273,543900,DBC
2006-02-23,18.09107208251953,22.81999969482422,23.100000381469727,22.639999389648438,22.850000381469727,380400,DBC
2006-02-24,18.58259391784668,23.440000534057617,23.450000762939453,23.0,23.200000762939453,535300,DBC
2006-02-27,18.217914581298828,22.979999542236328,23.25,22.920000076293945,23.200000762939453,664500,DBC
2006-02-28,18.46367645263672,23.290000915527344,23.299999237060547,22.860000610351562,23.049999237060547,579700,DBC
2006-03-01,18.42403793334961,23.239999771118164,23.280000686645508,23.049999237060547,23.280000686645508,270500,DBC
2006-03-02,18.756999969482422,23.65999984741211,23.719999313354492,23.270000457763672,23.360000610351562,885900,DBC
2006-03-03,18.931407928466797,23.8799991607666,23.889999389648438,23.559999465942383,23.770000457763672,362900,DBC
2006-03-06,18.630155563354492,23.5,23.75,23.25,23.75,588300,DBC
2006-03-07,18.30512046813965,23.09000015258789,23.34000015258789,22.969999313354492,23.299999237060547,341300,DBC
2006-03-08,18.011795043945312,22.719999313354492,22.899999618530273,22.530000686645508,22.780000686645508,243700,DBC
2006-03-09,18.194135665893555,22.950000762939453,22.989999771118164,22.729999542236328,22.850000381469727,413100,DBC
2006-03-10,18.114852905273438,22.850000381469727,22.940000534057617,22.530000686645508,22.729999542236328,398800,DBC
2006-03-13,18.352685928344727,23.149999618530273,23.15999984741211,22.690000534057617,22.850000381469727,328800,DBC
2006-03-14,18.622230529785156,23.489999771118164,23.530000686645508,23.079999923706055,23.139999389648438,331700,DBC
2006-03-15,18.416109085083008,23.229999542236328,23.540000915527344,23.15999984741211,23.469999313354492,566900,DBC
2006-03-16,18.57466697692871,23.43000030517578,23.479999542236328,23.09000015258789,23.229999542236328,642100,DBC
2006-03-17,18.487457275390625,23.31999969482422,23.520000457763672,23.25,23.469999313354492,324200,DBC
2006-03-20,18.10692596435547,22.84000015258789,23.350000381469727,22.760000228881836,23.219999313354492,495500,DBC
2006-03-21,18.17034912109375,22.920000076293945,23.040000915527344,22.649999618530273,22.799999237060547,412200,DBC
2006-03-22,18.13863754272461,22.8799991607666,23.049999237060547,22.760000228881836,23.0,283800,DBC
2006-03-23,18.44782257080078,23.270000457763672,23.270000457763672,22.799999237060547,22.950000762939453,224500,DBC
2006-03-24,18.408180236816406,23.219999313354492,23.389999389648438,23.1299991607666,23.219999313354492,310800,DBC
2006-03-27,18.519168853759766,23.360000610351562,23.43000030517578,23.200000762939453,23.280000686645508,147300,DBC
2006-03-28,18.756999969482422,23.65999984741211,23.68000030517578,23.389999389648438,23.389999389648438,355200,DBC
2006-03-29,18.88384437561035,23.81999969482422,23.81999969482422,23.549999237060547,23.6200008392334,319600,DBC
2006-03-30,19.113746643066406,24.110000610351562,24.18000030517578,23.81999969482422,23.81999969482422,603700,DBC
2006-03-31,18.978975296020508,23.940000534057617,24.06999969482422,23.700000762939453,23.940000534057617,402600,DBC
2006-04-03,19.066181182861328,24.049999237060547,24.34000015258789,24.0,24.18000030517578,406400,DBC
2006-04-04,18.96312141418457,23.920000076293945,23.989999771118164,23.75,23.940000534057617,201400,DBC
2006-04-05,19.08203887939453,24.06999969482422,24.200000762939453,23.950000762939453,24.0,297300,DBC
2006-04-06,19.422927856445312,24.5,24.559999465942383,24.329999923706055,24.329999923706055,619900,DBC
2006-04-07,19.335725784301758,24.389999389648438,24.43000030517578,24.149999618530273,24.350000381469727,415600,DBC
2006-04-10,19.692472457885742,24.84000015258789,24.850000381469727,24.510000228881836,24.690000534057617,497100,DBC
2006-04-11,19.77174949645996,24.940000534057617,24.950000762939453,24.600000381469727,24.850000381469727,537900,DBC
2006-04-12,19.732112884521484,24.889999389648438,25.079999923706055,24.75,24.920000076293945,517700,DBC
2006-04-13,19.85895538330078,25.049999237060547,25.049999237060547,24.649999618530273,24.75,233200,DBC
2006-04-17,20.0730037689209,25.31999969482422,25.350000381469727,25.079999923706055,25.200000762939453,526600,DBC
2006-04-18,20.33461570739746,25.649999618530273,25.709999084472656,25.309999465942383,25.3799991607666,886800,DBC
2006-04-19,20.532812118530273,25.899999618530273,26.0,25.549999237060547,25.690000534057617,558500,DBC
2006-04-20,20.294979095458984,25.600000381469727,25.8799991607666,25.299999237060547,25.8799991607666,640100,DBC
2006-04-21,20.72307777404785,26.139999389648438,26.209999084472656,25.510000228881836,25.670000076293945,559000,DBC
2006-04-24,20.310834884643555,25.6200008392334,26.09000015258789,25.559999465942383,25.989999771118164,481900,DBC
2006-04-25,20.374256134033203,25.700000762939453,25.899999618530273,25.520000457763672,25.829999923706055,550700,DBC
2006-04-26,20.294979095458984,25.600000381469727,25.899999618530273,25.549999237060547,25.729999542236328,493900,DBC
2006-04-27,19.977872848510742,25.200000762939453,25.510000228881836,25.1200008392334,25.450000762939453,427100,DBC
2006-04-28,20.310834884643555,25.6200008392334,25.770000457763672,25.360000610351562,25.450000762939453,453800,DBC
2006-05-01,20.532812118530273,25.899999618530273,26.049999237060547,25.670000076293945,25.739999771118164,571700,DBC
2006-05-02,20.770645141601562,26.200000762939453,26.25,25.979999542236328,26.139999389648438,516300,DBC
2006-05-03,20.398038864135742,25.729999542236328,26.219999313354492,25.600000381469727,26.190000534057617,422000,DBC
2006-05-04,20.152278900146484,25.420000076293945,25.799999237060547,25.25,25.59000015258789,445500,DBC
2006-05-05,20.374256134033203,25.700000762939453,25.770000457763672,25.5,25.6299991607666,377300,DBC
2006-05-08,20.318761825561523,25.6299991607666,25.6299991607666,25.149999618530273,25.399999618530273,342900,DBC
2006-05-09,20.635873794555664,26.030000686645508,26.200000762939453,25.799999237060547,25.84000015258789,1164700,DBC
2006-05-10,21.151174545288086,26.68000030517578,26.68000030517578,26.030000686645508,26.1299991607666,757600,DBC
2006-05-11,21.3572940826416,26.940000534057617,27.170000076293945,26.809999465942383,27.170000076293945,1037600,DBC
2006-05-12,21.28594398498535,26.850000381469727,27.149999618530273,26.719999313354492,27.0,1040100,DBC
2006-05-15,20.56452178955078,25.940000534057617,26.209999084472656,25.799999237060547,26.1200008392334,685200,DBC
2006-05-16,20.62794303894043,26.020000457763672,26.290000915527344,25.809999465942383,25.950000762939453,602500,DBC
2006-05-17,20.596233367919922,25.979999542236328,26.25,25.6299991607666,26.25,785100,DBC
2006-05-18,20.60416030883789,25.989999771118164,26.0,25.729999542236328,25.889999389648438,263100,DBC
2006-05-19,20.152278900146484,25.420000076293945,25.600000381469727,25.200000762939453,25.549999237060547,724900,DBC
2006-05-22,20.310834884643555,25.6200008392334,25.6299991607666,25.100000381469727,25.100000381469727,863900,DBC
2006-05-23,20.62794303894043,26.020000457763672,26.270000457763672,25.850000381469727,25.93000030517578,855100,DBC
2006-05-24,20.10471534729004,25.360000610351562,25.809999465942383,25.25,25.729999542236328,402700,DBC
2006-05-25,20.453536987304688,25.799999237060547,25.799999237060547,25.360000610351562,25.450000762939453,324200,DBC
2006-05-26,20.6517276763916,26.049999237060547,26.200000762939453,25.739999771118164,25.8700008392334,333400,DBC
2006-05-30,20.54073715209961,25.90999984741211,26.170000076293945,25.760000228881836,26.1299991607666,429400,DBC
2006-05-31,20.23155975341797,25.520000457763672,25.84000015258789,25.229999542236328,25.75,337500,DBC
2006-06-01,19.98579978942871,25.209999084472656,25.520000457763672,24.899999618530273,25.200000762939453,584800,DBC
2006-06-02,20.382183074951172,25.709999084472656,25.860000610351562,25.299999237060547,25.399999618530273,349300,DBC
2006-06-05,20.326692581176758,25.639999389648438,25.920000076293945,25.549999237060547,25.770000457763672,492100,DBC
2006-06-06,20.152278900146484,25.420000076293945,25.5,25.200000762939453,25.399999618530273,329000,DBC
2006-06-07,20.017507553100586,25.25,25.350000381469727,25.100000381469727,25.299999237060547,176800,DBC
2006-06-08,19.80345916748047,24.979999542236328,25.059999465942383,24.700000762939453,25.010000228881836,722700,DBC
2006-06-09,19.83517074584961,25.020000457763672,25.299999237060547,25.0,25.149999618530273,343800,DBC
2006-06-12,19.597341537475586,24.719999313354492,25.280000686645508,24.649999618530273,25.18000030517578,362400,DBC
2006-06-13,19.066181182861328,24.049999237060547,24.549999237060547,24.0,24.299999237060547,900600,DBC
2006-06-14,19.058258056640625,24.040000915527344,24.25,24.0,24.049999237060547,265700,DBC
2006-06-15,19.264375686645508,24.299999237060547,24.43000030517578,24.170000076293945,24.299999237060547,289100,DBC
2006-06-16,19.30401611328125,24.350000381469727,24.350000381469727,24.0,24.209999084472656,202400,DBC
2006-06-19,18.947265625,23.899999618530273,24.170000076293945,23.84000015258789,24.09000015258789,178200,DBC
2006-06-20,19.10582160949707,24.100000381469727,24.139999389648438,23.899999618530273,24.010000228881836,318000,DBC
2006-06-21,19.383289337158203,24.450000762939453,24.5,23.969999313354492,24.049999237060547,302100,DBC
2006-06-22,19.375362396240234,24.440000534057617,24.530000686645508,24.309999465942383,24.43000030517578,171900,DBC
2006-06-23,19.335725784301758,24.389999389648438,24.5,24.219999313354492,24.219999313354492,151400,DBC
2006-06-26,19.549776077270508,24.65999984741211,24.700000762939453,24.200000762939453,24.360000610351562,150400,DBC
2006-06-27,19.621124267578125,24.75,24.8700008392334,24.520000457763672,24.68000030517578,227800,DBC
2006-06-28,19.541845321655273,24.649999618530273,24.770000457763672,24.43000030517578,24.670000076293945,205500,DBC
2006-06-29,19.969945907592773,25.190000534057617,25.190000534057617,24.729999542236328,24.760000228881836,346300,DBC
2006-06-30,20.057147979736328,25.299999237060547,25.450000762939453,25.280000686645508,25.280000686645508,405600,DBC
2006-07-03,20.588306427001953,25.969999313354492,25.989999771118164,25.420000076293945,25.649999618530273,144500,DBC
2006-07-05,20.429752349853516,25.770000457763672,25.790000915527344,25.5,25.549999237060547,998200,DBC
2006-07-06,20.56452178955078,25.940000534057617,25.940000534057617,25.600000381469727,25.770000457763672,675800,DBC
2006-07-07,20.41389274597168,25.75,25.940000534057617,25.649999618530273,25.940000534057617,391300,DBC
2006-07-10,20.271198272705078,25.56999969482422,25.760000228881836,25.459999084472656,25.649999618530273,204700,DBC
2006-07-11,20.71514892578125,26.1299991607666,26.18000030517578,25.860000610351562,25.989999771118164,232800,DBC
2006-07-12,20.9212703704834,26.389999389648438,26.399999618530273,25.950000762939453,26.299999237060547,395000,DBC
2006-07-13,20.91334342956543,26.3799991607666,26.530000686645508,26.270000457763672,26.43000030517578,418000,DBC
2006-07-14,21.008474349975586,26.5,26.739999771118164,26.329999923706055,26.700000762939453,462800,DBC
2006-07-17,20.532812118530273,25.899999618530273,26.489999771118164,25.809999465942383,26.31999969482422,191500,DBC
2006-07-18,20.40596580505371,25.739999771118164,26.260000228881836,25.549999237060547,26.09000015258789,206100,DBC
2006-07-19,20.477319717407227,25.829999923706055,25.829999923706055,25.25,25.670000076293945,236400,DBC
2006-07-20,20.263267517089844,25.559999465942383,26.100000381469727,25.440000534057617,25.989999771118164,293100,DBC
2006-07-21,20.207778930664062,25.489999771118164,25.700000762939453,25.280000686645508,25.700000762939453,151700,DBC
2006-07-24,20.294979095458984,25.600000381469727,25.600000381469727,25.110000610351562,25.3700008392334,214300,DBC
2006-07-25,20.120569229125977,25.3799991607666,25.739999771118164,25.200000762939453,25.690000534057617,428100,DBC
2006-07-26,19.98579978942871,25.209999084472656,25.579999923706055,25.18000030517578,25.229999542236328,225200,DBC
2006-07-27,20.374256134033203,25.700000762939453,25.780000686645508,25.5,25.700000762939453,155900,DBC
2006-07-28,20.302907943725586,25.610000610351562,25.75,25.25,25.700000762939453,180700,DBC
2006-07-31,20.501102447509766,25.860000610351562,25.8700008392334,25.440000534057617,25.700000762939453,241400,DBC
2006-08-01,20.596233367919922,25.979999542236328,26.049999237060547,25.760000228881836,25.899999618530273,200300,DBC
2006-08-02,20.873703002929688,26.329999923706055,26.399999618530273,26.1200008392334,26.149999618530273,642000,DBC
2006-08-03,20.67551040649414,26.079999923706055,26.110000610351562,25.81999969482422,26.0,181000,DBC
2006-08-04,20.6517276763916,26.049999237060547,26.170000076293945,25.809999465942383,26.149999618530273,136900,DBC
2006-08-07,20.976762771606445,26.459999084472656,26.459999084472656,26.139999389648438,26.139999389648438,293200,DBC
2006-08-08,20.683439254760742,26.09000015258789,26.299999237060547,25.950000762939453,26.18000030517578,243800,DBC
2006-08-09,20.71514892578125,26.1299991607666,26.34000015258789,26.0,26.1299991607666,217000,DBC
2006-08-10,20.445606231689453,25.790000915527344,25.979999542236328,25.56999969482422,25.969999313354492,347100,DBC
2006-08-11,20.24741554260254,25.540000915527344,25.920000076293945,25.350000381469727,25.889999389648438,179500,DBC
2006-08-14,20.057147979736328,25.299999237060547,25.34000015258789,25.079999923706055,25.25,123400,DBC
2006-08-15,20.0888614654541,25.34000015258789,25.389999389648438,25.170000076293945,25.309999465942383,247200,DBC
2006-08-16,19.87480926513672,25.06999969482422,25.329999923706055,25.010000228881836,25.299999237060547,228200,DBC
2006-08-17,19.565629959106445,24.68000030517578,24.950000762939453,24.5,24.84000015258789,617000,DBC
2006-08-18,19.66868782043457,24.809999465942383,24.850000381469727,24.559999465942383,24.829999923706055,180900,DBC
2006-08-21,19.827245712280273,25.010000228881836,25.010000228881836,24.760000228881836,24.829999923706055,259800,DBC
2006-08-22,19.795534133911133,24.969999313354492,25.020000457763672,24.850000381469727,24.979999542236328,281500,DBC
2006-08-23,19.58940887451172,24.709999084472656,24.920000076293945,24.6299991607666,24.920000076293945,322600,DBC
2006-08-24,19.87480926513672,25.06999969482422,25.06999969482422,24.770000457763672,24.829999923706055,241700,DBC
2006-08-25,19.866884231567383,25.059999465942383,25.299999237060547,25.020000457763672,25.219999313354492,145700,DBC
2006-08-28,19.55769920349121,24.670000076293945,25.030000686645508,24.56999969482422,24.940000534057617,354700,DBC
2006-08-29,19.525989532470703,24.6299991607666,24.700000762939453,24.5,24.6200008392334,230800,DBC
2006-08-30,19.819316864013672,25.0,25.0,24.459999084472656,24.639999389648438,122500,DBC
2006-08-31,19.819316864013672,25.0,25.100000381469727,24.75,24.979999542236328,158200,DBC
2006-09-01,19.779678344726562,24.950000762939453,25.059999465942383,24.770000457763672,25.030000686645508,240500,DBC
2006-09-05,19.74796485900879,24.90999984741211,25.100000381469727,24.739999771118164,24.8700008392334,261500,DBC
2006-09-06,19.64490509033203,24.780000686645508,24.979999542236328,24.600000381469727,24.799999237060547,147000,DBC
2006-09-07,19.58148765563965,24.700000762939453,24.790000915527344,24.549999237060547,24.700000762939453,97400,DBC
2006-09-08,19.422927856445312,24.5,24.65999984741211,24.399999618530273,24.6299991607666,197400,DBC
2006-09-11,18.971050262451172,23.93000030517578,24.1299991607666,23.799999237060547,24.020000457763672,541600,DBC
2006-09-12,18.669797897338867,23.549999237060547,23.899999618530273,23.34000015258789,23.799999237060547,318300,DBC
2006-09-13,18.622230529785156,23.489999771118164,23.700000762939453,23.3700008392334,23.510000228881836,384000,DBC
2006-09-14,18.511240005493164,23.350000381469727,23.670000076293945,23.18000030517578,23.670000076293945,288700,DBC
2006-09-15,18.45574951171875,23.280000686645508,23.5,23.06999969482422,23.299999237060547,616300,DBC
2006-09-18,18.677722930908203,23.559999465942383,23.700000762939453,23.31999969482422,23.450000762939453,345600,DBC
2006-09-19,18.400251388549805,23.209999084472656,23.68000030517578,23.1200008392334,23.600000381469727,490700,DBC
2006-09-20,18.289264678955078,23.06999969482422,23.200000762939453,22.860000610351562,23.190000534057617,511000,DBC
2006-09-21,18.60637092590332,23.469999313354492,23.5,23.020000457763672,23.020000457763672,422000,DBC
2006-09-22,18.39232635498047,23.200000762939453,23.489999771118164,23.1299991607666,23.489999771118164,296500,DBC
2006-09-25,18.431964874267578,23.25,23.3700008392334,22.8700008392334,22.899999618530273,1037000,DBC
2006-09-26,18.511240005493164,23.350000381469727,23.5,23.149999618530273,23.299999237060547,195200,DBC
2006-09-27,18.788713455200195,23.700000762939453,23.700000762939453,23.1200008392334,23.399999618530273,296900,DBC
2006-09-28,18.939340591430664,23.889999389648438,24.049999237060547,23.639999389648438,23.790000915527344,185800,DBC
2006-09-29,18.98690414428711,23.950000762939453,23.959999084472656,23.559999465942383,23.850000381469727,884300,DBC
2006-10-02,18.78078269958496,23.690000534057617,24.110000610351562,23.600000381469727,24.0,170700,DBC
2006-10-03,18.471599578857422,23.299999237060547,23.510000228881836,23.18000030517578,23.510000228881836,193100,DBC
2006-10-04,18.60637092590332,23.469999313354492,23.520000457763672,22.829999923706055,23.15999984741211,872600,DBC
2006-10-05,18.709436416625977,23.600000381469727,23.790000915527344,23.3799991607666,23.75,353500,DBC
2006-10-06,18.78078269958496,23.690000534057617,23.700000762939453,23.329999923706055,23.600000381469727,360200,DBC
2006-10-09,19.30401611328125,24.350000381469727,24.479999542236328,23.790000915527344,23.790000915527344,396900,DBC
2006-10-10,18.788713455200195,23.700000762939453,24.0,23.43000030517578,23.700000762939453,396700,DBC
2006-10-11,18.535022735595703,23.3799991607666,23.75,23.299999237060547,23.5,424000,DBC
2006-10-12,18.74114418029785,23.639999389648438,23.860000610351562,23.299999237060547,23.299999237060547,284100,DBC
2006-10-13,19.145458221435547,24.149999618530273,24.399999618530273,23.81999969482422,23.8799991607666,285200,DBC
2006-10-16,19.311941146850586,24.360000610351562,24.3799991607666,23.950000762939453,24.280000686645508,578600,DBC
2006-10-17,19.327796936035156,24.3799991607666,24.739999771118164,24.18000030517578,24.739999771118164,598600,DBC
2006-10-18,19.01861572265625,23.989999771118164,24.479999542236328,23.799999237060547,24.350000381469727,345300,DBC
2006-10-19,19.335725784301758,24.389999389648438,24.469999313354492,24.030000686645508,24.15999984741211,187300,DBC
2006-10-20,19.066181182861328,24.049999237060547,24.399999618530273,23.799999237060547,24.399999618530273,514900,DBC
2006-10-23,19.10582160949707,24.100000381469727,24.149999618530273,23.649999618530273,23.809999465942383,645800,DBC
2006-10-24,19.24059295654297,24.270000457763672,24.309999465942383,23.799999237060547,24.059999465942383,226500,DBC
2006-10-25,19.58148765563965,24.700000762939453,24.75,24.15999984741211,24.270000457763672,200300,DBC
2006-10-26,19.446714401245117,24.530000686645508,24.709999084472656,24.34000015258789,24.68000030517578,243800,DBC
2006-10-27,19.502206802368164,24.600000381469727,24.700000762939453,24.309999465942383,24.700000762939453,380900,DBC
2006-10-30,19.29608726501465,24.34000015258789,24.59000015258789,24.25,24.549999237060547,393100,DBC
2006-10-31,19.177169799804688,24.190000534057617,24.260000228881836,23.950000762939453,24.25,127200,DBC
2006-11-01,19.422927856445312,24.5,24.549999237060547,24.010000228881836,24.149999618530273,160400,DBC
2006-11-02,19.280231475830078,24.31999969482422,24.700000762939453,24.25,24.479999542236328,640300,DBC
2006-11-03,19.518062591552734,24.6200008392334,24.75,24.389999389648438,24.540000915527344,195900,DBC
2006-11-06,19.85895538330078,25.049999237060547,25.06999969482422,24.649999618530273,24.700000762939453,282600,DBC
2006-11-07,19.81138801574707,24.989999771118164,25.09000015258789,24.81999969482422,25.09000015258789,170800,DBC
2006-11-08,19.7876033782959,24.959999084472656,25.09000015258789,24.760000228881836,24.899999618530273,257400,DBC
2006-11-09,20.049219131469727,25.290000915527344,25.399999618530273,25.0,25.399999618530273,394000,DBC
2006-11-10,19.62904930114746,24.760000228881836,25.110000610351562,24.6200008392334,25.079999923706055,194400,DBC
2006-11-13,19.486352920532227,24.579999923706055,24.68000030517578,24.5,24.649999618530273,222600,DBC
2006-11-14,19.541845321655273,24.649999618530273,24.799999237060547,24.549999237060547,24.559999465942383,189900,DBC
2006-11-15,19.692472457885742,24.84000015258789,24.950000762939453,24.559999465942383,24.559999465942383,235500,DBC
2006-11-16,19.20095443725586,24.219999313354492,24.969999313354492,24.149999618530273,24.84000015258789,315400,DBC
2006-11-17,19.438785552978516,24.520000457763672,24.530000686645508,24.0,24.110000610351562,217200,DBC
2006-11-20,19.367435455322266,24.43000030517578,24.700000762939453,24.270000457763672,24.520000457763672,413200,DBC
2006-11-21,19.549776077270508,24.65999984741211,24.75,24.540000915527344,24.600000381469727,263500,DBC
2006-11-22,19.621124267578125,24.75,24.93000030517578,24.420000076293945,24.850000381469727,170700,DBC
2006-11-24,19.89066505432129,25.09000015258789,25.09000015258789,24.81999969482422,24.850000381469727,63700,DBC
2006-11-27,19.94615936279297,25.15999984741211,25.290000915527344,24.989999771118164,25.149999618530273,165700,DBC
2006-11-28,20.00165367126465,25.229999542236328,25.239999771118164,25.059999465942383,25.1200008392334,156800,DBC
2006-11-29,20.255340576171875,25.549999237060547,25.56999969482422,25.0,25.020000457763672,422700,DBC
2006-11-30,20.437679290771484,25.780000686645508,25.899999618530273,25.610000610351562,25.729999542236328,347000,DBC
2006-12-01,20.429752349853516,25.770000457763672,25.950000762939453,25.639999389648438,25.850000381469727,295800,DBC
2006-12-04,20.33461570739746,25.649999618530273,25.799999237060547,25.40999984741211,25.799999237060547,249000,DBC
2006-12-05,20.398038864135742,25.729999542236328,25.8799991607666,25.40999984741211,25.790000915527344,161900,DBC
2006-12-06,20.128494262695312,25.389999389648438,25.579999923706055,25.299999237060547,25.440000534057617,227700,DBC
2006-12-07,20.057147979736328,25.299999237060547,25.3799991607666,25.079999923706055,25.280000686645508,137000,DBC
2006-12-08,19.898590087890625,25.100000381469727,25.5,25.100000381469727,25.399999618530273,231100,DBC
2006-12-11,19.9303035736084,25.139999389648438,25.260000228881836,24.979999542236328,25.100000381469727,321000,DBC
2006-12-12,19.898590087890625,25.100000381469727,25.290000915527344,25.0,25.1200008392334,114500,DBC
2006-12-13,19.906522750854492,25.110000610351562,25.1299991607666,24.950000762939453,25.0,126400,DBC
2006-12-14,20.136423110961914,25.399999618530273,25.549999237060547,25.25,25.350000381469727,190500,DBC
2006-12-15,20.23155975341797,25.520000457763672,25.520000457763672,25.25,25.5,233700,DBC
2006-12-18,19.874195098876953,24.469999313354492,24.65999984741211,24.25,24.6299991607666,250200,DBC
2006-12-19,20.10972785949707,24.760000228881836,24.780000686645508,24.190000534057617,24.389999389648438,294800,DBC
2006-12-20,20.150339126586914,24.809999465942383,24.8799991607666,24.68000030517578,24.770000457763672,313500,DBC
2006-12-21,19.947290420532227,24.559999465942383,24.850000381469727,24.469999313354492,24.850000381469727,285100,DBC
2006-12-22,20.101608276367188,24.75,24.899999618530273,24.579999923706055,24.65999984741211,202900,DBC
2006-12-26,19.792978286743164,24.3700008392334,24.8799991607666,24.309999465942383,24.829999923706055,210500,DBC
2006-12-27,19.73612403869629,24.299999237060547,24.559999465942383,24.299999237060547,24.5,152200,DBC
2006-12-28,19.8823184967041,24.479999542236328,24.579999923706055,24.329999923706055,24.469999313354492,319600,DBC
2006-12-29,19.963537216186523,24.579999923706055,24.639999389648438,24.25,24.420000076293945,276300,DBC
2007-01-03,19.33003044128418,23.799999237060547,24.34000015258789,23.68000030517578,24.270000457763672,746800,DBC
2007-01-04,18.82647705078125,23.18000030517578,23.700000762939453,23.059999465942383,23.549999237060547,428900,DBC
2007-01-05,18.761503219604492,23.100000381469727,23.350000381469727,22.850000381469727,23.049999237060547,369800,DBC
2007-01-08,18.858963012695312,23.219999313354492,23.559999465942383,22.989999771118164,23.5,275200,DBC
2007-01-09,18.6965274810791,23.020000457763672,23.139999389648438,22.479999542236328,22.649999618530273,675600,DBC
2007-01-10,18.420379638671875,22.68000030517578,22.940000534057617,22.6200008392334,22.829999923706055,285900,DBC
2007-01-11,18.396018981933594,22.649999618530273,23.0,22.299999237060547,22.600000381469727,489700,DBC
2007-01-12,18.82647705078125,23.18000030517578,23.200000762939453,22.5,22.649999618530273,324300,DBC
2007-01-16,18.396018981933594,22.649999618530273,23.100000381469727,22.350000381469727,23.049999237060547,467900,DBC
2007-01-17,18.558454513549805,22.850000381469727,22.920000076293945,22.360000610351562,22.549999237060547,291200,DBC
2007-01-18,18.3635311126709,22.610000610351562,23.040000915527344,22.399999618530273,22.950000762939453,409700,DBC
2007-01-19,18.63967514038086,22.950000762939453,22.979999542236328,22.399999618530273,22.899999618530273,226700,DBC
2007-01-22,18.65591812133789,22.969999313354492,23.299999237060547,22.700000762939453,23.079999923706055,303400,DBC
2007-01-23,19.24881362915039,23.700000762939453,23.700000762939453,23.059999465942383,23.200000762939453,483800,DBC
2007-01-24,19.08637809753418,23.5,23.6299991607666,23.18000030517578,23.549999237060547,279000,DBC
2007-01-25,18.915817260742188,23.290000915527344,23.700000762939453,23.280000686645508,23.59000015258789,366200,DBC
2007-01-26,19.151350021362305,23.579999923706055,23.600000381469727,23.350000381469727,23.479999542236328,304000,DBC
2007-01-29,18.761503219604492,23.100000381469727,23.450000762939453,22.989999771118164,23.399999618530273,367400,DBC
2007-01-30,19.281301498413086,23.739999771118164,23.75,23.049999237060547,23.100000381469727,346900,DBC
2007-01-31,19.484346389770508,23.989999771118164,24.010000228881836,23.5,23.68000030517578,298400,DBC
2007-02-01,19.4112491607666,23.899999618530273,24.299999237060547,23.809999465942383,24.149999618530273,410000,DBC
2007-02-02,19.663028717041016,24.209999084472656,24.209999084472656,23.68000030517578,23.84000015258789,212800,DBC
2007-02-05,19.598051071166992,24.1299991607666,24.399999618530273,24.0,24.3700008392334,271500,DBC
2007-02-06,19.500587463378906,24.010000228881836,24.25,23.8700008392334,24.239999771118164,473500,DBC
2007-02-07,19.265058517456055,23.719999313354492,24.100000381469727,23.610000610351562,23.950000762939453,179500,DBC
2007-02-08,19.711759567260742,24.270000457763672,24.299999237060547,23.649999618530273,23.649999618530273,178200,DBC
2007-02-09,19.833585739135742,24.420000076293945,24.540000915527344,24.239999771118164,24.399999618530273,164000,DBC
2007-02-12,19.459980010986328,23.959999084472656,24.270000457763672,23.850000381469727,24.200000762939453,209200,DBC
2007-02-13,19.81734275817871,24.399999618530273,24.469999313354492,24.100000381469727,24.139999389648438,205800,DBC
2007-02-14,19.5493221282959,24.06999969482422,24.459999084472656,23.950000762939453,24.3799991607666,383800,DBC
2007-02-15,19.5493221282959,24.06999969482422,24.1299991607666,23.799999237060547,24.1299991607666,191400,DBC
2007-02-16,19.890439987182617,24.489999771118164,24.5,24.010000228881836,24.079999923706055,155700,DBC
2007-02-20,19.67115020751953,24.219999313354492,24.229999542236328,23.8799991607666,24.1299991607666,201100,DBC
2007-02-21,20.09348487854004,24.739999771118164,24.829999923706055,24.149999618530273,24.270000457763672,332500,DBC
2007-02-22,20.36962890625,25.079999923706055,25.149999618530273,24.770000457763672,24.850000381469727,260500,DBC
2007-02-23,20.49957847595215,25.239999771118164,25.420000076293945,25.139999389648438,25.280000686645508,527700,DBC
2007-02-26,20.55643081665039,25.309999465942383,25.489999771118164,25.200000762939453,25.399999618530273,555500,DBC
2007-02-27,20.16658592224121,24.829999923706055,25.34000015258789,24.760000228881836,25.030000686645508,192300,DBC
2007-02-28,20.475210189819336,25.209999084472656,25.299999237060547,24.770000457763672,25.010000228881836,324900,DBC
2007-03-01,20.329021453857422,25.030000686645508,25.170000076293945,24.889999389648438,25.110000610351562,169100,DBC
2007-03-02,20.1422176361084,24.799999237060547,25.059999465942383,24.639999389648438,24.8799991607666,295700,DBC
2007-03-05,19.84170913696289,24.43000030517578,24.579999923706055,24.15999984741211,24.260000228881836,658600,DBC
2007-03-06,20.02851104736328,24.65999984741211,24.75,24.469999313354492,24.65999984741211,143300,DBC
2007-03-07,20.304656982421875,25.0,25.049999237060547,24.690000534057617,24.770000457763672,533600,DBC
2007-03-08,20.33714485168457,25.040000915527344,25.170000076293945,24.899999618530273,25.15999984741211,261400,DBC
2007-03-09,20.069120407104492,24.709999084472656,25.09000015258789,24.600000381469727,25.079999923706055,261700,DBC
2007-03-12,19.8823184967041,24.479999542236328,24.600000381469727,24.34000015258789,24.59000015258789,143700,DBC
2007-03-13,19.728002548217773,24.290000915527344,24.700000762939453,24.18000030517578,24.56999969482422,248600,DBC
2007-03-14,19.768611907958984,24.34000015258789,24.34000015258789,24.040000915527344,24.219999313354492,179100,DBC
2007-03-15,19.64678382873535,24.190000534057617,24.459999084472656,24.100000381469727,24.459999084472656,165300,DBC
2007-03-16,19.69551658630371,24.25,24.56999969482422,24.040000915527344,24.25,242300,DBC
2007-03-19,19.792978286743164,24.3700008392334,24.399999618530273,24.209999084472656,24.260000228881836,148000,DBC
2007-03-20,19.81734275817871,24.399999618530273,24.440000534057617,24.200000762939453,24.299999237060547,217900,DBC
2007-03-21,19.849830627441406,24.440000534057617,24.459999084472656,24.149999618530273,24.280000686645508,156200,DBC
2007-03-22,20.17470359802246,24.84000015258789,24.84000015258789,24.469999313354492,24.469999313354492,252300,DBC
2007-03-23,20.18282699584961,24.850000381469727,24.969999313354492,24.709999084472656,24.850000381469727,190000,DBC
2007-03-26,20.272167205810547,24.959999084472656,25.0,24.799999237060547,24.920000076293945,182800,DBC
2007-03-27,20.329021453857422,25.030000686645508,25.030000686645508,24.799999237060547,24.899999618530273,418400,DBC
2007-03-28,20.52394676208496,25.270000457763672,25.399999618530273,25.15999984741211,25.350000381469727,261300,DBC
2007-03-29,20.921916961669922,25.760000228881836,25.81999969482422,25.260000228881836,25.40999984741211,348800,DBC
2007-03-30,20.613283157348633,25.3799991607666,25.700000762939453,25.299999237060547,25.700000762939453,171000,DBC
2007-04-02,20.41023826599121,25.1299991607666,25.3700008392334,24.860000610351562,25.010000228881836,296700,DBC
2007-04-03,20.329021453857422,25.030000686645508,25.170000076293945,24.850000381469727,25.170000076293945,370600,DBC
2007-04-04,20.55643081665039,25.309999465942383,25.360000610351562,24.90999984741211,24.989999771118164,122000,DBC
2007-04-05,20.597042083740234,25.360000610351562,25.43000030517578,25.229999542236328,25.3799991607666,219100,DBC
2007-04-09,20.385873794555664,25.100000381469727,25.639999389648438,25.0,25.549999237060547,301000,DBC
2007-04-10,20.670141220092773,25.450000762939453,25.510000228881836,25.09000015258789,25.31999969482422,231300,DBC
2007-04-11,20.637651443481445,25.40999984741211,25.549999237060547,24.799999237060547,25.440000534057617,340600,DBC
2007-04-12,20.759477615356445,25.559999465942383,25.579999923706055,25.260000228881836,25.469999313354492,100400,DBC
2007-04-13,20.873186111450195,25.700000762939453,25.799999237060547,25.530000686645508,25.729999542236328,230500,DBC
2007-04-16,20.710750579833984,25.5,25.739999771118164,25.399999618530273,25.729999542236328,161100,DBC
2007-04-17,20.49957847595215,25.239999771118164,25.68000030517578,25.1200008392334,25.56999969482422,196900,DBC
2007-04-18,20.507701873779297,25.25,25.31999969482422,25.030000686645508,25.079999923706055,173400,DBC
2007-04-19,20.450849533081055,25.18000030517578,25.299999237060547,25.049999237060547,25.200000762939453,271500,DBC
2007-04-20,20.73511505126953,25.530000686645508,25.530000686645508,25.190000534057617,25.280000686645508,199400,DBC
2007-04-23,20.873186111450195,25.700000762939453,25.700000762939453,25.25,25.290000915527344,252700,DBC
2007-04-24,20.58892250061035,25.350000381469727,25.649999618530273,25.200000762939453,25.59000015258789,204700,DBC
2007-04-25,20.99501609802246,25.850000381469727,25.950000762939453,25.450000762939453,25.450000762939453,207000,DBC
2007-04-26,20.84882164001465,25.670000076293945,25.889999389648438,25.479999542236328,25.68000030517578,635300,DBC
2007-04-27,20.954404830932617,25.799999237060547,25.799999237060547,25.459999084472656,25.459999084472656,216900,DBC
2007-04-30,20.767602920532227,25.56999969482422,25.799999237060547,25.5,25.649999618530273,172200,DBC
2007-05-01,20.808212280273438,25.6200008392334,25.739999771118164,25.450000762939453,25.600000381469727,178400,DBC
2007-05-02,20.64577293395996,25.420000076293945,25.6299991607666,25.209999084472656,25.6299991607666,303600,DBC
2007-05-03,20.743234634399414,25.540000915527344,25.540000915527344,25.25,25.420000076293945,210800,DBC
2007-05-04,20.702627182006836,25.489999771118164,25.700000762939453,25.31999969482422,25.549999237060547,166800,DBC
2007-05-07,20.605165481567383,25.3700008392334,25.459999084472656,25.18000030517578,25.299999237060547,226100,DBC
2007-05-08,20.475210189819336,25.209999084472656,25.209999084472656,25.0,25.059999465942383,189100,DBC
2007-05-09,20.36962890625,25.079999923706055,25.149999618530273,24.799999237060547,25.079999923706055,252300,DBC
2007-05-10,20.288410186767578,24.979999542236328,25.110000610351562,24.860000610351562,25.100000381469727,245400,DBC
2007-05-11,20.58892250061035,25.350000381469727,25.360000610351562,24.989999771118164,25.010000228881836,204600,DBC
2007-05-14,20.515823364257812,25.260000228881836,25.3700008392334,25.149999618530273,25.329999923706055,443700,DBC
2007-05-15,20.718870162963867,25.510000228881836,25.530000686645508,25.040000915527344,25.079999923706055,448800,DBC
2007-05-16,20.515823364257812,25.260000228881836,25.40999984741211,25.059999465942383,25.40999984741211,287400,DBC
2007-05-17,20.686382293701172,25.469999313354492,25.489999771118164,25.190000534057617,25.260000228881836,197800,DBC
2007-05-18,20.653894424438477,25.43000030517578,25.549999237060547,25.329999923706055,25.489999771118164,186600,DBC
2007-05-21,20.856943130493164,25.68000030517578,25.739999771118164,25.31999969482422,25.450000762939453,281100,DBC
2007-05-22,20.55643081665039,25.309999465942383,25.540000915527344,25.25,25.540000915527344,181200,DBC
2007-05-23,20.653894424438477,25.43000030517578,25.440000534057617,25.18000030517578,25.360000610351562,251500,DBC
2007-05-24,20.540189743041992,25.290000915527344,25.549999237060547,25.190000534057617,25.40999984741211,258000,DBC
2007-05-25,20.791967391967773,25.600000381469727,25.610000610351562,25.309999465942383,25.40999984741211,162600,DBC
2007-05-29,20.33714485168457,25.040000915527344,25.3700008392334,24.920000076293945,25.25,211600,DBC
2007-05-30,20.532068252563477,25.280000686645508,25.34000015258789,25.0,25.0,292800,DBC
2007-05-31,20.718870162963867,25.510000228881836,25.520000457763672,25.229999542236328,25.329999923706055,323700,DBC
2007-06-01,20.873186111450195,25.700000762939453,25.780000686645508,25.389999389648438,25.43000030517578,294500,DBC
2007-06-04,21.059988021850586,25.93000030517578,26.0,25.75,25.760000228881836,408200,DBC
2007-06-05,20.978769302368164,25.829999923706055,25.979999542236328,25.739999771118164,25.760000228881836,325000,DBC
2007-06-06,20.970645904541016,25.81999969482422,25.889999389648438,25.610000610351562,25.850000381469727,208200,DBC
2007-06-07,21.07623291015625,25.950000762939453,26.06999969482422,25.700000762939453,25.700000762939453,291800,DBC
2007-06-08,20.702627182006836,25.489999771118164,25.739999771118164,25.389999389648438,25.65999984741211,909800,DBC
2007-06-11,21.100597381591797,25.979999542236328,26.030000686645508,25.559999465942383,25.739999771118164,138100,DBC
2007-06-12,21.043745040893555,25.90999984741211,25.920000076293945,25.729999542236328,25.84000015258789,124400,DBC
2007-06-13,21.311765670776367,26.239999771118164,26.290000915527344,25.690000534057617,25.709999084472656,395000,DBC
2007-06-14,21.514812469482422,26.489999771118164,26.59000015258789,26.290000915527344,26.40999984741211,2681200,DBC
2007-06-15,21.644765853881836,26.649999618530273,26.649999618530273,26.389999389648438,26.440000534057617,321500,DBC
2007-06-18,21.644765853881836,26.649999618530273,26.729999542236328,26.5,26.729999542236328,259600,DBC
2007-06-19,21.433591842651367,26.389999389648438,26.690000534057617,26.299999237060547,26.600000381469727,347400,DBC
2007-06-20,21.45796012878418,26.420000076293945,26.420000076293945,26.18000030517578,26.31999969482422,247600,DBC
2007-06-21,21.360496520996094,26.299999237060547,26.520000457763672,26.06999969482422,26.469999313354492,238100,DBC
2007-06-22,21.311765670776367,26.239999771118164,26.31999969482422,26.0,26.260000228881836,783200,DBC
2007-06-25,21.230546951293945,26.139999389648438,26.190000534057617,25.780000686645508,25.920000076293945,397300,DBC
2007-06-26,20.98689079284668,25.84000015258789,26.0,25.719999313354492,25.959999084472656,283000,DBC
2007-06-27,20.954404830932617,25.799999237060547,25.940000534057617,25.59000015258789,25.809999465942383,219300,DBC
2007-06-28,20.88943099975586,25.719999313354492,25.8700008392334,25.65999984741211,25.850000381469727,280700,DBC
2007-06-29,20.873186111450195,25.700000762939453,26.059999465942383,25.649999618530273,25.75,258100,DBC
2007-07-02,21.00313377380371,25.860000610351562,26.049999237060547,25.559999465942383,26.049999237060547,810100,DBC
2007-07-03,21.02750015258789,25.889999389648438,26.040000915527344,25.809999465942383,26.040000915527344,185500,DBC
2007-07-05,21.22242546081543,26.1299991607666,26.149999618530273,25.850000381469727,26.020000457763672,250500,DBC
2007-07-06,21.401105880737305,26.350000381469727,26.350000381469727,26.110000610351562,26.290000915527344,332500,DBC
2007-07-09,21.352375030517578,26.290000915527344,26.3700008392334,26.18000030517578,26.280000686645508,156000,DBC
2007-07-10,21.506689071655273,26.479999542236328,26.520000457763672,26.190000534057617,26.200000762939453,228400,DBC
2007-07-11,21.555421829223633,26.540000915527344,26.6299991607666,26.329999923706055,26.34000015258789,194400,DBC
2007-07-12,21.612276077270508,26.610000610351562,26.709999084472656,26.3799991607666,26.6299991607666,282400,DBC
2007-07-13,21.644765853881836,26.649999618530273,26.649999618530273,26.479999542236328,26.610000610351562,168200,DBC
2007-07-16,21.26303482055664,26.18000030517578,26.520000457763672,26.09000015258789,26.520000457763672,316800,DBC
2007-07-17,21.13308334350586,26.020000457763672,26.329999923706055,25.8799991607666,26.239999771118164,423200,DBC
2007-07-18,21.376739501953125,26.31999969482422,26.34000015258789,25.969999313354492,26.030000686645508,230600,DBC
2007-07-19,21.44983673095703,26.40999984741211,26.489999771118164,26.280000686645508,26.329999923706055,107600,DBC
2007-07-20,21.441713333129883,26.399999618530273,26.510000228881836,26.290000915527344,26.399999618530273,252200,DBC
2007-07-23,21.344255447387695,26.280000686645508,26.280000686645508,26.059999465942383,26.270000457763672,220300,DBC
2007-07-24,21.18181610107422,26.079999923706055,26.280000686645508,26.0,26.1200008392334,189600,DBC
2007-07-25,21.368619918823242,26.309999465942383,26.309999465942383,25.8700008392334,26.139999389648438,274200,DBC
2007-07-26,21.14120864868164,26.030000686645508,26.399999618530273,25.81999969482422,26.31999969482422,227400,DBC
2007-07-27,21.344255447387695,26.280000686645508,26.290000915527344,25.940000534057617,26.030000686645508,283200,DBC
2007-07-30,21.100597381591797,25.979999542236328,26.229999542236328,25.8700008392334,26.149999618530273,181900,DBC
2007-07-31,21.271156311035156,26.190000534057617,26.450000762939453,26.09000015258789,26.209999084472656,388600,DBC
2007-08-01,21.23866844177246,26.149999618530273,26.309999465942383,25.81999969482422,26.190000534057617,465000,DBC
2007-08-02,21.271156311035156,26.190000534057617,26.299999237060547,26.040000915527344,26.149999618530273,188200,DBC
2007-08-03,21.03562355041504,25.899999618530273,26.200000762939453,25.899999618530273,26.200000762939453,141400,DBC
2007-08-06,20.743234634399414,25.540000915527344,25.729999542236328,25.280000686645508,25.68000030517578,267900,DBC
2007-08-07,20.856943130493164,25.68000030517578,25.739999771118164,25.360000610351562,25.399999618530273,168600,DBC
2007-08-08,20.824453353881836,25.639999389648438,25.850000381469727,25.540000915527344,25.600000381469727,174000,DBC
2007-08-09,20.662017822265625,25.440000534057617,25.75,25.329999923706055,25.469999313354492,287500,DBC
2007-08-10,20.73511505126953,25.530000686645508,25.540000915527344,24.979999542236328,25.1200008392334,462400,DBC
2007-08-13,20.58892250061035,25.350000381469727,25.700000762939453,25.280000686645508,25.65999984741211,162200,DBC
2007-08-14,20.653894424438477,25.43000030517578,26.329999923706055,25.25,26.0,169800,DBC
2007-08-15,20.808212280273438,25.6200008392334,25.809999465942383,25.399999618530273,25.579999923706055,313100,DBC
2007-08-16,20.450849533081055,25.18000030517578,25.18000030517578,24.6299991607666,25.06999969482422,455900,DBC
2007-08-17,20.43460464477539,25.15999984741211,25.350000381469727,23.6200008392334,24.280000686645508,375000,DBC
2007-08-20,20.491458892822266,25.229999542236328,25.239999771118164,24.940000534057617,25.020000457763672,269900,DBC
2007-08-21,20.45897102355957,25.190000534057617,25.40999984741211,25.030000686645508,25.149999618530273,315800,DBC
2007-08-22,20.507701873779297,25.25,25.31999969482422,25.059999465942383,25.200000762939453,190200,DBC
2007-08-23,20.572675704956055,25.329999923706055,25.549999237060547,25.18000030517578,25.5,281600,DBC
2007-08-24,20.81633186340332,25.6299991607666,25.6299991607666,25.309999465942383,25.350000381469727,175100,DBC
2007-08-27,20.840700149536133,25.65999984741211,25.690000534057617,25.25,25.31999969482422,102300,DBC
2007-08-28,20.62140655517578,25.389999389648438,25.6200008392334,25.260000228881836,25.6200008392334,112200,DBC
2007-08-29,20.81633186340332,25.6299991607666,25.639999389648438,25.389999389648438,25.389999389648438,264700,DBC
2007-08-30,20.856943130493164,25.68000030517578,26.389999389648438,25.440000534057617,26.389999389648438,182500,DBC
2007-08-31,20.865062713623047,25.690000534057617,26.0,25.549999237060547,26.0,122500,DBC
2007-09-04,21.100597381591797,25.979999542236328,26.09000015258789,25.690000534057617,25.790000915527344,305200,DBC
2007-09-05,21.14120864868164,26.030000686645508,26.100000381469727,25.799999237060547,25.979999542236328,222100,DBC
2007-09-06,21.059988021850586,25.93000030517578,26.049999237060547,25.799999237060547,25.90999984741211,214500,DBC
2007-09-07,21.198062896728516,26.100000381469727,26.110000610351562,25.8799991607666,25.989999771118164,149200,DBC
2007-09-10,21.344255447387695,26.280000686645508,26.31999969482422,25.809999465942383,26.020000457763672,154200,DBC
2007-09-11,21.39298439025879,26.34000015258789,26.360000610351562,25.979999542236328,26.15999984741211,117200,DBC
2007-09-12,21.62039566040039,26.6200008392334,26.65999984741211,26.270000457763672,26.329999923706055,207600,DBC
2007-09-13,21.45796012878418,26.420000076293945,26.68000030517578,26.31999969482422,26.549999237060547,468600,DBC
2007-09-14,21.47420310974121,26.440000534057617,26.600000381469727,26.329999923706055,26.389999389648438,191900,DBC
2007-09-17,21.725982666015625,26.75,26.75,26.469999313354492,26.56999969482422,124300,DBC
2007-09-18,21.807201385498047,26.850000381469727,26.899999618530273,26.479999542236328,26.549999237060547,229600,DBC
2007-09-19,21.99400520324707,27.079999923706055,27.079999923706055,26.799999237060547,26.940000534057617,243600,DBC
2007-09-20,22.335121154785156,27.5,27.5,27.06999969482422,27.149999618530273,519300,DBC
2007-09-21,22.48943519592285,27.690000534057617,27.690000534057617,27.40999984741211,27.59000015258789,255500,DBC
2007-09-24,22.44882583618164,27.639999389648438,27.790000915527344,27.510000228881836,27.6299991607666,181800,DBC
2007-09-25,22.28639030456543,27.440000534057617,27.549999237060547,27.280000686645508,27.309999465942383,177500,DBC
2007-09-26,22.31887435913086,27.479999542236328,27.600000381469727,27.170000076293945,27.540000915527344,217500,DBC
2007-09-27,22.903654098510742,28.200000762939453,28.200000762939453,27.639999389648438,28.190000534057617,249200,DBC
2007-09-28,22.830556869506836,28.110000610351562,28.270000457763672,27.889999389648438,28.25,467400,DBC
2007-10-01,22.59501838684082,27.81999969482422,28.989999771118164,27.639999389648438,28.989999771118164,196500,DBC
2007-10-02,22.14019775390625,27.260000228881836,27.6299991607666,27.139999389648438,27.559999465942383,218300,DBC
2007-10-03,22.164562225341797,27.290000915527344,27.649999618530273,27.110000610351562,27.649999618530273,159400,DBC
2007-10-04,22.47319221496582,27.670000076293945,27.68000030517578,27.100000381469727,27.270000457763672,273800,DBC
2007-10-05,22.538166046142578,27.75,27.760000228881836,27.450000762939453,27.540000915527344,167800,DBC
2007-10-08,22.067096710205078,27.170000076293945,28.489999771118164,27.0,28.489999771118164,193100,DBC
2007-10-09,22.221416473388672,27.360000610351562,27.520000457763672,27.059999465942383,27.059999465942383,242600,DBC
2007-10-10,22.481313705444336,27.68000030517578,27.690000534057617,27.350000381469727,27.510000228881836,307200,DBC
2007-10-11,22.733089447021484,27.989999771118164,28.670000076293945,27.540000915527344,28.670000076293945,204300,DBC
2007-10-12,22.83867645263672,28.1200008392334,28.170000076293945,27.889999389648438,28.0,164900,DBC
2007-10-15,23.228525161743164,28.600000381469727,28.600000381469727,28.25,28.350000381469727,156700,DBC
2007-10-16,23.252891540527344,28.6299991607666,28.639999389648438,28.329999923706055,28.3799991607666,290400,DBC
2007-10-17,23.131061553955078,28.479999542236328,28.68000030517578,28.3799991607666,28.68000030517578,254100,DBC
2007-10-18,23.545278549194336,28.989999771118164,29.030000686645508,28.59000015258789,28.59000015258789,337500,DBC
2007-10-19,23.480304718017578,28.90999984741211,29.010000228881836,28.770000457763672,28.940000534057617,228600,DBC
2007-10-22,23.415327072143555,28.829999923706055,28.920000076293945,28.469999313354492,28.649999618530273,293700,DBC
2007-10-23,23.252891540527344,28.6299991607666,28.959999084472656,28.489999771118164,28.940000534057617,1101600,DBC
2007-10-24,23.3341121673584,28.729999542236328,28.860000610351562,28.5,28.5,212900,DBC
2007-10-25,23.878273010253906,29.399999618530273,29.399999618530273,28.8799991607666,28.950000762939453,332500,DBC
2007-10-26,24.243759155273438,29.850000381469727,29.8700008392334,29.559999465942383,29.700000762939453,633700,DBC
2007-10-29,24.641727447509766,30.34000015258789,30.34000015258789,29.93000030517578,30.0,435700,DBC
2007-10-30,24.08944320678711,29.65999984741211,30.040000915527344,29.56999969482422,30.0,283000,DBC
2007-10-31,24.771678924560547,30.5,30.5,29.780000686645508,29.889999389648438,401400,DBC
2007-11-01,24.454927444458008,30.110000610351562,30.280000686645508,29.84000015258789,30.280000686645508,378300,DBC
2007-11-02,24.982847213745117,30.760000228881836,30.760000228881836,30.200000762939453,30.31999969482422,205100,DBC
2007-11-05,24.820409774780273,30.559999465942383,31.270000457763672,30.139999389648438,31.25,368800,DBC
2007-11-06,25.47015953063965,31.360000610351562,31.520000457763672,30.770000457763672,31.520000457763672,447600,DBC
2007-11-07,25.3402099609375,31.200000762939453,33.0,30.799999237060547,33.0,510100,DBC
2007-11-08,25.275238037109375,31.1200008392334,31.639999389648438,30.940000534057617,31.639999389648438,471700,DBC
2007-11-09,25.267112731933594,31.110000610351562,31.34000015258789,30.5,30.5,371300,DBC
2007-11-12,24.71482276916504,30.43000030517578,30.90999984741211,30.229999542236328,30.5,981100,DBC
2007-11-13,24.243759155273438,29.850000381469727,30.450000762939453,29.709999084472656,30.43000030517578,3017500,DBC
2007-11-14,24.787921905517578,30.520000457763672,30.59000015258789,29.940000534057617,29.940000534057617,260300,DBC
2007-11-15,24.544265747070312,30.219999313354492,30.3700008392334,29.969999313354492,30.3700008392334,340300,DBC
2007-11-16,24.625486373901367,30.31999969482422,30.649999618530273,30.209999084472656,30.649999618530273,179600,DBC
2007-11-19,24.812288284301758,30.549999237060547,30.59000015258789,30.209999084472656,30.299999237060547,527300,DBC
2007-11-20,25.429548263549805,31.309999465942383,31.34000015258789,30.68000030517578,30.81999969482422,569100,DBC
2007-11-21,25.462039947509766,31.350000381469727,31.3700008392334,30.799999237060547,30.799999237060547,734500,DBC
2007-11-23,25.69757080078125,31.639999389648438,31.670000076293945,31.139999389648438,31.579999923706055,499300,DBC
2007-11-26,25.38081932067871,31.25,31.780000686645508,31.25,31.549999237060547,400800,DBC
2007-11-27,25.177772521972656,31.0,31.700000762939453,30.84000015258789,31.700000762939453,370600,DBC
2007-11-28,24.869140625,30.6200008392334,31.530000686645508,30.31999969482422,30.969999313354492,766000,DBC
2007-11-29,24.925996780395508,30.690000534057617,30.889999389648438,30.5,30.739999771118164,195800,DBC
2007-11-30,24.61736297607422,30.309999465942383,30.719999313354492,30.190000534057617,30.25,352300,DBC
2007-12-03,24.796043395996094,30.530000686645508,30.559999465942383,30.020000457763672,30.3799991607666,320900,DBC
2007-12-04,24.909751892089844,30.670000076293945,30.670000076293945,30.34000015258789,30.489999771118164,494200,DBC
2007-12-05,24.72294807434082,30.440000534057617,30.940000534057617,30.309999465942383,30.860000610351562,437800,DBC
2007-12-06,25.169649124145508,30.989999771118164,30.989999771118164,30.209999084472656,30.209999084472656,293200,DBC
2007-12-07,25.08843421936035,30.889999389648438,31.700000762939453,30.510000228881836,31.700000762939453,401100,DBC
2007-12-10,25.072185516357422,30.8700008392334,31.190000534057617,30.690000534057617,31.030000686645508,539500,DBC
2007-12-11,25.29147720336914,31.139999389648438,31.280000686645508,30.899999618530273,31.0,275100,DBC
2007-12-12,25.981836318969727,31.989999771118164,32.18000030517578,31.25,31.5,444500,DBC
2007-12-13,25.705692291259766,31.649999618530273,32.06999969482422,31.469999313354492,32.06999969482422,274900,DBC
2007-12-14,25.527013778686523,31.43000030517578,31.600000381469727,31.290000915527344,31.56999969482422,294300,DBC
2007-12-17,25.402164459228516,30.520000457763672,31.549999237060547,30.239999771118164,31.549999237060547,294000,DBC
2007-12-18,25.293962478637695,30.389999389648438,30.8799991607666,30.110000610351562,30.59000015258789,311200,DBC
2007-12-19,25.535335540771484,30.68000030517578,30.84000015258789,30.420000076293945,30.469999313354492,269600,DBC
2007-12-20,25.427133560180664,30.549999237060547,30.700000762939453,30.40999984741211,30.600000381469727,334900,DBC
2007-12-21,25.72676658630371,30.90999984741211,30.989999771118164,30.559999465942383,30.59000015258789,280300,DBC
2007-12-24,25.918197631835938,31.139999389648438,31.139999389648438,30.059999465942383,30.219999313354492,472000,DBC
2007-12-26,26.226154327392578,31.510000228881836,31.559999465942383,31.149999618530273,31.25,188500,DBC
2007-12-27,26.31770896911621,31.6200008392334,31.729999542236328,31.399999618530273,31.399999618530273,880700,DBC
2007-12-28,26.23447608947754,31.520000457763672,31.8799991607666,31.420000076293945,31.639999389648438,264300,DBC
2007-12-31,26.267770767211914,31.559999465942383,31.639999389648438,31.239999771118164,31.639999389648438,244000,DBC
2008-01-02,26.99188232421875,32.43000030517578,32.45000076293945,31.940000534057617,32.060001373291016,718900,DBC
2008-01-03,27.19995880126953,32.68000030517578,32.790000915527344,32.40999984741211,32.75,1108400,DBC
2008-01-04,27.041820526123047,32.4900016784668,32.56999969482422,32.08000183105469,32.56999969482422,581200,DBC
2008-01-07,26.550756454467773,31.899999618530273,32.439998626708984,31.65999984741211,32.22999954223633,664300,DBC
2008-01-08,26.792125701904297,32.189998626708984,32.4900016784668,32.09000015258789,32.29999923706055,429000,DBC
2008-01-09,26.525789260864258,31.8700008392334,32.369998931884766,31.799999237060547,32.33000183105469,749600,DBC
2008-01-10,26.400938034057617,31.719999313354492,31.760000228881836,31.399999618530273,31.649999618530273,452800,DBC
2008-01-11,26.642309188842773,32.0099983215332,32.11000061035156,31.399999618530273,31.65999984741211,667600,DBC
2008-01-14,26.975236892700195,32.40999984741211,32.5,32.189998626708984,32.400001525878906,835800,DBC
2008-01-15,26.642309188842773,32.0099983215332,32.2400016784668,31.770000457763672,32.16999816894531,472800,DBC
2008-01-16,26.392616271972656,31.709999084472656,31.850000381469727,31.200000762939453,31.81999969482422,1044300,DBC
2008-01-17,26.05136489868164,31.299999237060547,31.950000762939453,31.299999237060547,31.899999618530273,689800,DBC
2008-01-18,26.1512451171875,31.420000076293945,31.639999389648438,31.350000381469727,31.489999771118164,458100,DBC
2008-01-22,26.059690475463867,31.309999465942383,31.489999771118164,30.329999923706055,30.5,785400,DBC
2008-01-23,25.568628311157227,30.719999313354492,31.190000534057617,30.540000915527344,31.06999969482422,695900,DBC
2008-01-24,26.20118522644043,31.479999542236328,31.510000228881836,30.84000015258789,30.84000015258789,709700,DBC
2008-01-25,26.783803939819336,32.18000030517578,32.599998474121094,31.719999313354492,31.989999771118164,1189100,DBC
2008-01-28,26.908653259277344,32.33000183105469,32.34000015258789,31.610000610351562,31.81999969482422,593400,DBC
2008-01-29,27.133371353149414,32.599998474121094,32.599998474121094,32.2599983215332,32.5099983215332,492000,DBC
2008-01-30,26.900327682495117,32.31999969482422,32.560001373291016,32.13999938964844,32.560001373291016,564500,DBC
2008-01-31,27.033498764038086,32.47999954223633,32.63999938964844,31.920000076293945,32.220001220703125,692200,DBC
2008-02-01,26.559078216552734,31.90999984741211,32.54999923706055,31.8700008392334,32.54999923706055,642600,DBC
2008-02-04,27.025175094604492,32.470001220703125,32.5099983215332,32.0,32.08000183105469,692400,DBC
2008-02-05,26.800451278686523,32.20000076293945,32.31999969482422,31.920000076293945,32.189998626708984,787500,DBC
2008-02-06,26.675601959228516,32.04999923706055,32.540000915527344,32.0,32.34000015258789,867300,DBC
2008-02-07,27.000202178955078,32.439998626708984,32.439998626708984,31.940000534057617,31.940000534057617,859400,DBC
2008-02-08,27.80755043029785,33.40999984741211,33.40999984741211,32.540000915527344,32.720001220703125,1069800,DBC
2008-02-11,27.99065589904785,33.630001068115234,33.630001068115234,33.08000183105469,33.290000915527344,1236600,DBC
2008-02-12,27.424684524536133,32.95000076293945,33.5,32.7599983215332,33.380001068115234,760000,DBC
2008-02-13,27.64940643310547,33.220001220703125,33.220001220703125,32.66999816894531,32.86000061035156,406600,DBC
2008-02-14,28.207056045532227,33.88999938964844,33.88999938964844,33.459999084472656,33.650001525878906,1015600,DBC
2008-02-15,28.073888778686523,33.72999954223633,34.150001525878906,33.5099983215332,33.939998626708984,995300,DBC
2008-02-19,28.989431381225586,34.83000183105469,34.869998931884766,34.400001525878906,34.47999954223633,919800,DBC
2008-02-20,29.139245986938477,35.0099983215332,35.04999923706055,34.4900016784668,34.540000915527344,706500,DBC
2008-02-21,28.98110580444336,34.81999969482422,35.16999816894531,34.599998474121094,34.95000076293945,565600,DBC
2008-02-22,29.380619049072266,35.29999923706055,35.349998474121094,34.54999923706055,34.9900016784668,555500,DBC
2008-02-25,29.663604736328125,35.63999938964844,35.650001525878906,34.9900016784668,35.25,923900,DBC
2008-02-26,30.296161651611328,36.400001525878906,36.40999984741211,35.20000076293945,35.56999969482422,1029300,DBC
2008-02-27,30.254539489746094,36.349998474121094,36.88999938964844,35.65999984741211,35.779998779296875,1344400,DBC
2008-02-28,30.545852661132812,36.70000076293945,36.709999084472656,36.20000076293945,36.43000030517578,1536000,DBC
2008-02-29,30.046464920043945,36.099998474121094,36.59000015258789,36.0099983215332,36.56999969482422,1079700,DBC
2008-03-03,30.48759651184082,36.630001068115234,37.04999923706055,36.40999984741211,36.939998626708984,1311900,DBC
2008-03-04,30.37939453125,36.5,36.849998474121094,35.400001525878906,36.84000015258789,1611900,DBC
2008-03-05,31.045238494873047,37.29999923706055,37.29999923706055,36.33000183105469,36.540000915527344,1009300,DBC
2008-03-06,31.278289794921875,37.58000183105469,37.630001068115234,36.810001373291016,37.369998931884766,1676900,DBC
2008-03-07,30.962007522583008,37.20000076293945,37.75,36.939998626708984,37.75,1497400,DBC
2008-03-10,31.54463005065918,37.900001525878906,37.9900016784668,36.31999969482422,37.0,1719600,DBC
2008-03-11,32.03569030761719,38.4900016784668,38.5,37.63999938964844,37.939998626708984,1474200,DBC
2008-03-12,32.38526153564453,38.90999984741211,38.95000076293945,37.849998474121094,38.45000076293945,1756900,DBC
2008-03-13,32.41856002807617,38.95000076293945,39.31999969482422,38.709999084472656,38.900001525878906,2624800,DBC
2008-03-14,32.37693786621094,38.900001525878906,39.27000045776367,38.25,39.04999923706055,1140300,DBC
2008-03-17,31.07853126525879,37.34000015258789,38.119998931884766,36.439998626708984,37.810001373291016,3062500,DBC
2008-03-18,31.769351959228516,38.16999816894531,38.290000915527344,37.36000061035156,37.75,1175300,DBC
2008-03-19,30.396038055419922,36.52000045776367,37.45000076293945,36.08000183105469,37.349998474121094,2186000,DBC
2008-03-20,29.172534942626953,35.04999923706055,35.939998626708984,30.75,34.869998931884766,3472500,DBC
2008-03-24,29.705215454101562,35.689998626708984,36.04999923706055,35.04999923706055,35.20000076293945,1459100,DBC
2008-03-25,30.004850387573242,36.04999923706055,36.40999984741211,35.7400016784668,36.220001220703125,1020800,DBC
2008-03-26,30.903751373291016,37.130001068115234,37.18000030517578,36.5,36.66999816894531,1394900,DBC
2008-03-27,31.2449951171875,37.540000915527344,37.630001068115234,36.84000015258789,37.0,2398300,DBC
2008-03-28,30.504240036010742,36.650001525878906,37.08000183105469,36.650001525878906,37.0099983215332,1129600,DBC
2008-03-31,29.771806716918945,35.77000045776367,37.939998626708984,35.45000076293945,37.439998626708984,1302500,DBC
2008-04-01,29.6053409576416,35.56999969482422,35.97999954223633,35.18000030517578,35.29999923706055,1282800,DBC
2008-04-02,30.48759651184082,36.630001068115234,36.65999984741211,35.119998931884766,35.119998931884766,814400,DBC
2008-04-03,30.654056549072266,36.83000183105469,36.869998931884766,36.279998779296875,36.45000076293945,552400,DBC
2008-04-04,30.870454788208008,37.09000015258789,37.22999954223633,36.61000061035156,36.810001373291016,825800,DBC
2008-04-07,31.203384399414062,37.4900016784668,37.93000030517578,37.36000061035156,37.720001220703125,1223600,DBC
2008-04-08,31.328224182128906,37.63999938964844,37.810001373291016,37.27000045776367,37.45000076293945,826900,DBC
2008-04-09,31.85258674621582,38.27000045776367,38.75,37.650001525878906,37.7400016784668,1277000,DBC
2008-04-10,31.711091995239258,38.099998474121094,38.790000915527344,37.939998626708984,38.7599983215332,1338600,DBC
2008-04-11,31.586246490478516,37.95000076293945,38.16999816894531,37.72999954223633,37.849998474121094,747400,DBC
2008-04-14,31.802642822265625,38.209999084472656,38.209999084472656,37.93000030517578,37.93000030517578,762000,DBC
2008-04-15,32.18550491333008,38.66999816894531,38.7599983215332,38.5,38.650001525878906,615700,DBC
2008-04-16,32.493465423583984,39.040000915527344,39.11000061035156,38.400001525878906,38.939998626708984,784500,DBC
2008-04-17,32.343650817871094,38.86000061035156,39.25,38.75,39.189998626708984,555800,DBC
2008-04-18,32.360294342041016,38.880001068115234,39.0,38.36000061035156,38.720001220703125,549200,DBC
2008-04-21,32.40190887451172,38.93000030517578,38.93000030517578,38.2400016784668,38.900001525878906,769300,DBC
2008-04-22,32.60166549682617,39.16999816894531,39.400001525878906,38.63999938964844,38.72999954223633,904600,DBC
2008-04-23,32.29370880126953,38.79999923706055,39.040000915527344,38.54999923706055,38.88999938964844,744300,DBC
2008-04-24,31.752708435058594,38.150001525878906,38.68000030517578,37.79999923706055,38.439998626708984,691800,DBC
2008-04-25,32.33531951904297,38.849998474121094,38.86000061035156,38.040000915527344,38.209999084472656,473700,DBC
2008-04-28,32.41023254394531,38.939998626708984,38.970001220703125,38.630001068115234,38.869998931884766,480500,DBC
2008-04-29,31.627853393554688,38.0,38.70000076293945,37.869998931884766,38.70000076293945,1231900,DBC
2008-04-30,31.569597244262695,37.93000030517578,38.15999984741211,37.439998626708984,38.0,1620800,DBC
2008-05-01,30.83716583251953,37.04999923706055,37.349998474121094,36.5,37.099998474121094,1700600,DBC
2008-05-02,31.619537353515625,37.9900016784668,38.02000045776367,37.04999923706055,37.04999923706055,1348400,DBC
2008-05-05,32.277061462402344,38.779998779296875,38.869998931884766,38.0099983215332,38.0099983215332,825500,DBC
2008-05-06,32.701541900634766,39.290000915527344,39.470001220703125,38.72999954223633,38.880001068115234,825700,DBC
2008-05-07,32.75980758666992,39.36000061035156,39.58000183105469,38.90999984741211,39.16999816894531,839600,DBC
2008-05-08,33.292484283447266,40.0,40.0,39.47999954223633,39.58000183105469,933100,DBC
2008-05-09,33.80851364135742,40.619998931884766,40.88999938964844,39.939998626708984,40.88999938964844,1035000,DBC
2008-05-12,33.234222412109375,39.93000030517578,40.619998931884766,39.79999923706055,40.619998931884766,557100,DBC
2008-05-13,33.41733169555664,40.150001525878906,40.41999816894531,39.75,40.040000915527344,700300,DBC
2008-05-14,32.87632751464844,39.5,40.27000045776367,39.5,40.27000045776367,631600,DBC
2008-05-15,33.25086975097656,39.95000076293945,40.16999816894531,39.119998931884766,40.029998779296875,723800,DBC
2008-05-16,33.73360824584961,40.529998779296875,40.709999084472656,40.04999923706055,40.439998626708984,1480100,DBC
2008-05-19,33.78355407714844,40.59000015258789,40.61000061035156,40.25,40.599998474121094,481400,DBC
2008-05-20,34.24964141845703,41.150001525878906,41.31999969482422,40.91999816894531,41.0,654300,DBC
2008-05-21,35.248416900634766,42.349998474121094,42.40999984741211,41.220001220703125,41.4900016784668,863900,DBC
2008-05-22,34.7407112121582,41.7400016784668,42.54999923706055,41.52000045776367,42.45000076293945,1280800,DBC
2008-05-23,34.80729293823242,41.81999969482422,42.220001220703125,41.529998779296875,42.189998626708984,478700,DBC
2008-05-27,34.24964141845703,41.150001525878906,41.61000061035156,40.900001525878906,41.61000061035156,1094000,DBC
2008-05-28,34.46604537963867,41.40999984741211,41.459999084472656,40.43000030517578,40.540000915527344,976600,DBC
2008-05-29,33.52553176879883,40.279998779296875,41.5099983215332,39.86000061035156,40.79999923706055,883300,DBC
2008-05-30,33.7502555847168,40.54999923706055,40.86000061035156,39.90999984741211,40.16999816894531,704800,DBC
2008-06-02,34.199703216552734,41.09000015258789,41.33000183105469,40.290000915527344,40.4900016784668,1013700,DBC
2008-06-03,33.392356872558594,40.119998931884766,40.79999923706055,40.060001373291016,40.72999954223633,684400,DBC
2008-06-04,32.89297103881836,39.52000045776367,40.04999923706055,39.5,39.90999984741211,797200,DBC
2008-06-05,34.14144515991211,41.02000045776367,41.16999816894531,39.349998474121094,39.52000045776367,1323900,DBC
2008-06-06,35.0153694152832,42.06999969482422,43.4900016784668,42.06999969482422,42.40999984741211,871600,DBC
2008-06-09,35.37326431274414,42.5,43.150001525878906,42.189998626708984,43.150001525878906,1567800,DBC
2008-06-10,35.23176956176758,42.33000183105469,43.4900016784668,42.0,43.4900016784668,868300,DBC
2008-06-11,36.53017807006836,43.88999938964844,44.2599983215332,42.810001373291016,42.81999969482422,938900,DBC
2008-06-12,36.52185821533203,43.880001068115234,44.09000015258789,42.65999984741211,43.650001525878906,1153800,DBC
2008-06-13,36.28880310058594,43.599998474121094,43.79999923706055,43.130001068115234,43.40999984741211,378600,DBC
2008-06-16,36.255516052246094,43.560001373291016,44.9900016784668,43.540000915527344,44.02000045776367,1116600,DBC
2008-06-17,36.621734619140625,44.0,44.119998931884766,43.560001373291016,43.75,669100,DBC
2008-06-18,37.12112045288086,44.599998474121094,44.599998474121094,43.63999938964844,44.36000061035156,540700,DBC
2008-06-19,36.255516052246094,43.560001373291016,44.630001068115234,43.369998931884766,44.630001068115234,1047100,DBC
2008-06-20,36.50520324707031,43.86000061035156,44.36000061035156,43.650001525878906,44.0,719600,DBC
2008-06-23,36.763221740722656,44.16999816894531,44.27000045776367,43.529998779296875,43.70000076293945,712600,DBC
2008-06-24,36.771549224853516,44.18000030517578,44.380001068115234,43.79999923706055,44.150001525878906,791800,DBC
2008-06-25,36.63005447387695,44.0099983215332,44.06999969482422,43.08000183105469,44.0,1180300,DBC
2008-06-26,37.84523391723633,45.470001220703125,45.5,44.630001068115234,44.66999816894531,959200,DBC
2008-06-27,37.94511032104492,45.59000015258789,45.95000076293945,45.36000061035156,45.68000030517578,826400,DBC
2008-06-30,37.27093505859375,44.779998779296875,45.93000030517578,44.779998779296875,45.93000030517578,1306200,DBC
2008-07-01,37.92845916748047,45.56999969482422,45.630001068115234,45.04999923706055,45.34000015258789,860600,DBC
2008-07-02,38.65257263183594,46.439998626708984,46.439998626708984,45.04999923706055,45.29999923706055,888000,DBC
2008-07-03,38.63592529296875,46.41999816894531,46.630001068115234,46.0099983215332,46.630001068115234,1058300,DBC
2008-07-07,38.111572265625,45.790000915527344,45.90999984741211,44.91999816894531,45.810001373291016,1137200,DBC
2008-07-08,36.72993850708008,44.130001068115234,44.779998779296875,43.689998626708984,44.45000076293945,1586500,DBC
2008-07-09,36.70496368408203,44.099998474121094,44.68000030517578,42.0,44.130001068115234,2332600,DBC
2008-07-10,37.703739166259766,45.29999923706055,45.29999923706055,44.4900016784668,44.54999923706055,970900,DBC
2008-07-11,38.228092193603516,45.93000030517578,46.5,45.290000915527344,46.31999969482422,707300,DBC
2008-07-14,38.24474334716797,45.95000076293945,45.959999084472656,45.52000045776367,45.84000015258789,449100,DBC
2008-07-15,37.02956771850586,44.4900016784668,45.869998931884766,43.75,45.68000030517578,4871400,DBC
2008-07-16,36.46359634399414,43.810001373291016,44.189998626708984,43.0,44.0,1380700,DBC
2008-07-17,35.60630416870117,42.779998779296875,44.119998931884766,42.43000030517578,43.56999969482422,1860900,DBC
2008-07-18,34.99872589111328,42.04999923706055,42.79999923706055,41.79999923706055,42.58000183105469,1249000,DBC
2008-07-21,35.42320251464844,42.560001373291016,42.560001373291016,41.869998931884766,42.150001525878906,1052100,DBC
2008-07-22,34.6491584777832,41.630001068115234,42.5,41.22999954223633,42.5,1411800,DBC
2008-07-23,33.86677551269531,40.689998626708984,41.400001525878906,40.41999816894531,40.95000076293945,2755700,DBC
2008-07-24,33.891754150390625,40.720001220703125,40.810001373291016,40.279998779296875,40.560001373291016,1381100,DBC
2008-07-25,33.46726989746094,40.209999084472656,40.650001525878906,40.08000183105469,40.61000061035156,752700,DBC
2008-07-28,33.63373565673828,40.40999984741211,41.61000061035156,40.38999938964844,40.38999938964844,830200,DBC
2008-07-29,33.25086975097656,39.95000076293945,40.88999938964844,39.599998474121094,40.849998474121094,1726200,DBC
2008-07-30,33.90839385986328,40.7400016784668,40.91999816894531,39.5,39.540000915527344,1344100,DBC
2008-07-31,33.62541198730469,40.400001525878906,41.52000045776367,39.880001068115234,41.13999938964844,937800,DBC
2008-08-01,33.25086975097656,39.95000076293945,40.810001373291016,39.349998474121094,39.38999938964844,773300,DBC
2008-08-04,32.152217864990234,38.630001068115234,40.13999938964844,37.95000076293945,39.90999984741211,1633800,DBC
2008-08-05,31.927490234375,38.36000061035156,38.86000061035156,38.09000015258789,38.33000183105469,1609300,DBC
2008-08-06,31.586246490478516,37.95000076293945,38.5099983215332,37.540000915527344,38.279998779296875,1373800,DBC
2008-08-07,31.761032104492188,38.15999984741211,38.45000076293945,37.93000030517578,37.93000030517578,949200,DBC
2008-08-08,30.870454788208008,37.09000015258789,37.77000045776367,36.86000061035156,37.63999938964844,1584700,DBC
2008-08-11,30.83716583251953,37.04999923706055,37.400001525878906,36.75,37.27000045776367,823000,DBC
2008-08-12,30.57082176208496,36.72999954223633,37.16999816894531,36.38999938964844,37.15999984741211,705300,DBC
2008-08-13,31.594566345214844,37.959999084472656,38.189998626708984,36.83000183105469,36.83000183105469,662100,DBC
2008-08-14,31.319904327392578,37.630001068115234,37.939998626708984,37.06999969482422,37.849998474121094,569800,DBC
2008-08-15,30.895423889160156,37.119998931884766,37.34000015258789,36.66999816894531,37.150001525878906,908200,DBC
2008-08-18,31.07021141052246,37.33000183105469,37.720001220703125,37.08000183105469,37.459999084472656,629200,DBC
2008-08-19,31.552953720092773,37.90999984741211,38.310001373291016,37.0,37.150001525878906,1380900,DBC
2008-08-20,31.802642822265625,38.209999084472656,38.5,37.5099983215332,38.130001068115234,885200,DBC
2008-08-21,33.167633056640625,39.849998474121094,40.11000061035156,39.08000183105469,39.08000183105469,975300,DBC
2008-08-22,32.04401779174805,38.5,39.4900016784668,38.310001373291016,39.459999084472656,449000,DBC
2008-08-25,31.86090660095215,38.279998779296875,38.72999954223633,38.13999938964844,38.4900016784668,455700,DBC
2008-08-26,31.87755012512207,38.29999923706055,38.900001525878906,37.849998474121094,38.45000076293945,788600,DBC
2008-08-27,32.177181243896484,38.65999984741211,39.290000915527344,38.189998626708984,38.900001525878906,520200,DBC
2008-08-28,31.54463005065918,37.900001525878906,38.959999084472656,37.630001068115234,38.79999923706055,540500,DBC
2008-08-29,31.428102493286133,37.7599983215332,38.40999984741211,37.65999984741211,38.20000076293945,419400,DBC
2008-09-02,30.61243438720703,36.779998779296875,36.88999938964844,35.900001525878906,36.11000061035156,1213700,DBC
2008-09-03,30.437650680541992,36.56999969482422,36.56999969482422,35.97999954223633,36.189998626708984,1391500,DBC
2008-09-04,30.004850387573242,36.04999923706055,36.75,35.869998931884766,36.41999816894531,915500,DBC
2008-09-05,29.705215454101562,35.689998626708984,35.970001220703125,35.31999969482422,35.790000915527344,664200,DBC
2008-09-08,29.638635635375977,35.61000061035156,36.119998931884766,35.2400016784668,35.91999816894531,563200,DBC
2008-09-09,28.556625366210938,34.310001373291016,35.029998779296875,34.25,34.93000030517578,1065500,DBC
2008-09-10,28.59824562072754,34.36000061035156,34.959999084472656,34.119998931884766,34.7400016784668,827700,DBC
2008-09-11,28.356874465942383,34.06999969482422,34.310001373291016,33.75,34.189998626708984,787000,DBC
2008-09-12,28.548301696777344,34.29999923706055,34.68000030517578,34.130001068115234,34.27000045776367,611800,DBC
2008-09-15,27.424684524536133,32.95000076293945,33.91999816894531,32.84000015258789,33.59000015258789,600900,DBC
2008-09-16,26.867033004760742,32.279998779296875,32.810001373291016,31.700000762939453,32.25,1160900,DBC
2008-09-17,27.67437744140625,33.25,33.75,32.18000030517578,32.619998931884766,988600,DBC
2008-09-18,27.72431755065918,33.310001373291016,34.470001220703125,33.16999816894531,33.939998626708984,966900,DBC
2008-09-19,28.639854431152344,34.40999984741211,34.7599983215332,33.400001525878906,33.400001525878906,890000,DBC
2008-09-22,29.630308151245117,35.599998474121094,36.16999816894531,35.060001373291016,35.060001373291016,1457300,DBC
2008-09-23,29.339000701904297,35.25,35.84000015258789,34.7400016784668,35.650001525878906,609000,DBC
2008-09-24,29.097631454467773,34.959999084472656,35.97999954223633,34.959999084472656,35.93000030517578,1131600,DBC
2008-09-25,29.6053409576416,35.56999969482422,35.7400016784668,34.779998779296875,35.02000045776367,879200,DBC
2008-09-26,29.255773544311523,35.150001525878906,35.29999923706055,34.75,34.88999938964844,418800,DBC
2008-09-29,27.441333770751953,32.970001220703125,34.16999816894531,32.70000076293945,33.869998931884766,682400,DBC
2008-09-30,28.207056045532227,33.88999938964844,33.88999938964844,33.16999816894531,33.369998931884766,1113600,DBC
2008-10-01,27.549531936645508,33.099998474121094,33.5099983215332,32.63999938964844,33.5,590400,DBC
2008-10-02,26.026399612426758,31.270000457763672,32.540000915527344,31.270000457763672,32.540000915527344,992000,DBC
2008-10-03,25.418811798095703,30.540000915527344,31.950000762939453,30.479999542236328,31.030000686645508,1613100,DBC
2008-10-06,24.336803436279297,29.239999771118164,30.469999313354492,29.020000457763672,30.399999618530273,2123200,DBC
2008-10-07,24.636438369750977,29.600000381469727,30.469999313354492,29.600000381469727,30.170000076293945,1593300,DBC
2008-10-08,24.99433135986328,30.030000686645508,30.43000030517578,29.559999465942383,29.719999313354492,1123100,DBC
2008-10-09,23.82909393310547,28.6299991607666,30.5,28.6299991607666,30.239999771118164,849400,DBC
2008-10-10,22.77206039428711,27.360000610351562,28.940000534057617,27.270000457763672,27.34000015258789,1859300,DBC
2008-10-13,24.037174224853516,28.8799991607666,29.09000015258789,28.389999389648438,28.979999542236328,666600,DBC
2008-10-14,23.59604835510254,28.350000381469727,29.690000534057617,28.299999237060547,29.59000015258789,1053100,DBC
2008-10-15,22.522363662719727,27.059999465942383,27.8799991607666,27.059999465942383,27.65999984741211,750500,DBC
2008-10-16,22.097883224487305,26.549999237060547,27.149999618530273,25.950000762939453,27.139999389648438,949900,DBC
2008-10-17,22.347579956054688,26.850000381469727,27.40999984741211,26.360000610351562,26.459999084472656,1005600,DBC
2008-10-20,22.797025680541992,27.389999389648438,27.6200008392334,26.65999984741211,27.06999969482422,512200,DBC
2008-10-21,21.981361389160156,26.40999984741211,26.899999618530273,26.31999969482422,26.6299991607666,442300,DBC
2008-10-22,20.94097137451172,25.15999984741211,25.81999969482422,24.899999618530273,25.75,643600,DBC
2008-10-23,21.024206161499023,25.260000228881836,25.65999984741211,24.950000762939453,25.049999237060547,819100,DBC
2008-10-24,20.183568954467773,24.25,24.75,23.799999237060547,23.8700008392334,724800,DBC
2008-10-27,20.03375244140625,24.06999969482422,25.0,23.829999923706055,23.940000534057617,712100,DBC
2008-10-28,20.583080291748047,24.729999542236328,25.100000381469727,24.25,24.989999771118164,605600,DBC
2008-10-29,21.798254013061523,26.190000534057617,26.399999618530273,25.31999969482422,25.40999984741211,931900,DBC
2008-10-30,20.89935874938965,25.110000610351562,26.1299991607666,24.860000610351562,26.100000381469727,711400,DBC
2008-10-31,21.132402420043945,25.389999389648438,26.440000534057617,24.860000610351562,25.0,1047200,DBC
2008-11-03,20.89935874938965,25.110000610351562,25.649999618530273,25.100000381469727,25.40999984741211,979000,DBC
2008-11-04,21.84819221496582,26.25,27.15999984741211,25.690000534057617,25.729999542236328,1220100,DBC
2008-11-05,21.282222747802734,25.56999969482422,26.6299991607666,25.420000076293945,26.469999313354492,757200,DBC
2008-11-06,20.35002899169922,24.450000762939453,25.309999465942383,24.3700008392334,25.190000534057617,800900,DBC
2008-11-07,20.374998092651367,24.479999542236328,24.8700008392334,24.399999618530273,24.600000381469727,1248800,DBC
2008-11-10,20.50817108154297,24.639999389648438,25.639999389648438,24.25,25.469999313354492,438200,DBC
2008-11-11,20.11698341369629,24.170000076293945,24.31999969482422,23.68000030517578,24.260000228881836,873900,DBC
2008-11-12,19.526039123535156,23.459999084472656,23.739999771118164,23.09000015258789,23.5,978100,DBC
2008-11-13,19.89225959777832,23.899999618530273,24.219999313354492,22.950000762939453,23.270000457763672,1126400,DBC
2008-11-14,19.767412185668945,23.75,23.920000076293945,23.3799991607666,23.579999923706055,486800,DBC
2008-11-17,19.317962646484375,23.209999084472656,23.959999084472656,23.079999923706055,23.530000686645508,554600,DBC
2008-11-18,19.026653289794922,22.860000610351562,23.440000534057617,22.75,23.209999084472656,1750400,DBC
2008-11-19,18.810253143310547,22.600000381469727,23.219999313354492,22.600000381469727,23.030000686645508,912800,DBC
2008-11-20,17.85309600830078,21.450000762939453,22.799999237060547,21.450000762939453,22.149999618530273,926200,DBC
2008-11-21,18.16105079650879,21.81999969482422,22.1200008392334,21.549999237060547,21.549999237060547,591300,DBC
2008-11-24,19.409515380859375,23.31999969482422,23.31999969482422,22.1299991607666,22.420000076293945,1225100,DBC
2008-11-25,18.760313034057617,22.540000915527344,22.899999618530273,22.290000915527344,22.81999969482422,731400,DBC
2008-11-26,19.35957908630371,23.260000228881836,23.260000228881836,22.459999084472656,22.81999969482422,1003900,DBC
2008-11-28,18.518945693969727,22.25,22.950000762939453,22.25,22.700000762939453,406000,DBC
2008-12-01,17.94464874267578,21.559999465942383,22.239999771118164,21.559999465942383,22.229999542236328,548600,DBC
2008-12-02,17.952970504760742,21.56999969482422,22.100000381469727,21.360000610351562,21.950000762939453,849100,DBC
2008-12-03,17.74489402770996,21.31999969482422,21.43000030517578,21.0,21.200000762939453,1077200,DBC
2008-12-04,16.812705993652344,20.200000762939453,21.200000762939453,20.15999984741211,21.0,1102100,DBC
2008-12-05,16.396549224853516,19.700000762939453,20.170000076293945,19.40999984741211,20.1299991607666,1966600,DBC
2008-12-08,17.15395164489746,20.610000610351562,20.739999771118164,20.200000762939453,20.420000076293945,1253100,DBC
2008-12-09,16.779409408569336,20.15999984741211,20.649999618530273,20.079999923706055,20.489999771118164,1201400,DBC
2008-12-10,17.287120819091797,20.770000457763672,20.8700008392334,20.100000381469727,20.5,1485800,DBC
2008-12-11,17.836448669433594,21.43000030517578,21.719999313354492,20.81999969482422,20.90999984741211,2210700,DBC
2008-12-12,18.22763442993164,21.899999618530273,22.5,20.459999084472656,20.670000076293945,1068200,DBC
2008-12-15,17.711915969848633,20.950000762939453,21.950000762939453,20.670000076293945,21.780000686645508,1382400,DBC
2008-12-16,17.96554946899414,21.25,21.450000762939453,20.719999313354492,21.25,952900,DBC
2008-12-17,17.72037124633789,20.959999084472656,21.450000762939453,20.760000228881836,21.43000030517578,1794800,DBC
2008-12-18,17.449832916259766,20.639999389648438,20.93000030517578,20.399999618530273,20.8700008392334,2647600,DBC
2008-12-19,17.331470489501953,20.5,20.65999984741211,20.25,20.479999542236328,2509700,DBC
2008-12-22,16.84111785888672,19.920000076293945,20.579999923706055,19.8700008392334,20.5,3788100,DBC
2008-12-23,16.908750534057617,20.0,20.34000015258789,19.610000610351562,19.940000534057617,1340100,DBC
2008-12-24,16.64666748046875,19.690000534057617,20.049999237060547,19.610000610351562,20.049999237060547,520600,DBC
2008-12-26,16.908750534057617,20.0,20.020000457763672,19.40999984741211,19.420000076293945,515700,DBC
2008-12-29,17.094749450683594,20.219999313354492,20.440000534057617,19.860000610351562,20.399999618530273,1247400,DBC
2008-12-30,17.19620132446289,20.34000015258789,20.459999084472656,19.899999618530273,20.239999771118164,1078800,DBC
2008-12-31,17.914823532104492,21.190000534057617,21.579999923706055,20.020000457763672,20.1299991607666,1143700,DBC
2009-01-02,18.54044532775879,21.93000030517578,22.219999313354492,21.200000762939453,21.559999465942383,808800,DBC
2009-01-05,18.73489761352539,22.15999984741211,22.239999771118164,21.399999618530273,21.760000228881836,1221900,DBC
2009-01-06,19.225250244140625,22.739999771118164,22.889999389648438,22.270000457763672,22.610000610351562,1047200,DBC
2009-01-07,18.244543075561523,21.579999923706055,22.489999771118164,21.5,22.489999771118164,991700,DBC
2009-01-08,18.312179565429688,21.65999984741211,21.68000030517578,21.209999084472656,21.559999465942383,1207000,DBC
2009-01-09,18.100818634033203,21.40999984741211,21.549999237060547,21.100000381469727,21.549999237060547,672000,DBC
2009-01-12,17.280744552612305,20.440000534057617,21.06999969482422,20.350000381469727,21.0,701500,DBC
2009-01-13,17.568195343017578,20.780000686645508,21.170000076293945,20.360000610351562,20.549999237060547,553700,DBC
2009-01-14,17.323015213012695,20.489999771118164,20.959999084472656,20.049999237060547,20.959999084472656,700000,DBC
2009-01-15,17.306108474731445,20.469999313354492,20.610000610351562,20.030000686645508,20.489999771118164,880500,DBC
2009-01-16,17.3821964263916,20.559999465942383,21.1200008392334,20.530000686645508,21.1200008392334,1184900,DBC
2009-01-20,16.84111785888672,19.920000076293945,20.40999984741211,19.65999984741211,20.299999237060547,699600,DBC
2009-01-21,16.908750534057617,20.0,20.09000015258789,19.510000228881836,19.75,956600,DBC
2009-01-22,16.68893814086914,19.739999771118164,20.049999237060547,19.549999237060547,19.850000381469727,1469000,DBC
2009-01-23,17.46674156188965,20.65999984741211,20.790000915527344,19.65999984741211,19.75,1804300,DBC
2009-01-26,17.500560760498047,20.700000762939453,21.219999313354492,20.610000610351562,20.780000686645508,1223600,DBC
2009-01-27,17.02711296081543,20.139999389648438,20.540000915527344,19.959999084472656,20.540000915527344,1017000,DBC
2009-01-28,17.432924270629883,20.6200008392334,20.739999771118164,20.100000381469727,20.350000381469727,2342100,DBC
2009-01-29,17.22156524658203,20.3700008392334,20.5,20.149999618530273,20.200000762939453,927500,DBC
2009-01-30,17.1201114654541,20.25,20.639999389648438,20.25,20.56999969482422,964900,DBC
2009-02-02,16.790393829345703,19.860000610351562,20.25,19.729999542236328,20.0,811600,DBC
2009-02-03,16.595937728881836,19.6299991607666,19.979999542236328,19.5,19.739999771118164,737300,DBC
2009-02-04,16.68893814086914,19.739999771118164,19.979999542236328,19.600000381469727,19.829999923706055,1735200,DBC
2009-02-05,17.060932159423828,20.18000030517578,20.229999542236328,19.700000762939453,19.8799991607666,998900,DBC
2009-02-06,17.187746047973633,20.329999923706055,20.540000915527344,19.809999465942383,20.06999969482422,1411400,DBC
2009-02-09,17.094749450683594,20.219999313354492,20.850000381469727,20.200000762939453,20.850000381469727,946400,DBC
2009-02-10,16.87493324279785,19.959999084472656,20.639999389648438,19.850000381469727,20.5,1183500,DBC
2009-02-11,16.773481369018555,19.84000015258789,20.059999465942383,19.729999542236328,19.90999984741211,731200,DBC
2009-02-12,16.798845291137695,19.8700008392334,19.920000076293945,19.559999465942383,19.75,731500,DBC
2009-02-13,16.49448585510254,19.510000228881836,20.170000076293945,19.40999984741211,20.170000076293945,1302100,DBC
2009-02-17,15.57296085357666,18.420000076293945,19.030000686645508,18.420000076293945,18.8799991607666,1216800,DBC
2009-02-18,15.479961395263672,18.309999465942383,18.540000915527344,18.149999618530273,18.540000915527344,864300,DBC
2009-02-19,15.860407829284668,18.760000228881836,18.790000915527344,18.219999313354492,18.3799991607666,777200,DBC
2009-02-20,15.682866096496582,18.549999237060547,18.68000030517578,18.209999084472656,18.280000686645508,1107800,DBC
2009-02-23,15.530689239501953,18.3700008392334,18.899999618530273,18.270000457763672,18.850000381469727,709400,DBC
2009-02-24,15.826590538024902,18.719999313354492,18.739999771118164,18.3799991607666,18.639999389648438,858000,DBC
2009-02-25,16.012590408325195,18.940000534057617,19.149999618530273,18.520000457763672,18.799999237060547,860100,DBC
2009-02-26,16.35076332092285,19.34000015258789,19.469999313354492,19.059999465942383,19.260000228881836,657300,DBC
2009-02-27,16.156314849853516,19.110000610351562,19.489999771118164,18.8700008392334,19.219999313354492,595700,DBC
2009-03-02,15.34469223022461,18.149999618530273,18.649999618530273,18.040000915527344,18.649999618530273,1263200,DBC
2009-03-03,15.446144104003906,18.270000457763672,18.450000762939453,17.940000534057617,18.270000457763672,1398300,DBC
2009-03-04,15.987225532531738,18.90999984741211,19.030000686645508,18.68000030517578,18.709999084472656,1010100,DBC
2009-03-05,15.851956367492676,18.75,19.100000381469727,18.5,18.770000457763672,938900,DBC
2009-03-06,16.232402801513672,19.200000762939453,19.200000762939453,18.799999237060547,19.030000686645508,1247200,DBC
2009-03-09,16.139402389526367,19.09000015258789,19.479999542236328,18.780000686645508,19.479999542236328,1624800,DBC
2009-03-10,16.09713363647461,19.040000915527344,19.43000030517578,18.959999084472656,19.239999771118164,1020200,DBC
2009-03-11,15.58987045288086,18.440000534057617,19.059999465942383,18.3799991607666,18.989999771118164,724600,DBC
2009-03-12,16.316944122314453,19.299999237060547,19.360000610351562,18.5,18.6200008392334,1256400,DBC
2009-03-13,16.1732177734375,19.1299991607666,19.540000915527344,19.079999923706055,19.43000030517578,1692900,DBC
2009-03-16,16.528303146362305,19.549999237060547,19.549999237060547,18.770000457763672,19.209999084472656,1015100,DBC
2009-03-17,16.883386611938477,19.969999313354492,19.969999313354492,19.479999542236328,19.549999237060547,1798200,DBC
2009-03-18,17.094749450683594,20.219999313354492,20.25,19.389999389648438,19.690000534057617,1501200,DBC
2009-03-19,17.449832916259766,20.639999389648438,21.030000686645508,20.489999771118164,20.8799991607666,3796400,DBC
2009-03-20,17.686553955078125,20.920000076293945,20.950000762939453,20.549999237060547,20.68000030517578,2944200,DBC
2009-03-23,18.058547973632812,21.360000610351562,21.389999389648438,20.860000610351562,20.979999542236328,3068100,DBC
2009-03-24,17.762643814086914,21.010000228881836,21.100000381469727,20.850000381469727,21.059999465942383,2188200,DBC
2009-03-25,17.492103576660156,20.690000534057617,20.969999313354492,20.540000915527344,20.719999313354492,1585700,DBC
2009-03-26,17.796459197998047,21.049999237060547,21.06999969482422,20.799999237060547,21.049999237060547,1601100,DBC
2009-03-27,17.46674156188965,20.65999984741211,20.670000076293945,20.350000381469727,20.639999389648438,1362300,DBC
2009-03-30,16.83266258239746,19.90999984741211,20.25,19.719999313354492,20.170000076293945,1630400,DBC
2009-03-31,16.908750534057617,20.0,20.280000686645508,19.639999389648438,20.010000228881836,4798800,DBC
2009-04-01,16.866479873657227,19.950000762939453,20.010000228881836,19.649999618530273,19.799999237060547,3109500,DBC
2009-04-02,17.51746940612793,20.719999313354492,20.93000030517578,20.559999465942383,20.690000534057617,4605800,DBC
2009-04-03,17.788007736206055,21.040000915527344,21.06999969482422,20.600000381469727,20.600000381469727,2335000,DBC
2009-04-06,17.568195343017578,20.780000686645508,20.860000610351562,20.440000534057617,20.790000915527344,1918700,DBC
2009-04-07,17.255382537841797,20.40999984741211,20.6299991607666,20.350000381469727,20.520000457763672,1230500,DBC
2009-04-08,17.3821964263916,20.559999465942383,20.90999984741211,20.18000030517578,20.290000915527344,1741200,DBC
2009-04-09,17.63582992553711,20.860000610351562,21.0,20.600000381469727,20.979999542236328,1843100,DBC
2009-04-13,17.711915969848633,20.950000762939453,21.360000610351562,20.270000457763672,20.360000610351562,1368000,DBC
2009-04-14,17.390649795532227,20.56999969482422,20.829999923706055,20.34000015258789,20.790000915527344,1233600,DBC
2009-04-15,17.280744552612305,20.440000534057617,20.56999969482422,20.209999084472656,20.389999389648438,1158200,DBC
2009-04-16,17.20465850830078,20.350000381469727,20.440000534057617,20.239999771118164,20.440000534057617,1574900,DBC
2009-04-17,17.077838897705078,20.200000762939453,20.510000228881836,20.200000762939453,20.510000228881836,1508400,DBC
2009-04-20,16.435306549072266,19.440000534057617,19.68000030517578,19.280000686645508,19.670000076293945,3025000,DBC
2009-04-21,16.49448585510254,19.510000228881836,19.649999618530273,19.100000381469727,19.190000534057617,1247400,DBC
2009-04-22,16.51984977722168,19.540000915527344,19.610000610351562,19.350000381469727,19.479999542236328,1270300,DBC
2009-04-23,16.73966407775879,19.799999237060547,19.799999237060547,19.489999771118164,19.600000381469727,1312800,DBC
2009-04-24,16.99329376220703,20.100000381469727,20.139999389648438,19.940000534057617,20.040000915527344,1333600,DBC
2009-04-27,16.570579528808594,19.600000381469727,19.8700008392334,19.209999084472656,19.329999923706055,1093100,DBC
2009-04-28,16.452213287353516,19.459999084472656,19.5,19.260000228881836,19.34000015258789,1567100,DBC
2009-04-29,16.83266258239746,19.90999984741211,19.950000762939453,19.6299991607666,19.700000762939453,1617400,DBC
2009-04-30,16.891841888427734,19.979999542236328,19.989999771118164,19.670000076293945,19.75,1304800,DBC
2009-05-01,17.399106979370117,20.579999923706055,20.68000030517578,20.100000381469727,20.200000762939453,2069700,DBC
2009-05-04,17.737279891967773,20.979999542236328,20.989999771118164,20.68000030517578,20.700000762939453,3069000,DBC
2009-05-05,17.483652114868164,20.68000030517578,20.90999984741211,20.59000015258789,20.81999969482422,1581500,DBC
2009-05-06,17.948638916015625,21.229999542236328,21.270000457763672,20.90999984741211,21.09000015258789,2645900,DBC
2009-05-07,17.982458114624023,21.270000457763672,21.670000076293945,21.09000015258789,21.670000076293945,3601000,DBC
2009-05-08,18.430538177490234,21.799999237060547,21.81999969482422,21.399999618530273,21.549999237060547,2875200,DBC
2009-05-11,18.278362274169922,21.6200008392334,21.700000762939453,21.43000030517578,21.579999923706055,1816400,DBC
2009-05-12,18.464357376098633,21.84000015258789,21.920000076293945,21.549999237060547,21.920000076293945,2137800,DBC
2009-05-13,18.25299835205078,21.59000015258789,21.950000762939453,21.489999771118164,21.739999771118164,2477600,DBC
2009-05-14,18.37135887145996,21.729999542236328,21.760000228881836,21.389999389648438,21.489999771118164,1957200,DBC
2009-05-15,17.9063663482666,21.18000030517578,21.68000030517578,21.079999923706055,21.600000381469727,2119100,DBC
2009-05-18,18.379812240600586,21.739999771118164,21.770000457763672,21.270000457763672,21.31999969482422,2184700,DBC
2009-05-19,18.379812240600586,21.739999771118164,21.790000915527344,21.5,21.739999771118164,2517000,DBC
2009-05-20,18.675718307495117,22.09000015258789,22.25,21.850000381469727,21.950000762939453,4038300,DBC
2009-05-21,18.523536682128906,21.90999984741211,22.020000457763672,21.579999923706055,21.809999465942383,2330700,DBC
2009-05-22,18.794076919555664,22.229999542236328,22.229999542236328,21.889999389648438,22.0,1947100,DBC
2009-05-26,18.836349487304688,22.280000686645508,22.31999969482422,21.700000762939453,21.770000457763672,3170300,DBC
2009-05-27,18.9208927154541,22.3799991607666,22.5,22.200000762939453,22.389999389648438,2329500,DBC
2009-05-28,19.26752281188965,22.790000915527344,22.8799991607666,22.389999389648438,22.489999771118164,2732700,DBC
2009-05-29,19.639514923095703,23.229999542236328,23.25,23.010000228881836,23.18000030517578,3127300,DBC
2009-06-01,20.18059730529785,23.8700008392334,23.940000534057617,23.520000457763672,23.59000015258789,4044000,DBC
2009-06-02,20.26513671875,23.969999313354492,24.059999465942383,23.670000076293945,23.739999771118164,3385400,DBC
2009-06-03,19.588788986206055,23.170000076293945,23.790000915527344,22.93000030517578,23.770000457763672,3295800,DBC
2009-06-04,20.30741310119629,24.020000457763672,24.100000381469727,23.450000762939453,23.579999923706055,2816000,DBC
2009-06-05,20.197505950927734,23.889999389648438,23.950000762939453,23.610000610351562,23.920000076293945,3026200,DBC
2009-06-08,20.146778106689453,23.829999923706055,23.860000610351562,23.639999389648438,23.790000915527344,2457400,DBC
2009-06-09,20.341228485107422,24.059999465942383,24.110000610351562,23.850000381469727,24.049999237060547,2168000,DBC
2009-06-10,20.26513671875,23.969999313354492,24.219999313354492,23.780000686645508,24.200000762939453,2546900,DBC
2009-06-11,20.451135635375977,24.190000534057617,24.309999465942383,24.079999923706055,24.139999389648438,2864500,DBC
2009-06-12,20.16368865966797,23.850000381469727,23.940000534057617,23.719999313354492,23.920000076293945,1954100,DBC
2009-06-15,19.774784088134766,23.389999389648438,23.6200008392334,23.219999313354492,23.6200008392334,2273500,DBC
2009-06-16,19.69869613647461,23.299999237060547,23.690000534057617,23.18000030517578,23.65999984741211,1694100,DBC
2009-06-17,19.757877349853516,23.3700008392334,23.5,23.010000228881836,23.219999313354492,1887700,DBC
2009-06-18,19.783239364624023,23.399999618530273,23.540000915527344,23.239999771118164,23.3799991607666,1843200,DBC
2009-06-19,19.614154815673828,23.200000762939453,23.520000457763672,23.049999237060547,23.489999771118164,2409400,DBC
2009-06-22,18.9547119140625,22.420000076293945,22.700000762939453,22.31999969482422,22.700000762939453,3758400,DBC
2009-06-23,19.28443145751953,22.809999465942383,22.829999923706055,22.350000381469727,22.559999465942383,4012600,DBC
2009-06-24,19.275978088378906,22.799999237060547,23.0,22.690000534057617,22.899999618530273,4231700,DBC
2009-06-25,19.445064544677734,23.0,23.049999237060547,22.770000457763672,22.920000076293945,3136700,DBC
2009-06-26,19.28443145751953,22.809999465942383,22.989999771118164,22.65999984741211,22.969999313354492,2186200,DBC
2009-06-29,19.470426559448242,23.030000686645508,23.110000610351562,22.920000076293945,23.020000457763672,2322300,DBC
2009-06-30,19.12380027770996,22.6200008392334,22.93000030517578,22.149999618530273,22.889999389648438,2892900,DBC
2009-07-01,19.047710418701172,22.530000686645508,22.889999389648438,22.329999923706055,22.8799991607666,2208000,DBC
2009-07-02,18.624990463256836,22.030000686645508,22.110000610351562,21.920000076293945,22.049999237060547,2277800,DBC
2009-07-06,18.06700325012207,21.3700008392334,21.540000915527344,21.25,21.489999771118164,2763400,DBC
2009-07-07,17.77955436706543,21.030000686645508,21.479999542236328,20.959999084472656,21.479999542236328,2690400,DBC
2009-07-08,17.559738159179688,20.770000457763672,21.010000228881836,20.610000610351562,21.0,3580300,DBC
2009-07-09,17.669645309448242,20.899999618530273,20.950000762939453,20.639999389648438,20.850000381469727,1778200,DBC
2009-07-10,17.53437614440918,20.739999771118164,20.81999969482422,20.530000686645508,20.68000030517578,1486900,DBC
2009-07-13,17.62737464904785,20.850000381469727,20.8700008392334,20.399999618530273,20.579999923706055,1537000,DBC
2009-07-14,17.62737464904785,20.850000381469727,21.020000457763672,20.719999313354492,21.0,1340200,DBC
2009-07-15,18.092363357543945,21.399999618530273,21.399999618530273,21.139999389648438,21.200000762939453,3202700,DBC
2009-07-16,18.1346378326416,21.450000762939453,21.489999771118164,21.1200008392334,21.149999618530273,1460600,DBC
2009-07-17,18.405176162719727,21.770000457763672,21.850000381469727,21.6200008392334,21.649999618530273,2220200,DBC
2009-07-20,18.70953369140625,22.1299991607666,22.170000076293945,21.860000610351562,22.09000015258789,3233700,DBC
2009-07-21,18.64189910888672,22.049999237060547,22.329999923706055,21.889999389648438,22.290000915527344,3826700,DBC
2009-07-22,18.743350982666016,22.170000076293945,22.209999084472656,21.780000686645508,21.850000381469727,2362900,DBC
2009-07-23,19.132253646850586,22.6299991607666,22.719999313354492,22.200000762939453,22.209999084472656,2376400,DBC
2009-07-24,19.14916229248047,22.649999618530273,22.809999465942383,22.559999465942383,22.760000228881836,2448800,DBC
2009-07-27,19.225250244140625,22.739999771118164,22.809999465942383,22.6200008392334,22.770000457763672,1906600,DBC
2009-07-28,19.013891220092773,22.489999771118164,22.549999237060547,22.290000915527344,22.540000915527344,1973600,DBC
2009-07-29,18.523536682128906,21.90999984741211,22.290000915527344,21.799999237060547,22.280000686645508,2307500,DBC
2009-07-30,19.09843635559082,22.59000015258789,22.729999542236328,22.190000534057617,22.280000686645508,2079200,DBC
2009-07-31,19.478883743286133,23.040000915527344,23.049999237060547,22.43000030517578,22.5,2317200,DBC
2009-08-03,20.028417587280273,23.690000534057617,23.75,23.43000030517578,23.530000686645508,2570800,DBC
2009-08-04,20.0368709564209,23.700000762939453,23.81999969482422,23.450000762939453,23.59000015258789,2255000,DBC
2009-08-05,20.248231887817383,23.950000762939453,24.0,23.65999984741211,23.989999771118164,2445900,DBC
2009-08-06,19.783239364624023,23.399999618530273,23.889999389648438,23.399999618530273,23.850000381469727,2238200,DBC
2009-08-07,19.690242767333984,23.290000915527344,23.700000762939453,23.170000076293945,23.56999969482422,2473800,DBC
2009-08-10,19.68178939819336,23.280000686645508,23.3799991607666,23.110000610351562,23.329999923706055,1588300,DBC
2009-08-11,19.38588523864746,22.93000030517578,23.18000030517578,22.8700008392334,23.170000076293945,1647800,DBC
2009-08-12,19.487335205078125,23.049999237060547,23.200000762939453,22.799999237060547,22.8799991607666,2315800,DBC
2009-08-13,19.749422073364258,23.360000610351562,23.440000534057617,23.18000030517578,23.40999984741211,2327900,DBC
2009-08-14,19.191434860229492,22.700000762939453,23.229999542236328,22.600000381469727,23.229999542236328,1761100,DBC
2009-08-17,18.90398406982422,22.360000610351562,22.389999389648438,22.049999237060547,22.25,2724400,DBC
2009-08-18,19.275978088378906,22.799999237060547,22.8700008392334,22.239999771118164,22.280000686645508,1339100,DBC
2009-08-19,19.41124725341797,22.959999084472656,23.079999923706055,22.3799991607666,22.399999618530273,1167300,DBC
2009-08-20,19.250612258911133,22.770000457763672,22.90999984741211,22.68000030517578,22.850000381469727,1506000,DBC
2009-08-21,19.394338607788086,22.940000534057617,23.09000015258789,22.84000015258789,22.989999771118164,1638600,DBC
2009-08-24,19.42815399169922,22.979999542236328,23.200000762939453,22.889999389648438,23.190000534057617,1590200,DBC
2009-08-25,19.14916229248047,22.649999618530273,23.059999465942383,22.399999618530273,22.989999771118164,1869100,DBC
2009-08-26,19.09843635559082,22.59000015258789,22.59000015258789,22.290000915527344,22.399999618530273,1853900,DBC
2009-08-27,19.25906753540039,22.780000686645508,22.780000686645508,22.270000457763672,22.43000030517578,1616300,DBC
2009-08-28,19.216794967651367,22.729999542236328,22.8700008392334,22.5,22.790000915527344,1693300,DBC
2009-08-31,18.692626953125,22.110000610351562,22.34000015258789,21.899999618530273,22.25,1298600,DBC
2009-09-01,18.405176162719727,21.770000457763672,22.459999084472656,21.709999084472656,22.190000534057617,2174500,DBC
2009-09-02,18.447450637817383,21.81999969482422,21.8799991607666,21.559999465942383,21.739999771118164,1679300,DBC
2009-09-03,18.354446411132812,21.709999084472656,21.959999084472656,21.649999618530273,21.959999084472656,1684700,DBC
2009-09-04,18.278362274169922,21.6200008392334,21.670000076293945,21.420000076293945,21.579999923706055,1803200,DBC
2009-09-08,18.61653709411621,22.020000457763672,22.260000228881836,21.979999542236328,22.06999969482422,2799000,DBC
2009-09-09,18.692626953125,22.110000610351562,22.31999969482422,22.020000457763672,22.149999618530273,2264600,DBC
2009-09-10,18.794076919555664,22.229999542236328,22.229999542236328,21.8799991607666,21.940000534057617,1568600,DBC
2009-09-11,18.54890251159668,21.940000534057617,22.399999618530273,21.690000534057617,22.399999618530273,1647700,DBC
2009-09-14,18.447450637817383,21.81999969482422,21.860000610351562,21.65999984741211,21.709999084472656,1505200,DBC
2009-09-15,18.878620147705078,22.329999923706055,22.3799991607666,21.75,21.889999389648438,2333600,DBC
2009-09-16,19.12380027770996,22.6200008392334,22.65999984741211,22.299999237060547,22.399999618530273,2035200,DBC
2009-09-17,19.132253646850586,22.6299991607666,22.790000915527344,22.510000228881836,22.65999984741211,1327400,DBC
2009-09-18,18.963167190551758,22.43000030517578,22.700000762939453,22.3799991607666,22.68000030517578,1553000,DBC
2009-09-21,18.54890251159668,21.940000534057617,22.15999984741211,21.81999969482422,22.15999984741211,1805400,DBC
2009-09-22,18.85325813293457,22.299999237060547,22.329999923706055,22.1200008392334,22.329999923706055,1926600,DBC
2009-09-23,18.430538177490234,21.799999237060547,22.299999237060547,21.780000686645508,22.299999237060547,1487600,DBC
2009-09-24,18.193817138671875,21.520000457763672,21.770000457763672,21.31999969482422,21.760000228881836,1982500,DBC
2009-09-25,18.050092697143555,21.350000381469727,21.559999465942383,21.219999313354492,21.420000076293945,1543100,DBC
2009-09-28,18.210725784301758,21.540000915527344,21.6200008392334,21.299999237060547,21.31999969482422,1144800,DBC
2009-09-29,18.143091201782227,21.459999084472656,21.65999984741211,21.3700008392334,21.5,1323200,DBC
2009-09-30,18.650354385375977,22.059999465942383,22.18000030517578,21.350000381469727,21.610000610351562,2136300,DBC
2009-10-01,18.531991958618164,21.920000076293945,22.239999771118164,21.799999237060547,22.239999771118164,2257800,DBC
2009-10-02,18.34599494934082,21.700000762939453,21.93000030517578,21.6200008392334,21.690000534057617,1334200,DBC
2009-10-05,18.937803268432617,22.399999618530273,22.399999618530273,21.459999084472656,21.690000534057617,1520300,DBC
2009-10-06,18.70953369140625,22.1299991607666,22.520000457763672,22.1299991607666,22.200000762939453,2322300,DBC
2009-10-07,18.743350982666016,22.170000076293945,22.3700008392334,21.920000076293945,22.270000457763672,1932000,DBC
2009-10-08,19.115346908569336,22.610000610351562,22.850000381469727,22.170000076293945,22.200000762939453,1875300,DBC
2009-10-09,19.191434860229492,22.700000762939453,22.81999969482422,22.510000228881836,22.729999542236328,1188000,DBC
2009-10-12,19.580333709716797,23.15999984741211,23.280000686645508,23.06999969482422,23.06999969482422,1798600,DBC
2009-10-13,19.80014991760254,23.420000076293945,23.479999542236328,23.139999389648438,23.309999465942383,1819500,DBC
2009-10-14,19.952327728271484,23.600000381469727,23.639999389648438,23.510000228881836,23.56999969482422,1841000,DBC
2009-10-15,20.155231475830078,23.84000015258789,23.860000610351562,23.43000030517578,23.549999237060547,2579200,DBC
2009-10-16,20.20595932006836,23.899999618530273,23.979999542236328,23.68000030517578,23.850000381469727,1767100,DBC
2009-10-19,20.493410110473633,24.239999771118164,24.309999465942383,23.860000610351562,23.920000076293945,2012600,DBC
2009-10-20,20.366592407226562,24.09000015258789,24.329999923706055,23.940000534057617,24.329999923706055,2164200,DBC
2009-10-21,20.79776382446289,24.600000381469727,24.899999618530273,24.020000457763672,24.079999923706055,2042400,DBC
2009-10-22,20.96685028076172,24.799999237060547,24.81999969482422,24.440000534057617,24.649999618530273,1799600,DBC
2009-10-23,20.890762329101562,24.709999084472656,24.959999084472656,24.56999969482422,24.920000076293945,1617200,DBC
2009-10-26,20.510316848754883,24.260000228881836,25.020000457763672,24.110000610351562,24.889999389648438,1885800,DBC
2009-10-27,20.366592407226562,24.09000015258789,24.31999969482422,23.969999313354492,24.31999969482422,3855800,DBC
2009-10-28,19.842418670654297,23.469999313354492,23.969999313354492,23.469999313354492,23.860000610351562,3014200,DBC
2009-10-29,20.459590911865234,24.200000762939453,24.270000457763672,23.75,23.75,2377800,DBC
2009-10-30,19.94387435913086,23.59000015258789,24.049999237060547,23.530000686645508,24.020000457763672,2278200,DBC
2009-11-02,20.29050064086914,24.0,24.0,23.549999237060547,23.59000015258789,2008500,DBC
2009-11-03,20.577953338623047,24.34000015258789,24.399999618530273,23.700000762939453,23.799999237060547,2419900,DBC
2009-11-04,20.56104278564453,24.31999969482422,24.610000610351562,24.280000686645508,24.479999542236328,3456400,DBC
2009-11-05,20.451135635375977,24.190000534057617,24.399999618530273,24.149999618530273,24.31999969482422,1924500,DBC
2009-11-06,20.08759880065918,23.760000228881836,24.1299991607666,23.670000076293945,23.940000534057617,2483500,DBC
2009-11-09,20.41731834411621,24.149999618530273,24.229999542236328,24.010000228881836,24.059999465942383,1809600,DBC
2009-11-10,20.315866470336914,24.030000686645508,24.299999237060547,23.790000915527344,24.260000228881836,2451700,DBC
2009-11-11,20.451135635375977,24.190000534057617,24.360000610351562,24.059999465942383,24.290000915527344,1383500,DBC
2009-11-12,20.146778106689453,23.829999923706055,24.139999389648438,23.780000686645508,24.059999465942383,2308200,DBC
2009-11-13,20.12986946105957,23.809999465942383,23.93000030517578,23.610000610351562,23.809999465942383,1058400,DBC
2009-11-16,20.713220596313477,24.5,24.639999389648438,24.010000228881836,24.059999465942383,1080900,DBC
2009-11-17,20.814672470092773,24.6200008392334,24.700000762939453,24.389999389648438,24.510000228881836,2245400,DBC
2009-11-18,20.831581115722656,24.639999389648438,24.93000030517578,24.510000228881836,24.850000381469727,3365300,DBC
2009-11-19,20.53567886352539,24.290000915527344,24.510000228881836,24.100000381469727,24.510000228881836,1484900,DBC
2009-11-20,20.510316848754883,24.260000228881836,24.350000381469727,24.049999237060547,24.110000610351562,4630100,DBC
2009-11-23,20.603315353393555,24.3700008392334,24.780000686645508,24.260000228881836,24.719999313354492,2014600,DBC
2009-11-24,20.366592407226562,24.09000015258789,24.3700008392334,23.959999084472656,24.31999969482422,2632700,DBC
2009-11-25,20.856945037841797,24.670000076293945,24.700000762939453,24.149999618530273,24.239999771118164,1799700,DBC
2009-11-27,20.620223999023438,24.389999389648438,24.459999084472656,23.729999542236328,23.790000915527344,1416200,DBC
2009-11-30,20.84848976135254,24.65999984741211,24.780000686645508,24.200000762939453,24.280000686645508,3340900,DBC
2009-12-01,21.00067138671875,24.84000015258789,25.059999465942383,24.84000015258789,24.920000076293945,2594000,DBC
2009-12-02,20.856945037841797,24.670000076293945,24.959999084472656,24.59000015258789,24.90999984741211,3084400,DBC
2009-12-03,20.840036392211914,24.649999618530273,24.860000610351562,24.59000015258789,24.709999084472656,1631900,DBC
2009-12-04,20.670949935913086,24.450000762939453,24.940000534057617,24.309999465942383,24.8799991607666,3607400,DBC
2009-12-07,20.484952926635742,24.229999542236328,24.5,24.15999984741211,24.200000762939453,2023600,DBC
2009-12-08,20.28204917907715,23.989999771118164,24.190000534057617,23.93000030517578,24.190000534057617,1906900,DBC
2009-12-09,20.028417587280273,23.690000534057617,24.079999923706055,23.389999389648438,24.0,2277800,DBC
2009-12-10,19.918508529663086,23.559999465942383,23.65999984741211,23.31999969482422,23.549999237060547,2051600,DBC
2009-12-11,20.019962310791016,23.68000030517578,23.68000030517578,23.399999618530273,23.639999389648438,2280700,DBC
2009-12-14,20.12986946105957,23.809999465942383,23.860000610351562,23.690000534057617,23.75,2782900,DBC
2009-12-15,20.0368709564209,23.700000762939453,23.889999389648438,23.700000762939453,23.809999465942383,2935200,DBC
2009-12-16,20.383501052856445,24.110000610351562,24.18000030517578,23.8799991607666,23.889999389648438,1447200,DBC
2009-12-17,20.070688247680664,23.739999771118164,23.950000762939453,23.6200008392334,23.899999618530273,1646600,DBC
2009-12-18,20.155231475830078,23.84000015258789,24.049999237060547,23.690000534057617,23.969999313354492,2143000,DBC
2009-12-21,19.960783004760742,23.610000610351562,24.06999969482422,23.610000610351562,24.010000228881836,1138300,DBC
2009-12-22,20.10450553894043,23.780000686645508,23.8700008392334,23.450000762939453,23.670000076293945,2165800,DBC
2009-12-23,20.459590911865234,24.200000762939453,24.260000228881836,23.860000610351562,23.860000610351562,1465200,DBC
2009-12-24,20.577953338623047,24.34000015258789,24.3700008392334,24.229999542236328,24.229999542236328,882900,DBC
2009-12-28,20.941490173339844,24.770000457763672,24.799999237060547,24.670000076293945,24.760000228881836,1932500,DBC
2009-12-29,20.899215698242188,24.719999313354492,24.850000381469727,24.579999923706055,24.850000381469727,2252400,DBC
2009-12-30,20.873855590820312,24.690000534057617,24.799999237060547,24.600000381469727,24.719999313354492,1420400,DBC
2009-12-31,20.814672470092773,24.6200008392334,24.889999389648438,24.600000381469727,24.889999389648438,1649600,DBC
2010-01-04,21.338844299316406,25.239999771118164,25.239999771118164,25.06999969482422,25.170000076293945,2046900,DBC
2010-01-05,21.364208221435547,25.270000457763672,25.329999923706055,25.1200008392334,25.270000457763672,2335400,DBC
2010-01-06,21.744653701782227,25.719999313354492,25.729999542236328,25.299999237060547,25.399999618530273,2262600,DBC
2010-01-07,21.4741153717041,25.399999618530273,25.649999618530273,25.399999618530273,25.6299991607666,1604100,DBC
2010-01-08,21.457204818725586,25.3799991607666,25.479999542236328,25.229999542236328,25.34000015258789,1565300,DBC
2010-01-11,21.389572143554688,25.299999237060547,25.59000015258789,25.260000228881836,25.56999969482422,1493800,DBC
2010-01-12,20.933032989501953,24.760000228881836,25.110000610351562,24.6200008392334,25.049999237060547,3256300,DBC
2010-01-13,20.949941635131836,24.780000686645508,24.809999465942383,24.329999923706055,24.6299991607666,3565200,DBC
2010-01-14,20.840036392211914,24.649999618530273,24.860000610351562,24.549999237060547,24.81999969482422,1622200,DBC
2010-01-15,20.603315353393555,24.3700008392334,24.610000610351562,24.299999237060547,24.59000015258789,1427200,DBC
2010-01-19,20.738584518432617,24.530000686645508,24.530000686645508,24.100000381469727,24.18000030517578,2316500,DBC
2010-01-20,20.34968376159668,24.06999969482422,24.219999313354492,23.940000534057617,24.209999084472656,1848500,DBC
2010-01-21,20.096052169799805,23.770000457763672,24.229999542236328,23.719999313354492,24.139999389648438,2452400,DBC
2010-01-22,19.88469123840332,23.520000457763672,23.709999084472656,23.360000610351562,23.6299991607666,3609600,DBC
2010-01-25,19.977689743041992,23.6299991607666,23.68000030517578,23.479999542236328,23.489999771118164,1718100,DBC
2010-01-26,19.757877349853516,23.3700008392334,23.549999237060547,23.25,23.270000457763672,1403100,DBC
2010-01-27,19.470426559448242,23.030000686645508,23.350000381469727,22.860000610351562,23.239999771118164,2082100,DBC
2010-01-28,19.40279197692871,22.950000762939453,23.110000610351562,22.75,23.06999969482422,1344900,DBC
2010-01-29,19.182979583740234,22.690000534057617,23.1200008392334,22.65999984741211,23.030000686645508,2810100,DBC
2010-02-01,19.64797019958496,23.239999771118164,23.239999771118164,22.75,22.829999923706055,2807600,DBC
2010-02-02,20.070688247680664,23.739999771118164,23.770000457763672,23.260000228881836,23.309999465942383,13788100,DBC
2010-02-03,19.825511932373047,23.450000762939453,23.770000457763672,23.43000030517578,23.649999618530273,4795500,DBC
2010-02-04,19.166072845458984,22.670000076293945,23.229999542236328,22.610000610351562,23.200000762939453,4453900,DBC
2010-02-05,18.9208927154541,22.3799991607666,22.68000030517578,21.829999923706055,22.600000381469727,11514400,DBC
2010-02-08,18.92934799194336,22.389999389648438,22.56999969482422,22.25,22.3799991607666,1608100,DBC
2010-02-09,19.26752281188965,22.790000915527344,22.93000030517578,22.479999542236328,22.56999969482422,2047300,DBC
2010-02-10,19.343610763549805,22.8799991607666,23.059999465942383,22.520000457763672,23.059999465942383,1842300,DBC
2010-02-11,19.57187843322754,23.149999618530273,23.239999771118164,22.760000228881836,22.920000076293945,1727000,DBC
2010-02-12,19.461973190307617,23.020000457763672,23.020000457763672,22.719999313354492,22.899999618530273,1374300,DBC
2010-02-16,20.05377960205078,23.719999313354492,23.739999771118164,23.3799991607666,23.389999389648438,1398600,DBC
2010-02-17,19.952327728271484,23.600000381469727,23.739999771118164,23.479999542236328,23.700000762939453,1526800,DBC
2010-02-18,20.12986946105957,23.809999465942383,23.84000015258789,23.59000015258789,23.690000534057617,1311900,DBC
2010-02-19,20.248231887817383,23.950000762939453,24.0,23.600000381469727,23.670000076293945,1729200,DBC
2010-02-22,20.138324737548828,23.81999969482422,23.979999542236328,23.739999771118164,23.950000762939453,1796300,DBC
2010-02-23,19.808603286743164,23.43000030517578,23.670000076293945,23.389999389648438,23.610000610351562,1833000,DBC
2010-02-24,19.969236373901367,23.6200008392334,23.68000030517578,23.360000610351562,23.469999313354492,1581200,DBC
2010-02-25,19.631059646606445,23.219999313354492,23.270000457763672,23.010000228881836,23.149999618530273,1383700,DBC
2010-02-26,19.977689743041992,23.6299991607666,23.6299991607666,23.290000915527344,23.290000915527344,1536900,DBC
2010-03-01,19.774784088134766,23.389999389648438,23.790000915527344,23.280000686645508,23.729999542236328,2366400,DBC
2010-03-02,19.986143112182617,23.639999389648438,23.790000915527344,23.459999084472656,23.479999542236328,1425800,DBC
2010-03-03,20.18059730529785,23.8700008392334,23.979999542236328,23.6299991607666,23.709999084472656,1972000,DBC
2010-03-04,20.003053665161133,23.65999984741211,23.829999923706055,23.559999465942383,23.770000457763672,1841300,DBC
2010-03-05,20.239776611328125,23.940000534057617,24.020000457763672,23.81999969482422,23.850000381469727,1384000,DBC
2010-03-08,20.214414596557617,23.90999984741211,24.040000915527344,23.75,24.040000915527344,1450800,DBC
2010-03-09,19.994598388671875,23.649999618530273,23.850000381469727,23.649999618530273,23.690000534057617,2064000,DBC
2010-03-10,20.05377960205078,23.719999313354492,23.989999771118164,23.5,23.649999618530273,1705400,DBC
2010-03-11,20.003053665161133,23.65999984741211,23.690000534057617,23.530000686645508,23.6200008392334,1438400,DBC
2010-03-12,19.88469123840332,23.520000457763672,23.770000457763672,23.420000076293945,23.739999771118164,1669300,DBC
2010-03-15,19.64797019958496,23.239999771118164,23.389999389648438,23.110000610351562,23.3799991607666,1817600,DBC
2010-03-16,19.91005516052246,23.549999237060547,23.68000030517578,23.420000076293945,23.469999313354492,1549700,DBC
2010-03-17,20.08759880065918,23.760000228881836,23.8799991607666,23.579999923706055,23.709999084472656,2185600,DBC
2010-03-18,20.045324325561523,23.709999084472656,23.780000686645508,23.610000610351562,23.739999771118164,1524900,DBC
2010-03-19,19.80014991760254,23.420000076293945,23.700000762939453,23.260000228881836,23.420000076293945,1576900,DBC
2010-03-22,19.80014991760254,23.420000076293945,23.459999084472656,22.989999771118164,23.06999969482422,3003900,DBC
2010-03-23,19.715604782104492,23.31999969482422,23.469999313354492,23.239999771118164,23.329999923706055,1647200,DBC
2010-03-24,19.495790481567383,23.059999465942383,23.15999984741211,22.979999542236328,23.049999237060547,1622700,DBC
2010-03-25,19.38588523864746,22.93000030517578,23.229999542236328,22.90999984741211,23.209999084472656,3071500,DBC
2010-03-26,19.419702529907227,22.969999313354492,23.110000610351562,22.8799991607666,23.059999465942383,1626500,DBC
2010-03-29,19.859329223632812,23.489999771118164,23.56999969482422,23.239999771118164,23.25,2449500,DBC
2010-03-30,19.901601791381836,23.540000915527344,23.579999923706055,23.399999618530273,23.520000457763672,1091300,DBC
2010-03-31,19.88469123840332,23.520000457763672,23.709999084472656,23.450000762939453,23.639999389648438,1193900,DBC
2010-04-01,20.27359390258789,23.979999542236328,24.010000228881836,23.739999771118164,23.790000915527344,1665900,DBC
2010-04-05,20.59486198425293,24.360000610351562,24.3799991607666,24.1299991607666,24.1299991607666,1723500,DBC
2010-04-06,20.577953338623047,24.34000015258789,24.450000762939453,24.25,24.309999465942383,1609500,DBC
2010-04-07,20.501863479614258,24.25,24.450000762939453,24.170000076293945,24.329999923706055,1542500,DBC
2010-04-08,20.46804428100586,24.209999084472656,24.229999542236328,24.049999237060547,24.110000610351562,1069800,DBC
2010-04-09,20.510316848754883,24.260000228881836,24.389999389648438,24.149999618530273,24.309999465942383,987900,DBC
2010-04-12,20.493410110473633,24.239999771118164,24.530000686645508,24.209999084472656,24.40999984741211,1300100,DBC
2010-04-13,20.569496154785156,24.329999923706055,24.399999618530273,24.040000915527344,24.31999969482422,860200,DBC
2010-04-14,20.80621910095215,24.610000610351562,24.709999084472656,24.389999389648438,24.489999771118164,1454500,DBC
2010-04-15,20.882308959960938,24.700000762939453,24.719999313354492,24.56999969482422,24.65999984741211,2087200,DBC
2010-04-16,20.501863479614258,24.25,24.610000610351562,24.100000381469727,24.549999237060547,1506500,DBC
2010-04-19,20.239776611328125,23.940000534057617,24.06999969482422,23.75,24.06999969482422,2749500,DBC
2010-04-20,20.400407791137695,24.1299991607666,24.229999542236328,24.030000686645508,24.06999969482422,1977900,DBC
2010-04-21,20.501863479614258,24.25,24.3700008392334,24.0,24.219999313354492,1687400,DBC
2010-04-22,20.552589416503906,24.309999465942383,24.309999465942383,23.93000030517578,24.049999237060547,1618300,DBC
2010-04-23,20.68785858154297,24.469999313354492,24.5,24.1200008392334,24.15999984741211,1137100,DBC
2010-04-26,20.586408615112305,24.350000381469727,24.56999969482422,24.329999923706055,24.520000457763672,925700,DBC
2010-04-27,20.27359390258789,23.979999542236328,24.399999618530273,23.93000030517578,24.219999313354492,1517700,DBC
2010-04-28,20.341228485107422,24.059999465942383,24.139999389648438,23.8799991607666,24.030000686645508,1620000,DBC
2010-04-29,20.501863479614258,24.25,24.3700008392334,24.219999313354492,24.290000915527344,1316600,DBC
2010-04-30,20.662498474121094,24.440000534057617,24.489999771118164,24.229999542236328,24.399999618530273,2476400,DBC
2010-05-03,20.763946533203125,24.559999465942383,24.65999984741211,24.450000762939453,24.489999771118164,2355800,DBC
2010-05-04,20.20595932006836,23.899999618530273,24.31999969482422,23.8799991607666,24.280000686645508,2435900,DBC
2010-05-05,19.749422073364258,23.360000610351562,23.579999923706055,23.110000610351562,23.18000030517578,7516400,DBC
2010-05-06,19.360519409179688,22.899999618530273,23.31999969482422,22.549999237060547,23.170000076293945,3574100,DBC
2010-05-07,19.25906753540039,22.780000686645508,22.90999984741211,22.5,22.790000915527344,3752200,DBC
2010-05-10,19.631059646606445,23.219999313354492,23.350000381469727,23.040000915527344,23.280000686645508,2334400,DBC
2010-05-11,19.59724235534668,23.18000030517578,23.280000686645508,23.020000457763672,23.020000457763672,1730400,DBC
2010-05-12,19.757877349853516,23.3700008392334,23.5,23.190000534057617,23.360000610351562,1831900,DBC
2010-05-13,19.588788986206055,23.170000076293945,23.40999984741211,23.170000076293945,23.309999465942383,1337600,DBC
2010-05-14,19.089982986450195,22.579999923706055,23.0,22.479999542236328,23.0,1702200,DBC
2010-05-17,18.54890251159668,21.940000534057617,22.5,21.8700008392334,22.420000076293945,2636100,DBC
2010-05-18,18.523536682128906,21.90999984741211,22.309999465942383,21.850000381469727,22.299999237060547,1979100,DBC
2010-05-19,18.354446411132812,21.709999084472656,21.790000915527344,21.40999984741211,21.709999084472656,4000900,DBC
2010-05-20,17.974000930786133,21.260000228881836,21.440000534057617,21.020000457763672,21.239999771118164,3071500,DBC
2010-05-21,18.159997940063477,21.479999542236328,21.649999618530273,21.1299991607666,21.190000534057617,3529200,DBC
2010-05-24,18.143091201782227,21.459999084472656,21.600000381469727,21.40999984741211,21.510000228881836,2873300,DBC
2010-05-25,17.99936866760254,21.290000915527344,21.290000915527344,20.84000015258789,20.93000030517578,2565700,DBC
2010-05-26,18.193817138671875,21.520000457763672,21.68000030517578,21.43000030517578,21.43000030517578,1614200,DBC
2010-05-27,18.726444244384766,22.149999618530273,22.170000076293945,21.780000686645508,21.790000915527344,2069500,DBC
2010-05-28,18.565811157226562,21.959999084472656,22.170000076293945,21.75,22.059999465942383,2489300,DBC
2010-06-01,18.219179153442383,21.549999237060547,22.079999923706055,21.549999237060547,21.760000228881836,3618300,DBC
2010-06-02,18.438993453979492,21.809999465942383,21.860000610351562,21.540000915527344,21.639999389648438,1395800,DBC
2010-06-03,18.54044532775879,21.93000030517578,21.950000762939453,21.610000610351562,21.799999237060547,1162900,DBC
2010-06-04,17.96554946899414,21.25,21.690000534057617,21.219999313354492,21.68000030517578,2423300,DBC
2010-06-07,17.99936866760254,21.290000915527344,21.469999313354492,21.170000076293945,21.200000762939453,1406100,DBC
2010-06-08,18.143091201782227,21.459999084472656,21.489999771118164,21.270000457763672,21.360000610351562,3121500,DBC
2010-06-09,18.22763442993164,21.559999465942383,21.75,21.540000915527344,21.65999984741211,1570000,DBC
2010-06-10,18.531991958618164,21.920000076293945,21.989999771118164,21.739999771118164,21.799999237060547,1341100,DBC
2010-06-11,18.557355880737305,21.950000762939453,21.950000762939453,21.700000762939453,21.799999237060547,2334000,DBC
2010-06-14,18.60807991027832,22.010000228881836,22.229999542236328,21.950000762939453,22.1299991607666,1647200,DBC
2010-06-15,18.9208927154541,22.3799991607666,22.43000030517578,22.09000015258789,22.15999984741211,1778600,DBC
2010-06-16,18.963167190551758,22.43000030517578,22.510000228881836,22.219999313354492,22.31999969482422,1320600,DBC
2010-06-17,18.971622467041016,22.440000534057617,22.579999923706055,22.360000610351562,22.56999969482422,1183100,DBC
2010-06-18,18.937803268432617,22.399999618530273,22.520000457763672,22.299999237060547,22.3700008392334,1929900,DBC
2010-06-21,18.86171531677246,22.309999465942383,22.770000457763672,22.239999771118164,22.739999771118164,1081100,DBC
2010-06-22,18.819440841674805,22.260000228881836,22.450000762939453,22.229999542236328,22.3799991607666,1540300,DBC
2010-06-23,18.506628036499023,21.889999389648438,22.15999984741211,21.850000381469727,22.15999984741211,1179500,DBC
2010-06-24,18.54890251159668,21.940000534057617,22.030000686645508,21.829999923706055,21.989999771118164,1196000,DBC
2010-06-25,18.887075424194336,22.34000015258789,22.389999389648438,22.040000915527344,22.139999389648438,1452700,DBC
2010-06-28,18.684171676635742,22.100000381469727,22.280000686645508,22.079999923706055,22.25,3621500,DBC
2010-06-29,18.168455123901367,21.489999771118164,21.709999084472656,21.440000534057617,21.700000762939453,1756400,DBC
2010-06-30,18.236087799072266,21.56999969482422,21.799999237060547,21.469999313354492,21.520000457763672,5303500,DBC
2010-07-01,17.957094192504883,21.239999771118164,21.479999542236328,21.079999923706055,21.469999313354492,1622700,DBC
2010-07-02,17.92327880859375,21.200000762939453,21.3700008392334,21.100000381469727,21.31999969482422,1682600,DBC
2010-07-06,17.974000930786133,21.260000228881836,21.600000381469727,21.170000076293945,21.469999313354492,1373000,DBC
2010-07-07,18.379812240600586,21.739999771118164,21.739999771118164,21.360000610351562,21.360000610351562,1319600,DBC
2010-07-08,18.54890251159668,21.940000534057617,21.969999313354492,21.639999389648438,21.829999923706055,1514200,DBC
2010-07-09,18.582719802856445,21.979999542236328,22.030000686645508,21.81999969482422,21.899999618530273,1278200,DBC
2010-07-12,18.37135887145996,21.729999542236328,21.90999984741211,21.649999618530273,21.850000381469727,702300,DBC
2010-07-13,18.66726303100586,22.079999923706055,22.1299991607666,22.0,22.040000915527344,1164400,DBC
2010-07-14,18.633445739746094,22.040000915527344,22.25,21.959999084472656,22.059999465942383,1135500,DBC
2010-07-15,18.81098747253418,22.25,22.25,21.860000610351562,22.190000534057617,1078500,DBC
2010-07-16,18.574262619018555,21.969999313354492,22.100000381469727,21.850000381469727,22.079999923706055,866000,DBC
2010-07-19,18.557355880737305,21.950000762939453,22.219999313354492,21.829999923706055,22.030000686645508,1203200,DBC
2010-07-20,18.70953369140625,22.1299991607666,22.139999389648438,21.850000381469727,21.860000610351562,2829900,DBC
2010-07-21,18.6588077545166,22.06999969482422,22.360000610351562,22.030000686645508,22.360000610351562,1532200,DBC
2010-07-22,19.03080177307129,22.510000228881836,22.56999969482422,22.3700008392334,22.399999618530273,953100,DBC
2010-07-23,18.971622467041016,22.440000534057617,22.530000686645508,22.3700008392334,22.450000762939453,922500,DBC
2010-07-26,18.9547119140625,22.420000076293945,22.5,22.360000610351562,22.440000534057617,936200,DBC
2010-07-27,18.751808166503906,22.18000030517578,22.530000686645508,22.049999237060547,22.489999771118164,1219200,DBC
2010-07-28,18.827898025512695,22.270000457763672,22.34000015258789,22.110000610351562,22.239999771118164,1408200,DBC
2010-07-29,19.09843635559082,22.59000015258789,22.68000030517578,22.43000030517578,22.520000457763672,839700,DBC
2010-07-30,19.352066040039062,22.889999389648438,22.920000076293945,22.450000762939453,22.489999771118164,1062700,DBC
2010-08-02,19.72406005859375,23.329999923706055,23.479999542236328,23.299999237060547,23.329999923706055,1583400,DBC
2010-08-03,19.79169464111328,23.40999984741211,23.469999313354492,23.290000915527344,23.389999389648438,1362700,DBC
2010-08-04,19.960783004760742,23.610000610351562,23.690000534057617,23.469999313354492,23.559999465942383,2179600,DBC
2010-08-05,19.86778450012207,23.5,23.719999313354492,23.5,23.65999984741211,1210300,DBC
2010-08-06,19.690242767333984,23.290000915527344,23.59000015258789,23.149999618530273,23.389999389648438,1406400,DBC
2010-08-09,19.757877349853516,23.3700008392334,23.440000534057617,23.280000686645508,23.350000381469727,670600,DBC
2010-08-10,19.546518325805664,23.1200008392334,23.219999313354492,22.899999618530273,22.969999313354492,2217900,DBC
2010-08-11,19.106891632080078,22.600000381469727,22.889999389648438,22.579999923706055,22.8799991607666,1301400,DBC
2010-08-12,18.963167190551758,22.43000030517578,22.65999984741211,22.389999389648438,22.489999771118164,11204100,DBC
2010-08-13,18.946256637573242,22.40999984741211,22.5,22.34000015258789,22.469999313354492,1819900,DBC
2010-08-16,18.887075424194336,22.34000015258789,22.479999542236328,22.309999465942383,22.399999618530273,957900,DBC
2010-08-17,19.157615661621094,22.65999984741211,22.760000228881836,22.540000915527344,22.56999969482422,1493600,DBC
2010-08-18,19.081527709960938,22.56999969482422,22.65999984741211,22.329999923706055,22.459999084472656,952300,DBC
2010-08-19,18.887075424194336,22.34000015258789,22.610000610351562,22.290000915527344,22.610000610351562,1005900,DBC
2010-08-20,18.768712997436523,22.200000762939453,22.239999771118164,22.110000610351562,22.209999084472656,1032400,DBC
2010-08-23,18.64189910888672,22.049999237060547,22.290000915527344,22.0,22.149999618530273,873400,DBC
2010-08-24,18.430538177490234,21.799999237060547,21.90999984741211,21.75,21.81999969482422,2209900,DBC
2010-08-25,18.523536682128906,21.90999984741211,21.90999984741211,21.6299991607666,21.719999313354492,1158700,DBC
2010-08-26,18.73489761352539,22.15999984741211,22.280000686645508,22.079999923706055,22.100000381469727,1224900,DBC
2010-08-27,19.056163787841797,22.540000915527344,22.579999923706055,22.06999969482422,22.25,1142000,DBC
2010-08-30,19.0223445892334,22.5,22.649999618530273,22.489999771118164,22.540000915527344,890600,DBC
2010-08-31,18.768712997436523,22.200000762939453,22.600000381469727,22.170000076293945,22.520000457763672,1091500,DBC
2010-09-01,19.140708923339844,22.639999389648438,22.709999084472656,22.5,22.5,1217400,DBC
2010-09-02,19.275978088378906,22.799999237060547,22.84000015258789,22.549999237060547,22.579999923706055,1633900,DBC
2010-09-03,19.377429962158203,22.920000076293945,22.969999313354492,22.649999618530273,22.889999389648438,963700,DBC
2010-09-07,19.478883743286133,23.040000915527344,23.18000030517578,22.770000457763672,22.860000610351562,989000,DBC
2010-09-08,19.521154403686523,23.09000015258789,23.239999771118164,23.06999969482422,23.06999969482422,951800,DBC
2010-09-09,19.41124725341797,22.959999084472656,23.190000534057617,22.940000534057617,23.149999618530273,1149800,DBC
2010-09-10,19.614154815673828,23.200000762939453,23.200000762939453,22.969999313354492,22.989999771118164,1201700,DBC
2010-09-13,19.757877349853516,23.3700008392334,23.43000030517578,23.290000915527344,23.360000610351562,1315200,DBC
2010-09-14,19.81705665588379,23.440000534057617,23.56999969482422,23.309999465942383,23.309999465942383,1438500,DBC
2010-09-15,19.783239364624023,23.399999618530273,23.440000534057617,23.309999465942383,23.350000381469727,1278000,DBC
2010-09-16,19.68178939819336,23.280000686645508,23.489999771118164,23.18000030517578,23.440000534057617,844300,DBC
2010-09-17,19.749422073364258,23.360000610351562,23.489999771118164,23.200000762939453,23.450000762939453,1236300,DBC
2010-09-20,19.91005516052246,23.549999237060547,23.690000534057617,23.459999084472656,23.459999084472656,1107500,DBC
2010-09-21,19.69869613647461,23.299999237060547,23.540000915527344,23.290000915527344,23.520000457763672,1400300,DBC
2010-09-22,19.81705665588379,23.440000534057617,23.540000915527344,23.309999465942383,23.5,1052000,DBC
2010-09-23,19.833965301513672,23.459999084472656,23.559999465942383,23.280000686645508,23.290000915527344,1070800,DBC
2010-09-24,20.138324737548828,23.81999969482422,23.860000610351562,23.59000015258789,23.59000015258789,1266300,DBC
2010-09-27,20.003053665161133,23.65999984741211,23.850000381469727,23.530000686645508,23.809999465942383,959900,DBC
2010-09-28,20.003053665161133,23.65999984741211,23.860000610351562,23.579999923706055,23.649999618530273,1621100,DBC
2010-09-29,20.26513671875,23.969999313354492,23.989999771118164,23.479999542236328,23.549999237060547,1137600,DBC
2010-09-30,20.383501052856445,24.110000610351562,24.1200008392334,23.780000686645508,24.040000915527344,2265900,DBC
2010-10-01,20.425771713256836,24.15999984741211,24.3799991607666,24.079999923706055,24.280000686645508,3049300,DBC
2010-10-04,20.358139038085938,24.079999923706055,24.200000762939453,24.030000686645508,24.139999389648438,1412800,DBC
2010-10-05,20.772401809692383,24.56999969482422,24.579999923706055,24.25,24.290000915527344,2483200,DBC
2010-10-06,20.780853271484375,24.579999923706055,24.729999542236328,24.520000457763672,24.56999969482422,7915000,DBC
2010-10-07,20.569496154785156,24.329999923706055,24.790000915527344,24.270000457763672,24.790000915527344,2212800,DBC
2010-10-08,21.254301071166992,25.139999389648438,25.149999618530273,24.559999465942383,24.6299991607666,4032800,DBC
2010-10-11,21.152847290039062,25.020000457763672,25.260000228881836,25.0,25.110000610351562,1333400,DBC
2010-10-12,21.254301071166992,25.139999389648438,25.219999313354492,24.860000610351562,25.020000457763672,2043200,DBC
2010-10-13,21.355754852294922,25.260000228881836,25.399999618530273,25.229999542236328,25.290000915527344,1886600,DBC
2010-10-14,21.321935653686523,25.219999313354492,25.469999313354492,25.18000030517578,25.280000686645508,1565300,DBC
2010-10-15,21.08521270751953,24.940000534057617,25.280000686645508,24.889999389648438,25.239999771118164,1094100,DBC
2010-10-18,21.296573638916016,25.190000534057617,25.239999771118164,24.959999084472656,25.020000457763672,1174800,DBC
2010-10-19,20.670949935913086,24.450000762939453,24.8700008392334,24.420000076293945,24.68000030517578,1722300,DBC
2010-10-20,21.16130256652832,25.030000686645508,25.079999923706055,24.610000610351562,24.610000610351562,2076100,DBC
2010-10-21,20.899215698242188,24.719999313354492,25.18000030517578,24.6200008392334,25.079999923706055,1836600,DBC
2010-10-22,21.07676124572754,24.93000030517578,24.93000030517578,24.729999542236328,24.850000381469727,1074800,DBC
2010-10-25,21.18666648864746,25.059999465942383,25.260000228881836,24.90999984741211,25.190000534057617,1365100,DBC
2010-10-26,21.296573638916016,25.190000534057617,25.209999084472656,24.969999313354492,24.979999542236328,1769300,DBC
2010-10-27,21.22893524169922,25.110000610351562,25.1299991607666,24.799999237060547,24.979999542236328,1376900,DBC
2010-10-28,21.338844299316406,25.239999771118164,25.31999969482422,25.1299991607666,25.299999237060547,1776300,DBC
2010-10-29,21.28812026977539,25.18000030517578,25.229999542236328,25.020000457763672,25.139999389648438,1606100,DBC
2010-11-01,21.423389434814453,25.34000015258789,25.639999389648438,25.290000915527344,25.6299991607666,1939800,DBC
2010-11-02,21.61783790588379,25.56999969482422,25.610000610351562,25.489999771118164,25.610000610351562,1920000,DBC
2010-11-03,21.71929359436035,25.690000534057617,25.75,25.350000381469727,25.6200008392334,2448200,DBC
2010-11-04,22.235010147094727,26.299999237060547,26.34000015258789,26.06999969482422,26.149999618530273,2715100,DBC
2010-11-05,22.328006744384766,26.40999984741211,26.40999984741211,26.170000076293945,26.270000457763672,2701200,DBC
2010-11-08,22.387187957763672,26.479999542236328,26.489999771118164,26.229999542236328,26.309999465942383,1792800,DBC
2010-11-09,22.235010147094727,26.299999237060547,26.920000076293945,26.260000228881836,26.729999542236328,3435400,DBC
2010-11-10,22.471731185913086,26.579999923706055,26.65999984741211,26.329999923706055,26.549999237060547,1735500,DBC
2010-11-11,22.285734176635742,26.360000610351562,26.579999923706055,26.329999923706055,26.579999923706055,1847400,DBC
2010-11-12,21.355754852294922,25.260000228881836,25.979999542236328,25.229999542236328,25.920000076293945,1832900,DBC
2010-11-15,21.389572143554688,25.299999237060547,25.520000457763672,25.299999237060547,25.459999084472656,2162600,DBC
2010-11-16,20.755491256713867,24.549999237060547,25.06999969482422,24.510000228881836,25.059999465942383,3073400,DBC
2010-11-17,20.59486198425293,24.360000610351562,24.75,24.329999923706055,24.559999465942383,2566500,DBC
2010-11-18,21.152847290039062,25.020000457763672,25.020000457763672,24.760000228881836,24.899999618530273,2002500,DBC
2010-11-19,20.84848976135254,24.65999984741211,24.84000015258789,24.579999923706055,24.780000686645508,3559400,DBC
2010-11-22,20.91612434387207,24.739999771118164,24.760000228881836,24.43000030517578,24.6200008392334,2719100,DBC
2010-11-23,20.865400314331055,24.68000030517578,24.739999771118164,24.3700008392334,24.479999542236328,1450200,DBC
2010-11-24,21.254301071166992,25.139999389648438,25.149999618530273,24.739999771118164,24.739999771118164,1643000,DBC
2010-11-26,21.355754852294922,25.260000228881836,25.260000228881836,24.950000762939453,24.969999313354492,659900,DBC
2010-11-29,21.39802360534668,25.309999465942383,25.329999923706055,25.0,25.200000762939453,1594000,DBC
2010-11-30,21.195119857788086,25.06999969482422,25.280000686645508,25.030000686645508,25.1299991607666,1606100,DBC
2010-12-01,21.82074546813965,25.809999465942383,25.829999923706055,25.489999771118164,25.5,2078400,DBC
2010-12-02,22.006742477416992,26.030000686645508,26.049999237060547,25.770000457763672,25.770000457763672,2401400,DBC
2010-12-03,22.285734176635742,26.360000610351562,26.420000076293945,26.059999465942383,26.06999969482422,2571400,DBC
2010-12-06,22.260372161865234,26.329999923706055,26.3799991607666,26.190000534057617,26.309999465942383,1868900,DBC
2010-12-07,22.108196258544922,26.149999618530273,26.719999313354492,26.1299991607666,26.700000762939453,1710800,DBC
2010-12-08,22.277280807495117,26.350000381469727,26.389999389648438,26.030000686645508,26.260000228881836,1690800,DBC
2010-12-09,22.218103408813477,26.280000686645508,26.40999984741211,26.200000762939453,26.3700008392334,2535000,DBC
2010-12-10,22.184284210205078,26.239999771118164,26.290000915527344,26.049999237060547,26.290000915527344,1439800,DBC
2010-12-13,22.404094696044922,26.5,26.6200008392334,26.40999984741211,26.559999465942383,1330900,DBC
2010-12-14,22.34491539001465,26.43000030517578,26.600000381469727,26.3799991607666,26.479999542236328,1226500,DBC
2010-12-15,22.285734176635742,26.360000610351562,26.600000381469727,26.290000915527344,26.309999465942383,1304500,DBC
2010-12-16,22.209646224975586,26.270000457763672,26.389999389648438,26.200000762939453,26.389999389648438,1587100,DBC
2010-12-17,22.378732681274414,26.469999313354492,26.549999237060547,26.34000015258789,26.360000610351562,1321200,DBC
2010-12-20,22.581636428833008,26.709999084472656,26.780000686645508,26.43000030517578,26.610000610351562,2017100,DBC
2010-12-21,22.725360870361328,26.8799991607666,26.940000534057617,26.770000457763672,26.809999465942383,2422200,DBC
2010-12-22,22.84372329711914,27.020000457763672,27.049999237060547,26.8799991607666,26.93000030517578,1361900,DBC
2010-12-23,22.928268432617188,27.1200008392334,27.149999618530273,26.93000030517578,26.969999313354492,1367200,DBC
2010-12-27,22.885995864868164,27.06999969482422,27.139999389648438,26.959999084472656,27.040000915527344,1534400,DBC
2010-12-28,23.131174087524414,27.360000610351562,27.389999389648438,27.200000762939453,27.290000915527344,1148000,DBC
2010-12-29,23.139625549316406,27.3700008392334,27.399999618530273,27.31999969482422,27.360000610351562,1789100,DBC
2010-12-30,22.860631942749023,27.040000915527344,27.309999465942383,26.920000076293945,27.260000228881836,1612300,DBC
2010-12-31,23.291805267333984,27.549999237060547,27.670000076293945,27.110000610351562,27.149999618530273,991100,DBC
2011-01-03,23.393259048461914,27.670000076293945,27.979999542236328,27.649999618530273,27.829999923706055,2385800,DBC
2011-01-04,23.080446243286133,27.299999237060547,27.709999084472656,27.059999465942383,27.690000534057617,3117800,DBC
2011-01-05,23.325624465942383,27.59000015258789,27.59000015258789,26.959999084472656,27.030000686645508,2801700,DBC
2011-01-06,23.0128116607666,27.219999313354492,27.610000610351562,27.18000030517578,27.600000381469727,2709700,DBC
2011-01-07,22.928268432617188,27.1200008392334,27.309999465942383,26.899999618530273,27.139999389648438,3047200,DBC
2011-01-10,23.198808670043945,27.440000534057617,27.459999084472656,27.239999771118164,27.34000015258789,1532500,DBC
2011-01-11,23.460895538330078,27.75,27.790000915527344,27.530000686645508,27.649999618530273,1822800,DBC
2011-01-12,23.613073348999023,27.93000030517578,28.100000381469727,27.8799991607666,28.0,6347100,DBC
2011-01-13,23.579256057739258,27.889999389648438,28.0,27.770000457763672,27.979999542236328,3014400,DBC
2011-01-14,23.689163208007812,28.020000457763672,28.079999923706055,27.790000915527344,27.860000610351562,3428100,DBC
2011-01-18,23.66379737854004,27.989999771118164,28.1200008392334,27.850000381469727,27.8799991607666,1934600,DBC
2011-01-19,23.6384334564209,27.959999084472656,28.219999313354492,27.950000762939453,28.209999084472656,2346400,DBC
2011-01-20,23.40171241760254,27.68000030517578,27.790000915527344,27.420000076293945,27.6299991607666,3122100,DBC
2011-01-21,23.6384334564209,27.959999084472656,27.989999771118164,27.739999771118164,27.780000686645508,2637900,DBC
2011-01-24,23.435531616210938,27.719999313354492,27.989999771118164,27.690000534057617,27.889999389648438,1923100,DBC
2011-01-25,23.139625549316406,27.3700008392334,27.420000076293945,27.31999969482422,27.3700008392334,2410500,DBC
2011-01-26,23.655344009399414,27.979999542236328,28.0,27.479999542236328,27.520000457763672,3200800,DBC
2011-01-27,23.45244026184082,27.739999771118164,28.030000686645508,27.729999542236328,27.989999771118164,2182200,DBC
2011-01-28,23.748342514038086,28.09000015258789,28.209999084472656,27.81999969482422,27.850000381469727,2039900,DBC
2011-01-31,24.12033462524414,28.530000686645508,28.68000030517578,28.1299991607666,28.149999618530273,3320600,DBC
2011-02-01,24.29787826538086,28.739999771118164,28.81999969482422,28.600000381469727,28.639999389648438,3191500,DBC
2011-02-02,24.53459930419922,29.020000457763672,29.049999237060547,28.790000915527344,28.8700008392334,2706800,DBC
2011-02-03,24.373966217041016,28.829999923706055,29.079999923706055,28.719999313354492,29.040000915527344,1994100,DBC
2011-02-04,24.23869514465332,28.670000076293945,28.93000030517578,28.5,28.90999984741211,1113600,DBC
2011-02-07,24.171058654785156,28.59000015258789,28.799999237060547,28.5,28.690000534057617,1358600,DBC
2011-02-08,24.331695556640625,28.780000686645508,28.780000686645508,28.43000030517578,28.510000228881836,1557500,DBC
2011-02-09,24.450054168701172,28.920000076293945,28.959999084472656,28.68000030517578,28.770000457763672,2109100,DBC
2011-02-10,24.30632781982422,28.75,28.950000762939453,28.670000076293945,28.829999923706055,1175500,DBC
2011-02-11,24.221786499023438,28.649999618530273,28.75,28.5,28.729999542236328,1730500,DBC
2011-02-14,24.340147018432617,28.790000915527344,29.020000457763672,28.739999771118164,28.760000228881836,1804600,DBC
2011-02-15,24.027334213256836,28.420000076293945,28.770000457763672,28.270000457763672,28.709999084472656,3146500,DBC
2011-02-16,24.204875946044922,28.6299991607666,28.729999542236328,28.479999542236328,28.579999923706055,1806500,DBC
2011-02-17,24.280967712402344,28.719999313354492,28.75,28.579999923706055,28.700000762939453,1762700,DBC
2011-02-18,24.255605697631836,28.690000534057617,28.860000610351562,28.479999542236328,28.489999771118164,2589800,DBC
2011-02-22,24.221786499023438,28.649999618530273,29.149999618530273,28.6299991607666,29.149999618530273,2474900,DBC
2011-02-23,24.762868881225586,29.290000915527344,29.309999465942383,28.790000915527344,28.790000915527344,3441700,DBC
2011-02-24,24.543054580688477,29.030000686645508,29.489999771118164,28.889999389648438,29.420000076293945,3552700,DBC
2011-02-25,25.084135055541992,29.670000076293945,29.709999084472656,29.149999618530273,29.280000686645508,1799300,DBC
2011-02-28,25.126405715942383,29.719999313354492,29.809999465942383,29.56999969482422,29.670000076293945,2586200,DBC
2011-03-01,25.506853103637695,30.170000076293945,30.18000030517578,29.81999969482422,29.899999618530273,3760900,DBC
2011-03-02,25.608306884765625,30.290000915527344,30.450000762939453,30.100000381469727,30.209999084472656,3743900,DBC
2011-03-03,25.599851608276367,30.280000686645508,30.34000015258789,30.040000915527344,30.200000762939453,2067200,DBC
2011-03-04,25.726665496826172,30.43000030517578,30.5,30.290000915527344,30.420000076293945,2162800,DBC
2011-03-07,25.608306884765625,30.290000915527344,30.670000076293945,30.25,30.639999389648438,2120000,DBC
2011-03-08,25.38848876953125,30.030000686645508,30.200000762939453,29.920000076293945,30.190000534057617,2212600,DBC
2011-03-09,25.48994255065918,30.149999618530273,30.350000381469727,29.989999771118164,30.229999542236328,1597200,DBC
2011-03-10,25.075679779052734,29.65999984741211,29.950000762939453,29.479999542236328,29.8700008392334,2338900,DBC
2011-03-11,24.931957244873047,29.489999771118164,29.56999969482422,29.219999313354492,29.239999771118164,1958200,DBC
2011-03-14,24.999589920043945,29.56999969482422,29.600000381469727,29.34000015258789,29.479999542236328,1498100,DBC
2011-03-15,24.086515426635742,28.489999771118164,28.809999465942383,28.209999084472656,28.540000915527344,3252800,DBC
2011-03-16,24.230241775512695,28.65999984741211,29.030000686645508,28.469999313354492,28.729999542236328,3499900,DBC
2011-03-17,24.982681274414062,29.549999237060547,29.649999618530273,29.079999923706055,29.1200008392334,3160000,DBC
2011-03-18,25.126405715942383,29.719999313354492,29.799999237060547,29.510000228881836,29.6200008392334,2238000,DBC
2011-03-21,25.244766235351562,29.860000610351562,29.969999313354492,29.780000686645508,29.8700008392334,2375200,DBC
2011-03-22,25.430763244628906,30.079999923706055,30.1299991607666,29.709999084472656,29.770000457763672,2356400,DBC
2011-03-23,25.481489181518555,30.139999389648438,30.309999465942383,30.09000015258789,30.200000762939453,2180300,DBC
2011-03-24,25.56603240966797,30.239999771118164,30.309999465942383,30.079999923706055,30.1299991607666,1627100,DBC
2011-03-25,25.6336669921875,30.31999969482422,30.360000610351562,30.139999389648438,30.31999969482422,1887400,DBC
2011-03-28,25.287038803100586,29.90999984741211,30.18000030517578,29.90999984741211,30.0,1498400,DBC
2011-03-29,25.430763244628906,30.079999923706055,30.15999984741211,29.829999923706055,29.940000534057617,1674500,DBC
2011-03-30,25.39694595336914,30.040000915527344,30.1200008392334,29.850000381469727,30.06999969482422,1457200,DBC
2011-03-31,25.794301986694336,30.510000228881836,30.59000015258789,30.350000381469727,30.489999771118164,1834200,DBC
2011-04-01,25.97184181213379,30.719999313354492,30.780000686645508,30.40999984741211,30.559999465942383,3428900,DBC
2011-04-04,26.208566665649414,31.0,31.09000015258789,30.829999923706055,30.8799991607666,2009700,DBC
2011-04-05,26.233930587768555,31.030000686645508,31.18000030517578,30.989999771118164,31.020000457763672,1533000,DBC
2011-04-06,26.310020446777344,31.1200008392334,31.350000381469727,31.049999237060547,31.270000457763672,1309800,DBC
2011-04-07,26.36074447631836,31.18000030517578,31.260000228881836,30.979999542236328,31.18000030517578,1809500,DBC
2011-04-08,26.98636817932129,31.920000076293945,31.920000076293945,31.399999618530273,31.420000076293945,3221600,DBC
2011-04-11,26.487560272216797,31.329999923706055,31.829999923706055,31.329999923706055,31.780000686645508,2159000,DBC
2011-04-12,25.946481704711914,30.690000534057617,31.229999542236328,30.56999969482422,31.219999313354492,2988400,DBC
2011-04-13,26.149385452270508,30.93000030517578,31.110000610351562,30.6299991607666,31.0,1497000,DBC
2011-04-14,26.217018127441406,31.010000228881836,31.030000686645508,30.709999084472656,30.75,2181000,DBC
2011-04-15,26.3522891998291,31.170000076293945,31.270000457763672,30.889999389648438,31.0,1748600,DBC
2011-04-18,26.1916561126709,30.979999542236328,31.239999771118164,30.739999771118164,31.18000030517578,1981800,DBC
2011-04-19,26.200111389160156,30.989999771118164,31.170000076293945,30.75,30.850000381469727,1376100,DBC
2011-04-20,26.614376068115234,31.479999542236328,31.649999618530273,31.280000686645508,31.309999465942383,1919800,DBC
2011-04-21,26.808828353881836,31.709999084472656,31.790000915527344,31.440000534057617,31.790000915527344,1985200,DBC
2011-04-25,26.732738494873047,31.6200008392334,31.889999389648438,31.40999984741211,31.889999389648438,2158100,DBC
2011-04-26,26.724285125732422,31.610000610351562,31.709999084472656,31.510000228881836,31.6299991607666,2900200,DBC
2011-04-27,26.884916305541992,31.799999237060547,31.81999969482422,31.34000015258789,31.639999389648438,1804300,DBC
2011-04-28,26.690465927124023,31.56999969482422,31.889999389648438,31.40999984741211,31.729999542236328,2919900,DBC
2011-04-29,26.969457626342773,31.899999618530273,31.989999771118164,31.56999969482422,31.649999618530273,2054800,DBC
2011-05-02,26.69891929626465,31.579999923706055,32.02000045776367,31.579999923706055,31.729999542236328,2687400,DBC
2011-05-03,26.419925689697266,31.25,31.649999618530273,31.1299991607666,31.6200008392334,2573900,DBC
2011-05-04,25.997203826904297,30.75,31.200000762939453,30.709999084472656,31.139999389648438,2818700,DBC
2011-05-05,24.255605697631836,28.690000534057617,30.100000381469727,28.530000686645508,30.040000915527344,8139700,DBC
2011-05-06,24.179515838623047,28.600000381469727,29.489999771118164,28.520000457763672,28.84000015258789,5644900,DBC
2011-05-09,25.067224502563477,29.649999618530273,29.700000762939453,28.93000030517578,29.030000686645508,4174300,DBC
2011-05-10,25.295494079589844,29.920000076293945,29.989999771118164,29.479999542236328,29.579999923706055,3447800,DBC
2011-05-11,24.48387336730957,28.959999084472656,29.670000076293945,28.790000915527344,29.65999984741211,4203700,DBC
2011-05-12,24.509235382080078,28.989999771118164,29.229999542236328,28.43000030517578,28.649999618530273,6813000,DBC
2011-05-13,24.5515079498291,29.040000915527344,29.229999542236328,28.649999618530273,29.06999969482422,3035100,DBC
2011-05-16,24.230241775512695,28.65999984741211,29.190000534057617,28.639999389648438,28.979999542236328,5901400,DBC
2011-05-17,24.2894229888916,28.729999542236328,28.760000228881836,28.260000228881836,28.56999969482422,3874300,DBC
2011-05-18,24.77977752685547,29.309999465942383,29.540000915527344,28.979999542236328,28.989999771118164,3241900,DBC
2011-05-19,24.585323333740234,29.079999923706055,29.43000030517578,29.030000686645508,29.3700008392334,2504200,DBC
2011-05-20,24.813596725463867,29.350000381469727,29.440000534057617,28.639999389648438,29.049999237060547,3463900,DBC
2011-05-23,24.416236877441406,28.8799991607666,29.030000686645508,28.610000610351562,28.610000610351562,2123000,DBC
2011-05-24,24.745960235595703,29.270000457763672,29.459999084472656,29.030000686645508,29.329999923706055,1651500,DBC
2011-05-25,25.194042205810547,29.799999237060547,29.860000610351562,29.350000381469727,29.3700008392334,1955800,DBC
2011-05-26,25.287038803100586,29.90999984741211,29.969999313354492,29.68000030517578,29.84000015258789,1947200,DBC
2011-05-27,25.430763244628906,30.079999923706055,30.110000610351562,29.959999084472656,30.0,1603600,DBC
2011-05-31,25.574485778808594,30.25,30.5,30.200000762939453,30.229999542236328,3431600,DBC
2011-06-01,25.25322151184082,29.8700008392334,30.270000457763672,29.84000015258789,30.260000228881836,3316800,DBC
2011-06-02,25.473033905029297,30.1299991607666,30.15999984741211,29.75,30.059999465942383,2448600,DBC
2011-06-03,25.574485778808594,30.25,30.260000228881836,29.809999465942383,29.889999389648438,1972200,DBC
2011-06-06,25.278583526611328,29.899999618530273,30.25,29.850000381469727,30.100000381469727,2928100,DBC
2011-06-07,25.515304565429688,30.18000030517578,30.34000015258789,29.920000076293945,30.049999237060547,3416800,DBC
2011-06-08,25.726665496826172,30.43000030517578,30.559999465942383,30.239999771118164,30.280000686645508,2443700,DBC
2011-06-09,25.870391845703125,30.600000381469727,30.68000030517578,30.420000076293945,30.549999237060547,1746900,DBC
2011-06-10,25.599851608276367,30.280000686645508,30.420000076293945,30.1299991607666,30.360000610351562,2663300,DBC
2011-06-13,25.430763244628906,30.079999923706055,30.399999618530273,29.860000610351562,30.239999771118164,1793900,DBC
2011-06-14,25.608306884765625,30.290000915527344,30.3700008392334,30.170000076293945,30.170000076293945,1501100,DBC
2011-06-15,24.923500061035156,29.479999542236328,30.190000534057617,29.280000686645508,30.06999969482422,2780200,DBC
2011-06-16,24.822050094604492,29.360000610351562,29.5,29.290000915527344,29.3799991607666,2566900,DBC
2011-06-17,24.712142944335938,29.229999542236328,29.3799991607666,29.040000915527344,29.200000762939453,3296900,DBC
2011-06-20,24.57686996459961,29.06999969482422,29.18000030517578,29.010000228881836,29.06999969482422,2269700,DBC
2011-06-21,24.593780517578125,29.09000015258789,29.290000915527344,28.950000762939453,29.139999389648438,2384900,DBC
2011-06-22,24.703685760498047,29.219999313354492,29.450000762939453,29.149999618530273,29.149999618530273,2407900,DBC
2011-06-23,24.179515838623047,28.600000381469727,28.649999618530273,28.170000076293945,28.510000228881836,3469400,DBC
2011-06-24,23.89206314086914,28.260000228881836,28.540000915527344,28.100000381469727,28.510000228881836,2449600,DBC
2011-06-27,23.88361167907715,28.25,28.299999237060547,27.959999084472656,28.059999465942383,2262900,DBC
2011-06-28,24.30632781982422,28.75,28.760000228881836,28.440000534057617,28.469999313354492,2108000,DBC
2011-06-29,24.745960235595703,29.270000457763672,29.360000610351562,28.75,28.920000076293945,3084900,DBC
2011-06-30,24.48387336730957,28.959999084472656,29.469999313354492,28.850000381469727,29.280000686645508,2714300,DBC
2011-07-01,24.51769256591797,29.0,29.049999237060547,28.700000762939453,28.809999465942383,3498000,DBC
2011-07-05,24.847412109375,29.389999389648438,29.520000457763672,29.229999542236328,29.260000228881836,1529100,DBC
2011-07-06,24.83895492553711,29.3799991607666,29.43000030517578,29.200000762939453,29.31999969482422,1631700,DBC
2011-07-07,25.363128662109375,30.0,30.06999969482422,29.790000915527344,29.790000915527344,4944700,DBC
2011-07-08,25.337764739990234,29.969999313354492,30.030000686645508,29.729999542236328,29.899999618530273,1808300,DBC
2011-07-11,25.143314361572266,29.739999771118164,29.8799991607666,29.5,29.6200008392334,1790400,DBC
2011-07-12,25.363128662109375,30.0,30.1299991607666,29.6299991607666,29.6299991607666,1452500,DBC
2011-07-13,25.709758758544922,30.40999984741211,30.610000610351562,30.100000381469727,30.100000381469727,2178900,DBC
2011-07-14,25.56603240966797,30.239999771118164,30.579999923706055,30.06999969482422,30.5,1572800,DBC
2011-07-15,25.794301986694336,30.510000228881836,30.559999465942383,30.329999923706055,30.3799991607666,4929900,DBC
2011-07-18,25.650575637817383,30.34000015258789,30.360000610351562,30.040000915527344,30.360000610351562,1398400,DBC
2011-07-19,25.82811737060547,30.549999237060547,30.770000457763672,30.510000228881836,30.649999618530273,1518900,DBC
2011-07-20,25.912662506103516,30.649999618530273,30.68000030517578,30.459999084472656,30.68000030517578,1288900,DBC
2011-07-21,25.785846710205078,30.5,30.809999465942383,30.420000076293945,30.690000534057617,1247100,DBC
2011-07-22,25.997203826904297,30.75,30.790000915527344,30.520000457763672,30.549999237060547,1437500,DBC
2011-07-25,25.870391845703125,30.600000381469727,30.700000762939453,30.520000457763672,30.540000915527344,2431300,DBC
2011-07-26,26.073293685913086,30.84000015258789,30.920000076293945,30.520000457763672,30.649999618530273,1289400,DBC
2011-07-27,25.895753860473633,30.6299991607666,30.829999923706055,30.59000015258789,30.780000686645508,2352100,DBC
2011-07-28,25.81121063232422,30.530000686645508,30.709999084472656,30.459999084472656,30.639999389648438,1545700,DBC
2011-07-29,25.599851608276367,30.280000686645508,30.399999618530273,30.200000762939453,30.229999542236328,2994300,DBC
2011-08-01,25.599851608276367,30.280000686645508,30.729999542236328,29.959999084472656,30.719999313354492,3674200,DBC
2011-08-02,25.599851608276367,30.280000686645508,30.459999084472656,30.110000610351562,30.18000030517578,2369000,DBC
2011-08-03,25.219404220581055,29.829999923706055,30.139999389648438,29.739999771118164,30.100000381469727,3764300,DBC
2011-08-04,24.264060974121094,28.700000762939453,29.670000076293945,28.68000030517578,29.65999984741211,3271600,DBC
2011-08-05,24.36551284790039,28.81999969482422,28.950000762939453,28.31999969482422,28.81999969482422,6356400,DBC
2011-08-08,23.460895538330078,27.75,28.43000030517578,27.670000076293945,28.299999237060547,6396500,DBC
2011-08-09,23.689163208007812,28.020000457763672,28.219999313354492,27.479999542236328,28.06999969482422,7987800,DBC
2011-08-10,23.790613174438477,28.139999389648438,28.3700008392334,27.889999389648438,28.079999923706055,3560900,DBC
2011-08-11,24.30632781982422,28.75,28.829999923706055,28.299999237060547,28.309999465942383,4045100,DBC
2011-08-12,24.272512435913086,28.709999084472656,28.899999618530273,28.6200008392334,28.809999465942383,4533200,DBC
2011-08-15,24.568416595458984,29.059999465942383,29.079999923706055,28.780000686645508,28.829999923706055,1285900,DBC
2011-08-16,24.568416595458984,29.059999465942383,29.139999389648438,28.809999465942383,28.8700008392334,2271600,DBC
2011-08-17,24.77977752685547,29.309999465942383,29.469999313354492,29.260000228881836,29.350000381469727,2382800,DBC
2011-08-18,24.171058654785156,28.59000015258789,29.059999465942383,28.530000686645508,28.950000762939453,2723400,DBC
2011-08-19,24.60223388671875,29.100000381469727,29.170000076293945,28.709999084472656,28.709999084472656,3525500,DBC
2011-08-22,24.644506454467773,29.149999618530273,29.229999542236328,28.940000534057617,29.09000015258789,1576600,DBC
2011-08-23,24.89813995361328,29.450000762939453,29.469999313354492,29.030000686645508,29.15999984741211,1825500,DBC
2011-08-24,24.644506454467773,29.149999618530273,29.43000030517578,29.079999923706055,29.350000381469727,1226600,DBC
2011-08-25,24.754411697387695,29.280000686645508,29.40999984741211,28.950000762939453,29.280000686645508,1326300,DBC
2011-08-26,25.03340721130371,29.610000610351562,29.649999618530273,29.059999465942383,29.219999313354492,1568400,DBC
2011-08-29,25.117950439453125,29.709999084472656,29.850000381469727,29.6299991607666,29.850000381469727,1316800,DBC
2011-08-30,25.456127166748047,30.110000610351562,30.1299991607666,29.75,29.809999465942383,2290300,DBC
2011-08-31,25.498397827148438,30.15999984741211,30.260000228881836,30.049999237060547,30.100000381469727,2556300,DBC
2011-09-01,25.320858001708984,29.950000762939453,30.209999084472656,29.940000534057617,30.09000015258789,2680100,DBC
2011-09-02,25.18558692932129,29.790000915527344,29.940000534057617,29.559999465942383,29.639999389648438,1547800,DBC
2011-09-06,25.101043701171875,29.690000534057617,29.700000762939453,29.290000915527344,29.31999969482422,2387500,DBC
2011-09-07,25.32931137084961,29.959999084472656,30.030000686645508,29.709999084472656,29.75,4563800,DBC
2011-09-08,25.16022491455078,29.760000228881836,30.020000457763672,29.75,29.889999389648438,1059300,DBC
2011-09-09,24.762868881225586,29.290000915527344,29.420000076293945,29.190000534057617,29.389999389648438,2150200,DBC
2011-09-12,24.703685760498047,29.219999313354492,29.299999237060547,28.979999542236328,29.059999465942383,3914000,DBC
2011-09-13,24.62759780883789,29.1299991607666,29.260000228881836,29.020000457763672,29.170000076293945,1229000,DBC
2011-09-14,24.509235382080078,28.989999771118164,29.06999969482422,28.829999923706055,29.030000686645508,1337300,DBC
2011-09-15,24.610689163208008,29.110000610351562,29.350000381469727,29.040000915527344,29.309999465942383,1135800,DBC
2011-09-16,24.500782012939453,28.979999542236328,29.31999969482422,28.93000030517578,29.229999542236328,1680600,DBC
2011-09-19,24.086515426635742,28.489999771118164,28.670000076293945,28.200000762939453,28.670000076293945,3830200,DBC
2011-09-20,24.04424476623535,28.440000534057617,28.780000686645508,28.440000534057617,28.549999237060547,1722100,DBC
2011-09-21,23.689163208007812,28.020000457763672,28.719999313354492,28.020000457763672,28.520000457763672,1769400,DBC
2011-09-22,22.8521785736084,27.030000686645508,27.440000534057617,26.90999984741211,27.209999084472656,9573000,DBC
2011-09-23,22.446365356445312,26.549999237060547,26.950000762939453,26.420000076293945,26.75,6197800,DBC
2011-09-26,22.522459030151367,26.639999389648438,26.670000076293945,26.100000381469727,26.389999389648438,4538800,DBC
2011-09-27,22.90290641784668,27.09000015258789,27.3700008392334,27.059999465942383,27.139999389648438,3735600,DBC
2011-09-28,22.285734176635742,26.360000610351562,27.110000610351562,26.34000015258789,27.040000915527344,7995900,DBC
2011-09-29,22.547819137573242,26.670000076293945,26.8700008392334,26.5,26.760000228881836,2909400,DBC
2011-09-30,21.77001953125,25.75,26.219999313354492,25.670000076293945,26.09000015258789,4846000,DBC
2011-10-03,21.660112380981445,25.6200008392334,25.969999313354492,25.25,25.309999465942383,10602800,DBC
2011-10-04,21.61783790588379,25.56999969482422,25.65999984741211,25.190000534057617,25.450000762939453,3500000,DBC
2011-10-05,21.922197341918945,25.93000030517578,26.0,25.520000457763672,25.649999618530273,3202300,DBC
2011-10-06,22.378732681274414,26.469999313354492,26.510000228881836,25.899999618530273,25.989999771118164,1003900,DBC
2011-10-07,22.277280807495117,26.350000381469727,26.559999465942383,26.1299991607666,26.479999542236328,2768100,DBC
2011-10-10,22.77608871459961,26.940000534057617,27.010000228881836,26.709999084472656,26.709999084472656,1416100,DBC
2011-10-11,22.945175170898438,27.139999389648438,27.270000457763672,26.600000381469727,26.649999618530273,1250700,DBC
2011-10-12,22.987449645996094,27.190000534057617,27.440000534057617,27.149999618530273,27.25,1367000,DBC
2011-10-13,23.038175582885742,27.25,27.280000686645508,26.899999618530273,27.040000915527344,1679500,DBC
2011-10-14,23.562347412109375,27.8700008392334,27.889999389648438,27.6200008392334,27.729999542236328,1136000,DBC
2011-10-17,23.22416877746582,27.469999313354492,27.690000534057617,27.399999618530273,27.469999313354492,1249200,DBC
2011-10-18,23.350988388061523,27.6200008392334,27.760000228881836,27.079999923706055,27.239999771118164,1782200,DBC
2011-10-19,22.89444923400879,27.079999923706055,27.739999771118164,27.0,27.549999237060547,1673100,DBC
2011-10-20,22.860631942749023,27.040000915527344,27.209999084472656,26.579999923706055,26.950000762939453,1171100,DBC
2011-10-21,22.978994369506836,27.18000030517578,27.549999237060547,27.1200008392334,27.420000076293945,1327500,DBC
2011-10-24,23.342533111572266,27.610000610351562,27.670000076293945,27.389999389648438,27.389999389648438,1745600,DBC
2011-10-25,23.418622970581055,27.700000762939453,27.81999969482422,27.3799991607666,27.610000610351562,2603100,DBC
2011-10-26,23.283353805541992,27.540000915527344,27.8700008392334,27.43000030517578,27.829999923706055,1075300,DBC
2011-10-27,23.90052032470703,28.270000457763672,28.450000762939453,28.010000228881836,28.100000381469727,3792100,DBC
2011-10-28,23.799070358276367,28.149999618530273,28.260000228881836,27.989999771118164,28.0,3722700,DBC
2011-10-31,23.435531616210938,27.719999313354492,27.889999389648438,27.559999465942383,27.709999084472656,3209400,DBC
2011-11-01,23.156536102294922,27.389999389648438,27.6200008392334,26.920000076293945,27.040000915527344,4349800,DBC
2011-11-02,23.300260543823242,27.559999465942383,27.899999618530273,27.450000762939453,27.729999542236328,1600400,DBC
2011-11-03,23.587709426879883,27.899999618530273,27.959999084472656,27.559999465942383,27.81999969482422,981800,DBC
2011-11-04,23.66379737854004,27.989999771118164,28.020000457763672,27.760000228881836,27.950000762939453,1267600,DBC
2011-11-07,24.010427474975586,28.399999618530273,28.420000076293945,28.1200008392334,28.229999542236328,1066500,DBC
2011-11-08,24.1287899017334,28.540000915527344,28.549999237060547,28.309999465942383,28.420000076293945,1335700,DBC
2011-11-09,23.59616470336914,27.90999984741211,28.34000015258789,27.860000610351562,28.139999389648438,1283400,DBC
2011-11-10,23.570802688598633,27.8799991607666,28.049999237060547,27.75,28.040000915527344,1880200,DBC
2011-11-11,23.799070358276367,28.149999618530273,28.149999618530273,27.93000030517578,27.93000030517578,826500,DBC
2011-11-14,23.545438766479492,27.850000381469727,28.030000686645508,27.799999237060547,28.010000228881836,700400,DBC
2011-11-15,23.71452522277832,28.049999237060547,28.100000381469727,27.850000381469727,27.979999542236328,759800,DBC
2011-11-16,23.655344009399414,27.979999542236328,28.200000762939453,27.920000076293945,27.940000534057617,1248300,DBC
2011-11-17,23.105810165405273,27.329999923706055,27.84000015258789,27.290000915527344,27.799999237060547,2092500,DBC
2011-11-18,23.07199478149414,27.290000915527344,27.5,27.1299991607666,27.399999618530273,6225400,DBC
2011-11-21,22.90290641784668,27.09000015258789,27.139999389648438,26.780000686645508,27.1200008392334,1181500,DBC
2011-11-22,23.055084228515625,27.270000457763672,27.360000610351562,27.059999465942383,27.149999618530273,2228300,DBC
2011-11-23,22.708454132080078,26.860000610351562,27.010000228881836,26.780000686645508,27.010000228881836,1752300,DBC
2011-11-25,22.522459030151367,26.639999389648438,26.950000762939453,26.600000381469727,26.729999542236328,514700,DBC
2011-11-28,22.80145263671875,26.969999313354492,27.170000076293945,26.860000610351562,27.1200008392334,1063800,DBC
2011-11-29,23.097354888916016,27.31999969482422,27.3799991607666,27.100000381469727,27.1299991607666,1410300,DBC
2011-11-30,23.36789321899414,27.639999389648438,27.84000015258789,27.600000381469727,27.649999618530273,1913600,DBC
2011-12-01,23.283353805541992,27.540000915527344,27.780000686645508,27.3799991607666,27.559999465942383,1844100,DBC
2011-12-02,23.486257553100586,27.780000686645508,27.81999969482422,27.600000381469727,27.729999542236328,1308600,DBC
2011-12-05,23.359439849853516,27.6299991607666,27.959999084472656,27.540000915527344,27.920000076293945,1503800,DBC
2011-12-06,23.486257553100586,27.780000686645508,27.860000610351562,27.5,27.59000015258789,1075600,DBC
2011-12-07,23.283353805541992,27.540000915527344,27.75,27.40999984741211,27.739999771118164,1494200,DBC
2011-12-08,22.987449645996094,27.190000534057617,27.489999771118164,27.1299991607666,27.420000076293945,2211500,DBC
2011-12-09,23.07199478149414,27.290000915527344,27.350000381469727,27.139999389648438,27.149999618530273,1114300,DBC
2011-12-12,22.77608871459961,26.940000534057617,27.0,26.81999969482422,26.979999542236328,1277800,DBC
2011-12-13,22.86908721923828,27.049999237060547,27.3700008392334,26.90999984741211,26.950000762939453,1615100,DBC
2011-12-14,22.057466506958008,26.09000015258789,26.6299991607666,26.010000228881836,26.530000686645508,1851500,DBC
2011-12-15,21.947559356689453,25.959999084472656,26.329999923706055,25.920000076293945,26.290000915527344,1639500,DBC
2011-12-16,22.125102996826172,26.170000076293945,26.200000762939453,25.950000762939453,26.059999465942383,2818400,DBC
2011-12-19,22.023649215698242,26.049999237060547,26.200000762939453,25.959999084472656,26.170000076293945,1679800,DBC
2011-12-20,22.530912399291992,26.649999618530273,26.709999084472656,26.489999771118164,26.510000228881836,1846600,DBC
2011-12-21,22.691543579101562,26.84000015258789,26.8799991607666,26.549999237060547,26.6299991607666,1802100,DBC
2011-12-22,22.716909408569336,26.8700008392334,27.010000228881836,26.829999923706055,26.889999389648438,4658300,DBC
2011-12-23,22.826814651489258,27.0,27.020000457763672,26.889999389648438,26.920000076293945,2872700,DBC
2011-12-27,22.928268432617188,27.1200008392334,27.190000534057617,26.899999618530273,26.940000534057617,2493600,DBC
2011-12-28,22.657726287841797,26.799999237060547,27.06999969482422,26.709999084472656,27.06999969482422,1930200,DBC
2011-12-29,22.725360870361328,26.8799991607666,26.899999618530273,26.639999389648438,26.809999465942383,1941300,DBC
2011-12-30,22.691543579101562,26.84000015258789,26.959999084472656,26.739999771118164,26.770000457763672,2047500,DBC
2012-01-03,23.36789321899414,27.639999389648438,27.68000030517578,27.350000381469727,27.350000381469727,5940500,DBC
2012-01-04,23.545438766479492,27.850000381469727,27.899999618530273,27.610000610351562,27.610000610351562,2439000,DBC
2012-01-05,23.22416877746582,27.469999313354492,27.719999313354492,27.43000030517578,27.709999084472656,1212500,DBC
2012-01-06,23.325624465942383,27.59000015258789,27.690000534057617,27.3799991607666,27.59000015258789,17707200,DBC
2012-01-09,23.350988388061523,27.6200008392334,27.709999084472656,27.469999313354492,27.6200008392334,2432600,DBC
2012-01-10,23.52007484436035,27.81999969482422,27.920000076293945,27.780000686645508,27.8799991607666,2120000,DBC
2012-01-11,23.45244026184082,27.739999771118164,27.799999237060547,27.559999465942383,27.770000457763672,2079500,DBC
2012-01-12,23.122718811035156,27.350000381469727,27.920000076293945,26.690000534057617,27.65999984741211,1740600,DBC
2012-01-13,23.07199478149414,27.290000915527344,27.350000381469727,27.1200008392334,27.25,3156800,DBC
2012-01-17,23.232624053955078,27.479999542236328,27.579999923706055,27.389999389648438,27.459999084472656,1910500,DBC
2012-01-18,23.241079330444336,27.489999771118164,27.549999237060547,27.350000381469727,27.489999771118164,1544100,DBC
2012-01-19,23.342533111572266,27.610000610351562,27.610000610351562,27.40999984741211,27.579999923706055,2834400,DBC
2012-01-20,23.173444747924805,27.40999984741211,27.459999084472656,27.239999771118164,27.43000030517578,1907200,DBC
2012-01-23,23.44398307800293,27.729999542236328,27.75,27.479999542236328,27.479999542236328,1767900,DBC
2012-01-24,23.486257553100586,27.780000686645508,27.780000686645508,27.530000686645508,27.530000686645508,2428100,DBC
2012-01-25,23.680707931518555,28.010000228881836,28.030000686645508,27.59000015258789,27.670000076293945,1913200,DBC
2012-01-26,23.748342514038086,28.09000015258789,28.260000228881836,28.030000686645508,28.209999084472656,2136400,DBC
2012-01-27,23.8328857421875,28.190000534057617,28.190000534057617,27.959999084472656,27.959999084472656,1828700,DBC
2012-01-30,23.587709426879883,27.899999618530273,28.059999465942383,27.81999969482422,28.0,3085600,DBC
2012-01-31,23.528528213500977,27.829999923706055,28.190000534057617,27.739999771118164,28.049999237060547,1912600,DBC
2012-02-01,23.6046199798584,27.920000076293945,28.059999465942383,27.8700008392334,27.940000534057617,1570400,DBC
2012-02-02,23.66379737854004,27.989999771118164,28.020000457763672,27.739999771118164,27.889999389648438,2079200,DBC
2012-02-03,23.942790985107422,28.31999969482422,28.329999923706055,28.040000915527344,28.18000030517578,1774800,DBC
2012-02-06,24.0611515045166,28.459999084472656,28.5,28.239999771118164,28.309999465942383,1680100,DBC
2012-02-07,24.04424476623535,28.440000534057617,28.610000610351562,28.34000015258789,28.420000076293945,2370400,DBC
2012-02-08,24.154151916503906,28.56999969482422,28.649999618530273,28.360000610351562,28.579999923706055,1152800,DBC
2012-02-09,24.280967712402344,28.719999313354492,28.809999465942383,28.6299991607666,28.729999542236328,1484900,DBC
2012-02-10,24.05270004272461,28.450000762939453,28.5,28.299999237060547,28.420000076293945,1870100,DBC
2012-02-13,24.111881256103516,28.520000457763672,28.670000076293945,28.399999618530273,28.579999923706055,2124700,DBC
2012-02-14,24.103425979614258,28.510000228881836,28.579999923706055,28.420000076293945,28.510000228881836,1376300,DBC
2012-02-15,24.187969207763672,28.610000610351562,28.65999984741211,28.489999771118164,28.610000610351562,1929400,DBC
2012-02-16,24.29787826538086,28.739999771118164,28.760000228881836,28.479999542236328,28.520000457763672,1657600,DBC
2012-02-17,24.255605697631836,28.690000534057617,28.770000457763672,28.600000381469727,28.760000228881836,1572500,DBC
2012-02-21,24.636051177978516,29.139999389648438,29.239999771118164,28.950000762939453,28.959999084472656,2446900,DBC
2012-02-22,24.86431884765625,29.40999984741211,29.440000534057617,29.1200008392334,29.15999984741211,3163600,DBC
2012-02-23,24.94040870666504,29.5,29.530000686645508,29.260000228881836,29.399999618530273,1544000,DBC
2012-02-24,25.09259033203125,29.68000030517578,29.739999771118164,29.469999313354492,29.479999542236328,4989900,DBC
2012-02-27,24.88968276977539,29.440000534057617,29.709999084472656,29.440000534057617,29.59000015258789,4821900,DBC
2012-02-28,24.881229400634766,29.43000030517578,29.6299991607666,29.350000381469727,29.559999465942383,2902200,DBC
2012-02-29,24.78822898864746,29.31999969482422,29.579999923706055,28.969999313354492,29.5,4067900,DBC
2012-03-01,25.177133560180664,29.780000686645508,29.93000030517578,29.280000686645508,29.399999618530273,5275000,DBC
2012-03-02,24.923500061035156,29.479999542236328,29.56999969482422,29.309999465942383,29.56999969482422,2213700,DBC
2012-03-05,24.805139541625977,29.34000015258789,29.43000030517578,29.200000762939453,29.360000610351562,1368900,DBC
2012-03-06,24.39933204650879,28.860000610351562,28.979999542236328,28.799999237060547,28.940000534057617,2082500,DBC
2012-03-07,24.509235382080078,28.989999771118164,29.049999237060547,28.75,28.850000381469727,1476900,DBC
2012-03-08,24.712142944335938,29.229999542236328,29.280000686645508,29.100000381469727,29.1299991607666,2202300,DBC
2012-03-09,24.77977752685547,29.309999465942383,29.43000030517578,29.09000015258789,29.139999389648438,1409900,DBC
2012-03-12,24.745960235595703,29.270000457763672,29.290000915527344,29.030000686645508,29.06999969482422,717100,DBC
2012-03-13,24.855863571166992,29.399999618530273,29.479999542236328,29.190000534057617,29.219999313354492,1347900,DBC
2012-03-14,24.686779022216797,29.200000762939453,29.440000534057617,29.139999389648438,29.309999465942383,1200800,DBC
2012-03-15,24.703685760498047,29.219999313354492,29.329999923706055,29.0,29.200000762939453,1339600,DBC
2012-03-16,25.008045196533203,29.579999923706055,29.579999923706055,29.309999465942383,29.34000015258789,1433400,DBC
2012-03-19,24.965774536132812,29.530000686645508,29.600000381469727,29.450000762939453,29.559999465942383,1386400,DBC
2012-03-20,24.661415100097656,29.170000076293945,29.260000228881836,29.06999969482422,29.260000228881836,1577200,DBC
2012-03-21,24.60223388671875,29.100000381469727,29.260000228881836,29.079999923706055,29.170000076293945,951700,DBC
2012-03-22,24.407785415649414,28.8700008392334,28.889999389648438,28.729999542236328,28.799999237060547,1641500,DBC
2012-03-23,24.644506454467773,29.149999618530273,29.389999389648438,28.969999313354492,28.969999313354492,1664200,DBC
2012-03-26,24.754411697387695,29.280000686645508,29.3700008392334,29.209999084472656,29.309999465942383,1555600,DBC
2012-03-27,24.6529598236084,29.15999984741211,29.350000381469727,29.1299991607666,29.290000915527344,1251400,DBC
2012-03-28,24.416236877441406,28.8799991607666,28.969999313354492,28.780000686645508,28.93000030517578,6060500,DBC
2012-03-29,24.078062057495117,28.479999542236328,28.8799991607666,28.350000381469727,28.81999969482422,4891200,DBC
2012-03-30,24.348602294921875,28.799999237060547,28.889999389648438,28.610000610351562,28.690000534057617,2630400,DBC
2012-04-02,24.661415100097656,29.170000076293945,29.209999084472656,28.59000015258789,28.600000381469727,1752700,DBC
2012-04-03,24.5515079498291,29.040000915527344,29.209999084472656,28.950000762939453,29.200000762939453,1325100,DBC
2012-04-04,24.171058654785156,28.59000015258789,28.850000381469727,28.520000457763672,28.790000915527344,2054900,DBC
2012-04-05,24.264060974121094,28.700000762939453,28.719999313354492,28.479999542236328,28.510000228881836,897000,DBC
2012-04-09,24.154151916503906,28.56999969482422,28.6200008392334,28.350000381469727,28.459999084472656,1578100,DBC
2012-04-10,23.8328857421875,28.190000534057617,28.559999465942383,28.149999618530273,28.530000686645508,1543900,DBC
2012-04-11,23.89206314086914,28.260000228881836,28.3799991607666,28.15999984741211,28.229999542236328,2472600,DBC
2012-04-12,24.204875946044922,28.6299991607666,28.639999389648438,28.309999465942383,28.329999923706055,908600,DBC
2012-04-13,23.959701538085938,28.34000015258789,28.520000457763672,28.299999237060547,28.5,2228100,DBC
2012-04-16,23.722978591918945,28.059999465942383,28.239999771118164,27.979999542236328,28.229999542236328,1860900,DBC
2012-04-17,23.8328857421875,28.190000534057617,28.219999313354492,28.100000381469727,28.18000030517578,1754300,DBC
2012-04-18,23.6046199798584,27.920000076293945,28.049999237060547,27.84000015258789,28.030000686645508,1801500,DBC
2012-04-19,23.613073348999023,27.93000030517578,28.110000610351562,27.8700008392334,28.040000915527344,1837800,DBC
2012-04-20,23.706071853637695,28.040000915527344,28.200000762939453,27.989999771118164,28.1200008392334,1648000,DBC
2012-04-23,23.66379737854004,27.989999771118164,28.010000228881836,27.729999542236328,27.780000686645508,1026900,DBC
2012-04-24,23.66379737854004,27.989999771118164,28.1200008392334,27.940000534057617,28.09000015258789,736800,DBC
2012-04-25,23.799070358276367,28.149999618530273,28.170000076293945,27.920000076293945,28.1299991607666,886200,DBC
2012-04-26,23.849794387817383,28.209999084472656,28.34000015258789,28.200000762939453,28.200000762939453,851600,DBC
2012-04-27,23.925880432128906,28.299999237060547,28.329999923706055,28.200000762939453,28.260000228881836,814400,DBC
2012-04-30,24.018884658813477,28.40999984741211,28.440000534057617,28.190000534057617,28.229999542236328,1377500,DBC
2012-05-01,24.018884658813477,28.40999984741211,28.5,28.290000915527344,28.31999969482422,1495500,DBC
2012-05-02,23.706071853637695,28.040000915527344,28.31999969482422,28.010000228881836,28.280000686645508,1311300,DBC
2012-05-03,23.44398307800293,27.729999542236328,27.979999542236328,27.68000030517578,27.920000076293945,1624000,DBC
2012-05-04,23.02971839904785,27.239999771118164,27.459999084472656,27.040000915527344,27.450000762939453,1968400,DBC
2012-05-07,22.978994369506836,27.18000030517578,27.209999084472656,26.93000030517578,26.989999771118164,5352400,DBC
2012-05-08,22.89444923400879,27.079999923706055,27.079999923706055,26.719999313354492,27.010000228881836,3472300,DBC
2012-05-09,22.716909408569336,26.8700008392334,26.940000534057617,26.700000762939453,26.760000228881836,3238300,DBC
2012-05-10,22.725360870361328,26.8799991607666,26.989999771118164,26.860000610351562,26.950000762939453,1631300,DBC
2012-05-11,22.5562744140625,26.68000030517578,26.90999984741211,26.670000076293945,26.719999313354492,1518900,DBC
2012-05-14,22.260372161865234,26.329999923706055,26.479999542236328,26.309999465942383,26.40999984741211,5751700,DBC
2012-05-15,22.302642822265625,26.3799991607666,26.59000015258789,26.3700008392334,26.479999542236328,8431800,DBC
2012-05-16,22.277280807495117,26.350000381469727,26.559999465942383,26.309999465942383,26.360000610351562,1589200,DBC
2012-05-17,22.22655487060547,26.290000915527344,26.479999542236328,26.270000457763672,26.43000030517578,1222100,DBC
2012-05-18,22.209646224975586,26.270000457763672,26.5,26.25,26.3700008392334,2698600,DBC
2012-05-21,22.50554847717285,26.6200008392334,26.6200008392334,26.3700008392334,26.3799991607666,851900,DBC
2012-05-22,22.184284210205078,26.239999771118164,26.549999237060547,26.170000076293945,26.450000762939453,1387300,DBC
2012-05-23,21.93910789489746,25.950000762939453,26.020000457763672,25.75,26.020000457763672,2929100,DBC
2012-05-24,21.947559356689453,25.959999084472656,26.100000381469727,25.829999923706055,26.100000381469727,6060000,DBC
2012-05-25,22.023649215698242,26.049999237060547,26.079999923706055,25.989999771118164,26.0,1125700,DBC
2012-05-29,21.930652618408203,25.940000534057617,26.25,25.8700008392334,26.18000030517578,1472900,DBC
2012-05-30,21.524843215942383,25.459999084472656,25.600000381469727,25.399999618530273,25.600000381469727,1629900,DBC
2012-05-31,21.338844299316406,25.239999771118164,25.469999313354492,25.18000030517578,25.469999313354492,2427200,DBC
2012-06-01,20.899215698242188,24.719999313354492,24.959999084472656,24.59000015258789,24.889999389648438,3989700,DBC
2012-06-04,21.017578125,24.860000610351562,24.889999389648438,24.6299991607666,24.700000762939453,4474300,DBC
2012-06-05,20.941490173339844,24.770000457763672,24.889999389648438,24.729999542236328,24.790000915527344,2129000,DBC
2012-06-06,21.33038902282715,25.229999542236328,25.31999969482422,25.049999237060547,25.079999923706055,4778400,DBC
2012-06-07,21.18666648864746,25.059999465942383,25.549999237060547,25.040000915527344,25.540000915527344,2158300,DBC
2012-06-08,21.254301071166992,25.139999389648438,25.139999389648438,24.780000686645508,24.860000610351562,1569600,DBC
2012-06-11,20.865400314331055,24.68000030517578,25.170000076293945,24.649999618530273,25.149999618530273,4247700,DBC
2012-06-12,20.96685028076172,24.799999237060547,24.899999618530273,24.729999542236328,24.889999389648438,2263800,DBC
2012-06-13,20.80621910095215,24.610000610351562,24.850000381469727,24.559999465942383,24.649999618530273,1510800,DBC
2012-06-14,21.051393508911133,24.899999618530273,24.950000762939453,24.59000015258789,24.65999984741211,2601200,DBC
2012-06-15,21.017578125,24.860000610351562,24.979999542236328,24.81999969482422,24.860000610351562,1627200,DBC
2012-06-18,21.034486770629883,24.8799991607666,24.950000762939453,24.6299991607666,24.68000030517578,1065800,DBC
2012-06-19,21.21202850341797,25.09000015258789,25.15999984741211,25.030000686645508,25.09000015258789,1738200,DBC
2012-06-20,20.865400314331055,24.68000030517578,24.989999771118164,24.65999984741211,24.989999771118164,6226300,DBC
2012-06-21,20.41731834411621,24.149999618530273,24.610000610351562,24.1200008392334,24.59000015258789,1815100,DBC
2012-06-22,20.620223999023438,24.389999389648438,24.40999984741211,24.260000228881836,24.290000915527344,2906300,DBC
2012-06-25,20.831581115722656,24.639999389648438,24.639999389648438,24.34000015258789,24.399999618530273,1377600,DBC
2012-06-26,20.97530746459961,24.809999465942383,24.850000381469727,24.56999969482422,24.700000762939453,1480400,DBC
2012-06-27,21.09366798400879,24.950000762939453,25.079999923706055,24.8700008392334,24.969999313354492,1140500,DBC
2012-06-28,20.865400314331055,24.68000030517578,24.889999389648438,24.5,24.829999923706055,997600,DBC
2012-06-29,21.77001953125,25.75,25.8700008392334,25.229999542236328,25.309999465942383,12446600,DBC
2012-07-02,21.727745056152344,25.700000762939453,25.709999084472656,25.420000076293945,25.65999984741211,3837000,DBC
2012-07-03,22.33646011352539,26.420000076293945,26.420000076293945,26.219999313354492,26.25,1382200,DBC
2012-07-05,22.421005249023438,26.520000457763672,26.559999465942383,26.31999969482422,26.3700008392334,3286300,DBC
2012-07-06,21.905288696289062,25.90999984741211,26.149999618530273,25.899999618530273,26.1299991607666,1221900,DBC
2012-07-09,22.294187545776367,26.3700008392334,26.520000457763672,26.18000030517578,26.190000534057617,1016300,DBC
2012-07-10,22.006742477416992,26.030000686645508,26.299999237060547,25.989999771118164,26.290000915527344,1004700,DBC
2012-07-11,22.25191879272461,26.31999969482422,26.3700008392334,26.079999923706055,26.260000228881836,1200700,DBC
2012-07-12,22.302642822265625,26.3799991607666,26.440000534057617,26.0,26.09000015258789,868400,DBC
2012-07-13,22.573184967041016,26.700000762939453,26.739999771118164,26.530000686645508,26.530000686645508,970500,DBC
2012-07-16,22.8521785736084,27.030000686645508,27.09000015258789,26.799999237060547,26.899999618530273,1104100,DBC
2012-07-17,22.877540588378906,27.059999465942383,27.170000076293945,26.8700008392334,27.1299991607666,3381500,DBC
2012-07-18,23.080446243286133,27.299999237060547,27.329999923706055,27.020000457763672,27.049999237060547,1446800,DBC
2012-07-19,23.359439849853516,27.6299991607666,27.770000457763672,27.549999237060547,27.600000381469727,2532100,DBC
2012-07-20,23.359439849853516,27.6299991607666,27.649999618530273,27.459999084472656,27.559999465942383,2023500,DBC
2012-07-23,22.86908721923828,27.049999237060547,27.209999084472656,26.899999618530273,26.989999771118164,1534200,DBC
2012-07-24,22.733816146850586,26.889999389648438,26.989999771118164,26.65999984741211,26.950000762939453,3086000,DBC
2012-07-25,22.90290641784668,27.09000015258789,27.200000762939453,26.829999923706055,27.040000915527344,1176600,DBC
2012-07-26,22.945175170898438,27.139999389648438,27.360000610351562,27.049999237060547,27.31999969482422,2906700,DBC
2012-07-27,23.181900024414062,27.420000076293945,27.440000534057617,27.229999542236328,27.290000915527344,925700,DBC
2012-07-30,23.317171096801758,27.579999923706055,27.649999618530273,27.530000686645508,27.530000686645508,5830200,DBC
2012-07-31,23.038175582885742,27.25,27.610000610351562,27.25,27.600000381469727,2325400,DBC
2012-08-01,23.07199478149414,27.290000915527344,27.3799991607666,27.100000381469727,27.329999923706055,1254100,DBC
2012-08-02,22.877540588378906,27.059999465942383,27.18000030517578,26.979999542236328,27.020000457763672,1708200,DBC
2012-08-03,23.266443252563477,27.520000457763672,27.65999984741211,27.360000610351562,27.360000610351562,2597400,DBC
2012-08-06,23.40171241760254,27.68000030517578,27.719999313354492,27.420000076293945,27.450000762939453,2365900,DBC
2012-08-07,23.579256057739258,27.889999389648438,27.989999771118164,27.780000686645508,27.799999237060547,1255400,DBC
2012-08-08,23.646888732910156,27.969999313354492,28.059999465942383,27.8700008392334,27.920000076293945,2025200,DBC
2012-08-09,23.841341018676758,28.200000762939453,28.270000457763672,28.030000686645508,28.030000686645508,1634500,DBC
2012-08-10,23.71452522277832,28.049999237060547,28.110000610351562,27.920000076293945,27.969999313354492,2352200,DBC
2012-08-13,23.528528213500977,27.829999923706055,28.030000686645508,27.790000915527344,27.979999542236328,1402400,DBC
2012-08-14,23.553892135620117,27.860000610351562,27.950000762939453,27.790000915527344,27.90999984741211,1152200,DBC
2012-08-15,23.75679588317871,28.100000381469727,28.15999984741211,27.8799991607666,27.889999389648438,1643100,DBC
2012-08-16,23.849794387817383,28.209999084472656,28.31999969482422,28.06999969482422,28.15999984741211,1953700,DBC
2012-08-17,23.88361167907715,28.25,28.290000915527344,28.110000610351562,28.15999984741211,1078300,DBC
2012-08-20,23.993518829345703,28.3799991607666,28.389999389648438,28.1200008392334,28.280000686645508,1535600,DBC
2012-08-21,24.213333129882812,28.639999389648438,28.790000915527344,28.6200008392334,28.670000076293945,1497500,DBC
2012-08-22,24.340147018432617,28.790000915527344,28.81999969482422,28.610000610351562,28.649999618530273,1709700,DBC
2012-08-23,24.221786499023438,28.649999618530273,28.959999084472656,28.579999923706055,28.920000076293945,1348000,DBC
2012-08-24,24.111881256103516,28.520000457763672,28.770000457763672,28.469999313354492,28.75,3640400,DBC
2012-08-27,24.001972198486328,28.389999389648438,28.5,28.350000381469727,28.479999542236328,1914000,DBC
2012-08-28,24.018884658813477,28.40999984741211,28.450000762939453,28.299999237060547,28.389999389648438,1247600,DBC
2012-08-29,24.0611515045166,28.459999084472656,28.469999313354492,28.34000015258789,28.440000534057617,967400,DBC
2012-08-30,24.086515426635742,28.489999771118164,28.530000686645508,28.34000015258789,28.520000457763672,1634300,DBC
2012-08-31,24.340147018432617,28.790000915527344,28.84000015258789,28.43000030517578,28.610000610351562,8719400,DBC
2012-09-04,24.348602294921875,28.799999237060547,29.06999969482422,28.739999771118164,29.020000457763672,7801700,DBC
2012-09-05,24.230241775512695,28.65999984741211,28.790000915527344,28.59000015258789,28.780000686645508,3261000,DBC
2012-09-06,24.221786499023438,28.649999618530273,28.940000534057617,28.639999389648438,28.760000228881836,3166500,DBC
2012-09-07,24.492326736450195,28.969999313354492,29.020000457763672,28.65999984741211,28.790000915527344,2027200,DBC
2012-09-10,24.52614402770996,29.010000228881836,29.139999389648438,28.959999084472656,29.0,2223700,DBC
2012-09-11,24.57686996459961,29.06999969482422,29.149999618530273,29.040000915527344,29.1299991607666,1769800,DBC
2012-09-12,24.703685760498047,29.219999313354492,29.229999542236328,29.06999969482422,29.1299991607666,1264800,DBC
2012-09-13,24.872774124145508,29.420000076293945,29.459999084472656,29.059999465942383,29.360000610351562,2082500,DBC
2012-09-14,25.134857177734375,29.729999542236328,29.860000610351562,29.670000076293945,29.709999084472656,3026800,DBC
2012-09-17,24.441598892211914,28.90999984741211,29.559999465942383,28.75,29.540000915527344,3610500,DBC
2012-09-18,24.264060974121094,28.700000762939453,29.030000686645508,28.639999389648438,28.959999084472656,3701500,DBC
2012-09-19,23.90897560119629,28.280000686645508,28.6200008392334,28.190000534057617,28.600000381469727,4359800,DBC
2012-09-20,24.04424476623535,28.440000534057617,28.440000534057617,28.200000762939453,28.260000228881836,1676500,DBC
2012-09-21,24.204875946044922,28.6299991607666,28.670000076293945,28.510000228881836,28.56999969482422,2142400,DBC
2012-09-24,23.951248168945312,28.329999923706055,28.360000610351562,28.200000762939453,28.299999237060547,1786700,DBC
2012-09-25,23.97661018371582,28.360000610351562,28.59000015258789,28.329999923706055,28.540000915527344,1354400,DBC
2012-09-26,23.807523727416992,28.15999984741211,28.200000762939453,27.950000762939453,28.18000030517578,1892400,DBC
2012-09-27,24.103425979614258,28.510000228881836,28.540000915527344,28.309999465942383,28.389999389648438,1759300,DBC
2012-09-28,24.247150421142578,28.68000030517578,28.780000686645508,28.549999237060547,28.610000610351562,5470600,DBC
2012-10-01,24.280967712402344,28.719999313354492,28.950000762939453,28.59000015258789,28.850000381469727,6122000,DBC
2012-10-02,24.154151916503906,28.56999969482422,28.700000762939453,28.559999465942383,28.68000030517578,1393200,DBC
2012-10-03,23.73988914489746,28.079999923706055,28.700000762939453,28.059999465942383,28.299999237060547,2234000,DBC
2012-10-04,24.255605697631836,28.690000534057617,28.739999771118164,28.31999969482422,28.40999984741211,1251600,DBC
2012-10-05,24.1287899017334,28.540000915527344,28.649999618530273,28.389999389648438,28.649999618530273,1006500,DBC
2012-10-08,24.0611515045166,28.459999084472656,28.510000228881836,28.3700008392334,28.420000076293945,1075800,DBC
2012-10-09,24.23869514465332,28.670000076293945,28.780000686645508,28.549999237060547,28.559999465942383,1360400,DBC
2012-10-10,24.196422576904297,28.6200008392334,28.81999969482422,28.559999465942383,28.670000076293945,2341000,DBC
2012-10-11,24.475418090820312,28.950000762939453,29.0,28.760000228881836,28.860000610351562,975700,DBC
2012-10-12,24.13724136352539,28.549999237060547,28.760000228881836,28.469999313354492,28.709999084472656,1238300,DBC
2012-10-15,24.018884658813477,28.40999984741211,28.43000030517578,28.18000030517578,28.3700008392334,1350200,DBC
2012-10-16,24.035791397094727,28.43000030517578,28.489999771118164,28.34000015258789,28.420000076293945,1157700,DBC
2012-10-17,24.04424476623535,28.440000534057617,28.510000228881836,28.329999923706055,28.459999084472656,1258200,DBC
2012-10-18,24.035791397094727,28.43000030517578,28.479999542236328,28.209999084472656,28.25,1930500,DBC
2012-10-19,23.672252655029297,28.0,28.5,28.0,28.479999542236328,1623500,DBC
2012-10-22,23.562347412109375,27.8700008392334,28.1299991607666,27.799999237060547,28.09000015258789,1301000,DBC
2012-10-23,23.2748966217041,27.530000686645508,27.549999237060547,27.34000015258789,27.530000686645508,1933400,DBC
2012-10-24,23.207263946533203,27.450000762939453,27.56999969482422,27.31999969482422,27.520000457763672,1404000,DBC
2012-10-25,23.266443252563477,27.520000457763672,27.649999618530273,27.3799991607666,27.6200008392334,1268700,DBC
2012-10-26,23.317171096801758,27.579999923706055,27.6299991607666,27.459999084472656,27.520000457763672,1361500,DBC
2012-10-31,23.300260543823242,27.559999465942383,27.799999237060547,27.510000228881836,27.6200008392334,6853900,DBC
2012-11-01,23.342533111572266,27.610000610351562,27.75,27.610000610351562,27.65999984741211,3706800,DBC
2012-11-02,22.945175170898438,27.139999389648438,27.600000381469727,27.1200008392334,27.579999923706055,1252200,DBC
2012-11-05,23.139625549316406,27.3700008392334,27.389999389648438,27.079999923706055,27.1299991607666,2096800,DBC
2012-11-06,23.553892135620117,27.860000610351562,27.93000030517578,27.5,27.549999237060547,1425000,DBC
2012-11-07,23.1142635345459,27.34000015258789,27.639999389648438,27.280000686645508,27.610000610351562,1464500,DBC
2012-11-08,23.148080825805664,27.3799991607666,27.459999084472656,27.25,27.3700008392334,1124700,DBC
2012-11-09,23.334077835083008,27.600000381469727,27.65999984741211,27.309999465942383,27.329999923706055,2791200,DBC
2012-11-12,23.22416877746582,27.469999313354492,27.690000534057617,27.43000030517578,27.59000015258789,1251000,DBC
2012-11-13,23.181900024414062,27.420000076293945,27.530000686645508,27.309999465942383,27.31999969482422,1524500,DBC
2012-11-14,23.249534606933594,27.5,27.719999313354492,27.479999542236328,27.510000228881836,1166600,DBC
2012-11-15,23.156536102294922,27.389999389648438,27.670000076293945,27.329999923706055,27.6299991607666,1668400,DBC
2012-11-16,23.25798797607422,27.510000228881836,27.530000686645508,27.299999237060547,27.450000762939453,1450900,DBC
2012-11-19,23.69761848449707,28.030000686645508,28.079999923706055,27.850000381469727,27.850000381469727,2080400,DBC
2012-11-20,23.536985397338867,27.84000015258789,27.989999771118164,27.670000076293945,27.90999984741211,1148000,DBC
2012-11-21,23.6384334564209,27.959999084472656,27.959999084472656,27.739999771118164,27.889999389648438,1259400,DBC
2012-11-23,23.722978591918945,28.059999465942383,28.1200008392334,27.8799991607666,27.8799991607666,828700,DBC
2012-11-26,23.689163208007812,28.020000457763672,28.040000915527344,27.940000534057617,28.0,2169400,DBC
2012-11-27,23.655344009399414,27.979999542236328,28.079999923706055,27.8799991607666,28.010000228881836,1531700,DBC
2012-11-28,23.579256057739258,27.889999389648438,27.90999984741211,27.6200008392334,27.6200008392334,1733600,DBC
2012-11-29,23.73988914489746,28.079999923706055,28.170000076293945,28.010000228881836,28.1200008392334,1092300,DBC
2012-11-30,23.75679588317871,28.100000381469727,28.190000534057617,28.040000915527344,28.100000381469727,2626000,DBC
2012-12-03,23.815977096557617,28.170000076293945,28.3799991607666,28.1299991607666,28.360000610351562,2527400,DBC
2012-12-04,23.6046199798584,27.920000076293945,28.0,27.860000610351562,27.940000534057617,1844900,DBC
2012-12-05,23.579256057739258,27.889999389648438,27.989999771118164,27.770000457763672,27.940000534057617,1091700,DBC
2012-12-06,23.36789321899414,27.639999389648438,27.760000228881836,27.56999969482422,27.709999084472656,1621900,DBC
2012-12-07,23.342533111572266,27.610000610351562,27.700000762939453,27.520000457763672,27.649999618530273,2812600,DBC
2012-12-10,23.291805267333984,27.549999237060547,27.649999618530273,27.489999771118164,27.6299991607666,1194300,DBC
2012-12-11,23.249534606933594,27.5,27.559999465942383,27.40999984741211,27.540000915527344,1943600,DBC
2012-12-12,23.359439849853516,27.6299991607666,27.75,27.520000457763672,27.68000030517578,2672400,DBC
2012-12-13,23.148080825805664,27.3799991607666,27.489999771118164,27.299999237060547,27.440000534057617,1420800,DBC
2012-12-14,23.291805267333984,27.549999237060547,27.59000015258789,27.420000076293945,27.43000030517578,1641900,DBC
2012-12-17,23.2748966217041,27.530000686645508,27.600000381469727,27.5,27.530000686645508,1235700,DBC
2012-12-18,23.334077835083008,27.600000381469727,27.670000076293945,27.510000228881836,27.540000915527344,1583400,DBC
2012-12-19,23.418622970581055,27.700000762939453,27.75,27.600000381469727,27.639999389648438,1644600,DBC
2012-12-20,23.308713912963867,27.56999969482422,27.649999618530273,27.5,27.510000228881836,1829300,DBC
2012-12-21,23.266443252563477,27.520000457763672,27.559999465942383,27.43000030517578,27.479999542236328,1932700,DBC
2012-12-24,23.19035530090332,27.43000030517578,27.450000762939453,27.350000381469727,27.420000076293945,1091900,DBC
2012-12-26,23.42707633972168,27.709999084472656,27.809999465942383,27.6200008392334,27.709999084472656,1077900,DBC
2012-12-27,23.42707633972168,27.709999084472656,27.75,27.59000015258789,27.670000076293945,1973500,DBC
2012-12-28,23.359439849853516,27.6299991607666,27.719999313354492,27.549999237060547,27.670000076293945,1542300,DBC
2012-12-31,23.486257553100586,27.780000686645508,27.809999465942383,27.510000228881836,27.530000686645508,4334900,DBC
2013-01-02,23.570802688598633,27.8799991607666,28.1200008392334,27.850000381469727,28.110000610351562,3008900,DBC
2013-01-03,23.3763484954834,27.649999618530273,27.790000915527344,27.6299991607666,27.75,2478800,DBC
2013-01-04,23.2748966217041,27.530000686645508,27.59000015258789,27.350000381469727,27.530000686645508,3217000,DBC
2013-01-07,23.317171096801758,27.579999923706055,27.59000015258789,27.420000076293945,27.450000762939453,1727800,DBC
2013-01-08,23.3763484954834,27.649999618530273,27.65999984741211,27.530000686645508,27.639999389648438,1681900,DBC
2013-01-09,23.342533111572266,27.610000610351562,27.670000076293945,27.5,27.649999618530273,1681200,DBC
2013-01-10,23.42707633972168,27.709999084472656,27.81999969482422,27.709999084472656,27.799999237060547,1740600,DBC
2013-01-11,23.325624465942383,27.59000015258789,27.6200008392334,27.40999984741211,27.56999969482422,1492200,DBC
2013-01-14,23.477802276611328,27.770000457763672,27.780000686645508,27.559999465942383,27.700000762939453,1996600,DBC
2013-01-15,23.3763484954834,27.649999618530273,27.760000228881836,27.610000610351562,27.760000228881836,3970300,DBC
2013-01-16,23.40171241760254,27.68000030517578,27.719999313354492,27.579999923706055,27.6299991607666,3361300,DBC
2013-01-17,23.50316619873047,27.799999237060547,27.889999389648438,27.739999771118164,27.780000686645508,1419100,DBC
2013-01-18,23.655344009399414,27.979999542236328,28.020000457763672,27.780000686645508,27.8799991607666,1631600,DBC
2013-01-22,23.722978591918945,28.059999465942383,28.139999389648438,27.979999542236328,28.09000015258789,2017900,DBC
2013-01-23,23.748342514038086,28.09000015258789,28.139999389648438,28.020000457763672,28.040000915527344,1704100,DBC
2013-01-24,23.731435775756836,28.06999969482422,28.149999618530273,28.0,28.0,1555000,DBC
2013-01-25,23.680707931518555,28.010000228881836,28.09000015258789,27.940000534057617,28.049999237060547,1470300,DBC
2013-01-28,23.672252655029297,28.0,28.059999465942383,27.8799991607666,28.049999237060547,1456900,DBC
2013-01-29,23.807523727416992,28.15999984741211,28.200000762939453,28.010000228881836,28.049999237060547,1536500,DBC
2013-01-30,24.078062057495117,28.479999542236328,28.489999771118164,28.31999969482422,28.34000015258789,2555200,DBC
2013-01-31,24.06960678100586,28.469999313354492,28.5,28.309999465942383,28.360000610351562,2636100,DBC
2013-02-01,24.1626033782959,28.579999923706055,28.729999542236328,28.530000686645508,28.559999465942383,2975900,DBC
2013-02-04,24.078062057495117,28.479999542236328,28.6200008392334,28.43000030517578,28.5,1753700,DBC
2013-02-05,24.171058654785156,28.59000015258789,28.6299991607666,28.540000915527344,28.610000610351562,1421600,DBC
2013-02-06,24.13724136352539,28.549999237060547,28.579999923706055,28.389999389648438,28.420000076293945,2511400,DBC
2013-02-07,24.04424476623535,28.440000534057617,28.56999969482422,28.3700008392334,28.530000686645508,2184600,DBC
2013-02-08,24.13724136352539,28.549999237060547,28.68000030517578,28.520000457763672,28.610000610351562,1562500,DBC
2013-02-11,24.05270004272461,28.450000762939453,28.479999542236328,28.31999969482422,28.3700008392334,1981400,DBC
2013-02-12,24.094970703125,28.5,28.5,28.399999618530273,28.479999542236328,2520800,DBC
2013-02-13,24.103425979614258,28.510000228881836,28.56999969482422,28.459999084472656,28.530000686645508,1532000,DBC
2013-02-14,24.06960678100586,28.469999313354492,28.520000457763672,28.389999389648438,28.469999313354492,1387900,DBC
2013-02-15,23.968154907226562,28.350000381469727,28.350000381469727,28.170000076293945,28.260000228881836,2421000,DBC
2013-02-19,23.875158309936523,28.239999771118164,28.260000228881836,28.100000381469727,28.219999313354492,2252600,DBC
2013-02-20,23.6046199798584,27.920000076293945,28.209999084472656,27.850000381469727,28.200000762939453,3037500,DBC
2013-02-21,23.334077835083008,27.600000381469727,27.700000762939453,27.549999237060547,27.6299991607666,2358300,DBC
2013-02-22,23.334077835083008,27.600000381469727,27.65999984741211,27.530000686645508,27.6299991607666,1897900,DBC
2013-02-25,23.22416877746582,27.469999313354492,27.780000686645508,27.469999313354492,27.75,3079200,DBC
2013-02-26,23.181900024414062,27.420000076293945,27.549999237060547,27.3799991607666,27.5,2745100,DBC
2013-02-27,23.038175582885742,27.25,27.469999313354492,27.209999084472656,27.389999389648438,2564300,DBC
2013-02-28,22.936723709106445,27.1299991607666,27.309999465942383,27.100000381469727,27.219999313354492,5327700,DBC
2013-03-01,22.77608871459961,26.940000534057617,26.969999313354492,26.81999969482422,26.8799991607666,2641200,DBC
2013-03-04,22.691543579101562,26.84000015258789,26.93000030517578,26.729999542236328,26.899999618530273,2031000,DBC
2013-03-05,22.90290641784668,27.09000015258789,27.100000381469727,26.940000534057617,26.989999771118164,3225400,DBC
2013-03-06,22.77608871459961,26.940000534057617,27.010000228881836,26.850000381469727,26.989999771118164,1621800,DBC
2013-03-07,22.928268432617188,27.1200008392334,27.1200008392334,26.969999313354492,26.979999542236328,1534600,DBC
2013-03-08,22.99590301513672,27.200000762939453,27.219999313354492,27.020000457763672,27.040000915527344,2571900,DBC
2013-03-11,23.0128116607666,27.219999313354492,27.260000228881836,27.059999465942383,27.149999618530273,6676400,DBC
2013-03-12,23.06353759765625,27.280000686645508,27.43000030517578,27.209999084472656,27.389999389648438,3456200,DBC
2013-03-13,22.945175170898438,27.139999389648438,27.3700008392334,27.079999923706055,27.350000381469727,3080000,DBC
2013-03-14,23.1142635345459,27.34000015258789,27.34000015258789,27.170000076293945,27.200000762939453,1860500,DBC
2013-03-15,23.164989471435547,27.399999618530273,27.459999084472656,27.360000610351562,27.420000076293945,1869300,DBC
2013-03-18,23.02971839904785,27.239999771118164,27.299999237060547,27.100000381469727,27.1299991607666,1485500,DBC
2013-03-19,22.860631942749023,27.040000915527344,27.290000915527344,27.010000228881836,27.219999313354492,1687100,DBC
2013-03-20,23.02126693725586,27.229999542236328,27.290000915527344,27.049999237060547,27.170000076293945,2177200,DBC
2013-03-21,22.91981315612793,27.110000610351562,27.260000228881836,27.049999237060547,27.190000534057617,1375800,DBC
2013-03-22,22.96208381652832,27.15999984741211,27.219999313354492,27.049999237060547,27.15999984741211,1133900,DBC
2013-03-25,22.978994369506836,27.18000030517578,27.3799991607666,27.1299991607666,27.280000686645508,2103000,DBC
2013-03-26,23.19035530090332,27.43000030517578,27.43000030517578,27.239999771118164,27.309999465942383,1416700,DBC
2013-03-27,23.308713912963867,27.56999969482422,27.579999923706055,27.350000381469727,27.389999389648438,2456700,DBC
2013-03-28,23.08890151977539,27.309999465942383,27.5,27.229999542236328,27.43000030517578,1560200,DBC
2013-04-01,23.08890151977539,27.309999465942383,27.399999618530273,27.15999984741211,27.190000534057617,1980700,DBC
2013-04-02,22.978994369506836,27.18000030517578,27.25,27.1200008392334,27.219999313354492,3237700,DBC
2013-04-03,22.590091705322266,26.719999313354492,27.190000534057617,26.68000030517578,27.149999618530273,2111900,DBC
2013-04-04,22.564729690551758,26.690000534057617,26.75,26.520000457763672,26.579999923706055,1327100,DBC
2013-04-05,22.547819137573242,26.670000076293945,26.670000076293945,26.520000457763672,26.6200008392334,1205300,DBC
2013-04-08,22.615453720092773,26.75,26.760000228881836,26.59000015258789,26.75,1179300,DBC
2013-04-09,22.759180068969727,26.920000076293945,26.969999313354492,26.670000076293945,26.739999771118164,1302800,DBC
2013-04-10,22.708454132080078,26.860000610351562,26.959999084472656,26.809999465942383,26.920000076293945,1260800,DBC
2013-04-11,22.615453720092773,26.75,26.8700008392334,26.670000076293945,26.799999237060547,1748800,DBC
2013-04-12,22.33646011352539,26.420000076293945,26.600000381469727,26.280000686645508,26.5,2923900,DBC
2013-04-15,21.66856575012207,25.6299991607666,26.0,25.6200008392334,25.989999771118164,3652600,DBC
2013-04-16,21.896833419799805,25.899999618530273,25.90999984741211,25.639999389648438,25.790000915527344,4928900,DBC
2013-04-17,21.57556915283203,25.520000457763672,25.709999084472656,25.489999771118164,25.68000030517578,1478900,DBC
2013-04-18,21.8038387298584,25.790000915527344,25.809999465942383,25.489999771118164,25.6200008392334,2616600,DBC
2013-04-19,21.75310707092285,25.729999542236328,25.790000915527344,25.65999984741211,25.729999542236328,1957900,DBC
2013-04-22,21.82074546813965,25.809999465942383,25.829999923706055,25.579999923706055,25.760000228881836,1996500,DBC
2013-04-23,21.685474395751953,25.649999618530273,25.739999771118164,25.59000015258789,25.65999984741211,2551900,DBC
2013-04-24,21.922197341918945,25.93000030517578,25.950000762939453,25.770000457763672,25.81999969482422,1714400,DBC
2013-04-25,22.209646224975586,26.270000457763672,26.31999969482422,25.969999313354492,25.989999771118164,2094300,DBC
2013-04-26,22.08283233642578,26.1200008392334,26.219999313354492,25.979999542236328,26.18000030517578,2222900,DBC
2013-04-29,22.378732681274414,26.469999313354492,26.510000228881836,26.209999084472656,26.239999771118164,1131000,DBC
2013-04-30,22.209646224975586,26.270000457763672,26.459999084472656,26.239999771118164,26.459999084472656,1900600,DBC
2013-05-01,21.812288284301758,25.799999237060547,25.899999618530273,25.700000762939453,25.809999465942383,1693900,DBC
2013-05-02,22.091283798217773,26.1299991607666,26.18000030517578,25.799999237060547,25.90999984741211,1538800,DBC
2013-05-03,22.33646011352539,26.420000076293945,26.520000457763672,26.309999465942383,26.3700008392334,1188300,DBC
2013-05-06,22.36182403564453,26.450000762939453,26.510000228881836,26.270000457763672,26.350000381469727,7015100,DBC
2013-05-07,22.285734176635742,26.360000610351562,26.479999542236328,26.280000686645508,26.40999984741211,1380300,DBC
2013-05-08,22.387187957763672,26.479999542236328,26.540000915527344,26.3700008392334,26.440000534057617,1423400,DBC
2013-05-09,22.378732681274414,26.469999313354492,26.579999923706055,26.3700008392334,26.389999389648438,1137900,DBC
2013-05-10,22.277280807495117,26.350000381469727,26.3700008392334,26.020000457763672,26.200000762939453,1402400,DBC
2013-05-13,22.175827026367188,26.229999542236328,26.350000381469727,26.170000076293945,26.229999542236328,1380000,DBC
2013-05-14,22.09973907470703,26.139999389648438,26.229999542236328,26.09000015258789,26.1299991607666,2765800,DBC
2013-05-15,22.049015045166016,26.079999923706055,26.100000381469727,25.770000457763672,25.940000534057617,3652200,DBC
2013-05-16,22.023649215698242,26.049999237060547,26.15999984741211,25.979999542236328,26.030000686645508,1532000,DBC
2013-05-17,22.133556365966797,26.18000030517578,26.239999771118164,26.06999969482422,26.200000762939453,1141500,DBC
2013-05-20,22.277280807495117,26.350000381469727,26.3799991607666,26.15999984741211,26.15999984741211,1530400,DBC
2013-05-21,22.150466918945312,26.200000762939453,26.329999923706055,26.139999389648438,26.280000686645508,1199900,DBC
2013-05-22,22.049015045166016,26.079999923706055,26.360000610351562,26.030000686645508,26.200000762939453,1302700,DBC
2013-05-23,22.150466918945312,26.200000762939453,26.200000762939453,25.84000015258789,25.8700008392334,2251800,DBC
2013-05-24,22.065921783447266,26.100000381469727,26.149999618530273,25.969999313354492,26.030000686645508,1968100,DBC
2013-05-28,22.268827438354492,26.34000015258789,26.459999084472656,26.31999969482422,26.450000762939453,2486900,DBC
2013-05-29,22.125102996826172,26.170000076293945,26.360000610351562,26.110000610351562,26.350000381469727,1150400,DBC
2013-05-30,22.125102996826172,26.170000076293945,26.239999771118164,26.020000457763672,26.049999237060547,1874300,DBC
2013-05-31,21.86301612854004,25.860000610351562,26.09000015258789,25.860000610351562,26.020000457763672,5156100,DBC
2013-06-03,22.133556365966797,26.18000030517578,26.260000228881836,26.079999923706055,26.1200008392334,2813800,DBC
2013-06-04,22.218103408813477,26.280000686645508,26.299999237060547,26.0,26.079999923706055,1526100,DBC
2013-06-05,22.116649627685547,26.15999984741211,26.3799991607666,26.149999618530273,26.299999237060547,2641500,DBC
2013-06-06,22.20119285583496,26.260000228881836,26.270000457763672,26.139999389648438,26.139999389648438,3320900,DBC
2013-06-07,22.25191879272461,26.31999969482422,26.399999618530273,26.079999923706055,26.110000610351562,1316900,DBC
2013-06-10,22.167373657226562,26.219999313354492,26.25,26.15999984741211,26.219999313354492,1086400,DBC
2013-06-11,21.972925186157227,25.989999771118164,26.030000686645508,25.889999389648438,25.90999984741211,1148700,DBC
2013-06-12,21.998287200927734,26.020000457763672,26.139999389648438,26.010000228881836,26.110000610351562,3855200,DBC
2013-06-13,22.142009735107422,26.190000534057617,26.219999313354492,25.959999084472656,25.989999771118164,2189600,DBC
2013-06-14,22.235010147094727,26.299999237060547,26.360000610351562,26.260000228881836,26.31999969482422,1542800,DBC
2013-06-17,22.285734176635742,26.360000610351562,26.399999618530273,26.299999237060547,26.309999465942383,2642800,DBC
2013-06-18,22.328006744384766,26.40999984741211,26.43000030517578,26.280000686645508,26.360000610351562,2653200,DBC
2013-06-19,22.36182403564453,26.450000762939453,26.600000381469727,26.43000030517578,26.459999084472656,1080200,DBC
2013-06-20,21.634750366210938,25.59000015258789,25.920000076293945,25.559999465942383,25.899999618530273,3419500,DBC
2013-06-21,21.49947738647461,25.43000030517578,25.649999618530273,25.350000381469727,25.6200008392334,3324300,DBC
2013-06-24,21.40648078918457,25.31999969482422,25.420000076293945,25.15999984741211,25.200000762939453,2212800,DBC
2013-06-25,21.423389434814453,25.34000015258789,25.489999771118164,25.309999465942383,25.489999771118164,3226100,DBC
2013-06-26,21.364208221435547,25.270000457763672,25.350000381469727,25.139999389648438,25.329999923706055,3087100,DBC
2013-06-27,21.355754852294922,25.260000228881836,25.389999389648438,25.25,25.3700008392334,1182000,DBC
2013-06-28,21.245845794677734,25.1299991607666,25.3799991607666,25.09000015258789,25.299999237060547,2842400,DBC
2013-07-01,21.38111686706543,25.290000915527344,25.5,25.209999084472656,25.34000015258789,1321500,DBC
2013-07-02,21.46565818786621,25.389999389648438,25.469999313354492,25.329999923706055,25.399999618530273,1615800,DBC
2013-07-03,21.660112380981445,25.6200008392334,25.65999984741211,25.549999237060547,25.600000381469727,1382900,DBC
2013-07-05,21.609384536743164,25.559999465942383,25.59000015258789,25.43000030517578,25.530000686645508,2627000,DBC
2013-07-08,21.71929359436035,25.690000534057617,25.770000457763672,25.6200008392334,25.6299991607666,3575400,DBC
2013-07-09,21.854564666748047,25.850000381469727,25.8700008392334,25.719999313354492,25.81999969482422,1077600,DBC
2013-07-10,21.922197341918945,25.93000030517578,26.030000686645508,25.90999984741211,26.010000228881836,3148900,DBC
2013-07-11,22.032102584838867,26.059999465942383,26.139999389648438,25.93000030517578,26.100000381469727,1427200,DBC
2013-07-12,22.116649627685547,26.15999984741211,26.170000076293945,26.09000015258789,26.15999984741211,4106300,DBC
2013-07-15,22.057466506958008,26.09000015258789,26.1200008392334,26.010000228881836,26.049999237060547,1477600,DBC
2013-07-16,22.08283233642578,26.1200008392334,26.239999771118164,26.1200008392334,26.170000076293945,1308400,DBC
2013-07-17,22.065921783447266,26.100000381469727,26.170000076293945,26.06999969482422,26.15999984741211,944200,DBC
2013-07-18,22.158918380737305,26.209999084472656,26.219999313354492,26.100000381469727,26.1200008392334,1176300,DBC
2013-07-19,22.175827026367188,26.229999542236328,26.280000686645508,26.06999969482422,26.270000457763672,1327400,DBC
2013-07-22,22.158918380737305,26.209999084472656,26.299999237060547,26.15999984741211,26.270000457763672,1807600,DBC
2013-07-23,22.192737579345703,26.25,26.280000686645508,26.209999084472656,26.239999771118164,1237700,DBC
2013-07-24,22.015195846557617,26.040000915527344,26.25,25.979999542236328,26.15999984741211,1429000,DBC
2013-07-25,21.98983383178711,26.010000228881836,26.030000686645508,25.84000015258789,25.979999542236328,1215100,DBC
2013-07-26,21.854564666748047,25.850000381469727,25.90999984741211,25.739999771118164,25.899999618530273,833600,DBC
2013-07-29,21.846107482910156,25.84000015258789,25.860000610351562,25.739999771118164,25.809999465942383,882200,DBC
2013-07-30,21.77001953125,25.75,25.799999237060547,25.670000076293945,25.780000686645508,1729200,DBC
2013-07-31,21.922197341918945,25.93000030517578,25.969999313354492,25.56999969482422,25.610000610351562,1257700,DBC
2013-08-01,21.972925186157227,25.989999771118164,26.059999465942383,25.950000762939453,26.049999237060547,1856300,DBC
2013-08-02,21.88838005065918,25.889999389648438,26.010000228881836,25.8799991607666,25.959999084472656,1216700,DBC
2013-08-05,21.778472900390625,25.760000228881836,25.809999465942383,25.670000076293945,25.690000534057617,1031800,DBC
2013-08-06,21.60093116760254,25.549999237060547,25.690000534057617,25.5,25.690000534057617,1781400,DBC
2013-08-07,21.457204818725586,25.3799991607666,25.510000228881836,25.350000381469727,25.469999313354492,1298100,DBC
2013-08-08,21.567113876342773,25.510000228881836,25.530000686645508,25.299999237060547,25.40999984741211,1150200,DBC
2013-08-09,21.71929359436035,25.690000534057617,25.729999542236328,25.579999923706055,25.59000015258789,1063700,DBC
2013-08-12,21.98137855529785,26.0,26.020000457763672,25.760000228881836,25.809999465942383,887800,DBC
2013-08-13,21.972925186157227,25.989999771118164,26.049999237060547,25.959999084472656,26.040000915527344,917800,DBC
2013-08-14,22.150466918945312,26.200000762939453,26.200000762939453,25.979999542236328,25.989999771118164,1693200,DBC
2013-08-15,22.36182403564453,26.450000762939453,26.459999084472656,26.15999984741211,26.260000228881836,1724200,DBC
2013-08-16,22.370277404785156,26.459999084472656,26.489999771118164,26.34000015258789,26.459999084472656,1708400,DBC
2013-08-19,22.34491539001465,26.43000030517578,26.579999923706055,26.399999618530273,26.510000228881836,2371900,DBC
2013-08-20,22.302642822265625,26.3799991607666,26.530000686645508,26.299999237060547,26.309999465942383,1334800,DBC
2013-08-21,22.277280807495117,26.350000381469727,26.43000030517578,26.329999923706055,26.40999984741211,1423700,DBC
2013-08-22,22.285734176635742,26.360000610351562,26.40999984741211,26.299999237060547,26.360000610351562,1673100,DBC
2013-08-23,22.46327781677246,26.56999969482422,26.6200008392334,26.389999389648438,26.43000030517578,1384500,DBC
2013-08-26,22.590091705322266,26.719999313354492,26.780000686645508,26.6200008392334,26.709999084472656,1190000,DBC
2013-08-27,22.809904098510742,26.979999542236328,27.059999465942383,26.920000076293945,26.989999771118164,1878200,DBC
2013-08-28,22.84372329711914,27.020000457763672,27.110000610351562,26.979999542236328,27.020000457763672,2376700,DBC
2013-08-29,22.60700035095215,26.739999771118164,27.020000457763672,26.729999542236328,26.979999542236328,1251800,DBC
2013-08-30,22.539363861083984,26.65999984741211,26.790000915527344,26.549999237060547,26.729999542236328,5229600,DBC
2013-09-03,22.657726287841797,26.799999237060547,26.860000610351562,26.700000762939453,26.809999465942383,5447200,DBC
2013-09-04,22.46327781677246,26.56999969482422,26.59000015258789,26.489999771118164,26.549999237060547,12295700,DBC
2013-09-05,22.41254997253418,26.510000228881836,26.59000015258789,26.420000076293945,26.59000015258789,1297400,DBC
2013-09-06,22.539363861083984,26.65999984741211,26.75,26.610000610351562,26.670000076293945,2600500,DBC
2013-09-09,22.395641326904297,26.489999771118164,26.690000534057617,26.459999084472656,26.600000381469727,2148900,DBC
2013-09-10,22.192737579345703,26.25,26.290000915527344,26.170000076293945,26.209999084472656,1288800,DBC
2013-09-11,22.22655487060547,26.290000915527344,26.329999923706055,26.18000030517578,26.309999465942383,1521400,DBC
2013-09-12,22.33646011352539,26.420000076293945,26.450000762939453,26.219999313354492,26.25,2274300,DBC
2013-09-13,22.268827438354492,26.34000015258789,26.360000610351562,26.18000030517578,26.280000686645508,1148600,DBC
2013-09-16,21.98983383178711,26.010000228881836,26.200000762939453,26.010000228881836,26.1200008392334,1427400,DBC
2013-09-17,21.76156234741211,25.739999771118164,26.030000686645508,25.709999084472656,26.010000228881836,3673300,DBC
2013-09-18,22.235010147094727,26.299999237060547,26.329999923706055,25.809999465942383,25.84000015258789,1473700,DBC
2013-09-19,22.150466918945312,26.200000762939453,26.40999984741211,26.15999984741211,26.3799991607666,3198000,DBC
2013-09-20,21.947559356689453,25.959999084472656,26.18000030517578,25.940000534057617,26.09000015258789,1424600,DBC
2013-09-23,21.786928176879883,25.770000457763672,25.889999389648438,25.75,25.850000381469727,3697100,DBC
2013-09-24,21.778472900390625,25.760000228881836,25.81999969482422,25.610000610351562,25.690000534057617,3354800,DBC
2013-09-25,21.812288284301758,25.799999237060547,25.969999313354492,25.790000915527344,25.899999618530273,2383300,DBC
2013-09-26,21.98137855529785,26.0,26.030000686645508,25.889999389648438,25.90999984741211,1226000,DBC
2013-09-27,21.871471405029297,25.8700008392334,26.09000015258789,25.8700008392334,25.959999084472656,1619700,DBC
2013-09-30,21.778472900390625,25.760000228881836,25.889999389648438,25.719999313354492,25.81999969482422,17407400,DBC
2013-10-01,21.634750366210938,25.59000015258789,25.6299991607666,25.43000030517578,25.579999923706055,6424400,DBC
2013-10-02,21.846107482910156,25.84000015258789,25.899999618530273,25.6299991607666,25.68000030517578,2193100,DBC
2013-10-03,21.812288284301758,25.799999237060547,26.020000457763672,25.799999237060547,26.020000457763672,1212500,DBC
2013-10-04,21.879924774169922,25.8799991607666,25.959999084472656,25.799999237060547,25.959999084472656,1224500,DBC
2013-10-07,22.032102584838867,26.059999465942383,26.09000015258789,25.75,25.829999923706055,1691800,DBC
2013-10-08,22.108196258544922,26.149999618530273,26.270000457763672,26.1299991607666,26.209999084472656,1774400,DBC
2013-10-09,21.947559356689453,25.959999084472656,26.049999237060547,25.8700008392334,26.0,2811500,DBC
2013-10-10,22.22655487060547,26.290000915527344,26.329999923706055,26.059999465942383,26.09000015258789,1180600,DBC
2013-10-11,22.108196258544922,26.149999618530273,26.170000076293945,26.010000228881836,26.040000915527344,1076900,DBC
2013-10-14,22.09973907470703,26.139999389648438,26.229999542236328,26.040000915527344,26.09000015258789,1560900,DBC
2013-10-15,22.023649215698242,26.049999237060547,26.15999984741211,26.049999237060547,26.079999923706055,1346100,DBC
2013-10-16,22.192737579345703,26.25,26.3799991607666,26.149999618530273,26.170000076293945,2097700,DBC
2013-10-17,22.074378967285156,26.110000610351562,26.260000228881836,26.049999237060547,26.18000030517578,2061600,DBC
2013-10-18,22.20119285583496,26.260000228881836,26.270000457763672,26.1299991607666,26.229999542236328,1289600,DBC
2013-10-21,22.150466918945312,26.200000762939453,26.290000915527344,26.149999618530273,26.260000228881836,1468100,DBC
2013-10-22,22.125102996826172,26.170000076293945,26.34000015258789,26.1200008392334,26.299999237060547,1276000,DBC
2013-10-23,21.786928176879883,25.770000457763672,25.959999084472656,25.739999771118164,25.93000030517578,1036800,DBC
2013-10-24,21.795381546020508,25.780000686645508,25.809999465942383,25.65999984741211,25.68000030517578,1128100,DBC
2013-10-25,21.86301612854004,25.860000610351562,25.8700008392334,25.719999313354492,25.739999771118164,1197600,DBC
2013-10-28,21.947559356689453,25.959999084472656,26.020000457763672,25.850000381469727,25.899999618530273,1137200,DBC
2013-10-29,21.88838005065918,25.889999389648438,25.93000030517578,25.799999237060547,25.860000610351562,2494000,DBC
2013-10-30,21.95601463317871,25.969999313354492,26.0,25.889999389648438,25.969999313354492,1106100,DBC
2013-10-31,21.77001953125,25.75,25.93000030517578,25.719999313354492,25.889999389648438,2376000,DBC
2013-11-01,21.49947738647461,25.43000030517578,25.559999465942383,25.360000610351562,25.559999465942383,2624000,DBC
2013-11-04,21.40648078918457,25.31999969482422,25.399999618530273,25.290000915527344,25.309999465942383,1648500,DBC
2013-11-05,21.34729766845703,25.25,25.34000015258789,25.209999084472656,25.31999969482422,1522900,DBC
2013-11-06,21.364208221435547,25.270000457763672,25.399999618530273,25.270000457763672,25.34000015258789,1702900,DBC
2013-11-07,21.21202850341797,25.09000015258789,25.239999771118164,25.049999237060547,25.18000030517578,2842900,DBC
2013-11-08,21.33038902282715,25.229999542236328,25.270000457763672,25.0,25.040000915527344,1453000,DBC
2013-11-11,21.423389434814453,25.34000015258789,25.3700008392334,25.209999084472656,25.239999771118164,1045400,DBC
2013-11-12,21.279664993286133,25.170000076293945,25.3700008392334,25.110000610351562,25.3700008392334,1606600,DBC
2013-11-13,21.372663497924805,25.280000686645508,25.31999969482422,25.18000030517578,25.280000686645508,1313700,DBC
2013-11-14,21.46565818786621,25.389999389648438,25.489999771118164,25.260000228881836,25.329999923706055,1524500,DBC
2013-11-15,21.431842803955078,25.350000381469727,25.40999984741211,25.329999923706055,25.3700008392334,1369400,DBC
2013-11-18,21.28812026977539,25.18000030517578,25.3799991607666,25.18000030517578,25.3799991607666,2611100,DBC
2013-11-19,21.254301071166992,25.139999389648438,25.290000915527344,25.1200008392334,25.170000076293945,1426900,DBC
2013-11-20,21.271209716796875,25.15999984741211,25.280000686645508,25.110000610351562,25.110000610351562,1313500,DBC
2013-11-21,21.541749954223633,25.479999542236328,25.479999542236328,25.209999084472656,25.280000686645508,2304500,DBC
2013-11-22,21.609384536743164,25.559999465942383,25.600000381469727,25.420000076293945,25.579999923706055,1999100,DBC
2013-11-25,21.58402442932129,25.530000686645508,25.610000610351562,25.399999618530273,25.459999084472656,1378200,DBC
2013-11-26,21.57556915283203,25.520000457763672,25.56999969482422,25.420000076293945,25.510000228881836,1754900,DBC
2013-11-27,21.57556915283203,25.520000457763672,25.530000686645508,25.389999389648438,25.530000686645508,1040100,DBC
2013-11-29,21.567113876342773,25.510000228881836,25.6200008392334,25.360000610351562,25.360000610351562,1029700,DBC
2013-12-02,21.541749954223633,25.479999542236328,25.610000610351562,25.40999984741211,25.43000030517578,5001000,DBC
2013-12-03,21.66856575012207,25.6299991607666,25.68000030517578,25.489999771118164,25.489999771118164,1399600,DBC
2013-12-04,21.710838317871094,25.68000030517578,25.799999237060547,25.6299991607666,25.6299991607666,2137800,DBC
2013-12-05,21.685474395751953,25.649999618530273,25.719999313354492,25.600000381469727,25.65999984741211,1672300,DBC
2013-12-06,21.76156234741211,25.739999771118164,25.760000228881836,25.68000030517578,25.739999771118164,1050000,DBC
2013-12-09,21.685474395751953,25.649999618530273,25.799999237060547,25.6200008392334,25.790000915527344,2037300,DBC
2013-12-10,21.75310707092285,25.729999542236328,25.809999465942383,25.670000076293945,25.809999465942383,1973700,DBC
2013-12-11,21.75310707092285,25.729999542236328,25.75,25.649999618530273,25.68000030517578,1964800,DBC
2013-12-12,21.55020523071289,25.489999771118164,25.65999984741211,25.440000534057617,25.65999984741211,1840200,DBC
2013-12-13,21.46565818786621,25.389999389648438,25.459999084472656,25.3799991607666,25.440000534057617,1585100,DBC
2013-12-16,21.533294677734375,25.469999313354492,25.600000381469727,25.450000762939453,25.459999084472656,3035200,DBC
2013-12-17,21.431842803955078,25.350000381469727,25.459999084472656,25.34000015258789,25.420000076293945,9614600,DBC
2013-12-18,21.4741153717041,25.399999618530273,25.540000915527344,25.389999389648438,25.420000076293945,6495600,DBC
2013-12-19,21.524843215942383,25.459999084472656,25.530000686645508,25.3799991607666,25.389999389648438,2614300,DBC
2013-12-20,21.69392967224121,25.65999984741211,25.700000762939453,25.559999465942383,25.6299991607666,2716700,DBC
2013-12-23,21.69392967224121,25.65999984741211,25.719999313354492,25.610000610351562,25.719999313354492,2961900,DBC
2013-12-24,21.76156234741211,25.739999771118164,25.770000457763672,25.65999984741211,25.709999084472656,1252600,DBC
2013-12-26,21.795381546020508,25.780000686645508,25.81999969482422,25.200000762939453,25.200000762939453,1759700,DBC
2013-12-27,21.854564666748047,25.850000381469727,25.920000076293945,25.15999984741211,25.170000076293945,1865900,DBC
2013-12-30,21.727745056152344,25.700000762939453,25.809999465942383,25.479999542236328,25.479999542236328,3367600,DBC
2013-12-31,21.69392967224121,25.65999984741211,25.690000534057617,25.540000915527344,25.549999237060547,2268200,DBC
2014-01-02,21.38111686706543,25.290000915527344,25.549999237060547,25.280000686645508,25.510000228881836,2064400,DBC
2014-01-03,21.245845794677734,25.1299991607666,25.280000686645508,25.110000610351562,25.25,1797200,DBC
2014-01-06,21.271209716796875,25.15999984741211,25.219999313354492,25.1200008392334,25.190000534057617,1790400,DBC
2014-01-07,21.254301071166992,25.139999389648438,25.18000030517578,25.100000381469727,25.1299991607666,1257200,DBC
2014-01-08,21.051393508911133,24.899999618530273,25.100000381469727,24.860000610351562,25.079999923706055,1346800,DBC
2014-01-09,20.882308959960938,24.700000762939453,24.8799991607666,24.6299991607666,24.8700008392334,1185300,DBC
2014-01-10,21.017578125,24.860000610351562,24.889999389648438,24.709999084472656,24.760000228881836,3678000,DBC
2014-01-13,21.009124755859375,24.850000381469727,24.920000076293945,24.829999923706055,24.860000610351562,2131100,DBC
2014-01-14,21.009124755859375,24.850000381469727,24.989999771118164,24.770000457763672,24.8700008392334,1089900,DBC
2014-01-15,21.06830406188965,24.920000076293945,25.020000457763672,24.809999465942383,24.850000381469727,1487000,DBC
2014-01-16,21.034486770629883,24.8799991607666,25.0,24.8799991607666,24.979999542236328,2372100,DBC
2014-01-17,21.05984878540039,24.90999984741211,25.010000228881836,24.899999618530273,24.950000762939453,1446600,DBC
2014-01-21,21.110578536987305,24.969999313354492,25.06999969482422,24.940000534057617,25.030000686645508,1848500,DBC
2014-01-22,21.21202850341797,25.09000015258789,25.1200008392334,25.010000228881836,25.079999923706055,1557600,DBC
2014-01-23,21.195119857788086,25.06999969482422,25.229999542236328,25.040000915527344,25.15999984741211,1164500,DBC
2014-01-24,21.20357322692871,25.079999923706055,25.1299991607666,25.010000228881836,25.059999465942383,3067300,DBC
2014-01-27,21.05984878540039,24.90999984741211,25.100000381469727,24.8700008392334,25.059999465942383,1882700,DBC
2014-01-28,21.16130256652832,25.030000686645508,25.06999969482422,24.979999542236328,25.0,1338000,DBC
2014-01-29,21.14439582824707,25.010000228881836,25.059999465942383,24.950000762939453,24.989999771118164,1534400,DBC
2014-01-30,21.05984878540039,24.90999984741211,25.06999969482422,24.90999984741211,25.059999465942383,1712200,DBC
2014-01-31,21.034486770629883,24.8799991607666,24.979999542236328,24.850000381469727,24.889999389648438,1689600,DBC
2014-02-03,21.034486770629883,24.8799991607666,24.950000762939453,24.81999969482422,24.8799991607666,2314000,DBC
2014-02-04,21.195119857788086,25.06999969482422,25.079999923706055,24.959999084472656,24.959999084472656,2000000,DBC
2014-02-05,21.23739242553711,25.1200008392334,25.149999618530273,25.010000228881836,25.1200008392334,1184500,DBC
2014-02-06,21.321935653686523,25.219999313354492,25.299999237060547,25.18000030517578,25.260000228881836,1083700,DBC
2014-02-07,21.567113876342773,25.510000228881836,25.530000686645508,25.280000686645508,25.350000381469727,1356000,DBC
2014-02-10,21.448753356933594,25.3700008392334,25.520000457763672,25.3700008392334,25.459999084472656,1901600,DBC
2014-02-11,21.55866050720215,25.5,25.520000457763672,25.34000015258789,25.440000534057617,1429600,DBC
2014-02-12,21.60093116760254,25.549999237060547,25.690000534057617,25.549999237060547,25.600000381469727,3575300,DBC
2014-02-13,21.71929359436035,25.690000534057617,25.690000534057617,25.540000915527344,25.540000915527344,3652900,DBC
2014-02-14,21.795381546020508,25.780000686645508,25.81999969482422,25.6200008392334,25.6200008392334,2148800,DBC
2014-02-18,22.108196258544922,26.149999618530273,26.18000030517578,25.969999313354492,25.969999313354492,1895400,DBC
2014-02-19,22.167373657226562,26.219999313354492,26.290000915527344,26.149999618530273,26.170000076293945,2154800,DBC
2014-02-20,22.209646224975586,26.270000457763672,26.270000457763672,26.15999984741211,26.18000030517578,4146500,DBC
2014-02-21,22.150466918945312,26.200000762939453,26.260000228881836,26.09000015258789,26.260000228881836,1027500,DBC
2014-02-24,22.24346351623535,26.309999465942383,26.34000015258789,26.190000534057617,26.200000762939453,2531500,DBC
2014-02-25,22.142009735107422,26.190000534057617,26.260000228881836,26.1200008392334,26.219999313354492,1302100,DBC
2014-02-26,22.08283233642578,26.1200008392334,26.200000762939453,26.100000381469727,26.139999389648438,1208900,DBC
2014-02-27,22.015195846557617,26.040000915527344,26.149999618530273,26.020000457763672,26.06999969482422,955600,DBC
2014-02-28,22.091283798217773,26.1299991607666,26.1299991607666,25.969999313354492,25.979999542236328,1861100,DBC
2014-03-03,22.395641326904297,26.489999771118164,26.59000015258789,26.3700008392334,26.530000686645508,5428200,DBC
2014-03-04,22.31109619140625,26.389999389648438,26.40999984741211,26.239999771118164,26.299999237060547,1283100,DBC
2014-03-05,22.125102996826172,26.170000076293945,26.399999618530273,26.15999984741211,26.399999618530273,3417200,DBC
2014-03-06,22.328006744384766,26.40999984741211,26.40999984741211,26.18000030517578,26.18000030517578,956900,DBC
2014-03-07,22.22655487060547,26.290000915527344,26.34000015258789,26.229999542236328,26.299999237060547,2120600,DBC
2014-03-10,22.040559768676758,26.06999969482422,26.170000076293945,26.049999237060547,26.1200008392334,1710100,DBC
2014-03-11,22.049015045166016,26.079999923706055,26.15999984741211,26.010000228881836,26.110000610351562,1821300,DBC
2014-03-12,21.98983383178711,26.010000228881836,26.049999237060547,25.850000381469727,25.889999389648438,1026800,DBC
2014-03-13,21.88838005065918,25.889999389648438,26.0,25.850000381469727,25.989999771118164,1182000,DBC
2014-03-14,22.006742477416992,26.030000686645508,26.059999465942383,25.940000534057617,25.959999084472656,827500,DBC
2014-03-17,21.76156234741211,25.739999771118164,25.959999084472656,25.739999771118164,25.93000030517578,1563700,DBC
2014-03-18,21.871471405029297,25.8700008392334,25.920000076293945,25.719999313354492,25.719999313354492,1091800,DBC
2014-03-19,21.86301612854004,25.860000610351562,25.940000534057617,25.709999084472656,25.739999771118164,1194200,DBC
2014-03-20,21.76156234741211,25.739999771118164,25.889999389648438,25.68000030517578,25.790000915527344,1393200,DBC
2014-03-21,21.778472900390625,25.760000228881836,25.899999618530273,25.75,25.770000457763672,1410800,DBC
2014-03-24,21.77001953125,25.75,25.899999618530273,25.739999771118164,25.860000610351562,1574000,DBC
2014-03-25,21.913742065429688,25.920000076293945,26.020000457763672,25.8700008392334,25.899999618530273,1186300,DBC
2014-03-26,21.896833419799805,25.899999618530273,25.979999542236328,25.829999923706055,25.84000015258789,1156500,DBC
2014-03-27,22.091283798217773,26.1299991607666,26.18000030517578,26.020000457763672,26.030000686645508,742400,DBC
2014-03-28,22.09973907470703,26.139999389648438,26.25,26.139999389648438,26.200000762939453,1789900,DBC
2014-03-31,22.08283233642578,26.1200008392334,26.139999389648438,25.940000534057617,26.1200008392334,1455500,DBC
2014-04-01,21.812288284301758,25.799999237060547,26.100000381469727,25.790000915527344,26.059999465942383,1986400,DBC
2014-04-02,21.76156234741211,25.739999771118164,25.799999237060547,25.690000534057617,25.770000457763672,664300,DBC
2014-04-03,21.93910789489746,25.950000762939453,26.0,25.739999771118164,25.790000915527344,1289200,DBC
2014-04-04,22.040559768676758,26.06999969482422,26.09000015258789,26.040000915527344,26.09000015258789,824700,DBC
2014-04-07,21.98983383178711,26.010000228881836,26.1200008392334,25.90999984741211,26.020000457763672,738900,DBC
2014-04-08,22.24346351623535,26.309999465942383,26.360000610351562,26.079999923706055,26.1200008392334,790200,DBC
2014-04-09,22.302642822265625,26.3799991607666,26.43000030517578,26.299999237060547,26.34000015258789,1411100,DBC
2014-04-10,22.31109619140625,26.389999389648438,26.459999084472656,26.34000015258789,26.389999389648438,984900,DBC
2014-04-11,22.209646224975586,26.270000457763672,26.399999618530273,26.270000457763672,26.31999969482422,1679100,DBC
2014-04-14,22.41254997253418,26.510000228881836,26.549999237060547,26.399999618530273,26.440000534057617,1438500,DBC
2014-04-15,22.429458618164062,26.530000686645508,26.559999465942383,26.3700008392334,26.399999618530273,1059700,DBC
2014-04-16,22.471731185913086,26.579999923706055,26.719999313354492,26.540000915527344,26.670000076293945,1378300,DBC
2014-04-17,22.522459030151367,26.639999389648438,26.65999984741211,26.520000457763672,26.530000686645508,1295800,DBC
2014-04-21,22.446365356445312,26.549999237060547,26.579999923706055,26.489999771118164,26.579999923706055,892300,DBC
2014-04-22,22.43791389465332,26.540000915527344,26.559999465942383,26.399999618530273,26.530000686645508,2401800,DBC
2014-04-23,22.421005249023438,26.520000457763672,26.56999969482422,26.489999771118164,26.530000686645508,1073200,DBC
2014-04-24,22.5562744140625,26.68000030517578,26.709999084472656,26.610000610351562,26.649999618530273,901400,DBC
2014-04-25,22.46327781677246,26.56999969482422,26.6200008392334,26.540000915527344,26.59000015258789,660600,DBC
2014-04-28,22.387187957763672,26.479999542236328,26.600000381469727,26.40999984741211,26.600000381469727,609300,DBC
2014-04-29,22.446365356445312,26.549999237060547,26.600000381469727,26.520000457763672,26.559999465942383,1083500,DBC
2014-04-30,22.328006744384766,26.40999984741211,26.579999923706055,26.309999465942383,26.389999389648438,4399300,DBC
2014-05-01,22.158918380737305,26.209999084472656,26.239999771118164,26.110000610351562,26.200000762939453,1641100,DBC
2014-05-02,22.218103408813477,26.280000686645508,26.31999969482422,26.190000534057617,26.239999771118164,1171300,DBC
2014-05-05,22.167373657226562,26.219999313354492,26.270000457763672,26.18000030517578,26.229999542236328,4158400,DBC
2014-05-06,22.184284210205078,26.239999771118164,26.329999923706055,26.219999313354492,26.239999771118164,1001700,DBC
2014-05-07,22.24346351623535,26.309999465942383,26.329999923706055,26.139999389648438,26.239999771118164,933600,DBC
2014-05-08,22.175827026367188,26.229999542236328,26.239999771118164,26.139999389648438,26.200000762939453,3119000,DBC
2014-05-09,22.065921783447266,26.100000381469727,26.260000228881836,26.059999465942383,26.239999771118164,603000,DBC
2014-05-12,22.116649627685547,26.15999984741211,26.209999084472656,26.1299991607666,26.18000030517578,1328900,DBC
2014-05-13,22.218103408813477,26.280000686645508,26.299999237060547,26.18000030517578,26.239999771118164,689900,DBC
2014-05-14,22.319551467895508,26.399999618530273,26.420000076293945,26.31999969482422,26.3799991607666,1297100,DBC
2014-05-15,22.184284210205078,26.239999771118164,26.329999923706055,26.229999542236328,26.329999923706055,1049800,DBC
2014-05-16,22.209646224975586,26.270000457763672,26.299999237060547,26.229999542236328,26.25,847500,DBC
2014-05-19,22.192737579345703,26.25,26.389999389648438,26.25,26.34000015258789,1157700,DBC
2014-05-20,22.235010147094727,26.299999237060547,26.360000610351562,26.25,26.260000228881836,536300,DBC
2014-05-21,22.277280807495117,26.350000381469727,26.40999984741211,26.270000457763672,26.299999237060547,802600,DBC
2014-05-22,22.294187545776367,26.3700008392334,26.469999313354492,26.309999465942383,26.459999084472656,1131700,DBC
2014-05-23,22.34491539001465,26.43000030517578,26.440000534057617,26.3700008392334,26.399999618530273,554000,DBC
2014-05-27,22.158918380737305,26.209999084472656,26.31999969482422,26.209999084472656,26.25,1093300,DBC
2014-05-28,22.167373657226562,26.219999313354492,26.280000686645508,26.149999618530273,26.200000762939453,1164800,DBC
2014-05-29,22.175827026367188,26.229999542236328,26.280000686645508,26.209999084472656,26.280000686645508,707000,DBC
2014-05-30,22.006742477416992,26.030000686645508,26.149999618530273,25.989999771118164,26.100000381469727,5480800,DBC
2014-06-02,21.98137855529785,26.0,26.020000457763672,25.959999084472656,25.979999542236328,2445900,DBC
2014-06-03,21.96446990966797,25.979999542236328,26.0,25.920000076293945,25.959999084472656,1054700,DBC
2014-06-04,21.905288696289062,25.90999984741211,26.0,25.8799991607666,26.0,1605300,DBC
2014-06-05,21.930652618408203,25.940000534057617,25.969999313354492,25.799999237060547,25.8700008392334,504300,DBC
2014-06-06,22.023649215698242,26.049999237060547,26.059999465942383,25.889999389648438,25.940000534057617,625700,DBC
2014-06-09,22.116649627685547,26.15999984741211,26.15999984741211,26.09000015258789,26.1200008392334,1569300,DBC
2014-06-10,22.057466506958008,26.09000015258789,26.15999984741211,25.989999771118164,26.1299991607666,764400,DBC
2014-06-11,21.998287200927734,26.020000457763672,26.1200008392334,26.0,26.110000610351562,2716500,DBC
2014-06-12,22.31109619140625,26.389999389648438,26.40999984741211,26.170000076293945,26.25,3854500,DBC
2014-06-13,22.31109619140625,26.389999389648438,26.469999313354492,26.3700008392334,26.420000076293945,1044500,DBC
2014-06-16,22.378732681274414,26.469999313354492,26.520000457763672,26.420000076293945,26.440000534057617,972000,DBC
2014-06-17,22.404094696044922,26.5,26.559999465942383,26.450000762939453,26.459999084472656,586200,DBC
2014-06-18,22.49709701538086,26.610000610351562,26.65999984741211,26.5,26.5,960300,DBC
2014-06-19,22.716909408569336,26.8700008392334,26.920000076293945,26.75,26.75,888600,DBC
2014-06-20,22.759180068969727,26.920000076293945,26.93000030517578,26.809999465942383,26.8700008392334,2099500,DBC
2014-06-23,22.67463493347168,26.81999969482422,26.940000534057617,26.790000915527344,26.93000030517578,1300000,DBC
2014-06-24,22.708454132080078,26.860000610351562,26.899999618530273,26.780000686645508,26.780000686645508,934700,DBC
2014-06-25,22.742271423339844,26.899999618530273,26.899999618530273,26.760000228881836,26.770000457763672,936300,DBC
2014-06-26,22.649274826049805,26.790000915527344,26.850000381469727,26.729999542236328,26.850000381469727,1082200,DBC
2014-06-27,22.60700035095215,26.739999771118164,26.829999923706055,26.709999084472656,26.799999237060547,723400,DBC
2014-06-30,22.471731185913086,26.579999923706055,26.700000762939453,26.510000228881836,26.68000030517578,15876300,DBC
2014-07-01,22.404094696044922,26.5,26.530000686645508,26.450000762939453,26.5,2226300,DBC
2014-07-02,22.36182403564453,26.450000762939453,26.520000457763672,26.420000076293945,26.450000762939453,5938500,DBC
2014-07-03,22.319551467895508,26.399999618530273,26.469999313354492,26.389999389648438,26.43000030517578,824800,DBC
2014-07-07,22.142009735107422,26.190000534057617,26.31999969482422,26.149999618530273,26.309999465942383,7393700,DBC
2014-07-08,22.08283233642578,26.1200008392334,26.229999542236328,26.049999237060547,26.229999542236328,844200,DBC
2014-07-09,21.930652618408203,25.940000534057617,26.049999237060547,25.899999618530273,26.040000915527344,8581400,DBC
2014-07-10,21.96446990966797,25.979999542236328,26.020000457763672,25.920000076293945,25.969999313354492,1113300,DBC
2014-07-11,21.77001953125,25.75,25.90999984741211,25.729999542236328,25.90999984741211,984000,DBC
2014-07-14,21.854564666748047,25.850000381469727,25.850000381469727,25.690000534057617,25.739999771118164,1005700,DBC
2014-07-15,21.651657104492188,25.610000610351562,25.700000762939453,25.559999465942383,25.700000762939453,1269800,DBC
2014-07-16,21.685474395751953,25.649999618530273,25.780000686645508,25.649999618530273,25.719999313354492,1303200,DBC
2014-07-17,21.7362003326416,25.709999084472656,25.809999465942383,25.579999923706055,25.719999313354492,650300,DBC
2014-07-18,21.592477798461914,25.540000915527344,25.690000534057617,25.520000457763672,25.670000076293945,1745700,DBC
2014-07-21,21.69392967224121,25.65999984741211,25.690000534057617,25.549999237060547,25.559999465942383,1493600,DBC
2014-07-22,21.60093116760254,25.549999237060547,25.75,25.540000915527344,25.739999771118164,1653000,DBC
2014-07-23,21.660112380981445,25.6200008392334,25.639999389648438,25.530000686645508,25.56999969482422,581200,DBC
2014-07-24,21.634750366210938,25.59000015258789,25.709999084472656,25.559999465942383,25.700000762939453,1146700,DBC
2014-07-25,21.71929359436035,25.690000534057617,25.719999313354492,25.5,25.549999237060547,857200,DBC
2014-07-28,21.677019119262695,25.639999389648438,25.709999084472656,25.56999969482422,25.649999618530273,875400,DBC
2014-07-29,21.609384536743164,25.559999465942383,25.59000015258789,25.450000762939453,25.579999923706055,1403500,DBC
2014-07-30,21.516387939453125,25.450000762939453,25.600000381469727,25.43000030517578,25.579999923706055,1519900,DBC
2014-07-31,21.40648078918457,25.31999969482422,25.469999313354492,25.299999237060547,25.43000030517578,1678900,DBC
2014-08-01,21.23739242553711,25.1200008392334,25.25,25.100000381469727,25.219999313354492,1995400,DBC
2014-08-04,21.39802360534668,25.309999465942383,25.3700008392334,25.190000534057617,25.219999313354492,2100700,DBC
2014-08-05,21.296573638916016,25.190000534057617,25.239999771118164,25.1200008392334,25.229999542236328,1915000,DBC
2014-08-06,21.431842803955078,25.350000381469727,25.389999389648438,25.239999771118164,25.260000228881836,1700200,DBC
2014-08-07,21.4741153717041,25.399999618530273,25.43000030517578,25.299999237060547,25.399999618530273,508300,DBC
2014-08-08,21.372663497924805,25.280000686645508,25.3799991607666,25.229999542236328,25.360000610351562,631500,DBC
2014-08-11,21.40648078918457,25.31999969482422,25.40999984741211,25.299999237060547,25.309999465942383,535500,DBC
2014-08-12,21.271209716796875,25.15999984741211,25.280000686645508,25.1200008392334,25.25,1048800,DBC
2014-08-13,21.254301071166992,25.139999389648438,25.190000534057617,25.030000686645508,25.170000076293945,850500,DBC
2014-08-14,21.00067138671875,24.84000015258789,25.049999237060547,24.81999969482422,25.020000457763672,949900,DBC
2014-08-15,21.08521270751953,24.940000534057617,25.0,24.760000228881836,24.850000381469727,1351100,DBC
2014-08-18,20.907672882080078,24.729999542236328,24.790000915527344,24.700000762939453,24.790000915527344,2842200,DBC
2014-08-19,20.949941635131836,24.780000686645508,24.809999465942383,24.709999084472656,24.799999237060547,792800,DBC
2014-08-20,21.009124755859375,24.850000381469727,24.90999984741211,24.760000228881836,24.8700008392334,677200,DBC
2014-08-21,21.05984878540039,24.90999984741211,24.93000030517578,24.790000915527344,24.809999465942383,727000,DBC
2014-08-22,21.02603530883789,24.8700008392334,24.950000762939453,24.829999923706055,24.899999618530273,2265000,DBC
2014-08-25,21.05984878540039,24.90999984741211,24.93000030517578,24.84000015258789,24.90999984741211,755400,DBC
2014-08-26,21.06830406188965,24.920000076293945,25.010000228881836,24.860000610351562,24.989999771118164,1029100,DBC
2014-08-27,21.102121353149414,24.959999084472656,25.010000228881836,24.860000610351562,24.969999313354492,757000,DBC
2014-08-28,21.119028091430664,24.979999542236328,25.059999465942383,24.940000534057617,25.030000686645508,544200,DBC
2014-08-29,21.16130256652832,25.030000686645508,25.06999969482422,24.979999542236328,25.049999237060547,1131800,DBC
2014-09-02,20.856945037841797,24.670000076293945,24.8799991607666,24.639999389648438,24.850000381469727,3917900,DBC
2014-09-03,20.941490173339844,24.770000457763672,24.850000381469727,24.68000030517578,24.790000915527344,882700,DBC
2014-09-04,20.856945037841797,24.670000076293945,24.84000015258789,24.6200008392334,24.809999465942383,774000,DBC
2014-09-05,20.8231258392334,24.6299991607666,24.709999084472656,24.489999771118164,24.649999618530273,712900,DBC
2014-09-08,20.721677780151367,24.510000228881836,24.520000457763672,24.399999618530273,24.420000076293945,578900,DBC
2014-09-09,20.552589416503906,24.309999465942383,24.420000076293945,24.280000686645508,24.389999389648438,1534300,DBC
2014-09-10,20.408863067626953,24.139999389648438,24.239999771118164,24.06999969482422,24.239999771118164,1476600,DBC
2014-09-11,20.30741310119629,24.020000457763672,24.049999237060547,23.860000610351562,23.969999313354492,1504200,DBC
2014-09-12,20.146778106689453,23.829999923706055,23.979999542236328,23.829999923706055,23.969999313354492,1537700,DBC
2014-09-15,20.172142028808594,23.860000610351562,23.90999984741211,23.75,23.760000228881836,1223700,DBC
2014-09-16,20.358139038085938,24.079999923706055,24.149999618530273,23.899999618530273,23.93000030517578,1033800,DBC
2014-09-17,20.27359390258789,23.979999542236328,24.09000015258789,23.959999084472656,24.09000015258789,1000300,DBC
2014-09-18,20.079143524169922,23.75,23.959999084472656,23.739999771118164,23.920000076293945,739000,DBC
2014-09-19,20.019962310791016,23.68000030517578,23.760000228881836,23.610000610351562,23.719999313354492,672100,DBC
2014-09-22,19.850872039794922,23.479999542236328,23.56999969482422,23.3799991607666,23.559999465942383,1027700,DBC
2014-09-23,19.850872039794922,23.479999542236328,23.549999237060547,23.440000534057617,23.479999542236328,886900,DBC
2014-09-24,19.9354190826416,23.579999923706055,23.6200008392334,23.34000015258789,23.43000030517578,1301100,DBC
2014-09-25,19.89314842224121,23.530000686645508,23.59000015258789,23.43000030517578,23.59000015258789,1280300,DBC
2014-09-26,19.859329223632812,23.489999771118164,23.540000915527344,23.440000534057617,23.5,761500,DBC
2014-09-29,19.977689743041992,23.6299991607666,23.670000076293945,23.469999313354492,23.469999313354492,1501000,DBC
2014-09-30,19.631059646606445,23.219999313354492,23.59000015258789,23.15999984741211,23.56999969482422,1576500,DBC
2014-10-01,19.563425064086914,23.139999389648438,23.3799991607666,23.09000015258789,23.209999084472656,1442600,DBC
2014-10-02,19.487335205078125,23.049999237060547,23.06999969482422,22.809999465942383,22.93000030517578,2061900,DBC
2014-10-03,19.30133819580078,22.829999923706055,22.920000076293945,22.760000228881836,22.920000076293945,1647300,DBC
2014-10-06,19.546518325805664,23.1200008392334,23.149999618530273,22.84000015258789,22.899999618530273,1849000,DBC
2014-10-07,19.470426559448242,23.030000686645508,23.09000015258789,22.989999771118164,23.020000457763672,1556000,DBC
2014-10-08,19.394338607788086,22.940000534057617,22.959999084472656,22.770000457763672,22.920000076293945,2886300,DBC
2014-10-09,19.166072845458984,22.670000076293945,22.899999618530273,22.6200008392334,22.860000610351562,17027500,DBC
2014-10-10,19.09843635559082,22.59000015258789,22.690000534057617,22.450000762939453,22.6200008392334,2911600,DBC
2014-10-13,19.09843635559082,22.59000015258789,22.700000762939453,22.469999313354492,22.510000228881836,1014900,DBC
2014-10-14,18.81098747253418,22.25,22.510000228881836,22.209999084472656,22.510000228881836,1910000,DBC
2014-10-15,18.574262619018555,21.969999313354492,22.25,21.920000076293945,22.18000030517578,2848500,DBC
2014-10-16,18.76026153564453,22.190000534057617,22.459999084472656,21.809999465942383,21.850000381469727,2205400,DBC
2014-10-17,18.827898025512695,22.270000457763672,22.31999969482422,22.170000076293945,22.270000457763672,2413000,DBC
2014-10-20,18.692626953125,22.110000610351562,22.18000030517578,21.989999771118164,22.139999389648438,1068900,DBC
2014-10-21,18.844804763793945,22.290000915527344,22.309999465942383,22.15999984741211,22.229999542236328,1461600,DBC
2014-10-22,18.633445739746094,22.040000915527344,22.399999618530273,22.040000915527344,22.3799991607666,1798900,DBC
2014-10-23,18.85325813293457,22.299999237060547,22.329999923706055,22.149999618530273,22.170000076293945,3368700,DBC
2014-10-24,18.73489761352539,22.15999984741211,22.25,22.09000015258789,22.25,1545100,DBC
2014-10-27,18.684171676635742,22.100000381469727,22.149999618530273,21.889999389648438,21.93000030517578,2168100,DBC
2014-10-28,18.836349487304688,22.280000686645508,22.299999237060547,22.1299991607666,22.200000762939453,1374700,DBC
2014-10-29,19.056163787841797,22.540000915527344,22.639999389648438,22.450000762939453,22.489999771118164,1274700,DBC
2014-10-30,18.895532608032227,22.350000381469727,22.479999542236328,22.31999969482422,22.3799991607666,1232200,DBC
2014-10-31,18.870166778564453,22.31999969482422,22.329999923706055,22.059999465942383,22.110000610351562,1901000,DBC
2014-11-03,18.701082229614258,22.1200008392334,22.3700008392334,22.079999923706055,22.25,1322700,DBC
2014-11-04,18.430538177490234,21.799999237060547,21.889999389648438,21.739999771118164,21.8700008392334,1779900,DBC
2014-11-05,18.48126792907715,21.860000610351562,21.959999084472656,21.6299991607666,21.6299991607666,1581200,DBC
2014-11-06,18.498172760009766,21.8799991607666,21.90999984741211,21.700000762939453,21.770000457763672,1295600,DBC
2014-11-07,18.582719802856445,21.979999542236328,22.040000915527344,21.920000076293945,21.920000076293945,1201300,DBC
2014-11-10,18.405176162719727,21.770000457763672,22.1200008392334,21.739999771118164,22.059999465942383,1854900,DBC
2014-11-11,18.498172760009766,21.8799991607666,21.950000762939453,21.68000030517578,21.719999313354492,1082800,DBC
2014-11-12,18.438993453979492,21.809999465942383,21.989999771118164,21.790000915527344,21.8700008392334,1988600,DBC
2014-11-13,18.100818634033203,21.40999984741211,21.729999542236328,21.329999923706055,21.700000762939453,1345200,DBC
2014-11-14,18.295269012451172,21.639999389648438,21.65999984741211,21.399999618530273,21.40999984741211,2859700,DBC
2014-11-17,18.219179153442383,21.549999237060547,21.600000381469727,21.43000030517578,21.469999313354492,1517700,DBC
2014-11-18,18.12618064880371,21.440000534057617,21.520000457763672,21.3799991607666,21.479999542236328,1473000,DBC
2014-11-19,18.033185958862305,21.329999923706055,21.540000915527344,21.31999969482422,21.540000915527344,1161900,DBC
2014-11-20,18.18536376953125,21.510000228881836,21.549999237060547,21.40999984741211,21.440000534057617,1539300,DBC
2014-11-21,18.379812240600586,21.739999771118164,21.790000915527344,21.59000015258789,21.700000762939453,8061500,DBC
2014-11-24,18.219179153442383,21.549999237060547,21.719999313354492,21.540000915527344,21.6200008392334,2956800,DBC
2014-11-25,18.1346378326416,21.450000762939453,21.719999313354492,21.43000030517578,21.670000076293945,2468300,DBC
2014-11-26,18.092363357543945,21.399999618530273,21.530000686645508,21.399999618530273,21.40999984741211,2360400,DBC
2014-11-28,17.263835906982422,20.420000076293945,20.770000457763672,20.3700008392334,20.739999771118164,903100,DBC
2014-12-01,17.61892318725586,20.84000015258789,20.850000381469727,20.329999923706055,20.350000381469727,3661600,DBC
2014-12-02,17.24692726135254,20.399999618530273,20.809999465942383,20.31999969482422,20.579999923706055,3058400,DBC
2014-12-03,17.14547348022461,20.280000686645508,20.420000076293945,20.200000762939453,20.290000915527344,3379800,DBC
2014-12-04,17.094749450683594,20.219999313354492,20.290000915527344,20.139999389648438,20.170000076293945,2101900,DBC
2014-12-05,17.05247688293457,20.170000076293945,20.260000228881836,20.030000686645508,20.1299991607666,2047400,DBC
2014-12-08,16.756574630737305,19.81999969482422,20.020000457763672,19.799999237060547,20.0,3357200,DBC
2014-12-09,16.87493324279785,19.959999084472656,20.0,19.780000686645508,19.790000915527344,2689000,DBC
2014-12-10,16.61284828186035,19.649999618530273,19.799999237060547,19.489999771118164,19.760000228881836,5415900,DBC
2014-12-11,16.460668563842773,19.469999313354492,19.690000534057617,19.469999313354492,19.479999542236328,3634700,DBC
2014-12-12,16.325397491455078,19.309999465942383,19.469999313354492,19.290000915527344,19.440000534057617,3346100,DBC
2014-12-15,16.06331443786621,19.0,19.3799991607666,18.989999771118164,19.350000381469727,6393000,DBC
2014-12-16,15.970314979553223,18.889999389648438,19.06999969482422,18.770000457763672,18.799999237060547,4297600,DBC
2014-12-17,16.06331443786621,19.0,19.309999465942383,18.790000915527344,18.850000381469727,7656500,DBC
2014-12-18,16.012590408325195,18.940000534057617,19.309999465942383,18.860000610351562,19.270000457763672,4960200,DBC
2014-12-19,16.24930763244629,19.219999313354492,19.280000686645508,18.940000534057617,19.020000457763672,3617500,DBC
2014-12-22,15.953408241271973,18.8700008392334,19.049999237060547,18.84000015258789,19.049999237060547,5826700,DBC
2014-12-23,16.11404037475586,19.059999465942383,19.1299991607666,18.860000610351562,18.860000610351562,5627200,DBC
2014-12-24,15.902680397033691,18.809999465942383,18.920000076293945,18.760000228881836,18.889999389648438,2069600,DBC
2014-12-26,15.885773658752441,18.790000915527344,18.889999389648438,18.719999313354492,18.8700008392334,2913100,DBC
2014-12-29,15.73359489440918,18.610000610351562,18.940000534057617,18.510000228881836,18.889999389648438,4566300,DBC
2014-12-30,15.716687202453613,18.59000015258789,18.709999084472656,18.549999237060547,18.579999923706055,4735800,DBC
2014-12-31,15.5983247756958,18.450000762939453,18.5,18.219999313354492,18.389999389648438,21526500,DBC
2015-01-02,15.412325859069824,18.229999542236328,18.3799991607666,18.18000030517578,18.270000457763672,1967300,DBC
2015-01-05,15.19251537322998,17.969999313354492,18.149999618530273,17.950000762939453,18.149999618530273,1827500,DBC
2015-01-06,15.048787117004395,17.799999237060547,18.030000686645508,17.75,17.950000762939453,1843100,DBC
2015-01-07,14.955791473388672,17.690000534057617,17.860000610351562,17.600000381469727,17.780000686645508,1868400,DBC
2015-01-08,15.014970779418945,17.760000228881836,17.760000228881836,17.579999923706055,17.65999984741211,1409400,DBC
2015-01-09,14.989607810974121,17.729999542236328,17.780000686645508,17.540000915527344,17.709999084472656,3463600,DBC
2015-01-12,14.659889221191406,17.34000015258789,17.510000228881836,17.329999923706055,17.510000228881836,4567400,DBC
2015-01-13,14.600707054138184,17.270000457763672,17.299999237060547,17.06999969482422,17.280000686645508,2898600,DBC
2015-01-14,14.761341094970703,17.459999084472656,17.520000457763672,17.059999465942383,17.149999618530273,2774300,DBC
2015-01-15,14.558433532714844,17.219999313354492,17.6299991607666,17.209999084472656,17.600000381469727,1827800,DBC
2015-01-16,14.837428092956543,17.549999237060547,17.59000015258789,17.31999969482422,17.350000381469727,1726200,DBC
2015-01-20,14.634523391723633,17.309999465942383,17.389999389648438,17.209999084472656,17.309999465942383,2409000,DBC
2015-01-21,14.727522850036621,17.420000076293945,17.5,17.350000381469727,17.420000076293945,2282200,DBC
2015-01-22,14.710614204406738,17.399999618530273,17.530000686645508,17.31999969482422,17.510000228881836,3736700,DBC
2015-01-23,14.617616653442383,17.290000915527344,17.399999618530273,17.25,17.299999237060547,1889100,DBC
2015-01-26,14.566887855529785,17.229999542236328,17.399999618530273,17.229999542236328,17.280000686645508,1718300,DBC
2015-01-27,14.64297866821289,17.31999969482422,17.399999618530273,17.190000534057617,17.209999084472656,3261700,DBC
2015-01-28,14.431620597839355,17.06999969482422,17.280000686645508,17.059999465942383,17.209999084472656,3647800,DBC
2015-01-29,14.363986015319824,16.989999771118164,17.09000015258789,16.84000015258789,17.09000015258789,2221700,DBC
2015-01-30,14.710614204406738,17.399999618530273,17.489999771118164,16.93000030517578,16.950000762939453,3535300,DBC
2015-02-02,14.913520812988281,17.639999389648438,17.670000076293945,17.399999618530273,17.56999969482422,2878400,DBC
2015-02-03,15.327784538269043,18.1299991607666,18.389999389648438,17.860000610351562,17.90999984741211,5713100,DBC
2015-02-04,14.989607810974121,17.729999542236328,18.030000686645508,17.6200008392334,18.030000686645508,4597900,DBC
2015-02-05,15.19251537322998,17.969999313354492,18.079999923706055,17.75,17.75,2395500,DBC
2015-02-06,15.234785079956055,18.020000457763672,18.1200008392334,17.920000076293945,18.020000457763672,2735100,DBC
2015-02-09,15.386963844299316,18.200000762939453,18.299999237060547,18.09000015258789,18.139999389648438,2060700,DBC
2015-02-10,15.19251537322998,17.969999313354492,18.190000534057617,17.8799991607666,18.18000030517578,1172500,DBC
2015-02-11,15.074152946472168,17.829999923706055,17.899999618530273,17.649999618530273,17.850000381469727,3233400,DBC
2015-02-12,15.302422523498535,18.100000381469727,18.149999618530273,17.93000030517578,18.0,11000200,DBC
2015-02-13,15.471508979797363,18.299999237060547,18.3700008392334,18.239999771118164,18.290000915527344,2173800,DBC
2015-02-17,15.479961395263672,18.309999465942383,18.40999984741211,18.079999923706055,18.229999542236328,1631700,DBC
2015-02-18,15.293967247009277,18.09000015258789,18.299999237060547,18.049999237060547,18.239999771118164,2454500,DBC
2015-02-19,15.243239402770996,18.030000686645508,18.1200008392334,17.809999465942383,17.850000381469727,1131800,DBC
2015-02-20,15.18405818939209,17.959999084472656,18.100000381469727,17.93000030517578,18.09000015258789,1674600,DBC
2015-02-23,15.082606315612793,17.84000015258789,17.989999771118164,17.790000915527344,17.860000610351562,1583800,DBC
2015-02-24,15.091060638427734,17.850000381469727,18.06999969482422,17.84000015258789,17.940000534057617,1183100,DBC
2015-02-25,15.319330215454102,18.1200008392334,18.1299991607666,17.90999984741211,17.950000762939453,1861500,DBC
2015-02-26,15.19251537322998,17.969999313354492,18.110000610351562,17.8799991607666,18.059999465942383,952400,DBC
2015-02-27,15.361601829528809,18.170000076293945,18.239999771118164,18.030000686645508,18.100000381469727,964100,DBC
2015-03-02,15.141786575317383,17.90999984741211,18.1200008392334,17.850000381469727,18.06999969482422,1449400,DBC
2015-03-03,15.234785079956055,18.020000457763672,18.059999465942383,17.93000030517578,17.979999542236328,1588300,DBC
2015-03-04,15.09951400756836,17.860000610351562,17.950000762939453,17.770000457763672,17.93000030517578,1476900,DBC
2015-03-05,15.040336608886719,17.790000915527344,17.940000534057617,17.739999771118164,17.899999618530273,1244000,DBC
2015-03-06,14.854338645935059,17.56999969482422,17.729999542236328,17.530000686645508,17.719999313354492,7454700,DBC
2015-03-09,14.812068939208984,17.520000457763672,17.670000076293945,17.489999771118164,17.610000610351562,1280700,DBC
2015-03-10,14.617616653442383,17.290000915527344,17.350000381469727,17.209999084472656,17.299999237060547,1580800,DBC
2015-03-11,14.693704605102539,17.3799991607666,17.399999618530273,17.200000762939453,17.31999969482422,1390600,DBC
2015-03-12,14.626070976257324,17.299999237060547,17.5,17.239999771118164,17.489999771118164,1146200,DBC
2015-03-13,14.330168724060059,16.950000762939453,17.229999542236328,16.950000762939453,17.229999542236328,1924600,DBC
2015-03-16,14.313258171081543,16.93000030517578,16.959999084472656,16.719999313354492,16.899999618530273,1888400,DBC
2015-03-17,14.211806297302246,16.809999465942383,16.8700008392334,16.75,16.809999465942383,1370500,DBC
2015-03-18,14.600707054138184,17.270000457763672,17.280000686645508,16.709999084472656,16.739999771118164,2163200,DBC
2015-03-19,14.35552978515625,16.979999542236328,17.059999465942383,16.899999618530273,16.979999542236328,1165500,DBC
2015-03-20,14.549979209899902,17.209999084472656,17.280000686645508,17.110000610351562,17.1200008392334,1457400,DBC
2015-03-23,14.719067573547363,17.40999984741211,17.440000534057617,17.260000228881836,17.280000686645508,1469000,DBC
2015-03-24,14.600707054138184,17.270000457763672,17.350000381469727,17.25,17.34000015258789,1512700,DBC
2015-03-25,14.64297866821289,17.31999969482422,17.440000534057617,17.239999771118164,17.34000015258789,1540100,DBC
2015-03-26,14.820520401000977,17.530000686645508,17.600000381469727,17.450000762939453,17.540000915527344,1678700,DBC
2015-03-27,14.524618148803711,17.18000030517578,17.43000030517578,17.18000030517578,17.40999984741211,675400,DBC
2015-03-30,14.600707054138184,17.270000457763672,17.329999923706055,17.149999618530273,17.219999313354492,993200,DBC
2015-03-31,14.431620597839355,17.06999969482422,17.270000457763672,17.059999465942383,17.1299991607666,2302400,DBC
2015-04-01,14.693704605102539,17.3799991607666,17.479999542236328,17.09000015258789,17.1299991607666,1893200,DBC
2015-04-02,14.617616653442383,17.290000915527344,17.350000381469727,17.18000030517578,17.25,1256800,DBC
2015-04-06,14.803613662719727,17.510000228881836,17.600000381469727,17.350000381469727,17.450000762939453,1377800,DBC
2015-04-07,14.879703521728516,17.600000381469727,17.65999984741211,17.43000030517578,17.510000228881836,1274100,DBC
2015-04-08,14.592253684997559,17.260000228881836,17.559999465942383,17.190000534057617,17.549999237060547,904000,DBC
2015-04-09,14.592253684997559,17.260000228881836,17.389999389648438,17.209999084472656,17.280000686645508,1321400,DBC
2015-04-10,14.744433403015137,17.440000534057617,17.469999313354492,17.360000610351562,17.389999389648438,804200,DBC
2015-04-13,14.676797866821289,17.360000610351562,17.510000228881836,17.31999969482422,17.479999542236328,1210300,DBC
2015-04-14,14.744433403015137,17.440000534057617,17.530000686645508,17.3799991607666,17.420000076293945,1302500,DBC
2015-04-15,15.040336608886719,17.790000915527344,17.8799991607666,17.510000228881836,17.549999237060547,5697900,DBC
2015-04-16,15.200967788696289,17.979999542236328,18.06999969482422,17.790000915527344,17.829999923706055,1718200,DBC
2015-04-17,15.16715145111084,17.940000534057617,18.049999237060547,17.8700008392334,17.969999313354492,1226500,DBC
2015-04-20,15.09951400756836,17.860000610351562,17.93000030517578,17.780000686645508,17.809999465942383,1002800,DBC
2015-04-21,14.989607810974121,17.729999542236328,17.84000015258789,17.690000534057617,17.780000686645508,1305400,DBC
2015-04-22,15.040336608886719,17.790000915527344,17.829999923706055,17.709999084472656,17.780000686645508,762800,DBC
2015-04-23,15.22633171081543,18.010000228881836,18.09000015258789,17.850000381469727,17.860000610351562,1057800,DBC
2015-04-24,15.217877388000488,18.0,18.020000457763672,17.920000076293945,17.989999771118164,700600,DBC
2015-04-27,15.217877388000488,18.0,18.06999969482422,17.959999084472656,18.010000228881836,833500,DBC
2015-04-28,15.243239402770996,18.030000686645508,18.110000610351562,17.979999542236328,18.020000457763672,815500,DBC
2015-04-29,15.34469223022461,18.149999618530273,18.25,18.020000457763672,18.040000915527344,1774000,DBC
2015-04-30,15.463053703308105,18.290000915527344,18.290000915527344,18.09000015258789,18.15999984741211,1166500,DBC
2015-05-01,15.446144104003906,18.270000457763672,18.270000457763672,18.110000610351562,18.190000534057617,2015400,DBC
2015-05-04,15.437691688537598,18.260000228881836,18.260000228881836,18.170000076293945,18.200000762939453,2095200,DBC
2015-05-05,15.564506530761719,18.40999984741211,18.489999771118164,18.399999618530273,18.420000076293945,1615300,DBC
2015-05-06,15.564506530761719,18.40999984741211,18.68000030517578,18.389999389648438,18.40999984741211,2812400,DBC
2015-05-07,15.319330215454102,18.1200008392334,18.399999618530273,18.09000015258789,18.399999618530273,1007500,DBC
2015-05-08,15.4038724899292,18.219999313354492,18.260000228881836,18.020000457763672,18.110000610351562,1711600,DBC
2015-05-11,15.336238861083984,18.139999389648438,18.239999771118164,18.049999237060547,18.219999313354492,1494300,DBC
2015-05-12,15.496869087219238,18.329999923706055,18.440000534057617,18.190000534057617,18.200000762939453,1241200,DBC
2015-05-13,15.51378059387207,18.350000381469727,18.5,18.34000015258789,18.489999771118164,1246900,DBC
2015-05-14,15.606780052185059,18.459999084472656,18.5,18.360000610351562,18.459999084472656,2321900,DBC
2015-05-15,15.5983247756958,18.450000762939453,18.459999084472656,18.25,18.309999465942383,2034900,DBC
2015-05-18,15.556051254272461,18.399999618530273,18.43000030517578,18.329999923706055,18.399999618530273,1773500,DBC
2015-05-19,15.22633171081543,18.010000228881836,18.209999084472656,17.950000762939453,18.209999084472656,1463300,DBC
2015-05-20,15.19251537322998,17.969999313354492,18.049999237060547,17.950000762939453,18.020000457763672,2551100,DBC
2015-05-21,15.378510475158691,18.190000534057617,18.25,18.100000381469727,18.100000381469727,974800,DBC
2015-05-22,15.20942211151123,17.989999771118164,18.06999969482422,17.959999084472656,18.040000915527344,1452200,DBC
2015-05-26,14.913520812988281,17.639999389648438,17.809999465942383,17.579999923706055,17.780000686645508,1366900,DBC
2015-05-27,14.710614204406738,17.399999618530273,17.559999465942383,17.3700008392334,17.489999771118164,1392400,DBC
2015-05-28,14.786703109741211,17.489999771118164,17.5,17.299999237060547,17.3799991607666,3380400,DBC
2015-05-29,14.972698211669922,17.709999084472656,17.75,17.459999084472656,17.479999542236328,1347700,DBC
2015-06-01,14.938882827758789,17.670000076293945,17.760000228881836,17.600000381469727,17.68000030517578,2013000,DBC
2015-06-02,15.116422653198242,17.8799991607666,17.899999618530273,17.719999313354492,17.780000686645508,1085500,DBC
2015-06-03,14.921974182128906,17.649999618530273,17.860000610351562,17.6200008392334,17.799999237060547,1091000,DBC
2015-06-04,14.786703109741211,17.489999771118164,17.559999465942383,17.420000076293945,17.549999237060547,1296700,DBC
2015-06-05,14.854338645935059,17.56999969482422,17.579999923706055,17.280000686645508,17.31999969482422,1161400,DBC
2015-06-08,14.862793922424316,17.579999923706055,17.610000610351562,17.520000457763672,17.549999237060547,1449000,DBC
2015-06-09,15.09951400756836,17.860000610351562,17.920000076293945,17.809999465942383,17.84000015258789,1221800,DBC
2015-06-10,15.158696174621582,17.93000030517578,18.079999923706055,17.899999618530273,18.049999237060547,1223400,DBC
2015-06-11,15.02342700958252,17.770000457763672,17.8799991607666,17.729999542236328,17.8799991607666,719100,DBC
2015-06-12,14.871247291564941,17.59000015258789,17.739999771118164,17.579999923706055,17.700000762939453,3527800,DBC
2015-06-15,14.803613662719727,17.510000228881836,17.559999465942383,17.459999084472656,17.469999313354492,1343800,DBC
2015-06-16,14.845885276794434,17.559999465942383,17.59000015258789,17.459999084472656,17.510000228881836,577100,DBC
2015-06-17,14.888157844543457,17.610000610351562,17.799999237060547,17.450000762939453,17.75,693900,DBC
2015-06-18,14.888157844543457,17.610000610351562,17.690000534057617,17.59000015258789,17.65999984741211,1668500,DBC
2015-06-19,14.752885818481445,17.450000762939453,17.489999771118164,17.360000610351562,17.420000076293945,1648600,DBC
2015-06-22,14.803613662719727,17.510000228881836,17.549999237060547,17.34000015258789,17.389999389648438,1015200,DBC
2015-06-23,14.981152534484863,17.719999313354492,17.729999542236328,17.469999313354492,17.479999542236328,630500,DBC
2015-06-24,14.879703521728516,17.600000381469727,17.760000228881836,17.56999969482422,17.65999984741211,2268100,DBC
2015-06-25,14.896612167358398,17.6200008392334,17.649999618530273,17.520000457763672,17.559999465942383,887300,DBC
2015-06-26,14.964245796203613,17.700000762939453,17.760000228881836,17.59000015258789,17.690000534057617,550700,DBC
2015-06-29,14.896612167358398,17.6200008392334,17.719999313354492,17.600000381469727,17.639999389648438,2299100,DBC
2015-06-30,15.217877388000488,18.0,18.049999237060547,17.649999618530273,17.670000076293945,1582600,DBC
2015-07-01,15.031879425048828,17.780000686645508,17.889999389648438,17.709999084472656,17.860000610351562,3885400,DBC
2015-07-02,15.00651741027832,17.75,17.940000534057617,17.739999771118164,17.799999237060547,1855000,DBC
2015-07-06,14.516164779663086,17.170000076293945,17.3700008392334,17.139999389648438,17.31999969482422,2304900,DBC
2015-07-07,14.431620597839355,17.06999969482422,17.100000381469727,16.719999313354492,17.059999465942383,4409500,DBC
2015-07-08,14.363986015319824,16.989999771118164,17.1200008392334,16.899999618530273,17.030000686645508,4364000,DBC
2015-07-09,14.533072471618652,17.190000534057617,17.290000915527344,17.110000610351562,17.200000762939453,2278400,DBC
2015-07-10,14.600707054138184,17.270000457763672,17.360000610351562,17.15999984741211,17.229999542236328,1117900,DBC
2015-07-13,14.609162330627441,17.280000686645508,17.3700008392334,17.110000610351562,17.239999771118164,2425500,DBC
2015-07-14,14.558433532714844,17.219999313354492,17.290000915527344,17.139999389648438,17.170000076293945,867200,DBC
2015-07-15,14.389348983764648,17.020000457763672,17.149999618530273,17.0,17.110000610351562,914500,DBC
2015-07-16,14.3217134475708,16.940000534057617,17.200000762939453,16.93000030517578,17.06999969482422,822400,DBC
2015-07-17,14.245623588562012,16.850000381469727,16.90999984741211,16.75,16.90999984741211,938200,DBC
2015-07-20,14.017355918884277,16.579999923706055,16.729999542236328,16.579999923706055,16.670000076293945,2006200,DBC
2015-07-21,14.07653522491455,16.649999618530273,16.75,16.600000381469727,16.6299991607666,1044600,DBC
2015-07-22,13.87363052368164,16.40999984741211,16.579999923706055,16.40999984741211,16.510000228881836,2034100,DBC
2015-07-23,13.755270004272461,16.270000457763672,16.5,16.270000457763672,16.469999313354492,6627700,DBC
2015-07-24,13.64536190032959,16.139999389648438,16.229999542236328,16.059999465942383,16.200000762939453,1264800,DBC
2015-07-27,13.38327693939209,15.829999923706055,16.010000228881836,15.819999694824219,15.949999809265137,2407200,DBC
2015-07-28,13.493184089660645,15.960000038146973,16.059999465942383,15.880000114440918,15.920000076293945,2157400,DBC
2015-07-29,13.535455703735352,16.010000228881836,16.100000381469727,15.920000076293945,15.930000305175781,1239700,DBC
2015-07-30,13.484728813171387,15.949999809265137,16.06999969482422,15.920000076293945,16.0,997500,DBC
2015-07-31,13.29873275756836,15.729999542236328,16.020000457763672,15.720000267028809,16.020000457763672,1807500,DBC
2015-08-03,13.078920364379883,15.470000267028809,15.649999618530273,15.4399995803833,15.550000190734863,2939000,DBC
2015-08-04,13.155010223388672,15.5600004196167,15.619999885559082,15.5,15.569999694824219,2741300,DBC
2015-08-05,13.104283332824707,15.5,15.670000076293945,15.430000305175781,15.600000381469727,1415200,DBC
2015-08-06,13.09582805633545,15.489999771118164,15.489999771118164,15.390000343322754,15.430000305175781,1767100,DBC
2015-08-07,13.045103073120117,15.430000305175781,15.5,15.40999984741211,15.430000305175781,1940400,DBC
2015-08-10,13.324097633361816,15.760000228881836,15.819999694824219,15.489999771118164,15.5,2061600,DBC
2015-08-11,13.146554946899414,15.550000190734863,15.579999923706055,15.4399995803833,15.569999694824219,1092400,DBC
2015-08-12,13.104283332824707,15.5,15.699999809265137,15.390000343322754,15.619999885559082,1831900,DBC
2015-08-13,13.045103073120117,15.430000305175781,15.449999809265137,15.359999656677246,15.4399995803833,1304400,DBC
2015-08-14,12.96055793762207,15.329999923706055,15.470000267028809,15.329999923706055,15.390000343322754,876100,DBC
2015-08-17,12.909832954406738,15.270000457763672,15.399999618530273,15.270000457763672,15.369999885559082,1824400,DBC
2015-08-18,12.842196464538574,15.1899995803833,15.239999771118164,15.109999656677246,15.170000076293945,1641300,DBC
2015-08-19,12.69847297668457,15.020000457763672,15.25,14.970000267028809,15.210000038146973,1718400,DBC
2015-08-20,12.732290267944336,15.0600004196167,15.180000305175781,15.020000457763672,15.15999984741211,4386200,DBC
2015-08-21,12.5209321975708,14.8100004196167,14.970000267028809,14.770000457763672,14.960000038146973,2750700,DBC
2015-08-24,12.208118438720703,14.4399995803833,14.640000343322754,14.350000381469727,14.40999984741211,3776900,DBC
2015-08-25,12.258846282958984,14.5,14.710000038146973,14.470000267028809,14.680000305175781,3132700,DBC
2015-08-26,12.182756423950195,14.40999984741211,14.489999771118164,14.329999923706055,14.460000038146973,2180700,DBC
2015-08-27,12.622383117675781,14.930000305175781,14.960000038146973,14.550000190734863,14.600000381469727,2094800,DBC
2015-08-28,12.952104568481445,15.319999694824219,15.430000305175781,14.989999771118164,15.0,6212800,DBC
2015-08-31,13.264915466308594,15.6899995803833,15.789999961853027,15.0,15.149999618530273,2227600,DBC
2015-09-01,12.825287818908691,15.170000076293945,15.529999732971191,15.140000343322754,15.489999771118164,2494200,DBC
2015-09-02,12.935195922851562,15.300000190734863,15.369999885559082,14.979999542236328,15.359999656677246,3646300,DBC
2015-09-03,13.019739151000977,15.399999618530273,15.579999923706055,15.300000190734863,15.329999923706055,1687800,DBC
2015-09-04,12.859105110168457,15.210000038146973,15.359999656677246,15.1899995803833,15.3100004196167,837700,DBC
2015-09-08,12.952104568481445,15.319999694824219,15.359999656677246,15.109999656677246,15.25,1278600,DBC
2015-09-09,12.783016204833984,15.119999885559082,15.359999656677246,15.079999923706055,15.34000015258789,1918600,DBC
2015-09-10,12.892923355102539,15.25,15.300000190734863,15.100000381469727,15.130000114440918,2398200,DBC
2015-09-11,12.876014709472656,15.229999542236328,15.300000190734863,14.989999771118164,15.119999885559082,1160200,DBC
2015-09-14,12.715381622314453,15.039999961853027,15.15999984741211,15.029999732971191,15.119999885559082,804000,DBC
2015-09-15,12.757652282714844,15.09000015258789,15.100000381469727,15.0,15.050000190734863,649200,DBC
2015-09-16,12.969012260437012,15.34000015258789,15.399999618530273,15.1899995803833,15.199999809265137,1767000,DBC
2015-09-17,12.884468078613281,15.239999771118164,15.319999694824219,15.140000343322754,15.279999732971191,1326700,DBC
2015-09-18,12.690017700195312,15.010000228881836,15.149999618530273,14.930000305175781,15.119999885559082,1213700,DBC
2015-09-21,12.833742141723633,15.180000305175781,15.1899995803833,15.050000190734863,15.069999694824219,883600,DBC
2015-09-22,12.757652282714844,15.09000015258789,15.109999656677246,14.920000076293945,14.970000267028809,1021400,DBC
2015-09-23,12.656201362609863,14.970000267028809,15.289999961853027,14.960000038146973,15.1899995803833,1423700,DBC
2015-09-24,12.732290267944336,15.0600004196167,15.09000015258789,14.920000076293945,14.920000076293945,1711300,DBC
2015-09-25,12.808378219604492,15.149999618530273,15.199999809265137,15.050000190734863,15.109999656677246,1286700,DBC
2015-09-28,12.630838394165039,14.9399995803833,15.050000190734863,14.899999618530273,15.0,1424200,DBC
2015-09-29,12.715381622314453,15.039999961853027,15.09000015258789,14.949999809265137,14.970000267028809,1407500,DBC
2015-09-30,12.808378219604492,15.149999618530273,15.1899995803833,15.050000190734863,15.069999694824219,1466300,DBC
2015-10-01,12.723835945129395,15.050000190734863,15.369999885559082,15.020000457763672,15.319999694824219,2237900,DBC
2015-10-02,12.808378219604492,15.149999618530273,15.170000076293945,14.90999984741211,14.920000076293945,4613600,DBC
2015-10-05,12.97746753692627,15.350000381469727,15.359999656677246,15.279999732971191,15.3100004196167,1696100,DBC
2015-10-06,13.231098175048828,15.649999618530273,15.680000305175781,15.430000305175781,15.430000305175781,1805700,DBC
2015-10-07,13.205735206604004,15.619999885559082,15.819999694824219,15.550000190734863,15.789999961853027,1087700,DBC
2015-10-08,13.264915466308594,15.6899995803833,15.729999542236328,15.539999961853027,15.569999694824219,1294100,DBC
2015-10-09,13.324097633361816,15.760000228881836,15.859999656677246,15.6899995803833,15.800000190734863,2042900,DBC
2015-10-12,13.112737655639648,15.510000228881836,15.800000190734863,15.460000038146973,15.789999961853027,1072800,DBC
2015-10-13,13.028193473815918,15.40999984741211,15.550000190734863,15.369999885559082,15.390000343322754,1571300,DBC
2015-10-14,13.06201171875,15.449999809265137,15.479999542236328,15.34000015258789,15.4399995803833,1495300,DBC
2015-10-15,13.028193473815918,15.40999984741211,15.4399995803833,15.25,15.359999656677246,1624400,DBC
2015-10-16,13.036646842956543,15.420000076293945,15.470000267028809,15.279999732971191,15.449999809265137,1383400,DBC
2015-10-19,12.799925804138184,15.140000343322754,15.25,15.109999656677246,15.229999542236328,1160400,DBC
2015-10-20,12.825287818908691,15.170000076293945,15.210000038146973,15.079999923706055,15.109999656677246,1591200,DBC
2015-10-21,12.715381622314453,15.039999961853027,15.109999656677246,14.960000038146973,15.0600004196167,2500900,DBC
2015-10-22,12.757652282714844,15.09000015258789,15.210000038146973,15.039999961853027,15.149999618530273,1326900,DBC
2015-10-23,12.681564331054688,15.0,15.0600004196167,14.949999809265137,15.020000457763672,1363400,DBC
2015-10-26,12.647747039794922,14.960000038146973,15.039999961853027,14.949999809265137,14.989999771118164,1226500,DBC
2015-10-27,12.588566780090332,14.890000343322754,14.949999809265137,14.859999656677246,14.890000343322754,1547100,DBC
2015-10-28,12.799925804138184,15.140000343322754,15.239999771118164,14.930000305175781,14.930000305175781,1690700,DBC
2015-10-29,12.723835945129395,15.050000190734863,15.180000305175781,15.039999961853027,15.079999923706055,1501300,DBC
2015-10-30,12.850650787353516,15.199999809265137,15.260000228881836,15.050000190734863,15.079999923706055,1446500,DBC
2015-11-02,12.783016204833984,15.119999885559082,15.180000305175781,15.069999694824219,15.100000381469727,2485500,DBC
2015-11-03,13.011285781860352,15.390000343322754,15.4399995803833,15.199999809265137,15.220000267028809,1988700,DBC
2015-11-04,12.79146957397461,15.130000114440918,15.4399995803833,15.109999656677246,15.380000114440918,1556900,DBC
2015-11-05,12.690017700195312,15.010000228881836,15.100000381469727,14.960000038146973,15.039999961853027,2661700,DBC
2015-11-06,12.613930702209473,14.920000076293945,14.960000038146973,14.84000015258789,14.90999984741211,786300,DBC
2015-11-09,12.504022598266602,14.789999961853027,14.920000076293945,14.75,14.899999618530273,2315500,DBC
2015-11-10,12.478659629821777,14.760000228881836,14.850000381469727,14.699999809265137,14.760000228881836,1056000,DBC
2015-11-11,12.351842880249023,14.609999656677246,14.829999923706055,14.569999694824219,14.819999694824219,1133900,DBC
2015-11-12,12.174301147460938,14.399999618530273,14.550000190734863,14.380000114440918,14.4399995803833,1817300,DBC
2015-11-13,12.08130168914795,14.289999961853027,14.390000343322754,14.25,14.390000343322754,1517400,DBC
2015-11-16,12.140483856201172,14.359999656677246,14.369999885559082,14.119999885559082,14.229999542236328,1107800,DBC
2015-11-17,11.954487800598145,14.140000343322754,14.279999732971191,14.140000343322754,14.25,1094800,DBC
2015-11-18,12.005213737487793,14.199999809265137,14.239999771118164,14.050000190734863,14.220000267028809,1851000,DBC
2015-11-19,12.005213737487793,14.199999809265137,14.270000457763672,14.180000305175781,14.1899995803833,2045800,DBC
2015-11-20,11.98830509185791,14.180000305175781,14.359999656677246,14.180000305175781,14.25,2169500,DBC
2015-11-23,12.08130168914795,14.289999961853027,14.369999885559082,14.15999984741211,14.15999984741211,3993600,DBC
2015-11-24,12.27575397491455,14.520000457763672,14.59000015258789,14.289999961853027,14.489999771118164,1309000,DBC
2015-11-25,12.258846282958984,14.5,14.529999732971191,14.319999694824219,14.399999618530273,1427300,DBC
2015-11-27,12.07284927368164,14.279999732971191,14.399999618530273,14.229999542236328,14.350000381469727,1606800,DBC
2015-11-30,11.996759414672852,14.1899995803833,14.399999618530273,14.180000305175781,14.319999694824219,2975400,DBC
2015-12-01,12.132030487060547,14.350000381469727,14.40999984741211,14.25,14.300000190734863,2226200,DBC
2015-12-02,11.878397941589355,14.050000190734863,14.289999961853027,14.020000457763672,14.170000076293945,2108800,DBC
2015-12-03,12.013667106628418,14.210000038146973,14.350000381469727,14.0600004196167,14.109999656677246,2703400,DBC
2015-12-04,11.996759414672852,14.1899995803833,14.270000457763672,14.109999656677246,14.149999618530273,2145000,DBC
2015-12-07,11.650130271911621,13.779999732971191,14.039999961853027,13.760000228881836,14.0,2197000,DBC
2015-12-08,11.590950012207031,13.710000038146973,13.829999923706055,13.649999618530273,13.670000076293945,3011100,DBC
2015-12-09,11.599404335021973,13.720000267028809,13.920000076293945,13.619999885559082,13.779999732971191,2688000,DBC
2015-12-10,11.55713176727295,13.670000076293945,13.770000457763672,13.670000076293945,13.680000305175781,2076600,DBC
2015-12-11,11.438770294189453,13.529999732971191,13.710000038146973,13.489999771118164,13.640000343322754,4237900,DBC
2015-12-14,11.362680435180664,13.4399995803833,13.550000190734863,13.359999656677246,13.399999618530273,2631700,DBC
2015-12-15,11.33731746673584,13.40999984741211,13.600000381469727,13.40999984741211,13.479999542236328,2862800,DBC
2015-12-16,11.286592483520508,13.350000381469727,13.420000076293945,13.279999732971191,13.359999656677246,3436900,DBC
2015-12-17,11.168230056762695,13.210000038146973,13.300000190734863,13.180000305175781,13.289999961853027,8948500,DBC
2015-12-18,11.21895694732666,13.270000457763672,13.4399995803833,13.260000228881836,13.260000228881836,2764200,DBC
2015-12-21,11.168230056762695,13.210000038146973,13.300000190734863,13.15999984741211,13.199999809265137,4462300,DBC
2015-12-22,11.117505073547363,13.149999618530273,13.260000228881836,13.130000114440918,13.220000267028809,3484300,DBC
2015-12-23,11.320408821105957,13.390000343322754,13.420000076293945,13.25,13.260000228881836,5518100,DBC
2015-12-24,11.320408821105957,13.390000343322754,13.470000267028809,13.390000343322754,13.449999809265137,1391700,DBC
2015-12-28,11.159775733947754,13.199999809265137,13.300000190734863,13.180000305175781,13.25,2958900,DBC
2015-12-29,11.345771789550781,13.420000076293945,13.460000038146973,13.369999885559082,13.380000114440918,5314700,DBC
2015-12-30,11.235865592956543,13.289999961853027,13.34000015258789,13.239999771118164,13.3100004196167,3190200,DBC
2015-12-31,11.295045852661133,13.359999656677246,13.489999771118164,13.220000267028809,13.220000267028809,2373200,DBC
2016-01-04,11.210502624511719,13.260000228881836,13.510000228881836,13.1899995803833,13.420000076293945,2307600,DBC
2016-01-05,11.10059642791748,13.130000114440918,13.25,13.130000114440918,13.220000267028809,1210000,DBC
2016-01-06,10.923053741455078,12.920000076293945,13.0600004196167,12.880000114440918,12.960000038146973,2668600,DBC
2016-01-07,10.872326850891113,12.859999656677246,12.979999542236328,12.760000228881836,12.789999961853027,10692400,DBC
2016-01-08,10.821600914001465,12.800000190734863,12.880000114440918,12.760000228881836,12.869999885559082,2809600,DBC
2016-01-11,10.525696754455566,12.449999809265137,12.920000076293945,12.4399995803833,12.729999542236328,2629100,DBC
2016-01-12,10.458062171936035,12.369999885559082,12.539999961853027,12.260000228881836,12.510000228881836,2398200,DBC
2016-01-13,10.398881912231445,12.300000190734863,12.470000267028809,12.239999771118164,12.40999984741211,2554200,DBC
2016-01-14,10.42424488067627,12.329999923706055,12.359999656677246,12.210000038146973,12.260000228881836,1813100,DBC
2016-01-15,10.204431533813477,12.069999694824219,12.1899995803833,12.029999732971191,12.130000114440918,1963500,DBC
2016-01-19,10.119888305664062,11.970000267028809,12.119999885559082,11.949999809265137,12.09000015258789,3776800,DBC
2016-01-20,10.04379940032959,11.880000114440918,11.90999984741211,11.699999809265137,11.850000381469727,2239200,DBC
2016-01-21,10.179069519042969,12.039999961853027,12.109999656677246,11.779999732971191,11.789999961853027,2564100,DBC
2016-01-22,10.48342514038086,12.399999618530273,12.40999984741211,12.25,12.3100004196167,1994500,DBC
2016-01-25,10.255158424377441,12.130000114440918,12.369999885559082,12.119999885559082,12.279999732971191,1983100,DBC
2016-01-26,10.458062171936035,12.369999885559082,12.529999732971191,12.239999771118164,12.25,2018600,DBC
2016-01-27,10.584878921508789,12.520000457763672,12.609999656677246,12.289999961853027,12.369999885559082,1485200,DBC
2016-01-28,10.703240394592285,12.65999984741211,12.770000457763672,12.550000190734863,12.720000267028809,1943200,DBC
2016-01-29,10.804692268371582,12.779999732971191,12.819999694824219,12.609999656677246,12.710000038146973,2920600,DBC
2016-02-01,10.601786613464355,12.539999961853027,12.65999984741211,12.5,12.630000114440918,1724600,DBC
2016-02-02,10.415790557861328,12.319999694824219,12.399999618530273,12.229999542236328,12.300000190734863,5602500,DBC
2016-02-03,10.677877426147461,12.630000114440918,12.640000343322754,12.3100004196167,12.479999542236328,3106600,DBC
2016-02-04,10.660967826843262,12.609999656677246,12.789999961853027,12.5600004196167,12.729999542236328,2606400,DBC
2016-02-05,10.59333324432373,12.529999732971191,12.630000114440918,12.479999542236328,12.579999923706055,1709200,DBC
2016-02-08,10.542606353759766,12.470000267028809,12.619999885559082,12.460000038146973,12.59000015258789,1685700,DBC
2016-02-09,10.272067070007324,12.149999618530273,12.430000305175781,12.100000381469727,12.369999885559082,2762900,DBC
2016-02-10,10.288976669311523,12.170000076293945,12.279999732971191,12.100000381469727,12.140000343322754,3157100,DBC
2016-02-11,10.415790557861328,12.319999694824219,12.34000015258789,12.149999618530273,12.180000305175781,1966700,DBC
2016-02-12,10.567970275878906,12.5,12.569999694824219,12.34000015258789,12.380000114440918,3251400,DBC
2016-02-16,10.449607849121094,12.359999656677246,12.550000190734863,12.319999694824219,12.550000190734863,3558900,DBC
2016-02-17,10.669422149658203,12.619999885559082,12.670000076293945,12.390000343322754,12.40999984741211,1704300,DBC
2016-02-18,10.61024284362793,12.550000190734863,12.710000038146973,12.520000457763672,12.699999809265137,2005500,DBC
2016-02-19,10.517243385314941,12.4399995803833,12.479999542236328,12.380000114440918,12.470000267028809,835500,DBC
2016-02-22,10.677877426147461,12.630000114440918,12.649999618530273,12.569999694824219,12.569999694824219,719000,DBC
2016-02-23,10.534152030944824,12.460000038146973,12.579999923706055,12.399999618530273,12.579999923706055,1496800,DBC
2016-02-24,10.669422149658203,12.619999885559082,12.670000076293945,12.359999656677246,12.369999885559082,2438900,DBC
2016-02-25,10.660967826843262,12.609999656677246,12.699999809265137,12.449999809265137,12.569999694824219,3589400,DBC
2016-02-26,10.644060134887695,12.59000015258789,12.8100004196167,12.550000190734863,12.779999732971191,1686500,DBC
2016-02-29,10.779330253601074,12.75,12.760000228881836,12.619999885559082,12.65999984741211,1814000,DBC
2016-03-01,10.787784576416016,12.760000228881836,12.800000190734863,12.649999618530273,12.739999771118164,2144600,DBC
2016-03-02,10.846964836120605,12.829999923706055,12.869999885559082,12.699999809265137,12.729999542236328,4519700,DBC
2016-03-03,10.906144142150879,12.899999618530273,12.920000076293945,12.760000228881836,12.789999961853027,1597000,DBC
2016-03-04,11.117505073547363,13.149999618530273,13.15999984741211,12.9399995803833,12.960000038146973,2063900,DBC
2016-03-07,11.320408821105957,13.390000343322754,13.430000305175781,13.170000076293945,13.199999809265137,2785500,DBC
2016-03-08,11.168230056762695,13.210000038146973,13.390000343322754,13.210000038146973,13.390000343322754,2116400,DBC
2016-03-09,11.33731746673584,13.40999984741211,13.430000305175781,13.270000457763672,13.300000190734863,2552700,DBC
2016-03-10,11.320408821105957,13.390000343322754,13.430000305175781,13.289999961853027,13.329999923706055,2836700,DBC
2016-03-11,11.362680435180664,13.4399995803833,13.529999732971191,13.399999618530273,13.5,1010900,DBC
2016-03-14,11.261229515075684,13.319999694824219,13.350000381469727,13.229999542236328,13.34000015258789,1062700,DBC
2016-03-15,11.168230056762695,13.210000038146973,13.25,13.130000114440918,13.25,1619200,DBC
2016-03-16,11.362680435180664,13.4399995803833,13.449999809265137,13.239999771118164,13.239999771118164,2431000,DBC
2016-03-17,11.489497184753418,13.59000015258789,13.619999885559082,13.479999542236328,13.520000457763672,1000400,DBC
2016-03-18,11.48104190826416,13.579999923706055,13.680000305175781,13.529999732971191,13.630000114440918,1791100,DBC
2016-03-21,11.514859199523926,13.619999885559082,13.640000343322754,13.510000228881836,13.569999694824219,9810500,DBC
2016-03-22,11.599404335021973,13.720000267028809,13.729999542236328,13.59000015258789,13.609999656677246,1498800,DBC
2016-03-23,11.354227066040039,13.430000305175781,13.5600004196167,13.40999984741211,13.529999732971191,3167100,DBC
2016-03-24,11.286592483520508,13.350000381469727,13.40999984741211,13.229999542236328,13.239999771118164,1838700,DBC
2016-03-28,11.320408821105957,13.390000343322754,13.399999618530273,13.300000190734863,13.350000381469727,1000300,DBC
2016-03-29,11.295045852661133,13.359999656677246,13.369999885559082,13.210000038146973,13.260000228881836,2303600,DBC
2016-03-30,11.252774238586426,13.3100004196167,13.510000228881836,13.300000190734863,13.449999809265137,1336100,DBC
2016-03-31,11.235865592956543,13.289999961853027,13.40999984741211,13.270000457763672,13.300000190734863,3581700,DBC
2016-04-01,11.04141616821289,13.0600004196167,13.130000114440918,13.020000457763672,13.069999694824219,1170800,DBC
2016-04-04,10.889236450195312,12.880000114440918,13.079999923706055,12.859999656677246,13.0,4662300,DBC
2016-04-05,10.863872528076172,12.850000381469727,12.869999885559082,12.779999732971191,12.859999656677246,1833000,DBC
2016-04-06,10.982234954833984,12.989999771118164,13.039999961853027,12.819999694824219,12.859999656677246,4849500,DBC
2016-04-07,10.948416709899902,12.949999809265137,12.989999771118164,12.859999656677246,12.960000038146973,1046200,DBC
2016-04-08,11.210502624511719,13.260000228881836,13.300000190734863,13.140000343322754,13.180000305175781,1298800,DBC
2016-04-11,11.295045852661133,13.359999656677246,13.390000343322754,13.289999961853027,13.289999961853027,1763800,DBC
2016-04-12,11.540223121643066,13.649999618530273,13.699999809265137,13.460000038146973,13.489999771118164,2560000,DBC
2016-04-13,11.599404335021973,13.720000267028809,13.770000457763672,13.649999618530273,13.680000305175781,1907900,DBC
2016-04-14,11.5064058303833,13.609999656677246,13.720000267028809,13.59000015258789,13.710000038146973,1084600,DBC
2016-04-15,11.464134216308594,13.5600004196167,13.609999656677246,13.40999984741211,13.489999771118164,879400,DBC
2016-04-18,11.514859199523926,13.619999885559082,13.680000305175781,13.380000114440918,13.40999984741211,1204700,DBC
2016-04-19,11.760037422180176,13.90999984741211,13.9399995803833,13.739999771118164,13.760000228881836,2227000,DBC
2016-04-20,11.98830509185791,14.180000305175781,14.239999771118164,13.819999694824219,13.850000381469727,2408200,DBC
2016-04-21,11.937579154968262,14.119999885559082,14.260000228881836,14.039999961853027,14.260000228881836,2702000,DBC
2016-04-22,11.886853218078613,14.0600004196167,14.270000457763672,14.029999732971191,14.149999618530273,2134900,DBC
2016-04-25,11.878397941589355,14.050000190734863,14.149999618530273,14.010000228881836,14.079999923706055,1574200,DBC
2016-04-26,12.0305757522583,14.229999542236328,14.25,14.069999694824219,14.109999656677246,1528300,DBC
2016-04-27,12.140483856201172,14.359999656677246,14.390000343322754,14.130000114440918,14.319999694824219,1682600,DBC
2016-04-28,12.208118438720703,14.4399995803833,14.510000228881836,14.350000381469727,14.369999885559082,1944200,DBC
2016-04-29,12.3264799118042,14.579999923706055,14.630000114440918,14.479999542236328,14.600000381469727,8719300,DBC
2016-05-02,12.157392501831055,14.380000114440918,14.520000457763672,14.350000381469727,14.520000457763672,6749000,DBC
2016-05-03,11.971395492553711,14.15999984741211,14.300000190734863,14.09000015258789,14.289999961853027,2723600,DBC
2016-05-04,11.979850769042969,14.170000076293945,14.319999694824219,14.0600004196167,14.239999771118164,2021000,DBC
2016-05-05,11.861489295959473,14.029999732971191,14.34000015258789,13.960000038146973,14.34000015258789,1184200,DBC
2016-05-06,11.937579154968262,14.119999885559082,14.239999771118164,13.970000267028809,14.0,6854200,DBC
2016-05-09,11.675494194030762,13.8100004196167,13.989999771118164,13.800000190734863,13.960000038146973,2163300,DBC
2016-05-10,11.962940216064453,14.149999618530273,14.180000305175781,13.920000076293945,13.920000076293945,1420900,DBC
2016-05-11,12.241936683654785,14.479999542236328,14.5,14.15999984741211,14.210000038146973,1851100,DBC
2016-05-12,12.258846282958984,14.5,14.529999732971191,14.319999694824219,14.529999732971191,1270700,DBC
2016-05-13,12.241936683654785,14.479999542236328,14.510000228881836,14.380000114440918,14.40999984741211,1550800,DBC
2016-05-16,12.377205848693848,14.640000343322754,14.6899995803833,14.579999923706055,14.619999885559082,3273500,DBC
2016-05-17,12.47020435333252,14.75,14.770000457763672,14.619999885559082,14.630000114440918,1425200,DBC
2016-05-18,12.377205848693848,14.640000343322754,14.819999694824219,14.619999885559082,14.649999618530273,1987300,DBC
2016-05-19,12.343389511108398,14.600000381469727,14.619999885559082,14.399999618530273,14.489999771118164,5004300,DBC
2016-05-20,12.39411449432373,14.65999984741211,14.739999771118164,14.569999694824219,14.680000305175781,3424800,DBC
2016-05-23,12.3264799118042,14.579999923706055,14.609999656677246,14.479999542236328,14.489999771118164,1290200,DBC
2016-05-24,12.3264799118042,14.579999923706055,14.6899995803833,14.529999732971191,14.529999732971191,964200,DBC
2016-05-25,12.47020435333252,14.75,14.760000228881836,14.600000381469727,14.619999885559082,1638500,DBC
2016-05-26,12.461750030517578,14.739999771118164,14.850000381469727,14.670000076293945,14.829999923706055,1422400,DBC
2016-05-27,12.512476921081543,14.800000190734863,14.829999923706055,14.670000076293945,14.710000038146973,1472500,DBC
2016-05-31,12.436387062072754,14.710000038146973,14.890000343322754,14.699999809265137,14.8100004196167,10015000,DBC
2016-06-01,12.563202857971191,14.859999656677246,14.859999656677246,14.579999923706055,14.600000381469727,3179200,DBC
2016-06-02,12.588566780090332,14.890000343322754,14.989999771118164,14.760000228881836,14.789999961853027,6854400,DBC
2016-06-03,12.673110008239746,14.989999771118164,15.020000457763672,14.90999984741211,15.010000228881836,2211300,DBC
2016-06-06,12.825287818908691,15.170000076293945,15.199999809265137,15.09000015258789,15.140000343322754,2936900,DBC
2016-06-07,12.952104568481445,15.319999694824219,15.319999694824219,15.180000305175781,15.1899995803833,1394200,DBC
2016-06-08,13.171917915344238,15.579999923706055,15.59000015258789,15.470000267028809,15.5,2748200,DBC
2016-06-09,13.146554946899414,15.550000190734863,15.569999694824219,15.420000076293945,15.4399995803833,3062200,DBC
2016-06-10,12.985920906066895,15.359999656677246,15.479999542236328,15.34000015258789,15.430000305175781,2965700,DBC
2016-06-13,12.985920906066895,15.359999656677246,15.460000038146973,15.319999694824219,15.350000381469727,1594600,DBC
2016-06-14,12.901376724243164,15.260000228881836,15.3100004196167,15.180000305175781,15.25,1276500,DBC
2016-06-15,12.833742141723633,15.180000305175781,15.319999694824219,15.140000343322754,15.239999771118164,1829800,DBC
2016-06-16,12.613930702209473,14.920000076293945,15.149999618530273,14.890000343322754,15.149999618530273,1836500,DBC
2016-06-17,12.909832954406738,15.270000457763672,15.289999961853027,15.109999656677246,15.140000343322754,2476300,DBC
2016-06-20,13.028193473815918,15.40999984741211,15.460000038146973,15.289999961853027,15.319999694824219,1654100,DBC
2016-06-21,12.926740646362305,15.289999961853027,15.329999923706055,15.199999809265137,15.279999732971191,1550500,DBC
2016-06-22,12.850650787353516,15.199999809265137,15.399999618530273,15.140000343322754,15.359999656677246,2251100,DBC
2016-06-23,12.952104568481445,15.319999694824219,15.329999923706055,15.170000076293945,15.25,1561500,DBC
2016-06-24,12.690017700195312,15.010000228881836,15.0600004196167,14.930000305175781,14.930000305175781,1583000,DBC
2016-06-27,12.664655685424805,14.979999542236328,15.0,14.850000381469727,15.0,2276900,DBC
2016-06-28,12.867560386657715,15.220000267028809,15.220000267028809,15.069999694824219,15.1899995803833,1645800,DBC
2016-06-29,13.053555488586426,15.4399995803833,15.520000457763672,15.279999732971191,15.319999694824219,1671000,DBC
2016-06-30,12.97746753692627,15.350000381469727,15.4399995803833,15.260000228881836,15.359999656677246,2216100,DBC
2016-07-01,13.138100624084473,15.539999961853027,15.550000190734863,15.329999923706055,15.359999656677246,3913400,DBC
2016-07-05,12.766107559204102,15.100000381469727,15.550000190734863,15.0,15.550000190734863,4526800,DBC
2016-07-06,12.81683349609375,15.15999984741211,15.170000076293945,14.899999618530273,14.9399995803833,2535300,DBC
2016-07-07,12.453295707702637,14.729999542236328,15.270000457763672,14.6899995803833,15.25,3347900,DBC
2016-07-08,12.58011245727539,14.880000114440918,14.899999618530273,14.770000457763672,14.819999694824219,1516800,DBC
2016-07-11,12.529385566711426,14.819999694824219,15.0,14.819999694824219,14.989999771118164,1756600,DBC
2016-07-12,12.766107559204102,15.100000381469727,15.140000343322754,14.9399995803833,15.039999961853027,1414900,DBC
2016-07-13,12.605475425720215,14.90999984741211,15.199999809265137,14.850000381469727,15.130000114440918,2742600,DBC
2016-07-14,12.656201362609863,14.970000267028809,15.0600004196167,14.9399995803833,15.029999732971191,1645000,DBC
2016-07-15,12.622383117675781,14.930000305175781,15.029999732971191,14.90999984741211,14.970000267028809,1406800,DBC
2016-07-18,12.563202857971191,14.859999656677246,14.890000343322754,14.75,14.800000190734863,1465100,DBC
2016-07-19,12.487112998962402,14.770000457763672,14.859999656677246,14.75,14.84000015258789,854300,DBC
2016-07-20,12.402569770812988,14.670000076293945,14.770000457763672,14.579999923706055,14.609999656677246,1813100,DBC
2016-07-21,12.334935188293457,14.59000015258789,14.729999542236328,14.59000015258789,14.720000267028809,1309000,DBC
2016-07-22,12.309571266174316,14.5600004196167,14.579999923706055,14.449999809265137,14.550000190734863,1728300,DBC
2016-07-25,12.174301147460938,14.399999618530273,14.470000267028809,14.380000114440918,14.460000038146973,1248400,DBC
2016-07-26,12.123575210571289,14.34000015258789,14.40999984741211,14.319999694824219,14.369999885559082,1451600,DBC
2016-07-27,12.005213737487793,14.199999809265137,14.420000076293945,14.149999618530273,14.359999656677246,2628900,DBC
2016-07-28,11.971395492553711,14.15999984741211,14.25,14.130000114440918,14.220000267028809,1235000,DBC
2016-07-29,12.07284927368164,14.279999732971191,14.3100004196167,14.100000381469727,14.140000343322754,3017000,DBC
2016-08-01,11.861489295959473,14.029999732971191,14.1899995803833,14.0,14.15999984741211,4540600,DBC
2016-08-02,11.844581604003906,14.010000228881836,14.229999542236328,13.960000038146973,14.180000305175781,3700300,DBC
2016-08-03,12.039031028747559,14.239999771118164,14.239999771118164,13.979999542236328,14.039999961853027,2559600,DBC
2016-08-04,12.089757919311523,14.300000190734863,14.359999656677246,14.09000015258789,14.140000343322754,1414600,DBC
2016-08-05,12.140483856201172,14.359999656677246,14.359999656677246,14.229999542236328,14.300000190734863,2201400,DBC
2016-08-08,12.208118438720703,14.4399995803833,14.520000457763672,14.430000305175781,14.449999809265137,2999900,DBC
2016-08-09,12.174301147460938,14.399999618530273,14.550000190734863,14.390000343322754,14.489999771118164,1660300,DBC
2016-08-10,12.0305757522583,14.229999542236328,14.550000190734863,14.229999542236328,14.479999542236328,2213200,DBC
2016-08-11,12.216573715209961,14.449999809265137,14.539999961853027,14.289999961853027,14.319999694824219,1959300,DBC
2016-08-12,12.309571266174316,14.5600004196167,14.59000015258789,14.460000038146973,14.489999771118164,1653700,DBC
2016-08-15,12.512476921081543,14.800000190734863,14.8100004196167,14.640000343322754,14.649999618530273,1281800,DBC
2016-08-16,12.613930702209473,14.920000076293945,14.9399995803833,14.770000457763672,14.819999694824219,3543400,DBC
2016-08-17,12.664655685424805,14.979999542236328,15.0,14.819999694824219,14.90999984741211,2806700,DBC
2016-08-18,12.825287818908691,15.170000076293945,15.199999809265137,15.039999961853027,15.050000190734863,1961600,DBC
2016-08-19,12.783016204833984,15.119999885559082,15.149999618530273,15.039999961853027,15.109999656677246,1215400,DBC
2016-08-22,12.664655685424805,14.979999542236328,15.039999961853027,14.9399995803833,14.989999771118164,931700,DBC
2016-08-23,12.715381622314453,15.039999961853027,15.09000015258789,14.869999885559082,14.890000343322754,934000,DBC
2016-08-24,12.563202857971191,14.859999656677246,15.010000228881836,14.819999694824219,14.970000267028809,1471700,DBC
2016-08-25,12.613930702209473,14.920000076293945,14.930000305175781,14.84000015258789,14.880000114440918,694600,DBC
2016-08-26,12.571657180786133,14.869999885559082,15.09000015258789,14.819999694824219,14.90999984741211,808500,DBC
2016-08-29,12.5209321975708,14.8100004196167,14.84000015258789,14.779999732971191,14.819999694824219,841700,DBC
2016-08-30,12.402569770812988,14.670000076293945,14.819999694824219,14.640000343322754,14.789999961853027,1382300,DBC
2016-08-31,12.165847778320312,14.390000343322754,14.600000381469727,14.350000381469727,14.550000190734863,13259500,DBC
2016-09-01,12.0305757522583,14.229999542236328,14.329999923706055,14.180000305175781,14.300000190734863,2227000,DBC
2016-09-02,12.165847778320312,14.390000343322754,14.4399995803833,14.350000381469727,14.380000114440918,3184400,DBC
2016-09-06,12.250391006469727,14.489999771118164,14.510000228881836,14.329999923706055,14.369999885559082,1680200,DBC
2016-09-07,12.360296249389648,14.619999885559082,14.630000114440918,14.5,14.59000015258789,1148500,DBC
2016-09-08,12.58011245727539,14.880000114440918,14.930000305175781,14.640000343322754,14.710000038146973,2248200,DBC
2016-09-09,12.385660171508789,14.649999618530273,14.779999732971191,14.630000114440918,14.760000228881836,2072800,DBC
2016-09-12,12.385660171508789,14.649999618530273,14.720000267028809,14.489999771118164,14.520000457763672,2022200,DBC
2016-09-13,12.225027084350586,14.460000038146973,14.630000114440918,14.4399995803833,14.569999694824219,1215500,DBC
2016-09-14,12.132030487060547,14.350000381469727,14.510000228881836,14.34000015258789,14.390000343322754,1505100,DBC
2016-09-15,12.19120979309082,14.420000076293945,14.489999771118164,14.329999923706055,14.390000343322754,1056200,DBC
2016-09-16,12.208118438720703,14.4399995803833,14.460000038146973,14.329999923706055,14.329999923706055,977800,DBC
2016-09-19,12.199666023254395,14.430000305175781,14.579999923706055,14.430000305175781,14.479999542236328,2235400,DBC
2016-09-20,12.241936683654785,14.479999542236328,14.550000190734863,14.359999656677246,14.369999885559082,1666700,DBC
2016-09-21,12.39411449432373,14.65999984741211,14.670000076293945,14.550000190734863,14.600000381469727,1457700,DBC
2016-09-22,12.461750030517578,14.739999771118164,14.829999923706055,14.710000038146973,14.800000190734863,950600,DBC
2016-09-23,12.318025588989258,14.569999694824219,14.789999961853027,14.520000457763672,14.739999771118164,1551600,DBC
2016-09-26,12.402569770812988,14.670000076293945,14.789999961853027,14.630000114440918,14.649999618530273,1043900,DBC
2016-09-27,12.284208297729492,14.529999732971191,14.600000381469727,14.470000267028809,14.520000457763672,1134000,DBC
2016-09-28,12.571657180786133,14.869999885559082,14.9399995803833,14.520000457763672,14.600000381469727,2413800,DBC
2016-09-29,12.647747039794922,14.960000038146973,15.039999961853027,14.869999885559082,14.899999618530273,1276900,DBC
2016-09-30,12.690017700195312,15.010000228881836,15.039999961853027,14.949999809265137,15.010000228881836,1924000,DBC
2016-10-03,12.799925804138184,15.140000343322754,15.170000076293945,14.9399995803833,15.029999732971191,4734500,DBC
2016-10-04,12.766107559204102,15.100000381469727,15.180000305175781,15.079999923706055,15.170000076293945,1430600,DBC
2016-10-05,12.842196464538574,15.1899995803833,15.239999771118164,15.119999885559082,15.220000267028809,4075500,DBC
2016-10-06,12.867560386657715,15.220000267028809,15.229999542236328,15.140000343322754,15.199999809265137,1460000,DBC
2016-10-07,12.833742141723633,15.180000305175781,15.289999961853027,15.119999885559082,15.260000228881836,1358400,DBC
2016-10-10,12.97746753692627,15.350000381469727,15.40999984741211,15.180000305175781,15.180000305175781,1547900,DBC
2016-10-11,12.901376724243164,15.260000228881836,15.34000015258789,15.199999809265137,15.319999694824219,2989800,DBC
2016-10-12,12.808378219604492,15.149999618530273,15.220000267028809,15.140000343322754,15.180000305175781,3655800,DBC
2016-10-13,12.892923355102539,15.25,15.279999732971191,15.069999694824219,15.130000114440918,1197700,DBC
2016-10-14,12.901376724243164,15.260000228881836,15.279999732971191,15.210000038146973,15.25,1170100,DBC
2016-10-17,12.918285369873047,15.279999732971191,15.279999732971191,15.15999984741211,15.25,2010500,DBC
2016-10-18,12.943650245666504,15.3100004196167,15.359999656677246,15.25,15.350000381469727,786500,DBC
2016-10-19,13.028193473815918,15.40999984741211,15.449999809265137,15.329999923706055,15.329999923706055,2279500,DBC
2016-10-20,12.909832954406738,15.270000457763672,15.3100004196167,15.1899995803833,15.260000228881836,1212700,DBC
2016-10-21,12.96055793762207,15.329999923706055,15.329999923706055,15.210000038146973,15.25,1034100,DBC
2016-10-24,12.969012260437012,15.34000015258789,15.350000381469727,15.1899995803833,15.329999923706055,1957200,DBC
2016-10-25,12.909832954406738,15.270000457763672,15.369999885559082,15.260000228881836,15.329999923706055,1372400,DBC
2016-10-26,12.825287818908691,15.170000076293945,15.270000457763672,15.130000114440918,15.15999984741211,1892200,DBC
2016-10-27,12.901376724243164,15.260000228881836,15.300000190734863,15.180000305175781,15.25,1052400,DBC
2016-10-28,12.81683349609375,15.15999984741211,15.279999732971191,15.130000114440918,15.199999809265137,1447700,DBC
2016-10-31,12.647747039794922,14.960000038146973,15.119999885559082,14.9399995803833,15.100000381469727,3300300,DBC
2016-11-01,12.706926345825195,15.029999732971191,15.180000305175781,14.960000038146973,15.170000076293945,4391000,DBC
2016-11-02,12.55474853515625,14.850000381469727,14.9399995803833,14.300000190734863,14.90999984741211,3264600,DBC
2016-11-03,12.512476921081543,14.800000190734863,14.899999618530273,14.760000228881836,14.850000381469727,1884900,DBC
2016-11-04,12.427931785583496,14.699999809265137,14.770000457763672,14.619999885559082,14.670000076293945,1725100,DBC
2016-11-07,12.478659629821777,14.760000228881836,14.770000457763672,14.640000343322754,14.75,8293200,DBC
2016-11-08,12.461750030517578,14.739999771118164,14.819999694824219,14.649999618530273,14.649999618530273,1254200,DBC
2016-11-09,12.5209321975708,14.8100004196167,14.880000114440918,14.680000305175781,14.789999961853027,3111200,DBC
2016-11-10,12.419477462768555,14.6899995803833,14.779999732971191,14.680000305175781,14.739999771118164,1535100,DBC
2016-11-11,12.182756423950195,14.40999984741211,14.630000114440918,14.399999618530273,14.579999923706055,1701800,DBC
2016-11-14,12.157392501831055,14.380000114440918,14.420000076293945,14.270000457763672,14.399999618530273,3068400,DBC
2016-11-15,12.427931785583496,14.699999809265137,14.720000267028809,14.489999771118164,14.489999771118164,4373300,DBC
2016-11-16,12.27575397491455,14.520000457763672,14.670000076293945,14.510000228881836,14.630000114440918,2185900,DBC
2016-11-17,12.301116943359375,14.550000190734863,14.699999809265137,14.529999732971191,14.65999984741211,1104100,DBC
2016-11-18,12.402569770812988,14.670000076293945,14.670000076293945,14.520000457763672,14.630000114440918,1603800,DBC
2016-11-21,12.749198913574219,15.079999923706055,15.079999923706055,14.890000343322754,14.890000343322754,10376300,DBC
2016-11-22,12.732290267944336,15.0600004196167,15.15999984741211,14.970000267028809,15.100000381469727,2566400,DBC
2016-11-23,12.783016204833984,15.119999885559082,15.149999618530273,14.979999542236328,15.0,1863600,DBC
2016-11-25,12.690017700195312,15.010000228881836,15.079999923706055,14.9399995803833,15.069999694824219,2590900,DBC
2016-11-28,12.732290267944336,15.0600004196167,15.210000038146973,15.0600004196167,15.09000015258789,2835400,DBC
2016-11-29,12.478659629821777,14.760000228881836,14.859999656677246,14.710000038146973,14.84000015258789,6781500,DBC
2016-11-30,12.859105110168457,15.210000038146973,15.350000381469727,15.029999732971191,15.029999732971191,5383700,DBC
2016-12-01,13.09582805633545,15.489999771118164,15.600000381469727,15.420000076293945,15.460000038146973,3661700,DBC
2016-12-02,13.188826560974121,15.600000381469727,15.630000114440918,15.520000457763672,15.520000457763672,2360500,DBC
2016-12-05,13.256462097167969,15.680000305175781,15.779999732971191,15.670000076293945,15.729999542236328,3254700,DBC
2016-12-06,13.197281837463379,15.609999656677246,15.699999809265137,15.59000015258789,15.630000114440918,1398100,DBC
2016-12-07,13.09582805633545,15.489999771118164,15.640000343322754,15.489999771118164,15.600000381469727,1842300,DBC
2016-12-08,13.12119197845459,15.520000457763672,15.550000190734863,15.399999618530273,15.5,1693000,DBC
2016-12-09,13.188826560974121,15.600000381469727,15.609999656677246,15.529999732971191,15.600000381469727,2500600,DBC
2016-12-12,13.273370742797852,15.699999809265137,15.880000114440918,15.680000305175781,15.819999694824219,2873400,DBC
2016-12-13,13.307188034057617,15.739999771118164,15.8100004196167,15.65999984741211,15.800000190734863,1381300,DBC
2016-12-14,13.18037223815918,15.59000015258789,15.8100004196167,15.569999694824219,15.699999809265137,3129200,DBC
2016-12-15,13.16346263885498,15.569999694824219,15.619999885559082,15.430000305175781,15.460000038146973,1580500,DBC
2016-12-16,13.222644805908203,15.640000343322754,15.65999984741211,15.550000190734863,15.609999656677246,1148900,DBC
2016-12-19,13.146554946899414,15.550000190734863,15.729999542236328,15.520000457763672,15.619999885559082,1565600,DBC
2016-12-20,13.205735206604004,15.619999885559082,15.630000114440918,15.539999961853027,15.619999885559082,2103500,DBC
2016-12-21,13.129646301269531,15.529999732971191,15.640000343322754,15.5,15.630000114440918,4886500,DBC
2016-12-22,13.112737655639648,15.510000228881836,15.609999656677246,15.510000228881836,15.520000457763672,3033800,DBC
2016-12-23,13.138100624084473,15.539999961853027,15.579999923706055,15.5,15.5,1265400,DBC
2016-12-27,13.341005325317383,15.779999732971191,15.819999694824219,15.65999984741211,15.65999984741211,1303600,DBC
2016-12-28,13.349459648132324,15.789999961853027,15.850000381469727,15.770000457763672,15.779999732971191,1603200,DBC
2016-12-29,13.366369247436523,15.8100004196167,15.890000343322754,15.779999732971191,15.8100004196167,1198000,DBC
2016-12-30,13.391732215881348,15.84000015258789,15.850000381469727,15.789999961853027,15.819999694824219,1623400,DBC
2017-01-03,13.231098175048828,15.649999618530273,15.979999542236328,15.59000015258789,15.970000267028809,5935100,DBC
2017-01-04,13.332551002502441,15.770000457763672,15.800000190734863,15.609999656677246,15.65999984741211,3281500,DBC
2017-01-05,13.400186538696289,15.850000381469727,15.920000076293945,15.699999809265137,15.84000015258789,28475900,DBC
2017-01-06,13.38327693939209,15.829999923706055,15.890000343322754,15.75,15.850000381469727,2781800,DBC
2017-01-09,13.18037223815918,15.59000015258789,15.710000038146973,15.5600004196167,15.710000038146973,3365900,DBC
2017-01-10,13.12119197845459,15.520000457763672,15.699999809265137,15.510000228881836,15.65999984741211,1915100,DBC
2017-01-11,13.264915466308594,15.6899995803833,15.770000457763672,15.489999771118164,15.630000114440918,2711900,DBC
2017-01-12,13.459366798400879,15.920000076293945,15.989999771118164,15.829999923706055,15.829999923706055,1752700,DBC
2017-01-13,13.434003829956055,15.890000343322754,15.90999984741211,15.819999694824219,15.850000381469727,1241000,DBC
2017-01-17,13.425549507141113,15.880000114440918,16.079999923706055,15.880000114440918,16.059999465942383,2168100,DBC
2017-01-18,13.307188034057617,15.739999771118164,15.880000114440918,15.670000076293945,15.800000190734863,1570600,DBC
2017-01-19,13.264915466308594,15.6899995803833,15.800000190734863,15.6899995803833,15.770000457763672,2495900,DBC
2017-01-20,13.417095184326172,15.869999885559082,15.9399995803833,15.710000038146973,15.890000343322754,1780900,DBC
2017-01-23,13.417095184326172,15.869999885559082,15.90999984741211,15.760000228881836,15.770000457763672,1390700,DBC
2017-01-24,13.450911521911621,15.90999984741211,15.979999542236328,15.890000343322754,15.949999809265137,2219200,DBC
2017-01-25,13.366369247436523,15.8100004196167,15.880000114440918,15.770000457763672,15.800000190734863,1724200,DBC
2017-01-26,13.425549507141113,15.880000114440918,15.960000038146973,15.869999885559082,15.890000343322754,2201400,DBC
2017-01-27,13.315641403198242,15.75,15.899999618530273,15.6899995803833,15.899999618530273,1835600,DBC
2017-01-30,13.239553451538086,15.65999984741211,15.6899995803833,15.619999885559082,15.680000305175781,4275000,DBC
2017-01-31,13.315641403198242,15.75,15.84000015258789,15.699999809265137,15.779999732971191,14620200,DBC
2017-02-01,13.459366798400879,15.920000076293945,15.949999809265137,15.760000228881836,15.800000190734863,4732000,DBC
2017-02-02,13.459366798400879,15.920000076293945,15.979999542236328,15.869999885559082,15.970000267028809,3617100,DBC
2017-02-03,13.450911521911621,15.90999984741211,15.949999809265137,15.819999694824219,15.850000381469727,2433500,DBC
2017-02-06,13.366369247436523,15.8100004196167,15.9399995803833,15.779999732971191,15.90999984741211,2332800,DBC
2017-02-07,13.307188034057617,15.739999771118164,15.75,15.670000076293945,15.6899995803833,2026500,DBC
2017-02-08,13.357914924621582,15.800000190734863,15.84000015258789,15.6899995803833,15.75,2314600,DBC
2017-02-09,13.425549507141113,15.880000114440918,15.90999984741211,15.819999694824219,15.90999984741211,1669500,DBC
2017-02-10,13.5692720413208,16.049999237060547,16.06999969482422,15.979999542236328,16.010000228881836,2768200,DBC
2017-02-13,13.417095184326172,15.869999885559082,15.90999984741211,15.84000015258789,15.899999618530273,1122500,DBC
2017-02-14,13.434003829956055,15.890000343322754,15.989999771118164,15.84000015258789,15.970000267028809,1679700,DBC
2017-02-15,13.450911521911621,15.90999984741211,15.960000038146973,15.84000015258789,15.869999885559082,1350400,DBC
2017-02-16,13.366369247436523,15.8100004196167,15.9399995803833,15.789999961853027,15.90999984741211,1300300,DBC
2017-02-17,13.341005325317383,15.779999732971191,15.789999961853027,15.6899995803833,15.710000038146973,2265500,DBC
2017-02-21,13.324097633361816,15.760000228881836,15.880000114440918,15.729999542236328,15.850000381469727,1838700,DBC
2017-02-22,13.256462097167969,15.680000305175781,15.699999809265137,15.649999618530273,15.6899995803833,2480700,DBC
2017-02-23,13.29873275756836,15.729999542236328,15.84000015258789,15.6899995803833,15.829999923706055,2209700,DBC
2017-02-24,13.273370742797852,15.699999809265137,15.739999771118164,15.65999984741211,15.739999771118164,1371600,DBC
2017-02-27,13.239553451538086,15.65999984741211,15.739999771118164,15.649999618530273,15.720000267028809,1914300,DBC
2017-02-28,13.29028034210205,15.720000267028809,15.729999542236328,15.600000381469727,15.630000114440918,2321000,DBC
2017-03-01,13.349459648132324,15.789999961853027,15.850000381469727,15.75,15.8100004196167,2324000,DBC
2017-03-02,13.138100624084473,15.539999961853027,15.649999618530273,15.529999732971191,15.619999885559082,1381200,DBC
2017-03-03,13.205735206604004,15.619999885559082,15.630000114440918,15.529999732971191,15.5600004196167,1805600,DBC
2017-03-06,13.188826560974121,15.600000381469727,15.699999809265137,15.600000381469727,15.6899995803833,1297800,DBC
2017-03-07,13.129646301269531,15.529999732971191,15.640000343322754,15.520000457763672,15.640000343322754,1468000,DBC
2017-03-08,12.833742141723633,15.180000305175781,15.550000190734863,15.149999618530273,15.479999542236328,4012200,DBC
2017-03-09,12.723835945129395,15.050000190734863,15.149999618530273,14.930000305175781,15.130000114440918,4657800,DBC
2017-03-10,12.605475425720215,14.90999984741211,15.079999923706055,14.869999885559082,15.050000190734863,4163400,DBC
2017-03-13,12.588566780090332,14.890000343322754,14.970000267028809,14.859999656677246,14.920000076293945,2701200,DBC
2017-03-14,12.537839889526367,14.829999923706055,14.850000381469727,14.699999809265137,14.779999732971191,2946400,DBC
2017-03-15,12.647747039794922,14.960000038146973,14.989999771118164,14.869999885559082,14.920000076293945,3442700,DBC
2017-03-16,12.630838394165039,14.9399995803833,15.020000457763672,14.930000305175781,15.020000457763672,2088200,DBC
2017-03-17,12.673110008239746,14.989999771118164,15.020000457763672,14.9399995803833,15.0,1161700,DBC
2017-03-20,12.664655685424805,14.979999542236328,15.039999961853027,14.9399995803833,14.960000038146973,2166400,DBC
2017-03-21,12.597021102905273,14.899999618530273,15.0600004196167,14.890000343322754,15.020000457763672,1882000,DBC
2017-03-22,12.588566780090332,14.890000343322754,14.9399995803833,14.770000457763672,14.859999656677246,1921500,DBC
2017-03-23,12.563202857971191,14.859999656677246,14.890000343322754,14.819999694824219,14.869999885559082,1511400,DBC
2017-03-24,12.605475425720215,14.90999984741211,14.920000076293945,14.859999656677246,14.899999618530273,1372400,DBC
2017-03-27,12.588566780090332,14.890000343322754,14.899999618530273,14.770000457763672,14.8100004196167,2124000,DBC
2017-03-28,12.664655685424805,14.979999542236328,15.0600004196167,14.949999809265137,14.960000038146973,1713300,DBC
2017-03-29,12.783016204833984,15.119999885559082,15.140000343322754,15.020000457763672,15.039999961853027,2553000,DBC
2017-03-30,12.833742141723633,15.180000305175781,15.220000267028809,15.119999885559082,15.15999984741211,1325100,DBC
2017-03-31,12.859105110168457,15.210000038146973,15.25,15.140000343322754,15.149999618530273,3000100,DBC
2017-04-03,12.808378219604492,15.149999618530273,15.270000457763672,15.140000343322754,15.25,4604200,DBC
2017-04-04,12.935195922851562,15.300000190734863,15.319999694824219,15.149999618530273,15.229999542236328,4604200,DBC
2017-04-05,12.96055793762207,15.329999923706055,15.470000267028809,15.3100004196167,15.470000267028809,4604600,DBC
2017-04-06,12.994375228881836,15.369999885559082,15.4399995803833,15.369999885559082,15.399999618530273,2856200,DBC
2017-04-07,13.028193473815918,15.40999984741211,15.470000267028809,15.390000343322754,15.420000076293945,6227100,DBC
2017-04-10,13.129646301269531,15.529999732971191,15.529999732971191,15.449999809265137,15.479999542236328,945800,DBC
2017-04-11,13.155010223388672,15.5600004196167,15.59000015258789,15.4399995803833,15.520000457763672,1391600,DBC
2017-04-12,13.155010223388672,15.5600004196167,15.640000343322754,15.520000457763672,15.5600004196167,1429300,DBC
2017-04-13,13.197281837463379,15.609999656677246,15.649999618530273,15.5600004196167,15.630000114440918,2123000,DBC
2017-04-17,13.12119197845459,15.520000457763672,15.630000114440918,15.520000457763672,15.609999656677246,1866000,DBC
2017-04-18,13.070465087890625,15.460000038146973,15.489999771118164,15.350000381469727,15.4399995803833,1462800,DBC
2017-04-19,12.842196464538574,15.1899995803833,15.479999542236328,15.130000114440918,15.470000267028809,2094500,DBC
2017-04-20,12.79146957397461,15.130000114440918,15.239999771118164,15.109999656677246,15.220000267028809,1847400,DBC
2017-04-21,12.664655685424805,14.979999542236328,15.149999618530273,14.949999809265137,15.149999618530273,1585100,DBC
2017-04-24,12.622383117675781,14.930000305175781,14.970000267028809,14.890000343322754,14.970000267028809,1767600,DBC
2017-04-25,12.681564331054688,15.0,15.010000228881836,14.859999656677246,14.890000343322754,1586400,DBC
2017-04-26,12.613930702209473,14.920000076293945,15.050000190734863,14.899999618530273,14.9399995803833,5213800,DBC
2017-04-27,12.546295166015625,14.84000015258789,14.84000015258789,14.710000038146973,14.800000190734863,919000,DBC
2017-04-28,12.512476921081543,14.800000190734863,14.90999984741211,14.779999732971191,14.869999885559082,2065900,DBC
2017-05-01,12.537839889526367,14.829999923706055,14.890000343322754,14.800000190734863,14.8100004196167,3598700,DBC
2017-05-02,12.402569770812988,14.670000076293945,14.84000015258789,14.630000114440918,14.819999694824219,3162000,DBC
2017-05-03,12.351842880249023,14.609999656677246,14.699999809265137,14.569999694824219,14.699999809265137,2146400,DBC
2017-05-04,12.055940628051758,14.260000228881836,14.470000267028809,14.239999771118164,14.460000038146973,3352800,DBC
2017-05-05,12.225027084350586,14.460000038146973,14.489999771118164,14.3100004196167,14.319999694824219,2436200,DBC
2017-05-08,12.174301147460938,14.399999618530273,14.460000038146973,14.319999694824219,14.390000343322754,1583100,DBC
2017-05-09,12.115120887756348,14.329999923706055,14.4399995803833,14.3100004196167,14.430000305175781,1473000,DBC
2017-05-10,12.309571266174316,14.5600004196167,14.600000381469727,14.420000076293945,14.430000305175781,2232100,DBC
2017-05-11,12.360296249389648,14.619999885559082,14.670000076293945,14.59000015258789,14.630000114440918,1312200,DBC
2017-05-12,12.360296249389648,14.619999885559082,14.65999984741211,14.579999923706055,14.65999984741211,788700,DBC
2017-05-15,12.427931785583496,14.699999809265137,14.829999923706055,14.6899995803833,14.829999923706055,893700,DBC
2017-05-16,12.444841384887695,14.720000267028809,14.789999961853027,14.720000267028809,14.770000457763672,755700,DBC
2017-05-17,12.529385566711426,14.819999694824219,14.880000114440918,14.75,14.8100004196167,3215000,DBC
2017-05-18,12.49556827545166,14.779999732971191,14.850000381469727,14.680000305175781,14.720000267028809,841700,DBC
2017-05-19,12.740744590759277,15.069999694824219,15.069999694824219,14.949999809265137,14.960000038146973,736600,DBC
2017-05-22,12.825287818908691,15.170000076293945,15.210000038146973,15.140000343322754,15.149999618530273,1975400,DBC
2017-05-23,12.783016204833984,15.119999885559082,15.180000305175781,15.09000015258789,15.170000076293945,1361200,DBC
2017-05-24,12.757652282714844,15.09000015258789,15.140000343322754,15.029999732971191,15.079999923706055,1150900,DBC
2017-05-25,12.478659629821777,14.760000228881836,15.100000381469727,14.739999771118164,15.050000190734863,1306400,DBC
2017-05-26,12.571657180786133,14.869999885559082,14.890000343322754,14.779999732971191,14.800000190734863,1106200,DBC
2017-05-30,12.47020435333252,14.75,14.800000190734863,14.699999809265137,14.739999771118164,2593000,DBC
2017-05-31,12.334935188293457,14.59000015258789,14.640000343322754,14.520000457763672,14.609999656677246,2029200,DBC
2017-06-01,12.250391006469727,14.489999771118164,14.609999656677246,14.479999542236328,14.59000015258789,2487200,DBC
2017-06-02,12.19120979309082,14.420000076293945,14.470000267028809,14.359999656677246,14.420000076293945,1460600,DBC
2017-06-05,12.123575210571289,14.34000015258789,14.369999885559082,14.289999961853027,14.34000015258789,1512700,DBC
2017-06-06,12.208118438720703,14.4399995803833,14.449999809265137,14.300000190734863,14.319999694824219,1064100,DBC
2017-06-07,12.039031028747559,14.239999771118164,14.4399995803833,14.210000038146973,14.399999618530273,1661800,DBC
2017-06-08,12.039031028747559,14.239999771118164,14.3100004196167,14.220000267028809,14.229999542236328,1348100,DBC
2017-06-09,12.106666564941406,14.319999694824219,14.359999656677246,14.260000228881836,14.270000457763672,1206000,DBC
2017-06-12,11.996759414672852,14.1899995803833,14.369999885559082,14.1899995803833,14.329999923706055,2584100,DBC
2017-06-13,12.0474853515625,14.25,14.270000457763672,14.149999618530273,14.199999809265137,890000,DBC
2017-06-14,11.836126327514648,14.0,14.279999732971191,14.0,14.229999542236328,1195800,DBC
2017-06-15,11.886853218078613,14.0600004196167,14.0600004196167,13.960000038146973,13.979999542236328,1042900,DBC
2017-06-16,11.937579154968262,14.119999885559082,14.140000343322754,14.079999923706055,14.130000114440918,1476500,DBC
2017-06-19,11.861489295959473,14.029999732971191,14.149999618530273,14.0,14.109999656677246,957700,DBC
2017-06-20,11.743128776550293,13.890000343322754,13.920000076293945,13.819999694824219,13.899999618530273,1559400,DBC
2017-06-21,11.616312026977539,13.739999771118164,13.979999542236328,13.6899995803833,13.930000305175781,2879400,DBC
2017-06-22,11.633221626281738,13.760000228881836,13.859999656677246,13.75,13.789999961853027,1305700,DBC
2017-06-23,11.68394660949707,13.819999694824219,13.84000015258789,13.75,13.770000457763672,1874600,DBC
2017-06-26,11.709311485290527,13.850000381469727,13.869999885559082,13.720000267028809,13.8100004196167,1566600,DBC
2017-06-27,11.844581604003906,14.010000228881836,14.0600004196167,13.880000114440918,13.880000114440918,1174900,DBC
2017-06-28,11.920670509338379,14.100000381469727,14.109999656677246,13.979999542236328,14.029999732971191,2204700,DBC
2017-06-29,11.971395492553711,14.15999984741211,14.270000457763672,14.149999618530273,14.180000305175781,893600,DBC
2017-06-30,12.216573715209961,14.449999809265137,14.470000267028809,14.239999771118164,14.239999771118164,2047400,DBC
2017-07-03,12.343389511108398,14.600000381469727,14.640000343322754,14.5,14.510000228881836,3013000,DBC
2017-07-05,12.157392501831055,14.380000114440918,14.600000381469727,14.319999694824219,14.600000381469727,3157600,DBC
2017-07-06,12.165847778320312,14.390000343322754,14.529999732971191,14.369999885559082,14.420000076293945,3055900,DBC
2017-07-07,12.0474853515625,14.25,14.3100004196167,14.149999618530273,14.289999961853027,1950900,DBC
2017-07-10,12.098211288452148,14.3100004196167,14.359999656677246,14.229999542236328,14.229999542236328,979500,DBC
2017-07-11,12.216573715209961,14.449999809265137,14.470000267028809,14.289999961853027,14.289999961853027,759800,DBC
2017-07-12,12.157392501831055,14.380000114440918,14.5600004196167,14.369999885559082,14.529999732971191,1252300,DBC
2017-07-13,12.14893913269043,14.369999885559082,14.4399995803833,14.329999923706055,14.380000114440918,630000,DBC
2017-07-14,12.284208297729492,14.529999732971191,14.529999732971191,14.430000305175781,14.449999809265137,759000,DBC
2017-07-17,12.241936683654785,14.479999542236328,14.569999694824219,14.460000038146973,14.520000457763672,1141300,DBC
2017-07-18,12.292661666870117,14.539999961853027,14.640000343322754,14.510000228881836,14.609999656677246,858900,DBC
2017-07-19,12.402569770812988,14.670000076293945,14.699999809265137,14.600000381469727,14.600000381469727,825500,DBC
2017-07-20,12.385660171508789,14.649999618530273,14.770000457763672,14.630000114440918,14.739999771118164,1132100,DBC
2017-07-21,12.216573715209961,14.449999809265137,14.640000343322754,14.420000076293945,14.640000343322754,894800,DBC
2017-07-24,12.241936683654785,14.479999542236328,14.489999771118164,14.4399995803833,14.470000267028809,606700,DBC
2017-07-25,12.377205848693848,14.640000343322754,14.670000076293945,14.569999694824219,14.630000114440918,722700,DBC
2017-07-26,12.49556827545166,14.779999732971191,14.789999961853027,14.630000114440918,14.649999618530273,2389200,DBC
2017-07-27,12.571657180786133,14.869999885559082,14.899999618530273,14.8100004196167,14.850000381469727,1062200,DBC
2017-07-28,12.639291763305664,14.949999809265137,14.970000267028809,14.899999618530273,14.899999618530273,834800,DBC
2017-07-31,12.715381622314453,15.039999961853027,15.050000190734863,14.899999618530273,14.930000305175781,1109900,DBC
2017-08-01,12.571657180786133,14.869999885559082,14.949999809265137,14.75,14.949999809265137,1041300,DBC
2017-08-02,12.597021102905273,14.899999618530273,14.930000305175781,14.800000190734863,14.899999618530273,2126600,DBC
2017-08-03,12.504022598266602,14.789999961853027,14.930000305175781,14.779999732971191,14.920000076293945,2187100,DBC
2017-08-04,12.529385566711426,14.819999694824219,14.850000381469727,14.739999771118164,14.8100004196167,1113200,DBC
2017-08-07,12.55474853515625,14.850000381469727,14.899999618530273,14.760000228881836,14.800000190734863,989400,DBC
2017-08-08,12.563202857971191,14.859999656677246,14.930000305175781,14.819999694824219,14.819999694824219,1113800,DBC
2017-08-09,12.647747039794922,14.960000038146973,14.970000267028809,14.880000114440918,14.920000076293945,1013700,DBC
2017-08-10,12.453295707702637,14.729999542236328,15.029999732971191,14.729999542236328,15.029999732971191,2661400,DBC
2017-08-11,12.49556827545166,14.779999732971191,14.829999923706055,14.6899995803833,14.710000038146973,1543200,DBC
2017-08-14,12.385660171508789,14.649999618530273,14.819999694824219,14.630000114440918,14.760000228881836,1346600,DBC
2017-08-15,12.3264799118042,14.579999923706055,14.59000015258789,14.5,14.539999961853027,839800,DBC
2017-08-16,12.292661666870117,14.539999961853027,14.6899995803833,14.539999961853027,14.640000343322754,2787700,DBC
2017-08-17,12.3264799118042,14.579999923706055,14.600000381469727,14.479999542236328,14.489999771118164,1782100,DBC
2017-08-18,12.546295166015625,14.84000015258789,14.850000381469727,14.579999923706055,14.630000114440918,1266300,DBC
2017-08-21,12.39411449432373,14.65999984741211,14.760000228881836,14.630000114440918,14.739999771118164,953900,DBC
2017-08-22,12.427931785583496,14.699999809265137,14.75,14.670000076293945,14.6899995803833,1118900,DBC
2017-08-23,12.537839889526367,14.829999923706055,14.829999923706055,14.6899995803833,14.720000267028809,1042000,DBC
2017-08-24,12.529385566711426,14.819999694824219,14.859999656677246,14.75,14.8100004196167,766200,DBC
2017-08-25,12.504022598266602,14.789999961853027,14.850000381469727,14.729999542236328,14.829999923706055,565000,DBC
2017-08-28,12.512476921081543,14.800000190734863,14.859999656677246,14.729999542236328,14.84000015258789,925900,DBC
2017-08-29,12.512476921081543,14.800000190734863,14.829999923706055,14.760000228881836,14.760000228881836,712000,DBC
2017-08-30,12.419477462768555,14.6899995803833,14.819999694824219,14.65999984741211,14.779999732971191,831900,DBC
2017-08-31,12.766107559204102,15.100000381469727,15.100000381469727,14.789999961853027,14.789999961853027,2587700,DBC
2017-09-01,12.783016204833984,15.119999885559082,15.130000114440918,15.010000228881836,15.0600004196167,2722900,DBC
2017-09-05,12.808378219604492,15.149999618530273,15.220000267028809,15.130000114440918,15.149999618530273,1211700,DBC
2017-09-06,12.935195922851562,15.300000190734863,15.300000190734863,15.199999809265137,15.210000038146973,2212200,DBC
2017-09-07,12.926740646362305,15.289999961853027,15.3100004196167,15.220000267028809,15.270000457763672,1205400,DBC
2017-09-08,12.783016204833984,15.119999885559082,15.270000457763672,15.079999923706055,15.239999771118164,1041000,DBC
2017-09-11,12.808378219604492,15.149999618530273,15.170000076293945,15.039999961853027,15.119999885559082,1104300,DBC
2017-09-12,12.842196464538574,15.1899995803833,15.270000457763672,15.100000381469727,15.25,1451600,DBC
2017-09-13,12.901376724243164,15.260000228881836,15.260000228881836,15.15999984741211,15.220000267028809,909200,DBC
2017-09-14,12.909832954406738,15.270000457763672,15.470000267028809,15.260000228881836,15.380000114440918,944000,DBC
2017-09-15,12.969012260437012,15.34000015258789,15.380000114440918,15.289999961853027,15.3100004196167,1176500,DBC
2017-09-18,12.952104568481445,15.319999694824219,15.34000015258789,15.25,15.319999694824219,1693700,DBC
2017-09-19,12.926740646362305,15.289999961853027,15.34000015258789,15.220000267028809,15.34000015258789,537400,DBC
2017-09-20,13.036646842956543,15.420000076293945,15.449999809265137,15.34000015258789,15.34000015258789,1577600,DBC
2017-09-21,12.985920906066895,15.359999656677246,15.390000343322754,15.3100004196167,15.34000015258789,1146000,DBC
2017-09-22,13.036646842956543,15.420000076293945,15.4399995803833,15.350000381469727,15.399999618530273,667000,DBC
2017-09-25,13.256462097167969,15.680000305175781,15.680000305175781,15.449999809265137,15.449999809265137,1120300,DBC
2017-09-26,13.138100624084473,15.539999961853027,15.579999923706055,15.479999542236328,15.550000190734863,1114000,DBC
2017-09-27,13.087373733520508,15.479999542236328,15.539999961853027,15.449999809265137,15.5,2008000,DBC
2017-09-28,13.087373733520508,15.479999542236328,15.5600004196167,15.399999618530273,15.529999732971191,909000,DBC
2017-09-29,13.019739151000977,15.399999618530273,15.460000038146973,15.369999885559082,15.4399995803833,3072300,DBC
2017-10-02,12.909832954406738,15.270000457763672,15.289999961853027,15.180000305175781,15.25,3580000,DBC
2017-10-03,12.918285369873047,15.279999732971191,15.319999694824219,15.25,15.270000457763672,1384500,DBC
2017-10-04,12.935195922851562,15.300000190734863,15.350000381469727,15.260000228881836,15.289999961853027,1411000,DBC
2017-10-05,13.078920364379883,15.470000267028809,15.529999732971191,15.399999618530273,15.40999984741211,1391000,DBC
2017-10-06,12.876014709472656,15.229999542236328,15.289999961853027,15.180000305175781,15.270000457763672,1384400,DBC
2017-10-09,12.884468078613281,15.239999771118164,15.289999961853027,15.210000038146973,15.229999542236328,632700,DBC
2017-10-10,13.036646842956543,15.420000076293945,15.449999809265137,15.380000114440918,15.390000343322754,650600,DBC
2017-10-11,13.06201171875,15.449999809265137,15.460000038146973,15.369999885559082,15.449999809265137,709300,DBC
2017-10-12,13.045103073120117,15.430000305175781,15.4399995803833,15.329999923706055,15.369999885559082,789900,DBC
2017-10-13,13.171917915344238,15.579999923706055,15.600000381469727,15.5,15.569999694824219,627000,DBC
2017-10-16,13.205735206604004,15.619999885559082,15.729999542236328,15.609999656677246,15.649999618530273,905300,DBC
2017-10-17,13.188826560974121,15.600000381469727,15.640000343322754,15.479999542236328,15.600000381469727,615100,DBC
2017-10-18,13.18037223815918,15.59000015258789,15.630000114440918,15.520000457763672,15.569999694824219,503200,DBC
2017-10-19,13.12119197845459,15.520000457763672,15.5600004196167,15.470000267028809,15.5,1757100,DBC
2017-10-20,13.188826560974121,15.600000381469727,15.600000381469727,15.489999771118164,15.510000228881836,503700,DBC
2017-10-23,13.188826560974121,15.600000381469727,15.640000343322754,15.569999694824219,15.59000015258789,1102300,DBC
2017-10-24,13.324097633361816,15.760000228881836,15.779999732971191,15.579999923706055,15.619999885559082,687100,DBC
2017-10-25,13.341005325317383,15.779999732971191,15.819999694824219,15.710000038146973,15.760000228881836,865300,DBC
2017-10-26,13.400186538696289,15.850000381469727,15.850000381469727,15.699999809265137,15.739999771118164,500200,DBC
2017-10-27,13.467820167541504,15.930000305175781,15.949999809265137,15.739999771118164,15.760000228881836,892900,DBC
2017-10-30,13.50163745880127,15.970000267028809,16.219999313354492,15.90999984741211,15.979999542236328,1241900,DBC
2017-10-31,13.535455703735352,16.010000228881836,16.030000686645508,15.9399995803833,15.960000038146973,2245500,DBC
2017-11-01,13.54391098022461,16.020000457763672,16.170000076293945,15.960000038146973,16.110000610351562,5287100,DBC
2017-11-02,13.628456115722656,16.1200008392334,16.1299991607666,15.979999542236328,15.989999771118164,5054600,DBC
2017-11-03,13.712997436523438,16.219999313354492,16.239999771118164,16.040000915527344,16.139999389648438,4649100,DBC
2017-11-06,13.975085258483887,16.530000686645508,16.549999237060547,16.239999771118164,16.270000457763672,7479300,DBC
2017-11-07,13.890539169311523,16.43000030517578,16.450000762939453,16.3799991607666,16.450000762939453,5736700,DBC
2017-11-08,13.865177154541016,16.399999618530273,16.540000915527344,16.34000015258789,16.40999984741211,1670700,DBC
2017-11-09,13.890539169311523,16.43000030517578,16.479999542236328,16.389999389648438,16.389999389648438,1459500,DBC
2017-11-10,13.865177154541016,16.399999618530273,16.479999542236328,16.360000610351562,16.420000076293945,1740600,DBC
2017-11-13,13.822905540466309,16.350000381469727,16.450000762939453,16.309999465942383,16.420000076293945,1918500,DBC
2017-11-14,13.636907577514648,16.1299991607666,16.309999465942383,16.079999923706055,16.309999465942383,2498800,DBC
2017-11-15,13.619999885559082,16.110000610351562,16.149999618530273,16.049999237060547,16.1299991607666,1621100,DBC
2017-11-16,13.577726364135742,16.059999465942383,16.139999389648438,16.040000915527344,16.06999969482422,1457700,DBC
2017-11-17,13.797541618347168,16.31999969482422,16.329999923706055,16.1299991607666,16.1299991607666,6369300,DBC
2017-11-20,13.68763542175293,16.190000534057617,16.209999084472656,16.110000610351562,16.149999618530273,1627800,DBC
2017-11-21,13.780631065368652,16.299999237060547,16.299999237060547,16.209999084472656,16.219999313354492,1094100,DBC
2017-11-22,13.856721878051758,16.389999389648438,16.399999618530273,16.299999237060547,16.299999237060547,1651300,DBC
2017-11-24,13.898993492126465,16.440000534057617,16.459999084472656,16.399999618530273,16.43000030517578,576200,DBC
2017-11-27,13.87363052368164,16.40999984741211,16.440000534057617,16.329999923706055,16.440000534057617,1248900,DBC
2017-11-28,13.814449310302734,16.34000015258789,16.360000610351562,16.290000915527344,16.31999969482422,3163600,DBC
2017-11-29,13.721451759338379,16.229999542236328,16.3700008392334,16.15999984741211,16.309999465942383,1814100,DBC
2017-11-30,13.662271499633789,16.15999984741211,16.270000457763672,16.1200008392334,16.239999771118164,1926400,DBC
2017-12-01,13.780631065368652,16.299999237060547,16.43000030517578,16.25,16.25,6363500,DBC
2017-12-04,13.61154556274414,16.100000381469727,16.239999771118164,16.100000381469727,16.209999084472656,1210300,DBC
2017-12-05,13.61154556274414,16.100000381469727,16.139999389648438,16.049999237060547,16.079999923706055,858700,DBC
2017-12-06,13.38327693939209,15.829999923706055,16.049999237060547,15.819999694824219,16.049999237060547,1976500,DBC
2017-12-07,13.425549507141113,15.880000114440918,15.890000343322754,15.800000190734863,15.869999885559082,2405000,DBC
2017-12-08,13.493184089660645,15.960000038146973,15.989999771118164,15.899999618530273,15.979999542236328,1667400,DBC
2017-12-11,13.52700138092041,16.0,16.040000915527344,15.949999809265137,15.989999771118164,1083500,DBC
2017-12-12,13.40864086151123,15.859999656677246,16.06999969482422,15.819999694824219,16.020000457763672,918500,DBC
2017-12-13,13.349459648132324,15.789999961853027,15.869999885559082,15.760000228881836,15.859999656677246,2441600,DBC
2017-12-14,13.391732215881348,15.84000015258789,15.859999656677246,15.729999542236328,15.729999542236328,2278800,DBC
2017-12-15,13.391732215881348,15.84000015258789,15.90999984741211,15.8100004196167,15.899999618530273,1953200,DBC
2017-12-18,13.450911521911621,15.90999984741211,15.979999542236328,15.880000114440918,15.9399995803833,1587300,DBC
2017-12-19,13.55236530303955,16.030000686645508,16.040000915527344,15.970000267028809,15.970000267028809,1575000,DBC
2017-12-20,13.628456115722656,16.1200008392334,16.1200008392334,16.040000915527344,16.040000915527344,1741300,DBC
2017-12-21,13.636907577514648,16.1299991607666,16.15999984741211,16.049999237060547,16.09000015258789,3497500,DBC
2017-12-22,13.696089744567871,16.200000762939453,16.25,16.139999389648438,16.170000076293945,3404600,DBC
2017-12-26,13.898993492126465,16.440000534057617,16.5,16.25,16.25,1793800,DBC
2017-12-27,13.93281078338623,16.479999542236328,16.510000228881836,16.450000762939453,16.479999542236328,6071600,DBC
2017-12-28,14.000447273254395,16.559999465942383,16.56999969482422,16.510000228881836,16.540000915527344,1933800,DBC
2017-12-29,14.042718887329102,16.610000610351562,16.670000076293945,16.579999923706055,16.6200008392334,1984300,DBC
2018-01-02,14.11035442352295,16.690000534057617,16.719999313354492,16.639999389648438,16.68000030517578,3995700,DBC
2018-01-03,14.194897651672363,16.790000915527344,16.809999465942383,16.700000762939453,16.739999771118164,6139800,DBC
2018-01-04,14.177989959716797,16.770000457763672,16.799999237060547,16.739999771118164,16.780000686645508,2532700,DBC
2018-01-05,14.127263069152832,16.709999084472656,16.729999542236328,16.649999618530273,16.700000762939453,1746400,DBC
2018-01-08,14.118809700012207,16.700000762939453,16.719999313354492,16.649999618530273,16.700000762939453,2208000,DBC
2018-01-09,14.211806297302246,16.809999465942383,16.860000610351562,16.670000076293945,16.700000762939453,5148000,DBC
2018-01-10,14.262533187866211,16.8700008392334,16.889999389648438,16.81999969482422,16.8700008392334,2467700,DBC
2018-01-11,14.25407886505127,16.860000610351562,16.940000534057617,16.860000610351562,16.889999389648438,3052900,DBC
2018-01-12,14.347075462341309,16.969999313354492,16.969999313354492,16.84000015258789,16.889999389648438,7625800,DBC
2018-01-16,14.279439926147461,16.889999389648438,16.93000030517578,16.84000015258789,16.899999618530273,2398900,DBC
2018-01-17,14.296348571777344,16.90999984741211,16.93000030517578,16.850000381469727,16.8799991607666,2351900,DBC
2018-01-18,14.296348571777344,16.90999984741211,16.920000076293945,16.829999923706055,16.90999984741211,1805400,DBC
2018-01-19,14.27098560333252,16.8799991607666,16.93000030517578,16.81999969482422,16.8799991607666,1306200,DBC
2018-01-22,14.304802894592285,16.920000076293945,16.950000762939453,16.84000015258789,16.889999389648438,3227700,DBC
2018-01-23,14.406258583068848,17.040000915527344,17.049999237060547,16.93000030517578,16.969999313354492,2381700,DBC
2018-01-24,14.558433532714844,17.219999313354492,17.219999313354492,17.040000915527344,17.049999237060547,2814600,DBC
2018-01-25,14.473893165588379,17.1200008392334,17.270000457763672,17.110000610351562,17.260000228881836,2613300,DBC
2018-01-26,14.5837984085083,17.25,17.290000915527344,17.15999984741211,17.18000030517578,3436100,DBC
2018-01-29,14.541528701782227,17.200000762939453,17.229999542236328,17.1299991607666,17.209999084472656,1304500,DBC
2018-01-30,14.44007396697998,17.079999923706055,17.15999984741211,17.049999237060547,17.15999984741211,4444600,DBC
2018-01-31,14.456982612609863,17.100000381469727,17.1299991607666,17.0,17.09000015258789,35764200,DBC
2018-02-01,14.600707054138184,17.270000457763672,17.280000686645508,17.079999923706055,17.1200008392334,4764400,DBC
2018-02-02,14.363986015319824,16.989999771118164,17.110000610351562,16.950000762939453,17.110000610351562,2011500,DBC
2018-02-05,14.228713989257812,16.829999923706055,17.010000228881836,16.81999969482422,16.950000762939453,3294800,DBC
2018-02-06,14.144170761108398,16.729999542236328,16.860000610351562,16.719999313354492,16.739999771118164,7712100,DBC
2018-02-07,13.983539581298828,16.540000915527344,16.790000915527344,16.489999771118164,16.75,2161100,DBC
2018-02-08,13.839815139770508,16.3700008392334,16.579999923706055,16.360000610351562,16.56999969482422,5035800,DBC
2018-02-09,13.636907577514648,16.1299991607666,16.329999923706055,16.010000228881836,16.309999465942383,8507700,DBC
2018-02-12,13.721451759338379,16.229999542236328,16.299999237060547,16.190000534057617,16.209999084472656,3396000,DBC
2018-02-13,13.746814727783203,16.260000228881836,16.290000915527344,16.15999984741211,16.190000534057617,1387300,DBC
2018-02-14,13.958174705505371,16.510000228881836,16.520000457763672,16.15999984741211,16.190000534057617,4016700,DBC
2018-02-15,13.983539581298828,16.540000915527344,16.540000915527344,16.329999923706055,16.450000762939453,3893600,DBC
2018-02-16,14.008899688720703,16.56999969482422,16.600000381469727,16.479999542236328,16.510000228881836,2223600,DBC
2018-02-20,14.05117416381836,16.6200008392334,16.690000534057617,16.59000015258789,16.610000610351562,2657100,DBC
2018-02-21,14.034263610839844,16.600000381469727,16.700000762939453,16.59000015258789,16.610000610351562,2374900,DBC
2018-02-22,14.161079406738281,16.75,16.809999465942383,16.639999389648438,16.639999389648438,2693000,DBC
2018-02-23,14.25407886505127,16.860000610351562,16.860000610351562,16.719999313354492,16.75,2696100,DBC
2018-02-26,14.330168724060059,16.950000762939453,16.959999084472656,16.829999923706055,16.899999618530273,3158200,DBC
2018-02-27,14.186443328857422,16.780000686645508,16.920000076293945,16.780000686645508,16.920000076293945,4760600,DBC
2018-02-28,14.034263610839844,16.600000381469727,16.889999389648438,16.56999969482422,16.850000381469727,3710600,DBC
2018-03-01,14.059627532958984,16.6299991607666,16.670000076293945,16.40999984741211,16.520000457763672,5442800,DBC
2018-03-02,14.059627532958984,16.6299991607666,16.6299991607666,16.440000534057617,16.520000457763672,5425400,DBC
2018-03-05,14.144170761108398,16.729999542236328,16.760000228881836,16.510000228881836,16.540000915527344,2534600,DBC
2018-03-06,14.194897651672363,16.790000915527344,16.809999465942383,16.729999542236328,16.770000457763672,1780600,DBC
2018-03-07,14.042718887329102,16.610000610351562,16.770000457763672,16.510000228881836,16.739999771118164,3375200,DBC
2018-03-08,13.958174705505371,16.510000228881836,16.56999969482422,16.440000534057617,16.559999465942383,2651700,DBC
2018-03-09,14.093445777893066,16.670000076293945,16.670000076293945,16.549999237060547,16.579999923706055,3346700,DBC
2018-03-12,14.068082809448242,16.639999389648438,16.639999389648438,16.469999313354492,16.600000381469727,1367100,DBC
2018-03-13,14.025810241699219,16.59000015258789,16.739999771118164,16.549999237060547,16.639999389648438,1913900,DBC
2018-03-14,14.025810241699219,16.59000015258789,16.65999984741211,16.510000228881836,16.610000610351562,1961200,DBC
2018-03-15,14.017355918884277,16.579999923706055,16.6200008392334,16.520000457763672,16.610000610351562,1128100,DBC
2018-03-16,14.068082809448242,16.639999389648438,16.670000076293945,16.5,16.559999465942383,1023900,DBC
2018-03-19,13.975085258483887,16.530000686645508,16.600000381469727,16.459999084472656,16.600000381469727,1684700,DBC
2018-03-20,14.068082809448242,16.639999389648438,16.709999084472656,16.6200008392334,16.639999389648438,1326300,DBC
2018-03-21,14.3217134475708,16.940000534057617,16.979999542236328,16.739999771118164,16.760000228881836,1728000,DBC
2018-03-22,14.211806297302246,16.809999465942383,16.8700008392334,16.780000686645508,16.829999923706055,1750400,DBC
2018-03-23,14.338619232177734,16.959999084472656,16.989999771118164,16.860000610351562,16.899999618530273,2532600,DBC
2018-03-26,14.347075462341309,16.969999313354492,17.010000228881836,16.920000076293945,16.989999771118164,3299900,DBC
2018-03-27,14.287894248962402,16.899999618530273,17.020000457763672,16.8799991607666,17.010000228881836,1288100,DBC
2018-03-28,14.228713989257812,16.829999923706055,16.90999984741211,16.760000228881836,16.8799991607666,1471000,DBC
2018-03-29,14.35552978515625,16.979999542236328,17.010000228881836,16.809999465942383,16.850000381469727,4371400,DBC
2018-04-02,14.161079406738281,16.75,16.950000762939453,16.75,16.940000534057617,4823100,DBC
2018-04-03,14.23716926574707,16.84000015258789,16.8700008392334,16.770000457763672,16.81999969482422,2854300,DBC
2018-04-04,14.177989959716797,16.770000457763672,16.850000381469727,16.579999923706055,16.729999542236328,2547400,DBC
2018-04-05,14.245623588562012,16.850000381469727,16.860000610351562,16.729999542236328,16.75,2639300,DBC
2018-04-06,14.144170761108398,16.729999542236328,16.8799991607666,16.690000534057617,16.780000686645508,1521400,DBC
2018-04-09,14.3217134475708,16.940000534057617,16.989999771118164,16.850000381469727,16.850000381469727,1801800,DBC
2018-04-10,14.566887855529785,17.229999542236328,17.239999771118164,17.06999969482422,17.100000381469727,3665900,DBC
2018-04-11,14.676797866821289,17.360000610351562,17.450000762939453,17.229999542236328,17.270000457763672,2567200,DBC
2018-04-12,14.617616653442383,17.290000915527344,17.299999237060547,17.190000534057617,17.229999542236328,2685700,DBC
2018-04-13,14.626070976257324,17.299999237060547,17.360000610351562,17.270000457763672,17.299999237060547,2084300,DBC
2018-04-16,14.575343132019043,17.239999771118164,17.350000381469727,17.229999542236328,17.329999923706055,2116200,DBC
2018-04-17,14.5837984085083,17.25,17.270000457763672,17.15999984741211,17.209999084472656,1824000,DBC
2018-04-18,14.854338645935059,17.56999969482422,17.579999923706055,17.399999618530273,17.479999542236328,2904200,DBC
2018-04-19,14.795158386230469,17.5,17.6200008392334,17.450000762939453,17.610000610351562,1997600,DBC
2018-04-20,14.769794464111328,17.469999313354492,17.520000457763672,17.350000381469727,17.399999618530273,1981000,DBC
2018-04-23,14.761341094970703,17.459999084472656,17.469999313354492,17.299999237060547,17.350000381469727,2094000,DBC
2018-04-24,14.685250282287598,17.3700008392334,17.5,17.350000381469727,17.420000076293945,1724100,DBC
2018-04-25,14.710614204406738,17.399999618530273,17.43000030517578,17.290000915527344,17.350000381469727,1745900,DBC
2018-04-26,14.786703109741211,17.489999771118164,17.510000228881836,17.40999984741211,17.5,2550400,DBC
2018-04-27,14.778250694274902,17.479999542236328,17.510000228881836,17.399999618530273,17.420000076293945,1519700,DBC
2018-04-30,14.845885276794434,17.559999465942383,17.68000030517578,17.40999984741211,17.440000534057617,2875400,DBC
2018-05-01,14.761341094970703,17.459999084472656,17.510000228881836,17.3799991607666,17.469999313354492,2598700,DBC
2018-05-02,14.761341094970703,17.459999084472656,17.540000915527344,17.389999389648438,17.43000030517578,2170000,DBC
2018-05-03,14.854338645935059,17.56999969482422,17.56999969482422,17.399999618530273,17.459999084472656,2117500,DBC
2018-05-04,14.955791473388672,17.690000534057617,17.729999542236328,17.530000686645508,17.549999237060547,1602700,DBC
2018-05-07,14.94733715057373,17.68000030517578,17.799999237060547,17.649999618530273,17.760000228881836,1544800,DBC
2018-05-08,14.989607810974121,17.729999542236328,17.790000915527344,17.40999984741211,17.780000686645508,4060900,DBC
2018-05-09,15.1248779296875,17.889999389648438,17.93000030517578,17.780000686645508,17.81999969482422,5029300,DBC
2018-05-10,15.200967788696289,17.979999542236328,17.989999771118164,17.829999923706055,17.93000030517578,2579600,DBC
2018-05-11,15.107970237731934,17.8700008392334,17.950000762939453,17.8700008392334,17.950000762939453,1407800,DBC
2018-05-14,15.217877388000488,18.0,18.010000228881836,17.899999618530273,17.899999618530273,2200600,DBC
2018-05-15,15.234785079956055,18.020000457763672,18.06999969482422,17.90999984741211,17.989999771118164,2064900,DBC
2018-05-16,15.319330215454102,18.1200008392334,18.1200008392334,17.969999313354492,18.010000228881836,2955100,DBC
2018-05-17,15.336238861083984,18.139999389648438,18.260000228881836,18.110000610351562,18.170000076293945,1644800,DBC
2018-05-18,15.34469223022461,18.149999618530273,18.219999313354492,18.139999389648438,18.149999618530273,1696500,DBC
2018-05-21,15.463053703308105,18.290000915527344,18.309999465942383,18.139999389648438,18.200000762939453,2535700,DBC
2018-05-22,15.479961395263672,18.309999465942383,18.469999313354492,18.309999465942383,18.389999389648438,2626500,DBC
2018-05-23,15.564506530761719,18.40999984741211,18.40999984741211,18.209999084472656,18.299999237060547,1879300,DBC
2018-05-24,15.463053703308105,18.290000915527344,18.40999984741211,18.290000915527344,18.389999389648438,1139800,DBC
2018-05-25,15.234785079956055,18.020000457763672,18.139999389648438,17.989999771118164,18.139999389648438,2612300,DBC
2018-05-29,15.091060638427734,17.850000381469727,17.989999771118164,17.799999237060547,17.969999313354492,3213300,DBC
2018-05-30,15.285511016845703,18.079999923706055,18.079999923706055,17.899999618530273,17.93000030517578,2398300,DBC
2018-05-31,15.243239402770996,18.030000686645508,18.18000030517578,17.940000534057617,18.09000015258789,2542900,DBC
2018-06-01,15.141786575317383,17.90999984741211,17.969999313354492,17.860000610351562,17.940000534057617,5462200,DBC
2018-06-04,14.964245796203613,17.700000762939453,17.889999389648438,17.700000762939453,17.889999389648438,2920900,DBC
2018-06-05,14.989607810974121,17.729999542236328,17.760000228881836,17.6200008392334,17.670000076293945,3323100,DBC
2018-06-06,15.040336608886719,17.790000915527344,17.81999969482422,17.65999984741211,17.719999313354492,2858700,DBC
2018-06-07,15.09951400756836,17.860000610351562,17.889999389648438,17.780000686645508,17.790000915527344,1890600,DBC
2018-06-08,15.091060638427734,17.850000381469727,17.899999618530273,17.780000686645508,17.860000610351562,3146600,DBC
2018-06-11,15.082606315612793,17.84000015258789,17.8799991607666,17.739999771118164,17.739999771118164,2415000,DBC
2018-06-12,15.074152946472168,17.829999923706055,17.899999618530273,17.770000457763672,17.770000457763672,1092500,DBC
2018-06-13,15.133332252502441,17.899999618530273,17.940000534057617,17.780000686645508,17.790000915527344,1460900,DBC
2018-06-14,14.964245796203613,17.700000762939453,17.8700008392334,17.700000762939453,17.850000381469727,1744500,DBC
2018-06-15,14.600707054138184,17.270000457763672,17.56999969482422,17.25,17.56999969482422,2750500,DBC
2018-06-18,14.727522850036621,17.420000076293945,17.440000534057617,17.299999237060547,17.299999237060547,3837500,DBC
2018-06-19,14.575343132019043,17.239999771118164,17.270000457763672,17.110000610351562,17.209999084472656,3010700,DBC
2018-06-20,14.558433532714844,17.219999313354492,17.31999969482422,17.1299991607666,17.31999969482422,2808300,DBC
2018-06-21,14.448528289794922,17.09000015258789,17.200000762939453,17.09000015258789,17.1200008392334,3421300,DBC
2018-06-22,14.735978126525879,17.43000030517578,17.440000534057617,17.25,17.329999923706055,3181100,DBC
2018-06-25,14.566887855529785,17.229999542236328,17.25,17.139999389648438,17.219999313354492,2988400,DBC
2018-06-26,14.710614204406738,17.399999618530273,17.450000762939453,17.18000030517578,17.280000686645508,4292200,DBC
2018-06-27,14.786703109741211,17.489999771118164,17.6299991607666,17.479999542236328,17.5,1867600,DBC
2018-06-28,14.778250694274902,17.479999542236328,17.600000381469727,17.469999313354492,17.540000915527344,1651600,DBC
2018-06-29,14.94733715057373,17.68000030517578,17.739999771118164,17.579999923706055,17.600000381469727,3603100,DBC
2018-07-02,14.634523391723633,17.309999465942383,17.549999237060547,17.299999237060547,17.540000915527344,3413300,DBC
2018-07-03,14.617616653442383,17.290000915527344,17.479999542236328,17.229999542236328,17.43000030517578,2527500,DBC
2018-07-05,14.70215892791748,17.389999389648438,17.459999084472656,17.299999237060547,17.329999923706055,4223300,DBC
2018-07-06,14.769794464111328,17.469999313354492,17.469999313354492,17.270000457763672,17.270000457763672,1761500,DBC
2018-07-09,14.845885276794434,17.559999465942383,17.59000015258789,17.479999542236328,17.510000228881836,2007100,DBC
2018-07-10,14.812068939208984,17.520000457763672,17.639999389648438,17.489999771118164,17.6200008392334,1342300,DBC
2018-07-11,14.296348571777344,16.90999984741211,17.389999389648438,16.84000015258789,17.3700008392334,3798000,DBC
2018-07-12,14.372438430786133,17.0,17.030000686645508,16.829999923706055,17.020000457763672,3145600,DBC
2018-07-13,14.397804260253906,17.030000686645508,17.1299991607666,16.959999084472656,17.010000228881836,2450400,DBC
2018-07-16,14.093445777893066,16.670000076293945,16.860000610351562,16.639999389648438,16.81999969482422,4408800,DBC
2018-07-17,14.11035442352295,16.690000534057617,16.790000915527344,16.6299991607666,16.6299991607666,3025100,DBC
2018-07-18,14.23716926574707,16.84000015258789,16.8799991607666,16.6200008392334,16.709999084472656,3488500,DBC
2018-07-19,14.220260620117188,16.81999969482422,16.899999618530273,16.690000534057617,16.770000457763672,2929800,DBC
2018-07-20,14.3217134475708,16.940000534057617,16.959999084472656,16.860000610351562,16.899999618530273,2361600,DBC
2018-07-23,14.372438430786133,17.0,17.06999969482422,16.940000534057617,17.0,2301000,DBC
2018-07-24,14.448528289794922,17.09000015258789,17.190000534057617,17.049999237060547,17.049999237060547,1504500,DBC
2018-07-25,14.64297866821289,17.31999969482422,17.31999969482422,17.1299991607666,17.18000030517578,2303800,DBC
2018-07-26,14.64297866821289,17.31999969482422,17.350000381469727,17.270000457763672,17.280000686645508,1723600,DBC
2018-07-27,14.5837984085083,17.25,17.3700008392334,17.219999313354492,17.329999923706055,3142400,DBC
2018-07-30,14.668344497680664,17.350000381469727,17.40999984741211,17.350000381469727,17.360000610351562,2407200,DBC
2018-07-31,14.5837984085083,17.25,17.360000610351562,17.25,17.34000015258789,2495500,DBC
2018-08-01,14.372438430786133,17.0,17.139999389648438,16.969999313354492,17.059999465942383,4856700,DBC
2018-08-02,14.456982612609863,17.100000381469727,17.170000076293945,16.93000030517578,16.950000762939453,2979500,DBC
2018-08-03,14.507709503173828,17.15999984741211,17.209999084472656,17.09000015258789,17.139999389648438,2587000,DBC
2018-08-06,14.533072471618652,17.190000534057617,17.309999465942383,17.18000030517578,17.219999313354492,2542900,DBC
2018-08-07,14.64297866821289,17.31999969482422,17.3799991607666,17.290000915527344,17.350000381469727,2983200,DBC
2018-08-08,14.465436935424805,17.110000610351562,17.31999969482422,17.040000915527344,17.299999237060547,4506800,DBC
2018-08-09,14.406258583068848,17.040000915527344,17.190000534057617,17.030000686645508,17.15999984741211,1749000,DBC
2018-08-10,14.406258583068848,17.040000915527344,17.18000030517578,17.020000457763672,17.040000915527344,2035000,DBC
2018-08-13,14.330168724060059,16.950000762939453,17.010000228881836,16.75,16.969999313354492,2015700,DBC
2018-08-14,14.35552978515625,16.979999542236328,17.110000610351562,16.93000030517578,17.06999969482422,1687600,DBC
2018-08-15,14.042718887329102,16.610000610351562,16.799999237060547,16.559999465942383,16.790000915527344,3239300,DBC
2018-08-16,14.15262508392334,16.739999771118164,16.770000457763672,16.68000030517578,16.68000030517578,2859600,DBC
2018-08-17,14.211806297302246,16.809999465942383,16.889999389648438,16.729999542236328,16.8700008392334,1118000,DBC
2018-08-20,14.23716926574707,16.84000015258789,16.8700008392334,16.770000457763672,16.799999237060547,1456600,DBC
2018-08-21,14.262533187866211,16.8700008392334,16.950000762939453,16.84000015258789,16.920000076293945,1043500,DBC
2018-08-22,14.465436935424805,17.110000610351562,17.149999618530273,16.969999313354492,17.020000457763672,1541200,DBC
2018-08-23,14.44007396697998,17.079999923706055,17.110000610351562,17.0,17.030000686645508,925900,DBC
2018-08-24,14.549979209899902,17.209999084472656,17.34000015258789,17.170000076293945,17.270000457763672,986600,DBC
2018-08-27,14.600707054138184,17.270000457763672,17.280000686645508,17.219999313354492,17.239999771118164,1163400,DBC
2018-08-28,14.541528701782227,17.200000762939453,17.329999923706055,17.18000030517578,17.309999465942383,1116800,DBC
2018-08-29,14.70215892791748,17.389999389648438,17.40999984741211,17.239999771118164,17.290000915527344,1418500,DBC
2018-08-30,14.676797866821289,17.360000610351562,17.43000030517578,17.329999923706055,17.420000076293945,839900,DBC
2018-08-31,14.693704605102539,17.3799991607666,17.469999313354492,17.360000610351562,17.43000030517578,1920100,DBC
2018-09-04,14.609162330627441,17.280000686645508,17.43000030517578,17.25,17.399999618530273,1603700,DBC
2018-09-05,14.549979209899902,17.209999084472656,17.31999969482422,17.190000534057617,17.290000915527344,1674800,DBC
2018-09-06,14.465436935424805,17.110000610351562,17.270000457763672,16.979999542236328,17.229999542236328,1190300,DBC
2018-09-07,14.49925422668457,17.149999618530273,17.15999984741211,17.020000457763672,17.040000915527344,1316100,DBC
2018-09-10,14.549979209899902,17.209999084472656,17.290000915527344,17.15999984741211,17.239999771118164,1532200,DBC
2018-09-11,14.693704605102539,17.3799991607666,17.3799991607666,17.18000030517578,17.200000762939453,1286600,DBC
2018-09-12,14.795158386230469,17.5,17.540000915527344,17.40999984741211,17.420000076293945,1327200,DBC
2018-09-13,14.634523391723633,17.309999465942383,17.469999313354492,17.25,17.450000762939453,2000600,DBC
2018-09-14,14.541528701782227,17.200000762939453,17.34000015258789,17.149999618530273,17.239999771118164,2043100,DBC
2018-09-17,14.524618148803711,17.18000030517578,17.329999923706055,17.170000076293945,17.290000915527344,1285100,DBC
2018-09-18,14.659889221191406,17.34000015258789,17.420000076293945,17.270000457763672,17.350000381469727,864100,DBC
2018-09-19,14.752885818481445,17.450000762939453,17.469999313354492,17.329999923706055,17.34000015258789,1109000,DBC
2018-09-20,14.752885818481445,17.450000762939453,17.510000228881836,17.399999618530273,17.489999771118164,1231300,DBC
2018-09-21,14.786703109741211,17.489999771118164,17.639999389648438,17.420000076293945,17.530000686645508,1500100,DBC
2018-09-24,15.00651741027832,17.75,17.760000228881836,17.649999618530273,17.670000076293945,1442300,DBC
2018-09-25,15.040336608886719,17.790000915527344,17.850000381469727,17.770000457763672,17.799999237060547,2868600,DBC
2018-09-26,14.972698211669922,17.709999084472656,17.81999969482422,17.709999084472656,17.75,945900,DBC
2018-09-27,15.040336608886719,17.790000915527344,17.790000915527344,17.700000762939453,17.770000457763672,1006200,DBC
2018-09-28,15.19251537322998,17.969999313354492,18.020000457763672,17.829999923706055,17.84000015258789,2286600,DBC
2018-10-01,15.479961395263672,18.309999465942383,18.360000610351562,17.969999313354492,17.989999771118164,4332100,DBC
2018-10-02,15.530689239501953,18.3700008392334,18.43000030517578,18.350000381469727,18.3799991607666,2317400,DBC
2018-10-03,15.674415588378906,18.540000915527344,18.649999618530273,18.31999969482422,18.399999618530273,1976100,DBC
2018-10-04,15.505325317382812,18.34000015258789,18.559999465942383,18.260000228881836,18.559999465942383,2786700,DBC
2018-10-05,15.471508979797363,18.299999237060547,18.389999389648438,18.270000457763672,18.34000015258789,1341900,DBC
2018-10-08,15.429235458374023,18.25,18.280000686645508,18.149999618530273,18.15999984741211,1499700,DBC
2018-10-09,15.539142608642578,18.3799991607666,18.420000076293945,18.229999542236328,18.31999969482422,2173900,DBC
2018-10-10,15.234785079956055,18.020000457763672,18.34000015258789,18.020000457763672,18.329999923706055,1954200,DBC
2018-10-11,15.00651741027832,17.75,17.959999084472656,17.729999542236328,17.90999984741211,1826100,DBC
2018-10-12,15.1248779296875,17.889999389648438,17.93000030517578,17.719999313354492,17.899999618530273,2627500,DBC
2018-10-15,15.158696174621582,17.93000030517578,17.969999313354492,17.81999969482422,17.90999984741211,2001200,DBC
2018-10-16,15.22633171081543,18.010000228881836,18.059999465942383,17.8799991607666,17.90999984741211,2118700,DBC
2018-10-17,15.091060638427734,17.850000381469727,17.969999313354492,17.75,17.969999313354492,1069200,DBC
2018-10-18,14.921974182128906,17.649999618530273,17.760000228881836,17.6200008392334,17.65999984741211,1570000,DBC
2018-10-19,15.00651741027832,17.75,17.850000381469727,17.709999084472656,17.760000228881836,1591400,DBC
2018-10-22,15.02342700958252,17.770000457763672,17.780000686645508,17.639999389648438,17.690000534057617,2157700,DBC
2018-10-23,14.693704605102539,17.3799991607666,17.56999969482422,17.31999969482422,17.540000915527344,1995800,DBC
2018-10-24,14.592253684997559,17.260000228881836,17.5,17.260000228881836,17.459999084472656,1916900,DBC
2018-10-25,14.651433944702148,17.329999923706055,17.389999389648438,17.290000915527344,17.31999969482422,2336500,DBC
2018-10-26,14.761341094970703,17.459999084472656,17.489999771118164,17.219999313354492,17.239999771118164,1710100,DBC
2018-10-29,14.609162330627441,17.280000686645508,17.440000534057617,17.260000228881836,17.389999389648438,2465000,DBC
2018-10-30,14.533072471618652,17.190000534057617,17.290000915527344,17.1200008392334,17.1200008392334,1801800,DBC
2018-10-31,14.338619232177734,16.959999084472656,17.209999084472656,16.959999084472656,17.1200008392334,3968100,DBC
2018-11-01,14.23716926574707,16.84000015258789,17.09000015258789,16.799999237060547,17.040000915527344,5848300,DBC
2018-11-02,14.203351974487305,16.799999237060547,16.920000076293945,16.760000228881836,16.84000015258789,3516200,DBC
2018-11-05,14.194897651672363,16.790000915527344,16.959999084472656,16.770000457763672,16.889999389648438,2586100,DBC
2018-11-06,14.13571834564209,16.719999313354492,16.850000381469727,16.610000610351562,16.829999923706055,1736200,DBC
2018-11-07,14.101901054382324,16.68000030517578,16.829999923706055,16.639999389648438,16.809999465942383,1654200,DBC
2018-11-08,14.017355918884277,16.579999923706055,16.700000762939453,16.530000686645508,16.670000076293945,1991300,DBC
2018-11-09,13.865177154541016,16.399999618530273,16.5,16.329999923706055,16.389999389648438,2247800,DBC
2018-11-12,13.83135986328125,16.360000610351562,16.579999923706055,16.329999923706055,16.5,3247500,DBC
2018-11-13,13.450911521911621,15.90999984741211,16.31999969482422,15.850000381469727,16.290000915527344,3285700,DBC
2018-11-14,13.5692720413208,16.049999237060547,16.170000076293945,16.020000457763672,16.100000381469727,3499400,DBC
2018-11-15,13.54391098022461,16.020000457763672,16.170000076293945,15.989999771118164,16.170000076293945,1760000,DBC
2018-11-16,13.628456115722656,16.1200008392334,16.25,16.020000457763672,16.190000534057617,1802700,DBC
2018-11-19,13.628456115722656,16.1200008392334,16.149999618530273,15.9399995803833,16.030000686645508,1678200,DBC
2018-11-20,13.214191436767578,15.630000114440918,15.979999542236328,15.569999694824219,15.9399995803833,2164600,DBC
2018-11-21,13.324097633361816,15.760000228881836,15.920000076293945,15.710000038146973,15.75,3988300,DBC
2018-11-23,12.935195922851562,15.300000190734863,15.359999656677246,15.220000267028809,15.329999923706055,1521600,DBC
2018-11-26,12.994375228881836,15.369999885559082,15.4399995803833,15.329999923706055,15.350000381469727,2780200,DBC
2018-11-27,12.943650245666504,15.3100004196167,15.399999618530273,15.149999618530273,15.319999694824219,2497000,DBC
2018-11-28,12.901376724243164,15.260000228881836,15.449999809265137,15.229999542236328,15.3100004196167,1709200,DBC
2018-11-29,12.985920906066895,15.359999656677246,15.449999809265137,15.289999961853027,15.319999694824219,1863300,DBC
2018-11-30,12.926740646362305,15.289999961853027,15.40999984741211,15.149999618530273,15.210000038146973,2578700,DBC
2018-12-03,13.222644805908203,15.640000343322754,15.699999809265137,15.539999961853027,15.670000076293945,4590000,DBC
2018-12-04,13.231098175048828,15.649999618530273,15.800000190734863,15.640000343322754,15.720000267028809,2919800,DBC
2018-12-06,13.12119197845459,15.520000457763672,15.550000190734863,15.300000190734863,15.449999809265137,2707900,DBC
2018-12-07,13.273370742797852,15.699999809265137,15.9399995803833,15.680000305175781,15.800000190734863,2498500,DBC
2018-12-10,13.06201171875,15.449999809265137,15.649999618530273,15.420000076293945,15.5600004196167,1736400,DBC
2018-12-11,13.138100624084473,15.539999961853027,15.649999618530273,15.510000228881836,15.619999885559082,1623000,DBC
2018-12-12,13.09582805633545,15.489999771118164,15.670000076293945,15.479999542236328,15.609999656677246,1910700,DBC
2018-12-13,13.264915466308594,15.6899995803833,15.720000267028809,15.430000305175781,15.460000038146973,1654500,DBC
2018-12-14,13.06201171875,15.449999809265137,15.579999923706055,15.430000305175781,15.579999923706055,1109700,DBC
2018-12-17,12.909832954406738,15.270000457763672,15.529999732971191,15.260000228881836,15.510000228881836,1269400,DBC
2018-12-18,12.639291763305664,14.949999809265137,15.279999732971191,14.899999618530273,15.270000457763672,2744300,DBC
2018-12-19,12.690017700195312,15.010000228881836,15.1899995803833,14.949999809265137,15.020000457763672,3280800,DBC
2018-12-20,12.571657180786133,14.869999885559082,15.039999961853027,14.850000381469727,14.979999542236328,3308000,DBC
2018-12-21,12.461750030517578,14.739999771118164,14.84000015258789,14.680000305175781,14.760000228881836,7323500,DBC
2018-12-24,12.323867797851562,14.390000343322754,14.5600004196167,14.390000343322754,14.510000228881836,1525700,DBC
2018-12-26,12.597920417785645,14.710000038146973,14.729999542236328,14.359999656677246,14.369999885559082,2943700,DBC
2018-12-27,12.478021621704102,14.569999694824219,14.579999923706055,14.420000076293945,14.539999961853027,4315400,DBC
2018-12-28,12.375251770019531,14.449999809265137,14.520000457763672,14.390000343322754,14.489999771118164,1603200,DBC
2018-12-31,12.40950870513916,14.489999771118164,14.520000457763672,14.34000015258789,14.5,2988500,DBC
2019-01-02,12.443765640258789,14.529999732971191,14.75,14.319999694824219,14.319999694824219,2071100,DBC
2019-01-03,12.54653549194336,14.649999618530273,14.680000305175781,14.449999809265137,14.640000343322754,1389700,DBC
2019-01-04,12.717819213867188,14.850000381469727,14.960000038146973,14.770000457763672,14.8100004196167,1332200,DBC
2019-01-07,12.812026023864746,14.960000038146973,15.09000015258789,14.930000305175781,14.960000038146973,1581700,DBC
2019-01-08,12.9404878616333,15.109999656677246,15.130000114440918,15.010000228881836,15.0600004196167,1741600,DBC
2019-01-09,13.19741439819336,15.40999984741211,15.4399995803833,15.220000267028809,15.25,1156500,DBC
2019-01-10,13.16315746307373,15.369999885559082,15.420000076293945,15.289999961853027,15.34000015258789,772500,DBC
2019-01-11,13.120335578918457,15.319999694824219,15.40999984741211,15.270000457763672,15.34000015258789,856100,DBC
2019-01-14,13.009000778198242,15.1899995803833,15.350000381469727,15.180000305175781,15.270000457763672,891300,DBC
2019-01-15,13.111771583557129,15.3100004196167,15.350000381469727,15.239999771118164,15.289999961853027,1121500,DBC
2019-01-16,13.180286407470703,15.390000343322754,15.399999618530273,15.270000457763672,15.350000381469727,947400,DBC
2019-01-17,13.188849449157715,15.399999618530273,15.4399995803833,15.239999771118164,15.300000190734863,670200,DBC
2019-01-18,13.32587718963623,15.5600004196167,15.600000381469727,15.399999618530273,15.460000038146973,776000,DBC
2019-01-22,13.231670379638672,15.449999809265137,15.470000267028809,15.34000015258789,15.449999809265137,804500,DBC
2019-01-23,13.214543342590332,15.430000305175781,15.510000228881836,15.350000381469727,15.489999771118164,867000,DBC
2019-01-24,13.248799324035645,15.470000267028809,15.5,15.390000343322754,15.399999618530273,3660800,DBC
2019-01-25,13.317313194274902,15.550000190734863,15.579999923706055,15.4399995803833,15.470000267028809,1388900,DBC
2019-01-28,13.137465476989746,15.34000015258789,15.369999885559082,15.279999732971191,15.359999656677246,1823300,DBC
2019-01-29,13.265928268432617,15.489999771118164,15.539999961853027,15.430000305175781,15.430000305175781,920400,DBC
2019-01-30,13.360133171081543,15.600000381469727,15.670000076293945,15.550000190734863,15.569999694824219,1732900,DBC
2019-01-31,13.291621208190918,15.520000457763672,15.729999542236328,15.470000267028809,15.680000305175781,32974700,DBC
2019-02-01,13.411519050598145,15.65999984741211,15.699999809265137,15.550000190734863,15.550000190734863,3166900,DBC
2019-02-04,13.420083045959473,15.670000076293945,15.670000076293945,15.449999809265137,15.529999732971191,1188800,DBC
2019-02-05,13.360133171081543,15.600000381469727,15.670000076293945,15.569999694824219,15.579999923706055,2187800,DBC
2019-02-06,13.377262115478516,15.619999885559082,15.65999984741211,15.520000457763672,15.550000190734863,1735100,DBC
2019-02-07,13.248799324035645,15.470000267028809,15.59000015258789,15.350000381469727,15.59000015258789,1839500,DBC
2019-02-08,13.265928268432617,15.489999771118164,15.520000457763672,15.390000343322754,15.510000228881836,3938100,DBC
2019-02-11,13.188849449157715,15.399999618530273,15.430000305175781,15.3100004196167,15.369999885559082,1288700,DBC
2019-02-12,13.265928268432617,15.489999771118164,15.569999694824219,15.470000267028809,15.550000190734863,1062100,DBC
2019-02-13,13.343005180358887,15.579999923706055,15.619999885559082,15.529999732971191,15.550000190734863,1191900,DBC
2019-02-14,13.377262115478516,15.619999885559082,15.640000343322754,15.520000457763672,15.5600004196167,1258800,DBC
2019-02-15,13.62562370300293,15.90999984741211,15.920000076293945,15.739999771118164,15.770000457763672,1474500,DBC
2019-02-19,13.659879684448242,15.949999809265137,15.970000267028809,15.869999885559082,15.890000343322754,853800,DBC
2019-02-20,13.702702522277832,16.0,16.079999923706055,15.90999984741211,15.920000076293945,1029600,DBC
2019-02-21,13.745521545410156,16.049999237060547,16.06999969482422,16.020000457763672,16.049999237060547,805200,DBC
2019-02-22,13.779778480529785,16.09000015258789,16.149999618530273,16.06999969482422,16.139999389648438,785000,DBC
2019-02-25,13.574238777160645,15.850000381469727,16.030000686645508,15.829999923706055,16.030000686645508,1154700,DBC
2019-02-26,13.634187698364258,15.920000076293945,15.949999809265137,15.859999656677246,15.890000343322754,2666100,DBC
2019-02-27,13.702702522277832,16.0,16.059999465942383,15.930000305175781,15.970000267028809,1051100,DBC
2019-02-28,13.668445587158203,15.960000038146973,16.030000686645508,15.920000076293945,15.979999542236328,667100,DBC
2019-03-01,13.514289855957031,15.779999732971191,15.979999542236328,15.729999542236328,15.949999809265137,950400,DBC
2019-03-04,13.557110786437988,15.829999923706055,15.949999809265137,15.770000457763672,15.890000343322754,1271600,DBC
2019-03-05,13.62562370300293,15.90999984741211,15.90999984741211,15.819999694824219,15.890000343322754,1212200,DBC
2019-03-06,13.548545837402344,15.819999694824219,15.869999885559082,15.779999732971191,15.84000015258789,718000,DBC
2019-03-07,13.514289855957031,15.779999732971191,15.850000381469727,15.770000457763672,15.84000015258789,382600,DBC
2019-03-08,13.505724906921387,15.770000457763672,15.770000457763672,15.5600004196167,15.640000343322754,837800,DBC
2019-03-11,13.522852897644043,15.789999961853027,15.819999694824219,15.720000267028809,15.8100004196167,1000600,DBC
2019-03-12,13.60849666595459,15.890000343322754,15.90999984741211,15.819999694824219,15.850000381469727,648000,DBC
2019-03-13,13.694137573242188,15.989999771118164,16.020000457763672,15.920000076293945,15.930000305175781,1040900,DBC
2019-03-14,13.634187698364258,15.920000076293945,16.030000686645508,15.920000076293945,16.0,665300,DBC
2019-03-15,13.634187698364258,15.920000076293945,15.979999542236328,15.829999923706055,15.829999923706055,894500,DBC
2019-03-18,13.702702522277832,16.0,16.030000686645508,15.960000038146973,15.979999542236328,696400,DBC
2019-03-19,13.736958503723145,16.040000915527344,16.110000610351562,15.989999771118164,16.09000015258789,1094400,DBC
2019-03-20,13.839728355407715,16.15999984741211,16.18000030517578,16.030000686645508,16.049999237060547,959100,DBC
2019-03-21,13.771215438842773,16.079999923706055,16.139999389648438,16.040000915527344,16.110000610351562,1087400,DBC
2019-03-22,13.65131664276123,15.9399995803833,15.989999771118164,15.850000381469727,15.979999542236328,884700,DBC
2019-03-25,13.702702522277832,16.0,16.040000915527344,15.880000114440918,15.899999618530273,1141400,DBC
2019-03-26,13.728394508361816,16.030000686645508,16.079999923706055,15.989999771118164,16.059999465942383,738100,DBC
2019-03-27,13.65131664276123,15.9399995803833,16.020000457763672,15.859999656677246,16.0,1284600,DBC
2019-03-28,13.60849666595459,15.890000343322754,15.899999618530273,15.770000457763672,15.770000457763672,617400,DBC
2019-03-29,13.617058753967285,15.899999618530273,16.010000228881836,15.890000343322754,15.989999771118164,1000300,DBC
2019-04-01,13.745521545410156,16.049999237060547,16.06999969482422,15.989999771118164,16.0,1159700,DBC
2019-04-02,13.779778480529785,16.09000015258789,16.100000381469727,16.010000228881836,16.020000457763672,524900,DBC
2019-04-03,13.796907424926758,16.110000610351562,16.1200008392334,16.030000686645508,16.110000610351562,2335100,DBC
2019-04-04,13.805472373962402,16.1200008392334,16.18000030517578,16.06999969482422,16.079999923706055,921600,DBC
2019-04-05,13.84829330444336,16.170000076293945,16.190000534057617,16.100000381469727,16.1200008392334,1256300,DBC
2019-04-08,13.899677276611328,16.229999542236328,16.25,16.200000762939453,16.209999084472656,914400,DBC
2019-04-09,13.873985290527344,16.200000762939453,16.239999771118164,16.15999984741211,16.209999084472656,772800,DBC
2019-04-10,13.993884086608887,16.34000015258789,16.360000610351562,16.239999771118164,16.25,1062600,DBC
2019-04-11,13.925369262695312,16.260000228881836,16.309999465942383,16.190000534057617,16.299999237060547,723600,DBC
2019-04-12,13.968191146850586,16.309999465942383,16.350000381469727,16.280000686645508,16.309999465942383,872900,DBC
2019-04-15,13.942498207092285,16.280000686645508,16.280000686645508,16.229999542236328,16.280000686645508,597200,DBC
2019-04-16,13.891112327575684,16.219999313354492,16.239999771118164,16.149999618530273,16.18000030517578,852200,DBC
2019-04-17,13.839728355407715,16.15999984741211,16.25,16.15999984741211,16.229999542236328,883700,DBC
2019-04-18,13.882549285888672,16.209999084472656,16.209999084472656,16.139999389648438,16.170000076293945,439800,DBC
2019-04-22,13.95106315612793,16.290000915527344,16.360000610351562,16.270000457763672,16.299999237060547,614000,DBC
2019-04-23,13.968191146850586,16.309999465942383,16.31999969482422,16.25,16.290000915527344,424200,DBC
2019-04-24,13.9168062210083,16.25,16.309999465942383,16.25,16.309999465942383,485700,DBC
2019-04-25,13.891112327575684,16.219999313354492,16.299999237060547,16.209999084472656,16.270000457763672,548300,DBC
2019-04-26,13.728394508361816,16.030000686645508,16.139999389648438,15.949999809265137,16.139999389648438,560700,DBC
2019-04-29,13.736958503723145,16.040000915527344,16.09000015258789,16.010000228881836,16.059999465942383,401200,DBC
2019-04-30,13.779778480529785,16.09000015258789,16.139999389648438,16.010000228881836,16.110000610351562,699400,DBC
2019-05-01,13.736958503723145,16.040000915527344,16.100000381469727,15.949999809265137,16.06999969482422,824200,DBC
2019-05-02,13.582802772521973,15.859999656677246,15.949999809265137,15.789999961853027,15.930000305175781,608000,DBC
2019-05-03,13.591365814208984,15.869999885559082,15.970000267028809,15.869999885559082,15.899999618530273,604600,DBC
2019-05-06,13.634187698364258,15.920000076293945,15.949999809265137,15.779999732971191,15.800000190734863,640800,DBC
2019-05-07,13.462904930114746,15.720000267028809,15.789999961853027,15.670000076293945,15.760000228881836,628700,DBC
2019-05-08,13.480031967163086,15.739999771118164,15.800000190734863,15.670000076293945,15.710000038146973,643000,DBC
2019-05-09,13.411519050598145,15.65999984741211,15.699999809265137,15.600000381469727,15.6899995803833,644800,DBC
2019-05-10,13.437211990356445,15.6899995803833,15.729999542236328,15.649999618530273,15.65999984741211,1217100,DBC
2019-05-13,13.368697166442871,15.609999656677246,15.84000015258789,15.59000015258789,15.8100004196167,457800,DBC
2019-05-14,13.548545837402344,15.819999694824219,15.880000114440918,15.760000228881836,15.760000228881836,486500,DBC
2019-05-15,13.668445587158203,15.960000038146973,16.0,15.859999656677246,15.859999656677246,471000,DBC
2019-05-16,13.745521545410156,16.049999237060547,16.110000610351562,16.040000915527344,16.059999465942383,613700,DBC
2019-05-17,13.617058753967285,15.899999618530273,16.020000457763672,15.899999618530273,16.010000228881836,464900,DBC
2019-05-20,13.677010536193848,15.970000267028809,16.06999969482422,15.930000305175781,15.989999771118164,532100,DBC
2019-05-21,13.685572624206543,15.979999542236328,16.049999237060547,15.949999809265137,15.989999771118164,362200,DBC
2019-05-22,13.48859691619873,15.75,15.949999809265137,15.75,15.890000343322754,799000,DBC
2019-05-23,13.205978393554688,15.420000076293945,15.600000381469727,15.359999656677246,15.569999694824219,1013400,DBC
2019-05-24,13.385826110839844,15.630000114440918,15.630000114440918,15.430000305175781,15.489999771118164,1414600,DBC
2019-05-28,13.497160911560059,15.760000228881836,15.819999694824219,15.710000038146973,15.800000190734863,640600,DBC
2019-05-29,13.445775985717773,15.699999809265137,15.75,15.619999885559082,15.75,885300,DBC
2019-05-30,13.308747291564941,15.539999961853027,15.739999771118164,15.520000457763672,15.720000267028809,846500,DBC
2019-05-31,12.95761775970459,15.130000114440918,15.430000305175781,15.119999885559082,15.350000381469727,2773600,DBC
2019-06-03,12.914795875549316,15.079999923706055,15.279999732971191,15.069999694824219,15.260000228881836,1657900,DBC
2019-06-04,12.991873741149902,15.170000076293945,15.199999809265137,15.079999923706055,15.100000381469727,1112300,DBC
2019-06-05,12.726384162902832,14.859999656677246,15.09000015258789,14.800000190734863,15.09000015258789,1028500,DBC
2019-06-06,12.949051856994629,15.119999885559082,15.130000114440918,14.859999656677246,14.890000343322754,1324800,DBC
2019-06-07,12.991873741149902,15.170000076293945,15.210000038146973,15.029999732971191,15.050000190734863,1710500,DBC
2019-06-10,12.95761775970459,15.130000114440918,15.25,15.100000381469727,15.140000343322754,884900,DBC
2019-06-11,13.043258666992188,15.229999542236328,15.270000457763672,15.130000114440918,15.180000305175781,880500,DBC
2019-06-12,12.863411903381348,15.020000457763672,15.1899995803833,15.010000228881836,15.130000114440918,1619900,DBC
2019-06-13,13.026131629943848,15.210000038146973,15.3100004196167,15.140000343322754,15.300000190734863,1740700,DBC
2019-06-14,13.077516555786133,15.270000457763672,15.329999923706055,15.239999771118164,15.279999732971191,977100,DBC
2019-06-17,13.017566680908203,15.199999809265137,15.289999961853027,15.180000305175781,15.260000228881836,997200,DBC
2019-06-18,13.171721458435059,15.380000114440918,15.449999809265137,15.239999771118164,15.239999771118164,906100,DBC
2019-06-19,13.146029472351074,15.350000381469727,15.399999618530273,15.260000228881836,15.289999961853027,908200,DBC
2019-06-20,13.411519050598145,15.65999984741211,15.670000076293945,15.550000190734863,15.569999694824219,1277900,DBC
2019-06-21,13.445775985717773,15.699999809265137,15.729999542236328,15.649999618530273,15.6899995803833,1107100,DBC
2019-06-24,13.505724906921387,15.770000457763672,15.789999961853027,15.670000076293945,15.720000267028809,656800,DBC
2019-06-25,13.548545837402344,15.819999694824219,15.890000343322754,15.800000190734863,15.84000015258789,803600,DBC
2019-06-26,13.617058753967285,15.899999618530273,16.0,15.880000114440918,15.899999618530273,958200,DBC
2019-06-27,13.617058753967285,15.899999618530273,15.9399995803833,15.880000114440918,15.920000076293945,335000,DBC
2019-06-28,13.471467971801758,15.729999542236328,15.979999542236328,15.6899995803833,15.960000038146973,1702100,DBC
2019-07-01,13.462904930114746,15.720000267028809,15.90999984741211,15.640000343322754,15.890000343322754,869600,DBC
2019-07-02,13.240234375,15.460000038146973,15.6899995803833,15.430000305175781,15.680000305175781,1168600,DBC
2019-07-03,13.368697166442871,15.609999656677246,15.630000114440918,15.529999732971191,15.5600004196167,439600,DBC
2019-07-05,13.394392013549805,15.640000343322754,15.670000076293945,15.59000015258789,15.609999656677246,570100,DBC
2019-07-08,13.377262115478516,15.619999885559082,15.75,15.600000381469727,15.680000305175781,495300,DBC
2019-07-09,13.420083045959473,15.670000076293945,15.670000076293945,15.5600004196167,15.600000381469727,444700,DBC
2019-07-10,13.711264610290527,16.010000228881836,16.040000915527344,15.859999656677246,15.880000114440918,535600,DBC
2019-07-11,13.719829559326172,16.020000457763672,16.06999969482422,15.970000267028809,16.010000228881836,561700,DBC
2019-07-12,13.754085540771484,16.059999465942383,16.09000015258789,16.020000457763672,16.020000457763672,471200,DBC
2019-07-15,13.60849666595459,15.890000343322754,16.06999969482422,15.880000114440918,16.06999969482422,1103100,DBC
2019-07-16,13.462904930114746,15.720000267028809,15.949999809265137,15.600000381469727,15.859999656677246,645400,DBC
2019-07-17,13.343005180358887,15.579999923706055,15.789999961853027,15.579999923706055,15.770000457763672,2313600,DBC
2019-07-18,13.248799324035645,15.470000267028809,15.5600004196167,15.319999694824219,15.5600004196167,832800,DBC
2019-07-19,13.32587718963623,15.5600004196167,15.569999694824219,15.420000076293945,15.479999542236328,628800,DBC
2019-07-22,13.28305721282959,15.510000228881836,15.550000190734863,15.460000038146973,15.5,3117700,DBC
2019-07-23,13.368697166442871,15.609999656677246,15.609999656677246,15.430000305175781,15.479999542236328,807100,DBC
2019-07-24,13.308747291564941,15.539999961853027,15.729999542236328,15.479999542236328,15.640000343322754,1001800,DBC
2019-07-25,13.257363319396973,15.479999542236328,15.619999885559082,15.479999542236328,15.579999923706055,442600,DBC
2019-07-26,13.274493217468262,15.5,15.529999732971191,15.460000038146973,15.489999771118164,472700,DBC
2019-07-29,13.32587718963623,15.5600004196167,15.569999694824219,15.479999542236328,15.5600004196167,1126000,DBC
2019-07-30,13.4029541015625,15.649999618530273,15.670000076293945,15.550000190734863,15.579999923706055,705100,DBC
2019-07-31,13.317313194274902,15.550000190734863,15.710000038146973,15.539999961853027,15.680000305175781,882500,DBC
2019-08-01,12.949051856994629,15.119999885559082,15.449999809265137,15.010000228881836,15.449999809265137,1597100,DBC
2019-08-02,12.966181755065918,15.140000343322754,15.270000457763672,15.140000343322754,15.25,1219600,DBC
2019-08-05,12.854846954345703,15.010000228881836,15.100000381469727,14.970000267028809,14.979999542236328,1871300,DBC
2019-08-06,12.786334037780762,14.930000305175781,15.0600004196167,14.890000343322754,15.050000190734863,622300,DBC
2019-08-07,12.623613357543945,14.739999771118164,14.779999732971191,14.59000015258789,14.779999732971191,2411600,DBC
2019-08-08,12.692126274108887,14.819999694824219,14.859999656677246,14.699999809265137,14.739999771118164,773500,DBC
2019-08-09,12.803461074829102,14.949999809265137,15.010000228881836,14.930000305175781,14.949999809265137,787200,DBC
2019-08-12,12.709254264831543,14.84000015258789,14.979999542236328,14.84000015258789,14.949999809265137,928400,DBC
2019-08-13,13.009000778198242,15.1899995803833,15.229999542236328,14.84000015258789,14.869999885559082,838400,DBC
2019-08-14,12.812026023864746,14.960000038146973,15.029999732971191,14.859999656677246,15.0,1046500,DBC
2019-08-15,12.709254264831543,14.84000015258789,14.920000076293945,14.8100004196167,14.869999885559082,827400,DBC
2019-08-16,12.700691223144531,14.829999923706055,14.90999984741211,14.829999923706055,14.84000015258789,1365600,DBC
2019-08-19,12.760640144348145,14.899999618530273,14.930000305175781,14.850000381469727,14.899999618530273,767100,DBC
2019-08-20,12.79489803314209,14.9399995803833,14.970000267028809,14.84000015258789,14.90999984741211,435500,DBC
2019-08-21,12.837718963623047,14.989999771118164,15.109999656677246,14.970000267028809,15.079999923706055,645700,DBC
2019-08-22,12.777769088745117,14.920000076293945,15.029999732971191,14.899999618530273,14.989999771118164,721900,DBC
2019-08-23,12.683562278747559,14.8100004196167,14.920000076293945,14.75,14.779999732971191,1450900,DBC
2019-08-26,12.674999237060547,14.800000190734863,14.970000267028809,14.779999732971191,14.949999809265137,640700,DBC
2019-08-27,12.760640144348145,14.899999618530273,14.920000076293945,14.800000190734863,14.829999923706055,661400,DBC
2019-08-28,12.87197494506836,15.029999732971191,15.069999694824219,14.989999771118164,15.020000457763672,798100,DBC
2019-08-29,12.906231880187988,15.069999694824219,15.09000015258789,14.989999771118164,15.029999732971191,649400,DBC
2019-08-30,12.700691223144531,14.829999923706055,15.029999732971191,14.8100004196167,15.020000457763672,1565300,DBC
2019-09-03,12.63217830657959,14.75,14.779999732971191,14.640000343322754,14.670000076293945,1240200,DBC
2019-09-04,12.931924819946289,15.100000381469727,15.140000343322754,14.9399995803833,14.949999809265137,406800,DBC
2019-09-05,12.914795875549316,15.079999923706055,15.229999542236328,15.069999694824219,15.15999984741211,813000,DBC
2019-09-06,12.949051856994629,15.119999885559082,15.180000305175781,14.949999809265137,14.979999542236328,849400,DBC
2019-09-09,13.068951606750488,15.260000228881836,15.289999961853027,15.180000305175781,15.199999809265137,761500,DBC
2019-09-10,13.086080551147461,15.279999732971191,15.399999618530273,15.260000228881836,15.289999961853027,1201400,DBC
2019-09-11,12.991873741149902,15.170000076293945,15.359999656677246,15.09000015258789,15.3100004196167,1947800,DBC
2019-09-12,12.9404878616333,15.109999656677246,15.130000114440918,14.960000038146973,14.960000038146973,920000,DBC
2019-09-13,12.9404878616333,15.109999656677246,15.170000076293945,15.079999923706055,15.140000343322754,727600,DBC
2019-09-16,13.514289855957031,15.779999732971191,15.949999809265137,15.65999984741211,15.680000305175781,1777100,DBC
2019-09-17,13.257363319396973,15.479999542236328,15.789999961853027,15.420000076293945,15.779999732971191,2667000,DBC
2019-09-18,13.171721458435059,15.380000114440918,15.489999771118164,15.350000381469727,15.430000305175781,1534100,DBC
2019-09-19,13.240234375,15.460000038146973,15.529999732971191,15.4399995803833,15.510000228881836,520700,DBC
2019-09-20,13.257363319396973,15.479999542236328,15.520000457763672,15.40999984741211,15.479999542236328,532000,DBC
2019-09-23,13.291621208190918,15.520000457763672,15.539999961853027,15.449999809265137,15.479999542236328,511000,DBC
2019-09-24,13.137465476989746,15.34000015258789,15.470000267028809,15.319999694824219,15.470000267028809,739000,DBC
2019-09-25,13.06038761138916,15.25,15.279999732971191,15.170000076293945,15.180000305175781,669300,DBC
2019-09-26,13.06038761138916,15.25,15.289999961853027,15.140000343322754,15.220000267028809,534900,DBC
2019-09-27,13.009000778198242,15.1899995803833,15.25,15.109999656677246,15.109999656677246,631300,DBC
2019-09-30,12.880538940429688,15.039999961853027,15.170000076293945,15.0,15.100000381469727,861500,DBC
2019-10-01,12.87197494506836,15.029999732971191,15.09000015258789,14.970000267028809,15.0600004196167,967400,DBC
2019-10-02,12.760640144348145,14.899999618530273,15.029999732971191,14.84000015258789,15.029999732971191,944400,DBC
2019-10-03,12.743512153625488,14.880000114440918,14.930000305175781,14.729999542236328,14.800000190734863,794600,DBC
2019-10-04,12.846282958984375,15.0,15.020000457763672,14.90999984741211,14.979999542236328,2165000,DBC
2019-10-07,12.829153060913086,14.979999542236328,15.079999923706055,14.960000038146973,15.010000228881836,946100,DBC
2019-10-08,12.82059097290039,14.970000267028809,15.029999732971191,14.890000343322754,14.90999984741211,2715400,DBC
2019-10-09,12.854846954345703,15.010000228881836,15.140000343322754,15.0,15.109999656677246,913400,DBC
2019-10-10,12.9404878616333,15.109999656677246,15.119999885559082,15.050000190734863,15.109999656677246,655900,DBC
2019-10-11,13.094643592834473,15.289999961853027,15.319999694824219,15.170000076293945,15.170000076293945,1416900,DBC
2019-10-14,13.034695625305176,15.220000267028809,15.229999542236328,15.119999885559082,15.1899995803833,506400,DBC
2019-10-15,13.00043773651123,15.180000305175781,15.25,15.140000343322754,15.199999809265137,1054800,DBC
2019-10-16,13.017566680908203,15.199999809265137,15.260000228881836,15.140000343322754,15.140000343322754,599200,DBC
2019-10-17,13.068951606750488,15.260000228881836,15.289999961853027,15.15999984741211,15.1899995803833,1415700,DBC
2019-10-18,13.06038761138916,15.25,15.329999923706055,15.220000267028809,15.300000190734863,1001200,DBC
2019-10-21,13.043258666992188,15.229999542236328,15.239999771118164,15.15999984741211,15.180000305175781,726300,DBC
2019-10-22,13.06038761138916,15.25,15.359999656677246,15.220000267028809,15.300000190734863,2162300,DBC
2019-10-23,13.223106384277344,15.4399995803833,15.460000038146973,15.229999542236328,15.229999542236328,843700,DBC
2019-10-24,13.291621208190918,15.520000457763672,15.5600004196167,15.479999542236328,15.489999771118164,626800,DBC
2019-10-25,13.368697166442871,15.609999656677246,15.609999656677246,15.470000267028809,15.539999961853027,525200,DBC
2019-10-28,13.317313194274902,15.550000190734863,15.640000343322754,15.510000228881836,15.630000114440918,538100,DBC
2019-10-29,13.291621208190918,15.520000457763672,15.59000015258789,15.4399995803833,15.4399995803833,549900,DBC
2019-10-30,13.205978393554688,15.420000076293945,15.529999732971191,15.369999885559082,15.520000457763672,971200,DBC
2019-10-31,13.128899574279785,15.329999923706055,15.380000114440918,15.260000228881836,15.380000114440918,761900,DBC
2019-11-01,13.368697166442871,15.609999656677246,15.649999618530273,15.420000076293945,15.420000076293945,1221500,DBC
2019-11-04,13.454339981079102,15.710000038146973,15.779999732971191,15.6899995803833,15.739999771118164,687600,DBC
2019-11-05,13.48859691619873,15.75,15.789999961853027,15.720000267028809,15.760000228881836,455800,DBC
2019-11-06,13.343005180358887,15.579999923706055,15.770000457763672,15.550000190734863,15.710000038146973,669300,DBC
2019-11-07,13.334440231323242,15.569999694824219,15.65999984741211,15.550000190734863,15.640000343322754,809400,DBC
2019-11-08,13.368697166442871,15.609999656677246,15.609999656677246,15.359999656677246,15.430000305175781,953900,DBC
2019-11-11,13.28305721282959,15.510000228881836,15.59000015258789,15.460000038146973,15.460000038146973,612600,DBC
2019-11-12,13.291621208190918,15.520000457763672,15.569999694824219,15.470000267028809,15.539999961853027,450300,DBC
2019-11-13,13.317313194274902,15.550000190734863,15.569999694824219,15.4399995803833,15.460000038146973,5073800,DBC
2019-11-14,13.274493217468262,15.5,15.609999656677246,15.470000267028809,15.59000015258789,869100,DBC
2019-11-15,13.343005180358887,15.579999923706055,15.640000343322754,15.479999542236328,15.479999542236328,2619500,DBC
2019-11-18,13.205978393554688,15.420000076293945,15.510000228881836,15.390000343322754,15.489999771118164,637100,DBC
2019-11-19,13.086080551147461,15.279999732971191,15.369999885559082,15.260000228881836,15.350000381469727,547000,DBC
2019-11-20,13.257363319396973,15.479999542236328,15.520000457763672,15.329999923706055,15.359999656677246,1007400,DBC
2019-11-21,13.377262115478516,15.619999885559082,15.649999618530273,15.529999732971191,15.529999732971191,598100,DBC
2019-11-22,13.368697166442871,15.609999656677246,15.6899995803833,15.550000190734863,15.649999618530273,846800,DBC
2019-11-25,13.368697166442871,15.609999656677246,15.630000114440918,15.529999732971191,15.550000190734863,474200,DBC
2019-11-26,13.445775985717773,15.699999809265137,15.710000038146973,15.609999656677246,15.640000343322754,480700,DBC
2019-11-27,13.377262115478516,15.619999885559082,15.6899995803833,15.569999694824219,15.680000305175781,583600,DBC
2019-11-29,13.111771583557129,15.3100004196167,15.479999542236328,15.300000190734863,15.479999542236328,546200,DBC
2019-12-02,13.094643592834473,15.289999961853027,15.40999984741211,15.270000457763672,15.390000343322754,1310000,DBC
2019-12-03,13.1032075881958,15.300000190734863,15.359999656677246,15.229999542236328,15.270000457763672,1800300,DBC
2019-12-04,13.308747291564941,15.539999961853027,15.5600004196167,15.460000038146973,15.479999542236328,991200,DBC
2019-12-05,13.334440231323242,15.569999694824219,15.619999885559082,15.520000457763672,15.579999923706055,1011800,DBC
2019-12-06,13.420083045959473,15.670000076293945,15.720000267028809,15.539999961853027,15.539999961853027,1487900,DBC
2019-12-09,13.4029541015625,15.649999618530273,15.6899995803833,15.619999885559082,15.640000343322754,659800,DBC
2019-12-10,13.462904930114746,15.720000267028809,15.75,15.649999618530273,15.65999984741211,565300,DBC
2019-12-11,13.4029541015625,15.649999618530273,15.710000038146973,15.5600004196167,15.699999809265137,861700,DBC
2019-12-12,13.522852897644043,15.789999961853027,15.8100004196167,15.65999984741211,15.65999984741211,1424200,DBC
2019-12-13,13.591365814208984,15.869999885559082,15.979999542236328,15.779999732971191,15.800000190734863,1167600,DBC
2019-12-16,13.685572624206543,15.979999542236328,16.020000457763672,15.960000038146973,15.970000267028809,1753300,DBC
2019-12-17,13.745521545410156,16.049999237060547,16.06999969482422,16.0,16.0,834900,DBC
2019-12-18,13.754085540771484,16.059999465942383,16.100000381469727,16.0,16.09000015258789,1239400,DBC
2019-12-19,13.814034461975098,16.1299991607666,16.149999618530273,16.06999969482422,16.079999923706055,961300,DBC
2019-12-20,13.796907424926758,16.110000610351562,16.149999618530273,16.049999237060547,16.100000381469727,1043100,DBC
2019-12-23,13.80038833618164,15.859999656677246,15.869999885559082,15.789999961853027,15.819999694824219,837500,DBC
2019-12-24,13.861298561096191,15.930000305175781,15.949999809265137,15.859999656677246,15.859999656677246,466200,DBC
2019-12-26,13.965713500976562,16.049999237060547,16.049999237060547,15.970000267028809,15.970000267028809,679200,DBC
2019-12-27,13.991819381713867,16.079999923706055,16.09000015258789,16.020000457763672,16.059999465942383,1250000,DBC
2019-12-30,13.965713500976562,16.049999237060547,16.18000030517578,15.979999542236328,16.15999984741211,976300,DBC
2019-12-31,13.878700256347656,15.949999809265137,16.049999237060547,15.90999984741211,15.949999809265137,806100,DBC
2020-01-02,13.89610481262207,15.970000267028809,16.010000228881836,15.920000076293945,15.970000267028809,3026900,DBC
2020-01-03,14.061429977416992,16.15999984741211,16.25,16.1200008392334,16.229999542236328,3210100,DBC
2020-01-06,14.08753490447998,16.190000534057617,16.299999237060547,16.170000076293945,16.280000686645508,3232100,DBC
2020-01-07,14.078832626342773,16.18000030517578,16.219999313354492,16.1200008392334,16.15999984741211,1924600,DBC
2020-01-08,13.869999885559082,15.9399995803833,16.18000030517578,15.789999961853027,16.170000076293945,2340200,DBC
2020-01-09,13.809088706970215,15.869999885559082,15.890000343322754,15.770000457763672,15.850000381469727,1077900,DBC
2020-01-10,13.809088706970215,15.869999885559082,15.899999618530273,15.8100004196167,15.859999656677246,1877800,DBC
2020-01-13,13.704673767089844,15.75,15.8100004196167,15.710000038146973,15.8100004196167,1264500,DBC
2020-01-14,13.765582084655762,15.819999694824219,15.84000015258789,15.779999732971191,15.819999694824219,1201200,DBC
2020-01-15,13.695971488952637,15.739999771118164,15.779999732971191,15.65999984741211,15.779999732971191,669800,DBC
2020-01-16,13.678569793701172,15.720000267028809,15.770000457763672,15.680000305175781,15.75,1652300,DBC
2020-01-17,13.722075462341309,15.770000457763672,15.770000457763672,15.680000305175781,15.729999542236328,855400,DBC
2020-01-21,13.643763542175293,15.680000305175781,15.729999542236328,15.670000076293945,15.6899995803833,991500,DBC
2020-01-22,13.461034774780273,15.470000267028809,15.600000381469727,15.4399995803833,15.600000381469727,672600,DBC
2020-01-23,13.347916603088379,15.34000015258789,15.359999656677246,15.229999542236328,15.3100004196167,1331600,DBC
2020-01-24,13.147784233093262,15.109999656677246,15.1899995803833,15.0600004196167,15.1899995803833,1368800,DBC
2020-01-27,12.904146194458008,14.829999923706055,14.90999984741211,14.770000457763672,14.84000015258789,2608400,DBC
2020-01-28,12.965055465698242,14.899999618530273,14.970000267028809,14.8100004196167,14.84000015258789,1163300,DBC
2020-01-29,12.904146194458008,14.829999923706055,14.90999984741211,14.800000190734863,14.90999984741211,816700,DBC
2020-01-30,12.791028022766113,14.699999809265137,14.720000267028809,14.5600004196167,14.670000076293945,1849000,DBC
2020-01-31,12.68661117553711,14.579999923706055,14.670000076293945,14.5,14.569999694824219,1786400,DBC
2020-02-03,12.451674461364746,14.3100004196167,14.529999732971191,14.300000190734863,14.460000038146973,3464900,DBC
2020-02-04,12.469077110290527,14.329999923706055,14.470000267028809,14.319999694824219,14.460000038146973,1563100,DBC
2020-02-05,12.660508155822754,14.550000190734863,14.630000114440918,14.5,14.539999961853027,2575100,DBC
2020-02-06,12.712716102600098,14.609999656677246,14.609999656677246,14.479999542236328,14.529999732971191,2496500,DBC
2020-02-07,12.643104553222656,14.529999732971191,14.579999923706055,14.5,14.520000457763672,943000,DBC
2020-02-10,12.529986381530762,14.399999618530273,14.470000267028809,14.380000114440918,14.420000076293945,592900,DBC
2020-02-11,12.573493003845215,14.449999809265137,14.510000228881836,14.430000305175781,14.5,1181900,DBC
2020-02-12,12.747520446777344,14.649999618530273,14.670000076293945,14.59000015258789,14.649999618530273,1150300,DBC
2020-02-13,12.75622272491455,14.65999984741211,14.720000267028809,14.619999885559082,14.670000076293945,759100,DBC
2020-02-14,12.747520446777344,14.649999618530273,14.710000038146973,14.600000381469727,14.680000305175781,1613600,DBC
2020-02-18,12.843236923217773,14.760000228881836,14.779999732971191,14.649999618530273,14.649999618530273,946600,DBC
2020-02-19,12.965055465698242,14.899999618530273,14.90999984741211,14.770000457763672,14.819999694824219,555600,DBC
2020-02-20,12.912846565246582,14.84000015258789,14.960000038146973,14.819999694824219,14.90999984741211,961300,DBC
2020-02-21,12.860639572143555,14.779999732971191,14.789999961853027,14.710000038146973,14.760000228881836,667800,DBC
2020-02-24,12.6170015335083,14.5,14.529999732971191,14.399999618530273,14.479999542236328,769600,DBC
2020-02-25,12.382062911987305,14.229999542236328,14.479999542236328,14.229999542236328,14.470000267028809,1375500,DBC
2020-02-26,12.26024341583252,14.09000015258789,14.300000190734863,14.0600004196167,14.1899995803833,1027000,DBC
2020-02-27,12.051410675048828,13.850000381469727,13.949999809265137,13.739999771118164,13.819999694824219,1869500,DBC
2020-02-28,11.842577934265137,13.609999656677246,13.670000076293945,13.460000038146973,13.619999885559082,1348600,DBC
2020-03-02,12.112319946289062,13.920000076293945,13.930000305175781,13.670000076293945,13.729999542236328,3027700,DBC
2020-03-03,12.138423919677734,13.949999809265137,14.119999885559082,13.850000381469727,13.960000038146973,1575800,DBC
2020-03-04,12.147126197814941,13.960000038146973,14.079999923706055,13.890000343322754,14.050000190734863,1332700,DBC
2020-03-05,12.016605377197266,13.8100004196167,13.970000267028809,13.760000228881836,13.9399995803833,1889400,DBC
2020-03-06,11.625043869018555,13.359999656677246,13.609999656677246,13.289999961853027,13.579999923706055,3233600,DBC
2020-03-09,10.720099449157715,12.319999694824219,12.5600004196167,12.260000228881836,12.319999694824219,2698900,DBC
2020-03-10,11.059453964233398,12.710000038146973,12.760000228881836,12.539999961853027,12.670000076293945,4293300,DBC
2020-03-11,10.859320640563965,12.479999542236328,12.6899995803833,12.470000267028809,12.649999618530273,2488200,DBC
2020-03-12,10.4242525100708,11.979999542236328,12.260000228881836,11.510000228881836,12.010000228881836,4191700,DBC
2020-03-13,10.537371635437012,12.109999656677246,12.300000190734863,11.9399995803833,12.270000457763672,4491600,DBC
2020-03-16,9.90217113494873,11.380000114440918,11.569999694824219,11.199999809265137,11.359999656677246,3153200,DBC
2020-03-17,9.74554443359375,11.199999809265137,11.470000267028809,11.180000305175781,11.369999885559082,5784200,DBC
2020-03-18,9.42359447479248,10.829999923706055,11.020000457763672,10.40999984741211,10.930000305175781,3814000,DBC
2020-03-19,9.623725891113281,11.0600004196167,11.199999809265137,10.720000267028809,10.779999732971191,2311100,DBC
2020-03-20,9.519309997558594,10.9399995803833,11.319999694824219,10.859999656677246,11.319999694824219,1956700,DBC
2020-03-23,9.632426261901855,11.069999694824219,11.109999656677246,10.819999694824219,10.819999694824219,2089600,DBC
2020-03-24,9.84126091003418,11.3100004196167,11.399999618530273,11.220000267028809,11.300000190734863,1040400,DBC
2020-03-25,10.006586074829102,11.5,11.609999656677246,11.300000190734863,11.350000381469727,1486900,DBC
2020-03-26,9.971780776977539,11.460000038146973,11.59000015258789,11.329999923706055,11.470000267028809,1839200,DBC
2020-03-27,9.936976432800293,11.420000076293945,11.489999771118164,11.279999732971191,11.279999732971191,1420300,DBC
2020-03-30,9.910872459411621,11.390000343322754,11.399999618530273,11.180000305175781,11.329999923706055,1668100,DBC
2020-03-31,9.78905200958252,11.25,11.489999771118164,11.220000267028809,11.489999771118164,1218400,DBC
2020-04-01,9.510608673095703,10.930000305175781,11.119999885559082,10.90999984741211,11.109999656677246,1466400,DBC
2020-04-02,9.693337440490723,11.140000343322754,11.5,10.949999809265137,11.050000190734863,1624100,DBC
2020-04-03,9.936976432800293,11.420000076293945,11.449999809265137,11.220000267028809,11.380000114440918,961900,DBC
2020-04-06,9.989182472229004,11.479999542236328,11.539999961853027,11.350000381469727,11.430000305175781,1157200,DBC
2020-04-07,10.058794975280762,11.5600004196167,11.640000343322754,11.4399995803833,11.630000114440918,1923500,DBC
2020-04-08,10.032690048217773,11.529999732971191,11.619999885559082,11.399999618530273,11.550000190734863,1357100,DBC
2020-04-09,10.058794975280762,11.5600004196167,11.84000015258789,11.470000267028809,11.550000190734863,1923500,DBC
2020-04-13,10.23282241821289,11.760000228881836,11.770000457763672,11.600000381469727,11.649999618530273,1351800,DBC
2020-04-14,10.145809173583984,11.65999984741211,11.75,11.600000381469727,11.75,1098000,DBC
2020-04-15,9.936976432800293,11.420000076293945,11.5,11.350000381469727,11.470000267028809,1272200,DBC
2020-04-16,9.910872459411621,11.390000343322754,11.489999771118164,11.289999961853027,11.449999809265137,1522400,DBC
2020-04-17,9.954378128051758,11.4399995803833,11.470000267028809,11.369999885559082,11.390000343322754,1055400,DBC
2020-04-20,9.78905200958252,11.25,11.390000343322754,11.220000267028809,11.229999542236328,2004200,DBC
2020-04-21,9.327878952026367,10.720000267028809,10.899999618530273,10.479999542236328,10.899999618530273,3327800,DBC
2020-04-22,9.458399772644043,10.869999885559082,10.989999771118164,10.760000228881836,10.890000343322754,1321600,DBC
2020-04-23,9.432295799255371,10.84000015258789,11.09000015258789,10.75,11.0,1132000,DBC
2020-04-24,9.310476303100586,10.699999809265137,10.829999923706055,10.630000114440918,10.829999923706055,941300,DBC
2020-04-27,9.13644790649414,10.5,10.569999694824219,10.460000038146973,10.550000190734863,971200,DBC
2020-04-28,9.145150184631348,10.510000228881836,10.59000015258789,10.5,10.550000190734863,956800,DBC
2020-04-29,9.310476303100586,10.699999809265137,10.760000228881836,10.649999618530273,10.720000267028809,802900,DBC
2020-04-30,9.484503746032715,10.899999618530273,10.960000038146973,10.65999984741211,10.8100004196167,1439600,DBC
2020-05-01,9.36268424987793,10.760000228881836,10.829999923706055,10.699999809265137,10.8100004196167,1999800,DBC
2020-05-04,9.475802421569824,10.890000343322754,10.890000343322754,10.65999984741211,10.739999771118164,840900,DBC
2020-05-05,9.719441413879395,11.170000076293945,11.1899995803833,11.029999732971191,11.039999961853027,931900,DBC
2020-05-06,9.528010368347168,10.949999809265137,11.109999656677246,10.859999656677246,11.109999656677246,880900,DBC
2020-05-07,9.588920593261719,11.020000457763672,11.210000038146973,11.0,11.15999984741211,530500,DBC
2020-05-08,9.78905200958252,11.25,11.25,11.069999694824219,11.119999885559082,981600,DBC
2020-05-11,9.65853214263916,11.100000381469727,11.239999771118164,11.039999961853027,11.220000267028809,1083100,DBC
2020-05-12,9.580219268798828,11.010000228881836,11.109999656677246,11.0,11.100000381469727,1232000,DBC
2020-05-13,9.484503746032715,10.899999618530273,11.029999732971191,10.869999885559082,10.989999771118164,571700,DBC
2020-05-14,9.64983081817627,11.09000015258789,11.119999885559082,10.90999984741211,10.90999984741211,490600,DBC
2020-05-15,9.74554443359375,11.199999809265137,11.229999542236328,11.100000381469727,11.210000038146973,830200,DBC
2020-05-18,10.0239896774292,11.520000457763672,11.569999694824219,11.430000305175781,11.449999809265137,1097800,DBC
2020-05-19,9.997884750366211,11.489999771118164,11.569999694824219,11.449999809265137,11.539999961853027,411200,DBC
2020-05-20,10.171913146972656,11.6899995803833,11.710000038146973,11.609999656677246,11.65999984741211,863500,DBC
2020-05-21,10.128405570983887,11.640000343322754,11.739999771118164,11.569999694824219,11.720000267028809,570000,DBC
2020-05-22,10.050094604492188,11.550000190734863,11.59000015258789,11.420000076293945,11.510000228881836,768900,DBC
2020-05-26,10.154510498046875,11.670000076293945,11.729999542236328,11.569999694824219,11.670000076293945,842300,DBC
2020-05-27,10.0239896774292,11.520000457763672,11.59000015258789,11.4399995803833,11.579999923706055,467100,DBC
2020-05-28,10.07619857788086,11.579999923706055,11.6899995803833,11.5,11.529999732971191,678300,DBC
2020-05-29,10.250224113464355,11.779999732971191,11.84000015258789,11.510000228881836,11.550000190734863,1109300,DBC
2020-06-01,10.311136245727539,11.850000381469727,11.850000381469727,11.720000267028809,11.729999542236328,970900,DBC
2020-06-02,10.4242525100708,11.979999542236328,11.979999542236328,11.890000343322754,11.930000305175781,706400,DBC
2020-06-03,10.4242525100708,11.979999542236328,12.039999961853027,11.869999885559082,11.949999809265137,862800,DBC
2020-06-04,10.511266708374023,12.079999923706055,12.140000343322754,11.989999771118164,11.989999771118164,1091400,DBC
2020-06-05,10.720099449157715,12.319999694824219,12.34000015258789,12.260000228881836,12.289999961853027,1500400,DBC
2020-06-08,10.650487899780273,12.239999771118164,12.329999923706055,12.210000038146973,12.3100004196167,1581200,DBC
2020-06-09,10.685294151306152,12.279999732971191,12.329999923706055,12.149999618530273,12.180000305175781,646100,DBC
2020-06-10,10.754905700683594,12.359999656677246,12.4399995803833,12.239999771118164,12.289999961853027,1292000,DBC
2020-06-11,10.40684986114502,11.960000038146973,12.149999618530273,11.90999984741211,12.09000015258789,1122900,DBC
2020-06-12,10.450357437133789,12.010000228881836,12.140000343322754,11.949999809265137,12.079999923706055,693900,DBC
2020-06-15,10.546072959899902,12.119999885559082,12.149999618530273,11.8100004196167,11.859999656677246,652100,DBC
2020-06-16,10.633086204528809,12.220000267028809,12.359999656677246,12.140000343322754,12.279999732971191,891900,DBC
2020-06-17,10.580877304077148,12.15999984741211,12.239999771118164,12.130000114440918,12.180000305175781,540400,DBC
2020-06-18,10.641786575317383,12.229999542236328,12.25,12.140000343322754,12.140000343322754,951700,DBC
2020-06-19,10.728801727294922,12.329999923706055,12.40999984741211,12.199999809265137,12.399999618530273,1605400,DBC
2020-06-22,10.8419189453125,12.460000038146973,12.470000267028809,12.350000381469727,12.380000114440918,939800,DBC
2020-06-23,10.78971004486084,12.399999618530273,12.520000457763672,12.380000114440918,12.479999542236328,745900,DBC
2020-06-24,10.519968032836914,12.09000015258789,12.380000114440918,12.0600004196167,12.359999656677246,1372500,DBC
2020-06-25,10.615682601928711,12.199999809265137,12.199999809265137,12.0600004196167,12.069999694824219,618900,DBC
2020-06-26,10.485162734985352,12.050000190734863,12.140000343322754,12.0,12.140000343322754,738000,DBC
2020-06-29,10.65919017791748,12.25,12.279999732971191,12.119999885559082,12.149999618530273,790600,DBC
2020-06-30,10.71139907836914,12.3100004196167,12.390000343322754,12.210000038146973,12.220000267028809,1118200,DBC
2020-07-01,10.798412322998047,12.40999984741211,12.420000076293945,12.270000457763672,12.380000114440918,1117600,DBC
2020-07-02,10.8419189453125,12.460000038146973,12.529999732971191,12.399999618530273,12.470000267028809,1422000,DBC
2020-07-06,10.928933143615723,12.5600004196167,12.609999656677246,12.520000457763672,12.5600004196167,1475500,DBC
2020-07-07,10.937634468078613,12.569999694824219,12.630000114440918,12.5,12.510000228881836,1142000,DBC
2020-07-08,11.076855659484863,12.729999542236328,12.729999542236328,12.630000114440918,12.649999618530273,819900,DBC
2020-07-09,10.94633674621582,12.579999923706055,12.770000457763672,12.569999694824219,12.760000228881836,747400,DBC
2020-07-10,11.015946388244629,12.65999984741211,12.720000267028809,12.619999885559082,12.619999885559082,661700,DBC
2020-07-13,10.902828216552734,12.529999732971191,12.710000038146973,12.529999732971191,12.680000305175781,805100,DBC
2020-07-14,10.955037117004395,12.59000015258789,12.640000343322754,12.449999809265137,12.470000267028809,653700,DBC
2020-07-15,11.08555793762207,12.739999771118164,12.760000228881836,12.579999923706055,12.619999885559082,1464200,DBC
2020-07-16,10.998543739318848,12.640000343322754,12.710000038146973,12.619999885559082,12.670000076293945,1093600,DBC
2020-07-17,11.015946388244629,12.65999984741211,12.680000305175781,12.5600004196167,12.640000343322754,1712300,DBC
2020-07-20,11.007244110107422,12.649999618530273,12.680000305175781,12.529999732971191,12.609999656677246,783200,DBC
2020-07-21,11.163870811462402,12.829999923706055,12.90999984741211,12.819999694824219,12.829999923706055,2112400,DBC
2020-07-22,11.233481407165527,12.90999984741211,12.9399995803833,12.800000190734863,12.819999694824219,1469200,DBC
2020-07-23,11.207377433776855,12.880000114440918,12.970000267028809,12.819999694824219,12.90999984741211,1032100,DBC
2020-07-24,11.22477912902832,12.899999618530273,12.899999618530273,12.8100004196167,12.869999885559082,702700,DBC
2020-07-27,11.32919692993164,13.020000457763672,13.039999961853027,12.880000114440918,12.989999771118164,1721900,DBC
2020-07-28,11.268285751342773,12.949999809265137,12.989999771118164,12.90999984741211,12.960000038146973,907100,DBC
2020-07-29,11.32919692993164,13.020000457763672,13.050000190734863,12.979999542236328,13.0,815200,DBC
2020-07-30,11.198676109313965,12.869999885559082,12.920000076293945,12.65999984741211,12.859999656677246,1394600,DBC
2020-07-31,11.259584426879883,12.9399995803833,12.960000038146973,12.869999885559082,12.930000305175781,1297300,DBC
2020-08-03,11.372703552246094,13.069999694824219,13.109999656677246,12.970000267028809,13.0,1288100,DBC
2020-08-04,11.433612823486328,13.140000343322754,13.199999809265137,12.979999542236328,13.0,860800,DBC
2020-08-05,11.529328346252441,13.25,13.430000305175781,13.239999771118164,13.40999984741211,1278600,DBC
2020-08-06,11.616342544555664,13.350000381469727,13.390000343322754,13.300000190734863,13.380000114440918,1158700,DBC
2020-08-07,11.459716796875,13.170000076293945,13.260000228881836,13.09000015258789,13.260000228881836,1172900,DBC
2020-08-10,11.520626068115234,13.239999771118164,13.3100004196167,13.210000038146973,13.260000228881836,774900,DBC
2020-08-11,11.337897300720215,13.029999732971191,13.260000228881836,13.029999732971191,13.229999542236328,1284600,DBC
2020-08-12,11.459716796875,13.170000076293945,13.239999771118164,13.149999618530273,13.149999618530273,574400,DBC
2020-08-13,11.520626068115234,13.239999771118164,13.279999732971191,13.1899995803833,13.210000038146973,862100,DBC
2020-08-14,11.520626068115234,13.239999771118164,13.300000190734863,13.199999809265137,13.25,790300,DBC
2020-08-17,11.712057113647461,13.460000038146973,13.460000038146973,13.34000015258789,13.34000015258789,649700,DBC
2020-08-18,11.738161087036133,13.489999771118164,13.529999732971191,13.399999618530273,13.470000267028809,3484400,DBC
2020-08-19,11.70335578918457,13.449999809265137,13.529999732971191,13.430000305175781,13.489999771118164,824600,DBC
2020-08-20,11.685952186584473,13.430000305175781,13.449999809265137,13.270000457763672,13.319999694824219,1992400,DBC
2020-08-21,11.572835922241211,13.300000190734863,13.300000190734863,13.199999809265137,13.279999732971191,828300,DBC
2020-08-24,11.633744239807129,13.369999885559082,13.420000076293945,13.34000015258789,13.399999618530273,1174200,DBC
2020-08-25,11.729459762573242,13.479999542236328,13.489999771118164,13.430000305175781,13.489999771118164,798000,DBC
2020-08-26,11.755563735961914,13.510000228881836,13.529999732971191,13.449999809265137,13.479999542236328,816100,DBC
2020-08-27,11.712057113647461,13.460000038146973,13.550000190734863,13.369999885559082,13.539999961853027,687600,DBC
2020-08-28,11.790369987487793,13.550000190734863,13.569999694824219,13.489999771118164,13.520000457763672,893100,DBC
2020-08-31,11.781667709350586,13.539999961853027,13.600000381469727,13.510000228881836,13.600000381469727,1722200,DBC
2020-09-01,11.799071311950684,13.5600004196167,13.65999984741211,13.539999961853027,13.59000015258789,1436500,DBC
2020-09-02,11.64244556427002,13.380000114440918,13.539999961853027,13.350000381469727,13.539999961853027,1417600,DBC
2020-09-03,11.538029670715332,13.260000228881836,13.3100004196167,13.130000114440918,13.300000190734863,970400,DBC
2020-09-04,11.433612823486328,13.140000343322754,13.270000457763672,13.09000015258789,13.220000267028809,2013400,DBC
2020-09-08,11.155168533325195,12.819999694824219,12.859999656677246,12.699999809265137,12.789999961853027,2071400,DBC
2020-09-09,11.259584426879883,12.9399995803833,12.989999771118164,12.8100004196167,12.859999656677246,1337600,DBC
2020-09-10,11.146467208862305,12.8100004196167,12.989999771118164,12.800000190734863,12.930000305175781,1267700,DBC
2020-09-11,11.22477912902832,12.899999618530273,12.9399995803833,12.84000015258789,12.859999656677246,863000,DBC
2020-09-14,11.233481407165527,12.90999984741211,12.9399995803833,12.850000381469727,12.880000114440918,948500,DBC
2020-09-15,11.294389724731445,12.979999542236328,13.020000457763672,12.890000343322754,12.930000305175781,1055700,DBC
2020-09-16,11.50322437286377,13.220000267028809,13.25,13.069999694824219,13.069999694824219,745900,DBC
2020-09-17,11.633744239807129,13.369999885559082,13.380000114440918,13.119999885559082,13.149999618530273,669800,DBC
2020-09-18,11.685952186584473,13.430000305175781,13.4399995803833,13.34000015258789,13.369999885559082,538700,DBC
2020-09-21,11.398808479309082,13.100000381469727,13.260000228881836,12.960000038146973,13.25,1056400,DBC
2020-09-22,11.346599578857422,13.039999961853027,13.15999984741211,12.970000267028809,13.119999885559082,518600,DBC
2020-09-23,11.21607780456543,12.890000343322754,13.050000190734863,12.880000114440918,13.0,1531100,DBC
2020-09-24,11.268285751342773,12.949999809265137,12.989999771118164,12.8100004196167,12.850000381469727,1222800,DBC
2020-09-25,11.268285751342773,12.949999809265137,12.989999771118164,12.899999618530273,12.920000076293945,622400,DBC
2020-09-28,11.364002227783203,13.0600004196167,13.09000015258789,12.949999809265137,12.989999771118164,799600,DBC
2020-09-29,11.233481407165527,12.90999984741211,13.010000228881836,12.829999923706055,12.979999542236328,583300,DBC
2020-09-30,11.364002227783203,13.0600004196167,13.100000381469727,12.90999984741211,12.9399995803833,1374000,DBC
2020-10-01,11.22477912902832,12.899999618530273,12.979999542236328,12.779999732971191,12.979999542236328,2113900,DBC
2020-10-02,11.08555793762207,12.739999771118164,12.819999694824219,12.640000343322754,12.680000305175781,1360500,DBC
2020-10-05,11.372703552246094,13.069999694824219,13.09000015258789,12.970000267028809,12.970000267028809,1451400,DBC
2020-10-06,11.416210174560547,13.119999885559082,13.279999732971191,13.100000381469727,13.199999809265137,777200,DBC
2020-10-07,11.459716796875,13.170000076293945,13.1899995803833,13.079999923706055,13.15999984741211,715500,DBC
2020-10-08,11.572835922241211,13.300000190734863,13.329999923706055,13.229999542236328,13.289999961853027,1335200,DBC
2020-10-09,11.607641220092773,13.34000015258789,13.420000076293945,13.300000190734863,13.329999923706055,1132400,DBC
2020-10-12,11.485820770263672,13.199999809265137,13.329999923706055,13.170000076293945,13.329999923706055,984300,DBC
2020-10-13,11.511924743652344,13.229999542236328,13.239999771118164,13.15999984741211,13.220000267028809,1044500,DBC
2020-10-14,11.590237617492676,13.319999694824219,13.34000015258789,13.270000457763672,13.279999732971191,564600,DBC
2020-10-15,11.625043869018555,13.359999656677246,13.359999656677246,13.109999656677246,13.140000343322754,574200,DBC
2020-10-16,11.546730995178223,13.270000457763672,13.3100004196167,13.220000267028809,13.25,621800,DBC
2020-10-19,11.555431365966797,13.279999732971191,13.380000114440918,13.270000457763672,13.359999656677246,478900,DBC
2020-10-20,11.685952186584473,13.430000305175781,13.470000267028809,13.300000190734863,13.300000190734863,1144800,DBC
2020-10-21,11.590237617492676,13.319999694824219,13.470000267028809,13.289999961853027,13.399999618530273,558000,DBC
2020-10-22,11.625043869018555,13.359999656677246,13.420000076293945,13.300000190734863,13.329999923706055,575500,DBC
2020-10-23,11.538029670715332,13.260000228881836,13.380000114440918,13.220000267028809,13.359999656677246,1042500,DBC
2020-10-26,11.372703552246094,13.069999694824219,13.170000076293945,13.050000190734863,13.170000076293945,583000,DBC
2020-10-27,11.45101547241211,13.15999984741211,13.220000267028809,13.100000381469727,13.140000343322754,651300,DBC
2020-10-28,11.146467208862305,12.8100004196167,12.869999885559082,12.779999732971191,12.859999656677246,1743800,DBC
2020-10-29,11.007244110107422,12.649999618530273,12.6899995803833,12.479999542236328,12.520000457763672,1007700,DBC
2020-10-30,11.007244110107422,12.649999618530273,12.680000305175781,12.569999694824219,12.670000076293945,2362800,DBC
2020-11-02,11.207377433776855,12.880000114440918,12.890000343322754,12.630000114440918,12.630000114440918,5856300,DBC
2020-11-03,11.27698802947998,12.960000038146973,13.020000457763672,12.920000076293945,13.0,877000,DBC
2020-11-04,11.398808479309082,13.100000381469727,13.140000343322754,12.930000305175781,13.050000190734863,796000,DBC
2020-11-05,11.45101547241211,13.15999984741211,13.289999961853027,13.140000343322754,13.210000038146973,970700,DBC
2020-11-06,11.407508850097656,13.109999656677246,13.180000305175781,13.0600004196167,13.149999618530273,855300,DBC
2020-11-09,11.546730995178223,13.270000457763672,13.460000038146973,13.270000457763672,13.4399995803833,1278500,DBC
2020-11-10,11.772966384887695,13.529999732971191,13.550000190734863,13.380000114440918,13.420000076293945,2037200,DBC
2020-11-11,11.764266014099121,13.520000457763672,13.6899995803833,13.5,13.649999618530273,1591900,DBC
2020-11-12,11.668549537658691,13.40999984741211,13.600000381469727,13.399999618530273,13.569999694824219,1013500,DBC
2020-11-13,11.616342544555664,13.350000381469727,13.4399995803833,13.329999923706055,13.40999984741211,785100,DBC
2020-11-16,11.720759391784668,13.470000267028809,13.5600004196167,13.449999809265137,13.539999961853027,1073600,DBC
2020-11-17,11.755563735961914,13.510000228881836,13.539999961853027,13.399999618530273,13.399999618530273,840300,DBC
2020-11-18,11.772966384887695,13.529999732971191,13.640000343322754,13.529999732971191,13.5600004196167,1260000,DBC
2020-11-19,11.772966384887695,13.529999732971191,13.550000190734863,13.4399995803833,13.479999542236328,632400,DBC
2020-11-20,11.833876609802246,13.600000381469727,13.609999656677246,13.539999961853027,13.5600004196167,879600,DBC
2020-11-23,11.868681907653809,13.640000343322754,13.6899995803833,13.609999656677246,13.65999984741211,1069100,DBC
2020-11-24,12.12102222442627,13.930000305175781,13.979999542236328,13.800000190734863,13.819999694824219,1376500,DBC
2020-11-25,12.225439071655273,14.050000190734863,14.100000381469727,13.960000038146973,14.029999732971191,2317000,DBC
2020-11-27,12.199336051940918,14.020000457763672,14.0600004196167,13.970000267028809,13.989999771118164,803400,DBC
2020-11-30,12.12972354888916,13.9399995803833,14.029999732971191,13.880000114440918,14.029999732971191,2898600,DBC
2020-12-01,12.094917297363281,13.899999618530273,13.989999771118164,13.819999694824219,13.979999542236328,7662200,DBC
2020-12-02,12.147126197814941,13.960000038146973,14.0600004196167,13.84000015258789,13.859999656677246,1188100,DBC
2020-12-03,12.164527893066406,13.979999542236328,14.010000228881836,13.869999885559082,13.930000305175781,1626700,DBC
2020-12-04,12.216737747192383,14.039999961853027,14.100000381469727,13.989999771118164,14.010000228881836,2366700,DBC
2020-12-07,12.216737747192383,14.039999961853027,14.140000343322754,13.9399995803833,13.970000267028809,3676900,DBC
2020-12-08,12.234140396118164,14.0600004196167,14.0600004196167,13.960000038146973,14.029999732971191,1360100,DBC
2020-12-09,12.242841720581055,14.069999694824219,14.140000343322754,13.979999542236328,14.119999885559082,1498800,DBC
2020-12-10,12.425570487976074,14.279999732971191,14.399999618530273,14.199999809265137,14.199999809265137,1009000,DBC
2020-12-11,12.390764236450195,14.239999771118164,14.260000228881836,14.15999984741211,14.220000267028809,1309500,DBC
2020-12-14,12.425570487976074,14.279999732971191,14.3100004196167,14.119999885559082,14.289999961853027,1335300,DBC
2020-12-15,12.521286010742188,14.390000343322754,14.399999618530273,14.3100004196167,14.3100004196167,1110200,DBC
2020-12-16,12.590897560119629,14.470000267028809,14.489999771118164,14.359999656677246,14.430000305175781,964300,DBC
2020-12-17,12.738821029663086,14.640000343322754,14.649999618530273,14.5600004196167,14.600000381469727,1279500,DBC
2020-12-18,12.782326698303223,14.6899995803833,14.739999771118164,14.649999618530273,14.670000076293945,1134900,DBC
2020-12-21,12.651805877685547,14.539999961853027,14.569999694824219,14.380000114440918,14.399999618530273,1503000,DBC
2020-12-22,12.51258373260498,14.380000114440918,14.479999542236328,14.369999885559082,14.4399995803833,1534200,DBC
2020-12-23,12.669208526611328,14.5600004196167,14.649999618530273,14.460000038146973,14.470000267028809,1786400,DBC
2020-12-24,12.70401382446289,14.600000381469727,14.600000381469727,14.510000228881836,14.529999732971191,1268000,DBC
2020-12-28,12.625701904296875,14.510000228881836,14.600000381469727,14.470000267028809,14.59000015258789,2050300,DBC
2020-12-29,12.660508155822754,14.550000190734863,14.579999923706055,14.5,14.529999732971191,1315000,DBC
2020-12-30,12.738821029663086,14.640000343322754,14.6899995803833,14.529999732971191,14.539999961853027,2086800,DBC
2020-12-31,12.791028022766113,14.699999809265137,14.699999809265137,14.569999694824219,14.600000381469727,3678300,DBC
2021-01-04,12.721416473388672,14.619999885559082,14.880000114440918,14.600000381469727,14.84000015258789,5740000,DBC
2021-01-05,13.078173637390137,15.029999732971191,15.079999923706055,14.890000343322754,14.890000343322754,2395800,DBC
2021-01-06,13.095577239990234,15.050000190734863,15.149999618530273,14.970000267028809,15.050000190734863,3370800,DBC
2021-01-07,13.156485557556152,15.119999885559082,15.15999984741211,15.09000015258789,15.109999656677246,2627200,DBC
2021-01-08,13.260903358459473,15.239999771118164,15.260000228881836,15.109999656677246,15.220000267028809,2920300,DBC
2021-01-11,13.16518783569336,15.130000114440918,15.180000305175781,15.029999732971191,15.079999923706055,2247800,DBC
2021-01-12,13.417527198791504,15.420000076293945,15.430000305175781,15.25,15.289999961853027,1635300,DBC
2021-01-13,13.382721900939941,15.380000114440918,15.430000305175781,15.319999694824219,15.390000343322754,1579700,DBC
2021-01-14,13.504542350769043,15.520000457763672,15.539999961853027,15.359999656677246,15.359999656677246,1371400,DBC
2021-01-15,13.3131103515625,15.300000190734863,15.430000305175781,15.25,15.390000343322754,1409600,DBC
2021-01-19,13.35661792755127,15.350000381469727,15.399999618530273,15.3100004196167,15.380000114440918,1516700,DBC
2021-01-20,13.36531925201416,15.359999656677246,15.420000076293945,15.329999923706055,15.399999618530273,1511900,DBC
2021-01-21,13.35661792755127,15.350000381469727,15.399999618530273,15.3100004196167,15.390000343322754,2822900,DBC
2021-01-22,13.13038158416748,15.09000015258789,15.229999542236328,15.069999694824219,15.100000381469727,2413700,DBC
2021-01-25,13.269604682922363,15.25,15.270000457763672,15.069999694824219,15.100000381469727,1596000,DBC
2021-01-26,13.295708656311035,15.279999732971191,15.34000015258789,15.25,15.300000190734863,704100,DBC
2021-01-27,13.260903358459473,15.239999771118164,15.350000381469727,15.130000114440918,15.260000228881836,1166200,DBC
2021-01-28,13.199993133544922,15.170000076293945,15.449999809265137,15.170000076293945,15.399999618530273,2234400,DBC
2021-01-29,13.217394828796387,15.1899995803833,15.359999656677246,15.15999984741211,15.34000015258789,3890600,DBC
2021-02-01,13.469735145568848,15.479999542236328,15.489999771118164,15.260000228881836,15.40999984741211,6799100,DBC
2021-02-02,13.574151992797852,15.600000381469727,15.630000114440918,15.539999961853027,15.600000381469727,2792800,DBC
2021-02-03,13.669867515563965,15.710000038146973,15.75,15.619999885559082,15.630000114440918,3059400,DBC
2021-02-04,13.73947811126709,15.789999961853027,15.789999961853027,15.579999923706055,15.710000038146973,3079800,DBC
2021-02-05,13.809088706970215,15.869999885559082,15.9399995803833,15.829999923706055,15.90999984741211,2757400,DBC
2021-02-08,14.02662467956543,16.1200008392334,16.1200008392334,15.989999771118164,16.0,2896800,DBC
2021-02-09,14.078832626342773,16.18000030517578,16.200000762939453,16.020000457763672,16.110000610351562,2420300,DBC
2021-02-10,14.052728652954102,16.149999618530273,16.200000762939453,16.110000610351562,16.200000762939453,2043300,DBC
2021-02-11,14.02662467956543,16.1200008392334,16.229999542236328,16.100000381469727,16.209999084472656,1515800,DBC
2021-02-12,14.200652122497559,16.31999969482422,16.34000015258789,16.1299991607666,16.139999389648438,2500100,DBC
2021-02-16,14.392082214355469,16.540000915527344,16.540000915527344,16.399999618530273,16.450000762939453,4066300,DBC
2021-02-17,14.435588836669922,16.59000015258789,16.600000381469727,16.40999984741211,16.459999084472656,2987500,DBC
2021-02-18,14.383381843566895,16.530000686645508,16.670000076293945,16.489999771118164,16.670000076293945,1672900,DBC
2021-02-19,14.374678611755371,16.520000457763672,16.700000762939453,16.479999542236328,16.610000610351562,1918000,DBC
2021-02-22,14.696630477905273,16.889999389648438,16.940000534057617,16.68000030517578,16.700000762939453,3947900,DBC
2021-02-23,14.766240119934082,16.969999313354492,17.0,16.739999771118164,16.850000381469727,3308200,DBC
2021-02-24,14.992476463317871,17.229999542236328,17.229999542236328,17.010000228881836,17.030000686645508,4457800,DBC
2021-02-25,14.870657920837402,17.09000015258789,17.209999084472656,17.09000015258789,17.15999984741211,3457100,DBC
2021-02-26,14.55740737915039,16.729999542236328,16.979999542236328,16.719999313354492,16.959999084472656,5138100,DBC
2021-03-01,14.435588836669922,16.59000015258789,16.84000015258789,16.510000228881836,16.799999237060547,6419900,DBC
2021-03-02,14.496500015258789,16.65999984741211,16.84000015258789,16.6200008392334,16.670000076293945,4257900,DBC
2021-03-03,14.583512306213379,16.760000228881836,16.84000015258789,16.65999984741211,16.729999542236328,4502700,DBC
2021-03-04,14.809748649597168,17.020000457763672,17.15999984741211,16.75,16.809999465942383,4591800,DBC
2021-03-05,15.114297866821289,17.3700008392334,17.3799991607666,17.18000030517578,17.260000228881836,5416000,DBC
2021-03-08,14.905462265014648,17.1299991607666,17.270000457763672,17.1299991607666,17.260000228881836,4591600,DBC
2021-03-09,14.905462265014648,17.1299991607666,17.25,17.100000381469727,17.219999313354492,2144700,DBC
2021-03-10,15.001178741455078,17.239999771118164,17.25,17.079999923706055,17.170000076293945,1408000,DBC
2021-03-11,15.227415084838867,17.5,17.5,17.290000915527344,17.34000015258789,3588700,DBC
2021-03-12,15.157804489135742,17.420000076293945,17.479999542236328,17.360000610351562,17.399999618530273,1264900,DBC
2021-03-15,15.105596542358398,17.360000610351562,17.399999618530273,17.239999771118164,17.329999923706055,2926800,DBC
2021-03-16,15.044684410095215,17.290000915527344,17.350000381469727,17.190000534057617,17.270000457763672,1620800,DBC
2021-03-17,15.044684410095215,17.290000915527344,17.309999465942383,17.149999618530273,17.260000228881836,2061200,DBC
2021-03-18,14.331172943115234,16.469999313354492,17.079999923706055,16.350000381469727,17.049999237060547,5431200,DBC
2021-03-19,14.64442253112793,16.829999923706055,16.860000610351562,16.459999084472656,16.579999923706055,2894400,DBC
2021-03-22,14.618316650390625,16.799999237060547,16.899999618530273,16.770000457763672,16.850000381469727,2651300,DBC
2021-03-23,14.209352493286133,16.329999923706055,16.65999984741211,16.309999465942383,16.479999542236328,4158000,DBC
2021-03-24,14.583512306213379,16.760000228881836,16.829999923706055,16.579999923706055,16.579999923706055,1831500,DBC
2021-03-25,14.252860069274902,16.3799991607666,16.56999969482422,16.290000915527344,16.540000915527344,2188400,DBC
2021-03-26,14.592214584350586,16.770000457763672,16.809999465942383,16.68000030517578,16.700000762939453,2163600,DBC
2021-03-29,14.609618186950684,16.790000915527344,16.790000915527344,16.559999465942383,16.68000030517578,1683700,DBC
2021-03-30,14.374678611755371,16.520000457763672,16.649999618530273,16.5,16.59000015258789,2385700,DBC
2021-03-31,14.45299243927002,16.610000610351562,16.799999237060547,16.5,16.5,3731200,DBC
2021-04-01,14.696630477905273,16.889999389648438,16.940000534057617,16.59000015258789,16.81999969482422,4793200,DBC
2021-04-05,14.479096412658691,16.639999389648438,16.829999923706055,16.469999313354492,16.780000686645508,1756700,DBC
2021-04-06,14.531305313110352,16.700000762939453,16.93000030517578,16.690000534057617,16.829999923706055,1831300,DBC
2021-04-07,14.574810981750488,16.75,16.770000457763672,16.56999969482422,16.700000762939453,2050700,DBC
2021-04-08,14.653121948242188,16.84000015258789,16.84000015258789,16.68000030517578,16.760000228881836,1903100,DBC
2021-04-09,14.60091495513916,16.780000686645508,16.829999923706055,16.75,16.790000915527344,1550300,DBC
2021-04-12,14.609618186950684,16.790000915527344,16.899999618530273,16.739999771118164,16.8700008392334,1461500,DBC
2021-04-13,14.766240119934082,16.969999313354492,16.969999313354492,16.8799991607666,16.889999389648438,1825100,DBC
2021-04-14,15.105596542358398,17.360000610351562,17.420000076293945,17.1200008392334,17.1299991607666,3684800,DBC
2021-04-15,15.201309204101562,17.469999313354492,17.489999771118164,17.34000015258789,17.420000076293945,1568800,DBC
2021-04-16,15.175206184387207,17.440000534057617,17.510000228881836,17.420000076293945,17.489999771118164,1226900,DBC
2021-04-19,15.192607879638672,17.459999084472656,17.549999237060547,17.440000534057617,17.479999542236328,1981600,DBC
2021-04-20,15.166505813598633,17.43000030517578,17.59000015258789,17.290000915527344,17.549999237060547,2692100,DBC
2021-04-21,15.105596542358398,17.360000610351562,17.489999771118164,17.219999313354492,17.239999771118164,1869800,DBC
2021-04-22,15.227415084838867,17.5,17.530000686645508,17.360000610351562,17.450000762939453,1663700,DBC
2021-04-23,15.349233627319336,17.639999389648438,17.639999389648438,17.459999084472656,17.479999542236328,5932200,DBC
2021-04-26,15.453648567199707,17.760000228881836,17.780000686645508,17.549999237060547,17.56999969482422,2750200,DBC
2021-04-27,15.584171295166016,17.90999984741211,17.93000030517578,17.760000228881836,17.850000381469727,2426600,DBC
2021-04-28,15.610276222229004,17.940000534057617,18.06999969482422,17.860000610351562,17.889999389648438,5241800,DBC
2021-04-29,15.714692115783691,18.059999465942383,18.149999618530273,17.93000030517578,18.149999618530273,3353900,DBC
2021-04-30,15.584171295166016,17.90999984741211,17.93000030517578,17.770000457763672,17.829999923706055,4693900,DBC
2021-05-03,15.758198738098145,18.110000610351562,18.15999984741211,18.040000915527344,18.079999923706055,6074800,DBC
2021-05-04,16.001834869384766,18.389999389648438,18.399999618530273,18.239999771118164,18.329999923706055,3464200,DBC
2021-05-05,16.062746047973633,18.459999084472656,18.549999237060547,18.399999618530273,18.489999771118164,6495800,DBC
2021-05-06,16.14105796813965,18.549999237060547,18.579999923706055,18.43000030517578,18.540000915527344,4525900,DBC
2021-05-07,16.297683715820312,18.729999542236328,18.729999542236328,18.510000228881836,18.579999923706055,6180400,DBC
2021-05-10,16.184566497802734,18.600000381469727,18.860000610351562,18.520000457763672,18.850000381469727,3358800,DBC
2021-05-11,16.358592987060547,18.799999237060547,18.84000015258789,18.549999237060547,18.549999237060547,7764600,DBC
2021-05-12,16.341190338134766,18.780000686645508,18.969999313354492,18.75,18.809999465942383,8831300,DBC
2021-05-13,15.888718605041504,18.260000228881836,18.520000457763672,18.18000030517578,18.43000030517578,5844100,DBC
2021-05-14,16.01923942565918,18.40999984741211,18.530000686645508,18.3700008392334,18.489999771118164,4489200,DBC
2021-05-17,16.219369888305664,18.639999389648438,18.639999389648438,18.5,18.520000457763672,5056200,DBC
2021-05-18,16.14105796813965,18.549999237060547,18.729999542236328,18.3799991607666,18.670000076293945,3729300,DBC
2021-05-19,15.810406684875488,18.170000076293945,18.260000228881836,17.959999084472656,18.229999542236328,5161000,DBC
2021-05-20,15.645079612731934,17.979999542236328,18.200000762939453,17.940000534057617,18.139999389648438,2828400,DBC
2021-05-21,15.793004035949707,18.149999618530273,18.18000030517578,18.079999923706055,18.15999984741211,3046300,DBC
2021-05-24,16.01053810119629,18.399999618530273,18.420000076293945,18.18000030517578,18.209999084472656,2823500,DBC
2021-05-25,15.958330154418945,18.34000015258789,18.43000030517578,18.299999237060547,18.389999389648438,1694600,DBC
2021-05-26,15.984435081481934,18.3700008392334,18.420000076293945,18.190000534057617,18.299999237060547,1948600,DBC
2021-05-27,16.236774444580078,18.65999984741211,18.65999984741211,18.440000534057617,18.459999084472656,1361800,DBC
2021-05-28,16.184566497802734,18.600000381469727,18.690000534057617,18.540000915527344,18.670000076293945,2356100,DBC
2021-06-01,16.471712112426758,18.93000030517578,19.110000610351562,18.799999237060547,18.959999084472656,5825900,DBC
2021-06-02,16.558725357055664,19.030000686645508,19.040000915527344,18.90999984741211,19.010000228881836,4525400,DBC
2021-06-03,16.419504165649414,18.8700008392334,19.010000228881836,18.770000457763672,19.010000228881836,3802100,DBC
2021-06-04,16.602231979370117,19.079999923706055,19.139999389648438,19.0,19.06999969482422,2921400,DBC
2021-06-07,16.628337860107422,19.110000610351562,19.190000534057617,19.079999923706055,19.18000030517578,2377800,DBC
2021-06-08,16.793663024902344,19.299999237060547,19.299999237060547,19.049999237060547,19.100000381469727,2150600,DBC
2021-06-09,16.715351104736328,19.209999084472656,19.31999969482422,19.149999618530273,19.290000915527344,2003400,DBC
2021-06-10,16.776260375976562,19.280000686645508,19.34000015258789,19.040000915527344,19.31999969482422,2445900,DBC
2021-06-11,16.724048614501953,19.219999313354492,19.229999542236328,19.1200008392334,19.209999084472656,1722800,DBC
2021-06-14,16.628337860107422,19.110000610351562,19.18000030517578,19.040000915527344,19.059999465942383,3407400,DBC
2021-06-15,16.558725357055664,19.030000686645508,19.06999969482422,18.959999084472656,19.020000457763672,2385600,DBC
2021-06-16,16.463010787963867,18.920000076293945,19.149999618530273,18.889999389648438,18.979999542236328,4255900,DBC
2021-06-17,16.03664207458496,18.43000030517578,18.850000381469727,18.350000381469727,18.809999465942383,7251100,DBC
2021-06-18,16.201967239379883,18.6200008392334,18.700000762939453,18.5,18.510000228881836,4187000,DBC
2021-06-21,16.402101516723633,18.850000381469727,18.899999618530273,18.549999237060547,18.56999969482422,3340200,DBC
2021-06-22,16.428205490112305,18.8799991607666,18.959999084472656,18.84000015258789,18.8799991607666,3515400,DBC
2021-06-23,16.532621383666992,19.0,19.15999984741211,19.0,19.06999969482422,2234300,DBC
2021-06-24,16.593530654907227,19.06999969482422,19.06999969482422,18.8700008392334,18.90999984741211,2091300,DBC
2021-06-25,16.5239200592041,18.989999771118164,19.1200008392334,18.770000457763672,19.110000610351562,4566600,DBC
2021-06-28,16.515220642089844,18.979999542236328,19.030000686645508,18.940000534057617,19.0,3188400,DBC
2021-06-29,16.593530654907227,19.06999969482422,19.149999618530273,18.989999771118164,19.059999465942383,1575100,DBC
2021-06-30,16.75015640258789,19.25,19.34000015258789,18.950000762939453,19.040000915527344,2906700,DBC
2021-07-01,16.811065673828125,19.31999969482422,19.59000015258789,19.290000915527344,19.579999923706055,4725900,DBC
2021-07-02,16.967689514160156,19.5,19.510000228881836,19.260000228881836,19.3700008392334,1730200,DBC
2021-07-06,16.506515502929688,18.969999313354492,19.43000030517578,18.84000015258789,19.360000610351562,3977200,DBC
2021-07-07,16.306385040283203,18.739999771118164,19.049999237060547,18.610000610351562,18.989999771118164,3163300,DBC
2021-07-08,16.445606231689453,18.899999618530273,18.90999984741211,18.649999618530273,18.729999542236328,4342400,DBC
2021-07-09,16.63703727722168,19.1200008392334,19.149999618530273,19.0,19.0,2181600,DBC
2021-07-12,16.663143157958984,19.149999618530273,19.149999618530273,18.93000030517578,18.989999771118164,2063700,DBC
2021-07-13,16.8023624420166,19.309999465942383,19.3700008392334,19.1299991607666,19.18000030517578,2406200,DBC
2021-07-14,16.63703727722168,19.1200008392334,19.40999984741211,19.010000228881836,19.3700008392334,1751100,DBC
2021-07-15,16.550024032592773,19.020000457763672,19.170000076293945,19.010000228881836,19.030000686645508,2706400,DBC
2021-07-16,16.550024032592773,19.020000457763672,19.18000030517578,18.940000534057617,19.15999984741211,2345400,DBC
2021-07-19,15.888718605041504,18.260000228881836,18.75,18.18000030517578,18.75,4636800,DBC
2021-07-20,16.123659133911133,18.530000686645508,18.540000915527344,18.190000534057617,18.31999969482422,6219100,DBC
2021-07-21,16.445606231689453,18.899999618530273,18.950000762939453,18.649999618530273,18.719999313354492,2844600,DBC
2021-07-22,16.576128005981445,19.049999237060547,19.110000610351562,18.84000015258789,18.940000534057617,2426000,DBC
2021-07-23,16.663143157958984,19.149999618530273,19.15999984741211,19.049999237060547,19.100000381469727,2245300,DBC
2021-07-26,16.784961700439453,19.290000915527344,19.290000915527344,19.100000381469727,19.110000610351562,1425900,DBC
2021-07-27,16.689245223999023,19.18000030517578,19.360000610351562,19.110000610351562,19.299999237060547,2214200,DBC
2021-07-28,16.767559051513672,19.270000457763672,19.34000015258789,19.229999542236328,19.260000228881836,1190700,DBC
2021-07-29,17.063405990600586,19.610000610351562,19.610000610351562,19.40999984741211,19.440000534057617,1740300,DBC
2021-07-30,16.967689514160156,19.5,19.579999923706055,19.450000762939453,19.540000915527344,4256400,DBC
2021-08-02,16.784961700439453,19.290000915527344,19.540000915527344,19.149999618530273,19.459999084472656,4450600,DBC
2021-08-03,16.706649780273438,19.200000762939453,19.200000762939453,18.969999313354492,19.030000686645508,2634300,DBC
2021-08-04,16.436904907226562,18.889999389648438,19.079999923706055,18.8700008392334,18.969999313354492,2168900,DBC
2021-08-05,16.680545806884766,19.170000076293945,19.170000076293945,18.969999313354492,18.969999313354492,2162400,DBC
2021-08-06,16.541322708129883,19.010000228881836,19.239999771118164,18.989999771118164,19.209999084472656,1488200,DBC
2021-08-09,16.306385040283203,18.739999771118164,18.770000457763672,18.59000015258789,18.739999771118164,2152000,DBC
2021-08-10,16.602231979370117,19.079999923706055,19.1299991607666,18.850000381469727,18.860000610351562,2366600,DBC
2021-08-11,16.75015640258789,19.25,19.25,18.899999618530273,18.959999084472656,1448800,DBC
2021-08-12,16.689245223999023,19.18000030517578,19.25,19.020000457763672,19.139999389648438,2008900,DBC
2021-08-13,16.593530654907227,19.06999969482422,19.270000457763672,19.06999969482422,19.209999084472656,1434400,DBC
2021-08-16,16.550024032592773,19.020000457763672,19.059999465942383,18.790000915527344,18.90999984741211,1929200,DBC
2021-08-17,16.367294311523438,18.809999465942383,19.020000457763672,18.780000686645508,18.899999618530273,2169600,DBC
2021-08-18,16.175865173339844,18.59000015258789,18.889999389648438,18.579999923706055,18.8700008392334,3905400,DBC
2021-08-19,15.949627876281738,18.329999923706055,18.350000381469727,18.1299991607666,18.280000686645508,5361400,DBC
2021-08-20,15.575469970703125,17.899999618530273,18.18000030517578,17.889999389648438,18.100000381469727,3023100,DBC
2021-08-23,16.14105796813965,18.549999237060547,18.549999237060547,18.3700008392334,18.3700008392334,4885800,DBC
2021-08-24,16.48041343688965,18.940000534057617,18.959999084472656,18.690000534057617,18.709999084472656,4642200,DBC
2021-08-25,16.628337860107422,19.110000610351562,19.149999618530273,18.90999984741211,18.979999542236328,2171600,DBC
2021-08-26,16.49781608581543,18.959999084472656,19.079999923706055,18.8700008392334,18.979999542236328,1958000,DBC
2021-08-27,16.706649780273438,19.200000762939453,19.209999084472656,19.06999969482422,19.06999969482422,2471300,DBC
2021-08-30,16.767559051513672,19.270000457763672,19.290000915527344,19.1200008392334,19.229999542236328,2648900,DBC
2021-08-31,16.689245223999023,19.18000030517578,19.260000228881836,19.110000610351562,19.170000076293945,2700500,DBC
2021-09-01,16.61093521118164,19.09000015258789,19.170000076293945,18.959999084472656,19.010000228881836,7318700,DBC
2021-09-02,16.8023624420166,19.309999465942383,19.459999084472656,19.309999465942383,19.34000015258789,1881600,DBC
2021-09-03,16.819765090942383,19.329999923706055,19.450000762939453,19.31999969482422,19.3700008392334,3186600,DBC
2021-09-07,16.628337860107422,19.110000610351562,19.260000228881836,19.100000381469727,19.18000030517578,3736200,DBC
2021-09-08,16.75015640258789,19.25,19.3799991607666,19.200000762939453,19.360000610351562,3000900,DBC
2021-09-09,16.628337860107422,19.110000610351562,19.34000015258789,19.040000915527344,19.1200008392334,1693000,DBC
2021-09-10,16.84587287902832,19.360000610351562,19.43000030517578,19.31999969482422,19.389999389648438,2815100,DBC
2021-09-13,16.976390838623047,19.510000228881836,19.540000915527344,19.40999984741211,19.5,1456200,DBC
2021-09-14,16.967689514160156,19.5,19.59000015258789,19.420000076293945,19.56999969482422,1092200,DBC
2021-09-15,17.246135711669922,19.81999969482422,19.93000030517578,19.770000457763672,19.790000915527344,2364100,DBC
2021-09-16,17.12431526184082,19.68000030517578,19.719999313354492,19.530000686645508,19.700000762939453,1259400,DBC
2021-09-17,16.985092163085938,19.520000457763672,19.6200008392334,19.479999542236328,19.6200008392334,1424600,DBC
2021-09-20,16.784961700439453,19.290000915527344,19.3700008392334,19.139999389648438,19.299999237060547,3369700,DBC
2021-09-21,16.8023624420166,19.309999465942383,19.31999969482422,19.079999923706055,19.280000686645508,1375600,DBC
2021-09-22,16.99379539489746,19.530000686645508,19.6200008392334,19.40999984741211,19.520000457763672,1149600,DBC
2021-09-23,17.25483512878418,19.829999923706055,19.84000015258789,19.59000015258789,19.600000381469727,1654100,DBC
2021-09-24,17.333148956298828,19.920000076293945,19.959999084472656,19.739999771118164,19.770000457763672,2758100,DBC
2021-09-27,17.568086624145508,20.190000534057617,20.239999771118164,20.139999389648438,20.139999389648438,3089100,DBC
2021-09-28,17.428865432739258,20.030000686645508,20.360000610351562,20.010000228881836,20.34000015258789,2147400,DBC
2021-09-29,17.446266174316406,20.049999237060547,20.170000076293945,19.979999542236328,20.030000686645508,2426900,DBC
2021-09-30,17.559385299682617,20.18000030517578,20.309999465942383,19.8700008392334,19.93000030517578,4267200,DBC
2021-10-01,17.794321060180664,20.450000762939453,20.459999084472656,20.170000076293945,20.25,8733700,DBC
2021-10-04,18.08146858215332,20.780000686645508,20.889999389648438,20.6299991607666,20.6299991607666,3955800,DBC
2021-10-05,18.30770492553711,21.040000915527344,21.06999969482422,20.889999389648438,20.90999984741211,2653400,DBC
2021-10-06,18.003154754638672,20.690000534057617,20.809999465942383,20.610000610351562,20.809999465942383,3903400,DBC
2021-10-07,18.22939109802246,20.950000762939453,20.950000762939453,20.559999465942383,20.700000762939453,4295600,DBC
2021-10-08,18.290300369262695,21.020000457763672,21.139999389648438,20.950000762939453,21.049999237060547,2336300,DBC
2021-10-11,18.412120819091797,21.15999984741211,21.299999237060547,21.15999984741211,21.229999542236328,4404100,DBC
2021-10-12,18.412120819091797,21.15999984741211,21.309999465942383,21.110000610351562,21.229999542236328,4446800,DBC
2021-10-13,18.51653480529785,21.280000686645508,21.290000915527344,21.059999465942383,21.149999618530273,4128200,DBC
2021-10-14,18.707963943481445,21.5,21.520000457763672,21.329999923706055,21.479999542236328,3869900,DBC
2021-10-15,18.864591598510742,21.68000030517578,21.75,21.6200008392334,21.700000762939453,2904700,DBC
2021-10-18,18.751474380493164,21.549999237060547,21.84000015258789,21.549999237060547,21.790000915527344,6736000,DBC
2021-10-19,18.794981002807617,21.600000381469727,21.670000076293945,21.420000076293945,21.5,4928600,DBC
2021-10-20,19.003812789916992,21.84000015258789,21.850000381469727,21.479999542236328,21.510000228881836,3467000,DBC
2021-10-21,18.7166690826416,21.510000228881836,21.639999389648438,21.299999237060547,21.59000015258789,3270900,DBC
2021-10-22,18.803682327270508,21.610000610351562,21.670000076293945,21.40999984741211,21.610000610351562,2690800,DBC
2021-10-25,18.899394989013672,21.719999313354492,21.829999923706055,21.700000762939453,21.770000457763672,1764100,DBC
2021-10-26,18.925500869750977,21.75,21.809999465942383,21.65999984741211,21.719999313354492,1605300,DBC
2021-10-27,18.57744598388672,21.350000381469727,21.649999618530273,21.350000381469727,21.520000457763672,4256900,DBC
2021-10-28,18.673158645629883,21.459999084472656,21.469999313354492,21.239999771118164,21.3799991607666,4941600,DBC
2021-10-29,18.57744598388672,21.350000381469727,21.440000534057617,21.190000534057617,21.350000381469727,2848900,DBC
2021-11-01,18.7166690826416,21.510000228881836,21.559999465942383,21.450000762939453,21.510000228881836,3896300,DBC
2021-11-02,18.768875122070312,21.56999969482422,21.6200008392334,21.40999984741211,21.440000534057617,3542900,DBC
2021-11-03,18.290300369262695,21.020000457763672,21.31999969482422,21.0,21.229999542236328,3420100,DBC
2021-11-04,18.177181243896484,20.889999389648438,21.479999542236328,20.799999237060547,21.459999084472656,4825300,DBC
2021-11-05,18.429521560668945,21.18000030517578,21.229999542236328,20.860000610351562,20.979999542236328,6198600,DBC
2021-11-08,18.542638778686523,21.309999465942383,21.31999969482422,21.170000076293945,21.190000534057617,1272300,DBC
2021-11-09,18.690563201904297,21.479999542236328,21.479999542236328,21.190000534057617,21.299999237060547,2392600,DBC
2021-11-10,18.455625534057617,21.209999084472656,21.530000686645508,21.139999389648438,21.450000762939453,3514600,DBC
2021-11-11,18.586149215698242,21.360000610351562,21.479999542236328,21.270000457763672,21.360000610351562,1683700,DBC
2021-11-12,18.560043334960938,21.329999923706055,21.40999984741211,21.260000228881836,21.260000228881836,4009100,DBC
2021-11-15,18.568744659423828,21.34000015258789,21.350000381469727,21.1299991607666,21.18000030517578,2165300,DBC
2021-11-16,18.542638778686523,21.309999465942383,21.40999984741211,21.239999771118164,21.31999969482422,1567400,DBC
2021-11-17,18.3773136138916,21.1200008392334,21.3700008392334,21.040000915527344,21.290000915527344,2240100,DBC
2021-11-18,18.438222885131836,21.190000534057617,21.219999313354492,21.049999237060547,21.18000030517578,1305500,DBC
2021-11-19,18.142377853393555,20.850000381469727,21.079999923706055,20.81999969482422,21.049999237060547,2124100,DBC
2021-11-22,18.27289581298828,21.0,21.09000015258789,20.8799991607666,20.8799991607666,3914700,DBC
2021-11-23,18.60354995727539,21.3799991607666,21.389999389648438,21.110000610351562,21.110000610351562,1886500,DBC
2021-11-24,18.533939361572266,21.299999237060547,21.420000076293945,21.280000686645508,21.34000015258789,3841000,DBC
2021-11-26,17.428865432739258,20.030000686645508,20.600000381469727,19.81999969482422,20.600000381469727,7161900,DBC
2021-11-29,17.428865432739258,20.030000686645508,20.5,19.940000534057617,20.469999313354492,4303700,DBC
2021-11-30,16.950288772583008,19.479999542236328,19.809999465942383,19.209999084472656,19.709999084472656,12056800,DBC
2021-12-01,16.8023624420166,19.309999465942383,19.799999237060547,19.25,19.75,10483200,DBC
2021-12-02,16.950288772583008,19.479999542236328,19.6200008392334,19.200000762939453,19.280000686645508,6338000,DBC
2021-12-03,16.967689514160156,19.5,19.829999923706055,19.399999618530273,19.770000457763672,3766900,DBC
2021-12-06,17.263538360595703,19.84000015258789,19.889999389648438,19.5,19.540000915527344,3801500,DBC
2021-12-07,17.524578094482422,20.139999389648438,20.239999771118164,20.0,20.040000915527344,2440200,DBC
2021-12-08,17.7595157623291,20.40999984741211,20.40999984741211,20.209999084472656,20.219999313354492,2916900,DBC
2021-12-09,17.48977279663086,20.100000381469727,20.299999237060547,20.100000381469727,20.260000228881836,3384400,DBC
2021-12-10,17.689903259277344,20.329999923706055,20.34000015258789,20.200000762939453,20.209999084472656,2684600,DBC
2021-12-13,17.602890014648438,20.229999542236328,20.3799991607666,20.190000534057617,20.329999923706055,4733600,DBC
2021-12-14,17.446266174316406,20.049999237060547,20.1200008392334,19.950000762939453,20.049999237060547,3595500,DBC
2021-12-15,17.533281326293945,20.149999618530273,20.149999618530273,19.8700008392334,20.0,2233000,DBC
2021-12-16,17.637697219848633,20.270000457763672,20.399999618530273,20.18000030517578,20.229999542236328,3215400,DBC
2021-12-17,17.428865432739258,20.030000686645508,20.190000534057617,20.020000457763672,20.170000076293945,3608500,DBC
2021-12-20,17.30704116821289,19.889999389648438,19.90999984741211,19.579999923706055,19.790000915527344,3943100,DBC
2021-12-21,17.672502517700195,20.309999465942383,20.309999465942383,20.06999969482422,20.110000610351562,2507200,DBC
2021-12-22,17.881336212158203,20.549999237060547,20.56999969482422,20.350000381469727,20.3799991607666,2203800,DBC
2021-12-23,17.97705078125,20.65999984741211,20.700000762939453,20.489999771118164,20.549999237060547,2437900,DBC
2021-12-27,18.20328712463379,20.920000076293945,20.979999542236328,20.6200008392334,20.65999984741211,2160500,DBC
2021-12-28,18.168481826782227,20.8799991607666,21.0,20.8700008392334,20.979999542236328,2404800,DBC
2021-12-29,18.2554931640625,20.979999542236328,21.09000015258789,20.81999969482422,20.850000381469727,3236600,DBC
2021-12-30,18.168481826782227,20.8799991607666,21.059999465942383,20.860000610351562,20.969999313354492,1705900,DBC
2021-12-31,18.08146858215332,20.780000686645508,20.940000534057617,20.719999313354492,20.899999618530273,3864400,DBC
2022-01-03,18.151079177856445,20.860000610351562,20.899999618530273,20.68000030517578,20.719999313354492,5301200,DBC
2022-01-04,18.36861228942871,21.110000610351562,21.139999389648438,20.979999542236328,21.0,2987400,DBC
2022-01-05,18.290300369262695,21.020000457763672,21.260000228881836,21.020000457763672,21.200000762939453,7094300,DBC
2022-01-06,18.44692611694336,21.200000762939453,21.25,21.100000381469727,21.200000762939453,4148100,DBC
2022-01-07,18.48172950744629,21.239999771118164,21.25,21.1200008392334,21.200000762939453,2781600,DBC
2022-01-10,18.403419494628906,21.149999618530273,21.229999542236328,21.040000915527344,21.209999084472656,3425400,DBC
2022-01-11,18.76017189025879,21.559999465942383,21.579999923706055,21.18000030517578,21.290000915527344,3553900,DBC
2022-01-12,18.908098220825195,21.729999542236328,21.760000228881836,21.610000610351562,21.670000076293945,3003600,DBC
2022-01-13,18.707963943481445,21.5,21.709999084472656,21.489999771118164,21.709999084472656,2371900,DBC
2022-01-14,18.95160484313965,21.780000686645508,21.790000915527344,21.600000381469727,21.6299991607666,1703400,DBC
2022-01-18,19.09952735900879,21.950000762939453,22.0,21.84000015258789,21.860000610351562,4818300,DBC
2022-01-19,19.20394515991211,22.06999969482422,22.209999084472656,22.040000915527344,22.110000610351562,3655200,DBC
2022-01-20,19.134334564208984,21.989999771118164,22.280000686645508,21.989999771118164,22.1200008392334,4042200,DBC
2022-01-21,19.151735305786133,22.010000228881836,22.1200008392334,21.90999984741211,22.059999465942383,4165300,DBC
2022-01-24,19.10822868347168,21.959999084472656,21.969999313354492,21.6299991607666,21.860000610351562,5620600,DBC
2022-01-25,19.282257080078125,22.15999984741211,22.18000030517578,21.899999618530273,21.940000534057617,5789900,DBC
2022-01-26,19.325763702392578,22.209999084472656,22.43000030517578,22.190000534057617,22.329999923706055,8802300,DBC
2022-01-27,19.421480178833008,22.31999969482422,22.43000030517578,22.18000030517578,22.399999618530273,3957400,DBC
2022-01-28,19.43888282775879,22.34000015258789,22.5,22.239999771118164,22.469999313354492,4511200,DBC
2022-01-31,19.50849151611328,22.420000076293945,22.450000762939453,22.209999084472656,22.43000030517578,3132000,DBC
2022-02-01,19.58680534362793,22.510000228881836,22.530000686645508,22.309999465942383,22.350000381469727,6246100,DBC
2022-02-02,19.665119171142578,22.600000381469727,22.6200008392334,22.450000762939453,22.6200008392334,6241600,DBC
2022-02-03,19.70862579345703,22.649999618530273,22.700000762939453,22.350000381469727,22.3799991607666,3387700,DBC
2022-02-04,19.865249633789062,22.829999923706055,22.920000076293945,22.770000457763672,22.790000915527344,5460400,DBC
2022-02-07,19.908756256103516,22.8799991607666,22.889999389648438,22.760000228881836,22.809999465942383,3394100,DBC
2022-02-08,19.73472785949707,22.68000030517578,22.739999771118164,22.559999465942383,22.709999084472656,3238600,DBC
2022-02-09,19.93486213684082,22.90999984741211,22.920000076293945,22.719999313354492,22.719999313354492,4822700,DBC
2022-02-10,19.8304443359375,22.790000915527344,23.1299991607666,22.75,22.899999618530273,4868300,DBC
2022-02-11,20.12628936767578,23.1299991607666,23.209999084472656,22.829999923706055,22.850000381469727,6965000,DBC
2022-02-14,20.2307071685791,23.25,23.360000610351562,22.959999084472656,23.0,5164900,DBC
2022-02-15,19.900054931640625,22.8700008392334,22.90999984741211,22.700000762939453,22.90999984741211,4104400,DBC
2022-02-16,19.926156997680664,22.899999618530273,23.229999542236328,22.889999389648438,23.059999465942383,3950600,DBC
2022-02-17,20.09148597717285,23.09000015258789,23.1200008392334,22.90999984741211,22.959999084472656,3057600,DBC
2022-02-18,20.169797897338867,23.18000030517578,23.270000457763672,22.93000030517578,22.989999771118164,3306300,DBC
2022-02-22,20.456945419311523,23.510000228881836,23.700000762939453,23.420000076293945,23.649999618530273,4654800,DBC
2022-02-23,20.648372650146484,23.729999542236328,23.850000381469727,23.56999969482422,23.600000381469727,4004400,DBC
2022-02-24,20.735389709472656,23.829999923706055,24.729999542236328,23.610000610351562,24.729999542236328,13349400,DBC
2022-02-25,20.422136306762695,23.469999313354492,23.579999923706055,23.229999542236328,23.489999771118164,8694300,DBC
2022-02-28,20.77019500732422,23.8700008392334,23.989999771118164,23.75,23.889999389648438,10291900,DBC
2022-03-01,21.605525970458984,24.829999923706055,24.8700008392334,24.440000534057617,24.479999542236328,11819800,DBC
2022-03-02,22.31033706665039,25.639999389648438,25.790000915527344,25.020000457763672,25.31999969482422,11672700,DBC
2022-03-03,22.55397605895996,25.920000076293945,26.309999465942383,25.610000610351562,25.709999084472656,15822800,DBC
2022-03-04,23.502426147460938,27.010000228881836,27.18000030517578,26.350000381469727,26.6299991607666,17301000,DBC
2022-03-07,24.015810012817383,27.600000381469727,27.780000686645508,27.06999969482422,27.25,18127300,DBC
2022-03-08,24.424772262573242,28.06999969482422,28.40999984741211,27.149999618530273,28.079999923706055,19913800,DBC
2022-03-09,22.484363555908203,25.84000015258789,26.860000610351562,24.799999237060547,26.75,16680700,DBC
2022-03-10,22.21462059020996,25.530000686645508,26.360000610351562,25.360000610351562,26.299999237060547,8655500,DBC
2022-03-11,22.597482681274414,25.969999313354492,26.1299991607666,25.610000610351562,25.729999542236328,7746400,DBC
2022-03-14,21.936176300048828,25.209999084472656,25.530000686645508,25.030000686645508,25.3700008392334,8335900,DBC
2022-03-15,21.396692276000977,24.59000015258789,24.899999618530273,24.34000015258789,24.530000686645508,12507400,DBC
2022-03-16,21.21396255493164,24.3799991607666,25.049999237060547,24.270000457763672,24.93000030517578,8001000,DBC
2022-03-17,22.232025146484375,25.549999237060547,25.65999984741211,25.25,25.270000457763672,6045000,DBC
2022-03-18,22.336441040039062,25.670000076293945,25.700000762939453,25.40999984741211,25.540000915527344,3562600,DBC
2022-03-21,23.171772003173828,26.6299991607666,26.649999618530273,26.219999313354492,26.25,4170600,DBC
2022-03-22,23.119564056396484,26.56999969482422,26.709999084472656,26.31999969482422,26.610000610351562,4452500,DBC
2022-03-23,23.69385528564453,27.229999542236328,27.389999389648438,27.079999923706055,27.1200008392334,3406900,DBC
2022-03-24,23.458919525146484,26.959999084472656,27.270000457763672,26.8700008392334,27.25,4595200,DBC
2022-03-25,23.632949829101562,27.15999984741211,27.329999923706055,26.780000686645508,26.8799991607666,4694700,DBC
2022-03-28,22.606184005737305,25.979999542236328,26.649999618530273,25.90999984741211,26.479999542236328,5249700,DBC
2022-03-29,22.693199157714844,26.079999923706055,26.09000015258789,25.309999465942383,25.40999984741211,5106800,DBC
2022-03-30,23.102163314819336,26.549999237060547,26.700000762939453,26.420000076293945,26.530000686645508,3669100,DBC
2022-03-31,22.67579460144043,26.059999465942383,26.600000381469727,25.959999084472656,26.389999389648438,4881900,DBC
2022-04-01,22.82371711730957,26.229999542236328,26.34000015258789,26.059999465942383,26.100000381469727,5282100,DBC
2022-04-04,23.258787155151367,26.729999542236328,26.84000015258789,26.5,26.760000228881836,4628700,DBC
2022-04-05,23.06735610961914,26.510000228881836,27.09000015258789,26.450000762939453,26.969999313354492,6250400,DBC
2022-04-06,22.884628295898438,26.299999237060547,26.979999542236328,26.1200008392334,26.860000610351562,3825000,DBC
2022-04-07,22.962942123413086,26.389999389648438,26.420000076293945,25.940000534057617,26.329999923706055,3891900,DBC
2022-04-08,23.25008773803711,26.719999313354492,26.760000228881836,26.329999923706055,26.3799991607666,6044100,DBC
2022-04-11,23.058656692504883,26.5,26.59000015258789,26.280000686645508,26.440000534057617,3558800,DBC
2022-04-12,23.746065139770508,27.290000915527344,27.329999923706055,27.0,27.049999237060547,4192300,DBC
2022-04-13,24.268150329589844,27.889999389648438,27.899999618530273,27.260000228881836,27.530000686645508,6133800,DBC
2022-04-14,24.450878143310547,28.100000381469727,28.229999542236328,27.639999389648438,27.75,5547100,DBC
2022-04-18,24.72932243347168,28.420000076293945,28.75,28.290000915527344,28.399999618530273,7531200,DBC
2022-04-19,24.0941219329834,27.690000534057617,27.8700008392334,27.530000686645508,27.8700008392334,5921200,DBC
2022-04-20,24.120223999023438,27.719999313354492,27.809999465942383,27.360000610351562,27.780000686645508,4145300,DBC
2022-04-21,24.085418701171875,27.68000030517578,27.899999618530273,27.469999313354492,27.75,4061200,DBC
2022-04-22,23.62424659729004,27.149999618530273,27.530000686645508,27.139999389648438,27.43000030517578,4307600,DBC
2022-04-25,23.450218200683594,26.950000762939453,26.989999771118164,26.260000228881836,26.3700008392334,6128600,DBC
2022-04-26,23.77216911315918,27.31999969482422,27.440000534057617,26.81999969482422,27.110000610351562,5365400,DBC
2022-04-27,23.9374942779541,27.510000228881836,27.600000381469727,27.1200008392334,27.170000076293945,3375100,DBC
2022-04-28,24.137624740600586,27.739999771118164,27.780000686645508,27.329999923706055,27.450000762939453,4675300,DBC
2022-04-29,23.954896926879883,27.530000686645508,28.059999465942383,27.479999542236328,27.90999984741211,4323400,DBC
2022-05-02,24.320356369018555,27.950000762939453,27.959999084472656,27.09000015258789,27.260000228881836,5788200,DBC
2022-05-03,23.981000900268555,27.559999465942383,27.940000534057617,27.440000534057617,27.729999542236328,2453000,DBC
2022-05-04,24.72932243347168,28.420000076293945,28.469999313354492,27.920000076293945,28.139999389648438,5276000,DBC
2022-05-05,24.59880256652832,28.270000457763672,28.68000030517578,28.049999237060547,28.649999618530273,4150300,DBC
2022-05-06,24.624902725219727,28.299999237060547,28.43000030517578,27.989999771118164,28.299999237060547,6719000,DBC
2022-05-09,23.511127471923828,27.020000457763672,27.799999237060547,26.959999084472656,27.75,9241900,DBC
2022-05-10,23.371904373168945,26.860000610351562,27.34000015258789,26.829999923706055,27.190000534057617,4717900,DBC
2022-05-11,23.946197509765625,27.520000457763672,27.709999084472656,27.479999542236328,27.489999771118164,4105400,DBC
2022-05-12,24.059314727783203,27.649999618530273,27.68000030517578,27.219999313354492,27.350000381469727,4377500,DBC
2022-05-13,24.38996696472168,28.030000686645508,28.06999969482422,27.700000762939453,27.860000610351562,3611100,DBC
2022-05-16,24.790231704711914,28.489999771118164,28.530000686645508,28.049999237060547,28.110000610351562,7230300,DBC
2022-05-17,24.52048683166504,28.18000030517578,28.6200008392334,28.170000076293945,28.489999771118164,4522600,DBC
2022-05-18,23.989702224731445,27.56999969482422,28.360000610351562,27.489999771118164,28.260000228881836,3436700,DBC
2022-05-19,24.294252395629883,27.920000076293945,28.030000686645508,27.360000610351562,27.3700008392334,3482800,DBC
2022-05-20,24.329055786132812,27.959999084472656,28.1200008392334,27.760000228881836,27.969999313354492,2389600,DBC
2022-05-23,24.51178741455078,28.170000076293945,28.229999542236328,27.8799991607666,28.040000915527344,2386600,DBC
2022-05-24,24.494382858276367,28.149999618530273,28.270000457763672,28.0,28.149999618530273,2591300,DBC
2022-05-25,24.668411254882812,28.350000381469727,28.350000381469727,28.010000228881836,28.15999984741211,2312600,DBC
2022-05-26,24.938154220581055,28.65999984741211,28.770000457763672,28.25,28.309999465942383,3468200,DBC
2022-05-27,25.2340030670166,29.0,29.020000457763672,28.56999969482422,28.6200008392334,2431600,DBC
2022-05-31,25.059972763061523,28.799999237060547,29.530000686645508,28.579999923706055,29.440000534057617,3508300,DBC
2022-06-01,25.181795120239258,28.940000534057617,29.18000030517578,28.899999618530273,29.059999465942383,3099400,DBC
2022-06-02,25.756084442138672,29.600000381469727,29.610000610351562,29.059999465942383,29.219999313354492,3133500,DBC
2022-06-03,25.999723434448242,29.8799991607666,29.8799991607666,29.389999389648438,29.469999313354492,2228600,DBC
2022-06-06,26.11284065246582,30.010000228881836,30.09000015258789,29.790000915527344,29.90999984741211,3154800,DBC
2022-06-07,26.286867141723633,30.209999084472656,30.219999313354492,29.850000381469727,29.90999984741211,3388300,DBC
2022-06-08,26.521806716918945,30.479999542236328,30.600000381469727,30.229999542236328,30.260000228881836,5112500,DBC
2022-06-09,26.565311431884766,30.530000686645508,30.639999389648438,30.260000228881836,30.260000228881836,3821700,DBC
2022-06-10,26.304269790649414,30.229999542236328,30.389999389648438,29.959999084472656,30.350000381469727,3215800,DBC
2022-06-13,26.0084228515625,29.889999389648438,30.190000534057617,29.3799991607666,29.989999771118164,6268600,DBC
2022-06-14,25.72127914428711,29.559999465942383,30.09000015258789,29.350000381469727,29.959999084472656,5818200,DBC
2022-06-15,25.73868179321289,29.579999923706055,29.920000076293945,29.489999771118164,29.600000381469727,5532800,DBC
2022-06-16,25.85179901123047,29.709999084472656,29.860000610351562,29.31999969482422,29.549999237060547,4229000,DBC
2022-06-17,24.929452896118164,28.649999618530273,29.440000534057617,28.399999618530273,29.399999618530273,6746300,DBC
2022-06-21,24.86854362487793,28.579999923706055,29.049999237060547,28.479999542236328,28.829999923706055,4766800,DBC
2022-06-22,24.424772262573242,28.06999969482422,28.34000015258789,27.6299991607666,27.700000762939453,8211800,DBC
2022-06-23,23.8765869140625,27.440000534057617,28.170000076293945,27.43000030517578,28.100000381469727,8788400,DBC
2022-06-24,24.102821350097656,27.700000762939453,27.860000610351562,27.399999618530273,27.59000015258789,3507100,DBC
2022-06-27,24.050613403320312,27.639999389648438,27.829999923706055,27.3700008392334,27.610000610351562,6080400,DBC
2022-06-28,24.337757110595703,27.969999313354492,28.010000228881836,27.6299991607666,27.709999084472656,2065800,DBC
2022-06-29,23.92009162902832,27.489999771118164,28.239999771118164,27.479999542236328,28.1299991607666,1902000,DBC
2022-06-30,23.18047523498535,26.639999389648438,27.270000457763672,26.579999923706055,27.229999542236328,5156300,DBC
2022-07-01,23.293596267700195,26.770000457763672,27.059999465942383,26.600000381469727,27.0,7726200,DBC
2022-07-05,21.727346420288086,24.969999313354492,26.06999969482422,24.829999923706055,26.06999969482422,10118900,DBC
2022-07-06,21.4053955078125,24.600000381469727,24.989999771118164,24.329999923706055,24.889999389648438,8203400,DBC
2022-07-07,22.29293441772461,25.6200008392334,25.829999923706055,25.270000457763672,25.280000686645508,4708300,DBC
2022-07-08,22.684494018554688,26.06999969482422,26.110000610351562,25.59000015258789,25.860000610351562,3934600,DBC
2022-07-11,22.6409912109375,26.020000457763672,26.15999984741211,25.81999969482422,26.09000015258789,3606800,DBC
2022-07-12,21.614227294921875,24.84000015258789,25.479999542236328,24.809999465942383,25.350000381469727,6427300,DBC
2022-07-13,21.736045837402344,24.979999542236328,25.309999465942383,24.829999923706055,24.90999984741211,2853400,DBC
2022-07-14,21.53591537475586,24.75,24.8700008392334,24.18000030517578,24.469999313354492,4524900,DBC
2022-07-15,21.81435775756836,25.06999969482422,25.170000076293945,24.790000915527344,24.979999542236328,3972800,DBC
2022-07-18,22.223325729370117,25.540000915527344,25.8700008392334,25.489999771118164,25.700000762939453,1735000,DBC
2022-07-19,22.31033706665039,25.639999389648438,25.700000762939453,25.260000228881836,25.260000228881836,3203200,DBC
2022-07-20,22.29293441772461,25.6200008392334,25.719999313354492,25.450000762939453,25.56999969482422,1915200,DBC
2022-07-21,21.91877555847168,25.190000534057617,25.360000610351562,25.0,25.079999923706055,6044500,DBC
2022-07-22,21.657733917236328,24.889999389648438,25.399999618530273,24.8799991607666,25.1200008392334,1279800,DBC
2022-07-25,22.049293518066406,25.34000015258789,25.3700008392334,25.040000915527344,25.190000534057617,5301100,DBC
2022-07-26,22.092802047729492,25.389999389648438,25.799999237060547,25.34000015258789,25.729999542236328,6002000,DBC
2022-07-27,22.597482681274414,25.969999313354492,26.030000686645508,25.469999313354492,25.6299991607666,2638200,DBC
2022-07-28,22.614887237548828,25.989999771118164,26.190000534057617,25.81999969482422,26.170000076293945,2202400,DBC
2022-07-29,22.719303131103516,26.110000610351562,26.610000610351562,26.09000015258789,26.350000381469727,2209000,DBC
2022-08-01,22.258129119873047,25.579999923706055,25.649999618530273,25.290000915527344,25.450000762939453,4076300,DBC
2022-08-02,22.14501190185547,25.450000762939453,25.84000015258789,25.43000030517578,25.610000610351562,2800000,DBC
2022-08-03,21.95357894897461,25.229999542236328,25.729999542236328,25.06999969482422,25.649999618530273,3368500,DBC
2022-08-04,21.71864128112793,24.959999084472656,25.260000228881836,24.84000015258789,25.09000015258789,5345100,DBC
2022-08-05,21.64033317565918,24.8700008392334,25.229999542236328,24.610000610351562,24.639999389648438,3481600,DBC
2022-08-08,21.901371002197266,25.170000076293945,25.18000030517578,24.81999969482422,24.81999969482422,2992600,DBC
2022-08-09,22.0841007232666,25.3799991607666,25.610000610351562,25.280000686645508,25.43000030517578,2038500,DBC
2022-08-10,22.388648986816406,25.729999542236328,25.799999237060547,25.170000076293945,25.420000076293945,2280800,DBC
2022-08-11,22.82371711730957,26.229999542236328,26.31999969482422,25.899999618530273,26.040000915527344,5550100,DBC
2022-08-12,22.7018985748291,26.09000015258789,26.190000534057617,25.899999618530273,26.059999465942383,2575200,DBC
2022-08-15,22.4234561920166,25.770000457763672,25.799999237060547,25.280000686645508,25.31999969482422,3170400,DBC
2022-08-16,22.17111587524414,25.479999542236328,25.989999771118164,25.399999618530273,25.850000381469727,2842600,DBC
2022-08-17,22.258129119873047,25.579999923706055,25.729999542236328,25.3700008392334,25.510000228881836,2840700,DBC
2022-08-18,22.597482681274414,25.969999313354492,26.049999237060547,25.700000762939453,25.799999237060547,4864500,DBC
2022-08-19,22.58877944946289,25.959999084472656,26.18000030517578,25.75,25.899999618530273,3590800,DBC
2022-08-22,22.78891372680664,26.190000534057617,26.209999084472656,25.59000015258789,25.81999969482422,3868200,DBC
2022-08-23,23.163074493408203,26.6200008392334,26.760000228881836,26.420000076293945,26.420000076293945,4384600,DBC
2022-08-24,23.40671157836914,26.899999618530273,26.899999618530273,26.520000457763672,26.709999084472656,3093500,DBC
2022-08-25,23.076059341430664,26.520000457763672,26.979999542236328,26.450000762939453,26.979999542236328,2066000,DBC
2022-08-26,23.171772003173828,26.6299991607666,26.709999084472656,26.350000381469727,26.510000228881836,3105500,DBC
2022-08-29,23.511127471923828,27.020000457763672,27.040000915527344,26.59000015258789,26.670000076293945,6205300,DBC
2022-08-30,22.8585262298584,26.270000457763672,26.6200008392334,26.059999465942383,26.530000686645508,4292100,DBC
2022-08-31,22.37994956970215,25.719999313354492,26.1200008392334,25.719999313354492,25.8799991607666,4977600,DBC
2022-09-01,21.901371002197266,25.170000076293945,25.489999771118164,25.1200008392334,25.350000381469727,8110700,DBC
2022-09-02,22.049293518066406,25.34000015258789,25.6200008392334,25.31999969482422,25.530000686645508,4586500,DBC
2022-09-06,21.91877555847168,25.190000534057617,25.5,25.190000534057617,25.43000030517578,3453700,DBC
2022-09-07,21.396692276000977,24.59000015258789,25.09000015258789,24.579999923706055,24.8700008392334,7838800,DBC
2022-09-08,21.483707427978516,24.690000534057617,24.850000381469727,24.479999542236328,24.709999084472656,5282300,DBC
2022-09-09,22.092802047729492,25.389999389648438,25.40999984741211,25.049999237060547,25.059999465942383,1327900,DBC
2022-09-12,22.39735221862793,25.739999771118164,25.860000610351562,25.579999923706055,25.65999984741211,1868500,DBC
2022-09-13,22.28423500061035,25.610000610351562,25.790000915527344,25.290000915527344,25.670000076293945,3863300,DBC
2022-09-14,22.37994956970215,25.719999313354492,25.850000381469727,25.59000015258789,25.709999084472656,1561600,DBC
2022-09-15,21.727346420288086,24.969999313354492,25.239999771118164,24.850000381469727,25.239999771118164,2106300,DBC
2022-09-16,21.649032592773438,24.8799991607666,25.059999465942383,24.809999465942383,24.979999542236328,2035500,DBC
2022-09-19,21.71864128112793,24.959999084472656,24.989999771118164,24.389999389648438,24.469999313354492,2213800,DBC
2022-09-20,21.69253921508789,24.93000030517578,25.0,24.719999313354492,24.889999389648438,1815900,DBC
2022-09-21,21.56201934814453,24.780000686645508,25.18000030517578,24.65999984741211,25.1299991607666,1647700,DBC
2022-09-22,21.622928619384766,24.850000381469727,25.239999771118164,24.790000915527344,25.170000076293945,1770300,DBC
2022-09-23,20.892011642456055,24.010000228881836,24.1200008392334,23.8799991607666,24.079999923706055,3885200,DBC
2022-09-26,20.404735565185547,23.450000762939453,24.1200008392334,23.420000076293945,23.90999984741211,5110900,DBC
2022-09-27,20.622272491455078,23.700000762939453,24.010000228881836,23.6299991607666,23.799999237060547,2834800,DBC
2022-09-28,21.19655990600586,24.360000610351562,24.3700008392334,23.81999969482422,23.8799991607666,2314300,DBC
2022-09-29,21.0660400390625,24.209999084472656,24.399999618530273,24.06999969482422,24.350000381469727,2066100,DBC
2022-09-30,20.80499839782715,23.90999984741211,24.25,23.84000015258789,24.020000457763672,3947600,DBC
2022-10-03,21.274873733520508,24.450000762939453,24.549999237060547,24.270000457763672,24.450000762939453,6326900,DBC
2022-10-04,21.849164962768555,25.110000610351562,25.200000762939453,24.889999389648438,24.920000076293945,2239800,DBC
2022-10-05,22.240724563598633,25.559999465942383,25.56999969482422,25.040000915527344,25.200000762939453,2753700,DBC
2022-10-06,22.37994956970215,25.719999313354492,25.739999771118164,25.459999084472656,25.510000228881836,2810600,DBC
2022-10-07,22.614887237548828,25.989999771118164,26.1299991607666,25.700000762939453,25.729999542236328,2382200,DBC
2022-10-10,22.362548828125,25.700000762939453,26.239999771118164,25.690000534057617,26.09000015258789,2467600,DBC
2022-10-11,22.04059600830078,25.329999923706055,25.6200008392334,25.280000686645508,25.440000534057617,2530300,DBC
2022-10-12,22.04059600830078,25.329999923706055,25.40999984741211,25.18000030517578,25.329999923706055,2338200,DBC
2022-10-13,22.345142364501953,25.68000030517578,25.770000457763672,25.15999984741211,25.15999984741211,2166400,DBC
2022-10-14,21.901371002197266,25.170000076293945,25.540000915527344,25.1299991607666,25.469999313354492,1559100,DBC
2022-10-17,21.849164962768555,25.110000610351562,25.420000076293945,25.06999969482422,25.350000381469727,2200900,DBC
2022-10-18,21.614227294921875,24.84000015258789,25.06999969482422,24.65999984741211,24.979999542236328,1673600,DBC
2022-10-19,21.605525970458984,24.829999923706055,24.940000534057617,24.639999389648438,24.68000030517578,2062600,DBC
2022-10-20,21.622928619384766,24.850000381469727,25.25,24.780000686645508,25.059999465942383,1564100,DBC
2022-10-21,21.649032592773438,24.8799991607666,24.950000762939453,24.65999984741211,24.75,1142900,DBC
2022-10-24,21.709941864013672,24.950000762939453,25.1200008392334,24.850000381469727,24.8700008392334,1166800,DBC
2022-10-25,21.831762313842773,25.09000015258789,25.18000030517578,24.920000076293945,24.959999084472656,892300,DBC
2022-10-26,22.240724563598633,25.559999465942383,25.59000015258789,25.190000534057617,25.219999313354492,4190100,DBC
2022-10-27,22.27553367614746,25.600000381469727,25.690000534057617,25.5,25.600000381469727,1699500,DBC
2022-10-28,22.014488220214844,25.299999237060547,25.43000030517578,25.1200008392334,25.31999969482422,2783500,DBC
2022-10-31,21.857866287231445,25.1200008392334,25.34000015258789,24.959999084472656,25.079999923706055,3264300,DBC
2022-11-01,22.188518524169922,25.5,25.600000381469727,25.3700008392334,25.600000381469727,4248500,DBC
2022-11-02,22.388648986816406,25.729999542236328,25.93000030517578,25.3799991607666,25.469999313354492,2158500,DBC
2022-11-03,22.371246337890625,25.709999084472656,25.829999923706055,25.450000762939453,25.5,2088500,DBC
2022-11-04,23.12826919555664,26.579999923706055,26.59000015258789,26.260000228881836,26.469999313354492,2063000,DBC
2022-11-07,22.92813491821289,26.350000381469727,26.690000534057617,26.31999969482422,26.56999969482422,2093800,DBC
2022-11-08,22.649690628051758,26.030000686645508,26.469999313354492,25.90999984741211,26.350000381469727,1958000,DBC
2022-11-09,22.127609252929688,25.43000030517578,25.760000228881836,25.40999984741211,25.709999084472656,1693200,DBC
2022-11-10,22.327741622924805,25.65999984741211,25.760000228881836,25.469999313354492,25.559999465942383,2431800,DBC
2022-11-11,22.754108428955078,26.149999618530273,26.290000915527344,25.979999542236328,26.190000534057617,2817700,DBC
2022-11-14,22.41475486755371,25.760000228881836,26.299999237060547,25.760000228881836,26.020000457763672,1623100,DBC
2022-11-15,22.67579460144043,26.059999465942383,26.309999465942383,25.649999618530273,25.770000457763672,3209900,DBC
2022-11-16,22.4234561920166,25.770000457763672,25.850000381469727,25.6299991607666,25.729999542236328,2226900,DBC
2022-11-17,22.049293518066406,25.34000015258789,25.549999237060547,25.229999542236328,25.479999542236328,2043300,DBC
2022-11-18,21.89267349243164,25.15999984741211,25.18000030517578,24.8700008392334,24.899999618530273,3200500,DBC
2022-11-21,21.81435775756836,25.06999969482422,25.139999389648438,24.440000534057617,24.729999542236328,4164200,DBC
2022-11-22,22.04059600830078,25.329999923706055,25.459999084472656,25.25,25.309999465942383,3397700,DBC
2022-11-23,21.736045837402344,24.979999542236328,25.09000015258789,24.81999969482422,25.0,2169000,DBC
2022-11-25,21.54461669921875,24.760000228881836,25.18000030517578,24.75,25.100000381469727,1243200,DBC
2022-11-28,21.414094924926758,24.610000610351562,24.829999923706055,24.389999389648438,24.420000076293945,3559600,DBC
2022-11-29,21.69253921508789,24.93000030517578,25.06999969482422,24.760000228881836,24.920000076293945,5141700,DBC
2022-11-30,22.17981719970703,25.489999771118164,25.510000228881836,25.190000534057617,25.3799991607666,2939800,DBC
2022-12-01,22.06669807434082,25.360000610351562,25.780000686645508,25.34000015258789,25.700000762939453,3382400,DBC
2022-12-02,21.831762313842773,25.09000015258789,25.350000381469727,25.030000686645508,25.219999313354492,3957200,DBC
2022-12-05,21.266172409057617,24.440000534057617,25.31999969482422,24.389999389648438,25.270000457763672,4078100,DBC
2022-12-06,20.92681884765625,24.049999237060547,24.489999771118164,23.93000030517578,24.40999984741211,3352600,DBC
2022-12-07,20.822402954101562,23.93000030517578,24.200000762939453,23.84000015258789,24.100000381469727,5676500,DBC
2022-12-08,20.787595748901367,23.889999389648438,24.1200008392334,23.780000686645508,24.079999923706055,3554700,DBC
2022-12-09,20.81369972229004,23.920000076293945,24.059999465942383,23.739999771118164,23.93000030517578,2957900,DBC
2022-12-12,21.039936065673828,24.18000030517578,24.25,23.969999313354492,23.989999771118164,2660100,DBC
2022-12-13,21.387990951538086,24.579999923706055,24.719999313354492,24.530000686645508,24.540000915527344,2779000,DBC
2022-12-14,21.55331802368164,24.770000457763672,24.860000610351562,24.59000015258789,24.6299991607666,2342400,DBC
2022-12-15,21.29227638244629,24.469999313354492,24.709999084472656,24.360000610351562,24.709999084472656,2802500,DBC
2022-12-16,21.022533416748047,24.15999984741211,24.309999465942383,24.079999923706055,24.1200008392334,3403500,DBC
2022-12-19,20.98314094543457,23.969999313354492,24.079999923706055,23.860000610351562,24.030000686645508,3123500,DBC
2022-12-20,21.079435348510742,24.079999923706055,24.1299991607666,23.84000015258789,23.889999389648438,2614500,DBC
2022-12-21,21.350805282592773,24.389999389648438,24.40999984741211,24.260000228881836,24.270000457763672,1882500,DBC
2022-12-22,21.079435348510742,24.079999923706055,24.3700008392334,23.950000762939453,24.309999465942383,2017200,DBC
2022-12-23,21.4646053314209,24.520000457763672,24.549999237060547,24.18000030517578,24.18000030517578,2913300,DBC
2022-12-27,21.65719223022461,24.739999771118164,24.8700008392334,23.799999237060547,24.010000228881836,6148300,DBC
2022-12-28,21.412080764770508,24.459999084472656,24.530000686645508,24.239999771118164,24.5,2873300,DBC
2022-12-29,21.385822296142578,24.43000030517578,24.450000762939453,24.209999084472656,24.260000228881836,1759900,DBC
2022-12-30,21.578405380249023,24.649999618530273,24.670000076293945,24.299999237060547,24.299999237060547,1848300,DBC
2023-01-03,21.061925888061523,24.059999465942383,24.530000686645508,23.989999771118164,24.360000610351562,3228300,DBC
2023-01-04,20.68550682067871,23.6299991607666,23.790000915527344,23.520000457763672,23.75,1983700,DBC
2023-01-05,20.580461502075195,23.510000228881836,23.649999618530273,23.420000076293945,23.549999237060547,1700700,DBC
2023-01-06,20.69426155090332,23.639999389648438,23.790000915527344,23.549999237060547,23.700000762939453,1674600,DBC
2023-01-09,20.93937110900879,23.920000076293945,24.18000030517578,23.899999618530273,24.0,1189300,DBC
2023-01-10,20.93937110900879,23.920000076293945,24.06999969482422,23.809999465942383,23.969999313354492,1469400,DBC
2023-01-11,21.31578826904297,24.350000381469727,24.350000381469727,24.040000915527344,24.200000762939453,1923200,DBC
2023-01-12,21.490867614746094,24.549999237060547,24.65999984741211,24.40999984741211,24.549999237060547,2452100,DBC
2023-01-13,21.70096206665039,24.790000915527344,24.81999969482422,24.510000228881836,24.510000228881836,1514800,DBC
2023-01-17,21.849777221679688,24.959999084472656,24.979999542236328,24.75,24.8700008392334,1160700,DBC
2023-01-18,21.613422393798828,24.690000534057617,25.170000076293945,24.690000534057617,25.09000015258789,1469600,DBC
2023-01-19,21.832271575927734,24.940000534057617,25.030000686645508,24.780000686645508,24.829999923706055,1241200,DBC
2023-01-20,21.963579177856445,25.09000015258789,25.1299991607666,24.899999618530273,25.020000457763672,1144000,DBC
2023-01-23,22.016103744506836,25.149999618530273,25.219999313354492,25.049999237060547,25.1299991607666,2664600,DBC
2023-01-24,21.8935489654541,25.010000228881836,25.200000762939453,24.979999542236328,25.18000030517578,915600,DBC
2023-01-25,21.832271575927734,24.940000534057617,25.020000457763672,24.84000015258789,24.979999542236328,1151200,DBC
2023-01-26,21.928564071655273,25.049999237060547,25.1299991607666,24.93000030517578,25.100000381469727,1637600,DBC
2023-01-27,21.683454513549805,24.770000457763672,25.1299991607666,24.739999771118164,25.1200008392334,2379200,DBC
2023-01-30,21.403329849243164,24.450000762939453,24.799999237060547,24.450000762939453,24.600000381469727,2528300,DBC
2023-01-31,21.770994186401367,24.8700008392334,24.8700008392334,24.450000762939453,24.469999313354492,1571800,DBC
2023-02-01,21.359560012817383,24.399999618530273,24.700000762939453,24.18000030517578,24.68000030517578,3090900,DBC
2023-02-02,21.201988220214844,24.219999313354492,24.600000381469727,24.15999984741211,24.600000381469727,3591100,DBC
2023-02-03,20.668001174926758,23.610000610351562,24.280000686645508,23.600000381469727,24.040000915527344,2625600,DBC
2023-02-06,20.729276657104492,23.68000030517578,23.719999313354492,23.31999969482422,23.639999389648438,1375700,DBC
2023-02-07,21.12320327758789,24.1299991607666,24.139999389648438,23.719999313354492,23.729999542236328,1057300,DBC
2023-02-08,21.16697120666504,24.18000030517578,24.219999313354492,23.959999084472656,24.15999984741211,822500,DBC
2023-02-09,21.000646591186523,23.989999771118164,24.149999618530273,23.889999389648438,24.06999969482422,2054000,DBC
2023-02-10,21.298280715942383,24.329999923706055,24.329999923706055,24.1299991607666,24.1299991607666,783100,DBC
2023-02-13,21.254512786865234,24.280000686645508,24.3700008392334,24.1200008392334,24.149999618530273,853800,DBC
2023-02-14,21.32454490661621,24.360000610351562,24.440000534057617,24.06999969482422,24.1200008392334,926500,DBC
2023-02-15,21.096942901611328,24.100000381469727,24.170000076293945,23.93000030517578,24.1200008392334,924700,DBC
2023-02-16,21.035663604736328,24.030000686645508,24.15999984741211,24.010000228881836,24.030000686645508,831900,DBC
2023-02-17,20.878093719482422,23.850000381469727,23.889999389648438,23.579999923706055,23.6299991607666,1207900,DBC
2023-02-21,20.904354095458984,23.8799991607666,24.079999923706055,23.81999969482422,23.979999542236328,1014100,DBC
2023-02-22,20.632984161376953,23.56999969482422,23.8700008392334,23.56999969482422,23.81999969482422,1219400,DBC
2023-02-23,20.79055404663086,23.75,23.829999923706055,23.59000015258789,23.75,2070200,DBC
2023-02-24,20.720523834228516,23.670000076293945,23.68000030517578,23.34000015258789,23.510000228881836,1637800,DBC
2023-02-27,20.73802947998047,23.690000534057617,23.770000457763672,23.600000381469727,23.760000228881836,1076800,DBC
2023-02-28,20.79930877685547,23.760000228881836,23.899999618530273,23.739999771118164,23.84000015258789,1222300,DBC
2023-03-01,21.158218383789062,24.170000076293945,24.18000030517578,23.860000610351562,23.889999389648438,1238200,DBC
2023-03-02,21.079435348510742,24.079999923706055,24.170000076293945,23.959999084472656,24.149999618530273,828700,DBC
2023-03-03,21.412080764770508,24.459999084472656,24.479999542236328,24.020000457763672,24.020000457763672,1507900,DBC
2023-03-06,21.307035446166992,24.34000015258789,24.360000610351562,24.1200008392334,24.149999618530273,1046000,DBC
2023-03-07,20.869338989257812,23.84000015258789,24.270000457763672,23.809999465942383,24.200000762939453,1498500,DBC
2023-03-08,20.755537033081055,23.709999084472656,23.829999923706055,23.649999618530273,23.709999084472656,1518300,DBC
2023-03-09,20.50167465209961,23.420000076293945,23.8799991607666,23.389999389648438,23.799999237060547,1290800,DBC
2023-03-10,20.720523834228516,23.670000076293945,23.709999084472656,23.450000762939453,23.459999084472656,2418300,DBC
2023-03-13,20.589214324951172,23.520000457763672,23.770000457763672,23.25,23.299999237060547,1865900,DBC
2023-03-14,20.326597213745117,23.219999313354492,23.579999923706055,23.149999618530273,23.3700008392334,1300600,DBC
2023-03-15,19.853885650634766,22.68000030517578,22.8799991607666,22.360000610351562,22.75,2929200,DBC
2023-03-16,19.915163040161133,22.75,22.84000015258789,22.360000610351562,22.450000762939453,1536600,DBC
2023-03-17,19.853885650634766,22.68000030517578,22.889999389648438,22.530000686645508,22.829999923706055,1916800,DBC
2023-03-20,19.93267059326172,22.770000457763672,22.799999237060547,22.559999465942383,22.690000534057617,1108900,DBC
2023-03-21,20.002702713012695,22.850000381469727,22.93000030517578,22.700000762939453,22.84000015258789,1300500,DBC
2023-03-22,20.055225372314453,22.90999984741211,23.06999969482422,22.799999237060547,22.93000030517578,1414200,DBC
2023-03-23,20.002702713012695,22.850000381469727,23.190000534057617,22.850000381469727,23.079999923706055,1482800,DBC
2023-03-24,20.0989933013916,22.959999084472656,23.010000228881836,22.780000686645508,22.829999923706055,2175900,DBC
2023-03-27,20.475412368774414,23.389999389648438,23.420000076293945,23.0,23.040000915527344,2176200,DBC
2023-03-28,20.57170867919922,23.5,23.59000015258789,23.34000015258789,23.34000015258789,1037900,DBC
2023-03-29,20.440399169921875,23.350000381469727,23.6200008392334,23.34000015258789,23.549999237060547,514700,DBC
2023-03-30,20.589214324951172,23.520000457763672,23.540000915527344,23.360000610351562,23.479999542236328,793900,DBC
2023-03-31,20.781801223754883,23.739999771118164,23.760000228881836,23.530000686645508,23.530000686645508,1026200,DBC
2023-04-03,21.12320327758789,24.1299991607666,24.309999465942383,24.06999969482422,24.170000076293945,1164800,DBC
2023-04-04,21.096942901611328,24.100000381469727,24.18000030517578,23.93000030517578,24.15999984741211,1313100,DBC
2023-04-05,21.17572784423828,24.190000534057617,24.200000762939453,24.020000457763672,24.100000381469727,1099700,DBC
2023-04-06,21.114450454711914,24.1200008392334,24.149999618530273,24.030000686645508,24.1299991607666,2418800,DBC
2023-04-10,21.114450454711914,24.1200008392334,24.18000030517578,24.049999237060547,24.049999237060547,989900,DBC
2023-04-11,21.228252410888672,24.25,24.309999465942383,24.110000610351562,24.1200008392334,1526000,DBC
2023-04-12,21.394575119018555,24.440000534057617,24.469999313354492,24.309999465942383,24.350000381469727,1151500,DBC
2023-04-13,21.394575119018555,24.440000534057617,24.59000015258789,24.399999618530273,24.530000686645508,888700,DBC
2023-04-14,21.420835494995117,24.469999313354492,24.540000915527344,24.280000686645508,24.43000030517578,1244600,DBC
2023-04-17,21.333297729492188,24.3700008392334,24.469999313354492,24.239999771118164,24.389999389648438,937300,DBC
2023-04-18,21.37706756591797,24.420000076293945,24.510000228881836,24.280000686645508,24.3799991607666,844800,DBC
2023-04-19,21.079435348510742,24.079999923706055,24.229999542236328,24.030000686645508,24.110000610351562,397300,DBC
2023-04-20,20.895601272583008,23.8700008392334,23.940000534057617,23.799999237060547,23.8700008392334,1066100,DBC
2023-04-21,20.851831436157227,23.81999969482422,23.950000762939453,23.729999542236328,23.920000076293945,735700,DBC
2023-04-24,21.018156051635742,24.010000228881836,24.049999237060547,23.739999771118164,23.760000228881836,1753800,DBC
2023-04-25,20.720523834228516,23.670000076293945,23.809999465942383,23.530000686645508,23.809999465942383,1221000,DBC
2023-04-26,20.40538215637207,23.309999465942383,23.670000076293945,23.280000686645508,23.6200008392334,2206400,DBC
2023-04-27,20.431644439697266,23.34000015258789,23.40999984741211,23.209999084472656,23.309999465942383,990400,DBC
2023-04-28,20.62422752380371,23.559999465942383,23.56999969482422,23.239999771118164,23.290000915527344,854500,DBC
2023-05-01,20.44915199279785,23.360000610351562,23.549999237060547,23.219999313354492,23.389999389648438,1138800,DBC
2023-05-02,19.985193252563477,22.829999923706055,23.200000762939453,22.790000915527344,23.18000030517578,1658800,DBC
2023-05-03,19.731332778930664,22.540000915527344,22.649999618530273,22.510000228881836,22.579999923706055,869700,DBC
2023-05-04,19.81011390686035,22.6299991607666,22.790000915527344,22.469999313354492,22.540000915527344,782900,DBC
2023-05-05,20.25656509399414,23.139999389648438,23.149999618530273,22.8799991607666,22.90999984741211,702400,DBC
2023-05-08,20.35285758972168,23.25,23.40999984741211,23.239999771118164,23.3700008392334,742600,DBC
2023-05-09,20.414134979248047,23.31999969482422,23.360000610351562,23.020000457763672,23.170000076293945,787200,DBC
2023-05-10,20.35285758972168,23.25,23.31999969482422,23.1200008392334,23.239999771118164,489800,DBC
2023-05-11,20.002702713012695,22.850000381469727,22.969999313354492,22.760000228881836,22.90999984741211,742700,DBC
2023-05-12,19.84513282775879,22.670000076293945,22.93000030517578,22.649999618530273,22.860000610351562,769800,DBC
2023-05-15,20.07273292541504,22.93000030517578,23.010000228881836,22.799999237060547,22.809999465942383,703200,DBC
2023-05-16,19.853885650634766,22.68000030517578,22.969999313354492,22.68000030517578,22.8799991607666,1020700,DBC
2023-05-17,20.090242385864258,22.950000762939453,23.0,22.729999542236328,22.8799991607666,816400,DBC
2023-05-18,19.906408309936523,22.739999771118164,22.799999237060547,22.639999389648438,22.729999542236328,1005200,DBC
2023-05-19,19.88014793395996,22.709999084472656,22.950000762939453,22.65999984741211,22.920000076293945,777800,DBC
2023-05-22,19.897655487060547,22.729999542236328,22.780000686645508,22.6200008392334,22.639999389648438,606600,DBC
2023-05-23,19.9764404296875,22.81999969482422,22.899999618530273,22.760000228881836,22.780000686645508,753500,DBC
2023-05-24,19.985193252563477,22.829999923706055,22.969999313354492,22.690000534057617,22.90999984741211,692600,DBC
2023-05-25,19.670053482055664,22.469999313354492,22.6200008392334,22.34000015258789,22.549999237060547,1809500,DBC
2023-05-26,19.985193252563477,22.829999923706055,22.850000381469727,22.700000762939453,22.739999771118164,837300,DBC
2023-05-30,19.521236419677734,22.299999237060547,22.459999084472656,22.229999542236328,22.459999084472656,774500,DBC
2023-05-31,19.30238914489746,22.049999237060547,22.280000686645508,22.049999237060547,22.15999984741211,762500,DBC
2023-06-01,19.617530822753906,22.40999984741211,22.530000686645508,22.15999984741211,22.15999984741211,561000,DBC
2023-06-02,19.87139320373535,22.700000762939453,22.719999313354492,22.520000457763672,22.6299991607666,1195900,DBC
2023-06-05,19.81886863708496,22.639999389648438,22.809999465942383,22.6299991607666,22.809999465942383,1099300,DBC
2023-06-06,19.84513282775879,22.670000076293945,22.729999542236328,22.510000228881836,22.549999237060547,764300,DBC
2023-06-07,19.92391586303711,22.760000228881836,22.860000610351562,22.729999542236328,22.75,2155500,DBC
2023-06-08,19.95893096923828,22.799999237060547,22.860000610351562,22.459999084472656,22.809999465942383,893800,DBC
2023-06-09,19.836376190185547,22.65999984741211,22.889999389648438,22.639999389648438,22.770000457763672,641300,DBC
2023-06-12,19.565006256103516,22.350000381469727,22.479999542236328,22.270000457763672,22.399999618530273,686700,DBC
2023-06-13,19.82762336730957,22.649999618530273,22.780000686645508,22.6299991607666,22.700000762939453,701600,DBC
2023-06-14,19.87139320373535,22.700000762939453,22.860000610351562,22.59000015258789,22.799999237060547,763800,DBC
2023-06-15,20.291582107543945,23.18000030517578,23.209999084472656,22.829999923706055,22.829999923706055,1215100,DBC
2023-06-16,20.54544448852539,23.469999313354492,23.510000228881836,23.280000686645508,23.280000686645508,1252300,DBC
2023-06-20,20.36161231994629,23.260000228881836,23.290000915527344,23.06999969482422,23.239999771118164,1911200,DBC
2023-06-21,20.65924644470215,23.600000381469727,23.600000381469727,23.229999542236328,23.229999542236328,930200,DBC
2023-06-22,20.27407455444336,23.15999984741211,23.290000915527344,23.06999969482422,23.219999313354492,1056000,DBC
2023-06-23,20.055225372314453,22.90999984741211,22.90999984741211,22.729999542236328,22.729999542236328,1002200,DBC
2023-06-26,20.081485748291016,22.940000534057617,23.079999923706055,22.8799991607666,22.8799991607666,729000,DBC
2023-06-27,19.757591247558594,22.56999969482422,22.850000381469727,22.540000915527344,22.790000915527344,560800,DBC
2023-06-28,19.69631576538086,22.5,22.610000610351562,22.34000015258789,22.43000030517578,1101500,DBC
2023-06-29,19.705068588256836,22.510000228881836,22.610000610351562,22.40999984741211,22.459999084472656,635300,DBC
2023-06-30,19.87139320373535,22.700000762939453,22.8700008392334,22.610000610351562,22.610000610351562,972200,DBC
2023-07-03,19.87139320373535,22.700000762939453,22.860000610351562,22.690000534057617,22.799999237060547,902200,DBC
2023-07-05,19.993947982788086,22.84000015258789,22.969999313354492,22.75,22.90999984741211,2849100,DBC
2023-07-06,19.950178146362305,22.790000915527344,22.829999923706055,22.549999237060547,22.81999969482422,629100,DBC
2023-07-07,20.11650276184082,22.979999542236328,23.030000686645508,22.790000915527344,22.799999237060547,807800,DBC
2023-07-10,20.160274505615234,23.030000686645508,23.100000381469727,22.959999084472656,22.979999542236328,632400,DBC
2023-07-11,20.39662742614746,23.299999237060547,23.31999969482422,23.1200008392334,23.18000030517578,457800,DBC
2023-07-12,20.54544448852539,23.469999313354492,23.59000015258789,23.399999618530273,23.520000457763672,599600,DBC
2023-07-13,20.83432388305664,23.799999237060547,23.809999465942383,23.520000457763672,23.549999237060547,582900,DBC
2023-07-14,20.69426155090332,23.639999389648438,23.829999923706055,23.610000610351562,23.829999923706055,669800,DBC
2023-07-17,20.527936935424805,23.450000762939453,23.549999237060547,23.440000534057617,23.530000686645508,696100,DBC
2023-07-18,20.79930877685547,23.760000228881836,23.799999237060547,23.469999313354492,23.469999313354492,554700,DBC
2023-07-19,20.913108825683594,23.889999389648438,24.049999237060547,23.81999969482422,23.959999084472656,1371500,DBC
2023-07-20,20.97438621520996,23.959999084472656,24.09000015258789,23.829999923706055,24.040000915527344,1138600,DBC
2023-07-21,21.08818817138672,24.09000015258789,24.1299991607666,23.969999313354492,23.969999313354492,710500,DBC
2023-07-24,21.4646053314209,24.520000457763672,24.579999923706055,24.219999313354492,24.260000228881836,781300,DBC
2023-07-25,21.543392181396484,24.610000610351562,24.649999618530273,24.420000076293945,24.450000762939453,510700,DBC
2023-07-26,21.438344955444336,24.489999771118164,24.549999237060547,24.420000076293945,24.489999771118164,893700,DBC
2023-07-27,21.385822296142578,24.43000030517578,24.56999969482422,24.389999389648438,24.469999313354492,1273100,DBC
2023-07-28,21.51712989807129,24.579999923706055,24.610000610351562,24.34000015258789,24.40999984741211,2657200,DBC
2023-07-31,21.60466957092285,24.68000030517578,24.690000534057617,24.540000915527344,24.610000610351562,2012200,DBC
2023-08-01,21.490867614746094,24.549999237060547,24.610000610351562,24.450000762939453,24.520000457763672,1688900,DBC
2023-08-02,21.16697120666504,24.18000030517578,24.5,24.110000610351562,24.5,1143800,DBC
2023-08-03,21.36831283569336,24.40999984741211,24.420000076293945,24.139999389648438,24.18000030517578,1111700,DBC
2023-08-04,21.403329849243164,24.450000762939453,24.540000915527344,24.350000381469727,24.440000534057617,529400,DBC
2023-08-07,21.412080764770508,24.459999084472656,24.510000228881836,24.31999969482422,24.5,1137700,DBC
2023-08-08,21.385822296142578,24.43000030517578,24.489999771118164,24.040000915527344,24.139999389648438,993600,DBC
2023-08-09,21.534639358520508,24.600000381469727,24.65999984741211,24.469999313354492,24.549999237060547,671900,DBC
2023-08-10,21.420835494995117,24.469999313354492,24.6299991607666,24.43000030517578,24.559999465942383,576600,DBC
2023-08-11,21.385822296142578,24.43000030517578,24.56999969482422,24.399999618530273,24.420000076293945,566200,DBC
2023-08-14,21.280771255493164,24.309999465942383,24.3799991607666,24.200000762939453,24.270000457763672,697600,DBC
2023-08-15,21.02691078186035,24.020000457763672,24.229999542236328,23.969999313354492,24.170000076293945,3808700,DBC
2023-08-16,20.93937110900879,23.920000076293945,24.18000030517578,23.889999389648438,24.09000015258789,2205400,DBC
2023-08-17,20.99189567565918,23.979999542236328,24.18000030517578,23.969999313354492,24.15999984741211,857500,DBC
2023-08-18,21.140710830688477,24.149999618530273,24.200000762939453,24.030000686645508,24.040000915527344,601800,DBC
2023-08-21,21.08818817138672,24.09000015258789,24.299999237060547,24.079999923706055,24.299999237060547,507800,DBC
2023-08-22,21.096942901611328,24.100000381469727,24.219999313354492,24.059999465942383,24.190000534057617,623500,DBC
2023-08-23,21.140710830688477,24.149999618530273,24.25,23.950000762939453,24.0,910700,DBC
2023-08-24,21.158218383789062,24.170000076293945,24.219999313354492,23.989999771118164,24.040000915527344,599500,DBC
2023-08-25,21.36831283569336,24.40999984741211,24.450000762939453,24.139999389648438,24.329999923706055,793800,DBC
2023-08-28,21.333297729492188,24.3700008392334,24.5,24.309999465942383,24.43000030517578,590200,DBC
2023-08-29,21.412080764770508,24.459999084472656,24.5,24.299999237060547,24.3700008392334,417500,DBC
2023-08-30,21.438344955444336,24.489999771118164,24.649999618530273,24.459999084472656,24.579999923706055,527300,DBC
2023-08-31,21.525882720947266,24.59000015258789,24.649999618530273,24.469999313354492,24.59000015258789,1197700,DBC
2023-09-01,21.779747009277344,24.8799991607666,24.899999618530273,24.75,24.84000015258789,1716100,DBC
2023-09-05,21.884794235229492,25.0,25.15999984741211,24.959999084472656,25.040000915527344,1039100,DBC
2023-09-06,21.93731689453125,25.059999465942383,25.09000015258789,24.899999618530273,24.959999084472656,843800,DBC
2023-09-07,21.8935489654541,25.010000228881836,25.059999465942383,24.940000534057617,24.989999771118164,388800,DBC
2023-09-08,21.93731689453125,25.059999465942383,25.1200008392334,24.969999313354492,25.020000457763672,611500,DBC
2023-09-11,22.06862449645996,25.209999084472656,25.299999237060547,25.149999618530273,25.25,553900,DBC
2023-09-12,22.147411346435547,25.299999237060547,25.3799991607666,25.260000228881836,25.290000915527344,1075100,DBC
2023-09-13,22.21744155883789,25.3799991607666,25.43000030517578,25.280000686645508,25.350000381469727,813800,DBC
2023-09-14,22.401275634765625,25.59000015258789,25.6299991607666,25.510000228881836,25.549999237060547,679600,DBC
2023-09-15,22.348752975463867,25.530000686645508,25.600000381469727,25.469999313354492,25.5,573300,DBC
2023-09-18,22.339998245239258,25.520000457763672,25.6299991607666,25.450000762939453,25.600000381469727,868100,DBC
2023-09-19,22.357507705688477,25.540000915527344,25.6200008392334,25.459999084472656,25.579999923706055,844700,DBC
2023-09-20,22.173673629760742,25.329999923706055,25.59000015258789,25.31999969482422,25.399999618530273,663600,DBC
2023-09-21,22.103641510009766,25.25,25.420000076293945,25.239999771118164,25.389999389648438,1172600,DBC
2023-09-22,22.12114906311035,25.270000457763672,25.450000762939453,25.18000030517578,25.389999389648438,727700,DBC
2023-09-25,22.016103744506836,25.149999618530273,25.190000534057617,25.0,25.190000534057617,639900,DBC
2023-09-26,21.98984146118164,25.1200008392334,25.139999389648438,25.010000228881836,25.030000686645508,986300,DBC
2023-09-27,22.112396240234375,25.260000228881836,25.350000381469727,25.25,25.280000686645508,944200,DBC
2023-09-28,22.08613395690918,25.229999542236328,25.360000610351562,25.18000030517578,25.280000686645508,865500,DBC
2023-09-29,21.849777221679688,24.959999084472656,25.329999923706055,24.920000076293945,25.299999237060547,2044200,DBC
2023-10-02,21.683454513549805,24.770000457763672,25.020000457763672,24.729999542236328,24.969999313354492,3616100,DBC
2023-10-03,21.587160110473633,24.65999984741211,24.739999771118164,24.579999923706055,24.709999084472656,2573900,DBC
2023-10-04,20.98314094543457,23.969999313354492,24.3799991607666,23.889999389648438,24.3799991607666,1225500,DBC
2023-10-05,20.860586166381836,23.829999923706055,23.920000076293945,23.690000534057617,23.770000457763672,2068100,DBC
2023-10-06,20.93937110900879,23.920000076293945,23.989999771118164,23.780000686645508,23.979999542236328,2218500,DBC
2023-10-09,21.37706756591797,24.420000076293945,24.420000076293945,24.190000534057617,24.260000228881836,2702800,DBC
2023-10-10,21.32454490661621,24.360000610351562,24.40999984741211,24.229999542236328,24.3799991607666,1359500,DBC
2023-10-11,21.201988220214844,24.219999313354492,24.329999923706055,24.06999969482422,24.270000457763672,2163300,DBC
2023-10-12,21.193233489990234,24.209999084472656,24.389999389648438,24.09000015258789,24.31999969482422,979300,DBC
2023-10-13,21.75348663330078,24.850000381469727,24.860000610351562,24.579999923706055,24.6299991607666,954000,DBC
2023-10-16,21.683454513549805,24.770000457763672,24.829999923706055,24.68000030517578,24.799999237060547,820400,DBC
2023-10-17,21.744731903076172,24.84000015258789,24.850000381469727,24.6299991607666,24.719999313354492,921900,DBC
2023-10-18,21.93731689453125,25.059999465942383,25.139999389648438,24.979999542236328,25.020000457763672,1110100,DBC
2023-10-19,22.164918899536133,25.31999969482422,25.31999969482422,24.899999618530273,24.959999084472656,937400,DBC
2023-10-20,21.998594284057617,25.1299991607666,25.399999618530273,25.100000381469727,25.270000457763672,1243400,DBC
2023-10-23,21.858530044555664,24.969999313354492,25.149999618530273,24.90999984741211,25.09000015258789,1179500,DBC
2023-10-24,21.62217903137207,24.700000762939453,24.850000381469727,24.59000015258789,24.84000015258789,1119700,DBC
2023-10-25,21.779747009277344,24.8799991607666,24.940000534057617,24.459999084472656,24.780000686645508,2212000,DBC
2023-10-26,21.595914840698242,24.670000076293945,24.799999237060547,24.610000610351562,24.65999984741211,1862600,DBC
2023-10-27,21.884794235229492,25.0,25.030000686645508,24.690000534057617,24.81999969482422,1051400,DBC
2023-10-30,21.534639358520508,24.600000381469727,24.889999389648438,24.510000228881836,24.81999969482422,975900,DBC
2023-10-31,21.455852508544922,24.510000228881836,24.780000686645508,24.440000534057617,24.610000610351562,2199500,DBC
2023-11-01,21.490867614746094,24.549999237060547,24.81999969482422,24.450000762939453,24.75,2495700,DBC
2023-11-02,21.718469619750977,24.809999465942383,24.81999969482422,24.549999237060547,24.549999237060547,1936100,DBC
2023-11-03,21.60466957092285,24.68000030517578,24.8799991607666,24.610000610351562,24.690000534057617,1407100,DBC
2023-11-06,21.69220733642578,24.780000686645508,24.920000076293945,24.760000228881836,24.8799991607666,1210900,DBC
2023-11-07,21.228252410888672,24.25,24.440000534057617,24.200000762939453,24.40999984741211,1861600,DBC
2023-11-08,20.99189567565918,23.979999542236328,24.25,23.8799991607666,24.149999618530273,1269100,DBC
2023-11-09,20.93937110900879,23.920000076293945,24.170000076293945,23.90999984741211,23.989999771118164,1254300,DBC
2023-11-10,21.044418334960938,24.040000915527344,24.100000381469727,23.969999313354492,24.010000228881836,874200,DBC
2023-11-13,21.350805282592773,24.389999389648438,24.399999618530273,24.020000457763672,24.020000457763672,913200,DBC
2023-11-14,21.31578826904297,24.350000381469727,24.579999923706055,24.290000915527344,24.440000534057617,1573100,DBC
2023-11-15,21.17572784423828,24.190000534057617,24.360000610351562,24.18000030517578,24.200000762939453,1314500,DBC
2023-11-16,20.668001174926758,23.610000610351562,23.90999984741211,23.559999465942383,23.889999389648438,3465600,DBC
2023-11-17,20.965635299682617,23.950000762939453,23.989999771118164,23.709999084472656,23.719999313354492,1241100,DBC
2023-11-20,21.228252410888672,24.25,24.329999923706055,24.139999389648438,24.15999984741211,777600,DBC
2023-11-21,21.350805282592773,24.389999389648438,24.399999618530273,24.209999084472656,24.270000457763672,642500,DBC
2023-11-22,21.16697120666504,24.18000030517578,24.200000762939453,23.75,23.84000015258789,850600,DBC
2023-11-24,21.02691078186035,24.020000457763672,24.229999542236328,24.020000457763672,24.110000610351562,391300,DBC
2023-11-27,20.8868465423584,23.860000610351562,24.040000915527344,23.809999465942383,23.940000534057617,1032500,DBC
2023-11-28,21.140710830688477,24.149999618530273,24.229999542236328,23.93000030517578,23.979999542236328,1112800,DBC
2023-11-29,21.289527893066406,24.31999969482422,24.3799991607666,24.0,24.239999771118164,972200,DBC
2023-11-30,20.930618286132812,23.90999984741211,24.520000457763672,23.8799991607666,24.399999618530273,1769700,DBC
2023-12-01,20.83432388305664,23.799999237060547,24.200000762939453,23.760000228881836,23.950000762939453,1399700,DBC
2023-12-04,20.69426155090332,23.639999389648438,23.799999237060547,23.510000228881836,23.6200008392334,5278400,DBC
2023-12-05,20.51042938232422,23.43000030517578,23.75,23.40999984741211,23.639999389648438,1557500,DBC
2023-12-06,20.011457443237305,22.860000610351562,23.260000228881836,22.850000381469727,23.219999313354492,1913900,DBC
2023-12-07,20.046470642089844,22.899999618530273,22.979999542236328,22.799999237060547,22.969999313354492,1502200,DBC
2023-12-08,20.134010314941406,23.0,23.1200008392334,22.93000030517578,23.040000915527344,1366100,DBC
2023-12-11,20.063980102539062,22.920000076293945,22.940000534057617,22.760000228881836,22.860000610351562,3260700,DBC
2023-12-12,19.757591247558594,22.56999969482422,22.709999084472656,22.540000915527344,22.670000076293945,1983200,DBC
2023-12-13,19.985193252563477,22.829999923706055,22.829999923706055,22.56999969482422,22.600000381469727,1613700,DBC
2023-12-14,20.317840576171875,23.209999084472656,23.229999542236328,23.100000381469727,23.1200008392334,1872100,DBC
2023-12-15,20.35285758972168,23.25,23.360000610351562,23.110000610351562,23.209999084472656,1734500,DBC
2023-12-18,20.498884201049805,22.31999969482422,22.549999237060547,22.25,22.440000534057617,1844200,DBC
2023-12-19,20.655014038085938,22.489999771118164,22.5,22.270000457763672,22.270000457763672,1829600,DBC
2023-12-20,20.416229248046875,22.229999542236328,22.56999969482422,22.229999542236328,22.559999465942383,1439100,DBC
2023-12-21,20.452964782714844,22.270000457763672,22.280000686645508,22.170000076293945,22.170000076293945,1352700,DBC
2023-12-22,20.416229248046875,22.229999542236328,22.440000534057617,22.219999313354492,22.389999389648438,1397800,DBC
2023-12-26,20.61827850341797,22.450000762939453,22.559999465942383,22.190000534057617,22.209999084472656,1252200,DBC
2023-12-27,20.526437759399414,22.350000381469727,22.56999969482422,22.350000381469727,22.489999771118164,1372600,DBC
2023-12-28,20.351940155029297,22.15999984741211,22.420000076293945,22.149999618530273,22.299999237060547,1145200,DBC
2023-12-29,20.241731643676758,22.040000915527344,22.219999313354492,22.010000228881836,22.200000762939453,1781200,DBC
2024-01-02,20.076417922973633,21.860000610351562,22.15999984741211,21.81999969482422,22.139999389648438,2421600,DBC
2024-01-03,20.33357048034668,22.139999389648438,22.170000076293945,21.959999084472656,21.989999771118164,857700,DBC
2024-01-04,20.223363876342773,22.020000457763672,22.1200008392334,21.8700008392334,22.100000381469727,734000,DBC
2024-01-05,20.324386596679688,22.1299991607666,22.229999542236328,22.059999465942383,22.139999389648438,800800,DBC
2024-01-08,20.03049659729004,21.809999465942383,21.84000015258789,21.6200008392334,21.700000762939453,760800,DBC
2024-01-09,20.177440643310547,21.969999313354492,22.06999969482422,21.850000381469727,21.959999084472656,736200,DBC
2024-01-10,20.03968048095703,21.81999969482422,22.100000381469727,21.790000915527344,22.079999923706055,754000,DBC
2024-01-11,20.18662452697754,21.979999542236328,22.139999389648438,21.93000030517578,22.06999969482422,1491100,DBC
2024-01-12,20.260099411010742,22.059999465942383,22.3700008392334,21.969999313354492,22.299999237060547,673700,DBC
2024-01-16,20.085601806640625,21.8700008392334,22.15999984741211,21.8700008392334,22.15999984741211,709000,DBC
2024-01-17,20.058048248291016,21.84000015258789,21.860000610351562,21.709999084472656,21.729999542236328,570700,DBC
2024-01-18,20.18662452697754,21.979999542236328,22.020000457763672,21.770000457763672,21.84000015258789,408300,DBC
2024-01-19,20.149890899658203,21.940000534057617,22.1299991607666,21.889999389648438,22.059999465942383,559900,DBC
2024-01-22,20.232547760009766,22.030000686645508,22.1200008392334,21.860000610351562,21.889999389648438,575900,DBC
2024-01-23,20.342754364013672,22.149999618530273,22.209999084472656,22.049999237060547,22.049999237060547,442400,DBC
2024-01-24,20.517253875732422,22.34000015258789,22.389999389648438,22.190000534057617,22.290000915527344,866700,DBC
2024-01-25,20.673383712768555,22.510000228881836,22.530000686645508,22.3799991607666,22.459999084472656,1600400,DBC
2024-01-26,20.76522445678711,22.610000610351562,22.610000610351562,22.280000686645508,22.40999984741211,517800,DBC
2024-01-29,20.59072494506836,22.420000076293945,22.5,22.329999923706055,22.5,1579300,DBC
2024-01-30,20.728487014770508,22.56999969482422,22.600000381469727,22.350000381469727,22.420000076293945,941200,DBC
2024-01-31,20.50806999206543,22.329999923706055,22.559999465942383,22.309999465942383,22.520000457763672,1305300,DBC
2024-02-01,20.260099411010742,22.059999465942383,22.399999618530273,22.010000228881836,22.31999969482422,2388400,DBC
2024-02-02,20.03049659729004,21.809999465942383,21.920000076293945,21.780000686645508,21.84000015258789,1235500,DBC
2024-02-05,20.1131534576416,21.899999618530273,21.920000076293945,21.700000762939453,21.790000915527344,837900,DBC
2024-02-06,20.18662452697754,21.979999542236328,22.049999237060547,21.90999984741211,21.950000762939453,790900,DBC
2024-02-07,20.278467178344727,22.079999923706055,22.09000015258789,21.969999313354492,21.969999313354492,809900,DBC
2024-02-08,20.3886775970459,22.200000762939453,22.25,22.09000015258789,22.09000015258789,1125100,DBC
2024-02-09,20.44378089904785,22.260000228881836,22.350000381469727,22.190000534057617,22.239999771118164,601700,DBC
2024-02-12,20.452964782714844,22.270000457763672,22.299999237060547,22.209999084472656,22.219999313354492,569000,DBC
2024-02-13,20.33357048034668,22.139999389648438,22.25,22.1200008392334,22.200000762939453,1222200,DBC
2024-02-14,20.14070701599121,21.93000030517578,22.239999771118164,21.899999618530273,22.170000076293945,696000,DBC
2024-02-15,20.18662452697754,21.979999542236328,22.09000015258789,21.950000762939453,21.950000762939453,791200,DBC
2024-02-16,20.232547760009766,22.030000686645508,22.079999923706055,21.940000534057617,21.950000762939453,595800,DBC
2024-02-20,20.122337341308594,21.90999984741211,22.020000457763672,21.829999923706055,22.020000457763672,1053100,DBC
2024-02-21,20.204994201660156,22.0,22.030000686645508,21.93000030517578,22.0,1689900,DBC
2024-02-22,20.260099411010742,22.059999465942383,22.079999923706055,21.889999389648438,21.920000076293945,507400,DBC
2024-02-23,19.966209411621094,21.739999771118164,21.8799991607666,21.729999542236328,21.829999923706055,668800,DBC
2024-02-26,20.149890899658203,21.940000534057617,22.010000228881836,21.790000915527344,21.809999465942383,879100,DBC
2024-02-27,20.306018829345703,22.110000610351562,22.1299991607666,22.030000686645508,22.030000686645508,2544500,DBC
2024-02-28,20.223363876342773,22.020000457763672,22.1299991607666,21.969999313354492,22.09000015258789,5225300,DBC
2024-02-29,20.195810317993164,21.989999771118164,22.110000610351562,21.920000076293945,21.940000534057617,720300,DBC
2024-03-01,20.29683494567871,22.100000381469727,22.190000534057617,22.020000457763672,22.059999465942383,863200,DBC
2024-03-04,20.36112403869629,22.170000076293945,22.25,22.100000381469727,22.25,538500,DBC
2024-03-05,20.204994201660156,22.0,22.149999618530273,21.989999771118164,22.1200008392334,1237800,DBC
2024-03-06,20.37030792236328,22.18000030517578,22.299999237060547,22.149999618530273,22.190000534057617,1466500,DBC
2024-03-07,20.425413131713867,22.239999771118164,22.329999923706055,22.139999389648438,22.15999984741211,961000,DBC
2024-03-08,20.36112403869629,22.170000076293945,22.200000762939453,22.040000915527344,22.200000762939453,933200,DBC
2024-03-11,20.53562355041504,22.360000610351562,22.389999389648438,22.09000015258789,22.149999618530273,691600,DBC
2024-03-12,20.48051643371582,22.299999237060547,22.389999389648438,22.229999542236328,22.290000915527344,497700,DBC
2024-03-13,20.76522445678711,22.610000610351562,22.6200008392334,22.450000762939453,22.450000762939453,1070000,DBC
2024-03-14,20.829513549804688,22.68000030517578,22.729999542236328,22.59000015258789,22.6200008392334,1168500,DBC
2024-03-15,20.902984619140625,22.760000228881836,22.799999237060547,22.6299991607666,22.649999618530273,1043100,DBC
2024-03-18,21.095849990844727,22.969999313354492,23.0,22.84000015258789,22.90999984741211,1384300,DBC
2024-03-19,21.086666107177734,22.959999084472656,22.989999771118164,22.90999984741211,22.950000762939453,1889600,DBC
2024-03-20,21.03156089782715,22.899999618530273,22.90999984741211,22.709999084472656,22.799999237060547,1247400,DBC
2024-03-21,21.004011154174805,22.8700008392334,22.899999618530273,22.729999542236328,22.899999618530273,813800,DBC
2024-03-22,20.857065200805664,22.709999084472656,22.829999923706055,22.690000534057617,22.829999923706055,1443900,DBC
2024-03-25,21.03156089782715,22.899999618530273,22.989999771118164,22.790000915527344,22.799999237060547,1370900,DBC
2024-03-26,20.866249084472656,22.719999313354492,22.899999618530273,22.700000762939453,22.899999618530273,742000,DBC
2024-03-27,20.847881317138672,22.700000762939453,22.719999313354492,22.59000015258789,22.610000610351562,2497800,DBC
2024-03-28,21.095849990844727,22.969999313354492,22.979999542236328,22.780000686645508,22.790000915527344,3686300,DBC
2024-04-01,21.196874618530273,23.079999923706055,23.139999389648438,22.969999313354492,23.059999465942383,2345900,DBC
2024-04-02,21.38974380493164,23.290000915527344,23.31999969482422,23.18000030517578,23.239999771118164,1852700,DBC
2024-04-03,21.646896362304688,23.56999969482422,23.59000015258789,23.450000762939453,23.469999313354492,1771500,DBC
2024-04-04,21.70199966430664,23.6299991607666,23.760000228881836,23.479999542236328,23.540000915527344,1261200,DBC
2024-04-05,21.812210083007812,23.75,23.889999389648438,23.690000534057617,23.739999771118164,1313700,DBC
2024-04-08,21.80302619934082,23.739999771118164,23.829999923706055,23.59000015258789,23.809999465942383,1263500,DBC
2024-04-09,21.68363380432129,23.610000610351562,23.799999237060547,23.56999969482422,23.790000915527344,769400,DBC
2024-04-10,21.793840408325195,23.729999542236328,23.75,23.510000228881836,23.639999389648438,1349900,DBC
2024-04-11,21.757104873657227,23.690000534057617,23.700000762939453,23.520000457763672,23.700000762939453,933800,DBC
2024-04-12,21.784656524658203,23.719999313354492,24.09000015258789,23.68000030517578,23.959999084472656,1579300,DBC
2024-04-15,21.812210083007812,23.75,23.780000686645508,23.469999313354492,23.68000030517578,1660100,DBC
2024-04-16,21.77547264099121,23.709999084472656,23.75,23.530000686645508,23.65999984741211,1263700,DBC
2024-04-17,21.4356632232666,23.34000015258789,23.700000762939453,23.309999465942383,23.579999923706055,2084600,DBC
2024-04-18,21.42647933959961,23.329999923706055,23.43000030517578,23.280000686645508,23.3700008392334,1734500,DBC
2024-04-19,21.527503967285156,23.440000534057617,23.540000915527344,23.350000381469727,23.389999389648438,1968800,DBC
2024-04-22,21.527503967285156,23.440000534057617,23.440000534057617,23.209999084472656,23.260000228881836,941800,DBC
2024-04-23,21.61934471130371,23.540000915527344,23.549999237060547,23.219999313354492,23.229999542236328,1524700,DBC
2024-04-24,21.591793060302734,23.510000228881836,23.600000381469727,23.459999084472656,23.489999771118164,1670400,DBC
2024-04-25,21.711185455322266,23.639999389648438,23.649999618530273,23.420000076293945,23.489999771118164,1088600,DBC
2024-04-26,21.72955322265625,23.65999984741211,23.780000686645508,23.610000610351562,23.780000686645508,707700,DBC
2024-04-29,21.711185455322266,23.639999389648438,23.770000457763672,23.6299991607666,23.75,875800,DBC
2024-04-30,21.4356632232666,23.34000015258789,23.459999084472656,23.229999542236328,23.450000762939453,1875400,DBC
2024-05-01,21.123403549194336,23.0,23.34000015258789,22.969999313354492,23.219999313354492,1463900,DBC
2024-05-02,21.196874618530273,23.079999923706055,23.1299991607666,22.920000076293945,23.020000457763672,1004400,DBC
2024-05-03,21.224428176879883,23.110000610351562,23.18000030517578,23.06999969482422,23.139999389648438,503400,DBC
2024-05-06,21.463214874267578,23.3700008392334,23.43000030517578,23.200000762939453,23.200000762939453,1293800,DBC
2024-05-07,21.444847106933594,23.350000381469727,23.40999984741211,23.260000228881836,23.260000228881836,486300,DBC
2024-05-08,21.334636688232422,23.229999542236328,23.270000457763672,23.100000381469727,23.110000610351562,415800,DBC
2024-05-09,21.417293548583984,23.31999969482422,23.34000015258789,23.219999313354492,23.239999771118164,347200,DBC
2024-05-10,21.380558013916016,23.280000686645508,23.399999618530273,23.25,23.360000610351562,747700,DBC
2024-05-13,21.518320083618164,23.43000030517578,23.459999084472656,23.31999969482422,23.31999969482422,531400,DBC
2024-05-14,21.42647933959961,23.329999923706055,23.3799991607666,23.239999771118164,23.290000915527344,443700,DBC
2024-05-15,21.499950408935547,23.40999984741211,23.420000076293945,23.200000762939453,23.329999923706055,512100,DBC
2024-05-16,21.555055618286133,23.469999313354492,23.5,23.389999389648438,23.469999313354492,519200,DBC
2024-05-17,21.77547264099121,23.709999084472656,23.75,23.559999465942383,23.59000015258789,2083900,DBC
2024-05-20,21.968339920043945,23.920000076293945,23.940000534057617,23.739999771118164,23.75,1314900,DBC
2024-05-21,21.87649917602539,23.81999969482422,23.950000762939453,23.729999542236328,23.81999969482422,514000,DBC
2024-05-22,21.564239501953125,23.479999542236328,23.65999984741211,23.459999084472656,23.6299991607666,889400,DBC
2024-05-23,21.454030990600586,23.360000610351562,23.729999542236328,23.309999465942383,23.670000076293945,1255100,DBC
2024-05-24,21.600975036621094,23.520000457763672,23.540000915527344,23.40999984741211,23.440000534057617,1375300,DBC
2024-05-28,21.98670768737793,23.940000534057617,23.940000534057617,23.770000457763672,23.850000381469727,1845700,DBC
2024-05-29,21.757104873657227,23.690000534057617,23.84000015258789,23.690000534057617,23.81999969482422,940900,DBC
2024-05-30,21.472396850585938,23.3799991607666,23.6299991607666,23.3799991607666,23.530000686645508,1041600,DBC
2024-05-31,21.371374130249023,23.270000457763672,23.540000915527344,23.200000762939453,23.5,873400,DBC
2024-06-03,21.06829833984375,22.940000534057617,23.260000228881836,22.90999984741211,23.25,1790900,DBC
2024-06-04,20.857065200805664,22.709999084472656,22.790000915527344,22.6200008392334,22.739999771118164,1087200,DBC
2024-06-05,20.930538177490234,22.790000915527344,22.790000915527344,22.6299991607666,22.729999542236328,966900,DBC
2024-06-06,21.2060604095459,23.09000015258789,23.110000610351562,22.899999618530273,22.899999618530273,1049000,DBC
2024-06-07,20.902984619140625,22.760000228881836,22.920000076293945,22.760000228881836,22.8799991607666,747000,DBC
2024-06-10,21.2060604095459,23.09000015258789,23.100000381469727,22.8700008392334,22.90999984741211,457100,DBC
2024-06-11,21.17850685119629,23.059999465942383,23.149999618530273,23.0,23.079999923706055,572500,DBC
2024-06-12,21.25197982788086,23.139999389648438,23.3700008392334,23.1200008392334,23.34000015258789,761000,DBC
2024-06-13,21.270349502563477,23.15999984741211,23.299999237060547,23.139999389648438,23.25,553000,DBC
2024-06-14,21.18769073486328,23.06999969482422,23.290000915527344,23.06999969482422,23.239999771118164,914700,DBC
2024-06-17,21.261165618896484,23.149999618530273,23.170000076293945,23.030000686645508,23.040000915527344,1114300,DBC
2024-06-18,21.4356632232666,23.34000015258789,23.34000015258789,23.1299991607666,23.1299991607666,832400,DBC
2024-06-20,21.481582641601562,23.389999389648438,23.489999771118164,23.350000381469727,23.420000076293945,910700,DBC
2024-06-21,21.307085037231445,23.200000762939453,23.389999389648438,23.18000030517578,23.360000610351562,723100,DBC
2024-06-24,21.481582641601562,23.389999389648438,23.389999389648438,23.229999542236328,23.25,610400,DBC
2024-06-25,21.27953338623047,23.170000076293945,23.31999969482422,23.149999618530273,23.309999465942383,726400,DBC
2024-06-26,21.316267013549805,23.209999084472656,23.31999969482422,23.139999389648438,23.239999771118164,1212400,DBC
2024-06-27,21.42647933959961,23.329999923706055,23.399999618530273,23.239999771118164,23.399999618530273,675400,DBC
2024-06-28,21.334636688232422,23.229999542236328,23.450000762939453,23.200000762939453,23.450000762939453,855300,DBC
2024-07-01,21.61016082763672,23.530000686645508,23.549999237060547,23.290000915527344,23.3799991607666,1233600,DBC
2024-07-02,21.637710571289062,23.559999465942383,23.639999389648438,23.489999771118164,23.6200008392334,844800,DBC
2024-07-03,21.757104873657227,23.690000534057617,23.719999313354492,23.59000015258789,23.600000381469727,707500,DBC
2024-07-05,21.839763641357422,23.780000686645508,23.899999618530273,23.729999542236328,23.790000915527344,860600,DBC
2024-07-08,21.54587173461914,23.459999084472656,23.600000381469727,23.440000534057617,23.559999465942383,769100,DBC
2024-07-09,21.39892578125,23.299999237060547,23.469999313354492,23.270000457763672,23.440000534057617,621500,DBC
2024-07-10,21.39892578125,23.299999237060547,23.3700008392334,23.200000762939453,23.25,678200,DBC
2024-07-11,21.472396850585938,23.3799991607666,23.420000076293945,23.25,23.280000686645508,1759500,DBC
2024-07-12,21.38974380493164,23.290000915527344,23.34000015258789,23.260000228881836,23.299999237060547,1263200,DBC
2024-07-15,21.233613967895508,23.1200008392334,23.239999771118164,23.1200008392334,23.190000534057617,863300,DBC
2024-07-16,21.17850685119629,23.059999465942383,23.09000015258789,22.920000076293945,22.93000030517578,1485400,DBC
2024-07-17,21.17850685119629,23.059999465942383,23.149999618530273,23.030000686645508,23.110000610351562,1296400,DBC
2024-07-18,21.022377014160156,22.889999389648438,23.059999465942383,22.889999389648438,23.059999465942383,1410300,DBC
2024-07-19,20.7376708984375,22.579999923706055,22.920000076293945,22.559999465942383,22.809999465942383,1803800,DBC
2024-07-22,20.792776107788086,22.639999389648438,22.639999389648438,22.450000762939453,22.5,1959900,DBC
2024-07-23,20.599910736083984,22.43000030517578,22.549999237060547,22.389999389648438,22.5,981700,DBC
2024-07-24,20.59072494506836,22.420000076293945,22.600000381469727,22.420000076293945,22.450000762939453,991900,DBC
2024-07-25,20.636646270751953,22.469999313354492,22.520000457763672,22.219999313354492,22.290000915527344,676400,DBC
2024-07-26,20.425413131713867,22.239999771118164,22.389999389648438,22.190000534057617,22.3700008392334,584200,DBC
2024-07-29,20.33357048034668,22.139999389648438,22.34000015258789,22.059999465942383,22.290000915527344,709100,DBC
2024-07-30,20.269283294677734,22.06999969482422,22.06999969482422,21.950000762939453,21.979999542236328,1183600,DBC
2024-07-31,20.7376708984375,22.579999923706055,22.579999923706055,22.309999465942383,22.3700008392334,1495200,DBC
2024-08-01,20.489700317382812,22.309999465942383,22.59000015258789,22.219999313354492,22.559999465942383,2002300,DBC
2024-08-02,20.1131534576416,21.899999618530273,22.079999923706055,21.790000915527344,22.059999465942383,2740400,DBC
2024-08-05,20.076417922973633,21.860000610351562,21.8700008392334,21.510000228881836,21.520000457763672,2372700,DBC
2024-08-06,19.911104202270508,21.68000030517578,21.829999923706055,21.600000381469727,21.600000381469727,1634200,DBC
2024-08-07,20.094785690307617,21.8799991607666,21.989999771118164,21.770000457763672,21.809999465942383,1050600,DBC
2024-08-08,20.278467178344727,22.079999923706055,22.1299991607666,21.93000030517578,21.93000030517578,568700,DBC
2024-08-09,20.397859573364258,22.209999084472656,22.239999771118164,22.1299991607666,22.239999771118164,465100,DBC
2024-08-12,20.682567596435547,22.520000457763672,22.59000015258789,22.309999465942383,22.360000610351562,550900,DBC
2024-08-13,20.489700317382812,22.309999465942383,22.440000534057617,22.290000915527344,22.43000030517578,374900,DBC
2024-08-14,20.36112403869629,22.170000076293945,22.3799991607666,22.139999389648438,22.31999969482422,510000,DBC
2024-08-15,20.526437759399414,22.350000381469727,22.459999084472656,22.299999237060547,22.309999465942383,556600,DBC
2024-08-16,20.397859573364258,22.209999084472656,22.260000228881836,22.1200008392334,22.219999313354492,570100,DBC
2024-08-19,20.28765296936035,22.09000015258789,22.299999237060547,22.049999237060547,22.229999542236328,557600,DBC
2024-08-20,20.204994201660156,22.0,22.200000762939453,21.969999313354492,22.149999618530273,539300,DBC
2024-08-21,20.10396957397461,21.889999389648438,22.110000610351562,21.809999465942383,22.06999969482422,545400,DBC
2024-08-22,20.085601806640625,21.8700008392334,21.989999771118164,21.81999969482422,21.8700008392334,473500,DBC
2024-08-23,20.44378089904785,22.260000228881836,22.270000457763672,22.100000381469727,22.100000381469727,727700,DBC
2024-08-26,20.655014038085938,22.489999771118164,22.579999923706055,22.459999084472656,22.520000457763672,417200,DBC
2024-08-27,20.55398941040039,22.3799991607666,22.469999313354492,22.360000610351562,22.450000762939453,556000,DBC
2024-08-28,20.306018829345703,22.110000610351562,22.260000228881836,22.09000015258789,22.149999618530273,500700,DBC
2024-08-29,20.53562355041504,22.360000610351562,22.360000610351562,22.229999542236328,22.229999542236328,458700,DBC
2024-08-30,20.306018829345703,22.110000610351562,22.229999542236328,22.079999923706055,22.200000762939453,388900,DBC
2024-09-03,19.901918411254883,21.670000076293945,21.75,21.610000610351562,21.75,540700,DBC
2024-09-04,19.754974365234375,21.510000228881836,21.729999542236328,21.5,21.56999969482422,456400,DBC
2024-09-05,19.800893783569336,21.559999465942383,21.760000228881836,21.489999771118164,21.65999984741211,593800,DBC
2024-09-06,19.534557342529297,21.270000457763672,21.690000534057617,21.15999984741211,21.6200008392334,1176000,DBC
2024-09-09,19.58966064453125,21.329999923706055,21.399999618530273,21.15999984741211,21.260000228881836,2390300,DBC
2024-09-10,19.304954528808594,21.020000457763672,21.329999923706055,20.899999618530273,21.309999465942383,957600,DBC
2024-09-11,19.479450225830078,21.209999084472656,21.280000686645508,20.93000030517578,21.190000534057617,1107600,DBC
2024-09-12,19.856000900268555,21.6200008392334,21.649999618530273,21.360000610351562,21.420000076293945,1058600,DBC
2024-09-13,19.89273452758789,21.65999984741211,21.799999237060547,21.579999923706055,21.709999084472656,939100,DBC
2024-09-16,20.03968048095703,21.81999969482422,21.8700008392334,21.729999542236328,21.799999237060547,586200,DBC
2024-09-17,20.177440643310547,21.969999313354492,22.0,21.790000915527344,21.790000915527344,889900,DBC
2024-09-18,20.048864364624023,21.829999923706055,22.100000381469727,21.829999923706055,21.920000076293945,1002000,DBC
2024-09-19,20.40704345703125,22.219999313354492,22.270000457763672,22.049999237060547,22.100000381469727,726700,DBC
2024-09-20,20.40704345703125,22.219999313354492,22.25,22.100000381469727,22.15999984741211,617700,DBC
2024-09-23,20.416229248046875,22.229999542236328,22.40999984741211,22.06999969482422,22.260000228881836,658200,DBC
2024-09-24,20.756040573120117,22.600000381469727,22.610000610351562,22.479999542236328,22.600000381469727,775400,DBC
2024-09-25,20.58154296875,22.40999984741211,22.549999237060547,22.31999969482422,22.5,813700,DBC
2024-09-26,20.397859573364258,22.209999084472656,22.399999618530273,22.15999984741211,22.260000228881836,887700,DBC
2024-09-27,20.498884201049805,22.31999969482422,22.350000381469727,22.1200008392334,22.18000030517578,649900,DBC
2024-09-30,20.452964782714844,22.270000457763672,22.3799991607666,22.190000534057617,22.239999771118164,1042600,DBC
2024-10-01,20.81114387512207,22.65999984741211,22.850000381469727,22.18000030517578,22.18000030517578,1154100,DBC
2024-10-02,20.98564338684082,22.850000381469727,23.020000457763672,22.65999984741211,22.920000076293945,1089900,DBC
2024-10-03,21.28871726989746,23.18000030517578,23.219999313354492,22.84000015258789,22.8799991607666,1126800,DBC
2024-10-04,21.343820571899414,23.239999771118164,23.3700008392334,23.18000030517578,23.239999771118164,1060700,DBC
2024-10-07,21.637710571289062,23.559999465942383,23.600000381469727,23.309999465942383,23.329999923706055,1330600,DBC
2024-10-08,21.132587432861328,23.010000228881836,23.170000076293945,22.799999237060547,23.170000076293945,1115900,DBC
2024-10-09,20.94890594482422,22.809999465942383,22.829999923706055,22.540000915527344,22.65999984741211,872400,DBC
2024-10-10,21.36219024658203,23.260000228881836,23.280000686645508,22.90999984741211,22.940000534057617,961200,DBC
2024-10-11,21.380558013916016,23.280000686645508,23.360000610351562,23.209999084472656,23.229999542236328,726700,DBC
2024-10-14,21.049930572509766,22.920000076293945,23.079999923706055,22.8700008392334,22.940000534057617,842500,DBC
2024-10-15,20.645830154418945,22.479999542236328,22.510000228881836,22.309999465942383,22.43000030517578,1113700,DBC
2024-10-16,20.59072494506836,22.420000076293945,22.489999771118164,22.290000915527344,22.420000076293945,683800,DBC
2024-10-17,20.61827850341797,22.450000762939453,22.450000762939453,22.25,22.31999969482422,620600,DBC
2024-10-18,20.50806999206543,22.329999923706055,22.389999389648438,22.200000762939453,22.3700008392334,538400,DBC
2024-10-21,20.572359085083008,22.399999618530273,22.559999465942383,22.329999923706055,22.479999542236328,640000,DBC
2024-10-22,20.930538177490234,22.790000915527344,22.850000381469727,22.59000015258789,22.59000015258789,897300,DBC
2024-10-23,20.81114387512207,22.65999984741211,22.760000228881836,22.579999923706055,22.690000534057617,692400,DBC
2024-10-24,20.801959991455078,22.649999618530273,22.829999923706055,22.489999771118164,22.790000915527344,912500,DBC
2024-10-25,20.94890594482422,22.809999465942383,22.829999923706055,22.690000534057617,22.719999313354492,739800,DBC
2024-10-28,20.3886775970459,22.200000762939453,22.25,22.110000610351562,22.170000076293945,1002200,DBC
2024-10-29,20.351940155029297,22.15999984741211,22.229999542236328,22.030000686645508,22.15999984741211,569300,DBC
2024-10-30,20.609094619750977,22.440000534057617,22.440000534057617,22.219999313354492,22.25,807900,DBC
2024-10-31,20.746854782104492,22.59000015258789,22.6200008392334,22.329999923706055,22.43000030517578,1172500,DBC
2024-11-01,20.526437759399414,22.350000381469727,22.709999084472656,22.350000381469727,22.670000076293945,672100,DBC
2024-11-04,20.87543296813965,22.729999542236328,22.739999771118164,22.600000381469727,22.639999389648438,616600,DBC
2024-11-05,21.004011154174805,22.8700008392334,22.93000030517578,22.75,22.860000610351562,509300,DBC
2024-11-06,20.7744083404541,22.6200008392334,22.739999771118164,22.329999923706055,22.360000610351562,818600,DBC
2024-11-07,20.98564338684082,22.850000381469727,22.899999618530273,22.600000381469727,22.68000030517578,1471800,DBC
2024-11-08,20.664199829101562,22.5,22.65999984741211,22.43000030517578,22.6299991607666,453300,DBC
2024-11-11,20.33357048034668,22.139999389648438,22.219999313354492,22.06999969482422,22.219999313354492,1303700,DBC
2024-11-12,20.223363876342773,22.020000457763672,22.239999771118164,22.010000228881836,22.219999313354492,612000,DBC
2024-11-13,20.159074783325195,21.950000762939453,22.059999465942383,21.780000686645508,21.940000534057617,652100,DBC
2024-11-14,20.14070701599121,21.93000030517578,22.1200008392334,21.889999389648438,22.1200008392334,625800,DBC
2024-11-15,20.03968048095703,21.81999969482422,22.079999923706055,21.799999237060547,21.979999542236328,458000,DBC
2024-11-18,20.498884201049805,22.31999969482422,22.360000610351562,22.020000457763672,22.020000457763672,651400,DBC
2024-11-19,20.563173294067383,22.389999389648438,22.440000534057617,22.260000228881836,22.3799991607666,794800,DBC
2024-11-20,20.55398941040039,22.3799991607666,22.489999771118164,22.329999923706055,22.459999084472656,521500,DBC
2024-11-21,20.700937271118164,22.540000915527344,22.56999969482422,22.399999618530273,22.56999969482422,619800,DBC
2024-11-22,20.719303131103516,22.559999465942383,22.6299991607666,22.389999389648438,22.40999984741211,534800,DBC
2024-11-25,20.425413131713867,22.239999771118164,22.459999084472656,22.190000534057617,22.3799991607666,609800,DBC
2024-11-26,20.425413131713867,22.239999771118164,22.489999771118164,22.1200008392334,22.360000610351562,1010500,DBC
2024-11-27,20.315204620361328,22.1200008392334,22.280000686645508,22.040000915527344,22.15999984741211,560700,DBC
2024-11-29,20.33357048034668,22.139999389648438,22.280000686645508,22.110000610351562,22.219999313354492,419000,DBC
2024-12-02,20.18662452697754,21.979999542236328,22.09000015258789,21.93000030517578,22.06999969482422,563000,DBC
2024-12-03,20.416229248046875,22.229999542236328,22.290000915527344,22.100000381469727,22.170000076293945,482300,DBC
2024-12-04,20.306018829345703,22.110000610351562,22.280000686645508,22.040000915527344,22.270000457763672,875600,DBC
2024-12-05,20.278467178344727,22.079999923706055,22.170000076293945,22.020000457763672,22.110000610351562,407000,DBC
2024-12-06,20.122337341308594,21.90999984741211,21.989999771118164,21.860000610351562,21.940000534057617,437900,DBC
2024-12-09,20.315204620361328,22.1200008392334,22.270000457763672,22.1200008392334,22.15999984741211,698400,DBC
2024-12-10,20.36112403869629,22.170000076293945,22.260000228881836,22.1299991607666,22.1299991607666,864200,DBC
2024-12-11,20.61827850341797,22.450000762939453,22.489999771118164,22.309999465942383,22.31999969482422,539800,DBC
2024-12-12,20.53562355041504,22.360000610351562,22.399999618530273,22.190000534057617,22.299999237060547,360700,DBC
2024-12-13,20.526437759399414,22.350000381469727,22.420000076293945,22.31999969482422,22.350000381469727,1165700,DBC
2024-12-16,20.416229248046875,22.229999542236328,22.34000015258789,22.229999542236328,22.329999923706055,832900,DBC
2024-12-17,20.278467178344727,22.079999923706055,22.100000381469727,21.93000030517578,22.049999237060547,386300,DBC
2024-12-18,20.094785690307617,21.8799991607666,22.190000534057617,21.8700008392334,22.100000381469727,1348900,DBC
2024-12-19,20.094785690307617,21.8799991607666,22.049999237060547,21.860000610351562,22.020000457763672,2166500,DBC
2024-12-20,20.223363876342773,22.020000457763672,22.06999969482422,21.809999465942383,21.8700008392334,1507300,DBC
2024-12-23,20.238842010498047,20.920000076293945,20.920000076293945,20.780000686645508,20.8700008392334,1414200,DBC
2024-12-24,20.354934692382812,21.040000915527344,21.100000381469727,21.0,21.020000457763672,549500,DBC
2024-12-26,20.296886444091797,20.979999542236328,21.100000381469727,20.969999313354492,21.049999237060547,1139700,DBC
2024-12-27,20.393630981445312,21.079999923706055,21.15999984741211,21.040000915527344,21.1299991607666,1418400,DBC
2024-12-30,20.57744598388672,21.270000457763672,21.420000076293945,21.239999771118164,21.350000381469727,938700,DBC
2024-12-31,20.683862686157227,21.3799991607666,21.389999389648438,21.270000457763672,21.270000457763672,778400,DBC
2025-01-02,20.887025833129883,21.59000015258789,21.709999084472656,21.549999237060547,21.549999237060547,1027300,DBC
2025-01-03,20.780607223510742,21.479999542236328,21.549999237060547,21.459999084472656,21.549999237060547,760000,DBC
2025-01-06,20.819305419921875,21.520000457763672,21.719999313354492,21.489999771118164,21.6200008392334,678700,DBC
2025-01-07,20.91604995727539,21.6200008392334,21.700000762939453,21.610000610351562,21.6299991607666,787100,DBC
2025-01-08,20.877351760864258,21.579999923706055,21.68000030517578,21.5,21.65999984741211,425600,DBC
2025-01-10,21.438467025756836,22.15999984741211,22.299999237060547,21.979999542236328,22.25,1089400,DBC
2025-01-13,21.5932559967041,22.31999969482422,22.3799991607666,22.219999313354492,22.25,1281800,DBC
2025-01-14,21.583581924438477,22.309999465942383,22.309999465942383,22.209999084472656,22.229999542236328,476300,DBC
2025-01-15,21.931861877441406,22.670000076293945,22.690000534057617,22.420000076293945,22.43000030517578,936700,DBC
2025-01-16,21.83511734008789,22.56999969482422,22.59000015258789,22.389999389648438,22.559999465942383,743300,DBC
2025-01-17,21.738372802734375,22.469999313354492,22.56999969482422,22.3700008392334,22.420000076293945,699600,DBC
2025-01-21,21.631956100463867,22.360000610351562,22.389999389648438,22.25,22.290000915527344,661300,DBC
2025-01-22,21.612606048583984,22.34000015258789,22.399999618530273,22.299999237060547,22.34000015258789,686100,DBC
2025-01-23,21.53521156311035,22.260000228881836,22.459999084472656,22.209999084472656,22.34000015258789,920300,DBC
2025-01-24,21.544885635375977,22.270000457763672,22.34000015258789,22.170000076293945,22.309999465942383,532200,DBC
2025-01-27,21.21595573425293,21.93000030517578,22.110000610351562,21.790000915527344,22.09000015258789,957900,DBC
2025-01-28,21.235305786132812,21.950000762939453,21.979999542236328,21.850000381469727,21.959999084472656,414700,DBC
2025-01-29,21.274002075195312,21.989999771118164,22.06999969482422,21.920000076293945,21.93000030517578,1188300,DBC
2025-01-30,21.293350219726562,22.010000228881836,22.1299991607666,21.979999542236328,22.0,862300,DBC
2025-01-31,21.25465202331543,21.969999313354492,22.010000228881836,21.809999465942383,21.920000076293945,1622200,DBC
2025-02-03,21.419116973876953,22.139999389648438,22.190000534057617,21.989999771118164,22.06999969482422,1027100,DBC
2025-02-04,21.47716522216797,22.200000762939453,22.280000686645508,21.829999923706055,21.850000381469727,1188200,DBC
2025-02-05,21.34172248840332,22.059999465942383,22.1200008392334,21.979999542236328,22.030000686645508,629800,DBC
2025-02-06,21.351396560668945,22.06999969482422,22.110000610351562,21.950000762939453,22.079999923706055,1111400,DBC
2025-02-07,21.36107063293457,22.079999923706055,22.200000762939453,22.059999465942383,22.18000030517578,562700,DBC
2025-02-10,21.670652389526367,22.399999618530273,22.40999984741211,22.260000228881836,22.260000228881836,1099800,DBC
2025-02-11,21.83511734008789,22.56999969482422,22.6200008392334,22.520000457763672,22.540000915527344,693700,DBC
2025-02-12,21.5932559967041,22.31999969482422,22.5,22.31999969482422,22.450000762939453,801600,DBC
2025-02-13,21.699676513671875,22.43000030517578,22.440000534057617,22.270000457763672,22.270000457763672,717100,DBC
2025-02-14,21.7093505859375,22.440000534057617,22.610000610351562,22.43000030517578,22.559999465942383,1174400,DBC
2025-02-18,22.02860450744629,22.770000457763672,22.790000915527344,22.559999465942383,22.579999923706055,877300,DBC
2025-02-19,22.20274543762207,22.950000762939453,23.010000228881836,22.829999923706055,22.959999084472656,787400,DBC
2025-02-20,22.231767654418945,22.979999542236328,23.040000915527344,22.940000534057617,22.969999313354492,666700,DBC
2025-02-21,21.92218589782715,22.65999984741211,22.899999618530273,22.65999984741211,22.899999618530273,809600,DBC
2025-02-24,21.844791412353516,22.579999923706055,22.610000610351562,22.510000228881836,22.579999923706055,1058100,DBC
2025-02-25,21.60293197631836,22.329999923706055,22.549999237060547,22.219999313354492,22.549999237060547,1015600,DBC
2025-02-26,21.419116973876953,22.139999389648438,22.229999542236328,22.079999923706055,22.200000762939453,1308500,DBC
2025-02-27,21.44814109802246,22.170000076293945,22.270000457763672,22.139999389648438,22.219999313354492,1174400,DBC
2025-02-28,21.283676147460938,22.0,22.040000915527344,21.920000076293945,22.040000915527344,1814800,DBC
2025-03-03,21.148235321044922,21.860000610351562,22.100000381469727,21.790000915527344,22.09000015258789,3041000,DBC
2025-03-04,21.21595573425293,21.93000030517578,21.969999313354492,21.729999542236328,21.8700008392334,3014800,DBC
2025-03-05,21.157909393310547,21.8700008392334,21.8700008392334,21.610000610351562,21.700000762939453,2521500,DBC
2025-03-06,21.051490783691406,21.760000228881836,21.860000610351562,21.709999084472656,21.790000915527344,1985800,DBC
2025-03-07,21.235305786132812,21.950000762939453,22.049999237060547,21.809999465942383,21.899999618530273,1133900,DBC
2025-03-10,21.099863052368164,21.809999465942383,22.059999465942383,21.790000915527344,22.020000457763672,1741300,DBC
2025-03-11,21.21595573425293,21.93000030517578,22.049999237060547,21.899999618530273,22.0,2474400,DBC
2025-03-12,21.21595573425293,21.93000030517578,22.0,21.8799991607666,21.950000762939453,1231800,DBC
2025-03-13,21.138561248779297,21.850000381469727,22.049999237060547,21.850000381469727,21.8700008392334,1719400,DBC
2025-03-14,21.25465202331543,21.969999313354492,21.989999771118164,21.829999923706055,21.8799991607666,1467800,DBC
2025-03-17,21.399770736694336,22.1200008392334,22.170000076293945,22.059999465942383,22.079999923706055,1707800,DBC
2025-03-18,21.351396560668945,22.06999969482422,22.270000457763672,22.06999969482422,22.260000228881836,1660100,DBC
2025-03-19,21.48683738708496,22.209999084472656,22.25,22.100000381469727,22.1200008392334,1297400,DBC
2025-03-20,21.525535583496094,22.25,22.260000228881836,22.079999923706055,22.1299991607666,1301700,DBC
2025-03-21,21.399770736694336,22.1200008392334,22.170000076293945,22.100000381469727,22.15999984741211,1352900,DBC
2025-03-24,21.47716522216797,22.200000762939453,22.239999771118164,22.1200008392334,22.170000076293945,1766200,DBC
2025-03-25,21.506187438964844,22.229999542236328,22.299999237060547,22.1200008392334,22.260000228881836,1124200,DBC
2025-03-26,21.47716522216797,22.200000762939453,22.31999969482422,22.190000534057617,22.280000686645508,1089100,DBC
2025-03-27,21.53521156311035,22.260000228881836,22.290000915527344,22.100000381469727,22.149999618530273,875200,DBC
2025-03-28,21.467491149902344,22.190000534057617,22.239999771118164,22.079999923706055,22.239999771118164,2163300,DBC
2025-03-31,21.767396926879883,22.5,22.549999237060547,22.270000457763672,22.360000610351562,3256000,DBC
2025-04-01,21.777070999145508,22.510000228881836,22.579999923706055,22.459999084472656,22.549999237060547,3490500,DBC
2025-04-02,21.912511825561523,22.649999618530273,22.65999984741211,22.459999084472656,22.459999084472656,1848300,DBC
2025-04-03,21.032142639160156,21.739999771118164,21.829999923706055,21.690000534057617,21.700000762939453,3423800,DBC
2025-04-04,20.267866134643555,20.950000762939453,21.06999969482422,20.610000610351562,20.8700008392334,5190200,DBC
2025-04-07,19.948610305786133,20.6200008392334,21.260000228881836,20.56999969482422,20.700000762939453,5327500,DBC
2025-04-08,19.50358772277832,20.15999984741211,20.860000610351562,20.09000015258789,20.809999465942383,3650800,DBC
2025-04-09,20.20981788635254,20.889999389648438,20.950000762939453,19.84000015258789,20.010000228881836,3430100,DBC
2025-04-10,19.958282470703125,20.6299991607666,20.68000030517578,20.43000030517578,20.579999923706055,2439800,DBC
2025-04-11,20.248516082763672,20.93000030517578,20.969999313354492,20.6299991607666,20.6299991607666,1307900,DBC
2025-04-14,20.258190155029297,20.940000534057617,21.030000686645508,20.809999465942383,21.020000457763672,1178200,DBC
2025-04-15,20.20981788635254,20.889999389648438,20.959999084472656,20.799999237060547,20.889999389648438,816600,DBC
2025-04-16,20.46135139465332,21.149999618530273,21.190000534057617,21.0,21.0,888200,DBC
2025-04-17,20.674190521240234,21.3700008392334,21.469999313354492,21.229999542236328,21.25,1411100,DBC
2025-04-21,20.500049591064453,21.190000534057617,21.290000915527344,21.100000381469727,21.260000228881836,1429400,DBC
2025-04-22,20.59679412841797,21.290000915527344,21.440000534057617,21.25,21.290000915527344,793700,DBC
2025-04-23,20.44200325012207,21.1299991607666,21.329999923706055,20.989999771118164,21.229999542236328,1443100,DBC
2025-04-24,20.625816345214844,21.31999969482422,21.329999923706055,21.1200008392334,21.25,1256400,DBC
2025-04-25,20.65484046936035,21.350000381469727,21.360000610351562,21.200000762939453,21.209999084472656,903200,DBC
2025-04-28,20.538747787475586,21.229999542236328,21.299999237060547,21.139999389648438,21.290000915527344,1274000,DBC
2025-04-29,20.277538299560547,20.959999084472656,21.139999389648438,20.959999084472656,21.079999923706055,1139000,DBC
2025-04-30,19.900236129760742,20.56999969482422,20.8799991607666,20.549999237060547,20.81999969482422,2553900,DBC
2025-05-01,19.996980667114258,20.670000076293945,20.760000228881836,20.489999771118164,20.56999969482422,3638200,DBC
2025-05-02,20.08405113220215,20.760000228881836,20.84000015258789,20.639999389648438,20.81999969482422,1948100,DBC
2025-05-05,19.967958450317383,20.639999389648438,20.770000457763672,20.579999923706055,20.729999542236328,1284200,DBC
2025-05-06,20.267866134643555,20.950000762939453,21.06999969482422,20.920000076293945,20.979999542236328,1388200,DBC
2025-05-07,20.01633071899414,20.690000534057617,20.899999618530273,20.65999984741211,20.899999618530273,1300700,DBC
2025-05-08,20.277538299560547,20.959999084472656,20.959999084472656,20.809999465942383,20.809999465942383,520000,DBC
2025-05-09,20.432329177856445,21.1200008392334,21.149999618530273,21.040000915527344,21.049999237060547,656600,DBC
2025-05-12,20.567771911621094,21.260000228881836,21.459999084472656,21.239999771118164,21.440000534057617,1209900,DBC
2025-05-13,20.887025833129883,21.59000015258789,21.6200008392334,21.350000381469727,21.389999389648438,445300,DBC
2025-05-14,20.780607223510742,21.479999542236328,21.56999969482422,21.459999084472656,21.510000228881836,449600,DBC
2025-05-15,20.57744598388672,21.270000457763672,21.309999465942383,21.1299991607666,21.260000228881836,490900,DBC
2025-05-16,20.500049591064453,21.190000534057617,21.25,21.149999618530273,21.200000762939453,626800,DBC
2025-05-19,20.471027374267578,21.15999984741211,21.280000686645508,21.110000610351562,21.18000030517578,683700,DBC
2025-05-20,20.732234954833984,21.43000030517578,21.43000030517578,21.219999313354492,21.25,680000,DBC
2025-05-21,20.70321273803711,21.399999618530273,21.549999237060547,21.389999389648438,21.540000915527344,921900,DBC
2025-05-22,20.59679412841797,21.290000915527344,21.34000015258789,21.209999084472656,21.25,634000,DBC
2025-05-23,20.712886810302734,21.40999984741211,21.43000030517578,21.25,21.290000915527344,444100,DBC
2025-05-27,20.529071807861328,21.219999313354492,21.280000686645508,21.139999389648438,21.280000686645508,624700,DBC
2025-05-28,20.46135139465332,21.149999618530273,21.34000015258789,21.149999618530273,21.309999465942383,590600,DBC
2025-05-29,20.354934692382812,21.040000915527344,21.110000610351562,21.0,21.100000381469727,358800,DBC
2025-05-30,20.20014190673828,20.8799991607666,20.969999313354492,20.780000686645508,20.969999313354492,419100,DBC
2025-06-02,20.625816345214844,21.31999969482422,21.389999389648438,21.209999084472656,21.3700008392334,1477700,DBC
2025-06-03,20.76125717163086,21.459999084472656,21.489999771118164,21.280000686645508,21.31999969482422,566700,DBC
2025-06-04,20.683862686157227,21.3799991607666,21.520000457763672,21.270000457763672,21.5,871500,DBC
2025-06-05,20.780607223510742,21.479999542236328,21.610000610351562,21.469999313354492,21.540000915527344,460200,DBC
2025-06-06,20.945072174072266,21.649999618530273,21.670000076293945,21.489999771118164,21.489999771118164,1122800,DBC
2025-06-09,20.964420318603516,21.670000076293945,21.709999084472656,21.549999237060547,21.639999389648438,737900,DBC
2025-06-10,20.91604995727539,21.6200008392334,21.760000228881836,21.579999923706055,21.690000534057617,463600,DBC
2025-06-11,21.25465202331543,21.969999313354492,22.030000686645508,21.75,21.75,829400,DBC
2025-06-12,21.25465202331543,21.969999313354492,22.020000457763672,21.8799991607666,21.940000534057617,796900,DBC
2025-06-13,21.912511825561523,22.649999618530273,22.770000457763672,22.450000762939453,22.469999313354492,1622600,DBC
2025-06-16,21.8641414642334,22.600000381469727,22.670000076293945,22.239999771118164,22.600000381469727,2231300,DBC
2025-06-17,22.328510284423828,23.079999923706055,23.1200008392334,22.760000228881836,22.8700008392334,1641600,DBC
2025-06-18,22.38655662536621,23.139999389648438,23.270000457763672,22.920000076293945,23.190000534057617,1790200,DBC
2025-06-20,22.50265121459961,23.260000228881836,23.31999969482422,23.170000076293945,23.200000762939453,989900,DBC
2025-06-23,21.670652389526367,22.399999618530273,23.280000686645508,22.399999618530273,23.25,3334200,DBC
2025-06-24,21.148235321044922,21.860000610351562,21.979999542236328,21.770000457763672,21.899999618530273,1732000,DBC
2025-06-25,21.119211196899414,21.829999923706055,21.950000762939453,21.760000228881836,21.790000915527344,1541900,DBC
2025-06-26,21.196605682373047,21.90999984741211,22.020000457763672,21.84000015258789,21.860000610351562,1288300,DBC
2025-06-27,21.090187072753906,21.799999237060547,21.90999984741211,21.729999542236328,21.8700008392334,873200,DBC
2025-06-30,21.099863052368164,21.809999465942383,21.8700008392334,21.760000228881836,21.809999465942383,1184000,DBC
2025-07-01,21.21595573425293,21.93000030517578,21.940000534057617,21.780000686645508,21.84000015258789,585700,DBC
2025-07-02,21.564233779907227,22.290000915527344,22.329999923706055,21.969999313354492,22.030000686645508,325600,DBC
2025-07-03,21.5545597076416,22.280000686645508,22.3700008392334,22.229999542236328,22.329999923706055,202000,DBC
2025-07-07,21.53521156311035,22.260000228881836,22.309999465942383,22.110000610351562,22.139999389648438,413100,DBC
2025-07-08,21.60293197631836,22.329999923706055,22.43000030517578,22.229999542236328,22.260000228881836,557200,DBC
2025-07-09,21.564233779907227,22.290000915527344,22.350000381469727,22.200000762939453,22.239999771118164,577300,DBC
2025-07-10,21.496511459350586,22.219999313354492,22.239999771118164,22.139999389648438,22.170000076293945,347400,DBC
2025-07-11,21.777070999145508,22.510000228881836,22.510000228881836,22.31999969482422,22.31999969482422,329700,DBC
2025-07-14,21.5932559967041,22.31999969482422,22.520000457763672,22.309999465942383,22.520000457763672,562500,DBC
2025-07-15,21.5545597076416,22.280000686645508,22.40999984741211,22.260000228881836,22.299999237060547,494700,DBC
2025-07-16,21.583581924438477,22.309999465942383,22.34000015258789,22.1200008392334,22.190000534057617,313600,DBC
2025-07-17,21.757720947265625,22.489999771118164,22.489999771118164,22.280000686645508,22.280000686645508,203300,DBC
2025-07-18,21.796419143676758,22.530000686645508,22.809999465942383,22.520000457763672,22.719999313354492,762500,DBC
2025-07-21,21.748046875,22.479999542236328,22.549999237060547,22.40999984741211,22.469999313354492,500600,DBC
2025-07-22,21.7093505859375,22.440000534057617,22.469999313354492,22.350000381469727,22.3799991607666,334000,DBC
2025-07-23,21.651302337646484,22.3799991607666,22.40999984741211,22.309999465942383,22.3700008392334,438200,DBC
2025-07-24,21.670652389526367,22.399999618530273,22.43000030517578,22.260000228881836,22.3799991607666,347300,DBC
2025-07-25,21.44814109802246,22.170000076293945,22.360000610351562,22.170000076293945,22.34000015258789,381900,DBC
2025-07-28,21.670652389526367,22.399999618530273,22.399999618530273,22.270000457763672,22.360000610351562,373300,DBC
2025-07-29,21.951210021972656,22.690000534057617,22.729999542236328,22.3799991607666,22.389999389648438,480300,DBC
2025-07-30,21.9028377532959,22.639999389648438,22.75,22.440000534057617,22.59000015258789,1038500,DBC
2025-07-31,21.719024658203125,22.450000762939453,22.520000457763672,22.360000610351562,22.450000762939453,656700,DBC
2025-08-01,21.370746612548828,22.09000015258789,22.450000762939453,22.059999465942383,22.450000762939453,505900,DBC
2025-08-04,21.293350219726562,22.010000228881836,22.1200008392334,21.90999984741211,21.940000534057617,558300,DBC
2025-08-05,21.10953712463379,21.81999969482422,21.959999084472656,21.81999969482422,21.940000534057617,225300,DBC
2025-08-06,21.06116485595703,21.770000457763672,22.1200008392334,21.719999313354492,22.040000915527344,530000,DBC
2025-08-07,21.12888526916504,21.84000015258789,21.959999084472656,21.829999923706055,21.889999389648438,332800,DBC
2025-08-08,21.12888526916504,21.84000015258789,22.0,21.760000228881836,21.90999984741211,536700,DBC
2025-08-11,21.157909393310547,21.8700008392334,21.90999984741211,21.790000915527344,21.84000015258789,220800,DBC
2025-08-12,21.07084083557129,21.780000686645508,21.829999923706055,21.760000228881836,21.81999969482422,201100,DBC
2025-08-13,21.04181671142578,21.75,21.81999969482422,21.6200008392334,21.809999465942383,527100,DBC
2025-08-14,21.12888526916504,21.84000015258789,21.850000381469727,21.729999542236328,21.790000915527344,394300,DBC
2025-08-15,21.06116485595703,21.770000457763672,21.829999923706055,21.709999084472656,21.709999084472656,192700,DBC
2025-08-18,21.080514907836914,21.790000915527344,21.860000610351562,21.610000610351562,21.649999618530273,658700,DBC
2025-08-19,20.91604995727539,21.6200008392334,21.709999084472656,21.59000015258789,21.700000762939453,379700,DBC
2025-08-20,21.148235321044922,21.860000610351562,21.8700008392334,21.75,21.770000457763672,443800,DBC
2025-08-21,21.274002075195312,21.989999771118164,22.020000457763672,21.829999923706055,21.860000610351562,546000,DBC
2025-08-22,21.36107063293457,22.079999923706055,22.1200008392334,21.969999313354492,21.969999313354492,252200,DBC
2025-08-25,21.467491149902344,22.190000534057617,22.260000228881836,22.110000610351562,22.1299991607666,162400,DBC
2025-08-26,21.30302619934082,22.020000457763672,22.1200008392334,21.989999771118164,22.049999237060547,236300,DBC
2025-08-27,21.32237434387207,22.040000915527344,22.100000381469727,21.979999542236328,22.0,565600,DBC
2025-08-28,21.457815170288086,22.18000030517578,22.25,21.989999771118164,22.059999465942383,147000,DBC
2025-08-29,21.48683738708496,22.209999084472656,22.229999542236328,22.149999618530273,22.229999542236328,447500,DBC
2025-09-02,21.83511734008789,22.56999969482422,22.59000015258789,22.34000015258789,22.40999984741211,630100,DBC
2025-09-03,21.641630172729492,22.3700008392334,22.520000457763672,22.34000015258789,22.5,820100,DBC
2025-09-04,21.48683738708496,22.209999084472656,22.25,22.139999389648438,22.200000762939453,414400,DBC
2025-09-05,21.312700271606445,22.030000686645508,22.139999389648438,21.969999313354492,22.139999389648438,419100,DBC
2025-09-08,21.457815170288086,22.18000030517578,22.209999084472656,22.079999923706055,22.200000762939453,316400,DBC
2025-09-09,21.51586151123047,22.239999771118164,22.3799991607666,22.229999542236328,22.31999969482422,252700,DBC
2025-09-10,21.66097640991211,22.389999389648438,22.420000076293945,22.270000457763672,22.280000686645508,282100,DBC
2025-09-11,21.496511459350586,22.219999313354492,22.280000686645508,22.149999618530273,22.18000030517578,251100,DBC
2025-09-12,21.62228012084961,22.350000381469727,22.459999084472656,22.329999923706055,22.389999389648438,300700,DBC
2025-09-15,21.815767288208008,22.549999237060547,22.56999969482422,22.479999542236328,22.5,267000,DBC
2025-09-16,22.038280487060547,22.780000686645508,22.790000915527344,22.670000076293945,22.690000534057617,195800,DBC
2025-09-17,21.806095123291016,22.540000915527344,22.739999771118164,22.5,22.709999084472656,448000,DBC
2025-09-18,21.7093505859375,22.440000534057617,22.579999923706055,22.389999389648438,22.549999237060547,190700,DBC
2025-09-19,21.53521156311035,22.260000228881836,22.40999984741211,22.25,22.350000381469727,205000,DBC
2025-09-22,21.53521156311035,22.260000228881836,22.270000457763672,22.15999984741211,22.170000076293945,325700,DBC
2025-09-23,21.757720947265625,22.489999771118164,22.5,22.34000015258789,22.34000015258789,318500,DBC
2025-09-24,21.9028377532959,22.639999389648438,22.65999984741211,22.520000457763672,22.559999465942383,309300,DBC
2025-09-25,22.057626724243164,22.799999237060547,22.799999237060547,22.579999923706055,22.649999618530273,1415100,DBC
2025-09-26,22.067302703857422,22.809999465942383,22.969999313354492,22.760000228881836,22.780000686645508,407600,DBC
2025-09-29,21.88348960876465,22.6200008392334,22.700000762939453,22.59000015258789,22.670000076293945,192200,DBC
2025-09-30,21.796419143676758,22.530000686645508,22.579999923706055,22.469999313354492,22.5,377300,DBC
2025-10-01,21.757720947265625,22.489999771118164,22.520000457763672,22.299999237060547,22.34000015258789,565700,DBC
2025-10-02,21.612606048583984,22.34000015258789,22.520000457763672,22.280000686645508,22.450000762939453,303300,DBC
2025-10-03,21.680326461791992,22.40999984741211,22.489999771118164,22.389999389648438,22.40999984741211,356900,DBC
2025-10-06,21.9028377532959,22.639999389648438,22.65999984741211,22.549999237060547,22.549999237060547,179600,DBC
2025-10-07,21.989906311035156,22.729999542236328,22.729999542236328,22.56999969482422,22.6200008392334,241800,DBC
2025-10-08,22.018930435180664,22.760000228881836,22.84000015258789,22.729999542236328,22.760000228881836,292500,DBC
2025-10-09,21.815767288208008,22.549999237060547,22.850000381469727,22.520000457763672,22.850000381469727,168400,DBC
2025-10-10,21.351396560668945,22.06999969482422,22.40999984741211,22.040000915527344,22.360000610351562,464200,DBC
2025-10-13,21.62228012084961,22.350000381469727,22.3799991607666,22.229999542236328,22.299999237060547,282700,DBC
2025-10-14,21.380420684814453,22.100000381469727,22.200000762939453,22.020000457763672,22.059999465942383,205300,DBC
2025-10-15,21.457815170288086,22.18000030517578,22.229999542236328,22.100000381469727,22.209999084472656,164500,DBC
2025-10-16,21.419116973876953,22.139999389648438,22.31999969482422,22.09000015258789,22.219999313354492,279200,DBC
2025-10-17,21.399770736694336,22.1200008392334,22.15999984741211,22.040000915527344,22.1299991607666,1650600,DBC
2025-10-20,21.612606048583984,22.34000015258789,22.34000015258789,22.15999984741211,22.15999984741211,185200,DBC
2025-10-21,21.390094757080078,22.110000610351562,22.209999084472656,21.979999542236328,22.170000076293945,534200,DBC
2025-10-22,21.728696823120117,22.459999084472656,22.520000457763672,22.239999771118164,22.270000457763672,397200,DBC
2025-10-23,22.096324920654297,22.84000015258789,22.959999084472656,22.790000915527344,22.790000915527344,472300,DBC
2025-10-24,22.106000900268555,22.850000381469727,22.959999084472656,22.84000015258789,22.860000610351562,268900,DBC
2025-10-27,22.057626724243164,22.799999237060547,22.889999389648438,22.780000686645508,22.850000381469727,294900,DBC
2025-10-28,21.85446548461914,22.59000015258789,22.700000762939453,22.579999923706055,22.6299991607666,181200,DBC
2025-10-29,21.970558166503906,22.709999084472656,22.850000381469727,22.690000534057617,22.719999313354492,191000,DBC
2025-10-30,21.98023223876953,22.719999313354492,22.790000915527344,22.549999237060547,22.6299991607666,183000,DBC
2025-10-31,22.13502311706543,22.8799991607666,22.899999618530273,22.760000228881836,22.829999923706055,611000,DBC
2025-11-03,22.299488067626953,23.049999237060547,23.06999969482422,22.84000015258789,22.959999084472656,786100,DBC
2025-11-04,22.144697189331055,22.889999389648438,22.969999313354492,22.770000457763672,22.829999923706055,480200,DBC
2025-11-05,22.076976776123047,22.81999969482422,22.989999771118164,22.799999237060547,22.8799991607666,375600,DBC
2025-11-06,22.106000900268555,22.850000381469727,22.8799991607666,22.729999542236328,22.84000015258789,556000,DBC
2025-11-07,22.15437126159668,22.899999618530273,22.940000534057617,22.809999465942383,22.93000030517578,305600,DBC
2025-11-10,22.39623260498047,23.149999618530273,23.15999984741211,22.950000762939453,23.030000686645508,254400,DBC
2025-11-11,22.54134750366211,23.299999237060547,23.31999969482422,23.200000762939453,23.200000762939453,268300,DBC
2025-11-12,22.289813995361328,23.040000915527344,23.1299991607666,23.0,23.110000610351562,808900,DBC
2025-11-13,22.173721313476562,22.920000076293945,23.139999389648438,22.920000076293945,23.09000015258789,291100,DBC
2025-11-14,22.222091674804688,22.969999313354492,23.100000381469727,22.8799991607666,22.950000762939453,787700,DBC
2025-11-17,22.193069458007812,22.940000534057617,23.049999237060547,22.920000076293945,22.950000762939453,353400,DBC
2025-11-18,22.376882553100586,23.1299991607666,23.149999618530273,22.889999389648438,22.969999313354492,352200,DBC
2025-11-19,22.15437126159668,22.899999618530273,22.969999313354492,22.799999237060547,22.940000534057617,965000,DBC
2025-11-20,21.94153594970703,22.68000030517578,22.989999771118164,22.670000076293945,22.989999771118164,287000,DBC
2025-11-21,21.796419143676758,22.530000686645508,22.600000381469727,22.40999984741211,22.510000228881836,528600,DBC
2025-11-24,21.9028377532959,22.639999389648438,22.65999984741211,22.399999618530273,22.450000762939453,516300,DBC
2025-11-25,21.786745071411133,22.520000457763672,22.559999465942383,22.3700008392334,22.469999313354492,224600,DBC
2025-11-26,22.018930435180664,22.760000228881836,22.790000915527344,22.56999969482422,22.56999969482422,983400,DBC
2025-11-28,22.309162139892578,23.059999465942383,23.09000015258789,22.920000076293945,22.940000534057617,236100,DBC
2025-12-01,22.367210388183594,23.1200008392334,23.15999984741211,23.06999969482422,23.110000610351562,679600,DBC
2025-12-02,22.270465850830078,23.020000457763672,23.1200008392334,22.979999542236328,23.06999969482422,525000,DBC
2025-12-03,22.376882553100586,23.1299991607666,23.200000762939453,23.06999969482422,23.149999618530273,140800,DBC
2025-12-04,22.4349308013916,23.190000534057617,23.219999313354492,23.049999237060547,23.1200008392334,195700,DBC
2025-12-05,22.570371627807617,23.329999923706055,23.440000534057617,23.299999237060547,23.299999237060547,502700,DBC
2025-12-08,22.289813995361328,23.040000915527344,23.190000534057617,23.040000915527344,23.170000076293945,784600,DBC
2025-12-09,22.24144172668457,22.989999771118164,23.040000915527344,22.950000762939453,23.030000686645508,294700,DBC
2025-12-10,22.376882553100586,23.1299991607666,23.15999984741211,22.93000030517578,22.979999542236328,387200,DBC
2025-12-11,22.357534408569336,23.110000610351562,23.1200008392334,22.950000762939453,22.950000762939453,534800,DBC
2025-12-12,22.173721313476562,22.920000076293945,23.1200008392334,22.860000610351562,23.1200008392334,425800,DBC
2025-12-15,22.067302703857422,22.809999465942383,22.899999618530273,22.729999542236328,22.8799991607666,252700,DBC
2025-12-16,21.844791412353516,22.579999923706055,22.68000030517578,22.559999465942383,22.649999618530273,392500,DBC
2025-12-17,22.106000900268555,22.850000381469727,22.860000610351562,22.709999084472656,22.739999771118164,504000,DBC
2025-12-18,21.951210021972656,22.690000534057617,22.84000015258789,22.670000076293945,22.790000915527344,211500,DBC
2025-12-19,22.106000900268555,22.850000381469727,22.8799991607666,22.719999313354492,22.770000457763672,282700,DBC
2025-12-22,22.389999389648438,22.389999389648438,22.40999984741211,22.34000015258789,22.3799991607666,511600,DBC
2025-12-23,22.639999389648438,22.639999389648438,22.649999618530273,22.420000076293945,22.479999542236328,642400,DBC
2025-12-24,22.6299991607666,22.6299991607666,22.670000076293945,22.559999465942383,22.670000076293945,362800,DBC
2025-12-26,22.700000762939453,22.700000762939453,22.760000228881836,22.6299991607666,22.709999084472656,686500,DBC
2025-12-29,22.489999771118164,22.489999771118164,22.610000610351562,22.469999313354492,22.59000015258789,539300,DBC
2025-12-30,22.639999389648438,22.639999389648438,22.729999542236328,22.6200008392334,22.719999313354492,597600,DBC
2025-12-31,22.360000610351562,22.360000610351562,22.559999465942383,22.350000381469727,22.520000457763672,931400,DBC
2026-01-02,22.389999389648438,22.389999389648438,22.420000076293945,22.290000915527344,22.389999389648438,825300,DBC
2026-01-05,22.809999465942383,22.809999465942383,22.81999969482422,22.6299991607666,22.6299991607666,860000,DBC
2026-01-06,22.799999237060547,22.799999237060547,22.979999542236328,22.780000686645508,22.940000534057617,581700,DBC
2026-01-07,22.59000015258789,22.59000015258789,22.709999084472656,22.510000228881836,22.709999084472656,660000,DBC
2026-01-08,22.8799991607666,22.8799991607666,22.899999618530273,22.600000381469727,22.610000610351562,776600,DBC
2026-01-09,22.899999618530273,22.899999618530273,23.059999465942383,22.889999389648438,22.969999313354492,220500,DBC
2026-01-12,23.190000534057617,23.190000534057617,23.25,23.059999465942383,23.059999465942383,320900,DBC
2026-01-13,23.3700008392334,23.3700008392334,23.469999313354492,23.299999237060547,23.350000381469727,826200,DBC
2026-01-14,23.389999389648438,23.389999389648438,23.649999618530273,23.260000228881836,23.56999969482422,1316500,DBC
2026-01-15,23.200000762939453,23.200000762939453,23.309999465942383,23.1200008392334,23.18000030517578,490100,DBC
2026-01-16,23.15999984741211,23.15999984741211,23.239999771118164,23.09000015258789,23.200000762939453,506600,DBC
2026-01-20,23.479999542236328,23.479999542236328,23.59000015258789,23.450000762939453,23.510000228881836,427900,DBC
2026-01-21,23.75,23.75,23.790000915527344,23.649999618530273,23.780000686645508,693400,DBC
2026-01-22,23.739999771118164,23.739999771118164,23.760000228881836,23.649999618530273,23.719999313354492,409300,DBC
2026-01-23,24.18000030517578,24.18000030517578,24.200000762939453,24.049999237060547,24.049999237060547,890600,DBC
2026-01-26,24.290000915527344,24.290000915527344,24.5,24.190000534057617,24.350000381469727,749000,DBC
2026-01-27,24.424999237060547,24.424999237060547,24.439899444580078,24.229999542236328,24.299999237060547,398790,DBC
