Date,Adj Close,Close,High,Low,Open,Volume,SEC_ID
2007-12-04,40.07972717285156,143.6699981689453,143.6699981689453,142.8000030517578,142.8000030517578,633,JNK
2007-12-05,40.08810043334961,143.6999969482422,143.6999969482422,143.6999969482422,143.6999969482422,2000,JNK
2007-12-06,39.98768615722656,143.33999633789062,143.33999633789062,143.22000122070312,143.22000122070312,1033,JNK
2007-12-07,40.012786865234375,143.42999267578125,143.42999267578125,143.39999389648438,143.39999389648438,4267,JNK
2007-12-10,40.20525360107422,144.1199951171875,144.1199951171875,143.75999450683594,143.75999450683594,2567,JNK
2007-12-11,40.17177963256836,144.0,144.69000244140625,144.0,144.69000244140625,2133,JNK
2007-12-12,40.07139587402344,143.63999938964844,144.38999938964844,143.63999938964844,144.27000427246094,3500,JNK
2007-12-13,40.07972717285156,143.6699981689453,144.05999755859375,143.6699981689453,144.05999755859375,1967,JNK
2007-12-14,40.07972717285156,143.6699981689453,144.14999389648438,143.6699981689453,144.14999389648438,1000,JNK
2007-12-17,40.113216400146484,143.7899932861328,144.2100067138672,143.63999938964844,144.2100067138672,300,JNK
2007-12-18,40.22203063964844,144.17999267578125,144.36000061035156,144.17999267578125,144.36000061035156,67,JNK
2007-12-19,40.19688415527344,144.08999633789062,144.08999633789062,143.5800018310547,143.5800018310547,333,JNK
2007-12-20,40.1801643371582,144.02999877929688,144.4199981689453,143.8800048828125,144.4199981689453,600,JNK
2007-12-21,40.113216400146484,143.7899932861328,144.3300018310547,143.7899932861328,144.3300018310547,500,JNK
2007-12-24,40.06303024291992,143.61000061035156,143.8800048828125,143.61000061035156,143.8800048828125,1467,JNK
2007-12-26,40.046260833740234,143.5500030517578,143.6999969482422,143.3699951171875,143.6999969482422,733,JNK
2007-12-27,40.046260833740234,143.5500030517578,143.5500030517578,143.5500030517578,143.5500030517578,0,JNK
2007-12-28,40.37677001953125,143.6699981689453,143.75999450683594,143.0399932861328,143.75999450683594,2400,JNK
2007-12-31,40.35990524291992,143.61000061035156,143.94000244140625,143.39999389648438,143.94000244140625,1267,JNK
2008-01-02,40.444236755371094,143.91000366210938,143.97000122070312,143.91000366210938,143.94000244140625,767,JNK
2008-01-03,40.09010696411133,142.64999389648438,144.05999755859375,142.64999389648438,144.05999755859375,1433,JNK
2008-01-04,39.710716247558594,141.3000030517578,143.19000244140625,140.49000549316406,143.19000244140625,6700,JNK
2008-01-07,39.938331604003906,142.11000061035156,142.41000366210938,141.24000549316406,142.41000366210938,1133,JNK
2008-01-08,40.039546966552734,142.47000122070312,142.8000030517578,141.0,142.8000030517578,1433,JNK
2008-01-09,39.65169143676758,141.08999633789062,142.58999633789062,141.08999633789062,141.69000244140625,1400,JNK
2008-01-10,39.43248748779297,140.30999755859375,141.3000030517578,138.0,141.3000030517578,12700,JNK
2008-01-11,39.27227783203125,139.74000549316406,140.72999572753906,138.77999877929688,140.5500030517578,1667,JNK
2008-01-14,39.28916931152344,139.8000030517578,140.5800018310547,139.67999267578125,140.5800018310547,567,JNK
2008-01-15,39.10367202758789,139.13999938964844,139.44000244140625,139.13999938964844,139.44000244140625,467,JNK
2008-01-16,39.31443405151367,139.88999938964844,140.3699951171875,139.88999938964844,140.3699951171875,1767,JNK
2008-01-17,38.69895553588867,137.6999969482422,138.8699951171875,136.8000030517578,138.8699951171875,1133,JNK
2008-01-18,38.724266052246094,137.7899932861328,138.5399932861328,137.7899932861328,138.5399932861328,600,JNK
2008-01-22,38.77487564086914,137.97000122070312,138.0,136.47000122070312,138.0,2600,JNK
2008-01-23,38.76644515991211,137.94000244140625,138.02999877929688,136.55999755859375,137.91000366210938,1400,JNK
2008-01-24,38.6821174621582,137.63999938964844,138.4499969482422,137.63999938964844,137.97000122070312,1533,JNK
2008-01-25,38.252132415771484,136.11000061035156,138.92999267578125,132.92999267578125,138.92999267578125,8533,JNK
2008-01-28,38.564064025878906,137.22000122070312,137.25,136.1999969482422,137.1300048828125,13067,JNK
2008-01-29,38.614662170410156,137.39999389648438,137.6999969482422,136.9199981689453,137.5500030517578,23200,JNK
2008-01-30,39.28916931152344,139.8000030517578,141.0,139.02000427246094,139.1999969482422,489567,JNK
2008-01-31,39.41561508178711,140.25,140.39999389648438,138.75,139.5,12500,JNK
2008-02-01,39.62100601196289,140.07000732421875,143.8800048828125,140.07000732421875,140.72999572753906,24100,JNK
2008-02-04,39.03544998168945,138.0,140.94000244140625,137.85000610351562,140.94000244140625,13733,JNK
2008-02-05,38.92512130737305,137.61000061035156,137.97000122070312,136.8000030517578,137.94000244140625,8000,JNK
2008-02-06,38.82329177856445,137.25,138.57000732421875,136.5,138.57000732421875,7167,JNK
2008-02-07,38.56021499633789,136.32000732421875,136.9499969482422,135.75,135.75,43400,JNK
2008-02-08,38.50932693481445,136.13999938964844,136.41000366210938,135.83999633789062,136.41000366210938,16033,JNK
2008-02-11,38.38203430175781,135.69000244140625,135.69000244140625,135.47999572753906,135.57000732421875,5400,JNK
2008-02-12,38.48383712768555,136.0500030517578,136.0500030517578,135.14999389648438,135.27000427246094,4533,JNK
2008-02-13,38.44142532348633,135.89999389648438,136.1999969482422,135.17999267578125,135.17999267578125,6900,JNK
2008-02-14,38.48383712768555,136.0500030517578,137.3699951171875,135.02999877929688,137.3699951171875,7300,JNK
2008-02-15,38.31413650512695,135.4499969482422,135.4499969482422,134.6999969482422,135.17999267578125,16967,JNK
2008-02-19,38.5008430480957,136.11000061035156,136.5,135.0,136.5,21967,JNK
2008-02-20,38.44142532348633,135.89999389648438,136.1699981689453,135.3300018310547,136.1699981689453,8600,JNK
2008-02-21,38.322601318359375,135.47999572753906,135.89999389648438,135.14999389648438,135.24000549316406,4833,JNK
2008-02-22,38.34807586669922,135.57000732421875,135.57000732421875,135.24000549316406,135.4499969482422,472800,JNK
2008-02-25,38.27171325683594,135.3000030517578,136.1999969482422,134.10000610351562,135.27000427246094,20733,JNK
2008-02-26,38.34807586669922,135.57000732421875,136.44000244140625,135.0,136.44000244140625,7967,JNK
2008-02-27,38.229270935058594,135.14999389648438,136.32000732421875,134.97000122070312,136.32000732421875,8900,JNK
2008-02-28,38.220802307128906,135.1199951171875,135.4499969482422,134.63999938964844,135.0,15667,JNK
2008-02-29,38.059574127197266,134.5500030517578,136.47000122070312,133.1999969482422,134.8800048828125,11900,JNK
2008-03-03,38.270606994628906,134.3699951171875,138.72000122070312,133.44000244140625,136.32000732421875,25567,JNK
2008-03-04,38.150970458984375,133.9499969482422,135.17999267578125,133.1999969482422,135.08999633789062,9600,JNK
2008-03-05,38.20228576660156,134.1300048828125,134.85000610351562,132.75,134.85000610351562,7033,JNK
2008-03-06,38.18516540527344,134.07000732421875,134.10000610351562,133.5,134.0399932861328,7767,JNK
2008-03-07,38.074073791503906,133.67999267578125,133.77000427246094,133.35000610351562,133.35000610351562,6933,JNK
2008-03-10,37.980106353759766,133.35000610351562,134.07000732421875,132.9600067138672,134.07000732421875,11500,JNK
2008-03-11,38.02281951904297,133.5,133.77000427246094,133.2899932861328,133.35000610351562,12867,JNK
2008-03-12,37.851959228515625,132.89999389648438,133.5,132.75,133.5,8967,JNK
2008-03-13,37.59558868408203,132.0,132.57000732421875,131.49000549316406,132.57000732421875,4800,JNK
2008-03-14,37.24528121948242,130.77000427246094,132.27000427246094,128.97000122070312,132.0,5167,JNK
2008-03-17,37.08294677734375,130.1999969482422,131.0399932861328,129.69000244140625,131.0399932861328,22633,JNK
2008-03-18,37.38198471069336,131.25,131.97000122070312,130.0500030517578,130.0500030517578,9767,JNK
2008-03-19,37.296546936035156,130.9499969482422,133.6199951171875,130.9499969482422,133.6199951171875,21867,JNK
2008-03-20,37.54431915283203,131.82000732421875,131.82000732421875,131.10000610351562,131.42999267578125,7800,JNK
2008-03-24,37.8177375793457,132.77999877929688,132.9600067138672,132.38999938964844,132.57000732421875,13400,JNK
2008-03-25,38.005733489990234,133.44000244140625,133.5,132.69000244140625,133.1699981689453,43233,JNK
2008-03-26,38.039913177490234,133.55999755859375,135.08999633789062,133.47000122070312,133.88999938964844,16233,JNK
2008-03-27,37.997169494628906,133.41000366210938,134.0399932861328,133.22999572753906,133.5,67267,JNK
2008-03-28,38.23643112182617,134.25,134.4600067138672,133.64999389648438,133.77000427246094,17833,JNK
2008-03-31,38.23643112182617,134.25,134.39999389648438,133.55999755859375,134.07000732421875,26233,JNK
2008-04-01,38.31654739379883,133.44000244140625,134.10000610351562,132.80999755859375,134.07000732421875,26767,JNK
2008-04-02,38.15287399291992,132.8699951171875,133.35000610351562,132.3000030517578,133.35000610351562,19800,JNK
2008-04-03,38.28207778930664,133.32000732421875,133.3800048828125,132.75,132.75,20100,JNK
2008-04-04,38.4974365234375,134.07000732421875,134.07000732421875,133.35000610351562,133.5,35100,JNK
2008-04-07,38.58357620239258,134.3699951171875,134.5500030517578,134.1300048828125,134.5500030517578,12167,JNK
2008-04-08,38.83338928222656,135.24000549316406,136.32000732421875,134.72999572753906,136.32000732421875,16667,JNK
2008-04-09,38.75589370727539,134.97000122070312,135.24000549316406,133.5,135.02999877929688,24700,JNK
2008-04-10,38.91093826293945,135.50999450683594,135.57000732421875,133.1999969482422,134.91000366210938,53400,JNK
2008-04-11,38.704166412353516,134.7899932861328,136.13999938964844,134.10000610351562,136.13999938964844,44433,JNK
2008-04-14,38.721412658691406,134.85000610351562,134.8800048828125,134.52000427246094,134.85000610351562,39367,JNK
2008-04-15,38.747276306152344,134.94000244140625,135.5399932861328,134.25,135.5399932861328,10800,JNK
2008-04-16,38.842018127441406,135.27000427246094,135.38999938964844,134.6999969482422,135.3000030517578,8267,JNK
2008-04-17,38.9798583984375,135.75,135.8699951171875,135.0,135.0,16033,JNK
2008-04-18,39.26411437988281,136.74000549316406,137.10000610351562,136.32000732421875,136.32000732421875,35833,JNK
2008-04-21,39.246910095214844,136.67999267578125,137.27999877929688,135.9600067138672,137.27999877929688,73033,JNK
2008-04-22,39.36750411987305,137.10000610351562,137.5500030517578,136.44000244140625,137.5500030517578,258867,JNK
2008-04-23,39.50534439086914,137.5800018310547,137.97000122070312,137.39999389648438,137.97000122070312,39700,JNK
2008-04-24,39.47087478637695,137.4600067138672,137.8800048828125,137.33999633789062,137.8800048828125,59367,JNK
2008-04-25,39.45361328125,137.39999389648438,137.7899932861328,137.22000122070312,137.7899932861328,29200,JNK
2008-04-28,39.64313888549805,138.05999755859375,138.14999389648438,137.5500030517578,138.14999389648438,67800,JNK
2008-04-29,39.668975830078125,138.14999389648438,138.2100067138672,137.5800018310547,137.82000732421875,61300,JNK
2008-04-30,39.660369873046875,138.1199951171875,139.11000061035156,137.72999572753906,138.1199951171875,44233,JNK
2008-05-01,40.21316909790039,139.02000427246094,139.35000610351562,137.85000610351562,138.72000122070312,46900,JNK
2008-05-02,39.892093658447266,137.91000366210938,139.86000061035156,137.91000366210938,139.47000122070312,28533,JNK
2008-05-05,40.0135612487793,138.3300018310547,139.58999633789062,137.85000610351562,139.35000610351562,35733,JNK
2008-05-06,39.81399154663086,137.63999938964844,138.17999267578125,137.63999938964844,138.0,35867,JNK
2008-05-07,39.84868621826172,137.75999450683594,137.91000366210938,137.25,137.25,29733,JNK
2008-05-08,39.84868621826172,137.75999450683594,138.05999755859375,137.42999267578125,137.6699981689453,23367,JNK
2008-05-09,39.70985412597656,137.27999877929688,137.39999389648438,136.8000030517578,137.25,14333,JNK
2008-05-12,39.883399963378906,137.8800048828125,137.8800048828125,136.86000061035156,137.3699951171875,18367,JNK
2008-05-13,39.74454116821289,137.39999389648438,137.82000732421875,137.30999755859375,137.82000732421875,24500,JNK
2008-05-14,39.74454116821289,137.39999389648438,137.7899932861328,137.25,137.75999450683594,17833,JNK
2008-05-15,39.883399963378906,137.8800048828125,138.02999877929688,137.1300048828125,137.1300048828125,41833,JNK
2008-05-16,39.84868621826172,137.75999450683594,138.0,137.5500030517578,138.0,28400,JNK
2008-05-19,40.07432556152344,138.5399932861328,138.89999389648438,137.7899932861328,138.50999450683594,18267,JNK
2008-05-20,40.0135612487793,138.3300018310547,138.75,138.14999389648438,138.24000549316406,13367,JNK
2008-05-21,40.03961181640625,138.4199981689453,138.80999755859375,138.2100067138672,138.80999755859375,82333,JNK
2008-05-22,39.822669982910156,137.6699981689453,138.02999877929688,137.33999633789062,137.82000732421875,12867,JNK
2008-05-23,39.3106689453125,135.89999389648438,137.63999938964844,135.60000610351562,137.49000549316406,27333,JNK
2008-05-27,39.3106689453125,135.89999389648438,137.16000366210938,135.89999389648438,136.6199951171875,20200,JNK
2008-05-28,39.24127960205078,135.66000366210938,136.67999267578125,135.17999267578125,135.17999267578125,30367,JNK
2008-05-29,39.518917083740234,136.6199951171875,136.67999267578125,135.69000244140625,136.44000244140625,14300,JNK
2008-05-30,39.81399154663086,137.63999938964844,137.75999450683594,137.19000244140625,137.22000122070312,23333,JNK
2008-06-02,39.75016403198242,136.35000610351562,136.74000549316406,135.92999267578125,136.0500030517578,17400,JNK
2008-06-03,39.57521057128906,135.75,136.11000061035156,135.47999572753906,135.89999389648438,46733,JNK
2008-06-04,39.487762451171875,135.4499969482422,135.6300048828125,135.0,135.38999938964844,22400,JNK
2008-06-05,39.715152740478516,136.22999572753906,136.5,134.82000732421875,134.8800048828125,18633,JNK
2008-06-06,39.70639419555664,136.1999969482422,136.22999572753906,135.60000610351562,135.9600067138672,8233,JNK
2008-06-09,39.67143249511719,136.0800018310547,136.25999450683594,135.8699951171875,136.11000061035156,8767,JNK
2008-06-10,39.61022186279297,135.8699951171875,136.0500030517578,135.60000610351562,136.0500030517578,10267,JNK
2008-06-11,39.601463317871094,135.83999633789062,136.1699981689453,135.60000610351562,135.75,10833,JNK
2008-06-12,39.653926849365234,136.02000427246094,136.11000061035156,135.4499969482422,136.11000061035156,7433,JNK
2008-06-13,39.505271911621094,135.50999450683594,136.3800048828125,135.4499969482422,136.02000427246094,10200,JNK
2008-06-16,39.59270477294922,135.80999755859375,135.80999755859375,135.0,135.80999755859375,13600,JNK
2008-06-17,39.63645935058594,135.9600067138672,136.0500030517578,135.4499969482422,136.0500030517578,11133,JNK
2008-06-18,39.37407302856445,135.05999755859375,136.0800018310547,135.05999755859375,135.24000549316406,12267,JNK
2008-06-19,39.24287414550781,134.61000061035156,135.0,134.5500030517578,135.0,10667,JNK
2008-06-20,39.14665603637695,134.27999877929688,134.61000061035156,133.64999389648438,134.61000061035156,31267,JNK
2008-06-23,39.02424240112305,133.86000061035156,134.10000610351562,133.52999877929688,133.9499969482422,17200,JNK
2008-06-24,38.37702560424805,131.63999938964844,134.30999755859375,130.64999389648438,134.30999755859375,89433,JNK
2008-06-25,38.394527435302734,131.6999969482422,132.27000427246094,130.74000549316406,131.5500030517578,14233,JNK
2008-06-26,38.263328552246094,131.25,132.2100067138672,131.25,131.27999877929688,21033,JNK
2008-06-27,38.394527435302734,131.6999969482422,131.97000122070312,131.0399932861328,131.97000122070312,9900,JNK
2008-06-30,38.438255310058594,131.85000610351562,132.0,130.88999938964844,132.0,14033,JNK
2008-07-01,38.397674560546875,130.64999389648438,130.8000030517578,129.75,130.6199951171875,274600,JNK
2008-07-02,38.10673522949219,129.66000366210938,131.6699981689453,129.4199981689453,130.44000244140625,17000,JNK
2008-07-03,38.247798919677734,130.13999938964844,130.47000122070312,129.69000244140625,130.47000122070312,5000,JNK
2008-07-07,37.895137786865234,128.94000244140625,130.0800018310547,128.6999969482422,129.8699951171875,14900,JNK
2008-07-08,38.14199447631836,129.77999877929688,130.0500030517578,129.0,129.0,22633,JNK
2008-07-09,37.95684814453125,129.14999389648438,129.75,128.8800048828125,129.75,7067,JNK
2008-07-10,38.23897171020508,130.11000061035156,130.13999938964844,129.2100067138672,129.89999389648438,26567,JNK
2008-07-11,38.30070114135742,130.32000732421875,130.32000732421875,128.07000732421875,129.47999572753906,55833,JNK
2008-07-14,38.15082550048828,129.80999755859375,130.8000030517578,129.02999877929688,129.89999389648438,55633,JNK
2008-07-15,37.912750244140625,129.0,129.08999633789062,128.07000732421875,129.0,44133,JNK
2008-07-16,37.56891632080078,127.83000183105469,128.49000549316406,127.26000213623047,128.39999389648438,9000,JNK
2008-07-17,37.824588775634766,128.6999969482422,130.0500030517578,128.49000549316406,128.5500030517578,39033,JNK
2008-07-18,37.824588775634766,128.6999969482422,129.50999450683594,128.6999969482422,129.14999389648438,18600,JNK
2008-07-21,38.05381774902344,129.47999572753906,130.58999633789062,129.0,129.47999572753906,25967,JNK
2008-07-22,38.22134780883789,130.0500030517578,130.35000610351562,129.0,129.0,25633,JNK
2008-07-23,38.309532165527344,130.35000610351562,130.58999633789062,128.82000732421875,130.02000427246094,30167,JNK
2008-07-24,38.28306579589844,130.25999450683594,130.74000549316406,130.02000427246094,130.32000732421875,27633,JNK
2008-07-25,38.13319778442383,129.75,129.99000549316406,129.27000427246094,129.72000122070312,13700,JNK
2008-07-28,38.15962600708008,129.83999633789062,130.1699981689453,129.4499969482422,130.11000061035156,220567,JNK
2008-07-29,38.12434387207031,129.72000122070312,129.99000549316406,129.0,129.5399932861328,12000,JNK
2008-07-30,38.115543365478516,129.69000244140625,129.8699951171875,129.4499969482422,129.75,25033,JNK
2008-07-31,38.009735107421875,129.3300018310547,129.47999572753906,129.0,129.3000030517578,13867,JNK
2008-08-01,38.06842041015625,128.49000549316406,128.49000549316406,127.94999694824219,128.19000244140625,16067,JNK
2008-08-04,37.63285446166992,127.0199966430664,128.10000610351562,126.83999633789062,127.88999938964844,19067,JNK
2008-08-05,37.9528694152832,128.10000610351562,128.52000427246094,127.29000091552734,127.83000183105469,62467,JNK
2008-08-06,37.8017692565918,127.58999633789062,127.88999938964844,127.3499984741211,127.88999938964844,20367,JNK
2008-08-07,37.712860107421875,127.29000091552734,127.5,126.75,127.47000122070312,16667,JNK
2008-08-08,37.79290008544922,127.55999755859375,127.6500015258789,126.83999633789062,127.3499984741211,20533,JNK
2008-08-11,37.62398147583008,126.98999786376953,127.13999938964844,126.75,126.77999877929688,15667,JNK
2008-08-12,37.748443603515625,127.41000366210938,127.7699966430664,126.72000122070312,126.80999755859375,18433,JNK
2008-08-13,37.748443603515625,127.41000366210938,127.5,126.69000244140625,126.93000030517578,14400,JNK
2008-08-14,37.87287521362305,127.83000183105469,127.83000183105469,127.05000305175781,127.41000366210938,19867,JNK
2008-08-15,37.899532318115234,127.91999816894531,128.07000732421875,127.05000305175781,128.07000732421875,15533,JNK
2008-08-18,37.96176528930664,128.1300048828125,128.3699951171875,127.37999725341797,128.25,9400,JNK
2008-08-19,37.92619323730469,128.00999450683594,128.07000732421875,127.55999755859375,127.7699966430664,16300,JNK
2008-08-20,37.82844161987305,127.68000030517578,127.88999938964844,126.75,127.6500015258789,24100,JNK
2008-08-21,37.863990783691406,127.80000305175781,128.10000610351562,126.77999877929688,126.77999877929688,24367,JNK
2008-08-22,37.77508544921875,127.5,127.5,126.77999877929688,127.37999725341797,18333,JNK
2008-08-25,37.85511016845703,127.7699966430664,127.83000183105469,127.11000061035156,127.41000366210938,30300,JNK
2008-08-26,37.77508544921875,127.5,128.00999450683594,127.26000213623047,127.62000274658203,272600,JNK
2008-08-27,37.7573127746582,127.44000244140625,127.6500015258789,127.2300033569336,127.55999755859375,75733,JNK
2008-08-28,37.77508544921875,127.5,127.80000305175781,127.31999969482422,127.7699966430664,39333,JNK
2008-08-29,37.92619323730469,128.00999450683594,128.22000122070312,127.29000091552734,127.9800033569336,50533,JNK
2008-09-02,38.17353820800781,127.80000305175781,127.80000305175781,127.19999694824219,127.73999786376953,29733,JNK
2008-09-03,38.10184860229492,127.55999755859375,127.86000061035156,127.3499984741211,127.58999633789062,48233,JNK
2008-09-04,38.03910446166992,127.3499984741211,127.88999938964844,127.2300033569336,127.37999725341797,12667,JNK
2008-09-05,37.644813537597656,126.02999877929688,127.19999694824219,126.02999877929688,127.16999816894531,19933,JNK
2008-09-08,38.17353820800781,127.80000305175781,128.27999877929688,126.5999984741211,127.86000061035156,33133,JNK
2008-09-09,38.08391571044922,127.5,127.91999816894531,126.5999984741211,126.98999786376953,37567,JNK
2008-09-10,37.985347747802734,127.16999816894531,127.6500015258789,126.75,127.5,35733,JNK
2008-09-11,37.79718017578125,126.54000091552734,126.9000015258789,125.8499984741211,126.38999938964844,33900,JNK
2008-09-12,37.59105682373047,125.8499984741211,126.41999816894531,125.22000122070312,125.8499984741211,54767,JNK
2008-09-15,36.533668518066406,122.30999755859375,125.43000030517578,120.0,123.02999877929688,98567,JNK
2008-09-16,35.306026458740234,118.19999694824219,122.33999633789062,115.88999938964844,121.68000030517578,50333,JNK
2008-09-17,34.553321838378906,115.68000030517578,119.33999633789062,111.0,118.86000061035156,82600,JNK
2008-09-18,35.61967086791992,119.25,120.5999984741211,117.02999877929688,117.80999755859375,57667,JNK
2008-09-19,36.712894439697266,122.91000366210938,123.5999984741211,120.77999877929688,120.77999877929688,91300,JNK
2008-09-22,36.86521530151367,123.41999816894531,123.9000015258789,119.0999984741211,123.0,28267,JNK
2008-09-23,36.88315963745117,123.4800033569336,124.62000274658203,121.55999755859375,123.30000305175781,50900,JNK
2008-09-24,36.73976135253906,123.0,124.3499984741211,121.44000244140625,123.30000305175781,101500,JNK
2008-09-25,35.96914291381836,120.41999816894531,122.4000015258789,116.79000091552734,122.22000122070312,51067,JNK
2008-09-26,35.79888153076172,119.8499984741211,120.83999633789062,115.70999908447266,120.0,22167,JNK
2008-09-29,34.257598876953125,114.69000244140625,119.06999969482422,112.37999725341797,118.3499984741211,46400,JNK
2008-09-30,35.037193298339844,117.30000305175781,117.66000366210938,112.44000244140625,115.2300033569336,46333,JNK
2008-10-01,35.30398178100586,117.12000274658203,118.16999816894531,113.25,117.56999969482422,33533,JNK
2008-10-02,34.78852081298828,115.41000366210938,119.33999633789062,114.30000305175781,119.33999633789062,45000,JNK
2008-10-03,34.00178527832031,112.80000305175781,116.0999984741211,111.33000183105469,116.0999984741211,41767,JNK
2008-10-06,33.34163284301758,110.61000061035156,113.94000244140625,108.1500015258789,113.94000244140625,65900,JNK
2008-10-07,31.840492248535156,105.62999725341797,116.22000122070312,105.0,114.75,44100,JNK
2008-10-08,30.18562889099121,100.13999938964844,105.69000244140625,99.18000030517578,103.9800033569336,96433,JNK
2008-10-09,30.42072296142578,100.91999816894531,105.0,98.48999786376953,101.06999969482422,142667,JNK
2008-10-10,26.00772476196289,86.27999877929688,110.69999694824219,84.0,97.52999877929688,174233,JNK
2008-10-13,28.93768882751465,96.0,102.2699966430664,90.75,90.80999755859375,119067,JNK
2008-10-14,32.066551208496094,106.37999725341797,108.83999633789062,99.75,103.05000305175781,139233,JNK
2008-10-15,31.442594528198242,104.30999755859375,106.9800033569336,99.44999694824219,106.9800033569336,207033,JNK
2008-10-16,29.561641693115234,98.06999969482422,101.25,96.80999755859375,100.83000183105469,76733,JNK
2008-10-17,29.163740158081055,96.75,99.18000030517578,95.19000244140625,96.20999908447266,92800,JNK
2008-10-20,29.281328201293945,97.13999938964844,100.86000061035156,96.05999755859375,100.86000061035156,68467,JNK
2008-10-21,29.13662338256836,96.66000366210938,97.7699966430664,96.02999877929688,97.7699966430664,123200,JNK
2008-10-22,28.548830032348633,94.70999908447266,96.87000274658203,94.70999908447266,96.87000274658203,64100,JNK
2008-10-23,28.802038192749023,95.55000305175781,96.0,93.83999633789062,94.6500015258789,111467,JNK
2008-10-24,27.852510452270508,92.4000015258789,95.69999694824219,90.75,91.11000061035156,68333,JNK
2008-10-27,28.46743392944336,94.44000244140625,95.25,92.4000015258789,92.55000305175781,66133,JNK
2008-10-28,28.422237396240234,94.29000091552734,95.37000274658203,93.1500015258789,94.19999694824219,55633,JNK
2008-10-29,28.458396911621094,94.41000366210938,95.37000274658203,92.25,93.4800033569336,122867,JNK
2008-10-30,28.57594871520996,94.80000305175781,95.25,93.77999877929688,94.31999969482422,62500,JNK
2008-10-31,28.349899291992188,94.05000305175781,94.94999694824219,93.80999755859375,94.58999633789062,67533,JNK
2008-11-03,29.00220489501953,95.0999984741211,95.55000305175781,88.68000030517578,95.04000091552734,82267,JNK
2008-11-04,28.956462860107422,94.94999694824219,96.75,94.47000122070312,96.75,148767,JNK
2008-11-05,29.075395584106445,95.33999633789062,95.63999938964844,94.5,95.63999938964844,104233,JNK
2008-11-06,29.23091697692871,95.8499984741211,95.8499984741211,95.01000213623047,95.22000122070312,61233,JNK
2008-11-07,29.13945198059082,95.55000305175781,96.56999969482422,95.0999984741211,96.56999969482422,49533,JNK
2008-11-10,28.956462860107422,94.94999694824219,96.0,93.54000091552734,95.27999877929688,54733,JNK
2008-11-11,29.130271911621094,95.5199966430664,96.75,94.5,95.4000015258789,78667,JNK
2008-11-12,28.608802795410156,93.80999755859375,95.5199966430664,93.02999877929688,95.43000030517578,66767,JNK
2008-11-13,28.499000549316406,93.44999694824219,94.31999969482422,92.5199966430664,94.31999969482422,73767,JNK
2008-11-14,28.17879295349121,92.4000015258789,93.62999725341797,92.4000015258789,93.56999969482422,53233,JNK
2008-11-17,27.840293884277344,91.29000091552734,92.12999725341797,90.38999938964844,92.12999725341797,42000,JNK
2008-11-18,26.98943328857422,88.5,90.75,88.05000305175781,90.75,80800,JNK
2008-11-19,26.083690643310547,85.52999877929688,88.5,85.05000305175781,88.5,56500,JNK
2008-11-20,25.15962028503418,82.5,85.70999908447266,82.5,85.70999908447266,97300,JNK
2008-11-21,24.885147094726562,81.5999984741211,85.13999938964844,79.5,84.83999633789062,93400,JNK
2008-11-24,25.41581916809082,83.33999633789062,85.0199966430664,82.3499984741211,84.2699966430664,71533,JNK
2008-11-25,25.6719913482666,84.18000030517578,84.56999969482422,82.80000305175781,84.20999908447266,77000,JNK
2008-11-26,26.37643814086914,86.48999786376953,86.55000305175781,84.0,84.18000030517578,82567,JNK
2008-11-28,25.973896026611328,85.16999816894531,86.5199966430664,83.76000213623047,84.93000030517578,53933,JNK
2008-12-01,25.774564743041992,83.4000015258789,84.66000366210938,82.70999908447266,84.4800033569336,56567,JNK
2008-12-02,25.82091522216797,83.55000305175781,85.19999694824219,82.73999786376953,82.73999786376953,67733,JNK
2008-12-03,25.82091522216797,83.55000305175781,83.61000061035156,82.5,83.22000122070312,56100,JNK
2008-12-04,25.579866409301758,82.7699966430664,83.01000213623047,81.77999877929688,83.01000213623047,75233,JNK
2008-12-05,25.598400115966797,82.83000183105469,82.83000183105469,81.66000366210938,82.31999969482422,81300,JNK
2008-12-08,26.006328582763672,84.1500015258789,84.38999938964844,81.5999984741211,81.77999877929688,170233,JNK
2008-12-09,25.76528549194336,83.37000274658203,84.0,82.37999725341797,83.22000122070312,80600,JNK
2008-12-10,25.654050827026367,83.01000213623047,83.55000305175781,82.52999877929688,83.45999908447266,84067,JNK
2008-12-11,25.348079681396484,82.0199966430664,83.06999969482422,81.5999984741211,83.04000091552734,67833,JNK
2008-12-12,25.032854080200195,81.0,81.80999755859375,81.0,81.54000091552734,58233,JNK
2008-12-15,25.16264533996582,81.41999816894531,81.9000015258789,81.05999755859375,81.23999786376953,66800,JNK
2008-12-16,26.043407440185547,84.2699966430664,85.80000305175781,81.0,84.2699966430664,208667,JNK
2008-12-17,25.857990264892578,83.66999816894531,84.54000091552734,82.91999816894531,83.4000015258789,206033,JNK
2008-12-18,26.887142181396484,87.0,88.44000244140625,84.05999755859375,84.05999755859375,723733,JNK
2008-12-19,26.794424057006836,86.69999694824219,87.66000366210938,85.52999877929688,87.23999786376953,330733,JNK
2008-12-22,26.989116668701172,87.33000183105469,88.9800033569336,86.69999694824219,86.79000091552734,257200,JNK
2008-12-23,27.155982971191406,87.87000274658203,88.62000274658203,87.30000305175781,87.66000366210938,279200,JNK
2008-12-24,29.167909622192383,94.37999725341797,94.37999725341797,88.0199966430664,88.2300033569336,219067,JNK
2008-12-26,29.538747787475586,95.58000183105469,97.11000061035156,91.80000305175781,93.87000274658203,150767,JNK
2008-12-29,28.817398071289062,92.16000366210938,94.08000183105469,90.38999938964844,91.80000305175781,198433,JNK
2008-12-30,29.042518615722656,92.87999725341797,95.37000274658203,90.9000015258789,91.29000091552734,261700,JNK
2008-12-31,30.383960723876953,97.16999816894531,97.16999816894531,92.8499984741211,92.8499984741211,244033,JNK
2009-01-02,29.914901733398438,95.66999816894531,99.05999755859375,94.0199966430664,94.0199966430664,258567,JNK
2009-01-05,30.9561824798584,99.0,101.69999694824219,94.68000030517578,94.9800033569336,797033,JNK
2009-01-06,31.584692001342773,101.01000213623047,101.97000122070312,99.05999755859375,100.41000366210938,341500,JNK
2009-01-07,30.646629333496094,98.01000213623047,100.13999938964844,97.05000305175781,99.75,254267,JNK
2009-01-08,30.252620697021484,96.75,99.72000122070312,95.25,97.73999786376953,289800,JNK
2009-01-09,30.712268829345703,98.22000122070312,98.8499984741211,96.69000244140625,96.69000244140625,150300,JNK
2009-01-12,30.63722038269043,97.9800033569336,100.58999633789062,96.9000015258789,99.38999938964844,418633,JNK
2009-01-13,30.843624114990234,98.63999938964844,98.69999694824219,97.19999694824219,98.25,265367,JNK
2009-01-14,29.36145782470703,93.9000015258789,96.80999755859375,92.33999633789062,96.54000091552734,299833,JNK
2009-01-15,29.44588851928711,94.16999816894531,94.7699966430664,91.80000305175781,94.68000030517578,153400,JNK
2009-01-16,30.29015350341797,96.87000274658203,97.2300033569336,93.18000030517578,95.43000030517578,330000,JNK
2009-01-20,28.986228942871094,92.69999694824219,96.23999786376953,92.69999694824219,96.1500015258789,282000,JNK
2009-01-21,29.408382415771484,94.05000305175781,94.26000213623047,93.0,93.98999786376953,476100,JNK
2009-01-22,29.66165542602539,94.86000061035156,95.66999816894531,93.08999633789062,93.98999786376953,276500,JNK
2009-01-23,29.4365234375,94.13999938964844,94.26000213623047,93.1500015258789,93.75,348833,JNK
2009-01-26,29.849262237548828,95.45999908447266,95.5199966430664,93.56999969482422,93.75,249567,JNK
2009-01-27,29.81173324584961,95.33999633789062,95.66999816894531,94.58999633789062,95.16000366210938,315533,JNK
2009-01-28,30.590322494506836,97.83000183105469,98.4000015258789,95.58000183105469,95.66999816894531,505833,JNK
2009-01-29,30.018152236938477,96.0,97.47000122070312,95.63999938964844,97.3499984741211,183100,JNK
2009-01-30,29.90553092956543,95.63999938964844,96.36000061035156,94.88999938964844,95.94000244140625,169333,JNK
2009-02-02,29.332542419433594,92.76000213623047,93.87000274658203,92.33999633789062,93.87000274658203,159367,JNK
2009-02-03,29.598190307617188,93.5999984741211,93.62999725341797,92.4000015258789,93.08999633789062,163800,JNK
2009-02-04,29.465368270874023,93.18000030517578,94.05000305175781,92.4000015258789,93.51000213623047,123033,JNK
2009-02-05,29.3420467376709,92.79000091552734,93.75,92.45999908447266,93.51000213623047,150933,JNK
2009-02-06,29.86380386352539,94.44000244140625,94.44000244140625,92.58000183105469,93.51000213623047,204033,JNK
2009-02-09,29.79741859436035,94.2300033569336,94.47000122070312,93.38999938964844,94.16999816894531,162300,JNK
2009-02-10,29.541242599487305,93.41999816894531,95.01000213623047,93.12000274658203,94.31999969482422,217633,JNK
2009-02-11,29.636106491088867,93.72000122070312,94.2300033569336,93.1500015258789,94.2300033569336,125300,JNK
2009-02-12,29.49382209777832,93.2699966430664,93.9000015258789,92.0999984741211,93.9000015258789,136433,JNK
2009-02-13,29.541242599487305,93.41999816894531,93.54000091552734,92.61000061035156,93.44999694824219,143167,JNK
2009-02-17,28.554649353027344,90.30000305175781,92.87999725341797,89.61000061035156,92.79000091552734,433633,JNK
2009-02-18,28.023374557495117,88.62000274658203,92.22000122070312,86.7300033569336,91.31999969482422,417667,JNK
2009-02-19,28.194150924682617,89.16000366210938,90.9000015258789,89.01000213623047,89.04000091552734,178467,JNK
2009-02-20,28.34596061706543,89.63999938964844,89.81999969482422,87.4800033569336,88.86000061035156,227600,JNK
2009-02-23,27.065261840820312,85.58999633789062,89.58000183105469,85.41000366210938,89.58000183105469,219600,JNK
2009-02-24,28.175203323364258,89.0999984741211,89.19000244140625,85.58999633789062,86.25,280567,JNK
2009-02-25,27.416255950927734,86.69999694824219,88.83000183105469,86.37000274658203,88.83000183105469,313433,JNK
2009-02-26,27.05577278137207,85.55999755859375,87.75,85.5,87.18000030517578,159400,JNK
2009-02-27,26.856565475463867,84.93000030517578,85.73999786376953,84.77999877929688,85.58999633789062,244733,JNK
2009-03-02,26.18955421447754,81.62999725341797,83.87999725341797,80.91000366210938,83.87999725341797,267800,JNK
2009-03-03,26.18955421447754,81.62999725341797,83.58000183105469,80.4000015258789,81.18000030517578,260100,JNK
2009-03-04,25.96817398071289,80.94000244140625,83.19000244140625,80.43000030517578,81.62999725341797,213567,JNK
2009-03-05,25.29442596435547,78.83999633789062,81.9000015258789,78.02999877929688,81.36000061035156,343767,JNK
2009-03-06,25.304048538208008,78.87000274658203,79.94999694824219,78.0,78.2699966430664,169733,JNK
2009-03-09,24.880529403686523,77.55000305175781,78.9000015258789,76.6500015258789,78.72000122070312,183100,JNK
2009-03-10,25.794919967651367,80.4000015258789,80.43000030517578,77.79000091552734,78.72000122070312,420500,JNK
2009-03-11,26.30502700805664,81.98999786376953,82.5,80.43000030517578,81.56999969482422,222200,JNK
2009-03-12,26.84404945373535,83.66999816894531,83.97000122070312,81.66000366210938,82.13999938964844,270467,JNK
2009-03-13,27.075048446655273,84.38999938964844,84.62999725341797,83.06999969482422,83.06999969482422,240167,JNK
2009-03-16,27.296424865722656,85.08000183105469,85.9800033569336,84.5999984741211,84.93000030517578,269333,JNK
2009-03-17,27.498544692993164,85.70999908447266,86.16000366210938,84.36000061035156,85.08000183105469,267700,JNK
2009-03-18,27.76804542541504,86.55000305175781,87.0,84.33000183105469,85.3499984741211,364833,JNK
2009-03-19,27.681415557861328,86.27999877929688,87.41999816894531,85.83000183105469,86.8499984741211,171633,JNK
2009-03-20,28.153032302856445,87.75,87.75,85.86000061035156,86.7300033569336,202867,JNK
2009-03-23,28.54766273498535,88.9800033569336,89.01000213623047,87.36000061035156,87.41999816894531,307100,JNK
2009-03-24,28.201169967651367,87.9000015258789,89.22000122070312,87.44999694824219,88.73999786376953,168633,JNK
2009-03-25,28.393667221069336,88.5,88.9800033569336,88.19999694824219,88.47000122070312,195933,JNK
2009-03-26,28.50916290283203,88.86000061035156,89.87999725341797,88.86000061035156,89.25,415333,JNK
2009-03-27,28.615036010742188,89.19000244140625,89.61000061035156,88.7699966430664,89.01000213623047,177233,JNK
2009-03-30,27.835411071777344,86.76000213623047,89.12999725341797,86.5199966430664,89.0999984741211,244400,JNK
2009-03-31,28.33591079711914,88.31999969482422,89.37000274658203,87.0,87.54000091552734,209000,JNK
2009-04-01,28.220561981201172,86.61000061035156,87.0,85.68000030517578,87.0,175067,JNK
2009-04-02,28.992794036865234,88.9800033569336,89.16000366210938,87.0,87.23999786376953,351633,JNK
2009-04-03,29.471773147583008,90.44999694824219,90.75,88.19999694824219,89.01000213623047,599700,JNK
2009-04-06,29.29579734802246,89.91000366210938,90.4800033569336,89.4000015258789,89.91000366210938,220933,JNK
2009-04-07,29.22739028930664,89.69999694824219,90.38999938964844,88.88999938964844,89.8499984741211,310167,JNK
2009-04-08,29.22739028930664,89.69999694824219,90.05999755859375,88.5,89.76000213623047,186967,JNK
2009-04-09,29.73567771911621,91.26000213623047,91.94999694824219,90.44999694824219,91.41000366210938,554467,JNK
2009-04-13,30.04851722717285,92.22000122070312,93.4800033569336,90.75,91.55999755859375,207000,JNK
2009-04-14,29.813886642456055,91.5,92.5199966430664,91.5,92.16000366210938,241167,JNK
2009-04-15,30.547035217285156,93.75,93.75,91.80000305175781,92.63999938964844,246700,JNK
2009-04-16,31.368114471435547,96.2699966430664,96.36000061035156,93.4800033569336,93.98999786376953,374133,JNK
2009-04-17,32.00348663330078,98.22000122070312,98.66999816894531,96.0,96.0,290533,JNK
2009-04-20,30.507930755615234,93.62999725341797,97.55999755859375,92.69999694824219,97.55999755859375,466867,JNK
2009-04-21,31.143293380737305,95.58000183105469,95.69999694824219,91.55999755859375,92.97000122070312,298367,JNK
2009-04-22,31.133527755737305,95.55000305175781,96.36000061035156,93.87000274658203,94.3499984741211,319867,JNK
2009-04-23,31.094438552856445,95.43000030517578,96.18000030517578,94.55999755859375,95.61000061035156,205467,JNK
2009-04-24,31.358341217041016,96.23999786376953,96.38999938964844,95.27999877929688,95.97000122070312,153033,JNK
2009-04-27,31.211742401123047,95.79000091552734,96.05999755859375,95.27999877929688,96.05999755859375,212967,JNK
2009-04-28,31.319257736206055,96.12000274658203,96.54000091552734,95.22000122070312,96.0,170900,JNK
2009-04-29,31.73956298828125,97.41000366210938,98.55000305175781,96.30000305175781,96.66000366210938,287100,JNK
2009-04-30,32.36517333984375,99.33000183105469,99.87000274658203,98.58000183105469,99.38999938964844,323033,JNK
2009-05-01,32.66411590576172,99.0,99.08999633789062,97.55999755859375,98.91000366210938,277533,JNK
2009-05-04,32.565128326416016,98.69999694824219,99.66000366210938,97.9800033569336,98.76000213623047,345700,JNK
2009-05-05,32.96105194091797,99.9000015258789,100.05000305175781,98.37000274658203,98.37000274658203,356467,JNK
2009-05-06,33.15901565551758,100.5,101.25,99.5999984741211,100.08000183105469,433667,JNK
2009-05-07,32.62448501586914,98.87999725341797,101.94000244140625,98.61000061035156,101.19000244140625,545667,JNK
2009-05-08,33.079830169677734,100.26000213623047,103.05000305175781,100.26000213623047,101.25,763467,JNK
2009-05-11,33.86178207397461,102.62999725341797,105.62999725341797,101.8499984741211,104.37000274658203,814867,JNK
2009-05-12,33.76280975341797,102.33000183105469,102.44999694824219,100.94999694824219,102.30000305175781,335300,JNK
2009-05-13,33.06993865966797,100.2300033569336,101.7300033569336,99.5999984741211,101.69999694824219,370700,JNK
2009-05-14,33.25800704956055,100.80000305175781,101.12999725341797,99.51000213623047,100.47000122070312,218467,JNK
2009-05-15,32.61461639404297,98.8499984741211,100.80000305175781,98.43000030517578,100.6500015258789,345467,JNK
2009-05-18,33.1986198425293,100.62000274658203,102.08999633789062,99.36000061035156,100.47000122070312,315667,JNK
2009-05-19,33.752925872802734,102.30000305175781,102.30000305175781,100.5,100.88999938964844,475167,JNK
2009-05-20,34.03004837036133,103.13999938964844,103.37999725341797,102.05999755859375,102.36000061035156,497733,JNK
2009-05-21,33.56485366821289,101.7300033569336,102.95999908447266,101.12999725341797,102.4800033569336,284700,JNK
2009-05-22,34.29732894897461,103.94999694824219,103.9800033569336,101.58000183105469,102.77999877929688,251500,JNK
2009-05-26,34.05975341796875,103.2300033569336,103.88999938964844,102.18000030517578,103.11000061035156,275833,JNK
2009-05-27,34.05975341796875,103.2300033569336,104.69999694824219,103.16999816894531,103.70999908447266,362400,JNK
2009-05-28,34.505191802978516,104.58000183105469,104.61000061035156,103.41000366210938,103.86000061035156,293867,JNK
2009-05-29,34.643775939941406,105.0,105.02999877929688,104.30999755859375,104.66999816894531,315333,JNK
2009-06-01,35.394927978515625,106.0199966430664,106.0199966430664,103.94999694824219,104.48999786376953,566033,JNK
2009-06-02,35.1245002746582,105.20999908447266,105.30000305175781,104.5199966430664,105.0,310733,JNK
2009-06-03,34.85407257080078,104.4000015258789,105.20999908447266,104.25,105.18000030517578,247533,JNK
2009-06-04,34.974246978759766,104.76000213623047,105.12000274658203,104.0999984741211,105.12000274658203,291933,JNK
2009-06-05,35.19461441040039,105.41999816894531,105.75,104.58000183105469,105.5999984741211,268967,JNK
2009-06-08,35.254676818847656,105.5999984741211,105.77999877929688,104.81999969482422,105.51000213623047,280300,JNK
2009-06-09,35.434967041015625,106.13999938964844,106.16999816894531,105.20999908447266,105.87000274658203,315833,JNK
2009-06-10,35.55517578125,106.5,106.62000274658203,105.38999938964844,106.3499984741211,336167,JNK
2009-06-11,35.57518768310547,106.55999755859375,107.19000244140625,106.19999694824219,106.7699966430664,359200,JNK
2009-06-12,35.66531753540039,106.83000183105469,106.83000183105469,105.75,106.52999877929688,206733,JNK
2009-06-15,34.89414596557617,104.5199966430664,106.7699966430664,104.45999908447266,106.7699966430664,332700,JNK
2009-06-16,34.9542236328125,104.69999694824219,105.75,103.29000091552734,104.79000091552734,395200,JNK
2009-06-17,34.55362319946289,103.5,104.61000061035156,103.3499984741211,104.27999877929688,461533,JNK
2009-06-18,34.94419860839844,104.66999816894531,104.69999694824219,102.18000030517578,103.5,396633,JNK
2009-06-19,35.084434509277344,105.08999633789062,105.08999633789062,104.22000122070312,104.66999816894531,279600,JNK
2009-06-22,34.63374710083008,103.73999786376953,104.8499984741211,102.93000030517578,104.5199966430664,389533,JNK
2009-06-23,34.513545989990234,103.37999725341797,104.19000244140625,103.13999938964844,103.91999816894531,333600,JNK
2009-06-24,34.75392150878906,104.0999984741211,104.4000015258789,103.5,104.16000366210938,249700,JNK
2009-06-25,34.67378234863281,103.86000061035156,104.22000122070312,103.29000091552734,103.86000061035156,266400,JNK
2009-06-26,34.89414596557617,104.5199966430664,104.5199966430664,103.62000274658203,104.06999969482422,199900,JNK
2009-06-29,35.174598693847656,105.36000061035156,105.36000061035156,104.25,104.45999908447266,311167,JNK
2009-06-30,35.24467086791992,105.56999969482422,105.5999984741211,104.43000030517578,105.2699966430664,319300,JNK
2009-07-01,34.87083435058594,103.26000213623047,104.48999786376953,103.26000213623047,103.83000183105469,378367,JNK
2009-07-02,34.41495895385742,101.91000366210938,104.22000122070312,101.69999694824219,103.94999694824219,239067,JNK
2009-07-06,34.100887298583984,100.9800033569336,102.0,100.16999816894531,102.0,412367,JNK
2009-07-07,34.05023956298828,100.83000183105469,101.66999816894531,100.6500015258789,100.9800033569336,193600,JNK
2009-07-08,34.040122985839844,100.80000305175781,101.87999725341797,100.2300033569336,101.69999694824219,425333,JNK
2009-07-09,34.44533920288086,102.0,102.20999908447266,100.52999877929688,100.80000305175781,252133,JNK
2009-07-10,34.080623626708984,100.91999816894531,101.8499984741211,100.5,101.76000213623047,249667,JNK
2009-07-13,34.23260498046875,101.37000274658203,102.18000030517578,100.58999633789062,101.37000274658203,332333,JNK
2009-07-14,34.34403991699219,101.69999694824219,102.2699966430664,101.12999725341797,102.2699966430664,249433,JNK
2009-07-15,34.95191192626953,103.5,103.6500015258789,102.0,102.0,357933,JNK
2009-07-16,35.1849479675293,104.19000244140625,104.25,103.19999694824219,103.58999633789062,290700,JNK
2009-07-17,35.34700393676758,104.66999816894531,104.7300033569336,103.68000030517578,103.86000061035156,370633,JNK
2009-07-20,35.85355758666992,106.16999816894531,106.94999694824219,104.7300033569336,105.20999908447266,470267,JNK
2009-07-21,35.85355758666992,106.16999816894531,107.16000366210938,105.69000244140625,106.88999938964844,500500,JNK
2009-07-22,35.95488357543945,106.47000122070312,106.70999908447266,105.77999877929688,106.44000244140625,423467,JNK
2009-07-23,36.167625427246094,107.0999984741211,107.81999969482422,106.26000213623047,106.3499984741211,435033,JNK
2009-07-24,36.441158294677734,107.91000366210938,108.1500015258789,106.6500015258789,107.4000015258789,379667,JNK
2009-07-27,36.57284927368164,108.30000305175781,108.56999969482422,107.81999969482422,108.23999786376953,401933,JNK
2009-07-28,36.623538970947266,108.44999694824219,108.98999786376953,108.0,108.0,486767,JNK
2009-07-29,36.734947204589844,108.77999877929688,109.19999694824219,108.56999969482422,109.0199966430664,490000,JNK
2009-07-30,37.23136901855469,110.25,110.61000061035156,109.3499984741211,109.5,450400,JNK
2009-07-31,37.56570816040039,111.23999786376953,111.77999877929688,109.9800033569336,110.43000030517578,629133,JNK
2009-08-03,37.654808044433594,110.27999877929688,110.7300033569336,109.94999694824219,110.43000030517578,457600,JNK
2009-08-04,37.34749984741211,109.37999725341797,110.45999908447266,108.56999969482422,110.4000015258789,567300,JNK
2009-08-05,37.490936279296875,109.80000305175781,110.0999984741211,108.75,110.0999984741211,259800,JNK
2009-08-06,37.20408248901367,108.95999908447266,110.37000274658203,108.93000030517578,110.0999984741211,290733,JNK
2009-08-07,38.0338020324707,111.38999938964844,111.5999984741211,109.2300033569336,109.58999633789062,399400,JNK
2009-08-10,37.8084602355957,110.7300033569336,111.56999969482422,110.30999755859375,111.54000091552734,384733,JNK
2009-08-11,37.69578170776367,110.4000015258789,111.36000061035156,110.06999969482422,110.97000122070312,388833,JNK
2009-08-12,37.69578170776367,110.4000015258789,110.5199966430664,109.86000061035156,110.25,338533,JNK
2009-08-13,37.23481750488281,109.05000305175781,110.55000305175781,108.93000030517578,110.4000015258789,424833,JNK
2009-08-14,37.43971633911133,109.6500015258789,109.70999908447266,108.75,109.52999877929688,208000,JNK
2009-08-17,36.46656036376953,106.80000305175781,109.0199966430664,106.31999969482422,109.0199966430664,369267,JNK
2009-08-18,36.9684944152832,108.2699966430664,109.08000183105469,106.6500015258789,106.94999694824219,495333,JNK
2009-08-19,37.152896881103516,108.80999755859375,108.80999755859375,107.22000122070312,108.33000183105469,385767,JNK
2009-08-20,37.19385528564453,108.93000030517578,109.19999694824219,108.05999755859375,108.44999694824219,396500,JNK
2009-08-21,37.367984771728516,109.44000244140625,109.55999755859375,108.4800033569336,108.95999908447266,304967,JNK
2009-08-24,37.183616638183594,108.9000015258789,109.88999938964844,108.75,109.37999725341797,466700,JNK
2009-08-25,37.27580642700195,109.16999816894531,109.44000244140625,108.80999755859375,109.13999938964844,345067,JNK
2009-08-26,37.357757568359375,109.41000366210938,109.47000122070312,109.05000305175781,109.29000091552734,264867,JNK
2009-08-27,37.22458267211914,109.0199966430664,109.62000274658203,108.83999633789062,109.47000122070312,591500,JNK
2009-08-28,37.490936279296875,109.80000305175781,109.80000305175781,109.05000305175781,109.37999725341797,421600,JNK
2009-08-31,37.53188705444336,109.91999816894531,109.91999816894531,109.19999694824219,109.73999786376953,334600,JNK
2009-09-01,37.35790252685547,108.23999786376953,108.87000274658203,107.16000366210938,108.5999984741211,504333,JNK
2009-09-02,36.73670196533203,106.44000244140625,108.30000305175781,106.26000213623047,108.30000305175781,457500,JNK
2009-09-03,36.86091995239258,106.80000305175781,107.25,106.26000213623047,106.73999786376953,439400,JNK
2009-09-04,37.295814514160156,108.05999755859375,108.41999816894531,106.80000305175781,107.27999877929688,348067,JNK
2009-09-08,37.74103546142578,109.3499984741211,109.3499984741211,108.23999786376953,108.23999786376953,319767,JNK
2009-09-09,37.513248443603516,108.69000244140625,109.5,108.66000366210938,109.5,272933,JNK
2009-09-10,38.15521240234375,110.55000305175781,110.55000305175781,108.98999786376953,108.98999786376953,384200,JNK
2009-09-11,38.31052017211914,111.0,111.0,110.48999786376953,110.5199966430664,350800,JNK
2009-09-14,38.424415588378906,111.33000183105469,111.54000091552734,110.4000015258789,110.81999969482422,325767,JNK
2009-09-15,38.952491760253906,112.86000061035156,112.88999938964844,111.5999984741211,111.98999786376953,434433,JNK
2009-09-16,39.42875289916992,114.23999786376953,114.41999816894531,113.58000183105469,113.66999816894531,558733,JNK
2009-09-17,39.33559799194336,113.97000122070312,114.83999633789062,113.5199966430664,114.5999984741211,432367,JNK
2009-09-18,39.387351989746094,114.12000274658203,114.51000213623047,113.4000015258789,114.08999633789062,431500,JNK
2009-09-21,39.345943450927734,114.0,114.12000274658203,113.48999786376953,114.12000274658203,262000,JNK
2009-09-22,39.53231430053711,114.54000091552734,114.62999725341797,113.91000366210938,114.33000183105469,275267,JNK
2009-09-23,39.69799041748047,115.0199966430664,115.37999725341797,114.51000213623047,114.51000213623047,370333,JNK
2009-09-24,39.24239730834961,113.69999694824219,115.47000122070312,113.43000030517578,114.62999725341797,466267,JNK
2009-09-25,39.71867370605469,115.08000183105469,115.08000183105469,113.48999786376953,113.63999938964844,292600,JNK
2009-09-28,39.92578125,115.68000030517578,115.7699966430664,114.95999908447266,115.26000213623047,268167,JNK
2009-09-29,39.86365509033203,115.5,115.55999755859375,115.11000061035156,115.55999755859375,360067,JNK
2009-09-30,39.85329818725586,115.47000122070312,115.6500015258789,114.80999755859375,115.6500015258789,414467,JNK
2009-10-01,38.96009826660156,111.75,114.1500015258789,111.56999969482422,113.76000213623047,1577233,JNK
2009-10-02,39.00191879272461,111.87000274658203,111.9000015258789,108.75,110.45999908447266,822267,JNK
2009-10-05,39.43073654174805,113.0999984741211,113.0999984741211,111.56999969482422,111.9000015258789,251267,JNK
2009-10-06,39.51442337036133,113.33999633789062,113.8499984741211,113.12999725341797,113.4000015258789,479400,JNK
2009-10-07,39.57719039916992,113.5199966430664,113.7300033569336,113.12999725341797,113.19000244140625,249700,JNK
2009-10-08,39.63991928100586,113.69999694824219,114.05999755859375,113.4000015258789,113.63999938964844,347333,JNK
2009-10-09,39.702693939208984,113.87999725341797,114.18000030517578,113.55000305175781,113.69999694824219,268433,JNK
2009-10-12,39.77589416503906,114.08999633789062,114.33000183105469,113.79000091552734,114.1500015258789,223733,JNK
2009-10-13,39.76546096801758,114.05999755859375,114.36000061035156,113.55000305175781,114.36000061035156,169233,JNK
2009-10-14,39.97461700439453,114.66000366210938,114.72000122070312,113.81999969482422,114.56999969482422,369700,JNK
2009-10-15,39.98509979248047,114.69000244140625,114.9000015258789,114.33000183105469,114.72000122070312,291200,JNK
2009-10-16,39.94324493408203,114.56999969482422,114.87000274658203,114.18000030517578,114.77999877929688,277067,JNK
2009-10-19,40.18381881713867,115.26000213623047,115.26000213623047,114.62999725341797,114.77999877929688,274000,JNK
2009-10-20,40.22563552856445,115.37999725341797,115.5,114.9000015258789,115.16999816894531,325867,JNK
2009-10-21,40.36162567138672,115.7699966430664,115.94999694824219,115.41000366210938,115.6500015258789,292933,JNK
2009-10-22,40.46621322631836,116.06999969482422,116.0999984741211,115.52999877929688,115.86000061035156,270233,JNK
2009-10-23,40.43480682373047,115.9800033569336,116.43000030517578,115.80000305175781,116.30999755859375,308900,JNK
2009-10-26,40.309288024902344,115.62000274658203,116.43000030517578,115.62000274658203,116.27999877929688,322967,JNK
2009-10-27,40.131534576416016,115.11000061035156,116.04000091552734,114.9000015258789,115.91999816894531,355467,JNK
2009-10-28,39.58762741088867,113.55000305175781,115.2300033569336,112.83000183105469,115.19999694824219,751400,JNK
2009-10-29,39.94324493408203,114.56999969482422,115.05000305175781,113.25,113.48999786376953,462000,JNK
2009-10-30,39.73408126831055,113.97000122070312,114.87000274658203,112.52999877929688,114.44999694824219,543100,JNK
2009-11-02,39.879844665527344,113.25,113.94000244140625,112.47000122070312,113.4000015258789,477033,JNK
2009-11-03,39.92210006713867,113.37000274658203,113.4000015258789,112.58999633789062,112.7699966430664,240900,JNK
2009-11-04,39.84815979003906,113.16000366210938,113.87999725341797,112.80000305175781,113.76000213623047,300033,JNK
2009-11-05,39.879844665527344,113.25,113.61000061035156,112.83000183105469,113.5199966430664,253233,JNK
2009-11-06,40.01716232299805,113.63999938964844,113.69999694824219,112.9800033569336,113.37000274658203,197233,JNK
2009-11-09,40.249568939208984,114.30000305175781,114.38999938964844,113.0999984741211,114.1500015258789,263800,JNK
2009-11-10,40.13340759277344,113.97000122070312,114.36000061035156,113.69999694824219,114.33000183105469,338267,JNK
2009-11-11,40.29185485839844,114.41999816894531,114.5999984741211,114.08999633789062,114.2699966430664,352867,JNK
2009-11-12,40.12281799316406,113.94000244140625,114.38999938964844,113.94000244140625,114.36000061035156,423200,JNK
2009-11-13,40.19676971435547,114.1500015258789,114.41999816894531,113.81999969482422,114.41999816894531,379967,JNK
2009-11-16,40.2179069519043,114.20999908447266,114.62999725341797,114.18000030517578,114.38999938964844,465267,JNK
2009-11-17,40.34467315673828,114.56999969482422,114.62999725341797,114.36000061035156,114.5999984741211,223833,JNK
2009-11-18,40.30241012573242,114.44999694824219,114.72000122070312,114.2699966430664,114.72000122070312,422067,JNK
2009-11-19,40.22846221923828,114.23999786376953,114.54000091552734,114.05999755859375,114.36000061035156,388533,JNK
2009-11-20,40.20735168457031,114.18000030517578,114.51000213623047,114.12000274658203,114.2699966430664,329567,JNK
2009-11-23,40.249568939208984,114.30000305175781,114.66000366210938,114.12000274658203,114.66000366210938,518167,JNK
2009-11-24,40.19676971435547,114.1500015258789,114.44999694824219,114.12000274658203,114.44999694824219,312567,JNK
2009-11-25,40.36579513549805,114.62999725341797,114.62999725341797,114.1500015258789,114.2699966430664,230167,JNK
2009-11-27,40.143943786621094,114.0,114.2699966430664,113.16000366210938,113.69999694824219,312033,JNK
2009-11-30,40.29185485839844,114.41999816894531,114.62999725341797,113.79000091552734,113.79000091552734,481833,JNK
2009-12-01,40.43367385864258,113.76000213623047,113.91000366210938,113.25,113.5199966430664,545667,JNK
2009-12-02,40.401676177978516,113.66999816894531,113.97000122070312,113.5199966430664,113.87999725341797,373600,JNK
2009-12-03,40.593597412109375,114.20999908447266,114.51000213623047,113.79000091552734,113.87999725341797,463833,JNK
2009-12-04,40.796199798583984,114.77999877929688,115.08000183105469,114.56999969482422,115.08000183105469,419700,JNK
2009-12-07,40.849517822265625,114.93000030517578,114.93000030517578,114.54000091552734,114.72000122070312,213100,JNK
2009-12-08,40.881492614746094,115.0199966430664,115.0199966430664,114.72000122070312,114.75,376167,JNK
2009-12-09,41.009437561035156,115.37999725341797,115.44000244140625,115.05000305175781,115.16999816894531,419800,JNK
2009-12-10,41.09475326538086,115.62000274658203,115.70999908447266,115.3499984741211,115.44000244140625,712667,JNK
2009-12-11,41.180076599121094,115.86000061035156,116.12999725341797,115.6500015258789,115.86000061035156,661100,JNK
2009-12-14,41.585262298583984,117.0,117.0,116.0999984741211,116.19000244140625,603933,JNK
2009-12-15,41.49994659423828,116.76000213623047,117.0,116.55000305175781,116.8499984741211,473700,JNK
2009-12-16,41.62794494628906,117.12000274658203,117.33000183105469,116.79000091552734,116.97000122070312,284367,JNK
2009-12-17,41.41463851928711,116.5199966430664,117.1500015258789,116.45999908447266,117.1500015258789,469567,JNK
2009-12-18,41.4786491394043,116.69999694824219,116.97000122070312,116.43000030517578,116.63999938964844,240533,JNK
2009-12-21,41.585262298583984,117.0,117.1500015258789,116.63999938964844,116.63999938964844,360800,JNK
2009-12-22,41.55328369140625,116.91000366210938,117.12000274658203,116.87999725341797,117.02999877929688,291133,JNK
2009-12-23,41.670570373535156,117.23999786376953,117.30000305175781,116.91000366210938,117.1500015258789,299533,JNK
2009-12-24,41.958457946777344,118.05000305175781,118.13999938964844,117.30000305175781,117.30000305175781,187467,JNK
2009-12-28,41.78784942626953,117.56999969482422,118.16999816894531,117.1500015258789,118.16999816894531,652433,JNK
2009-12-29,41.76847457885742,116.43000030517578,116.79000091552734,116.33999633789062,116.7300033569336,261700,JNK
2009-12-30,41.876102447509766,116.7300033569336,116.94000244140625,116.48999786376953,116.66999816894531,266733,JNK
2009-12-31,41.76847457885742,116.43000030517578,117.02999877929688,116.43000030517578,116.7300033569336,240267,JNK
2010-01-04,42.317344665527344,117.95999908447266,118.0199966430664,117.05999755859375,117.44999694824219,821000,JNK
2010-01-05,42.7155876159668,119.06999969482422,119.12999725341797,118.0199966430664,118.08000183105469,466767,JNK
2010-01-06,42.85547637939453,119.45999908447266,119.5199966430664,118.9800033569336,119.0999984741211,543100,JNK
2010-01-07,42.995391845703125,119.8499984741211,120.0,119.45999908447266,119.55000305175781,461867,JNK
2010-01-08,43.156822204589844,120.30000305175781,120.38999938964844,119.76000213623047,119.87999725341797,398067,JNK
2010-01-11,43.113773345947266,120.18000030517578,120.62999725341797,120.05999755859375,120.36000061035156,869633,JNK
2010-01-12,43.006160736083984,119.87999725341797,120.12000274658203,119.5199966430664,120.05999755859375,527000,JNK
2010-01-13,42.887752532958984,119.55000305175781,119.91000366210938,119.5199966430664,119.91000366210938,364767,JNK
2010-01-14,42.984622955322266,119.81999969482422,119.91000366210938,119.55000305175781,119.63999938964844,671033,JNK
2010-01-15,42.80165100097656,119.30999755859375,119.8499984741211,119.04000091552734,119.79000091552734,542133,JNK
2010-01-19,42.909305572509766,119.61000061035156,119.61000061035156,119.12999725341797,119.33999633789062,346633,JNK
2010-01-20,42.651004791259766,118.88999938964844,119.58000183105469,118.88999938964844,119.30999755859375,387867,JNK
2010-01-21,41.96220779418945,116.97000122070312,119.22000122070312,116.8499984741211,119.01000213623047,1168467,JNK
2010-01-22,41.56400680541992,115.86000061035156,117.36000061035156,115.55999755859375,116.8499984741211,1102733,JNK
2010-01-25,41.85456466674805,116.66999816894531,116.97000122070312,115.83000183105469,116.27999877929688,721767,JNK
2010-01-26,41.86536407470703,116.69999694824219,117.38999938964844,116.27999877929688,116.37000274658203,532233,JNK
2010-01-27,41.99449920654297,117.05999755859375,117.20999908447266,116.4000015258789,116.76000213623047,690033,JNK
2010-01-28,41.940704345703125,116.91000366210938,117.30000305175781,116.4000015258789,117.23999786376953,555833,JNK
2010-01-29,41.84382247924805,116.63999938964844,117.33000183105469,116.4000015258789,116.94000244140625,641267,JNK
2010-02-01,41.92634963989258,115.83000183105469,116.19000244140625,115.58999633789062,115.80000305175781,523467,JNK
2010-02-02,42.01324462890625,116.06999969482422,116.27999877929688,115.41000366210938,115.91999816894531,479500,JNK
2010-02-03,42.00235366821289,116.04000091552734,116.06999969482422,115.62000274658203,115.9800033569336,453167,JNK
2010-02-04,41.187923431396484,113.79000091552734,115.58999633789062,112.9800033569336,115.5,1257300,JNK
2010-02-05,40.82960510253906,112.80000305175781,114.05999755859375,111.02999877929688,113.43000030517578,1610133,JNK
2010-02-08,40.93817138671875,113.0999984741211,113.66999816894531,112.68000030517578,113.33999633789062,702833,JNK
2010-02-09,41.0359001159668,113.37000274658203,113.69999694824219,112.83000183105469,113.27999877929688,601900,JNK
2010-02-10,40.43868637084961,111.72000122070312,113.58000183105469,111.62999725341797,113.55000305175781,690200,JNK
2010-02-11,40.36268615722656,111.51000213623047,112.80000305175781,111.33000183105469,112.11000061035156,990133,JNK
2010-02-12,40.471248626708984,111.80999755859375,112.31999969482422,111.1500015258789,111.33000183105469,853000,JNK
2010-02-16,40.916446685791016,113.04000091552734,113.45999908447266,111.95999908447266,112.44000244140625,652900,JNK
2010-02-17,41.23137664794922,113.91000366210938,113.97000122070312,113.66999816894531,113.66999816894531,645033,JNK
2010-02-18,41.69832992553711,115.19999694824219,115.73999786376953,113.94000244140625,114.08999633789062,732267,JNK
2010-02-19,41.96980285644531,115.94999694824219,116.22000122070312,110.01000213623047,115.26000213623047,1143267,JNK
2010-02-22,42.197837829589844,116.58000183105469,116.7300033569336,116.30999755859375,116.5199966430664,958800,JNK
2010-02-23,41.81776428222656,115.52999877929688,116.61000061035156,114.98999786376953,116.37000274658203,918100,JNK
2010-02-24,41.8611946105957,115.6500015258789,116.27999877929688,115.52999877929688,115.9800033569336,531767,JNK
2010-02-25,42.04579162597656,116.16000366210938,116.16000366210938,114.9000015258789,115.41000366210938,583567,JNK
2010-02-26,42.121803283691406,116.37000274658203,116.58000183105469,115.94999694824219,116.33999633789062,436467,JNK
2010-03-01,42.221492767333984,115.6500015258789,116.01000213623047,115.19999694824219,115.6500015258789,612633,JNK
2010-03-02,42.363861083984375,116.04000091552734,116.37000274658203,115.80000305175781,116.01000213623047,683200,JNK
2010-03-03,42.637638092041016,116.79000091552734,116.87999725341797,116.0999984741211,116.22000122070312,888900,JNK
2010-03-04,42.57194519042969,116.61000061035156,116.87999725341797,116.4000015258789,116.63999938964844,339133,JNK
2010-03-05,42.88959503173828,117.4800033569336,117.4800033569336,116.76000213623047,116.97000122070312,784700,JNK
2010-03-08,43.0976676940918,118.05000305175781,118.08000183105469,117.56999969482422,117.69000244140625,585267,JNK
2010-03-09,43.185279846191406,118.29000091552734,118.31999969482422,117.77999877929688,117.77999877929688,833533,JNK
2010-03-10,43.24005126953125,118.44000244140625,118.68000030517578,118.13999938964844,118.19999694824219,707767,JNK
2010-03-11,43.2181510925293,118.37999725341797,118.44000244140625,118.13999938964844,118.3499984741211,359300,JNK
2010-03-12,43.26192855834961,118.5,118.62000274658203,118.41000366210938,118.47000122070312,408000,JNK
2010-03-15,43.0976676940918,118.05000305175781,118.55999755859375,117.80999755859375,118.55999755859375,519533,JNK
2010-03-16,43.185279846191406,118.29000091552734,118.55999755859375,118.05000305175781,118.55999755859375,680867,JNK
2010-03-17,43.174320220947266,118.26000213623047,118.62000274658203,118.19999694824219,118.5,619600,JNK
2010-03-18,43.36054229736328,118.7699966430664,118.80000305175781,118.3499984741211,118.47000122070312,421167,JNK
2010-03-19,43.185279846191406,118.29000091552734,118.80000305175781,117.87000274658203,118.29000091552734,575067,JNK
2010-03-22,43.338619232177734,118.70999908447266,118.73999786376953,117.69000244140625,117.69000244140625,486067,JNK
2010-03-23,43.32767868041992,118.68000030517578,118.83000183105469,118.3499984741211,118.83000183105469,382767,JNK
2010-03-24,43.283843994140625,118.55999755859375,118.70999908447266,118.41000366210938,118.5,373400,JNK
2010-03-25,43.491939544677734,119.12999725341797,119.22000122070312,118.73999786376953,118.80000305175781,750467,JNK
2010-03-26,43.426239013671875,118.94999694824219,119.16000366210938,118.7699966430664,118.91999816894531,607600,JNK
2010-03-29,43.55769348144531,119.30999755859375,119.43000030517578,119.04000091552734,119.04000091552734,404833,JNK
2010-03-30,43.61243438720703,119.45999908447266,119.48999786376953,119.27999877929688,119.30999755859375,474000,JNK
2010-03-31,43.579586029052734,119.37000274658203,119.4000015258789,118.55999755859375,119.16000366210938,706567,JNK
2010-04-01,43.6303596496582,118.52999877929688,118.68000030517578,118.44000244140625,118.5,700700,JNK
2010-04-05,43.409523010253906,117.93000030517578,118.70999908447266,117.9000015258789,118.70999908447266,551767,JNK
2010-04-06,43.575157165527344,118.37999725341797,118.5,117.80999755859375,118.13999938964844,571533,JNK
2010-04-07,43.619327545166016,118.5,118.62000274658203,118.26000213623047,118.5,641833,JNK
2010-04-08,43.7408332824707,118.83000183105469,118.88999938964844,118.08000183105469,118.58999633789062,430433,JNK
2010-04-09,43.82917785644531,119.06999969482422,119.12999725341797,118.6500015258789,118.80000305175781,414033,JNK
2010-04-12,43.795997619628906,118.9800033569336,119.25,118.88999938964844,119.22000122070312,416333,JNK
2010-04-13,43.939571380615234,119.37000274658203,119.43000030517578,118.83000183105469,119.16000366210938,589967,JNK
2010-04-14,44.038944244384766,119.63999938964844,119.7300033569336,119.33999633789062,119.48999786376953,532067,JNK
2010-04-15,44.270870208740234,120.2699966430664,120.38999938964844,119.63999938964844,119.79000091552734,622700,JNK
2010-04-16,43.90643310546875,119.27999877929688,120.36000061035156,118.41000366210938,120.0,1173000,JNK
2010-04-19,43.71873474121094,118.7699966430664,119.33999633789062,118.55999755859375,119.33999633789062,581100,JNK
2010-04-20,44.22666931152344,120.1500015258789,120.41999816894531,119.27999877929688,119.30999755859375,1118767,JNK
2010-04-21,44.25979232788086,120.23999786376953,120.56999969482422,119.97000122070312,120.51000213623047,535133,JNK
2010-04-22,43.98374557495117,119.48999786376953,120.23999786376953,119.30999755859375,119.94000244140625,824567,JNK
2010-04-23,44.315032958984375,120.38999938964844,120.41999816894531,119.61000061035156,120.05999755859375,386000,JNK
2010-04-26,44.337100982666016,120.44999694824219,120.72000122070312,120.08999633789062,120.08999633789062,451333,JNK
2010-04-27,43.84017562866211,119.0999984741211,120.66000366210938,118.91999816894531,120.30000305175781,1166167,JNK
2010-04-28,44.0831298828125,119.76000213623047,120.0,119.33999633789062,119.79000091552734,670633,JNK
2010-04-29,44.292972564697266,120.33000183105469,120.41999816894531,119.8499984741211,120.23999786376953,438600,JNK
2010-04-30,44.39229202270508,120.5999984741211,120.69000244140625,120.1500015258789,120.5999984741211,836900,JNK
2010-05-03,44.42905807495117,119.76000213623047,120.0,119.63999938964844,119.76000213623047,406633,JNK
2010-05-04,43.82804489135742,118.13999938964844,119.30999755859375,118.08000183105469,119.19000244140625,720867,JNK
2010-05-05,43.138023376464844,116.27999877929688,117.1500015258789,113.58000183105469,117.12000274658203,1591400,JNK
2010-05-06,41.980567932128906,113.16000366210938,116.0999984741211,105.08999633789062,115.62000274658203,4088767,JNK
2010-05-07,42.31443405151367,114.05999755859375,114.12000274658203,110.69999694824219,112.58999633789062,2071000,JNK
2010-05-10,43.12688064575195,116.25,117.95999908447266,115.68000030517578,117.12000274658203,1272400,JNK
2010-05-11,42.88204574584961,115.58999633789062,116.4000015258789,115.2300033569336,115.5,838867,JNK
2010-05-12,43.34947204589844,116.8499984741211,116.94000244140625,115.94999694824219,115.94999694824219,633833,JNK
2010-05-13,43.14915084838867,116.30999755859375,117.38999938964844,116.16000366210938,117.1500015258789,836633,JNK
2010-05-14,42.78187561035156,115.31999969482422,116.30999755859375,114.62999725341797,116.12999725341797,1392433,JNK
2010-05-17,42.84867477416992,115.5,115.88999938964844,114.1500015258789,115.3499984741211,699400,JNK
2010-05-18,42.63721466064453,114.93000030517578,116.33999633789062,114.44999694824219,115.91999816894531,921133,JNK
2010-05-19,42.203125,113.76000213623047,114.72000122070312,112.7699966430664,114.4800033569336,909000,JNK
2010-05-20,40.54484939575195,109.29000091552734,111.95999908447266,108.23999786376953,111.80999755859375,1948800,JNK
2010-05-21,41.813629150390625,112.70999908447266,112.70999908447266,108.30000305175781,108.30000305175781,1535833,JNK
2010-05-24,41.813629150390625,112.70999908447266,113.43000030517578,112.16999816894531,112.5,731933,JNK
2010-05-25,41.73570251464844,112.5,112.5,108.93000030517578,109.41000366210938,1531300,JNK
2010-05-26,41.01228713989258,110.55000305175781,113.16000366210938,110.30999755859375,113.01000213623047,1778833,JNK
2010-05-27,41.769100189208984,112.58999633789062,113.0999984741211,112.11000061035156,112.11000061035156,847033,JNK
2010-05-28,42.080692291259766,113.43000030517578,113.48999786376953,112.68000030517578,113.16000366210938,894967,JNK
2010-06-01,41.755218505859375,111.5999984741211,112.70999908447266,111.54000091552734,111.98999786376953,539233,JNK
2010-06-02,41.946044921875,112.11000061035156,112.52999877929688,111.51000213623047,111.77999877929688,916133,JNK
2010-06-03,41.9235954284668,112.05000305175781,112.73999786376953,111.41999816894531,112.47000122070312,752233,JNK
2010-06-04,41.74399185180664,111.56999969482422,112.2300033569336,110.91000366210938,110.94000244140625,1616767,JNK
2010-06-07,41.485816955566406,110.87999725341797,112.55999755859375,110.81999969482422,111.44999694824219,752500,JNK
2010-06-08,41.54195022583008,111.02999877929688,111.5999984741211,110.43000030517578,111.5999984741211,700433,JNK
2010-06-09,41.721553802490234,111.51000213623047,111.62999725341797,110.87999725341797,111.51000213623047,537100,JNK
2010-06-10,42.12562942504883,112.58999633789062,112.6500015258789,111.51000213623047,111.80999755859375,462367,JNK
2010-06-11,41.95726013183594,112.13999938964844,112.55999755859375,111.95999908447266,111.95999908447266,411267,JNK
2010-06-14,42.260318756103516,112.94999694824219,113.12999725341797,112.55999755859375,112.86000061035156,507533,JNK
2010-06-15,42.68683624267578,114.08999633789062,114.54000091552734,112.6500015258789,113.19000244140625,1133000,JNK
2010-06-16,42.855255126953125,114.54000091552734,114.54000091552734,113.58000183105469,113.8499984741211,732833,JNK
2010-06-17,43.12459182739258,115.26000213623047,115.29000091552734,114.5999984741211,114.75,658567,JNK
2010-06-18,43.2929573059082,115.70999908447266,115.86000061035156,115.19999694824219,115.19999694824219,695333,JNK
2010-06-21,43.450138092041016,116.12999725341797,116.48999786376953,115.9800033569336,116.43000030517578,596700,JNK
2010-06-22,43.203182220458984,115.47000122070312,116.16000366210938,114.95999908447266,116.06999969482422,838467,JNK
2010-06-23,42.96746063232422,114.83999633789062,115.47000122070312,114.18000030517578,115.44000244140625,841233,JNK
2010-06-24,42.742942810058594,114.23999786376953,114.83999633789062,114.18000030517578,114.72000122070312,422233,JNK
2010-06-25,43.11341094970703,115.2300033569336,115.29000091552734,114.30000305175781,114.30000305175781,447333,JNK
2010-06-28,43.180728912353516,115.41000366210938,115.83000183105469,115.19999694824219,115.47000122070312,297267,JNK
2010-06-29,42.67560577392578,114.05999755859375,115.05000305175781,113.30999755859375,114.51000213623047,602567,JNK
2010-06-30,42.462345123291016,113.48999786376953,114.41999816894531,113.19000244140625,114.2699966430664,961500,JNK
2010-07-01,42.73175811767578,113.25,113.4000015258789,111.69000244140625,112.73999786376953,1168700,JNK
2010-07-02,43.01476287841797,114.0,114.18000030517578,113.33999633789062,113.37000274658203,685933,JNK
2010-07-06,43.21849822998047,114.54000091552734,114.75,114.18000030517578,114.54000091552734,687033,JNK
2010-07-07,43.62600326538086,115.62000274658203,115.86000061035156,114.44999694824219,114.5999984741211,802133,JNK
2010-07-08,43.86372756958008,116.25,116.37000274658203,115.26000213623047,115.83000183105469,957267,JNK
2010-07-09,43.75052261352539,115.94999694824219,116.43000030517578,115.68000030517578,116.43000030517578,863600,JNK
2010-07-12,43.693946838378906,115.80000305175781,116.12999725341797,114.77999877929688,116.12999725341797,1007667,JNK
2010-07-13,44.0561637878418,116.76000213623047,116.97000122070312,115.91999816894531,116.0999984741211,878533,JNK
2010-07-14,43.87508773803711,116.27999877929688,116.69999694824219,116.06999969482422,116.66999816894531,729933,JNK
2010-07-15,43.98828125,116.58000183105469,116.87999725341797,116.12999725341797,116.79000091552734,568867,JNK
2010-07-16,43.63734817504883,115.6500015258789,116.61000061035156,115.3499984741211,116.61000061035156,752967,JNK
2010-07-19,43.84111785888672,116.19000244140625,116.4000015258789,115.83000183105469,116.19000244140625,544800,JNK
2010-07-20,44.11277389526367,116.91000366210938,117.44999694824219,115.86000061035156,115.86000061035156,1340100,JNK
2010-07-21,44.1014518737793,116.87999725341797,117.66000366210938,116.58000183105469,117.23999786376953,871933,JNK
2010-07-22,44.259944915771484,117.30000305175781,117.75,117.12000274658203,117.69000244140625,747467,JNK
2010-07-23,44.49761199951172,117.93000030517578,118.13999938964844,117.44999694824219,117.66000366210938,628833,JNK
2010-07-26,44.59952163696289,118.19999694824219,118.31999969482422,117.62999725341797,118.11000061035156,752200,JNK
2010-07-27,44.64480209350586,118.31999969482422,118.7699966430664,117.87000274658203,118.6500015258789,794300,JNK
2010-07-28,44.55424118041992,118.08000183105469,118.5,117.93000030517578,117.93000030517578,544567,JNK
2010-07-29,44.62214279174805,118.26000213623047,118.47000122070312,117.9000015258789,118.37999725341797,456233,JNK
2010-07-30,44.62214279174805,118.26000213623047,118.58999633789062,117.93000030517578,118.11000061035156,812367,JNK
2010-08-02,44.911964416503906,118.08000183105469,118.08000183105469,117.5999984741211,117.5999984741211,764633,JNK
2010-08-03,45.026084899902344,118.37999725341797,118.5,117.66000366210938,118.0199966430664,1224033,JNK
2010-08-04,44.923404693603516,118.11000061035156,118.41000366210938,118.05000305175781,118.37999725341797,653133,JNK
2010-08-05,44.87775802612305,117.98999786376953,118.13999938964844,117.62999725341797,118.13999938964844,542833,JNK
2010-08-06,44.854915618896484,117.93000030517578,118.0199966430664,117.2699966430664,117.9000015258789,656433,JNK
2010-08-09,44.84351348876953,117.9000015258789,118.31999969482422,117.5999984741211,118.31999969482422,535533,JNK
2010-08-10,44.820709228515625,117.83999633789062,117.98999786376953,117.4800033569336,117.80999755859375,701167,JNK
2010-08-11,44.387088775634766,116.69999694824219,117.23999786376953,116.27999877929688,117.20999908447266,798533,JNK
2010-08-12,44.12465286254883,116.01000213623047,116.63999938964844,115.58999633789062,116.19000244140625,764700,JNK
2010-08-13,44.2615966796875,116.37000274658203,116.79000091552734,116.0999984741211,116.48999786376953,593567,JNK
2010-08-16,44.48979568481445,116.97000122070312,117.08999633789062,116.33999633789062,116.43000030517578,617833,JNK
2010-08-17,44.54682922363281,117.12000274658203,117.66000366210938,117.12000274658203,117.4800033569336,745467,JNK
2010-08-18,44.56966781616211,117.18000030517578,117.54000091552734,117.08999633789062,117.23999786376953,663733,JNK
2010-08-19,44.4783935546875,116.94000244140625,117.44999694824219,116.76000213623047,117.18000030517578,729200,JNK
2010-08-20,44.61529541015625,117.30000305175781,117.30000305175781,116.81999969482422,116.94000244140625,812367,JNK
2010-08-23,44.55827331542969,117.1500015258789,117.4800033569336,116.91000366210938,117.41999816894531,745800,JNK
2010-08-24,44.30722427368164,116.48999786376953,116.91000366210938,116.43000030517578,116.69999694824219,664267,JNK
2010-08-25,44.284400939941406,116.43000030517578,116.55000305175781,115.80000305175781,116.27999877929688,1319633,JNK
2010-08-26,44.05617141723633,115.83000183105469,116.79000091552734,115.68000030517578,116.79000091552734,1031167,JNK
2010-08-27,44.33006286621094,116.55000305175781,116.66999816894531,115.91999816894531,116.33999633789062,870967,JNK
2010-08-30,44.284400939941406,116.43000030517578,116.87999725341797,116.4000015258789,116.69999694824219,567533,JNK
2010-08-31,44.43275451660156,116.81999969482422,117.08999633789062,116.55000305175781,116.55000305175781,998833,JNK
2010-09-01,44.79037094116211,116.8499984741211,116.97000122070312,116.27999877929688,116.30999755859375,762900,JNK
2010-09-02,44.87089538574219,117.05999755859375,117.18000030517578,116.76000213623047,116.8499984741211,874500,JNK
2010-09-03,44.847843170166016,117.0,117.56999969482422,116.91000366210938,117.56999969482422,896200,JNK
2010-09-07,44.88235092163086,117.08999633789062,117.30000305175781,116.87999725341797,117.05999755859375,856967,JNK
2010-09-08,44.905391693115234,117.1500015258789,117.44999694824219,117.08999633789062,117.2699966430664,692200,JNK
2010-09-09,45.10086441040039,117.66000366210938,117.80999755859375,117.41999816894531,117.44999694824219,615867,JNK
2010-09-10,45.15834045410156,117.80999755859375,117.87000274658203,117.51000213623047,117.87000274658203,767133,JNK
2010-09-13,45.41133499145508,118.47000122070312,118.6500015258789,117.93000030517578,117.93000030517578,1133667,JNK
2010-09-14,45.42286682128906,118.5,118.68000030517578,118.26000213623047,118.6500015258789,493933,JNK
2010-09-15,45.445831298828125,118.55999755859375,118.68000030517578,118.3499984741211,118.5,395667,JNK
2010-09-16,45.59536361694336,118.94999694824219,118.94999694824219,118.55999755859375,118.58999633789062,617600,JNK
2010-09-17,45.51482009887695,118.73999786376953,119.16000366210938,118.73999786376953,118.94999694824219,452767,JNK
2010-09-20,45.664329528808594,119.12999725341797,119.27999877929688,118.9800033569336,119.16000366210938,595800,JNK
2010-09-21,45.537845611572266,118.80000305175781,119.33999633789062,118.80000305175781,119.33999633789062,537933,JNK
2010-09-22,45.42286682128906,118.5,119.01000213623047,118.44000244140625,118.80000305175781,613433,JNK
2010-09-23,45.38832092285156,118.41000366210938,118.58999633789062,118.19999694824219,118.47000122070312,514400,JNK
2010-09-24,45.606815338134766,118.9800033569336,119.04000091552734,118.52999877929688,118.55999755859375,703500,JNK
2010-09-27,45.65282440185547,119.0999984741211,119.43000030517578,119.01000213623047,119.16000366210938,757433,JNK
2010-09-28,45.74483871459961,119.33999633789062,119.37000274658203,118.88999938964844,119.33999633789062,498267,JNK
2010-09-29,45.836822509765625,119.58000183105469,119.8499984741211,119.4000015258789,119.48999786376953,641067,JNK
2010-09-30,46.009307861328125,120.02999877929688,120.08999633789062,119.48999786376953,119.91000366210938,1222867,JNK
2010-10-01,46.15523910522461,119.55000305175781,119.7300033569336,119.22000122070312,119.43000030517578,1227833,JNK
2010-10-04,46.0394287109375,119.25,119.63999938964844,119.12999725341797,119.43000030517578,588733,JNK
2010-10-05,46.30580139160156,119.94000244140625,120.02999877929688,119.4000015258789,119.48999786376953,661000,JNK
2010-10-06,46.259490966796875,119.81999969482422,120.08999633789062,119.76000213623047,120.08999633789062,706833,JNK
2010-10-07,46.5258674621582,120.51000213623047,120.51000213623047,119.91000366210938,120.05999755859375,577467,JNK
2010-10-08,46.5953369140625,120.69000244140625,120.69000244140625,120.18000030517578,120.54000091552734,1010633,JNK
2010-10-11,46.5953369140625,120.69000244140625,120.83999633789062,120.54000091552734,120.75,464333,JNK
2010-10-12,46.549041748046875,120.56999969482422,120.80999755859375,120.4800033569336,120.69000244140625,736467,JNK
2010-10-13,46.78070068359375,121.16999816894531,121.2300033569336,120.69000244140625,120.77999877929688,813100,JNK
2010-10-14,46.479530334472656,120.38999938964844,121.19999694824219,120.30000305175781,121.19999694824219,751800,JNK
2010-10-15,46.5258674621582,120.51000213623047,120.83999633789062,120.51000213623047,120.75,739800,JNK
2010-10-18,46.69963836669922,120.95999908447266,120.98999786376953,120.66000366210938,120.69000244140625,553900,JNK
2010-10-19,46.502716064453125,120.44999694824219,120.83999633789062,120.44999694824219,120.51000213623047,647800,JNK
2010-10-20,46.8154182434082,121.26000213623047,121.26000213623047,120.56999969482422,120.69000244140625,636400,JNK
2010-10-21,46.78070068359375,121.16999816894531,121.29000091552734,120.93000030517578,121.29000091552734,518133,JNK
2010-10-22,46.95441818237305,121.62000274658203,121.62000274658203,121.2300033569336,121.47000122070312,466133,JNK
2010-10-25,47.09341812133789,121.9800033569336,122.22000122070312,121.7699966430664,121.91999816894531,715467,JNK
2010-10-26,47.20923614501953,122.27999877929688,122.27999877929688,121.88999938964844,121.91999816894531,498433,JNK
2010-10-27,47.197654724121094,122.25,122.30999755859375,121.91999816894531,122.16000366210938,381533,JNK
2010-10-28,47.25557327270508,122.4000015258789,122.45999908447266,122.19000244140625,122.33999633789062,389600,JNK
2010-10-29,47.34821319580078,122.63999938964844,122.66999816894531,122.37000274658203,122.48999786376953,703700,JNK
2010-11-01,47.14528274536133,121.26000213623047,121.88999938964844,121.2300033569336,121.7699966430664,1329800,JNK
2010-11-02,47.40187454223633,121.91999816894531,121.91999816894531,121.47000122070312,121.52999877929688,656567,JNK
2010-11-03,47.62348937988281,122.48999786376953,122.58000183105469,121.73999786376953,121.91999816894531,1310200,JNK
2010-11-04,48.11335754394531,123.75,123.95999908447266,122.76000213623047,122.81999969482422,1256367,JNK
2010-11-05,47.961727142333984,123.36000061035156,123.66000366210938,123.0,123.66000366210938,1086967,JNK
2010-11-08,47.71681213378906,122.7300033569336,123.1500015258789,122.63999938964844,123.0,895467,JNK
2010-11-09,47.62348937988281,122.48999786376953,123.05999755859375,122.19000244140625,123.05999755859375,687167,JNK
2010-11-10,47.34356689453125,121.7699966430664,122.5199966430664,121.62000274658203,122.5199966430664,981167,JNK
2010-11-11,47.168609619140625,121.31999969482422,121.62000274658203,120.51000213623047,121.29000091552734,1001500,JNK
2010-11-12,47.005306243896484,120.9000015258789,121.41000366210938,120.72000122070312,121.13999938964844,1260967,JNK
2010-11-15,46.92365264892578,120.69000244140625,121.29000091552734,120.33000183105469,121.11000061035156,1092900,JNK
2010-11-16,46.43376159667969,119.43000030517578,120.44999694824219,119.06999969482422,120.44999694824219,1732200,JNK
2010-11-17,46.620418548583984,119.91000366210938,120.1500015258789,119.66999816894531,119.81999969482422,1342467,JNK
2010-11-18,47.12194061279297,121.19999694824219,121.19999694824219,120.54000091552734,120.69000244140625,839167,JNK
2010-11-19,47.14528274536133,121.26000213623047,121.29000091552734,120.69000244140625,121.05000305175781,587067,JNK
2010-11-22,46.88869094848633,120.5999984741211,121.08000183105469,120.38999938964844,120.93000030517578,621200,JNK
2010-11-23,46.235511779785156,118.91999816894531,120.2699966430664,118.88999938964844,120.23999786376953,1675233,JNK
2010-11-24,46.49208450317383,119.58000183105469,119.8499984741211,119.33999633789062,119.66999816894531,838233,JNK
2010-11-26,46.30548095703125,119.0999984741211,119.69999694824219,119.0999984741211,119.4000015258789,257167,JNK
2010-11-29,46.550418853759766,119.7300033569336,119.97000122070312,119.0999984741211,119.0999984741211,569267,JNK
2010-11-30,46.44540786743164,119.45999908447266,119.81999969482422,119.22000122070312,119.30999755859375,1258567,JNK
2010-12-01,46.796661376953125,119.5199966430664,119.7300033569336,119.19000244140625,119.48999786376953,1174433,JNK
2010-12-02,46.796661376953125,119.5199966430664,119.7300033569336,119.27999877929688,119.61000061035156,883333,JNK
2010-12-03,47.03157424926758,120.12000274658203,120.12000274658203,119.25,119.25,1537267,JNK
2010-12-06,46.98460006713867,120.0,120.05999755859375,119.69999694824219,119.97000122070312,1104733,JNK
2010-12-07,47.1020622253418,120.30000305175781,120.56999969482422,120.18000030517578,120.56999969482422,823700,JNK
2010-12-08,47.19601821899414,120.54000091552734,120.54000091552734,120.05999755859375,120.51000213623047,1389967,JNK
2010-12-09,46.99634552001953,120.02999877929688,120.44999694824219,120.02999877929688,120.44999694824219,890900,JNK
2010-12-10,46.92584228515625,119.8499984741211,120.2699966430664,119.8499984741211,120.23999786376953,868500,JNK
2010-12-13,46.761409759521484,119.43000030517578,120.12000274658203,119.43000030517578,120.0,1106133,JNK
2010-12-14,46.99634552001953,120.02999877929688,120.02999877929688,119.5199966430664,119.76000213623047,819867,JNK
2010-12-15,46.761409759521484,119.43000030517578,120.02999877929688,119.37000274658203,119.97000122070312,601167,JNK
2010-12-16,46.92584228515625,119.8499984741211,119.94000244140625,119.33999633789062,119.37000274658203,460967,JNK
2010-12-17,47.172542572021484,120.4800033569336,120.4800033569336,119.8499984741211,120.0,757300,JNK
2010-12-20,47.25471878051758,120.69000244140625,120.80999755859375,120.33000183105469,120.51000213623047,782433,JNK
2010-12-21,47.313438415527344,120.83999633789062,120.98999786376953,120.69000244140625,120.87000274658203,835867,JNK
2010-12-22,47.24300765991211,120.66000366210938,120.9000015258789,120.66000366210938,120.83999633789062,750000,JNK
2010-12-23,47.454429626464844,121.19999694824219,121.29000091552734,120.75,120.87000274658203,465233,JNK
2010-12-27,47.536643981933594,121.41000366210938,121.5,121.05000305175781,121.08000183105469,622933,JNK
2010-12-28,47.3722038269043,120.98999786376953,121.55999755859375,120.98999786376953,121.5,665933,JNK
2010-12-29,47.61973571777344,118.88999938964844,118.94999694824219,118.55999755859375,118.7699966430664,1007867,JNK
2010-12-30,47.63175582885742,118.91999816894531,118.94999694824219,118.70999908447266,118.73999786376953,496133,JNK
2010-12-31,47.71584701538086,119.12999725341797,119.25,118.80000305175781,119.04000091552734,328867,JNK
2011-01-03,47.908145904541016,119.61000061035156,119.8499984741211,119.0999984741211,119.61000061035156,1353967,JNK
2011-01-04,48.05231475830078,119.97000122070312,120.05999755859375,119.55000305175781,119.87999725341797,1200733,JNK
2011-01-05,48.2806282043457,120.54000091552734,120.54000091552734,119.79000091552734,119.8499984741211,1868433,JNK
2011-01-06,48.3046760559082,120.5999984741211,120.5999984741211,120.12000274658203,120.5999984741211,1176900,JNK
2011-01-07,48.06432342529297,120.0,120.54000091552734,119.8499984741211,120.41999816894531,743633,JNK
2011-01-10,48.016300201416016,119.87999725341797,120.0,119.66999816894531,119.91000366210938,732200,JNK
2011-01-11,48.16044998168945,120.23999786376953,120.2699966430664,120.0,120.1500015258789,748033,JNK
2011-01-12,48.17247009277344,120.2699966430664,120.44999694824219,120.12000274658203,120.44999694824219,849033,JNK
2011-01-13,48.1244010925293,120.1500015258789,120.38999938964844,120.1500015258789,120.23999786376953,576967,JNK
2011-01-14,48.2806282043457,120.54000091552734,120.54000091552734,120.1500015258789,120.30000305175781,582733,JNK
2011-01-18,48.3046760559082,120.5999984741211,120.72000122070312,120.38999938964844,120.5999984741211,565400,JNK
2011-01-19,48.2325553894043,120.41999816894531,120.62999725341797,120.23999786376953,120.54000091552734,1151267,JNK
2011-01-20,48.24457931518555,120.44999694824219,120.4800033569336,120.0,120.44999694824219,842467,JNK
2011-01-21,48.32866668701172,120.66000366210938,120.80999755859375,120.4800033569336,120.56999969482422,921233,JNK
2011-01-24,48.43681716918945,120.93000030517578,121.0199966430664,120.75,120.75,525267,JNK
2011-01-25,48.43681716918945,120.93000030517578,121.13999938964844,120.72000122070312,120.93000030517578,961300,JNK
2011-01-26,48.58102035522461,121.29000091552734,121.37999725341797,121.05000305175781,121.13999938964844,1077633,JNK
2011-01-27,48.60505676269531,121.3499984741211,121.47000122070312,121.13999938964844,121.47000122070312,616967,JNK
2011-01-28,48.340702056884766,120.69000244140625,121.47000122070312,120.69000244140625,121.44000244140625,1340267,JNK
2011-01-31,48.653079986572266,121.47000122070312,121.5,120.95999908447266,121.0199966430664,1120067,JNK
2011-02-01,48.764366149902344,120.98999786376953,121.08000183105469,120.77999877929688,120.87000274658203,684033,JNK
2011-02-02,48.75228500366211,120.95999908447266,121.16999816894531,120.95999908447266,121.11000061035156,697367,JNK
2011-02-03,48.83692932128906,121.16999816894531,121.16999816894531,120.77999877929688,120.93000030517578,1132933,JNK
2011-02-04,49.01829528808594,121.62000274658203,121.6500015258789,121.08000183105469,121.19999694824219,1263567,JNK
2011-02-07,49.12711715698242,121.88999938964844,122.01000213623047,121.5,121.68000030517578,1678200,JNK
2011-02-08,49.07875061035156,121.7699966430664,122.01000213623047,121.58999633789062,121.88999938964844,2110400,JNK
2011-02-09,48.77643966674805,121.0199966430664,121.80000305175781,120.98999786376953,121.7699966430664,1434067,JNK
2011-02-10,48.83692932128906,121.16999816894531,121.44000244140625,120.95999908447266,120.98999786376953,691367,JNK
2011-02-11,48.94569778442383,121.44000244140625,121.44000244140625,121.0199966430664,121.19999694824219,786733,JNK
2011-02-14,49.03038787841797,121.6500015258789,121.70999908447266,121.47000122070312,121.52999877929688,496000,JNK
2011-02-15,48.98201370239258,121.52999877929688,121.70999908447266,121.44000244140625,121.44000244140625,494333,JNK
2011-02-16,49.06663513183594,121.73999786376953,121.88999938964844,121.62000274658203,121.70999908447266,662400,JNK
2011-02-17,49.06663513183594,121.73999786376953,121.91999816894531,121.68000030517578,121.70999908447266,664167,JNK
2011-02-18,49.23594665527344,122.16000366210938,122.16000366210938,121.91999816894531,121.9800033569336,425467,JNK
2011-02-22,48.86109161376953,121.2300033569336,121.9800033569336,121.19999694824219,121.88999938964844,1079933,JNK
2011-02-23,48.909454345703125,121.3499984741211,121.68000030517578,120.98999786376953,121.44000244140625,994900,JNK
2011-02-24,48.909454345703125,121.3499984741211,121.62000274658203,121.26000213623047,121.47000122070312,821267,JNK
2011-02-25,49.115028381347656,121.86000061035156,121.91999816894531,121.5,121.6500015258789,1574433,JNK
2011-02-28,49.30846405029297,122.33999633789062,122.33999633789062,121.83000183105469,121.9800033569336,951567,JNK
2011-03-01,49.07122802734375,120.98999786376953,121.6500015258789,120.95999908447266,121.58999633789062,1016233,JNK
2011-03-02,49.19287872314453,121.29000091552734,121.5,121.05000305175781,121.31999969482422,547767,JNK
2011-03-03,49.436248779296875,121.88999938964844,121.88999938964844,121.47000122070312,121.55999755859375,901400,JNK
2011-03-04,49.265865325927734,121.47000122070312,121.88999938964844,121.44000244140625,121.86000061035156,886467,JNK
2011-03-07,49.363224029541016,121.70999908447266,121.70999908447266,121.41000366210938,121.52999877929688,710567,JNK
2011-03-08,49.3145637512207,121.58999633789062,121.7699966430664,121.44000244140625,121.68000030517578,524833,JNK
2011-03-09,49.144229888916016,121.16999816894531,121.6500015258789,121.16999816894531,121.6500015258789,1127800,JNK
2011-03-10,48.94952392578125,120.69000244140625,121.26000213623047,120.66000366210938,121.19999694824219,1073300,JNK
2011-03-11,49.010379791259766,120.83999633789062,120.9000015258789,120.54000091552734,120.75,873167,JNK
2011-03-14,48.84001159667969,120.41999816894531,120.9000015258789,120.36000061035156,120.56999969482422,1793400,JNK
2011-03-15,48.51152420043945,119.61000061035156,119.97000122070312,119.01000213623047,119.58000183105469,1834300,JNK
2011-03-16,48.158634185791016,118.73999786376953,120.02999877929688,118.73999786376953,119.81999969482422,2515833,JNK
2011-03-17,48.694026947021484,120.05999755859375,120.23999786376953,119.43000030517578,119.61000061035156,927000,JNK
2011-03-18,48.94952392578125,120.69000244140625,120.98999786376953,120.54000091552734,120.66000366210938,930000,JNK
2011-03-21,49.21720886230469,121.3499984741211,121.41000366210938,120.93000030517578,121.0199966430664,846333,JNK
2011-03-22,49.22941207885742,121.37999725341797,121.37999725341797,120.98999786376953,121.2300033569336,2257300,JNK
2011-03-23,49.144229888916016,121.16999816894531,121.29000091552734,120.98999786376953,121.19999694824219,672300,JNK
2011-03-24,49.18071746826172,121.26000213623047,121.44000244140625,121.05000305175781,121.37999725341797,900433,JNK
2011-03-25,49.15636444091797,121.19999694824219,121.41000366210938,121.16999816894531,121.41000366210938,621767,JNK
2011-03-28,49.15636444091797,121.19999694824219,121.37999725341797,121.08000183105469,121.37999725341797,799033,JNK
2011-03-29,49.18071746826172,121.26000213623047,121.41000366210938,121.05000305175781,121.13999938964844,1004867,JNK
2011-03-30,49.3023681640625,121.55999755859375,121.6500015258789,121.29000091552734,121.41000366210938,928400,JNK
2011-03-31,49.290225982666016,121.52999877929688,121.68000030517578,121.41000366210938,121.62000274658203,694400,JNK
2011-04-01,49.232669830322266,120.62999725341797,121.08000183105469,120.56999969482422,120.93000030517578,2618300,JNK
2011-04-04,49.59999084472656,121.52999877929688,121.52999877929688,120.66000366210938,120.66000366210938,2493567,JNK
2011-04-05,49.465293884277344,121.19999694824219,121.58999633789062,121.19999694824219,121.37999725341797,1174700,JNK
2011-04-06,49.587764739990234,121.5,121.52999877929688,121.3499984741211,121.5,489133,JNK
2011-04-07,49.66121292114258,121.68000030517578,121.70999908447266,121.5,121.5,825500,JNK
2011-04-08,49.59999084472656,121.52999877929688,121.7699966430664,121.5,121.7699966430664,693900,JNK
2011-04-11,49.53876876831055,121.37999725341797,121.7699966430664,121.37999725341797,121.7699966430664,711100,JNK
2011-04-12,49.39187240600586,121.0199966430664,121.37999725341797,121.0199966430664,121.19999694824219,1160100,JNK
2011-04-13,49.66121292114258,121.68000030517578,121.68000030517578,121.29000091552734,121.41000366210938,914467,JNK
2011-04-14,49.4775390625,121.2300033569336,121.58999633789062,121.19999694824219,121.58999633789062,750533,JNK
2011-04-15,49.57549285888672,121.47000122070312,121.55999755859375,121.31999969482422,121.47000122070312,513033,JNK
2011-04-18,49.33064270019531,120.87000274658203,121.29000091552734,120.87000274658203,121.29000091552734,1576833,JNK
2011-04-19,49.53876876831055,121.37999725341797,121.44000244140625,121.16999816894531,121.2300033569336,889233,JNK
2011-04-20,49.67344665527344,121.70999908447266,121.88999938964844,121.47000122070312,121.62000274658203,731467,JNK
2011-04-21,49.84489059448242,122.12999725341797,122.16000366210938,121.70999908447266,121.91999816894531,653833,JNK
2011-04-25,49.795894622802734,122.01000213623047,122.25,121.9800033569336,122.19000244140625,647100,JNK
2011-04-26,49.89384841918945,122.25,122.27999877929688,122.06999969482422,122.16000366210938,533333,JNK
2011-04-27,49.86936950683594,122.19000244140625,122.37000274658203,122.16000366210938,122.33999633789062,600233,JNK
2011-04-28,49.96733856201172,122.43000030517578,122.55000305175781,122.19000244140625,122.19000244140625,932067,JNK
2011-04-29,50.077518463134766,122.69999694824219,122.79000091552734,122.58000183105469,122.66999816894531,466667,JNK
2011-05-02,50.07258605957031,121.91999816894531,122.22000122070312,121.83000183105469,122.16000366210938,572533,JNK
2011-05-03,50.09720993041992,121.9800033569336,122.0999984741211,121.68000030517578,121.9800033569336,644600,JNK
2011-05-04,50.06025695800781,121.88999938964844,122.01000213623047,121.70999908447266,122.01000213623047,658367,JNK
2011-05-05,49.88773727416992,121.47000122070312,121.88999938964844,121.31999969482422,121.83000183105469,1053733,JNK
2011-05-06,50.171146392822266,122.16000366210938,122.16000366210938,121.73999786376953,121.73999786376953,1035267,JNK
2011-05-09,50.15884017944336,122.12999725341797,122.22000122070312,121.94999694824219,122.12999725341797,597833,JNK
2011-05-10,50.24507141113281,122.33999633789062,122.43000030517578,122.0999984741211,122.25,510967,JNK
2011-05-11,50.15884017944336,122.12999725341797,122.48999786376953,122.01000213623047,122.48999786376953,581167,JNK
2011-05-12,50.19581985473633,122.22000122070312,122.27999877929688,121.7699966430664,122.16000366210938,566667,JNK
2011-05-13,50.06025695800781,121.88999938964844,122.37000274658203,121.86000061035156,122.33999633789062,756833,JNK
2011-05-16,50.13420104980469,122.06999969482422,122.25,121.88999938964844,122.12999725341797,566867,JNK
2011-05-17,50.232730865478516,122.30999755859375,122.33999633789062,121.86000061035156,122.01000213623047,640300,JNK
2011-05-18,50.31897735595703,122.5199966430664,122.5199966430664,122.19000244140625,122.37000274658203,607400,JNK
2011-05-19,50.269710540771484,122.4000015258789,122.58000183105469,122.30999755859375,122.5199966430664,377600,JNK
2011-05-20,50.28202819824219,122.43000030517578,122.5199966430664,122.25,122.4000015258789,364500,JNK
2011-05-23,50.09720993041992,121.9800033569336,122.27999877929688,121.91999816894531,122.04000091552734,936067,JNK
2011-05-24,49.92469024658203,121.55999755859375,122.25,121.55999755859375,122.19000244140625,1014367,JNK
2011-05-25,49.98632049560547,121.70999908447266,121.7699966430664,121.58999633789062,121.70999908447266,756667,JNK
2011-05-26,49.98632049560547,121.70999908447266,121.7699966430664,121.58999633789062,121.73999786376953,405800,JNK
2011-05-27,50.232730865478516,122.30999755859375,122.37000274658203,121.6500015258789,121.68000030517578,1185933,JNK
2011-05-31,50.368282318115234,122.63999938964844,122.66999816894531,122.33999633789062,122.55000305175781,1345367,JNK
2011-06-01,49.97282409667969,120.93000030517578,121.7699966430664,120.9000015258789,121.68000030517578,1944300,JNK
2011-06-02,49.98524475097656,120.95999908447266,121.13999938964844,120.83999633789062,121.05000305175781,842200,JNK
2011-06-03,49.650489807128906,120.1500015258789,120.62999725341797,120.12000274658203,120.62999725341797,1513900,JNK
2011-06-06,49.538902282714844,119.87999725341797,120.30000305175781,119.81999969482422,120.2699966430664,1065733,JNK
2011-06-07,49.61331558227539,120.05999755859375,120.36000061035156,120.0,120.2699966430664,968900,JNK
2011-06-08,49.439735412597656,119.63999938964844,120.1500015258789,119.63999938964844,119.97000122070312,1018267,JNK
2011-06-09,49.489322662353516,119.76000213623047,120.1500015258789,119.58000183105469,119.76000213623047,1359167,JNK
2011-06-10,48.99344253540039,118.55999755859375,119.76000213623047,118.2300033569336,119.58000183105469,1939333,JNK
2011-06-13,48.85707473754883,118.2300033569336,119.22000122070312,118.19999694824219,118.94999694824219,1643300,JNK
2011-06-14,49.2537956237793,119.19000244140625,119.4000015258789,118.83000183105469,118.83000183105469,624400,JNK
2011-06-15,48.99344253540039,118.55999755859375,119.16000366210938,118.5,118.88999938964844,856767,JNK
2011-06-16,48.076080322265625,116.33999633789062,119.04000091552734,115.7699966430664,118.55999755859375,5541067,JNK
2011-06-17,48.81989669799805,118.13999938964844,118.37999725341797,117.12000274658203,117.75,2373067,JNK
2011-06-20,48.95625305175781,118.47000122070312,118.83000183105469,117.87000274658203,117.87000274658203,913600,JNK
2011-06-21,49.278564453125,119.25,119.25,118.5,118.5,1589067,JNK
2011-06-22,48.869483947753906,118.26000213623047,119.16000366210938,118.13999938964844,119.16000366210938,1060567,JNK
2011-06-23,49.08021545410156,118.7699966430664,119.04000091552734,117.41999816894531,117.98999786376953,1760433,JNK
2011-06-24,48.90666580200195,118.3499984741211,118.94999694824219,118.13999938964844,118.94999694824219,882033,JNK
2011-06-27,48.931461334228516,118.41000366210938,118.58999633789062,118.29000091552734,118.37999725341797,600367,JNK
2011-06-28,49.19176483154297,119.04000091552734,119.04000091552734,118.62000274658203,118.70999908447266,733033,JNK
2011-06-29,49.501731872558594,119.79000091552734,119.8499984741211,119.16000366210938,119.33999633789062,1281933,JNK
2011-06-30,49.86125946044922,120.66000366210938,120.80999755859375,119.76000213623047,119.81999969482422,1780833,JNK
2011-07-01,50.25425338745117,120.83999633789062,120.95999908447266,119.81999969482422,120.18000030517578,1455100,JNK
2011-07-05,50.2043342590332,120.72000122070312,120.77999877929688,120.18000030517578,120.5999984741211,1409300,JNK
2011-07-06,50.10451889038086,120.4800033569336,120.54000091552734,120.02999877929688,120.44999694824219,928267,JNK
2011-07-07,50.39147186279297,121.16999816894531,121.16999816894531,120.5999984741211,120.75,1315700,JNK
2011-07-08,50.34157180786133,121.05000305175781,121.19999694824219,120.30000305175781,120.4800033569336,1717467,JNK
2011-07-11,49.85500717163086,119.87999725341797,120.56999969482422,119.81999969482422,120.4800033569336,1435167,JNK
2011-07-12,49.730224609375,119.58000183105469,120.12000274658203,119.48999786376953,119.76000213623047,881767,JNK
2011-07-13,50.029693603515625,120.30000305175781,120.51000213623047,119.63999938964844,120.08999633789062,990367,JNK
2011-07-14,50.092041015625,120.44999694824219,120.62999725341797,120.1500015258789,120.62999725341797,1220067,JNK
2011-07-15,50.04212951660156,120.33000183105469,120.54000091552734,120.23999786376953,120.54000091552734,501133,JNK
2011-07-18,49.85500717163086,119.87999725341797,120.38999938964844,119.76000213623047,120.2699966430664,517900,JNK
2011-07-19,50.141963958740234,120.56999969482422,120.5999984741211,120.02999877929688,120.38999938964844,883067,JNK
2011-07-20,50.19188690185547,120.69000244140625,120.9000015258789,120.44999694824219,120.75,749567,JNK
2011-07-21,50.46632766723633,121.3499984741211,121.3499984741211,120.77999877929688,120.87000274658203,971367,JNK
2011-07-22,50.453857421875,121.31999969482422,121.37999725341797,121.0199966430664,121.37999725341797,467533,JNK
2011-07-25,50.25425338745117,120.83999633789062,121.3499984741211,120.80999755859375,121.0199966430664,731900,JNK
2011-07-26,50.40396499633789,121.19999694824219,121.31999969482422,120.83999633789062,120.95999908447266,847400,JNK
2011-07-27,50.04212951660156,120.33000183105469,121.19999694824219,120.2699966430664,120.9000015258789,868567,JNK
2011-07-28,50.216827392578125,120.75,120.9000015258789,120.51000213623047,120.62999725341797,944667,JNK
2011-07-29,50.216827392578125,120.75,120.80999755859375,119.8499984741211,119.87999725341797,614467,JNK
2011-08-01,50.454078674316406,120.56999969482422,120.75,119.94000244140625,120.56999969482422,909233,JNK
2011-08-02,49.81382751464844,119.04000091552734,120.30000305175781,119.04000091552734,120.23999786376953,1050900,JNK
2011-08-03,49.70084762573242,118.7699966430664,119.33999633789062,118.11000061035156,119.25,2011933,JNK
2011-08-04,48.19437789916992,115.16999816894531,118.31999969482422,114.93000030517578,118.29000091552734,2350333,JNK
2011-08-05,48.13159942626953,115.0199966430664,116.76000213623047,111.95999908447266,116.0999984741211,4418633,JNK
2011-08-08,46.085330963134766,110.12999725341797,112.47000122070312,109.05000305175781,111.02999877929688,5062933,JNK
2011-08-09,47.315635681152344,113.06999969482422,113.16000366210938,110.04000091552734,111.36000061035156,4299267,JNK
2011-08-10,46.650238037109375,111.4800033569336,112.83000183105469,111.12000274658203,112.44000244140625,2638567,JNK
2011-08-11,47.45368957519531,113.4000015258789,113.79000091552734,110.61000061035156,110.8499984741211,1903033,JNK
2011-08-12,47.315635681152344,113.06999969482422,114.02999877929688,112.41000366210938,113.87999725341797,1835733,JNK
2011-08-15,48.04374313354492,114.80999755859375,115.08000183105469,113.66999816894531,113.94000244140625,1392333,JNK
2011-08-16,47.74242401123047,114.08999633789062,114.80999755859375,114.0,114.77999877929688,1114567,JNK
2011-08-17,48.25716781616211,115.31999969482422,115.5,114.56999969482422,114.5999984741211,884233,JNK
2011-08-18,47.767574310302734,114.1500015258789,114.36000061035156,112.80000305175781,114.0,1275700,JNK
2011-08-19,47.52901077270508,113.58000183105469,114.51000213623047,113.06999969482422,113.25,1313367,JNK
2011-08-22,47.3030891418457,113.04000091552734,114.51000213623047,113.04000091552734,114.44999694824219,942933,JNK
2011-08-23,47.71734619140625,114.02999877929688,114.08999633789062,112.19999694824219,112.7699966430664,934767,JNK
2011-08-24,47.52901077270508,113.58000183105469,113.76000213623047,112.70999908447266,113.43000030517578,1208867,JNK
2011-08-25,47.10216522216797,112.55999755859375,114.41999816894531,112.52999877929688,114.0,893933,JNK
2011-08-26,47.52901077270508,113.58000183105469,113.87999725341797,111.56999969482422,112.52999877929688,1427433,JNK
2011-08-29,48.13159942626953,115.0199966430664,115.08000183105469,113.97000122070312,114.12000274658203,1638233,JNK
2011-08-30,48.06886291503906,114.87000274658203,115.16999816894531,114.30000305175781,114.77999877929688,1259467,JNK
2011-08-31,48.6965446472168,116.37000274658203,116.66999816894531,115.80000305175781,116.04000091552734,2021433,JNK
2011-09-01,48.611881256103516,115.41000366210938,115.70999908447266,115.08000183105469,115.6500015258789,1324700,JNK
2011-09-02,48.422325134277344,114.95999908447266,115.41000366210938,114.33000183105469,114.44999694824219,1212900,JNK
2011-09-06,47.84104919433594,113.58000183105469,114.08999633789062,113.19000244140625,113.69999694824219,1178300,JNK
2011-09-07,48.27068328857422,114.5999984741211,114.62999725341797,113.79000091552734,114.38999938964844,872667,JNK
2011-09-08,48.24546813964844,114.54000091552734,114.69000244140625,114.1500015258789,114.2699966430664,1202933,JNK
2011-09-09,47.68940353393555,113.22000122070312,114.51000213623047,113.06999969482422,114.36000061035156,1200600,JNK
2011-09-12,47.550453186035156,112.88999938964844,113.06999969482422,112.41000366210938,112.70999908447266,1395667,JNK
2011-09-13,47.95475387573242,113.8499984741211,113.97000122070312,112.58999633789062,112.83000183105469,3169267,JNK
2011-09-14,48.1064338684082,114.20999908447266,114.66000366210938,113.5199966430664,114.0,1441200,JNK
2011-09-15,48.29597854614258,114.66000366210938,114.80999755859375,114.05999755859375,114.44999694824219,1451467,JNK
2011-09-16,48.22014617919922,114.4800033569336,114.75,114.08999633789062,114.4800033569336,1321533,JNK
2011-09-19,48.14432907104492,114.30000305175781,114.62999725341797,113.81999969482422,114.2699966430664,1074867,JNK
2011-09-20,48.14432907104492,114.30000305175781,114.72000122070312,114.08999633789062,114.62999725341797,1741400,JNK
2011-09-21,47.72732162475586,113.30999755859375,114.69000244140625,113.25,114.30000305175781,2641400,JNK
2011-09-22,47.108131408691406,111.83999633789062,112.5,111.41999816894531,111.87000274658203,2461933,JNK
2011-09-23,47.09550857543945,111.80999755859375,112.41000366210938,111.44999694824219,111.69000244140625,1442200,JNK
2011-09-26,47.36088943481445,112.44000244140625,112.62000274658203,111.4800033569336,112.58999633789062,1306200,JNK
2011-09-27,47.28506088256836,112.26000213623047,112.9800033569336,111.98999786376953,112.9800033569336,1343667,JNK
2011-09-28,46.602699279785156,110.63999938964844,112.29000091552734,110.5199966430664,112.29000091552734,1429900,JNK
2011-09-29,46.640628814697266,110.7300033569336,111.44999694824219,110.45999908447266,111.36000061035156,1218700,JNK
2011-09-30,45.73078536987305,108.56999969482422,110.12999725341797,108.56999969482422,110.12999725341797,1832833,JNK
2011-10-03,45.34160614013672,106.94999694824219,107.8499984741211,106.86000061035156,107.45999908447266,3894433,JNK
2011-10-04,44.94731521606445,106.0199966430664,106.0199966430664,102.2699966430664,105.08999633789062,3933333,JNK
2011-10-05,45.163551330566406,106.52999877929688,106.70999908447266,105.41999816894531,105.80999755859375,2004600,JNK
2011-10-06,45.913944244384766,108.30000305175781,108.30000305175781,106.44000244140625,106.5,1784433,JNK
2011-10-07,45.99024200439453,108.4800033569336,109.29000091552734,107.33999633789062,109.29000091552734,3078867,JNK
2011-10-10,47.10947799682617,111.12000274658203,111.18000030517578,109.13999938964844,109.31999969482422,1227633,JNK
2011-10-11,46.53714370727539,109.7699966430664,110.97000122070312,109.6500015258789,110.97000122070312,2203400,JNK
2011-10-12,47.669132232666016,112.44000244140625,112.62000274658203,110.43000030517578,110.76000213623047,2737600,JNK
2011-10-13,47.60551071166992,112.29000091552734,112.41000366210938,111.0,111.56999969482422,2730167,JNK
2011-10-14,47.80899429321289,112.7699966430664,112.94999694824219,112.3499984741211,112.7699966430664,1084433,JNK
2011-10-17,47.61824417114258,112.31999969482422,112.70999908447266,112.08000183105469,112.19999694824219,1277033,JNK
2011-10-18,47.999759674072266,113.22000122070312,113.55000305175781,111.83999633789062,112.37999725341797,1038500,JNK
2011-10-19,47.847164154052734,112.86000061035156,114.0,112.70999908447266,113.43000030517578,1335567,JNK
2011-10-20,48.228729248046875,113.76000213623047,113.79000091552734,112.88999938964844,113.22000122070312,1377800,JNK
2011-10-21,48.83921432495117,115.19999694824219,115.2300033569336,114.2699966430664,114.30000305175781,1203033,JNK
2011-10-24,50.250972747802734,118.52999877929688,118.7699966430664,115.11000061035156,115.47000122070312,4186367,JNK
2011-10-25,49.246219635009766,116.16000366210938,117.9000015258789,116.06999969482422,117.5999984741211,2682467,JNK
2011-10-26,49.22075653076172,116.0999984741211,117.12000274658203,115.7699966430664,117.05999755859375,1651467,JNK
2011-10-27,50.07291030883789,118.11000061035156,119.0999984741211,117.4800033569336,118.3499984741211,3809533,JNK
2011-10-28,49.85669708251953,117.5999984741211,117.9000015258789,117.41999816894531,117.66000366210938,1660133,JNK
2011-10-31,49.56418228149414,116.91000366210938,117.2699966430664,116.4000015258789,117.1500015258789,1467133,JNK
2011-11-01,48.706764221191406,114.18000030517578,115.52999877929688,113.97000122070312,114.41999816894531,2279267,JNK
2011-11-02,49.19304656982422,115.31999969482422,115.5,114.62999725341797,114.98999786376953,1099000,JNK
2011-11-03,49.679344177246094,116.45999908447266,116.45999908447266,115.29000091552734,116.4000015258789,873000,JNK
2011-11-04,49.65376281738281,116.4000015258789,116.45999908447266,115.2300033569336,115.7699966430664,3241867,JNK
2011-11-07,49.35939025878906,115.70999908447266,116.4000015258789,115.41000366210938,116.4000015258789,1767733,JNK
2011-11-08,49.48737335205078,116.01000213623047,116.19000244140625,115.47000122070312,116.01000213623047,815100,JNK
2011-11-09,48.68114471435547,114.12000274658203,115.05000305175781,113.69999694824219,114.80999755859375,1339233,JNK
2011-11-10,48.6043815612793,113.94000244140625,114.93000030517578,113.76000213623047,114.75,2840667,JNK
2011-11-11,49.21862030029297,115.37999725341797,115.44000244140625,114.44999694824219,114.56999969482422,626767,JNK
2011-11-14,48.860321044921875,114.54000091552734,115.29000091552734,114.18000030517578,114.98999786376953,903000,JNK
2011-11-15,48.732322692871094,114.23999786376953,114.4800033569336,113.91000366210938,114.30000305175781,1026800,JNK
2011-11-16,48.36122512817383,113.37000274658203,114.1500015258789,113.19000244140625,113.97000122070312,1367133,JNK
2011-11-17,48.15647888183594,112.88999938964844,113.79000091552734,112.3499984741211,113.66999816894531,1903700,JNK
2011-11-18,48.19481658935547,112.9800033569336,113.33999633789062,112.86000061035156,113.22000122070312,1163200,JNK
2011-11-21,47.68297576904297,111.77999877929688,112.73999786376953,111.44999694824219,112.2300033569336,1765300,JNK
2011-11-22,47.350215911865234,111.0,112.11000061035156,110.81999969482422,111.9000015258789,2525133,JNK
2011-11-23,46.620765686035156,109.29000091552734,110.94000244140625,108.87000274658203,110.61000061035156,1960367,JNK
2011-11-25,46.620765686035156,109.29000091552734,110.43000030517578,108.5999984741211,109.19999694824219,792033,JNK
2011-11-28,47.54217529296875,111.44999694824219,111.80999755859375,110.7300033569336,111.69000244140625,1110967,JNK
2011-11-29,47.69573211669922,111.80999755859375,112.0199966430664,111.51000213623047,111.72000122070312,1075333,JNK
2011-11-30,48.47639846801758,113.63999938964844,113.63999938964844,112.86000061035156,113.33999633789062,1745933,JNK
2011-12-01,48.53567886352539,113.04000091552734,113.30999755859375,112.55999755859375,112.68000030517578,1912267,JNK
2011-12-02,48.83188247680664,113.7300033569336,113.8499984741211,113.04000091552734,113.4000015258789,1923333,JNK
2011-12-05,49.08953857421875,114.33000183105469,114.77999877929688,113.8499984741211,114.23999786376953,2058800,JNK
2011-12-06,49.334266662597656,114.9000015258789,115.08000183105469,113.87999725341797,114.1500015258789,1705133,JNK
2011-12-07,48.98644256591797,114.08999633789062,114.56999969482422,113.87999725341797,114.51000213623047,983900,JNK
2011-12-08,48.78035354614258,113.61000061035156,114.18000030517578,113.5199966430664,113.7300033569336,1144067,JNK
2011-12-09,49.16682434082031,114.51000213623047,114.54000091552734,114.0,114.1500015258789,865833,JNK
2011-12-12,49.0251350402832,114.18000030517578,114.18000030517578,113.63999938964844,114.05999755859375,871200,JNK
2011-12-13,48.79328155517578,113.63999938964844,114.56999969482422,113.43000030517578,114.30000305175781,1005733,JNK
2011-12-14,48.69021224975586,113.4000015258789,113.76000213623047,113.12999725341797,113.61000061035156,1439300,JNK
2011-12-15,48.883419036865234,113.8499984741211,114.1500015258789,113.69999694824219,114.1500015258789,937467,JNK
2011-12-16,49.06376647949219,114.2699966430664,114.30000305175781,113.79000091552734,114.05999755859375,873000,JNK
2011-12-19,48.999366760253906,114.12000274658203,114.75,114.0,114.23999786376953,1321667,JNK
2011-12-20,49.604740142822266,115.52999877929688,115.52999877929688,114.83999633789062,114.98999786376953,2099333,JNK
2011-12-21,49.785118103027344,115.94999694824219,115.9800033569336,114.9000015258789,115.16999816894531,1885267,JNK
2011-12-22,49.83659362792969,116.06999969482422,116.27999877929688,115.62000274658203,115.9800033569336,1125833,JNK
2011-12-23,50.042747497558594,116.55000305175781,116.63999938964844,115.7699966430664,116.04000091552734,999267,JNK
2011-12-27,50.158653259277344,116.81999969482422,116.8499984741211,116.0999984741211,116.5199966430664,1025600,JNK
2011-12-28,49.95387268066406,114.9000015258789,115.37999725341797,114.62999725341797,115.19999694824219,830267,JNK
2011-12-29,50.2147331237793,115.5,115.70999908447266,114.98999786376953,115.19999694824219,1137200,JNK
2011-12-30,50.14952850341797,115.3499984741211,115.80000305175781,115.2300033569336,115.3499984741211,686967,JNK
2012-01-03,50.42341613769531,115.9800033569336,116.4000015258789,115.68000030517578,116.30999755859375,1569433,JNK
2012-01-04,50.3973503112793,115.91999816894531,116.01000213623047,115.16999816894531,115.88999938964844,1877733,JNK
2012-01-05,50.2147331237793,115.5,115.83000183105469,115.26000213623047,115.83000183105469,1942667,JNK
2012-01-06,50.17560577392578,115.41000366210938,115.83000183105469,115.19999694824219,115.73999786376953,1249133,JNK
2012-01-09,50.17560577392578,115.41000366210938,115.80000305175781,115.41000366210938,115.55999755859375,1387167,JNK
2012-01-10,50.42341613769531,115.9800033569336,116.19000244140625,115.88999938964844,116.06999969482422,2327367,JNK
2012-01-11,50.345149993896484,115.80000305175781,116.12999725341797,115.80000305175781,115.86000061035156,1494333,JNK
2012-01-12,50.345149993896484,115.80000305175781,116.0999984741211,115.52999877929688,116.0999984741211,1430300,JNK
2012-01-13,50.345149993896484,115.80000305175781,115.88999938964844,114.83999633789062,115.6500015258789,1307900,JNK
2012-01-17,50.305999755859375,115.70999908447266,116.19000244140625,115.6500015258789,116.06999969482422,1877033,JNK
2012-01-18,50.59299087524414,116.37000274658203,116.55000305175781,115.6500015258789,115.83000183105469,2001500,JNK
2012-01-19,50.73643493652344,116.69999694824219,117.1500015258789,116.37000274658203,116.61000061035156,2741633,JNK
2012-01-20,50.81468963623047,116.87999725341797,117.12000274658203,116.69999694824219,116.79000091552734,1570867,JNK
2012-01-23,51.02339553833008,117.36000061035156,117.69000244140625,117.02999877929688,117.05999755859375,1887133,JNK
2012-01-24,51.062503814697266,117.44999694824219,117.75,117.08999633789062,117.33000183105469,1567833,JNK
2012-01-25,51.505977630615234,118.47000122070312,118.68000030517578,117.33000183105469,117.56999969482422,1856967,JNK
2012-01-26,51.623329162597656,118.73999786376953,119.19000244140625,118.58999633789062,118.94999694824219,3445067,JNK
2012-01-27,51.46685028076172,118.37999725341797,118.86000061035156,118.37999725341797,118.73999786376953,1147633,JNK
2012-01-30,51.46685028076172,118.37999725341797,118.52999877929688,117.87000274658203,118.0199966430664,1469600,JNK
2012-01-31,51.479888916015625,118.41000366210938,118.7699966430664,118.29000091552734,118.7699966430664,1455633,JNK
2012-02-01,51.6713752746582,118.19999694824219,118.55999755859375,117.93000030517578,117.98999786376953,2044833,JNK
2012-02-02,51.65822982788086,118.16999816894531,118.29000091552734,117.93000030517578,118.29000091552734,1509000,JNK
2012-02-03,51.78940200805664,118.47000122070312,118.7699966430664,118.26000213623047,118.70999908447266,1362767,JNK
2012-02-06,51.80251693725586,118.5,118.5,118.13999938964844,118.47000122070312,1170667,JNK
2012-02-07,51.894290924072266,118.70999908447266,118.9800033569336,118.3499984741211,118.6500015258789,2508333,JNK
2012-02-08,51.93361282348633,118.80000305175781,119.06999969482422,118.58999633789062,118.91999816894531,1713167,JNK
2012-02-09,52.03857421875,119.04000091552734,119.12999725341797,118.6500015258789,118.91999816894531,5373900,JNK
2012-02-10,51.76314926147461,118.41000366210938,118.6500015258789,118.31999969482422,118.44000244140625,2191433,JNK
2012-02-13,51.76314926147461,118.41000366210938,118.83000183105469,118.3499984741211,118.80000305175781,1642533,JNK
2012-02-14,51.710697174072266,118.29000091552734,118.52999877929688,118.29000091552734,118.5,2008300,JNK
2012-02-15,51.48773193359375,117.77999877929688,118.52999877929688,117.75,118.31999969482422,1315933,JNK
2012-02-16,51.68445587158203,118.2300033569336,118.37999725341797,117.56999969482422,117.98999786376953,1866067,JNK
2012-02-17,51.7369499206543,118.3499984741211,118.62000274658203,118.08000183105469,118.62000274658203,1171633,JNK
2012-02-21,51.907386779785156,118.73999786376953,119.01000213623047,118.3499984741211,118.6500015258789,1346733,JNK
2012-02-22,52.03857421875,119.04000091552734,119.22000122070312,118.80000305175781,118.83000183105469,1327533,JNK
2012-02-23,52.35334396362305,119.76000213623047,119.97000122070312,119.0999984741211,119.27999877929688,1644433,JNK
2012-02-24,52.405765533447266,119.87999725341797,120.08999633789062,119.27999877929688,119.79000091552734,970233,JNK
2012-02-27,52.37956237792969,119.81999969482422,120.12000274658203,119.7300033569336,119.8499984741211,998500,JNK
2012-02-28,52.56316375732422,120.23999786376953,120.36000061035156,120.0,120.0,828967,JNK
2012-02-29,52.576255798339844,120.2699966430664,120.4800033569336,120.0,120.2699966430664,1986867,JNK
2012-03-01,52.61055374145508,119.63999938964844,119.8499984741211,119.58000183105469,119.58000183105469,1170500,JNK
2012-03-02,52.452266693115234,119.27999877929688,119.76000213623047,119.27999877929688,119.66999816894531,870333,JNK
2012-03-05,52.320308685302734,118.9800033569336,119.5199966430664,118.6500015258789,119.33999633789062,1222533,JNK
2012-03-06,51.71346664428711,117.5999984741211,118.52999877929688,117.56999969482422,118.5,2884400,JNK
2012-03-07,51.80583572387695,117.80999755859375,118.11000061035156,117.66000366210938,117.83999633789062,3301733,JNK
2012-03-08,52.22800064086914,118.7699966430664,118.80000305175781,118.13999938964844,118.31999969482422,1636267,JNK
2012-03-09,52.22800064086914,118.7699966430664,119.04000091552734,118.68000030517578,118.94999694824219,1375900,JNK
2012-03-12,52.148807525634766,118.58999633789062,118.83000183105469,118.47000122070312,118.83000183105469,1339133,JNK
2012-03-13,52.57099533081055,119.55000305175781,119.58000183105469,118.7699966430664,118.9800033569336,1624633,JNK
2012-03-14,52.42587661743164,119.22000122070312,119.48999786376953,118.73999786376953,119.45999908447266,1863167,JNK
2012-03-15,52.267555236816406,118.86000061035156,119.19000244140625,118.68000030517578,119.16000366210938,1009867,JNK
2012-03-16,52.201568603515625,118.70999908447266,119.01000213623047,118.26000213623047,118.86000061035156,1490633,JNK
2012-03-19,52.346702575683594,119.04000091552734,119.12999725341797,118.5,118.6500015258789,1097333,JNK
2012-03-20,52.267555236816406,118.86000061035156,119.04000091552734,118.6500015258789,118.73999786376953,1619400,JNK
2012-03-21,52.18839645385742,118.68000030517578,118.9800033569336,118.47000122070312,118.9800033569336,1002467,JNK
2012-03-22,52.16199493408203,118.62000274658203,118.86000061035156,118.47000122070312,118.5,1432000,JNK
2012-03-23,51.99052047729492,118.2300033569336,118.68000030517578,118.2300033569336,118.6500015258789,2242333,JNK
2012-03-26,52.359901428222656,119.06999969482422,119.06999969482422,118.55999755859375,118.55999755859375,1581800,JNK
2012-03-27,52.41266632080078,119.19000244140625,119.43000030517578,119.01000213623047,119.06999969482422,1919400,JNK
2012-03-28,52.109256744384766,118.5,119.16000366210938,118.44000244140625,119.16000366210938,1199533,JNK
2012-03-29,52.109256744384766,118.5,118.86000061035156,118.26000213623047,118.26000213623047,1228000,JNK
2012-03-30,51.937767028808594,118.11000061035156,118.80000305175781,118.11000061035156,118.7699966430664,2330867,JNK
2012-04-02,52.05987548828125,117.66000366210938,118.11000061035156,117.62999725341797,117.80999755859375,3180100,JNK
2012-04-03,52.046573638916016,117.62999725341797,118.05000305175781,117.56999969482422,117.77999877929688,1601933,JNK
2012-04-04,51.980228424072266,117.4800033569336,117.69000244140625,117.23999786376953,117.4800033569336,1704933,JNK
2012-04-05,51.7280158996582,116.91000366210938,117.4800033569336,116.91000366210938,117.41999816894531,1632167,JNK
2012-04-09,51.54219055175781,116.48999786376953,116.8499984741211,116.4000015258789,116.79000091552734,3334233,JNK
2012-04-10,51.35633850097656,116.06999969482422,116.8499984741211,115.91999816894531,116.48999786376953,2664467,JNK
2012-04-11,51.66166305541992,116.76000213623047,116.97000122070312,116.27999877929688,116.63999938964844,1969600,JNK
2012-04-12,52.0333366394043,117.5999984741211,117.66000366210938,116.87999725341797,116.97000122070312,1327067,JNK
2012-04-13,51.86077117919922,117.20999908447266,117.66000366210938,117.08999633789062,117.56999969482422,1408000,JNK
2012-04-16,51.940433502197266,117.38999938964844,117.66000366210938,116.91000366210938,117.44999694824219,1427500,JNK
2012-04-17,52.20589065551758,117.98999786376953,118.13999938964844,117.4800033569336,117.66000366210938,1266567,JNK
2012-04-18,52.192604064941406,117.95999908447266,118.13999938964844,117.80999755859375,117.80999755859375,1814500,JNK
2012-04-19,52.046573638916016,117.62999725341797,118.08000183105469,117.5999984741211,117.98999786376953,930300,JNK
2012-04-20,52.15278244018555,117.87000274658203,118.11000061035156,117.72000122070312,118.0199966430664,1551500,JNK
2012-04-23,52.11296081542969,117.77999877929688,117.98999786376953,117.36000061035156,117.54000091552734,1206467,JNK
2012-04-24,52.20589065551758,117.98999786376953,118.08000183105469,117.80999755859375,117.93000030517578,906367,JNK
2012-04-25,52.604103088378906,118.88999938964844,118.88999938964844,118.29000091552734,118.47000122070312,902367,JNK
2012-04-26,52.65719223022461,119.01000213623047,119.16000366210938,118.7699966430664,118.80000305175781,1163167,JNK
2012-04-27,52.577571868896484,118.83000183105469,119.0999984741211,118.6500015258789,119.0999984741211,1197900,JNK
2012-04-30,52.73682403564453,119.19000244140625,119.25,118.83000183105469,118.94999694824219,2126567,JNK
2012-05-01,52.91849136352539,118.86000061035156,119.01000213623047,118.55999755859375,118.68000030517578,2504733,JNK
2012-05-02,52.95854568481445,118.94999694824219,119.06999969482422,118.5,118.6500015258789,1247667,JNK
2012-05-03,52.8784065246582,118.7699966430664,119.0999984741211,118.6500015258789,118.80000305175781,1612667,JNK
2012-05-04,52.89174270629883,118.80000305175781,118.83000183105469,118.55999755859375,118.68000030517578,1127233,JNK
2012-05-07,52.91849136352539,118.86000061035156,119.12999725341797,118.52999877929688,118.80000305175781,1125400,JNK
2012-05-08,52.91849136352539,118.86000061035156,118.88999938964844,118.44000244140625,118.73999786376953,1475067,JNK
2012-05-09,52.71811294555664,118.41000366210938,118.62000274658203,118.19999694824219,118.55999755859375,2354933,JNK
2012-05-10,52.71811294555664,118.41000366210938,118.94999694824219,118.26000213623047,118.91999816894531,2512467,JNK
2012-05-11,52.82502365112305,118.6500015258789,118.91999816894531,118.19999694824219,118.19999694824219,1596167,JNK
2012-05-14,52.39755630493164,117.69000244140625,118.3499984741211,117.54000091552734,118.26000213623047,2245200,JNK
2012-05-15,52.170555114746094,117.18000030517578,117.83999633789062,117.08999633789062,117.83999633789062,2435933,JNK
2012-05-16,51.67630386352539,116.06999969482422,117.56999969482422,116.06999969482422,117.23999786376953,2527633,JNK
2012-05-17,51.00849533081055,114.56999969482422,116.16000366210938,114.08999633789062,116.12999725341797,5901667,JNK
2012-05-18,51.048553466796875,114.66000366210938,115.6500015258789,114.4800033569336,115.0199966430664,4589900,JNK
2012-05-21,51.3958625793457,115.44000244140625,115.6500015258789,114.87000274658203,114.93000030517578,2375167,JNK
2012-05-22,51.35575866699219,115.3499984741211,116.0999984741211,115.26000213623047,115.58999633789062,2393900,JNK
2012-05-23,51.315677642822266,115.26000213623047,115.58999633789062,114.87000274658203,115.08000183105469,2146767,JNK
2012-05-24,51.34239196777344,115.31999969482422,115.58999633789062,115.13999938964844,115.55999755859375,966167,JNK
2012-05-25,51.27566146850586,115.16999816894531,115.52999877929688,115.05000305175781,115.52999877929688,925733,JNK
2012-05-29,51.70303726196289,116.12999725341797,116.25,115.5,115.55999755859375,1460567,JNK
2012-05-30,51.449275970458984,115.55999755859375,115.7699966430664,115.44000244140625,115.55999755859375,1012933,JNK
2012-05-31,50.90167999267578,114.33000183105469,115.7699966430664,114.33000183105469,115.73999786376953,6163967,JNK
2012-06-01,50.521270751953125,112.7699966430664,113.45999908447266,112.52999877929688,112.80000305175781,3831267,JNK
2012-06-04,50.60197067260742,112.94999694824219,113.37000274658203,112.70999908447266,112.7699966430664,2386767,JNK
2012-06-05,50.79008102416992,113.37000274658203,113.63999938964844,112.68000030517578,112.73999786376953,1566100,JNK
2012-06-06,51.23363494873047,114.36000061035156,114.44999694824219,113.58000183105469,113.61000061035156,2098033,JNK
2012-06-07,51.421783447265625,114.77999877929688,115.26000213623047,114.44999694824219,115.0199966430664,1917533,JNK
2012-06-08,51.55619430541992,115.08000183105469,115.41000366210938,114.62999725341797,114.75,2787000,JNK
2012-06-11,51.28740310668945,114.4800033569336,115.55999755859375,114.44999694824219,115.52999877929688,2059133,JNK
2012-06-12,51.69059753417969,115.37999725341797,115.5,114.72000122070312,114.83999633789062,2049767,JNK
2012-06-13,51.55619430541992,115.08000183105469,115.47000122070312,114.69000244140625,115.26000213623047,1126767,JNK
2012-06-14,51.811519622802734,115.6500015258789,115.73999786376953,114.95999908447266,114.95999908447266,1216400,JNK
2012-06-15,51.986263275146484,116.04000091552734,116.0999984741211,115.5,115.62000274658203,1212933,JNK
2012-06-18,51.8922119140625,115.83000183105469,116.04000091552734,115.62000274658203,115.7699966430664,760567,JNK
2012-06-19,52.34911346435547,116.8499984741211,117.08999633789062,116.27999877929688,116.45999908447266,1447733,JNK
2012-06-20,52.523887634277344,117.23999786376953,117.38999938964844,116.69999694824219,117.0,1747567,JNK
2012-06-21,52.22820281982422,116.58000183105469,117.56999969482422,116.30999755859375,117.38999938964844,2052233,JNK
2012-06-22,52.456695556640625,117.08999633789062,117.23999786376953,116.8499984741211,116.91000366210938,1652667,JNK
2012-06-25,52.42982864379883,117.02999877929688,117.08999633789062,116.55000305175781,116.7300033569336,1445433,JNK
2012-06-26,52.37600326538086,116.91000366210938,117.1500015258789,116.48999786376953,117.1500015258789,1606633,JNK
2012-06-27,52.67168426513672,117.56999969482422,117.5999984741211,117.0,117.18000030517578,844633,JNK
2012-06-28,52.64484405517578,117.51000213623047,117.56999969482422,117.08999633789062,117.1500015258789,1011333,JNK
2012-06-29,53.03458786010742,118.37999725341797,118.47000122070312,117.95999908447266,118.26000213623047,2046433,JNK
2012-07-02,53.13735580444336,117.9000015258789,117.93000030517578,117.23999786376953,117.83999633789062,3486700,JNK
2012-07-03,53.3807373046875,118.44000244140625,118.5,117.83999633789062,118.05000305175781,590267,JNK
2012-07-05,53.32664108276367,118.31999969482422,118.58999633789062,117.80999755859375,118.2300033569336,1175267,JNK
2012-07-06,53.28607177734375,118.2300033569336,118.37999725341797,117.87000274658203,118.16999816894531,681400,JNK
2012-07-09,53.340171813964844,118.3499984741211,118.5,117.95999908447266,118.16999816894531,673700,JNK
2012-07-10,53.150848388671875,117.93000030517578,118.68000030517578,117.9000015258789,118.52999877929688,1410200,JNK
2012-07-11,53.39426040649414,118.47000122070312,118.52999877929688,118.0199966430664,118.29000091552734,926367,JNK
2012-07-12,53.191402435302734,118.0199966430664,118.41000366210938,117.69000244140625,118.37999725341797,1337067,JNK
2012-07-13,53.39426040649414,118.47000122070312,118.52999877929688,118.11000061035156,118.2300033569336,1252367,JNK
2012-07-16,53.2590217590332,118.16999816894531,118.5,117.93000030517578,117.93000030517578,709567,JNK
2012-07-17,53.51595687866211,118.73999786376953,118.7699966430664,118.11000061035156,118.47000122070312,1068033,JNK
2012-07-18,53.786346435546875,119.33999633789062,119.33999633789062,118.68000030517578,118.7699966430664,2350933,JNK
2012-07-19,53.88105010986328,119.55000305175781,119.79000091552734,119.22000122070312,119.30999755859375,2356000,JNK
2012-07-20,53.5565071105957,118.83000183105469,119.27999877929688,118.70999908447266,119.22000122070312,944400,JNK
2012-07-23,53.61055374145508,118.94999694824219,118.9800033569336,117.98999786376953,118.31999969482422,3068100,JNK
2012-07-24,53.27256393432617,118.19999694824219,118.86000061035156,118.11000061035156,118.83000183105469,1876433,JNK
2012-07-25,53.17793655395508,117.98999786376953,118.55999755859375,117.95999908447266,118.52999877929688,1882433,JNK
2012-07-26,53.61055374145508,118.94999694824219,119.0999984741211,118.5,118.52999877929688,1754200,JNK
2012-07-27,53.84040832519531,119.45999908447266,119.48999786376953,118.9800033569336,119.0999984741211,2338067,JNK
2012-07-30,53.85395812988281,119.48999786376953,119.55000305175781,119.25,119.4000015258789,2014100,JNK
2012-07-31,53.921592712402344,119.63999938964844,119.87999725341797,119.4000015258789,119.63999938964844,1585433,JNK
2012-08-01,54.098358154296875,119.33999633789062,119.33999633789062,118.94999694824219,119.25,1338567,JNK
2012-08-02,53.89439392089844,118.88999938964844,119.25,118.80000305175781,119.16000366210938,872700,JNK
2012-08-03,54.16635513305664,119.48999786376953,119.66999816894531,119.22000122070312,119.43000030517578,1267467,JNK
2012-08-06,54.125545501708984,119.4000015258789,119.8499984741211,119.33999633789062,119.48999786376953,1549867,JNK
2012-08-07,54.03036880493164,119.19000244140625,119.69999694824219,119.0999984741211,119.69999694824219,1707200,JNK
2012-08-08,54.08478546142578,119.30999755859375,119.48999786376953,119.12999725341797,119.4000015258789,923267,JNK
2012-08-09,54.125545501708984,119.4000015258789,119.55000305175781,119.25,119.45999908447266,1249433,JNK
2012-08-10,54.05752182006836,119.25,119.45999908447266,119.06999969482422,119.43000030517578,639933,JNK
2012-08-13,54.098358154296875,119.33999633789062,119.4000015258789,119.06999969482422,119.4000015258789,897700,JNK
2012-08-14,54.13916778564453,119.43000030517578,119.63999938964844,119.30999755859375,119.37000274658203,1087000,JNK
2012-08-15,53.90798568725586,118.91999816894531,119.55000305175781,118.91999816894531,119.55000305175781,839933,JNK
2012-08-16,54.03036880493164,119.19000244140625,119.37000274658203,118.73999786376953,119.04000091552734,1385167,JNK
2012-08-17,54.05752182006836,119.25,119.43000030517578,119.0999984741211,119.12999725341797,617733,JNK
2012-08-20,54.098358154296875,119.33999633789062,119.45999908447266,119.12999725341797,119.22000122070312,657767,JNK
2012-08-21,54.24794387817383,119.66999816894531,119.76000213623047,119.5199966430664,119.55000305175781,1497100,JNK
2012-08-22,54.24794387817383,119.66999816894531,119.69999694824219,119.5199966430664,119.63999938964844,749167,JNK
2012-08-23,54.193546295166016,119.55000305175781,119.76000213623047,119.33999633789062,119.76000213623047,780433,JNK
2012-08-24,54.3839111328125,119.97000122070312,120.02999877929688,119.43000030517578,119.63999938964844,3207833,JNK
2012-08-27,54.370338439941406,119.94000244140625,120.1500015258789,119.76000213623047,120.05999755859375,1016067,JNK
2012-08-28,54.343143463134766,119.87999725341797,120.05999755859375,119.81999969482422,119.94000244140625,750233,JNK
2012-08-29,54.424720764160156,120.05999755859375,120.12000274658203,119.94000244140625,120.12000274658203,883633,JNK
2012-08-30,54.43833923339844,120.08999633789062,120.20999908447266,119.91000366210938,120.08999633789062,1448433,JNK
2012-08-31,54.58795928955078,120.41999816894531,120.41999816894531,120.1500015258789,120.33000183105469,1146200,JNK
2012-09-04,54.50999069213867,119.58000183105469,119.76000213623047,119.30999755859375,119.7300033569336,1936300,JNK
2012-09-05,54.53730392456055,119.63999938964844,119.79000091552734,119.55000305175781,119.69999694824219,1130300,JNK
2012-09-06,54.81083297729492,120.23999786376953,120.23999786376953,119.69999694824219,119.81999969482422,1896933,JNK
2012-09-07,54.94758987426758,120.54000091552734,120.56999969482422,120.30000305175781,120.30000305175781,1471567,JNK
2012-09-10,54.96129608154297,120.56999969482422,120.80999755859375,120.44999694824219,120.54000091552734,1407267,JNK
2012-09-11,55.22110366821289,121.13999938964844,121.29000091552734,120.62999725341797,120.75,2205133,JNK
2012-09-12,55.43994140625,121.62000274658203,121.62000274658203,121.37999725341797,121.41000366210938,1528233,JNK
2012-09-13,55.69975662231445,122.19000244140625,122.25,121.52999877929688,121.70999908447266,1976000,JNK
2012-09-14,55.75445556640625,122.30999755859375,122.4000015258789,122.06999969482422,122.25,1957533,JNK
2012-09-17,55.74077224731445,122.27999877929688,122.27999877929688,121.9800033569336,122.27999877929688,917200,JNK
2012-09-18,55.72709655761719,122.25,122.33999633789062,121.91999816894531,122.22000122070312,1509400,JNK
2012-09-19,55.67240905761719,122.12999725341797,122.43000030517578,122.12999725341797,122.43000030517578,941400,JNK
2012-09-20,55.43994140625,121.62000274658203,122.04000091552734,121.52999877929688,121.91999816894531,1075967,JNK
2012-09-21,55.412593841552734,121.55999755859375,121.91999816894531,121.41000366210938,121.91999816894531,1413867,JNK
2012-09-24,55.35784912109375,121.44000244140625,121.55999755859375,121.31999969482422,121.44000244140625,1244033,JNK
2012-09-25,54.97494888305664,120.5999984741211,121.55999755859375,120.51000213623047,121.3499984741211,2083267,JNK
2012-09-26,54.74247741699219,120.08999633789062,120.41999816894531,119.55000305175781,120.30000305175781,2864467,JNK
2012-09-27,55.11168670654297,120.9000015258789,120.98999786376953,120.33000183105469,120.38999938964844,2345667,JNK
2012-09-28,54.988624572753906,120.62999725341797,121.08000183105469,120.5999984741211,120.66000366210938,3063733,JNK
2012-10-01,54.977622985839844,119.94000244140625,120.72000122070312,119.87999725341797,120.72000122070312,1192667,JNK
2012-10-02,54.977622985839844,119.94000244140625,120.20999908447266,119.79000091552734,120.08999633789062,2171233,JNK
2012-10-03,55.005126953125,120.0,120.33000183105469,119.91000366210938,120.05999755859375,4260167,JNK
2012-10-04,55.25262451171875,120.54000091552734,120.69000244140625,120.2699966430664,120.30000305175781,936000,JNK
2012-10-05,55.2801399230957,120.5999984741211,121.05000305175781,120.36000061035156,120.9000015258789,1494100,JNK
2012-10-08,55.266414642333984,120.56999969482422,120.62999725341797,120.33000183105469,120.41999816894531,747633,JNK
2012-10-09,55.183876037597656,120.38999938964844,120.5999984741211,120.33000183105469,120.56999969482422,2424867,JNK
2012-10-10,55.101375579833984,120.20999908447266,120.4800033569336,120.1500015258789,120.36000061035156,1385400,JNK
2012-10-11,55.29389953613281,120.62999725341797,120.77999877929688,120.41999816894531,120.4800033569336,1239333,JNK
2012-10-12,55.34893798828125,120.75,121.08000183105469,120.72000122070312,120.77999877929688,1239300,JNK
2012-10-15,55.637657165527344,121.37999725341797,121.47000122070312,120.9000015258789,121.11000061035156,1127867,JNK
2012-10-16,55.73395538330078,121.58999633789062,121.6500015258789,121.31999969482422,121.31999969482422,951333,JNK
2012-10-17,55.8989372253418,121.94999694824219,122.04000091552734,121.6500015258789,121.86000061035156,1468400,JNK
2012-10-18,55.83018112182617,121.80000305175781,121.91999816894531,121.6500015258789,121.70999908447266,761567,JNK
2012-10-19,55.58266830444336,121.26000213623047,121.83000183105469,121.13999938964844,121.7699966430664,915600,JNK
2012-10-22,55.6789436340332,121.47000122070312,121.73999786376953,121.26000213623047,121.44000244140625,2048300,JNK
2012-10-23,55.5551643371582,121.19999694824219,121.31999969482422,120.93000030517578,121.31999969482422,1934400,JNK
2012-10-24,55.403953552246094,120.87000274658203,121.37999725341797,120.77999877929688,121.31999969482422,1771900,JNK
2012-10-25,55.47265625,121.0199966430664,121.44000244140625,121.0199966430664,121.19999694824219,1252100,JNK
2012-10-26,55.39017105102539,120.83999633789062,121.16999816894531,120.69000244140625,121.16999816894531,1230233,JNK
2012-10-31,55.47265625,121.0199966430664,121.13999938964844,120.80999755859375,120.95999908447266,1769333,JNK
2012-11-01,55.37639236450195,120.80999755859375,120.80999755859375,120.33000183105469,120.38999938964844,1375533,JNK
2012-11-02,55.30764389038086,120.66000366210938,121.19999694824219,120.62999725341797,121.08000183105469,1342733,JNK
2012-11-05,55.29389953613281,120.62999725341797,120.87000274658203,120.51000213623047,120.69000244140625,939367,JNK
2012-11-06,55.34893798828125,120.75,121.05000305175781,120.66000366210938,120.80999755859375,820000,JNK
2012-11-07,55.087650299072266,120.18000030517578,120.72000122070312,120.12000274658203,120.72000122070312,1488467,JNK
2012-11-08,54.90886306762695,119.79000091552734,120.54000091552734,119.79000091552734,120.36000061035156,2691900,JNK
2012-11-09,54.90886306762695,119.79000091552734,120.08999633789062,119.55000305175781,119.63999938964844,2893033,JNK
2012-11-12,54.85387420654297,119.66999816894531,120.2699966430664,119.63999938964844,120.12000274658203,1356900,JNK
2012-11-13,54.68885040283203,119.30999755859375,119.76000213623047,119.25,119.45999908447266,2018667,JNK
2012-11-14,54.5375862121582,118.9800033569336,119.8499984741211,118.86000061035156,119.8499984741211,2583567,JNK
2012-11-15,54.59257888793945,119.0999984741211,119.22000122070312,118.3499984741211,119.01000213623047,2364500,JNK
2012-11-16,54.64760208129883,119.22000122070312,119.43000030517578,118.7699966430664,119.04000091552734,1906133,JNK
2012-11-19,55.01886749267578,120.02999877929688,120.18000030517578,119.5199966430664,119.63999938964844,3864833,JNK
2012-11-20,55.087650299072266,120.18000030517578,120.2699966430664,119.8499984741211,120.12000274658203,1843567,JNK
2012-11-21,55.07389450073242,120.1500015258789,120.33000183105469,120.08999633789062,120.18000030517578,1385000,JNK
2012-11-23,55.30764389038086,120.66000366210938,120.75,120.23999786376953,120.44999694824219,836600,JNK
2012-11-26,55.19761657714844,120.41999816894531,120.62999725341797,120.20999908447266,120.51000213623047,1254500,JNK
2012-11-27,55.3626594543457,120.77999877929688,120.9000015258789,120.54000091552734,120.5999984741211,1398833,JNK
2012-11-28,55.403953552246094,120.87000274658203,121.11000061035156,120.4800033569336,120.75,1370600,JNK
2012-11-29,55.61016845703125,121.31999969482422,121.41000366210938,121.05000305175781,121.19999694824219,938067,JNK
2012-11-30,55.77519607543945,121.68000030517578,121.68000030517578,121.26000213623047,121.31999969482422,1289467,JNK
2012-12-03,55.98674774169922,121.47000122070312,121.47000122070312,121.08000183105469,121.29000091552734,1307567,JNK
2012-12-04,55.98674774169922,121.47000122070312,121.52999877929688,121.2300033569336,121.2300033569336,1219100,JNK
2012-12-05,56.02824401855469,121.55999755859375,121.73999786376953,121.5,121.58999633789062,1470233,JNK
2012-12-06,56.20797348022461,121.94999694824219,121.9800033569336,121.70999908447266,121.73999786376953,859000,JNK
2012-12-07,56.1665153503418,121.86000061035156,122.19000244140625,121.70999908447266,122.19000244140625,1145700,JNK
2012-12-10,56.24947738647461,122.04000091552734,122.16000366210938,121.7699966430664,121.80000305175781,1090400,JNK
2012-12-11,56.360103607177734,122.27999877929688,122.5199966430664,122.0999984741211,122.25,1091433,JNK
2012-12-12,56.51222229003906,122.61000061035156,122.69999694824219,122.30999755859375,122.55000305175781,1000833,JNK
2012-12-13,56.34626007080078,122.25,122.7300033569336,122.22000122070312,122.48999786376953,1535167,JNK
2012-12-14,56.360103607177734,122.27999877929688,122.5199966430664,122.12999725341797,122.33999633789062,1535133,JNK
2012-12-17,56.60898208618164,122.81999969482422,122.81999969482422,122.19000244140625,122.19000244140625,1152533,JNK
2012-12-18,56.60898208618164,122.81999969482422,122.91000366210938,122.55000305175781,122.69999694824219,1056733,JNK
2012-12-19,56.51222229003906,122.61000061035156,122.87999725341797,122.5199966430664,122.87999725341797,1306467,JNK
2012-12-20,56.650489807128906,122.91000366210938,123.0,122.5199966430664,122.55000305175781,1506233,JNK
2012-12-21,56.5260124206543,122.63999938964844,122.63999938964844,122.16000366210938,122.22000122070312,1648300,JNK
2012-12-24,56.2632942199707,122.06999969482422,122.5199966430664,121.94999694824219,122.45999908447266,790733,JNK
2012-12-26,56.44308090209961,122.45999908447266,122.48999786376953,122.0999984741211,122.25,1004100,JNK
2012-12-27,56.51950454711914,121.9800033569336,122.19000244140625,121.68000030517578,121.91999816894531,1933333,JNK
2012-12-28,56.366607666015625,121.6500015258789,122.22000122070312,121.6500015258789,121.9800033569336,1333367,JNK
2012-12-31,56.58897018432617,122.12999725341797,122.16000366210938,121.62000274658203,121.7699966430664,1317900,JNK
2013-01-02,57.03382110595703,123.08999633789062,123.1500015258789,122.87999725341797,123.1500015258789,2613367,JNK
2013-01-03,56.908721923828125,122.81999969482422,123.08999633789062,122.66999816894531,122.8499984741211,2233400,JNK
2013-01-04,56.97825241088867,122.97000122070312,123.1500015258789,122.63999938964844,122.79000091552734,1753167,JNK
2013-01-07,57.10334014892578,123.23999786376953,123.2699966430664,122.66999816894531,122.79000091552734,2031100,JNK
2013-01-08,57.08949279785156,123.20999908447266,123.30000305175781,123.05999755859375,123.23999786376953,1014867,JNK
2013-01-09,57.17283630371094,123.38999938964844,123.41999816894531,123.20999908447266,123.36000061035156,803967,JNK
2013-01-10,57.27012634277344,123.5999984741211,123.5999984741211,123.36000061035156,123.41999816894531,1214067,JNK
2013-01-11,57.28403854370117,123.62999725341797,123.75,123.38999938964844,123.51000213623047,857033,JNK
2013-01-14,57.28403854370117,123.62999725341797,123.72000122070312,123.33000183105469,123.62999725341797,882933,JNK
2013-01-15,57.28403854370117,123.62999725341797,123.62999725341797,123.2699966430664,123.38999938964844,1246333,JNK
2013-01-16,57.145015716552734,123.33000183105469,123.56999969482422,123.23999786376953,123.4800033569336,1354833,JNK
2013-01-17,57.36745071411133,123.80999755859375,123.87000274658203,123.41999816894531,123.44999694824219,1675100,JNK
2013-01-18,57.45084762573242,123.98999786376953,123.98999786376953,123.5999984741211,123.5999984741211,936467,JNK
2013-01-22,57.4925422668457,124.08000183105469,124.11000061035156,123.80999755859375,124.08000183105469,1078167,JNK
2013-01-23,57.423072814941406,123.93000030517578,124.08000183105469,123.9000015258789,124.0199966430664,919267,JNK
2013-01-24,57.4925422668457,124.08000183105469,124.19999694824219,123.9000015258789,123.9000015258789,1365667,JNK
2013-01-25,57.4925422668457,124.08000183105469,124.29000091552734,124.0199966430664,124.26000213623047,1260267,JNK
2013-01-28,57.50646209716797,124.11000061035156,124.19999694824219,123.93000030517578,124.19999694824219,1440233,JNK
2013-01-29,57.31182861328125,123.69000244140625,123.95999908447266,123.69000244140625,123.93000030517578,1469600,JNK
2013-01-30,56.81137466430664,122.61000061035156,123.5999984741211,122.58000183105469,123.56999969482422,4063833,JNK
2013-01-31,56.74192428588867,122.45999908447266,122.8499984741211,122.4000015258789,122.61000061035156,3319400,JNK
2013-02-01,56.89838790893555,122.16000366210938,122.43000030517578,122.01000213623047,122.0999984741211,3064267,JNK
2013-02-04,56.66086959838867,121.6500015258789,122.12999725341797,121.52999877929688,121.83000183105469,2808400,JNK
2013-02-05,56.8145637512207,121.9800033569336,121.9800033569336,121.70999908447266,121.80000305175781,1975367,JNK
2013-02-06,56.67485809326172,121.68000030517578,121.88999938964844,121.47000122070312,121.86000061035156,2254467,JNK
2013-02-07,56.4931755065918,121.29000091552734,121.68000030517578,121.19999694824219,121.68000030517578,2349833,JNK
2013-02-08,56.52112579345703,121.3499984741211,121.58999633789062,121.31999969482422,121.31999969482422,2176400,JNK
2013-02-11,56.563045501708984,121.44000244140625,121.47000122070312,121.26000213623047,121.29000091552734,2143533,JNK
2013-02-12,56.74467849731445,121.83000183105469,121.9800033569336,121.37999725341797,121.44000244140625,2124400,JNK
2013-02-13,56.8145637512207,121.9800033569336,122.04000091552734,121.7699966430664,121.91999816894531,1596200,JNK
2013-02-14,56.940345764160156,122.25,122.30999755859375,121.86000061035156,121.86000061035156,1691733,JNK
2013-02-15,56.8145637512207,121.9800033569336,122.43000030517578,121.86000061035156,122.25,1893133,JNK
2013-02-19,56.9962158203125,122.37000274658203,122.43000030517578,122.16000366210938,122.19000244140625,1677700,JNK
2013-02-20,56.92634201049805,122.22000122070312,122.5199966430664,122.16000366210938,122.37000274658203,1507000,JNK
2013-02-21,56.98225784301758,122.33999633789062,122.33999633789062,122.06999969482422,122.0999984741211,1604500,JNK
2013-02-22,57.052101135253906,122.48999786376953,122.55000305175781,122.22000122070312,122.33999633789062,1718400,JNK
2013-02-25,56.940345764160156,122.25,122.8499984741211,122.25,122.63999938964844,1937233,JNK
2013-02-26,57.17787170410156,122.76000213623047,122.97000122070312,122.33999633789062,122.48999786376953,2773567,JNK
2013-02-27,57.23377227783203,122.87999725341797,123.08999633789062,122.76000213623047,122.81999969482422,1894700,JNK
2013-02-28,57.14994430541992,122.69999694824219,122.91000366210938,122.63999938964844,122.81999969482422,1381867,JNK
2013-03-01,57.35359191894531,122.48999786376953,122.55000305175781,122.01000213623047,122.04000091552734,1847700,JNK
2013-03-04,57.28337860107422,122.33999633789062,122.45999908447266,122.25,122.27999877929688,1508100,JNK
2013-03-05,57.36765670776367,122.5199966430664,122.66999816894531,122.43000030517578,122.43000030517578,961767,JNK
2013-03-06,57.395755767822266,122.58000183105469,122.7300033569336,122.45999908447266,122.7300033569336,1111667,JNK
2013-03-07,57.43785858154297,122.66999816894531,122.94000244140625,122.55000305175781,122.55000305175781,866233,JNK
2013-03-08,57.451961517333984,122.69999694824219,122.87999725341797,122.48999786376953,122.79000091552734,3497067,JNK
2013-03-11,57.465972900390625,122.7300033569336,122.8499984741211,122.63999938964844,122.76000213623047,1287600,JNK
2013-03-12,57.451961517333984,122.69999694824219,122.91000366210938,122.61000061035156,122.81999969482422,1752933,JNK
2013-03-13,57.6204719543457,123.05999755859375,123.05999755859375,122.66999816894531,122.8499984741211,1177600,JNK
2013-03-14,57.66265869140625,123.1500015258789,123.30000305175781,122.94000244140625,123.0,1510633,JNK
2013-03-15,57.70479965209961,123.23999786376953,123.30000305175781,123.0,123.12000274658203,789233,JNK
2013-03-18,57.70479965209961,123.23999786376953,123.33000183105469,122.79000091552734,122.91000366210938,1227000,JNK
2013-03-19,57.6204719543457,123.05999755859375,123.38999938964844,122.97000122070312,123.30000305175781,1820267,JNK
2013-03-20,57.76099395751953,123.36000061035156,123.44999694824219,123.1500015258789,123.1500015258789,800800,JNK
2013-03-21,57.676719665527344,123.18000030517578,123.36000061035156,123.02999877929688,123.23999786376953,1126000,JNK
2013-03-22,57.64860153198242,123.12000274658203,123.33000183105469,123.0,123.20999908447266,1220533,JNK
2013-03-25,57.6064338684082,123.02999877929688,123.30000305175781,122.94000244140625,123.1500015258789,1815033,JNK
2013-03-26,57.690799713134766,123.20999908447266,123.23999786376953,123.02999877929688,123.20999908447266,704867,JNK
2013-03-27,57.66265869140625,123.1500015258789,123.18000030517578,122.97000122070312,122.97000122070312,881533,JNK
2013-03-28,57.74690246582031,123.33000183105469,123.33000183105469,122.97000122070312,122.97000122070312,1295900,JNK
2013-04-01,57.8570442199707,122.94000244140625,122.94000244140625,122.45999908447266,122.58000183105469,1776833,JNK
2013-04-02,57.77233123779297,122.76000213623047,123.02999877929688,122.66999816894531,122.87999725341797,1769867,JNK
2013-04-03,57.77233123779297,122.76000213623047,122.8499984741211,122.58000183105469,122.76000213623047,1305733,JNK
2013-04-04,57.65937423706055,122.5199966430664,123.02999877929688,122.48999786376953,122.8499984741211,7308933,JNK
2013-04-05,57.74409103393555,122.69999694824219,122.69999694824219,122.25,122.30999755859375,2386167,JNK
2013-04-08,57.78647994995117,122.79000091552734,122.81999969482422,122.48999786376953,122.66999816894531,4742600,JNK
2013-04-09,57.871150970458984,122.97000122070312,123.05999755859375,122.76000213623047,122.91000366210938,1719033,JNK
2013-04-10,58.15354537963867,123.56999969482422,123.56999969482422,123.0,123.0,1769600,JNK
2013-04-11,58.125301361083984,123.51000213623047,123.62999725341797,123.41999816894531,123.56999969482422,923900,JNK
2013-04-12,58.19588851928711,123.66000366210938,123.66000366210938,123.33000183105469,123.51000213623047,863833,JNK
2013-04-15,57.885276794433594,123.0,123.4800033569336,123.0,123.41999816894531,1510933,JNK
2013-04-16,58.21002197265625,123.69000244140625,123.72000122070312,123.18000030517578,123.23999786376953,1457733,JNK
2013-04-17,58.08292007446289,123.41999816894531,123.4800033569336,123.12000274658203,123.4800033569336,1003033,JNK
2013-04-18,57.97001266479492,123.18000030517578,123.41999816894531,123.1500015258789,123.36000061035156,1451167,JNK
2013-04-19,58.04060745239258,123.33000183105469,123.36000061035156,123.1500015258789,123.30000305175781,942533,JNK
2013-04-22,58.22414016723633,123.72000122070312,123.83999633789062,123.38999938964844,123.51000213623047,1295133,JNK
2013-04-23,58.40768051147461,124.11000061035156,124.11000061035156,123.72000122070312,123.75,1073367,JNK
2013-04-24,58.520599365234375,124.3499984741211,124.41000366210938,124.05000305175781,124.13999938964844,1387300,JNK
2013-04-25,58.5911979675293,124.5,124.70999908447266,124.29000091552734,124.29000091552734,1463633,JNK
2013-04-26,58.61945724487305,124.55999755859375,124.62000274658203,124.41000366210938,124.62000274658203,1030067,JNK
2013-04-29,58.760616302490234,124.86000061035156,124.88999938964844,124.55999755859375,124.70999908447266,716467,JNK
2013-04-30,58.94412612915039,125.25,125.30999755859375,124.88999938964844,124.94999694824219,1400633,JNK
2013-05-01,58.86187744140625,124.44000244140625,124.80000305175781,124.41000366210938,124.62000274658203,2045367,JNK
2013-05-02,59.174034118652344,125.0999984741211,125.0999984741211,124.62000274658203,124.70999908447266,1390667,JNK
2013-05-03,59.23081588745117,125.22000122070312,125.48999786376953,125.04000091552734,125.22000122070312,1212067,JNK
2013-05-06,59.3159294128418,125.4000015258789,125.4000015258789,125.16000366210938,125.19000244140625,807567,JNK
2013-05-07,59.301761627197266,125.37000274658203,125.58000183105469,125.33999633789062,125.43000030517578,1218567,JNK
2013-05-08,59.51459503173828,125.81999969482422,125.8499984741211,125.4000015258789,125.43000030517578,1282167,JNK
2013-05-09,59.3159294128418,125.4000015258789,125.76000213623047,125.30999755859375,125.63999938964844,1259267,JNK
2013-05-10,59.08891677856445,124.91999816894531,125.37000274658203,124.83000183105469,125.25,1848133,JNK
2013-05-13,58.91862106323242,124.55999755859375,125.01000213623047,124.52999877929688,124.94999694824219,2031000,JNK
2013-05-14,58.91862106323242,124.55999755859375,124.80000305175781,124.3499984741211,124.58999633789062,1605633,JNK
2013-05-15,58.84768295288086,124.41000366210938,124.6500015258789,124.31999969482422,124.41000366210938,1239400,JNK
2013-05-16,58.87606430053711,124.47000122070312,125.4000015258789,124.31999969482422,124.41000366210938,1521100,JNK
2013-05-17,58.97538757324219,124.68000030517578,124.80000305175781,124.47000122070312,124.6500015258789,1212200,JNK
2013-05-20,59.04636001586914,124.83000183105469,124.88999938964844,124.52999877929688,124.80000305175781,825800,JNK
2013-05-21,59.117286682128906,124.9800033569336,125.0999984741211,124.7699966430664,124.7699966430664,1159467,JNK
2013-05-22,58.87606430053711,124.47000122070312,125.19000244140625,124.26000213623047,124.86000061035156,1706167,JNK
2013-05-23,58.67735290527344,124.05000305175781,124.19999694824219,123.72000122070312,124.08000183105469,2312967,JNK
2013-05-24,58.535465240478516,123.75,123.9000015258789,123.62999725341797,123.69000244140625,1788033,JNK
2013-05-28,58.40777587890625,123.4800033569336,124.13999938964844,123.38999938964844,124.08000183105469,1866000,JNK
2013-05-29,58.2232551574707,123.08999633789062,123.36000061035156,122.66999816894531,123.18000030517578,3395333,JNK
2013-05-30,58.28006362915039,123.20999908447266,123.4800033569336,122.76000213623047,122.94000244140625,2139267,JNK
2013-05-31,57.584712982177734,121.73999786376953,123.18000030517578,121.62000274658203,123.0,3485500,JNK
2013-06-03,57.530521392822266,121.0199966430664,121.19999694824219,120.08999633789062,120.98999786376953,5336800,JNK
2013-06-04,57.4449462890625,120.83999633789062,121.86000061035156,120.5999984741211,120.98999786376953,1773367,JNK
2013-06-05,57.00285720825195,119.91000366210938,120.72000122070312,119.55000305175781,120.56999969482422,3838633,JNK
2013-06-06,57.40217208862305,120.75,120.93000030517578,119.5199966430664,119.55000305175781,5186967,JNK
2013-06-07,57.38791275024414,120.72000122070312,121.47000122070312,120.54000091552734,121.11000061035156,2812300,JNK
2013-06-10,57.416473388671875,120.77999877929688,121.2300033569336,120.62999725341797,120.80999755859375,2674067,JNK
2013-06-11,57.08843231201172,120.08999633789062,120.83999633789062,119.63999938964844,119.8499984741211,3938433,JNK
2013-06-12,56.88876724243164,119.66999816894531,120.56999969482422,119.58000183105469,120.30000305175781,4074867,JNK
2013-06-13,57.48773956298828,120.93000030517578,121.08000183105469,119.76000213623047,119.81999969482422,4025067,JNK
2013-06-14,57.359397888183594,120.66000366210938,121.19999694824219,120.4800033569336,120.98999786376953,1583867,JNK
2013-06-17,57.501991271972656,120.95999908447266,121.5,120.83999633789062,121.11000061035156,1423400,JNK
2013-06-18,57.64461135864258,121.26000213623047,121.29000091552734,120.80999755859375,120.9000015258789,1792300,JNK
2013-06-19,56.91728591918945,119.7300033569336,121.6500015258789,119.45999908447266,121.16999816894531,5448567,JNK
2013-06-20,56.318294525146484,118.47000122070312,119.16000366210938,117.98999786376953,118.55999755859375,5138300,JNK
2013-06-21,55.81913757324219,117.41999816894531,118.88999938964844,117.30000305175781,118.55999755859375,7220500,JNK
2013-06-24,55.19167709350586,116.0999984741211,117.36000061035156,114.62999725341797,116.22000122070312,7002433,JNK
2013-06-25,55.876190185546875,117.54000091552734,117.56999969482422,116.69999694824219,116.79000091552734,2784567,JNK
2013-06-26,56.16142654418945,118.13999938964844,118.47000122070312,117.75,117.80999755859375,2805900,JNK
2013-06-27,56.50370407104492,118.86000061035156,119.37000274658203,118.52999877929688,118.55999755859375,2695533,JNK
2013-06-28,56.318294525146484,118.47000122070312,118.80000305175781,117.75,118.55999755859375,4160200,JNK
2013-07-01,56.553428649902344,118.3499984741211,118.58999633789062,118.05000305175781,118.26000213623047,2109000,JNK
2013-07-02,56.41006851196289,118.05000305175781,118.68000030517578,117.83999633789062,118.29000091552734,2287600,JNK
2013-07-03,56.625083923339844,118.5,118.5,117.75,118.0199966430664,654467,JNK
2013-07-05,55.893985748291016,116.97000122070312,117.93000030517578,116.8499984741211,117.80999755859375,2336767,JNK
2013-07-08,56.61073303222656,118.47000122070312,118.5,117.1500015258789,117.20999908447266,2247767,JNK
2013-07-09,56.59641647338867,118.44000244140625,118.94999694824219,118.26000213623047,118.94999694824219,2573133,JNK
2013-07-10,56.88312911987305,119.04000091552734,119.12999725341797,118.44000244140625,118.5,3719233,JNK
2013-07-11,57.528221130371094,120.38999938964844,120.41999816894531,119.81999969482422,119.87999725341797,3438733,JNK
2013-07-12,57.54256820678711,120.41999816894531,120.4800033569336,119.87999725341797,120.41999816894531,4129533,JNK
2013-07-15,57.771915435791016,120.9000015258789,121.0199966430664,120.36000061035156,120.41999816894531,1344267,JNK
2013-07-16,57.62855911254883,120.5999984741211,121.11000061035156,120.2699966430664,120.80999755859375,1633733,JNK
2013-07-17,58.001277923583984,121.37999725341797,121.47000122070312,120.77999877929688,120.93000030517578,2597300,JNK
2013-07-18,58.388328552246094,122.19000244140625,122.30999755859375,121.29000091552734,121.5,4591133,JNK
2013-07-19,58.35970687866211,122.12999725341797,122.25,121.91999816894531,122.25,924467,JNK
2013-07-22,58.48868179321289,122.4000015258789,122.5199966430664,122.04000091552734,122.16000366210938,1838967,JNK
2013-07-23,58.31667709350586,122.04000091552734,122.5199966430664,122.01000213623047,122.5199966430664,779833,JNK
2013-07-24,57.90090560913086,121.16999816894531,122.04000091552734,120.93000030517578,122.01000213623047,2410567,JNK
2013-07-25,57.800567626953125,120.95999908447266,121.13999938964844,120.66000366210938,120.66000366210938,2200600,JNK
2013-07-26,57.90090560913086,121.16999816894531,121.16999816894531,120.66000366210938,120.83999633789062,1668067,JNK
2013-07-29,57.642879486083984,120.62999725341797,121.05000305175781,120.51000213623047,120.95999908447266,1791300,JNK
2013-07-30,57.55690002441406,120.44999694824219,121.26000213623047,120.41999816894531,120.66000366210938,2863733,JNK
2013-07-31,57.743247985839844,120.83999633789062,120.95999908447266,120.1500015258789,120.20999908447266,1617567,JNK
2013-08-01,57.34994125366211,119.43000030517578,120.4800033569336,119.37000274658203,120.18000030517578,2810300,JNK
2013-08-02,57.666908264160156,120.08999633789062,120.23999786376953,119.45999908447266,119.45999908447266,1534233,JNK
2013-08-05,57.364356994628906,119.45999908447266,120.0,119.45999908447266,119.76000213623047,821833,JNK
2013-08-06,57.33555603027344,119.4000015258789,119.7300033569336,119.22000122070312,119.5199966430664,1119367,JNK
2013-08-07,57.249122619628906,119.22000122070312,119.4000015258789,119.12999725341797,119.25,1489567,JNK
2013-08-08,57.34994125366211,119.43000030517578,119.45999908447266,119.12999725341797,119.16000366210938,1064800,JNK
2013-08-09,57.37876510620117,119.48999786376953,119.5199966430664,118.70999908447266,118.94999694824219,1482200,JNK
2013-08-12,57.34994125366211,119.43000030517578,119.66999816894531,119.33999633789062,119.4000015258789,1164867,JNK
2013-08-13,57.27792739868164,119.27999877929688,119.48999786376953,119.16000366210938,119.4000015258789,1695433,JNK
2013-08-14,57.23471450805664,119.19000244140625,119.27999877929688,119.06999969482422,119.22000122070312,1450800,JNK
2013-08-15,56.97537612915039,118.6500015258789,118.9800033569336,118.44000244140625,118.73999786376953,2495733,JNK
2013-08-16,56.78813552856445,118.26000213623047,118.94999694824219,118.0199966430664,118.73999786376953,3129200,JNK
2013-08-19,56.39918518066406,117.44999694824219,118.37999725341797,117.41999816894531,118.13999938964844,1958133,JNK
2013-08-20,56.860172271728516,118.41000366210938,118.52999877929688,117.44999694824219,117.77999877929688,2055667,JNK
2013-08-21,56.64409637451172,117.95999908447266,118.3499984741211,117.87000274658203,118.13999938964844,968200,JNK
2013-08-22,56.96103286743164,118.62000274658203,118.6500015258789,118.08000183105469,118.08000183105469,1973800,JNK
2013-08-23,57.11949920654297,118.94999694824219,119.04000091552734,118.41000366210938,118.52999877929688,1890933,JNK
2013-08-26,57.07624816894531,118.86000061035156,119.04000091552734,118.70999908447266,118.94999694824219,1502033,JNK
2013-08-27,56.80255126953125,118.29000091552734,118.6500015258789,118.26000213623047,118.58999633789062,1878833,JNK
2013-08-28,57.018619537353516,118.73999786376953,118.73999786376953,118.26000213623047,118.37999725341797,1023867,JNK
2013-08-29,57.177085876464844,119.06999969482422,119.12999725341797,118.37999725341797,118.41000366210938,1348300,JNK
2013-08-30,57.148258209228516,119.01000213623047,119.37000274658203,118.70999908447266,119.04000091552734,2283400,JNK
2013-09-03,56.9672737121582,118.0199966430664,118.86000061035156,118.0199966430664,118.86000061035156,1887033,JNK
2013-09-04,57.06861877441406,118.2300033569336,118.52999877929688,118.11000061035156,118.26000213623047,2838800,JNK
2013-09-05,56.836936950683594,117.75,118.16999816894531,117.72000122070312,118.13999938964844,1568900,JNK
2013-09-06,57.01071548461914,118.11000061035156,118.62000274658203,117.83999633789062,118.44000244140625,1713067,JNK
2013-09-09,57.213470458984375,118.52999877929688,118.68000030517578,118.19999694824219,118.19999694824219,1780467,JNK
2013-09-10,57.31480407714844,118.73999786376953,118.80000305175781,118.52999877929688,118.58999633789062,2340400,JNK
2013-09-11,57.416194915771484,118.94999694824219,118.94999694824219,118.52999877929688,118.62000274658203,1159267,JNK
2013-09-12,57.35823440551758,118.83000183105469,118.94999694824219,118.70999908447266,118.7699966430664,1043800,JNK
2013-09-13,57.32927703857422,118.7699966430664,118.94999694824219,118.6500015258789,118.94999694824219,1208967,JNK
2013-09-16,57.60445022583008,119.33999633789062,119.63999938964844,119.19000244140625,119.63999938964844,1791467,JNK
2013-09-17,57.77821731567383,119.69999694824219,119.76000213623047,119.43000030517578,119.43000030517578,1608333,JNK
2013-09-18,58.29951858520508,120.77999877929688,121.0199966430664,119.48999786376953,119.48999786376953,3323167,JNK
2013-09-19,58.125736236572266,120.41999816894531,121.05000305175781,120.41999816894531,121.05000305175781,1494733,JNK
2013-09-20,57.99538803100586,120.1500015258789,120.51000213623047,120.12000274658203,120.51000213623047,2178433,JNK
2013-09-23,58.08230209350586,120.33000183105469,120.36000061035156,120.1500015258789,120.23999786376953,1585600,JNK
2013-09-24,57.92301559448242,120.0,120.41999816894531,120.0,120.41999816894531,1554600,JNK
2013-09-25,57.87953186035156,119.91000366210938,120.18000030517578,119.8499984741211,120.0,1075867,JNK
2013-09-26,57.86509323120117,119.87999725341797,120.1500015258789,119.7300033569336,120.02999877929688,1478767,JNK
2013-09-27,57.79268264770508,119.7300033569336,119.94000244140625,119.61000061035156,119.69999694824219,1732633,JNK
2013-09-30,57.69131851196289,119.5199966430664,119.8499984741211,119.37000274658203,119.37000274658203,1385467,JNK
2013-10-01,57.825225830078125,119.19000244140625,119.27999877929688,118.86000061035156,118.88999938964844,1368433,JNK
2013-10-02,57.88343811035156,119.30999755859375,119.30999755859375,118.9800033569336,119.19000244140625,960000,JNK
2013-10-03,57.941627502441406,119.43000030517578,119.5199966430664,119.12999725341797,119.48999786376953,1251900,JNK
2013-10-04,58.11632537841797,119.79000091552734,119.79000091552734,119.33999633789062,119.45999908447266,1810133,JNK
2013-10-07,57.927093505859375,119.4000015258789,119.63999938964844,119.37000274658203,119.45999908447266,501500,JNK
2013-10-08,57.941627502441406,119.43000030517578,119.79000091552734,119.37000274658203,119.7300033569336,1581400,JNK
2013-10-09,57.9998664855957,119.55000305175781,119.7300033569336,119.43000030517578,119.7300033569336,1277533,JNK
2013-10-10,58.247291564941406,120.05999755859375,120.1500015258789,119.76000213623047,119.79000091552734,1131267,JNK
2013-10-11,58.33462142944336,120.23999786376953,120.33000183105469,120.02999877929688,120.1500015258789,1571700,JNK
2013-10-14,58.392799377441406,120.36000061035156,120.4800033569336,120.08999633789062,120.08999633789062,448400,JNK
2013-10-15,58.36373519897461,120.30000305175781,120.41999816894531,120.0,120.33000183105469,1017000,JNK
2013-10-16,58.552978515625,120.69000244140625,120.87000274658203,120.38999938964844,120.38999938964844,3021700,JNK
2013-10-17,58.8440055847168,121.29000091552734,121.29000091552734,120.66000366210938,120.66000366210938,2157833,JNK
2013-10-18,59.004180908203125,121.62000274658203,121.68000030517578,121.3499984741211,121.47000122070312,1805633,JNK
2013-10-21,58.94593048095703,121.5,121.73999786376953,121.37999725341797,121.62000274658203,2359100,JNK
2013-10-22,59.09148406982422,121.80000305175781,122.01000213623047,121.58999633789062,121.7699966430664,2433067,JNK
2013-10-23,59.16423797607422,121.94999694824219,122.0999984741211,121.62000274658203,121.83000183105469,1422633,JNK
2013-10-24,59.13511276245117,121.88999938964844,122.0999984741211,121.80000305175781,121.86000061035156,847333,JNK
2013-10-25,59.19335174560547,122.01000213623047,122.12999725341797,121.86000061035156,121.88999938964844,931733,JNK
2013-10-28,59.23698806762695,122.0999984741211,122.22000122070312,121.9800033569336,122.06999969482422,601667,JNK
2013-10-29,59.280662536621094,122.19000244140625,122.25,122.01000213623047,122.22000122070312,762333,JNK
2013-10-30,59.16423797607422,121.94999694824219,122.37000274658203,121.80000305175781,122.30999755859375,1076200,JNK
2013-10-31,59.13511276245117,121.88999938964844,122.12999725341797,121.80000305175781,122.01000213623047,1800533,JNK
2013-11-01,59.130706787109375,121.29000091552734,121.70999908447266,121.26000213623047,121.47000122070312,1495433,JNK
2013-11-04,59.218482971191406,121.47000122070312,121.58999633789062,121.41000366210938,121.41000366210938,681500,JNK
2013-11-05,59.04296875,121.11000061035156,121.41000366210938,121.11000061035156,121.3499984741211,868633,JNK
2013-11-06,59.15999984741211,121.3499984741211,121.44000244140625,121.16999816894531,121.26000213623047,1607467,JNK
2013-11-07,59.276973724365234,121.58999633789062,121.62000274658203,121.31999969482422,121.5,1390100,JNK
2013-11-08,59.130706787109375,121.29000091552734,121.47000122070312,121.05000305175781,121.13999938964844,4373767,JNK
2013-11-11,58.896732330322266,120.80999755859375,121.29000091552734,120.66000366210938,121.29000091552734,2178833,JNK
2013-11-12,58.823638916015625,120.66000366210938,120.87000274658203,120.5999984741211,120.80999755859375,1265267,JNK
2013-11-13,59.028343200683594,121.08000183105469,121.11000061035156,120.44999694824219,120.44999694824219,1341633,JNK
2013-11-14,59.130706787109375,121.29000091552734,121.3499984741211,120.93000030517578,121.13999938964844,1662367,JNK
2013-11-15,59.276973724365234,121.58999633789062,121.58999633789062,121.13999938964844,121.29000091552734,1637167,JNK
2013-11-18,59.203861236572266,121.44000244140625,121.68000030517578,121.26000213623047,121.6500015258789,1938633,JNK
2013-11-19,59.17463684082031,121.37999725341797,121.5,121.29000091552734,121.41000366210938,726900,JNK
2013-11-20,59.1161003112793,121.26000213623047,121.62000274658203,121.05000305175781,121.52999877929688,1046167,JNK
2013-11-21,59.291629791259766,121.62000274658203,121.62000274658203,121.2300033569336,121.3499984741211,1271000,JNK
2013-11-22,59.35014343261719,121.73999786376953,121.7699966430664,121.44000244140625,121.62000274658203,948667,JNK
2013-11-25,59.45248794555664,121.94999694824219,121.94999694824219,121.62000274658203,121.83000183105469,1213533,JNK
2013-11-26,59.481727600097656,122.01000213623047,122.04000091552734,121.80000305175781,121.91999816894531,561133,JNK
2013-11-27,59.481727600097656,122.01000213623047,122.12999725341797,121.91999816894531,122.0999984741211,723467,JNK
2013-11-29,59.59876251220703,122.25,122.25,122.04000091552734,122.16000366210938,540933,JNK
2013-12-02,59.51201248168945,121.47000122070312,121.6500015258789,121.31999969482422,121.62000274658203,1393133,JNK
2013-12-03,59.4973258972168,121.44000244140625,121.5,121.26000213623047,121.31999969482422,760467,JNK
2013-12-04,59.33564758300781,121.11000061035156,121.41000366210938,120.93000030517578,121.19999694824219,1548200,JNK
2013-12-05,59.306243896484375,121.05000305175781,121.26000213623047,120.98999786376953,121.13999938964844,2465067,JNK
2013-12-06,59.4973258972168,121.44000244140625,121.55999755859375,121.26000213623047,121.31999969482422,1133267,JNK
2013-12-09,59.688411712646484,121.83000183105469,121.86000061035156,121.52999877929688,121.68000030517578,1740700,JNK
2013-12-10,59.65898513793945,121.7699966430664,121.86000061035156,121.68000030517578,121.80000305175781,892567,JNK
2013-12-11,59.55614471435547,121.55999755859375,121.88999938964844,121.44000244140625,121.83000183105469,1449833,JNK
2013-12-12,59.51201248168945,121.47000122070312,121.6500015258789,121.37999725341797,121.55999755859375,1771233,JNK
2013-12-13,59.51201248168945,121.47000122070312,121.70999908447266,121.44000244140625,121.55999755859375,1738600,JNK
2013-12-16,59.6296272277832,121.70999908447266,121.86000061035156,121.55999755859375,121.55999755859375,1969000,JNK
2013-12-17,59.71782684326172,121.88999938964844,121.9800033569336,121.70999908447266,121.70999908447266,1897133,JNK
2013-12-18,59.71782684326172,121.88999938964844,122.06999969482422,121.44000244140625,121.80000305175781,2210567,JNK
2013-12-19,59.64427185058594,121.73999786376953,121.80000305175781,121.55999755859375,121.80000305175781,1406467,JNK
2013-12-20,59.688411712646484,121.83000183105469,121.86000061035156,121.62000274658203,121.7699966430664,2458733,JNK
2013-12-23,59.74717330932617,121.94999694824219,122.12999725341797,121.6500015258789,121.80000305175781,1383667,JNK
2013-12-24,59.791297912597656,122.04000091552734,122.06999969482422,121.88999938964844,121.88999938964844,579367,JNK
2013-12-26,59.82069778442383,122.0999984741211,122.0999984741211,121.88999938964844,121.9800033569336,334000,JNK
2013-12-27,59.816253662109375,121.5,121.52999877929688,121.37999725341797,121.5,571000,JNK
2013-12-30,59.831031799316406,121.52999877929688,121.58999633789062,121.44000244140625,121.58999633789062,783067,JNK
2013-12-31,59.90489196777344,121.68000030517578,121.73999786376953,121.52999877929688,121.58999633789062,938100,JNK
2014-01-02,59.8605842590332,121.58999633789062,121.80000305175781,121.41000366210938,121.80000305175781,1422267,JNK
2014-01-03,59.90489196777344,121.68000030517578,121.86000061035156,121.62000274658203,121.73999786376953,763967,JNK
2014-01-06,60.023033142089844,121.91999816894531,122.01000213623047,121.7699966430664,121.91999816894531,1097633,JNK
2014-01-07,60.03777313232422,121.94999694824219,122.06999969482422,121.91999816894531,121.9800033569336,1112333,JNK
2014-01-08,60.023033142089844,121.91999816894531,122.01000213623047,121.86000061035156,121.86000061035156,1368900,JNK
2014-01-09,60.09685516357422,122.06999969482422,122.12999725341797,121.88999938964844,122.0999984741211,1103533,JNK
2014-01-10,60.24457931518555,122.37000274658203,122.43000030517578,122.19000244140625,122.33999633789062,1480800,JNK
2014-01-13,60.22982406616211,122.33999633789062,122.5199966430664,122.25,122.48999786376953,1244800,JNK
2014-01-14,60.28891372680664,122.45999908447266,122.5199966430664,122.25,122.43000030517578,1516367,JNK
2014-01-15,60.392250061035156,122.66999816894531,122.69999694824219,122.45999908447266,122.55000305175781,1231733,JNK
2014-01-16,60.40705490112305,122.69999694824219,122.7300033569336,122.58000183105469,122.69999694824219,886900,JNK
2014-01-17,60.46611404418945,122.81999969482422,122.87999725341797,122.66999816894531,122.76000213623047,932333,JNK
2014-01-21,60.48093032836914,122.8499984741211,122.91000366210938,122.7300033569336,122.76000213623047,636333,JNK
2014-01-22,60.43656539916992,122.76000213623047,122.91000366210938,122.58000183105469,122.81999969482422,1499667,JNK
2014-01-23,60.392250061035156,122.66999816894531,122.76000213623047,122.55000305175781,122.76000213623047,1062767,JNK
2014-01-24,59.94919967651367,121.7699966430664,122.4000015258789,121.70999908447266,122.37000274658203,2431333,JNK
2014-01-27,59.91964340209961,121.70999908447266,122.16000366210938,121.70999908447266,122.12999725341797,2334600,JNK
2014-01-28,60.259361267089844,122.4000015258789,122.5199966430664,121.86000061035156,121.91999816894531,2061900,JNK
2014-01-29,60.14118957519531,122.16000366210938,122.25,122.01000213623047,122.22000122070312,1862600,JNK
2014-01-30,60.27409362792969,122.43000030517578,122.5199966430664,122.19000244140625,122.37000274658203,2334233,JNK
2014-01-31,60.24457931518555,122.37000274658203,122.48999786376953,122.0999984741211,122.22000122070312,2819367,JNK
2014-02-03,59.98931121826172,121.26000213623047,121.86000061035156,121.11000061035156,121.86000061035156,2397433,JNK
2014-02-04,59.974464416503906,121.2300033569336,121.6500015258789,121.2300033569336,121.5,2060600,JNK
2014-02-05,59.98931121826172,121.26000213623047,121.44000244140625,121.16999816894531,121.41000366210938,2247200,JNK
2014-02-06,60.18223190307617,121.6500015258789,121.70999908447266,121.31999969482422,121.52999877929688,954167,JNK
2014-02-07,60.44936752319336,122.19000244140625,122.22000122070312,121.80000305175781,122.01000213623047,2503333,JNK
2014-02-10,60.46424102783203,122.22000122070312,122.33999633789062,122.06999969482422,122.22000122070312,1717800,JNK
2014-02-11,60.612632751464844,122.5199966430664,122.58000183105469,122.22000122070312,122.27999877929688,1982867,JNK
2014-02-12,60.56812286376953,122.43000030517578,122.63999938964844,122.37000274658203,122.61000061035156,743867,JNK
2014-02-13,60.672019958496094,122.63999938964844,122.76000213623047,122.4000015258789,122.45999908447266,1018133,JNK
2014-02-14,60.790767669677734,122.87999725341797,122.97000122070312,122.63999938964844,122.69999694824219,667233,JNK
2014-02-18,60.85008239746094,123.0,123.1500015258789,122.8499984741211,123.0,2012133,JNK
2014-02-19,60.790767669677734,122.87999725341797,123.23999786376953,122.8499984741211,123.1500015258789,1633567,JNK
2014-02-20,60.96885299682617,123.23999786376953,123.36000061035156,122.91000366210938,123.05999755859375,1313233,JNK
2014-02-21,61.072715759277344,123.44999694824219,123.54000091552734,123.38999938964844,123.44999694824219,726133,JNK
2014-02-24,61.176631927490234,123.66000366210938,123.87000274658203,123.5999984741211,123.69000244140625,967033,JNK
2014-02-25,61.31020736694336,123.93000030517578,124.05000305175781,123.1500015258789,123.87000274658203,1886567,JNK
2014-02-26,61.36956787109375,124.05000305175781,124.13999938964844,123.93000030517578,124.11000061035156,1035733,JNK
2014-02-27,61.48830032348633,124.29000091552734,124.3499984741211,124.11000061035156,124.13999938964844,580333,JNK
2014-02-28,61.63669204711914,124.58999633789062,124.58999633789062,124.19999694824219,124.3499984741211,864867,JNK
2014-03-03,61.520347595214844,123.75,123.80999755859375,123.30000305175781,123.72000122070312,1441667,JNK
2014-03-04,61.669517517089844,124.05000305175781,124.08000183105469,123.87000274658203,123.93000030517578,1034267,JNK
2014-03-05,61.62477493286133,123.95999908447266,124.08000183105469,123.83999633789062,124.08000183105469,1251933,JNK
2014-03-06,61.475624084472656,123.66000366210938,124.05000305175781,123.66000366210938,123.93000030517578,582600,JNK
2014-03-07,61.296661376953125,123.30000305175781,123.66000366210938,123.20999908447266,123.5999984741211,2553433,JNK
2014-03-10,61.26683807373047,123.23999786376953,123.33000183105469,123.1500015258789,123.23999786376953,1316300,JNK
2014-03-11,61.296661376953125,123.30000305175781,123.44999694824219,123.18000030517578,123.36000061035156,854133,JNK
2014-03-12,61.31160354614258,123.33000183105469,123.41999816894531,123.18000030517578,123.30000305175781,1236800,JNK
2014-03-13,61.222103118896484,123.1500015258789,123.41999816894531,122.94000244140625,123.38999938964844,1970967,JNK
2014-03-14,61.132633209228516,122.97000122070312,123.20999908447266,122.97000122070312,123.02999877929688,932900,JNK
2014-03-17,61.19225311279297,123.08999633789062,123.30000305175781,123.08999633789062,123.1500015258789,933800,JNK
2014-03-18,61.38615798950195,123.4800033569336,123.56999969482422,123.23999786376953,123.30000305175781,1085400,JNK
2014-03-19,61.177330017089844,123.05999755859375,123.62999725341797,122.91000366210938,123.5999984741211,2661733,JNK
2014-03-20,61.38615798950195,123.4800033569336,123.4800033569336,122.97000122070312,122.97000122070312,1118267,JNK
2014-03-21,61.3265266418457,123.36000061035156,123.5999984741211,123.2699966430664,123.51000213623047,1118867,JNK
2014-03-24,61.460723876953125,123.62999725341797,123.66000366210938,123.38999938964844,123.62999725341797,997900,JNK
2014-03-25,61.490562438964844,123.69000244140625,123.80999755859375,123.62999725341797,123.69000244140625,832600,JNK
2014-03-26,61.44582748413086,123.5999984741211,123.93000030517578,123.5999984741211,123.80999755859375,1134933,JNK
2014-03-27,61.475624084472656,123.66000366210938,123.75,123.51000213623047,123.75,967800,JNK
2014-03-28,61.55021667480469,123.80999755859375,123.9000015258789,123.72000122070312,123.80999755859375,588733,JNK
2014-03-31,61.62477493286133,123.95999908447266,124.05000305175781,123.9000015258789,123.98999786376953,799167,JNK
2014-04-01,61.651771545410156,123.41999816894531,123.51000213623047,123.36000061035156,123.44999694824219,2212367,JNK
2014-04-02,61.651771545410156,123.41999816894531,123.51000213623047,123.36000061035156,123.41999816894531,879700,JNK
2014-04-03,61.666709899902344,123.44999694824219,123.5999984741211,123.41999816894531,123.54000091552734,686667,JNK
2014-04-04,61.771636962890625,123.66000366210938,123.77999877929688,123.5999984741211,123.72000122070312,1863700,JNK
2014-04-07,61.696739196777344,123.51000213623047,123.72000122070312,123.51000213623047,123.62999725341797,1090967,JNK
2014-04-08,61.83159637451172,123.77999877929688,123.77999877929688,123.4800033569336,123.5999984741211,1446333,JNK
2014-04-09,61.891502380371094,123.9000015258789,123.95999908447266,123.62999725341797,123.80999755859375,1395833,JNK
2014-04-10,61.741661071777344,123.5999984741211,123.98999786376953,123.5999984741211,123.98999786376953,1491233,JNK
2014-04-11,61.51687240600586,123.1500015258789,123.56999969482422,123.08999633789062,123.4800033569336,4524367,JNK
2014-04-14,61.771636962890625,123.66000366210938,123.75,123.33000183105469,123.33000183105469,1991533,JNK
2014-04-15,61.80160903930664,123.72000122070312,123.83999633789062,123.51000213623047,123.72000122070312,2748267,JNK
2014-04-16,61.876556396484375,123.87000274658203,123.93000030517578,123.69000244140625,123.93000030517578,1059233,JNK
2014-04-17,61.771636962890625,123.66000366210938,123.83999633789062,123.62999725341797,123.62999725341797,795267,JNK
2014-04-21,61.80160903930664,123.72000122070312,123.87000274658203,123.69000244140625,123.72000122070312,840100,JNK
2014-04-22,61.84660720825195,123.80999755859375,123.87000274658203,123.69000244140625,123.83999633789062,1566633,JNK
2014-04-23,61.86155319213867,123.83999633789062,123.9000015258789,123.75,123.87000274658203,1286967,JNK
2014-04-24,61.83159637451172,123.77999877929688,123.9000015258789,123.62999725341797,123.87000274658203,1789533,JNK
2014-04-25,61.84660720825195,123.80999755859375,123.93000030517578,123.72000122070312,123.83999633789062,986967,JNK
2014-04-28,61.936500549316406,123.98999786376953,123.98999786376953,123.77999877929688,123.87000274658203,884900,JNK
2014-04-29,61.92147445678711,123.95999908447266,124.05000305175781,123.9000015258789,124.05000305175781,837067,JNK
2014-04-30,61.96644592285156,124.05000305175781,124.19999694824219,123.93000030517578,124.05000305175781,1284033,JNK
2014-05-01,62.00712966918945,123.54000091552734,123.62999725341797,123.38999938964844,123.62999725341797,1805567,JNK
2014-05-02,62.067325592041016,123.66000366210938,123.69000244140625,123.44999694824219,123.4800033569336,844467,JNK
2014-05-05,61.97701644897461,123.4800033569336,123.75,123.44999694824219,123.69000244140625,1581100,JNK
2014-05-06,62.09745407104492,123.72000122070312,123.77999877929688,123.56999969482422,123.62999725341797,540233,JNK
2014-05-07,62.15768814086914,123.83999633789062,123.9000015258789,123.66000366210938,123.83999633789062,441833,JNK
2014-05-08,62.09745407104492,123.72000122070312,123.95999908447266,123.66000366210938,123.83999633789062,932900,JNK
2014-05-09,62.17276382446289,123.87000274658203,123.95999908447266,123.75,123.9000015258789,643033,JNK
2014-05-12,62.27814483642578,124.08000183105469,124.08000183105469,123.83999633789062,123.98999786376953,2370200,JNK
2014-05-13,62.308258056640625,124.13999938964844,124.2300033569336,124.05000305175781,124.08000183105469,1020933,JNK
2014-05-14,62.33835220336914,124.19999694824219,124.26000213623047,124.05000305175781,124.2300033569336,489133,JNK
2014-05-15,62.29323959350586,124.11000061035156,124.29000091552734,124.05000305175781,124.29000091552734,636767,JNK
2014-05-16,62.383544921875,124.29000091552734,124.29000091552734,124.05000305175781,124.13999938964844,872167,JNK
2014-05-19,62.398597717285156,124.31999969482422,124.41000366210938,124.19999694824219,124.26000213623047,1225200,JNK
2014-05-20,62.368465423583984,124.26000213623047,124.37999725341797,124.19999694824219,124.3499984741211,836067,JNK
2014-05-21,62.383544921875,124.29000091552734,124.3499984741211,124.08000183105469,124.2300033569336,1679967,JNK
2014-05-22,62.32331466674805,124.16999816894531,124.3499984741211,124.13999938964844,124.16999816894531,1214133,JNK
2014-05-23,62.398597717285156,124.31999969482422,124.37999725341797,124.19999694824219,124.2300033569336,786500,JNK
2014-05-27,62.413692474365234,124.3499984741211,124.44000244140625,124.2300033569336,124.37999725341797,1040800,JNK
2014-05-28,62.398597717285156,124.31999969482422,124.5,124.31999969482422,124.41000366210938,534900,JNK
2014-05-29,62.5040168762207,124.52999877929688,124.55999755859375,124.37999725341797,124.55999755859375,417533,JNK
2014-05-30,62.534114837646484,124.58999633789062,124.6500015258789,124.5,124.62000274658203,1309367,JNK
2014-06-02,62.49327850341797,123.93000030517578,124.13999938964844,123.87000274658203,124.13999938964844,1868033,JNK
2014-06-03,62.46306228637695,123.87000274658203,124.0199966430664,123.83999633789062,123.9000015258789,993567,JNK
2014-06-04,62.508384704589844,123.95999908447266,123.98999786376953,123.80999755859375,123.93000030517578,1418467,JNK
2014-06-05,62.64453125,124.2300033569336,124.2300033569336,123.93000030517578,123.98999786376953,1762300,JNK
2014-06-06,62.78071212768555,124.5,124.52999877929688,124.29000091552734,124.29000091552734,2072167,JNK
2014-06-09,62.84124755859375,124.62000274658203,124.70999908447266,124.37999725341797,124.55999755859375,557100,JNK
2014-06-10,62.8866081237793,124.70999908447266,124.70999908447266,124.5,124.6500015258789,1116333,JNK
2014-06-11,62.82607650756836,124.58999633789062,124.68000030517578,124.55999755859375,124.68000030517578,797800,JNK
2014-06-12,62.82607650756836,124.58999633789062,124.6500015258789,124.58999633789062,124.58999633789062,468433,JNK
2014-06-13,62.93202209472656,124.80000305175781,124.80000305175781,124.58999633789062,124.62000274658203,595733,JNK
2014-06-16,62.91688919067383,124.7699966430664,125.16000366210938,124.68000030517578,124.68000030517578,786800,JNK
2014-06-17,62.91688919067383,124.7699966430664,124.80000305175781,124.68000030517578,124.80000305175781,714167,JNK
2014-06-18,63.128639221191406,125.19000244140625,125.22000122070312,124.68000030517578,124.68000030517578,1545533,JNK
2014-06-19,63.09838104248047,125.12999725341797,125.16000366210938,124.9800033569336,125.16000366210938,738733,JNK
2014-06-20,63.174041748046875,125.27999877929688,125.30999755859375,125.12999725341797,125.19000244140625,665200,JNK
2014-06-23,63.20429992675781,125.33999633789062,125.4000015258789,125.22000122070312,125.27999877929688,561267,JNK
2014-06-24,63.23453140258789,125.4000015258789,125.45999908447266,125.25,125.33999633789062,1060867,JNK
2014-06-25,63.174041748046875,125.27999877929688,125.43000030517578,125.22000122070312,125.22000122070312,663100,JNK
2014-06-26,63.14379119873047,125.22000122070312,125.27999877929688,125.12999725341797,125.25,1058000,JNK
2014-06-27,63.15888214111328,125.25,125.25,125.0999984741211,125.16000366210938,416267,JNK
2014-06-30,63.128639221191406,125.19000244140625,125.33999633789062,125.06999969482422,125.16000366210938,2274000,JNK
2014-07-01,63.178829193115234,124.70999908447266,124.86000061035156,124.68000030517578,124.73999786376953,1035367,JNK
2014-07-02,63.178829193115234,124.70999908447266,124.83000183105469,124.68000030517578,124.73999786376953,1188733,JNK
2014-07-03,63.194000244140625,124.73999786376953,124.73999786376953,124.55999755859375,124.73999786376953,528233,JNK
2014-07-07,63.13320541381836,124.62000274658203,124.80000305175781,124.58999633789062,124.70999908447266,739700,JNK
2014-07-08,63.117984771728516,124.58999633789062,124.80000305175781,124.58999633789062,124.70999908447266,868233,JNK
2014-07-09,63.10284423828125,124.55999755859375,124.73999786376953,124.5,124.6500015258789,1581033,JNK
2014-07-10,62.85963821411133,124.08000183105469,124.47000122070312,124.05000305175781,124.47000122070312,2456267,JNK
2014-07-11,62.905235290527344,124.16999816894531,124.29000091552734,124.08000183105469,124.16999816894531,910567,JNK
2014-07-14,62.950809478759766,124.26000213623047,124.3499984741211,124.2300033569336,124.29000091552734,604900,JNK
2014-07-15,62.89004898071289,124.13999938964844,124.3499984741211,124.05000305175781,124.19999694824219,850400,JNK
2014-07-16,62.78364562988281,123.93000030517578,124.19999694824219,123.83999633789062,124.16999816894531,1106100,JNK
2014-07-17,62.31248474121094,123.0,123.83999633789062,123.0,123.77999877929688,2410467,JNK
2014-07-18,62.52524948120117,123.41999816894531,123.62999725341797,123.18000030517578,123.33000183105469,1085633,JNK
2014-07-21,62.44929504394531,123.2699966430664,123.51000213623047,123.1500015258789,123.41999816894531,1646833,JNK
2014-07-22,62.54047393798828,123.44999694824219,123.56999969482422,123.2699966430664,123.2699966430664,1036533,JNK
2014-07-23,62.7380256652832,123.83999633789062,123.87000274658203,123.4800033569336,123.4800033569336,1334200,JNK
2014-07-24,62.753231048583984,123.87000274658203,123.95999908447266,123.77999877929688,123.87000274658203,1762267,JNK
2014-07-25,62.58609390258789,123.54000091552734,123.9000015258789,123.51000213623047,123.87000274658203,984100,JNK
2014-07-28,62.51008987426758,123.38999938964844,123.62999725341797,123.30000305175781,123.5999984741211,1527100,JNK
2014-07-29,62.47967529296875,123.33000183105469,123.62999725341797,123.30000305175781,123.44999694824219,1463267,JNK
2014-07-30,62.236572265625,122.8499984741211,123.44999694824219,122.43000030517578,123.33000183105469,2723767,JNK
2014-07-31,61.62858200073242,121.6500015258789,122.30999755859375,121.6500015258789,122.16000366210938,4157200,JNK
2014-08-01,61.49575424194336,120.80999755859375,121.29000091552734,120.18000030517578,121.19999694824219,4394567,JNK
2014-08-04,61.908042907714844,121.62000274658203,121.68000030517578,120.72000122070312,120.72000122070312,2515400,JNK
2014-08-05,61.80116271972656,121.41000366210938,121.62000274658203,121.11000061035156,121.58999633789062,2099633,JNK
2014-08-06,61.908042907714844,121.62000274658203,121.70999908447266,121.19999694824219,121.2300033569336,2026900,JNK
2014-08-07,61.87749481201172,121.55999755859375,121.88999938964844,121.52999877929688,121.80000305175781,1541567,JNK
2014-08-08,62.13710403442383,122.06999969482422,122.27999877929688,121.5,121.52999877929688,1914833,JNK
2014-08-11,62.4425048828125,122.66999816894531,122.76000213623047,122.06999969482422,122.4000015258789,1919233,JNK
2014-08-12,62.47307205200195,122.7300033569336,122.8499984741211,122.45999908447266,122.79000091552734,2472600,JNK
2014-08-13,62.67158889770508,123.12000274658203,123.18000030517578,122.91000366210938,122.94000244140625,1237533,JNK
2014-08-14,62.83955383300781,123.44999694824219,123.54000091552734,123.18000030517578,123.23999786376953,1723000,JNK
2014-08-15,62.88536834716797,123.54000091552734,123.80999755859375,123.36000061035156,123.51000213623047,2657567,JNK
2014-08-18,63.08390426635742,123.93000030517578,123.95999908447266,123.56999969482422,123.5999984741211,1583633,JNK
2014-08-19,63.12970733642578,124.0199966430664,124.0199966430664,123.87000274658203,123.95999908447266,1698933,JNK
2014-08-20,63.12970733642578,124.0199966430664,124.08000183105469,123.83999633789062,123.95999908447266,778367,JNK
2014-08-21,63.114418029785156,123.98999786376953,124.13999938964844,123.98999786376953,124.05000305175781,737833,JNK
2014-08-22,63.007572174072266,123.77999877929688,124.08000183105469,123.72000122070312,124.05000305175781,674967,JNK
2014-08-25,63.2060546875,124.16999816894531,124.16999816894531,123.80999755859375,123.93000030517578,984933,JNK
2014-08-26,63.25185012817383,124.26000213623047,124.3499984741211,124.13999938964844,124.19999694824219,757933,JNK
2014-08-27,63.19081115722656,124.13999938964844,124.31999969482422,124.13999938964844,124.29000091552734,494967,JNK
2014-08-28,63.1755256652832,124.11000061035156,124.16999816894531,123.95999908447266,124.0199966430664,734900,JNK
2014-08-29,63.1755256652832,124.11000061035156,124.19999694824219,124.0199966430664,124.11000061035156,943067,JNK
2014-09-02,63.26298141479492,123.72000122070312,123.80999755859375,123.54000091552734,123.69000244140625,1256100,JNK
2014-09-03,63.07890701293945,123.36000061035156,123.75,123.36000061035156,123.62999725341797,1576300,JNK
2014-09-04,62.8641242980957,122.94000244140625,123.56999969482422,122.8499984741211,123.36000061035156,3478000,JNK
2014-09-05,62.80274963378906,122.81999969482422,123.1500015258789,122.7300033569336,122.87999725341797,2708767,JNK
2014-09-08,62.74138259887695,122.69999694824219,122.91000366210938,122.61000061035156,122.81999969482422,589267,JNK
2014-09-09,62.434574127197266,122.0999984741211,122.69999694824219,122.04000091552734,122.63999938964844,3308933,JNK
2014-09-10,62.40391540527344,122.04000091552734,122.12999725341797,121.88999938964844,122.04000091552734,1745233,JNK
2014-09-11,62.342529296875,121.91999816894531,122.04000091552734,121.73999786376953,122.04000091552734,1124233,JNK
2014-09-12,62.29655075073242,121.83000183105469,121.94999694824219,121.68000030517578,121.80000305175781,1124267,JNK
2014-09-15,62.20452117919922,121.6500015258789,121.94999694824219,121.52999877929688,121.86000061035156,2097800,JNK
2014-09-16,62.23519515991211,121.70999908447266,121.9800033569336,121.37999725341797,121.41000366210938,1639433,JNK
2014-09-17,62.342529296875,121.91999816894531,122.12999725341797,121.70999908447266,121.80000305175781,1443600,JNK
2014-09-18,62.38862228393555,122.01000213623047,122.16000366210938,122.01000213623047,122.0999984741211,1183733,JNK
2014-09-19,62.49594497680664,122.22000122070312,122.33999633789062,122.0999984741211,122.0999984741211,1239000,JNK
2014-09-22,62.40391540527344,122.04000091552734,122.37000274658203,122.04000091552734,122.37000274658203,1398900,JNK
2014-09-23,62.127784729003906,121.5,122.01000213623047,121.47000122070312,121.83000183105469,1700133,JNK
2014-09-24,61.88235855102539,121.0199966430664,121.58999633789062,120.98999786376953,121.44000244140625,2077200,JNK
2014-09-25,61.57556915283203,120.41999816894531,120.98999786376953,120.20999908447266,120.87000274658203,2723100,JNK
2014-09-26,61.49885940551758,120.2699966430664,120.41999816894531,119.48999786376953,119.8499984741211,3433800,JNK
2014-09-29,61.33009719848633,119.94000244140625,120.05999755859375,119.45999908447266,119.63999938964844,3030767,JNK
2014-09-30,61.63688659667969,120.54000091552734,120.56999969482422,120.05999755859375,120.33000183105469,2431567,JNK
2014-10-01,61.77870559692383,120.23999786376953,120.38999938964844,119.81999969482422,120.12000274658203,2542433,JNK
2014-10-02,61.77870559692383,120.23999786376953,120.38999938964844,119.8499984741211,120.12000274658203,2115967,JNK
2014-10-03,62.025333404541016,120.72000122070312,120.95999908447266,120.44999694824219,120.66000366210938,1905200,JNK
2014-10-06,62.07158660888672,120.80999755859375,121.11000061035156,120.72000122070312,120.9000015258789,1983333,JNK
2014-10-07,61.87120819091797,120.41999816894531,120.80999755859375,120.38999938964844,120.69000244140625,2319767,JNK
2014-10-08,62.056148529052734,120.77999877929688,120.83999633789062,120.20999908447266,120.30000305175781,2807167,JNK
2014-10-09,61.42422103881836,119.55000305175781,120.80999755859375,119.5199966430664,120.80999755859375,2197233,JNK
2014-10-10,60.853912353515625,118.44000244140625,119.48999786376953,118.41000366210938,119.27999877929688,6579133,JNK
2014-10-13,60.668907165527344,118.08000183105469,118.91999816894531,117.98999786376953,118.47000122070312,2931000,JNK
2014-10-14,60.807640075683594,118.3499984741211,118.73999786376953,118.08000183105469,118.29000091552734,3354867,JNK
2014-10-15,60.699764251708984,118.13999938964844,118.3499984741211,116.79000091552734,118.0199966430664,4363733,JNK
2014-10-16,61.10053253173828,118.91999816894531,118.94999694824219,117.38999938964844,117.38999938964844,3429933,JNK
2014-10-17,61.655399322509766,120.0,120.30000305175781,119.4000015258789,119.61000061035156,4567433,JNK
2014-10-20,62.210304260253906,121.08000183105469,121.11000061035156,119.8499984741211,119.97000122070312,3638233,JNK
2014-10-21,62.472347259521484,121.58999633789062,121.62000274658203,121.08000183105469,121.41000366210938,3307433,JNK
2014-10-22,62.040733337402344,120.75,121.68000030517578,120.72000122070312,121.68000030517578,3387733,JNK
2014-10-23,62.086952209472656,120.83999633789062,121.58999633789062,120.83999633789062,121.26000213623047,3524600,JNK
2014-10-24,62.33363723754883,121.31999969482422,121.37999725341797,120.77999877929688,120.87000274658203,1563433,JNK
2014-10-27,62.13319396972656,120.93000030517578,121.26000213623047,120.83999633789062,121.05000305175781,1861100,JNK
2014-10-28,62.13319396972656,120.93000030517578,121.19999694824219,120.87000274658203,121.19999694824219,2346000,JNK
2014-10-29,62.24112319946289,121.13999938964844,121.16999816894531,120.80999755859375,121.16999816894531,2346333,JNK
2014-10-30,62.210304260253906,121.08000183105469,121.2300033569336,120.93000030517578,121.08000183105469,1300733,JNK
2014-10-31,62.210304260253906,121.08000183105469,121.44000244140625,121.08000183105469,121.29000091552734,1899300,JNK
2014-11-03,62.332618713378906,120.75,120.87000274658203,120.54000091552734,120.75,2452000,JNK
2014-11-04,62.13136672973633,120.36000061035156,120.75,120.30000305175781,120.56999969482422,2590100,JNK
2014-11-05,62.06935501098633,120.23999786376953,120.5999984741211,120.12000274658203,120.44999694824219,2163467,JNK
2014-11-06,62.19328689575195,120.4800033569336,120.51000213623047,120.1500015258789,120.1500015258789,1535767,JNK
2014-11-07,62.22420883178711,120.54000091552734,120.54000091552734,120.30000305175781,120.41999816894531,1547000,JNK
2014-11-10,62.23972702026367,120.56999969482422,120.62999725341797,120.4800033569336,120.5999984741211,706767,JNK
2014-11-11,62.36362838745117,120.80999755859375,120.87000274658203,120.4800033569336,120.66000366210938,1687900,JNK
2014-11-12,62.255210876464844,120.5999984741211,120.75,120.4800033569336,120.69000244140625,2452333,JNK
2014-11-13,61.93000411987305,119.97000122070312,120.66000366210938,119.94000244140625,120.4800033569336,3063833,JNK
2014-11-14,61.728675842285156,119.58000183105469,120.12000274658203,119.5199966430664,120.05999755859375,2588500,JNK
2014-11-17,61.620277404785156,119.37000274658203,119.7300033569336,119.37000274658203,119.43000030517578,1965533,JNK
2014-11-18,61.49640655517578,119.12999725341797,119.5199966430664,119.12999725341797,119.30999755859375,3172500,JNK
2014-11-19,61.4344482421875,119.01000213623047,119.0999984741211,118.6500015258789,119.01000213623047,2241567,JNK
2014-11-20,61.40348815917969,118.94999694824219,118.9800033569336,118.62000274658203,118.7699966430664,1004133,JNK
2014-11-21,61.744144439697266,119.61000061035156,119.79000091552734,119.37000274658203,119.4000015258789,1792300,JNK
2014-11-24,61.75966262817383,119.63999938964844,119.81999969482422,119.58000183105469,119.76000213623047,1524900,JNK
2014-11-25,61.85258483886719,119.81999969482422,119.81999969482422,119.55000305175781,119.69999694824219,1538067,JNK
2014-11-26,61.91453552246094,119.94000244140625,120.0,119.79000091552734,119.81999969482422,907233,JNK
2014-11-28,61.295047760009766,118.73999786376953,119.55000305175781,118.70999908447266,119.55000305175781,1397967,JNK
2014-12-01,60.8236083984375,117.2699966430664,118.2300033569336,117.18000030517578,118.2300033569336,5166700,JNK
2014-12-02,61.010318756103516,117.62999725341797,117.66000366210938,117.20999908447266,117.30000305175781,2954267,JNK
2014-12-03,61.010318756103516,117.62999725341797,117.75,117.41999816894531,117.62999725341797,2130767,JNK
2014-12-04,60.948036193847656,117.51000213623047,117.62999725341797,117.33000183105469,117.56999969482422,2197500,JNK
2014-12-05,60.88581848144531,117.38999938964844,117.54000091552734,117.18000030517578,117.54000091552734,1330367,JNK
2014-12-08,60.51238250732422,116.66999816894531,117.30000305175781,116.5199966430664,117.0,1468000,JNK
2014-12-09,60.34128189086914,116.33999633789062,116.43000030517578,115.68000030517578,115.70999908447266,4257900,JNK
2014-12-10,59.62546157836914,114.95999908447266,116.06999969482422,114.62999725341797,116.06999969482422,3995900,JNK
2014-12-11,59.252037048339844,114.23999786376953,115.16999816894531,113.61000061035156,115.0199966430664,4286933,JNK
2014-12-12,58.55186080932617,112.88999938964844,113.8499984741211,112.83000183105469,113.25,3838633,JNK
2014-12-15,58.72303009033203,113.22000122070312,113.43000030517578,111.9000015258789,113.22000122070312,5953000,JNK
2014-12-16,58.287349700927734,112.37999725341797,113.4000015258789,111.77999877929688,111.98999786376953,5275967,JNK
2014-12-17,59.39210510253906,114.51000213623047,114.98999786376953,112.6500015258789,112.80000305175781,5232800,JNK
2014-12-18,59.81217956542969,115.31999969482422,116.76000213623047,114.51000213623047,115.44000244140625,4165000,JNK
2014-12-19,60.51238250732422,116.66999816894531,116.66999816894531,115.6500015258789,115.86000061035156,3349867,JNK
2014-12-22,60.43458557128906,116.5199966430664,116.76000213623047,116.01000213623047,116.76000213623047,2623900,JNK
2014-12-23,60.62130355834961,116.87999725341797,116.94000244140625,116.33999633789062,116.69999694824219,2484700,JNK
2014-12-24,60.79245376586914,117.20999908447266,117.30000305175781,116.69999694824219,116.8499984741211,778100,JNK
2014-12-26,60.605743408203125,116.8499984741211,117.51000213623047,116.7300033569336,117.30000305175781,584033,JNK
2014-12-29,60.67609786987305,116.43000030517578,116.61000061035156,116.0999984741211,116.43000030517578,1755333,JNK
2014-12-30,60.629241943359375,116.33999633789062,116.5199966430664,116.01000213623047,116.19000244140625,1380933,JNK
2014-12-31,60.3634147644043,115.83000183105469,116.33999633789062,115.7699966430664,116.19000244140625,1291733,JNK
2015-01-02,60.47287368774414,116.04000091552734,116.25,115.73999786376953,116.16000366210938,1245867,JNK
2015-01-05,60.050750732421875,115.2300033569336,115.58999633789062,115.05000305175781,115.47000122070312,4987433,JNK
2015-01-06,59.76932907104492,114.69000244140625,115.26000213623047,114.5999984741211,114.9000015258789,3541367,JNK
2015-01-07,60.09763717651367,115.31999969482422,115.62000274658203,115.11000061035156,115.41000366210938,2964233,JNK
2015-01-08,60.504146575927734,116.0999984741211,116.30999755859375,115.31999969482422,115.94999694824219,2579100,JNK
2015-01-09,60.83245849609375,116.7300033569336,116.87999725341797,115.91999816894531,116.37000274658203,3645567,JNK
2015-01-12,60.76991653442383,116.61000061035156,116.79000091552734,116.22000122070312,116.79000091552734,2963433,JNK
2015-01-13,60.70738220214844,116.48999786376953,116.97000122070312,116.01000213623047,116.48999786376953,2600400,JNK
2015-01-14,60.5666618347168,116.22000122070312,116.27999877929688,115.68000030517578,115.83000183105469,2299067,JNK
2015-01-15,60.22269821166992,115.55999755859375,116.4000015258789,115.52999877929688,116.27999877929688,2711900,JNK
2015-01-16,60.3946647644043,115.88999938964844,116.0999984741211,115.55999755859375,115.58999633789062,2944567,JNK
2015-01-20,60.3946647644043,115.88999938964844,116.16000366210938,115.62000274658203,115.94999694824219,2261133,JNK
2015-01-21,60.629241943359375,116.33999633789062,116.37000274658203,115.6500015258789,115.94999694824219,1862033,JNK
2015-01-22,60.70738220214844,116.48999786376953,116.58000183105469,116.19000244140625,116.55000305175781,2225267,JNK
2015-01-23,60.72299575805664,116.5199966430664,116.76000213623047,116.33999633789062,116.58000183105469,2380200,JNK
2015-01-26,61.08258819580078,117.20999908447266,117.20999908447266,116.45999908447266,116.69999694824219,3590467,JNK
2015-01-27,61.00440979003906,117.05999755859375,117.1500015258789,116.48999786376953,116.58000183105469,3243767,JNK
2015-01-28,60.76991653442383,116.61000061035156,117.1500015258789,116.45999908447266,117.12000274658203,2593067,JNK
2015-01-29,61.00440979003906,117.05999755859375,117.20999908447266,116.61000061035156,116.63999938964844,2079333,JNK
2015-01-30,60.87935256958008,116.81999969482422,117.0,116.69999694824219,116.91000366210938,1772567,JNK
2015-02-02,61.00970458984375,116.5199966430664,116.69999694824219,116.16000366210938,116.37000274658203,1136767,JNK
2015-02-03,61.30817413330078,117.08999633789062,117.2699966430664,116.55000305175781,116.58000183105469,2602100,JNK
2015-02-04,61.13539123535156,116.76000213623047,117.08999633789062,116.7300033569336,117.02999877929688,1709433,JNK
2015-02-05,61.49666213989258,117.44999694824219,117.51000213623047,116.87999725341797,116.87999725341797,3549267,JNK
2015-02-06,61.62233352661133,117.69000244140625,117.75,117.51000213623047,117.62999725341797,2809067,JNK
2015-02-09,61.55950927734375,117.56999969482422,117.87000274658203,117.54000091552734,117.72000122070312,1462300,JNK
2015-02-10,61.73230743408203,117.9000015258789,117.95999908447266,117.66000366210938,117.77999877929688,2438467,JNK
2015-02-11,61.74801254272461,117.93000030517578,117.95999908447266,117.66000366210938,117.83999633789062,1324933,JNK
2015-02-12,61.779422760009766,117.98999786376953,117.98999786376953,117.80999755859375,117.95999908447266,1865867,JNK
2015-02-13,61.936492919921875,118.29000091552734,118.29000091552734,117.9000015258789,118.08000183105469,1647433,JNK
2015-02-17,61.90509033203125,118.2300033569336,118.44000244140625,118.16999816894531,118.3499984741211,3767967,JNK
2015-02-18,62.062156677246094,118.52999877929688,118.58999633789062,118.13999938964844,118.19999694824219,2074867,JNK
2015-02-19,61.99933624267578,118.41000366210938,118.52999877929688,118.29000091552734,118.44000244140625,943400,JNK
2015-02-20,62.125038146972656,118.6500015258789,118.6500015258789,118.2300033569336,118.47000122070312,1333500,JNK
2015-02-23,62.18778991699219,118.7699966430664,118.80000305175781,118.44000244140625,118.52999877929688,552033,JNK
2015-02-24,62.29774856567383,118.9800033569336,119.04000091552734,118.70999908447266,118.73999786376953,1110500,JNK
2015-02-25,62.329219818115234,119.04000091552734,119.12999725341797,118.88999938964844,118.88999938964844,5203800,JNK
2015-02-26,62.4077262878418,119.19000244140625,119.37000274658203,119.0999984741211,119.12999725341797,1616433,JNK
2015-02-27,62.48630142211914,119.33999633789062,119.37000274658203,119.16000366210938,119.19000244140625,1285900,JNK
2015-03-02,62.46892166137695,118.73999786376953,118.94999694824219,118.62000274658203,118.94999694824219,1434667,JNK
2015-03-03,62.27951431274414,118.37999725341797,118.80000305175781,118.37999725341797,118.70999908447266,3886067,JNK
2015-03-04,62.184844970703125,118.19999694824219,118.3499984741211,118.13999938964844,118.3499984741211,2118167,JNK
2015-03-05,62.247955322265625,118.31999969482422,118.41000366210938,118.16999816894531,118.41000366210938,2190300,JNK
2015-03-06,61.9007568359375,117.66000366210938,118.16999816894531,117.62999725341797,118.13999938964844,4270333,JNK
2015-03-09,61.853370666503906,117.56999969482422,117.9000015258789,117.56999969482422,117.80999755859375,3159167,JNK
2015-03-10,61.7113151550293,117.30000305175781,117.51000213623047,117.0,117.30000305175781,4468767,JNK
2015-03-11,61.80600357055664,117.4800033569336,117.69000244140625,117.23999786376953,117.51000213623047,2736133,JNK
2015-03-12,61.94807815551758,117.75,117.77999877929688,117.56999969482422,117.66000366210938,1626200,JNK
2015-03-13,61.66398239135742,117.20999908447266,117.56999969482422,117.02999877929688,117.4800033569336,2049067,JNK
2015-03-16,61.553524017333984,117.0,117.30000305175781,116.97000122070312,117.23999786376953,2201700,JNK
2015-03-17,61.25361633300781,116.43000030517578,116.87999725341797,116.30999755859375,116.87999725341797,3798967,JNK
2015-03-18,61.79023742675781,117.44999694824219,117.44999694824219,116.19000244140625,116.4000015258789,3825733,JNK
2015-03-19,61.316795349121094,116.55000305175781,117.51000213623047,116.48999786376953,117.33000183105469,3255067,JNK
2015-03-20,61.7586784362793,117.38999938964844,117.41999816894531,116.8499984741211,116.94000244140625,2485167,JNK
2015-03-23,61.853370666503906,117.56999969482422,117.5999984741211,117.36000061035156,117.41999816894531,2099233,JNK
2015-03-24,61.9007568359375,117.66000366210938,117.77999877929688,117.51000213623047,117.66000366210938,2256733,JNK
2015-03-25,61.77444839477539,117.41999816894531,117.77999877929688,117.36000061035156,117.66000366210938,2357700,JNK
2015-03-26,61.79023742675781,117.44999694824219,117.5999984741211,117.20999908447266,117.38999938964844,2772467,JNK
2015-03-27,61.77444839477539,117.41999816894531,117.62999725341797,117.36000061035156,117.54000091552734,1107133,JNK
2015-03-30,61.916500091552734,117.69000244140625,117.87000274658203,117.51000213623047,117.51000213623047,1708100,JNK
2015-03-31,61.9007568359375,117.66000366210938,117.83999633789062,117.51000213623047,117.62999725341797,1915300,JNK
2015-04-01,62.05772018432617,117.38999938964844,117.41999816894531,117.0,117.2699966430664,2742667,JNK
2015-04-02,62.08946228027344,117.44999694824219,117.44999694824219,117.2699966430664,117.30000305175781,2247667,JNK
2015-04-06,62.232177734375,117.72000122070312,117.83999633789062,117.30000305175781,117.51000213623047,2185867,JNK
2015-04-07,62.422515869140625,118.08000183105469,118.19999694824219,117.72000122070312,117.83999633789062,1639400,JNK
2015-04-08,62.4542121887207,118.13999938964844,118.2300033569336,117.9000015258789,118.19999694824219,1392533,JNK
2015-04-09,62.422515869140625,118.08000183105469,118.3499984741211,117.95999908447266,118.29000091552734,1919133,JNK
2015-04-10,62.48594284057617,118.19999694824219,118.26000213623047,118.05000305175781,118.16999816894531,924933,JNK
2015-04-13,62.51765823364258,118.26000213623047,118.41000366210938,118.13999938964844,118.19999694824219,1716167,JNK
2015-04-14,62.596961975097656,118.41000366210938,118.44000244140625,118.05000305175781,118.2300033569336,1663967,JNK
2015-04-15,62.75553894042969,118.70999908447266,118.83000183105469,118.5,118.62000274658203,1968700,JNK
2015-04-16,62.69211959838867,118.58999633789062,118.6500015258789,118.44000244140625,118.52999877929688,1381000,JNK
2015-04-17,62.50179672241211,118.2300033569336,118.44000244140625,118.2300033569336,118.41000366210938,1988967,JNK
2015-04-20,62.69211959838867,118.58999633789062,118.70999908447266,118.47000122070312,118.5,1237200,JNK
2015-04-21,62.72384262084961,118.6500015258789,118.86000061035156,118.6500015258789,118.86000061035156,1782300,JNK
2015-04-22,62.707984924316406,118.62000274658203,118.80000305175781,118.62000274658203,118.7699966430664,1052500,JNK
2015-04-23,62.69211959838867,118.58999633789062,118.7699966430664,118.5,118.58999633789062,1181033,JNK
2015-04-24,62.77140426635742,118.73999786376953,118.7699966430664,118.62000274658203,118.6500015258789,1860967,JNK
2015-04-27,62.81901550292969,118.83000183105469,118.94999694824219,118.68000030517578,118.80000305175781,2102333,JNK
2015-04-28,62.77140426635742,118.73999786376953,118.7699966430664,118.58999633789062,118.7699966430664,2284500,JNK
2015-04-29,62.628658294677734,118.47000122070312,118.58999633789062,118.29000091552734,118.37999725341797,2766167,JNK
2015-04-30,62.54935836791992,118.31999969482422,118.47000122070312,118.13999938964844,118.47000122070312,3639400,JNK
2015-05-01,62.689613342285156,118.0199966430664,118.08000183105469,117.83999633789062,117.93000030517578,1204867,JNK
2015-05-04,62.73740005493164,118.11000061035156,118.19999694824219,117.98999786376953,118.16999816894531,1728167,JNK
2015-05-05,62.689613342285156,118.0199966430664,118.13999938964844,117.75,118.11000061035156,4983267,JNK
2015-05-06,62.49840545654297,117.66000366210938,118.05000305175781,117.56999969482422,117.98999786376953,2890000,JNK
2015-05-07,62.45057678222656,117.56999969482422,117.83999633789062,117.51000213623047,117.54000091552734,2300267,JNK
2015-05-08,62.848968505859375,118.31999969482422,118.44000244140625,117.98999786376953,118.11000061035156,4619867,JNK
2015-05-11,62.57807540893555,117.80999755859375,118.3499984741211,117.75,118.3499984741211,3241533,JNK
2015-05-12,62.562129974365234,117.77999877929688,117.93000030517578,117.44999694824219,117.54000091552734,3864533,JNK
2015-05-13,62.466514587402344,117.5999984741211,118.0199966430664,117.51000213623047,117.83999633789062,4238367,JNK
2015-05-14,62.80113983154297,118.2300033569336,118.29000091552734,117.9000015258789,118.0199966430664,3417933,JNK
2015-05-15,62.86491012573242,118.3499984741211,118.37999725341797,118.0199966430664,118.31999969482422,2536067,JNK
2015-05-18,62.73740005493164,118.11000061035156,118.2300033569336,118.0199966430664,118.13999938964844,1249733,JNK
2015-05-19,62.60991287231445,117.87000274658203,118.08000183105469,117.83999633789062,117.95999908447266,2112533,JNK
2015-05-20,62.60991287231445,117.87000274658203,117.98999786376953,117.75,117.93000030517578,1855667,JNK
2015-05-21,62.67365264892578,117.98999786376953,118.08000183105469,117.77999877929688,117.93000030517578,2363600,JNK
2015-05-22,62.75338363647461,118.13999938964844,118.19999694824219,117.9000015258789,117.9000015258789,1528267,JNK
2015-05-26,62.65773010253906,117.95999908447266,118.08000183105469,117.93000030517578,118.08000183105469,2064167,JNK
2015-05-27,62.817100524902344,118.26000213623047,118.26000213623047,118.05000305175781,118.08000183105469,2190367,JNK
2015-05-28,62.75338363647461,118.13999938964844,118.16999816894531,117.98999786376953,118.11000061035156,2073667,JNK
2015-05-29,62.817100524902344,118.26000213623047,118.26000213623047,118.05000305175781,118.13999938964844,2049600,JNK
2015-06-01,62.79309844970703,117.66000366210938,117.77999877929688,117.56999969482422,117.56999969482422,2924700,JNK
2015-06-02,62.72907257080078,117.54000091552734,117.69000244140625,117.36000061035156,117.66000366210938,1793733,JNK
2015-06-03,62.408836364746094,116.94000244140625,117.54000091552734,116.79000091552734,117.44999694824219,4150867,JNK
2015-06-04,62.264739990234375,116.66999816894531,116.97000122070312,116.63999938964844,116.8499984741211,3599833,JNK
2015-06-05,62.12063980102539,116.4000015258789,116.5199966430664,116.19000244140625,116.25,2852533,JNK
2015-06-08,62.05661392211914,116.27999877929688,116.58000183105469,116.22000122070312,116.48999786376953,3785067,JNK
2015-06-09,61.9605598449707,116.0999984741211,116.37000274658203,115.91999816894531,116.37000274658203,4303167,JNK
2015-06-10,61.9605598449707,116.0999984741211,116.27999877929688,116.01000213623047,116.06999969482422,3162600,JNK
2015-06-11,62.104637145996094,116.37000274658203,116.45999908447266,116.22000122070312,116.30999755859375,2480733,JNK
2015-06-12,61.94453430175781,116.06999969482422,116.30999755859375,116.06999969482422,116.22000122070312,3750933,JNK
2015-06-15,61.62427520751953,115.47000122070312,115.91999816894531,115.44000244140625,115.7699966430664,5915467,JNK
2015-06-16,61.880455017089844,115.94999694824219,115.9800033569336,115.52999877929688,115.68000030517578,2174500,JNK
2015-06-17,61.84844207763672,115.88999938964844,116.06999969482422,115.5,115.94999694824219,2506500,JNK
2015-06-18,62.0085334777832,116.19000244140625,116.33999633789062,115.9800033569336,115.9800033569336,2862033,JNK
2015-06-19,61.9605598449707,116.0999984741211,116.4000015258789,116.0999984741211,116.19000244140625,2521800,JNK
2015-06-22,62.20070266723633,116.55000305175781,116.76000213623047,116.45999908447266,116.58000183105469,1968200,JNK
2015-06-23,62.184654235839844,116.5199966430664,116.61000061035156,116.4000015258789,116.45999908447266,926967,JNK
2015-06-24,62.072601318359375,116.30999755859375,116.5199966430664,116.25,116.45999908447266,2205100,JNK
2015-06-25,61.976524353027344,116.12999725341797,116.4000015258789,116.06999969482422,116.4000015258789,3035833,JNK
2015-06-26,61.7684211730957,115.73999786376953,116.06999969482422,115.68000030517578,116.01000213623047,2981933,JNK
2015-06-29,61.32012939453125,114.9000015258789,115.41000366210938,114.9000015258789,115.31999969482422,4443333,JNK
2015-06-30,61.52820587158203,115.29000091552734,115.5,115.13999938964844,115.3499984741211,2476967,JNK
2015-07-01,61.62320327758789,114.9000015258789,115.29000091552734,114.87000274658203,115.0199966430664,3354467,JNK
2015-07-02,61.73579788208008,115.11000061035156,115.26000213623047,115.05000305175781,115.13999938964844,2200367,JNK
2015-07-06,61.57492446899414,114.80999755859375,115.11000061035156,114.69000244140625,114.93000030517578,2434100,JNK
2015-07-07,61.5106086730957,114.69000244140625,114.80999755859375,114.33000183105469,114.54000091552734,3476200,JNK
2015-07-08,61.124385833740234,113.97000122070312,114.44999694824219,113.97000122070312,114.38999938964844,2108967,JNK
2015-07-09,61.2852897644043,114.2699966430664,114.4800033569336,114.2699966430664,114.33000183105469,1919533,JNK
2015-07-10,61.558780670166016,114.77999877929688,114.87000274658203,114.2699966430664,114.80999755859375,4550767,JNK
2015-07-13,61.62320327758789,114.9000015258789,115.0199966430664,114.62999725341797,115.0199966430664,3181833,JNK
2015-07-14,61.6070671081543,114.87000274658203,114.93000030517578,114.72000122070312,114.80999755859375,1615200,JNK
2015-07-15,61.62320327758789,114.9000015258789,115.0199966430664,114.77999877929688,114.87000274658203,1827233,JNK
2015-07-16,61.68753433227539,115.0199966430664,115.13999938964844,114.95999908447266,115.0199966430664,1652533,JNK
2015-07-17,61.46226501464844,114.5999984741211,115.0199966430664,114.56999969482422,115.0199966430664,2377367,JNK
2015-07-20,61.3336067199707,114.36000061035156,114.66000366210938,114.30000305175781,114.5999984741211,3754533,JNK
2015-07-21,61.14051055908203,114.0,114.30000305175781,114.0,114.2699966430664,1878467,JNK
2015-07-22,60.81867599487305,113.4000015258789,113.79000091552734,113.37000274658203,113.66999816894531,4627167,JNK
2015-07-23,60.85087966918945,113.45999908447266,113.48999786376953,113.33999633789062,113.37000274658203,2185133,JNK
2015-07-24,60.6255989074707,113.04000091552734,113.45999908447266,113.01000213623047,113.43000030517578,2023933,JNK
2015-07-27,60.368202209472656,112.55999755859375,112.94999694824219,112.5,112.7699966430664,4574000,JNK
2015-07-28,60.57735061645508,112.94999694824219,113.01000213623047,112.55999755859375,112.68000030517578,6004200,JNK
2015-07-29,60.947425842285156,113.63999938964844,113.66999816894531,113.12999725341797,113.19000244140625,2275733,JNK
2015-07-30,61.124385833740234,113.97000122070312,114.0,113.58000183105469,113.66999816894531,3031167,JNK
2015-07-31,61.09219741821289,113.91000366210938,114.12000274658203,113.76000213623047,114.05999755859375,2475733,JNK
2015-08-03,60.90306854248047,113.01000213623047,113.4000015258789,113.01000213623047,113.4000015258789,2111733,JNK
2015-08-04,60.91923141479492,113.04000091552734,113.22000122070312,113.01000213623047,113.12999725341797,2934367,JNK
2015-08-05,60.886905670166016,112.9800033569336,113.25,112.91999816894531,113.25,2714833,JNK
2015-08-06,60.64436340332031,112.52999877929688,112.91999816894531,112.52999877929688,112.88999938964844,3100100,JNK
2015-08-07,60.401893615722656,112.08000183105469,112.41000366210938,112.05000305175781,112.26000213623047,3169800,JNK
2015-08-10,60.49884796142578,112.26000213623047,112.29000091552734,112.05000305175781,112.19999694824219,1370167,JNK
2015-08-11,60.24019241333008,111.77999877929688,112.05000305175781,111.62999725341797,111.98999786376953,1917267,JNK
2015-08-12,60.11086654663086,111.54000091552734,111.56999969482422,111.05999755859375,111.36000061035156,3369300,JNK
2015-08-13,60.06235122680664,111.44999694824219,111.51000213623047,111.33000183105469,111.44999694824219,2585733,JNK
2015-08-14,60.11086654663086,111.54000091552734,111.54000091552734,111.36000061035156,111.4800033569336,1470567,JNK
2015-08-17,60.03001403808594,111.38999938964844,111.51000213623047,111.23999786376953,111.36000061035156,1969767,JNK
2015-08-18,60.01385498046875,111.36000061035156,111.38999938964844,111.18000030517578,111.38999938964844,2498600,JNK
2015-08-19,59.868324279785156,111.08999633789062,111.30000305175781,110.94000244140625,111.12000274658203,3914567,JNK
2015-08-20,59.544979095458984,110.48999786376953,110.8499984741211,110.43000030517578,110.7300033569336,2834500,JNK
2015-08-21,59.3671760559082,110.16000366210938,110.48999786376953,110.0999984741211,110.33999633789062,4916800,JNK
2015-08-24,58.688106536865234,108.9000015258789,109.7699966430664,107.48999786376953,108.05999755859375,5857000,JNK
2015-08-25,58.84979248046875,109.19999694824219,110.27999877929688,109.19999694824219,110.19000244140625,4309233,JNK
2015-08-26,59.431827545166016,110.27999877929688,110.37000274658203,109.58999633789062,109.70999908447266,3260533,JNK
2015-08-27,59.7713508605957,110.91000366210938,110.94000244140625,110.45999908447266,110.63999938964844,4719167,JNK
2015-08-28,59.80367660522461,110.97000122070312,111.0,110.61000061035156,110.76000213623047,2918733,JNK
2015-08-31,59.83600997924805,111.02999877929688,111.05999755859375,110.4000015258789,110.7300033569336,2373467,JNK
2015-09-01,59.56953048706055,109.9800033569336,110.33999633789062,109.80000305175781,109.80000305175781,1976533,JNK
2015-09-02,59.89451217651367,110.58000183105469,110.58000183105469,110.16000366210938,110.45999908447266,2455567,JNK
2015-09-03,59.87825012207031,110.55000305175781,110.76000213623047,110.43000030517578,110.61000061035156,2447033,JNK
2015-09-04,59.81324768066406,110.43000030517578,110.61000061035156,110.4000015258789,110.4000015258789,1480900,JNK
2015-09-08,60.20322799682617,111.1500015258789,111.1500015258789,110.79000091552734,110.8499984741211,1855000,JNK
2015-09-09,60.13824462890625,111.02999877929688,111.33000183105469,111.0,111.33000183105469,3836233,JNK
2015-09-10,60.25196838378906,111.23999786376953,111.2699966430664,110.97000122070312,111.02999877929688,3179367,JNK
2015-09-11,60.18698501586914,111.12000274658203,111.2699966430664,110.87999725341797,110.91000366210938,2188667,JNK
2015-09-14,60.18698501586914,111.12000274658203,111.18000030517578,110.97000122070312,111.02999877929688,2035900,JNK
2015-09-15,60.13824462890625,111.02999877929688,111.08999633789062,110.91000366210938,111.0,1584267,JNK
2015-09-16,59.943241119384766,110.66999816894531,110.8499984741211,110.55000305175781,110.7300033569336,2325633,JNK
2015-09-17,60.00825881958008,110.79000091552734,111.02999877929688,110.43000030517578,110.55000305175781,6548967,JNK
2015-09-18,59.71575927734375,110.25,110.63999938964844,110.22000122070312,110.5199966430664,5308400,JNK
2015-09-21,59.73202133178711,110.27999877929688,110.5199966430664,110.25,110.4000015258789,2705733,JNK
2015-09-22,59.34202194213867,109.55999755859375,110.27999877929688,109.52999877929688,109.62000274658203,2510267,JNK
2015-09-23,59.228294372558594,109.3499984741211,109.68000030517578,109.31999969482422,109.62000274658203,2048233,JNK
2015-09-24,58.88706970214844,108.72000122070312,109.08000183105469,108.66000366210938,108.95999908447266,3791867,JNK
2015-09-25,58.675804138183594,108.33000183105469,108.87000274658203,108.2699966430664,108.80999755859375,3981900,JNK
2015-09-28,57.83082962036133,106.7699966430664,107.91000366210938,106.7699966430664,107.91000366210938,4801200,JNK
2015-09-29,57.78208923339844,106.68000030517578,106.9800033569336,106.5,106.58999633789062,3918200,JNK
2015-09-30,57.944583892822266,106.9800033569336,107.19000244140625,106.70999908447266,107.06999969482422,3644633,JNK
2015-10-01,57.77634048461914,106.11000061035156,106.52999877929688,106.05000305175781,106.52999877929688,3252067,JNK
2015-10-02,57.71101379394531,105.98999786376953,106.08000183105469,105.30000305175781,105.54000091552734,4774067,JNK
2015-10-05,58.34807586669922,107.16000366210938,107.19000244140625,106.3499984741211,106.3499984741211,8933200,JNK
2015-10-06,58.52775192260742,107.48999786376953,107.61000061035156,107.04000091552734,107.16000366210938,6220433,JNK
2015-10-07,59.08315658569336,108.51000213623047,108.56999969482422,107.97000122070312,108.18000030517578,6439533,JNK
2015-10-08,59.295501708984375,108.9000015258789,108.9000015258789,108.18000030517578,108.38999938964844,4191033,JNK
2015-10-09,59.311832427978516,108.93000030517578,109.47000122070312,108.83999633789062,109.19999694824219,3560133,JNK
2015-10-12,59.24650192260742,108.80999755859375,109.3499984741211,108.69000244140625,109.26000213623047,1866300,JNK
2015-10-13,59.132144927978516,108.5999984741211,108.80999755859375,108.51000213623047,108.5999984741211,4237900,JNK
2015-10-14,59.132144927978516,108.5999984741211,108.72000122070312,108.54000091552734,108.69000244140625,2811200,JNK
2015-10-15,59.16481018066406,108.66000366210938,108.83999633789062,108.51000213623047,108.75,6573333,JNK
2015-10-16,59.4261589050293,109.13999938964844,109.13999938964844,108.77999877929688,108.77999877929688,2214033,JNK
2015-10-19,59.638526916503906,109.52999877929688,109.55999755859375,108.93000030517578,109.0199966430664,3011767,JNK
2015-10-20,59.638526916503906,109.52999877929688,109.58999633789062,109.19999694824219,109.19999694824219,3981300,JNK
2015-10-21,59.556827545166016,109.37999725341797,109.73999786376953,109.29000091552734,109.62000274658203,6385033,JNK
2015-10-22,59.540550231933594,109.3499984741211,109.73999786376953,109.26000213623047,109.73999786376953,4084367,JNK
2015-10-23,59.78554916381836,109.80000305175781,109.94999694824219,109.55999755859375,109.83000183105469,5004667,JNK
2015-10-26,59.72019577026367,109.68000030517578,109.91999816894531,109.58999633789062,109.91999816894531,4509667,JNK
2015-10-27,59.556827545166016,109.37999725341797,109.52999877929688,109.29000091552734,109.47000122070312,3401500,JNK
2015-10-28,59.68754577636719,109.62000274658203,109.62000274658203,109.08000183105469,109.3499984741211,4467833,JNK
2015-10-29,59.556827545166016,109.37999725341797,109.55999755859375,109.3499984741211,109.3499984741211,2270133,JNK
2015-10-30,59.573177337646484,109.41000366210938,109.55999755859375,109.2300033569336,109.41000366210938,5566367,JNK
2015-11-02,59.748802185058594,109.19999694824219,109.19999694824219,108.80999755859375,108.98999786376953,2710600,JNK
2015-11-03,59.78166580200195,109.26000213623047,109.3499984741211,109.08000183105469,109.2300033569336,2723800,JNK
2015-11-04,59.699581146240234,109.11000061035156,109.37999725341797,109.08000183105469,109.3499984741211,3174667,JNK
2015-11-05,59.551841735839844,108.83999633789062,109.19999694824219,108.83999633789062,109.08000183105469,2493700,JNK
2015-11-06,59.2891960144043,108.36000061035156,108.56999969482422,108.20999908447266,108.4800033569336,3356800,JNK
2015-11-09,59.026580810546875,107.87999725341797,108.18000030517578,107.8499984741211,108.1500015258789,5765633,JNK
2015-11-10,58.84601974487305,107.55000305175781,107.87999725341797,107.43000030517578,107.69999694824219,5801667,JNK
2015-11-11,58.71470642089844,107.30999755859375,107.69999694824219,107.27999877929688,107.61000061035156,1073467,JNK
2015-11-12,58.2714958190918,106.5,107.0999984741211,106.5,106.88999938964844,8271167,JNK
2015-11-13,58.140193939208984,106.26000213623047,106.58999633789062,106.19999694824219,106.3499984741211,4973067,JNK
2015-11-16,58.353580474853516,106.6500015258789,106.6500015258789,106.0199966430664,106.13999938964844,3809000,JNK
2015-11-17,58.2714958190918,106.5,106.94999694824219,106.5,106.7699966430664,4258833,JNK
2015-11-18,58.38642501831055,106.70999908447266,106.86000061035156,106.58999633789062,106.6500015258789,3235067,JNK
2015-11-19,58.04170227050781,106.08000183105469,106.70999908447266,106.05000305175781,106.70999908447266,5068467,JNK
2015-11-20,57.89396667480469,105.80999755859375,106.2300033569336,105.77999877929688,105.95999908447266,3759333,JNK
2015-11-23,57.844764709472656,105.72000122070312,105.93000030517578,105.56999969482422,105.9000015258789,2102933,JNK
2015-11-24,57.87757110595703,105.77999877929688,105.83999633789062,105.33000183105469,105.41999816894531,2839267,JNK
2015-11-25,57.87757110595703,105.77999877929688,105.9000015258789,105.72000122070312,105.83999633789062,2590700,JNK
2015-11-27,58.05810546875,106.11000061035156,106.11000061035156,105.83999633789062,105.87000274658203,981600,JNK
2015-11-30,58.04170227050781,106.08000183105469,106.16999816894531,105.9000015258789,106.16999816894531,2439400,JNK
2015-12-01,58.30910873413086,105.98999786376953,106.05000305175781,105.5999984741211,105.62999725341797,4756567,JNK
2015-12-02,58.12750244140625,105.66000366210938,106.11000061035156,105.66000366210938,106.0199966430664,4311800,JNK
2015-12-03,58.011966705322266,105.44999694824219,105.75,105.30000305175781,105.66000366210938,3822300,JNK
2015-12-04,57.89645767211914,105.23999786376953,105.41999816894531,105.02999877929688,105.30000305175781,3682700,JNK
2015-12-07,57.50037384033203,104.5199966430664,105.0,104.48999786376953,105.0,4148500,JNK
2015-12-08,56.840232849121094,103.31999969482422,103.94999694824219,103.16999816894531,103.83000183105469,11601300,JNK
2015-12-09,56.97221374511719,103.55999755859375,103.83000183105469,103.2300033569336,103.2300033569336,6235967,JNK
2015-12-10,56.74116516113281,103.13999938964844,103.62000274658203,103.08000183105469,103.3499984741211,3705000,JNK
2015-12-11,55.602420806884766,101.06999969482422,102.38999938964844,100.08000183105469,102.33000183105469,11666433,JNK
2015-12-14,55.15678405761719,100.26000213623047,101.01000213623047,99.66000366210938,100.80000305175781,9248433,JNK
2015-12-15,55.80043029785156,101.43000030517578,102.02999877929688,101.19000244140625,101.33999633789062,7474233,JNK
2015-12-16,56.2790641784668,102.30000305175781,102.38999938964844,101.45999908447266,101.81999969482422,7894400,JNK
2015-12-17,55.651920318603516,101.16000366210938,102.44999694824219,101.06999969482422,102.44999694824219,6972600,JNK
2015-12-18,55.437374114990234,100.7699966430664,101.16000366210938,100.62000274658203,101.04000091552734,4682567,JNK
2015-12-21,55.38783645629883,100.68000030517578,101.16000366210938,100.41000366210938,101.04000091552734,4289900,JNK
2015-12-22,55.86648178100586,101.55000305175781,101.58000183105469,100.62000274658203,100.86000061035156,4508167,JNK
2015-12-23,56.14704895019531,102.05999755859375,102.23999786376953,101.76000213623047,101.76000213623047,4925367,JNK
2015-12-24,56.21303176879883,102.18000030517578,102.51000213623047,102.02999877929688,102.1500015258789,2109833,JNK
2015-12-28,55.882972717285156,101.58000183105469,101.97000122070312,101.5199966430664,101.79000091552734,2415267,JNK
2015-12-29,56.26303482055664,101.69999694824219,101.81999969482422,101.25,101.43000030517578,3630900,JNK
2015-12-30,56.27962875366211,101.7300033569336,101.81999969482422,101.33999633789062,101.45999908447266,2666333,JNK
2015-12-31,56.27962875366211,101.7300033569336,102.08999633789062,101.55000305175781,101.69999694824219,1560367,JNK
2016-01-04,55.997467041015625,101.22000122070312,101.25,100.7699966430664,101.0999984741211,4693933,JNK
2016-01-05,56.1136360168457,101.43000030517578,101.76000213623047,101.12999725341797,101.27999877929688,2972267,JNK
2016-01-06,56.06386184692383,101.33999633789062,101.45999908447266,100.94999694824219,101.0999984741211,3976133,JNK
2016-01-07,55.76514434814453,100.80000305175781,100.9800033569336,100.55999755859375,100.70999908447266,3911100,JNK
2016-01-08,55.56598663330078,100.44000244140625,101.27999877929688,100.44000244140625,101.16000366210938,6831233,JNK
2016-01-11,55.48298645019531,100.29000091552734,100.94999694824219,100.2300033569336,100.73999786376953,5172967,JNK
2016-01-12,55.61576843261719,100.52999877929688,100.83000183105469,100.16999816894531,100.58999633789062,3705200,JNK
2016-01-13,54.868927001953125,99.18000030517578,100.58999633789062,99.05999755859375,100.44000244140625,6201700,JNK
2016-01-14,55.00168228149414,99.41999816894531,99.56999969482422,98.69999694824219,99.12000274658203,5919233,JNK
2016-01-15,54.32122802734375,98.19000244140625,98.25,97.55999755859375,97.70999908447266,5987500,JNK
2016-01-19,54.055667877197266,97.70999908447266,98.16000366210938,97.5,98.06999969482422,5995133,JNK
2016-01-20,53.5909538269043,96.87000274658203,97.3499984741211,95.63999938964844,96.83999633789062,8860200,JNK
2016-01-21,53.839874267578125,97.31999969482422,97.58999633789062,96.44999694824219,96.93000030517578,7467200,JNK
2016-01-22,54.70295715332031,98.87999725341797,98.97000122070312,98.06999969482422,98.06999969482422,4869467,JNK
2016-01-25,54.23822784423828,98.04000091552734,98.91000366210938,97.9800033569336,98.48999786376953,5192633,JNK
2016-01-26,54.70295715332031,98.87999725341797,98.91000366210938,98.12999725341797,98.16000366210938,5090233,JNK
2016-01-27,54.57016372680664,98.63999938964844,99.1500015258789,98.33999633789062,98.79000091552734,5879767,JNK
2016-01-28,54.81911849975586,99.08999633789062,99.38999938964844,98.79000091552734,99.20999908447266,3953667,JNK
2016-01-29,55.11787033081055,99.62999725341797,99.72000122070312,99.20999908447266,99.33000183105469,5222267,JNK
2016-02-01,54.75912094116211,98.45999908447266,98.91000366210938,98.22000122070312,98.91000366210938,4482733,JNK
2016-02-02,54.30864334106445,97.6500015258789,98.01000213623047,97.5,97.9800033569336,2883400,JNK
2016-02-03,54.50888442993164,98.01000213623047,98.30999755859375,97.13999938964844,97.83000183105469,5410733,JNK
2016-02-04,54.37538146972656,97.7699966430664,98.22000122070312,97.6500015258789,97.94999694824219,3763467,JNK
2016-02-05,53.89152908325195,96.9000015258789,97.73999786376953,96.77999877929688,97.73999786376953,4148500,JNK
2016-02-08,53.240814208984375,95.7300033569336,96.23999786376953,95.27999877929688,96.20999908447266,4885033,JNK
2016-02-09,52.990562438964844,95.27999877929688,95.76000213623047,94.83000183105469,95.33999633789062,3725600,JNK
2016-02-10,52.907135009765625,95.12999725341797,96.05999755859375,95.01000213623047,95.79000091552734,3746133,JNK
2016-02-11,52.540069580078125,94.47000122070312,94.80000305175781,93.80999755859375,94.31999969482422,4799567,JNK
2016-02-12,53.3909912109375,96.0,96.08999633789062,94.70999908447266,94.83000183105469,7081500,JNK
2016-02-16,53.47441482543945,96.1500015258789,96.51000213623047,96.05999755859375,96.30000305175781,3123967,JNK
2016-02-17,53.87485885620117,96.87000274658203,97.13999938964844,96.56999969482422,96.5999984741211,5269000,JNK
2016-02-18,53.92490768432617,96.95999908447266,97.41000366210938,96.83999633789062,96.98999786376953,2957633,JNK
2016-02-19,54.02503967285156,97.13999938964844,97.13999938964844,96.36000061035156,96.51000213623047,1638333,JNK
2016-02-22,54.55890655517578,98.0999984741211,98.0999984741211,97.52999877929688,97.55999755859375,3662667,JNK
2016-02-23,54.49214172363281,97.9800033569336,98.12999725341797,97.3499984741211,97.86000061035156,6390133,JNK
2016-02-24,54.575584411621094,98.12999725341797,98.16000366210938,97.08000183105469,97.19999694824219,3031267,JNK
2016-02-25,54.809200286865234,98.55000305175781,98.58000183105469,97.70999908447266,98.01000213623047,3949300,JNK
2016-02-26,55.176246643066406,99.20999908447266,99.2699966430664,98.81999969482422,98.94000244140625,5098600,JNK
2016-02-29,55.776885986328125,100.29000091552734,100.44000244140625,99.18000030517578,99.18000030517578,9575300,JNK
2016-03-01,56.79877471923828,101.55000305175781,101.61000061035156,99.69000244140625,99.95999908447266,11803967,JNK
2016-03-02,56.39607238769531,100.83000183105469,100.9800033569336,100.55999755859375,100.88999938964844,5471900,JNK
2016-03-03,56.547088623046875,101.0999984741211,101.37000274658203,100.3499984741211,100.7699966430664,3517200,JNK
2016-03-04,56.73163986206055,101.43000030517578,101.81999969482422,100.91999816894531,101.30999755859375,3813400,JNK
2016-03-07,56.7819709777832,101.5199966430664,101.63999938964844,101.22000122070312,101.4000015258789,3742733,JNK
2016-03-08,56.39607238769531,100.83000183105469,101.5199966430664,100.83000183105469,101.27999877929688,7055900,JNK
2016-03-09,56.530311584472656,101.06999969482422,101.19000244140625,100.7699966430664,101.19000244140625,2307967,JNK
2016-03-10,56.93300247192383,101.79000091552734,101.91000366210938,101.12999725341797,101.61000061035156,4325200,JNK
2016-03-11,57.60417938232422,102.98999786376953,103.19999694824219,102.62999725341797,102.62999725341797,4775633,JNK
2016-03-14,57.46996307373047,102.75,102.95999908447266,102.33000183105469,102.9000015258789,3269300,JNK
2016-03-15,57.10082244873047,102.08999633789062,102.33000183105469,101.8499984741211,102.18000030517578,3878033,JNK
2016-03-16,57.50353240966797,102.80999755859375,103.13999938964844,101.66999816894531,101.7300033569336,4483000,JNK
2016-03-17,57.88945770263672,103.5,103.7699966430664,102.75,102.80999755859375,6525833,JNK
2016-03-18,57.95656967163086,103.62000274658203,104.12999725341797,103.55999755859375,103.70999908447266,4526633,JNK
2016-03-21,57.939796447753906,103.58999633789062,103.80000305175781,103.31999969482422,103.73999786376953,3210167,JNK
2016-03-22,57.85589599609375,103.44000244140625,103.58999633789062,103.19999694824219,103.41000366210938,4107233,JNK
2016-03-23,57.55386734008789,102.9000015258789,103.3499984741211,102.87000274658203,103.31999969482422,4161533,JNK
2016-03-24,57.30215835571289,102.44999694824219,102.54000091552734,102.05999755859375,102.1500015258789,3012600,JNK
2016-03-28,57.01689529418945,101.94000244140625,102.66000366210938,101.87999725341797,102.5999984741211,3119667,JNK
2016-03-29,57.184715270996094,102.23999786376953,102.33000183105469,101.45999908447266,101.76000213623047,4212800,JNK
2016-03-30,57.38604736328125,102.5999984741211,102.77999877929688,102.33000183105469,102.33000183105469,3811833,JNK
2016-03-31,57.46996307373047,102.75,102.95999908447266,102.4800033569336,102.54000091552734,4860300,JNK
2016-04-01,57.59480285644531,102.41999816894531,102.54000091552734,101.55000305175781,101.91000366210938,6019433,JNK
2016-04-04,57.37550354003906,102.02999877929688,102.51000213623047,101.91000366210938,102.2699966430664,4251533,JNK
2016-04-05,57.139305114746094,101.61000061035156,101.91000366210938,101.43000030517578,101.48999786376953,3964700,JNK
2016-04-06,57.561038970947266,102.36000061035156,102.44999694824219,101.7300033569336,101.8499984741211,6397600,JNK
2016-04-07,57.22366714477539,101.76000213623047,102.30000305175781,101.69999694824219,102.05999755859375,4184433,JNK
2016-04-08,57.59480285644531,102.41999816894531,102.51000213623047,102.23999786376953,102.41999816894531,3272233,JNK
2016-04-11,57.696014404296875,102.5999984741211,102.83999633789062,102.54000091552734,102.54000091552734,1763033,JNK
2016-04-12,58.0671501159668,103.26000213623047,103.3499984741211,102.72000122070312,102.80999755859375,3370800,JNK
2016-04-13,58.472042083740234,103.9800033569336,104.22000122070312,103.58999633789062,103.70999908447266,3164133,JNK
2016-04-14,58.42146301269531,103.88999938964844,104.01000213623047,103.80000305175781,103.94999694824219,2925933,JNK
2016-04-15,58.303314208984375,103.68000030517578,103.83000183105469,103.55999755859375,103.73999786376953,2906767,JNK
2016-04-18,58.70820617675781,104.4000015258789,104.43000030517578,103.31999969482422,103.37999725341797,2845633,JNK
2016-04-19,59.028778076171875,104.97000122070312,105.0,104.5199966430664,104.63999938964844,2440633,JNK
2016-04-20,59.146854400634766,105.18000030517578,105.44999694824219,104.79000091552734,105.08999633789062,3607667,JNK
2016-04-21,58.94439697265625,104.81999969482422,105.41999816894531,104.76000213623047,105.33000183105469,3966333,JNK
2016-04-22,59.11310577392578,105.12000274658203,105.18000030517578,104.81999969482422,104.91000366210938,3379300,JNK
2016-04-25,58.9106559753418,104.76000213623047,105.12000274658203,104.69999694824219,104.97000122070312,2403667,JNK
2016-04-26,59.146854400634766,105.18000030517578,105.18000030517578,104.8499984741211,105.08999633789062,2928533,JNK
2016-04-27,59.467376708984375,105.75,105.87000274658203,105.23999786376953,105.2699966430664,3179100,JNK
2016-04-28,59.45054244995117,105.72000122070312,106.16999816894531,105.66000366210938,105.69000244140625,3150100,JNK
2016-04-29,59.551753997802734,105.9000015258789,106.0199966430664,105.33000183105469,105.69000244140625,4680767,JNK
2016-05-02,59.604305267333984,105.44999694824219,105.44999694824219,105.12000274658203,105.12000274658203,1925100,JNK
2016-05-03,59.45261001586914,104.63999938964844,105.23999786376953,104.5199966430664,105.23999786376953,3397200,JNK
2016-05-04,59.145809173583984,104.0999984741211,104.5199966430664,104.01000213623047,104.4000015258789,5377633,JNK
2016-05-05,59.16284942626953,104.12999725341797,104.48999786376953,104.04000091552734,104.48999786376953,4380867,JNK
2016-05-06,59.145809173583984,104.0999984741211,104.43000030517578,103.68000030517578,103.73999786376953,3938733,JNK
2016-05-09,59.11170959472656,104.04000091552734,104.25,103.91999816894531,104.0999984741211,2799833,JNK
2016-05-10,59.57194137573242,104.8499984741211,104.94000244140625,104.12999725341797,104.12999725341797,3611367,JNK
2016-05-11,59.55485916137695,104.81999969482422,105.2699966430664,104.69999694824219,104.94000244140625,3854800,JNK
2016-05-12,59.55485916137695,104.81999969482422,105.1500015258789,104.69999694824219,105.1500015258789,2467200,JNK
2016-05-13,59.31624221801758,104.4000015258789,104.97000122070312,104.27999877929688,104.8499984741211,3472833,JNK
2016-05-16,59.67421340942383,105.02999877929688,105.05999755859375,104.48999786376953,104.66999816894531,2746000,JNK
2016-05-17,59.62307357788086,104.94000244140625,105.18000030517578,104.79000091552734,105.18000030517578,3279533,JNK
2016-05-18,59.57194137573242,104.8499984741211,105.2699966430664,104.61000061035156,104.91000366210938,3982367,JNK
2016-05-19,59.435585021972656,104.61000061035156,104.69999694824219,104.22000122070312,104.48999786376953,3945100,JNK
2016-05-20,59.64011001586914,104.97000122070312,105.05999755859375,104.61000061035156,104.61000061035156,3978367,JNK
2016-05-23,59.67421340942383,105.02999877929688,105.1500015258789,104.81999969482422,104.94000244140625,2057933,JNK
2016-05-24,60.032108306884766,105.66000366210938,105.80999755859375,105.23999786376953,105.36000061035156,3550333,JNK
2016-05-25,60.16850280761719,105.9000015258789,106.05000305175781,105.80999755859375,105.93000030517578,2650500,JNK
2016-05-26,60.0491943359375,105.69000244140625,106.16999816894531,105.62999725341797,106.16999816894531,1930600,JNK
2016-05-27,60.117332458496094,105.80999755859375,105.80999755859375,105.56999969482422,105.5999984741211,2005733,JNK
2016-05-31,60.0491943359375,105.69000244140625,106.0199966430664,105.66000366210938,105.9000015258789,1809633,JNK
2016-06-01,60.07830047607422,105.18000030517578,105.20999908447266,104.79000091552734,104.94000244140625,5022800,JNK
2016-06-02,60.09547424316406,105.20999908447266,105.23999786376953,104.8499984741211,105.08999633789062,2353500,JNK
2016-06-03,60.19827651977539,105.38999938964844,105.54000091552734,105.12000274658203,105.41999816894531,3127433,JNK
2016-06-06,60.48957824707031,105.9000015258789,105.95999908447266,105.56999969482422,105.69000244140625,3583400,JNK
2016-06-07,60.78089141845703,106.41000366210938,106.5,105.95999908447266,106.0199966430664,3836400,JNK
2016-06-08,61.05503463745117,106.88999938964844,106.94999694824219,106.5,106.5,2704000,JNK
2016-06-09,60.78089141845703,106.41000366210938,106.70999908447266,106.3499984741211,106.6500015258789,3050367,JNK
2016-06-10,60.45529556274414,105.83999633789062,106.19999694824219,105.62999725341797,106.0199966430664,3309133,JNK
2016-06-13,60.11261749267578,105.23999786376953,105.83999633789062,105.18000030517578,105.66000366210938,2883733,JNK
2016-06-14,59.90692138671875,104.87999725341797,105.1500015258789,104.55000305175781,105.05999755859375,5982367,JNK
2016-06-15,59.83841323852539,104.76000213623047,105.33000183105469,104.66999816894531,105.08999633789062,5822000,JNK
2016-06-16,59.8213005065918,104.7300033569336,104.8499984741211,104.01000213623047,104.48999786376953,7776633,JNK
2016-06-17,59.88979721069336,104.8499984741211,105.05999755859375,104.69999694824219,104.8499984741211,4619933,JNK
2016-06-20,60.31822967529297,105.5999984741211,106.0199966430664,105.54000091552734,105.83999633789062,3278767,JNK
2016-06-21,60.660911560058594,106.19999694824219,106.19999694824219,105.69000244140625,105.93000030517578,4725567,JNK
2016-06-22,60.60954284667969,106.11000061035156,106.26000213623047,105.95999908447266,106.08000183105469,7143200,JNK
2016-06-23,61.05503463745117,106.88999938964844,106.94999694824219,106.37999725341797,106.37999725341797,2576533,JNK
2016-06-24,60.146846771240234,105.30000305175781,106.0199966430664,104.61000061035156,104.61000061035156,6622533,JNK
2016-06-27,59.10158157348633,103.47000122070312,104.94000244140625,103.41000366210938,104.8499984741211,13028600,JNK
2016-06-28,59.90692138671875,104.87999725341797,104.91000366210938,104.37000274658203,104.63999938964844,7293300,JNK
2016-06-29,60.6437873840332,106.16999816894531,106.31999969482422,105.51000213623047,105.62999725341797,6612667,JNK
2016-06-30,61.15788650512695,107.06999969482422,107.12999725341797,106.05000305175781,106.26000213623047,7383500,JNK
2016-07-01,61.2043571472168,106.58999633789062,106.88999938964844,106.29000091552734,106.44000244140625,3719433,JNK
2016-07-05,60.91151428222656,106.08000183105469,106.44000244140625,105.77999877929688,106.44000244140625,3349567,JNK
2016-07-06,61.2043571472168,106.58999633789062,106.6500015258789,105.69000244140625,105.80999755859375,5060733,JNK
2016-07-07,61.3077507019043,106.7699966430664,107.01000213623047,106.37999725341797,106.58999633789062,5382700,JNK
2016-07-08,62.134586334228516,108.20999908447266,108.2699966430664,107.0999984741211,107.25,9373700,JNK
2016-07-11,62.25518798828125,108.41999816894531,108.66000366210938,108.33000183105469,108.36000061035156,5327100,JNK
2016-07-12,62.410186767578125,108.69000244140625,109.19999694824219,108.69000244140625,108.9000015258789,5458433,JNK
2016-07-13,62.25518798828125,108.41999816894531,108.77999877929688,108.1500015258789,108.66000366210938,4732100,JNK
2016-07-14,62.30686569213867,108.51000213623047,108.75,108.36000061035156,108.66000366210938,3794300,JNK
2016-07-15,62.20348358154297,108.33000183105469,108.75,108.30000305175781,108.75,2164433,JNK
2016-07-18,62.46187210083008,108.77999877929688,108.83999633789062,108.41999816894531,108.51000213623047,1886533,JNK
2016-07-19,62.27243423461914,108.44999694824219,108.80999755859375,108.30000305175781,108.62999725341797,4118700,JNK
2016-07-20,62.427406311035156,108.72000122070312,108.87000274658203,108.38999938964844,108.69000244140625,2504067,JNK
2016-07-21,62.410186767578125,108.69000244140625,108.95999908447266,108.56999969482422,108.72000122070312,1780567,JNK
2016-07-22,62.63413619995117,109.08000183105469,109.16999816894531,108.56999969482422,108.75,1673133,JNK
2016-07-25,62.2896614074707,108.4800033569336,109.0199966430664,108.44999694824219,109.0199966430664,1949267,JNK
2016-07-26,62.117366790771484,108.18000030517578,108.56999969482422,108.12000274658203,108.54000091552734,3395300,JNK
2016-07-27,62.2896614074707,108.4800033569336,108.54000091552734,108.05999755859375,108.38999938964844,3835367,JNK
2016-07-28,61.99675750732422,107.97000122070312,108.30000305175781,107.94000244140625,108.20999908447266,2451767,JNK
2016-07-29,62.117366790771484,108.18000030517578,108.20999908447266,107.69999694824219,107.94000244140625,4062433,JNK
2016-08-01,61.732940673828125,106.94999694824219,107.48999786376953,106.91999816894531,107.48999786376953,3530067,JNK
2016-08-02,61.66366958618164,106.83000183105469,107.19000244140625,106.7699966430664,107.12999725341797,8601767,JNK
2016-08-03,61.87147521972656,107.19000244140625,107.30999755859375,106.88999938964844,106.88999938964844,5883300,JNK
2016-08-04,62.28706359863281,107.91000366210938,108.0,107.19000244140625,107.19000244140625,3677800,JNK
2016-08-05,62.40830993652344,108.12000274658203,108.54000091552734,108.12000274658203,108.18000030517578,3678133,JNK
2016-08-08,62.754608154296875,108.72000122070312,108.77999877929688,108.30000305175781,108.44999694824219,4943633,JNK
2016-08-09,62.96239471435547,109.08000183105469,109.13999938964844,108.77999877929688,108.9000015258789,2729533,JNK
2016-08-10,62.94512176513672,109.05000305175781,109.19999694824219,108.9000015258789,109.16999816894531,1970200,JNK
2016-08-11,63.04899215698242,109.2300033569336,109.29000091552734,108.98999786376953,109.0199966430664,1967967,JNK
2016-08-12,63.1182746887207,109.3499984741211,109.3499984741211,108.98999786376953,109.0199966430664,1813667,JNK
2016-08-15,63.29145050048828,109.6500015258789,109.68000030517578,109.3499984741211,109.44000244140625,1752467,JNK
2016-08-16,63.100914001464844,109.31999969482422,109.62000274658203,109.29000091552734,109.62000274658203,3955367,JNK
2016-08-17,63.204837799072266,109.5,109.58999633789062,109.2300033569336,109.44000244140625,1621000,JNK
2016-08-18,63.44729995727539,109.91999816894531,109.9800033569336,109.5,109.5,1670767,JNK
2016-08-19,63.274131774902344,109.62000274658203,109.86000061035156,109.55999755859375,109.73999786376953,1558133,JNK
2016-08-22,63.13558578491211,109.37999725341797,109.62000274658203,109.3499984741211,109.44000244140625,1470267,JNK
2016-08-23,63.41262435913086,109.86000061035156,109.94999694824219,109.58999633789062,109.73999786376953,1698433,JNK
2016-08-24,63.2221565246582,109.52999877929688,109.88999938964844,109.47000122070312,109.86000061035156,1399667,JNK
2016-08-25,63.25678253173828,109.58999633789062,109.83000183105469,109.52999877929688,109.68000030517578,1859533,JNK
2016-08-26,63.274131774902344,109.62000274658203,110.0999984741211,109.44000244140625,109.73999786376953,1625800,JNK
2016-08-29,63.60311508178711,110.19000244140625,110.30999755859375,109.80000305175781,109.83000183105469,2565033,JNK
2016-08-30,63.58578109741211,110.16000366210938,110.27999877929688,109.91999816894531,110.25,1572633,JNK
2016-08-31,63.274131774902344,109.62000274658203,110.16000366210938,109.55999755859375,110.0999984741211,6321300,JNK
2016-09-01,63.423797607421875,109.31999969482422,109.37999725341797,108.87000274658203,109.29000091552734,3103700,JNK
2016-09-02,63.77189636230469,109.91999816894531,110.01000213623047,109.47000122070312,109.55999755859375,3208933,JNK
2016-09-06,63.84153366088867,110.04000091552734,110.0999984741211,109.7699966430664,109.91999816894531,3066500,JNK
2016-09-07,63.71969223022461,109.83000183105469,110.06999969482422,109.6500015258789,110.06999969482422,1684433,JNK
2016-09-08,63.58042907714844,109.58999633789062,109.80000305175781,109.47000122070312,109.80000305175781,2150833,JNK
2016-09-09,62.9190788269043,108.44999694824219,109.2300033569336,108.41999816894531,109.2300033569336,3912233,JNK
2016-09-12,63.12788391113281,108.80999755859375,109.08000183105469,108.1500015258789,108.30000305175781,5471400,JNK
2016-09-13,62.67536163330078,108.02999877929688,108.72000122070312,107.91000366210938,108.66000366210938,6517233,JNK
2016-09-14,62.62314987182617,107.94000244140625,108.4800033569336,107.8499984741211,108.1500015258789,6080033,JNK
2016-09-15,62.953857421875,108.51000213623047,108.66000366210938,108.0,108.0,3418267,JNK
2016-09-16,62.90166091918945,108.41999816894531,108.51000213623047,108.18000030517578,108.44999694824219,2909533,JNK
2016-09-19,62.97124099731445,108.54000091552734,108.75,108.38999938964844,108.44999694824219,3138000,JNK
2016-09-20,62.93644332885742,108.4800033569336,108.83999633789062,108.30000305175781,108.75,3384967,JNK
2016-09-21,63.44118881225586,109.3499984741211,109.44000244140625,108.44999694824219,108.5999984741211,5619367,JNK
2016-09-22,63.68485641479492,109.7699966430664,110.01000213623047,109.44000244140625,109.80000305175781,4083900,JNK
2016-09-23,63.545631408691406,109.52999877929688,109.88999938964844,109.5,109.73999786376953,6031067,JNK
2016-09-26,63.26714324951172,109.05000305175781,109.52999877929688,109.0199966430664,109.26000213623047,2306133,JNK
2016-09-27,63.51077651977539,109.47000122070312,109.47000122070312,108.83999633789062,109.08000183105469,2391333,JNK
2016-09-28,63.92852783203125,110.19000244140625,110.22000122070312,109.29000091552734,109.58999633789062,4127633,JNK
2016-09-29,63.63264083862305,109.68000030517578,110.19000244140625,109.41000366210938,110.19000244140625,4680500,JNK
2016-09-30,63.9111213684082,110.16000366210938,110.22000122070312,109.83000183105469,109.86000061035156,3542333,JNK
2016-10-03,63.92163848876953,109.62000274658203,109.68000030517578,109.31999969482422,109.44000244140625,4889233,JNK
2016-10-04,63.85163116455078,109.5,109.80000305175781,109.31999969482422,109.68000030517578,3761167,JNK
2016-10-05,64.0265884399414,109.80000305175781,109.83000183105469,109.52999877929688,109.73999786376953,3418267,JNK
2016-10-06,64.0265884399414,109.80000305175781,109.86000061035156,109.55999755859375,109.83000183105469,2583533,JNK
2016-10-07,64.1665267944336,110.04000091552734,110.12999725341797,109.52999877929688,109.86000061035156,2973167,JNK
2016-10-10,64.41145324707031,110.45999908447266,110.55000305175781,109.9800033569336,109.9800033569336,1242700,JNK
2016-10-11,64.04408264160156,109.83000183105469,110.33999633789062,109.6500015258789,110.33999633789062,4171067,JNK
2016-10-12,63.991580963134766,109.73999786376953,110.01000213623047,109.58999633789062,109.86000061035156,2309867,JNK
2016-10-13,63.90414810180664,109.58999633789062,109.70999908447266,109.19999694824219,109.37999725341797,5159633,JNK
2016-10-14,63.991580963134766,109.73999786376953,109.9800033569336,109.6500015258789,109.7699966430664,2246800,JNK
2016-10-17,63.97409439086914,109.70999908447266,109.9800033569336,109.55999755859375,109.88999938964844,3190567,JNK
2016-10-18,64.18400573730469,110.06999969482422,110.19000244140625,109.80000305175781,110.04000091552734,2202433,JNK
2016-10-19,64.39392852783203,110.43000030517578,110.5199966430664,110.16000366210938,110.19000244140625,1715933,JNK
2016-10-20,64.37644958496094,110.4000015258789,110.58000183105469,110.27999877929688,110.43000030517578,2929600,JNK
2016-10-21,64.44644927978516,110.5199966430664,110.58000183105469,110.25,110.33999633789062,2936967,JNK
2016-10-24,64.49890899658203,110.61000061035156,110.7300033569336,110.43000030517578,110.7300033569336,1305300,JNK
2016-10-25,64.46389770507812,110.55000305175781,110.63999938964844,110.4000015258789,110.5199966430664,2901067,JNK
2016-10-26,64.1665267944336,110.04000091552734,110.5199966430664,110.04000091552734,110.22000122070312,2629233,JNK
2016-10-27,63.90414810180664,109.58999633789062,110.25,109.5,110.25,4703233,JNK
2016-10-28,63.62422561645508,109.11000061035156,109.58999633789062,109.0199966430664,109.52999877929688,5435700,JNK
2016-10-31,63.431766510009766,108.77999877929688,109.19999694824219,108.62999725341797,109.11000061035156,10216133,JNK
2016-11-01,63.231319427490234,107.87999725341797,108.33000183105469,107.45999908447266,108.33000183105469,4903033,JNK
2016-11-02,62.86207580566406,107.25,107.76000213623047,107.0999984741211,107.76000213623047,8914767,JNK
2016-11-03,62.87965774536133,107.27999877929688,107.66999816894531,107.22000122070312,107.4000015258789,3522033,JNK
2016-11-04,62.98516082763672,107.45999908447266,107.66999816894531,107.27999877929688,107.45999908447266,4498067,JNK
2016-11-07,63.81158447265625,108.87000274658203,108.9000015258789,108.2699966430664,108.2699966430664,5043700,JNK
2016-11-08,63.70610427856445,108.69000244140625,108.77999877929688,108.36000061035156,108.44999694824219,6239233,JNK
2016-11-09,63.284114837646484,107.97000122070312,109.0199966430664,107.87999725341797,107.97000122070312,8153633,JNK
2016-11-10,62.38729476928711,106.44000244140625,107.76000213623047,106.44000244140625,107.66999816894531,8462467,JNK
2016-11-11,61.77190399169922,105.38999938964844,106.44000244140625,105.1500015258789,106.11000061035156,5082567,JNK
2016-11-14,62.22905731201172,106.16999816894531,106.3499984741211,105.1500015258789,105.18000030517578,7860400,JNK
2016-11-15,63.055519104003906,107.58000183105469,107.69999694824219,106.7699966430664,106.80000305175781,5827033,JNK
2016-11-16,62.8093147277832,107.16000366210938,107.30999755859375,107.01000213623047,107.06999969482422,4324000,JNK
2016-11-17,62.6686897277832,106.91999816894531,107.43000030517578,106.91999816894531,107.12999725341797,3640067,JNK
2016-11-18,62.63348388671875,106.86000061035156,107.33999633789062,106.80000305175781,107.04000091552734,4796700,JNK
2016-11-21,63.16102600097656,107.76000213623047,107.76000213623047,107.16000366210938,107.16000366210938,3269067,JNK
2016-11-22,63.63579559326172,108.56999969482422,108.66000366210938,107.79000091552734,107.79000091552734,5976733,JNK
2016-11-23,63.354408264160156,108.08999633789062,108.2699966430664,107.79000091552734,107.91000366210938,2626100,JNK
2016-11-25,63.45993423461914,108.2699966430664,108.36000061035156,108.1500015258789,108.18000030517578,740267,JNK
2016-11-28,63.51266860961914,108.36000061035156,108.66000366210938,108.05999755859375,108.4800033569336,7753867,JNK
2016-11-29,63.389610290527344,108.1500015258789,108.33000183105469,107.94000244140625,108.0,2670967,JNK
2016-11-30,63.51266860961914,108.36000061035156,108.51000213623047,108.0,108.36000061035156,3519267,JNK
2016-12-01,63.26176452636719,107.4000015258789,107.97000122070312,107.30999755859375,107.97000122070312,5572133,JNK
2016-12-02,63.632869720458984,108.02999877929688,108.02999877929688,107.43000030517578,107.45999908447266,4394033,JNK
2016-12-05,63.82722473144531,108.36000061035156,108.38999938964844,108.0,108.02999877929688,3076833,JNK
2016-12-06,64.07459259033203,108.77999877929688,108.77999877929688,108.38999938964844,108.44999694824219,3642900,JNK
2016-12-07,64.48104095458984,109.47000122070312,109.47000122070312,108.80999755859375,108.83999633789062,9339667,JNK
2016-12-08,64.42804718017578,109.37999725341797,109.41000366210938,108.93000030517578,109.26000213623047,3243333,JNK
2016-12-09,64.42804718017578,109.37999725341797,109.52999877929688,109.26000213623047,109.37999725341797,1873133,JNK
2016-12-12,64.35739135742188,109.26000213623047,109.68000030517578,109.19999694824219,109.62000274658203,3794867,JNK
2016-12-13,64.55171966552734,109.58999633789062,109.86000061035156,109.47000122070312,109.62000274658203,2419233,JNK
2016-12-14,64.0039291381836,108.66000366210938,109.83000183105469,108.51000213623047,109.5,3688567,JNK
2016-12-15,64.07459259033203,108.77999877929688,108.95999908447266,108.41999816894531,108.4800033569336,2935567,JNK
2016-12-16,64.12760925292969,108.87000274658203,109.13999938964844,108.77999877929688,109.11000061035156,3082867,JNK
2016-12-19,64.35739135742188,109.26000213623047,109.31999969482422,108.93000030517578,109.0199966430664,1596633,JNK
2016-12-20,64.39269256591797,109.31999969482422,109.47000122070312,109.08000183105469,109.41000366210938,3610533,JNK
2016-12-21,64.53404998779297,109.55999755859375,109.58999633789062,109.2300033569336,109.26000213623047,4169900,JNK
2016-12-22,64.62239837646484,109.70999908447266,109.70999908447266,109.37999725341797,109.5,4394300,JNK
2016-12-23,64.78144836425781,109.9800033569336,110.01000213623047,109.52999877929688,109.58999633789062,1779733,JNK
2016-12-27,64.62239837646484,109.70999908447266,110.06999969482422,109.68000030517578,109.88999938964844,1699833,JNK
2016-12-28,64.55315399169922,109.05000305175781,109.44000244140625,109.05000305175781,109.3499984741211,2816367,JNK
2016-12-29,64.64192199707031,109.19999694824219,109.29000091552734,109.0199966430664,109.19999694824219,1602400,JNK
2016-12-30,64.73077392578125,109.3499984741211,109.41000366210938,109.11000061035156,109.26000213623047,2252567,JNK
2017-01-03,65.0504150390625,109.88999938964844,109.94999694824219,109.55999755859375,109.73999786376953,5394733,JNK
2017-01-04,65.33453369140625,110.37000274658203,110.45999908447266,109.91999816894531,110.06999969482422,4597067,JNK
2017-01-05,65.22798156738281,110.19000244140625,110.45999908447266,110.12999725341797,110.27999877929688,6218533,JNK
2017-01-06,65.24577331542969,110.22000122070312,110.30999755859375,109.94999694824219,110.16000366210938,3472333,JNK
2017-01-09,65.26349639892578,110.25,110.33999633789062,110.04000091552734,110.27999877929688,4212267,JNK
2017-01-10,65.29901885986328,110.30999755859375,110.58000183105469,110.27999877929688,110.33999633789062,1882167,JNK
2017-01-11,65.28123474121094,110.27999877929688,110.4000015258789,110.16000366210938,110.25,2688733,JNK
2017-01-12,65.29901885986328,110.30999755859375,110.33999633789062,110.12999725341797,110.25,2636833,JNK
2017-01-13,65.31676483154297,110.33999633789062,110.45999908447266,110.12999725341797,110.37000274658203,1907033,JNK
2017-01-17,65.28123474121094,110.27999877929688,110.33999633789062,110.16000366210938,110.33999633789062,2723900,JNK
2017-01-18,65.31676483154297,110.33999633789062,110.37000274658203,110.16000366210938,110.19000244140625,2062167,JNK
2017-01-19,65.13922119140625,110.04000091552734,110.37000274658203,109.91999816894531,110.37000274658203,2949700,JNK
2017-01-20,65.26349639892578,110.25,110.25,109.9800033569336,110.12999725341797,4297800,JNK
2017-01-23,65.28123474121094,110.27999877929688,110.37000274658203,110.0999984741211,110.25,2262967,JNK
2017-01-24,65.42335510253906,110.5199966430664,110.55000305175781,110.19000244140625,110.27999877929688,2284700,JNK
2017-01-25,65.61869812011719,110.8499984741211,110.87999725341797,110.55000305175781,110.69999694824219,3696100,JNK
2017-01-26,65.65421295166016,110.91000366210938,110.91000366210938,110.66999816894531,110.81999969482422,4044067,JNK
2017-01-27,65.70746612548828,111.0,111.02999877929688,110.76000213623047,110.91000366210938,2875100,JNK
2017-01-30,65.56542205810547,110.76000213623047,110.94000244140625,110.61000061035156,110.87999725341797,2990200,JNK
2017-01-31,65.5476303100586,110.7300033569336,110.79000091552734,110.5199966430664,110.76000213623047,3514800,JNK
2017-02-01,65.69932556152344,110.45999908447266,110.55000305175781,110.12999725341797,110.55000305175781,3657567,JNK
2017-02-02,65.66360473632812,110.4000015258789,110.48999786376953,110.27999877929688,110.43000030517578,4780300,JNK
2017-02-03,65.80638122558594,110.63999938964844,110.7300033569336,110.5199966430664,110.63999938964844,3026633,JNK
2017-02-06,65.69932556152344,110.45999908447266,110.7300033569336,110.45999908447266,110.69999694824219,2767033,JNK
2017-02-07,65.66360473632812,110.4000015258789,110.61000061035156,110.37000274658203,110.58000183105469,2055333,JNK
2017-02-08,65.6457748413086,110.37000274658203,110.48999786376953,110.19000244140625,110.4000015258789,2726967,JNK
2017-02-09,65.78850555419922,110.61000061035156,110.7300033569336,110.37000274658203,110.37000274658203,2247200,JNK
2017-02-10,65.84205627441406,110.69999694824219,110.69999694824219,110.5199966430664,110.69999694824219,1938833,JNK
2017-02-13,65.91343688964844,110.81999969482422,110.94000244140625,110.7300033569336,110.81999969482422,2609067,JNK
2017-02-14,66.00267791748047,110.97000122070312,111.0,110.61000061035156,110.87999725341797,2644833,JNK
2017-02-15,65.98479461669922,110.94000244140625,111.0,110.76000213623047,110.87999725341797,1426067,JNK
2017-02-16,65.91343688964844,110.81999969482422,110.97000122070312,110.61000061035156,110.91000366210938,2414167,JNK
2017-02-17,65.94908142089844,110.87999725341797,110.91000366210938,110.61000061035156,110.7300033569336,1036967,JNK
2017-02-21,66.19892120361328,111.30000305175781,111.33000183105469,110.97000122070312,111.02999877929688,1758667,JNK
2017-02-22,66.2167739868164,111.33000183105469,111.36000061035156,111.08999633789062,111.2699966430664,2797233,JNK
2017-02-23,66.28813934326172,111.44999694824219,111.56999969482422,111.33000183105469,111.56999969482422,2206200,JNK
2017-02-24,66.28813934326172,111.44999694824219,111.56999969482422,111.30000305175781,111.30000305175781,2066833,JNK
2017-02-27,66.39517974853516,111.62999725341797,111.62999725341797,111.44999694824219,111.56999969482422,3480500,JNK
2017-02-28,66.41304779052734,111.66000366210938,111.66000366210938,111.51000213623047,111.66000366210938,2845000,JNK
2017-03-01,66.6568832397461,111.54000091552734,111.5999984741211,111.41999816894531,111.4800033569336,2472667,JNK
2017-03-02,66.49552917480469,111.2699966430664,111.54000091552734,111.20999908447266,111.44999694824219,2017133,JNK
2017-03-03,66.49552917480469,111.2699966430664,111.36000061035156,110.97000122070312,111.20999908447266,2703367,JNK
2017-03-06,66.20869445800781,110.79000091552734,111.08999633789062,110.7300033569336,111.0,2839267,JNK
2017-03-07,65.81424713134766,110.12999725341797,110.61000061035156,110.06999969482422,110.48999786376953,4046567,JNK
2017-03-08,65.33016967773438,109.31999969482422,109.9800033569336,109.31999969482422,109.86000061035156,5983233,JNK
2017-03-09,65.1329345703125,108.98999786376953,109.37999725341797,108.77999877929688,109.16999816894531,9661467,JNK
2017-03-10,65.1329345703125,108.98999786376953,109.58999633789062,108.75,109.58999633789062,9696267,JNK
2017-03-13,65.24053192138672,109.16999816894531,109.19999694824219,108.80999755859375,109.11000061035156,5324633,JNK
2017-03-14,64.98954772949219,108.75,108.9000015258789,108.5999984741211,108.69000244140625,8202767,JNK
2017-03-15,65.8859634399414,110.25,110.25,108.98999786376953,109.08000183105469,8151967,JNK
2017-03-16,65.6887435913086,109.91999816894531,110.5199966430664,109.86000061035156,110.45999908447266,6299833,JNK
2017-03-17,65.67085266113281,109.88999938964844,110.0999984741211,109.88999938964844,110.06999969482422,4273367,JNK
2017-03-20,65.59907531738281,109.7699966430664,109.94999694824219,109.68000030517578,109.86000061035156,2564167,JNK
2017-03-21,65.07917785644531,108.9000015258789,110.01000213623047,108.87000274658203,109.94999694824219,6363533,JNK
2017-03-22,65.31227111816406,109.29000091552734,109.31999969482422,108.56999969482422,108.9000015258789,3913633,JNK
2017-03-23,65.22261810302734,109.13999938964844,109.52999877929688,109.08000183105469,109.2300033569336,3707633,JNK
2017-03-24,65.50948333740234,109.62000274658203,109.6500015258789,109.29000091552734,109.37999725341797,3016367,JNK
2017-03-27,65.38397979736328,109.41000366210938,109.55999755859375,109.11000061035156,109.26000213623047,1924133,JNK
2017-03-28,65.85012817382812,110.19000244140625,110.22000122070312,109.5,109.55999755859375,6231600,JNK
2017-03-29,65.92180633544922,110.30999755859375,110.55000305175781,110.12999725341797,110.22000122070312,5938067,JNK
2017-03-30,66.2624282836914,110.87999725341797,110.91000366210938,110.43000030517578,110.55000305175781,7498233,JNK
2017-03-31,66.20869445800781,110.79000091552734,111.0,110.7300033569336,110.81999969482422,3280833,JNK
2017-04-03,66.19429016113281,110.25,110.4000015258789,110.0999984741211,110.27999877929688,3771433,JNK
2017-04-04,66.21223449707031,110.27999877929688,110.4000015258789,110.12999725341797,110.27999877929688,3365367,JNK
2017-04-05,66.12223052978516,110.12999725341797,110.7300033569336,110.12999725341797,110.45999908447266,4392033,JNK
2017-04-06,66.21223449707031,110.27999877929688,110.48999786376953,110.16000366210938,110.30999755859375,2408000,JNK
2017-04-07,66.21223449707031,110.27999877929688,110.58000183105469,110.27999877929688,110.37000274658203,3107800,JNK
2017-04-10,66.33832550048828,110.48999786376953,110.61000061035156,110.30999755859375,110.45999908447266,3690733,JNK
2017-04-11,66.21223449707031,110.27999877929688,110.5199966430664,110.19000244140625,110.43000030517578,4172967,JNK
2017-04-12,66.26629638671875,110.37000274658203,110.55000305175781,110.25,110.37000274658203,1550433,JNK
2017-04-13,66.10424041748047,110.0999984741211,110.48999786376953,110.06999969482422,110.37000274658203,3588400,JNK
2017-04-17,66.32032012939453,110.45999908447266,110.48999786376953,110.19000244140625,110.19000244140625,1836667,JNK
2017-04-18,66.30231475830078,110.43000030517578,110.48999786376953,110.19000244140625,110.43000030517578,1931433,JNK
2017-04-19,66.26629638671875,110.37000274658203,110.7300033569336,110.30999755859375,110.45999908447266,2683567,JNK
2017-04-20,66.4644546508789,110.69999694824219,110.7300033569336,110.48999786376953,110.48999786376953,2943567,JNK
2017-04-21,66.410400390625,110.61000061035156,110.79000091552734,110.5199966430664,110.61000061035156,2213033,JNK
2017-04-24,66.71660614013672,111.12000274658203,111.18000030517578,110.94000244140625,110.94000244140625,1271100,JNK
2017-04-25,66.86071014404297,111.36000061035156,111.38999938964844,111.20999908447266,111.23999786376953,2345333,JNK
2017-04-26,66.78868865966797,111.23999786376953,111.4800033569336,111.23999786376953,111.2699966430664,1273300,JNK
2017-04-27,66.87873077392578,111.38999938964844,111.44999694824219,111.20999908447266,111.2699966430664,2062767,JNK
2017-04-28,66.89671325683594,111.41999816894531,111.54000091552734,111.33000183105469,111.41999816894531,2066800,JNK
2017-05-01,66.87863159179688,110.87999725341797,111.08999633789062,110.8499984741211,110.87999725341797,1728267,JNK
2017-05-02,66.98722076416016,111.05999755859375,111.12000274658203,110.91000366210938,111.0,2440133,JNK
2017-05-03,67.04142761230469,111.1500015258789,111.18000030517578,110.97000122070312,110.97000122070312,1855367,JNK
2017-05-04,66.64340209960938,110.48999786376953,111.12000274658203,110.4000015258789,111.02999877929688,3215967,JNK
2017-05-05,66.8243637084961,110.79000091552734,110.87999725341797,110.5199966430664,110.69999694824219,4559433,JNK
2017-05-08,66.89672088623047,110.91000366210938,110.97000122070312,110.76000213623047,110.94000244140625,1811167,JNK
2017-05-09,66.84244537353516,110.81999969482422,111.1500015258789,110.81999969482422,111.05999755859375,4532600,JNK
2017-05-10,67.09577941894531,111.23999786376953,111.30000305175781,110.94000244140625,111.0,2957900,JNK
2017-05-11,67.09577941894531,111.23999786376953,111.33000183105469,111.0,111.23999786376953,2239500,JNK
2017-05-12,67.11387634277344,111.2699966430664,111.38999938964844,111.18000030517578,111.30000305175781,1899600,JNK
2017-05-15,67.27674102783203,111.54000091552734,111.66000366210938,111.41999816894531,111.54000091552734,2843600,JNK
2017-05-16,67.34911346435547,111.66000366210938,111.72000122070312,111.54000091552734,111.66000366210938,3763867,JNK
2017-05-17,67.0234146118164,111.12000274658203,111.44999694824219,111.12000274658203,111.2699966430664,3577967,JNK
2017-05-18,67.11387634277344,111.2699966430664,111.38999938964844,110.79000091552734,110.8499984741211,3757567,JNK
2017-05-19,67.27674102783203,111.54000091552734,111.66000366210938,111.41999816894531,111.44999694824219,4915333,JNK
2017-05-22,67.4576644897461,111.83999633789062,111.93000030517578,111.62999725341797,111.72000122070312,2201700,JNK
2017-05-23,67.47576141357422,111.87000274658203,111.95999908447266,111.83999633789062,111.9000015258789,2439867,JNK
2017-05-24,67.5843276977539,112.05000305175781,112.08000183105469,111.80999755859375,111.87000274658203,1630967,JNK
2017-05-25,67.51194763183594,111.93000030517578,112.19999694824219,111.93000030517578,111.98999786376953,2243367,JNK
2017-05-26,67.54814910888672,111.98999786376953,112.05000305175781,111.9000015258789,111.9000015258789,1040500,JNK
2017-05-30,67.67481231689453,112.19999694824219,112.2300033569336,111.93000030517578,111.98999786376953,1649200,JNK
2017-05-31,67.65673065185547,112.16999816894531,112.2300033569336,111.93000030517578,112.13999938964844,3169400,JNK
2017-06-01,67.80412292480469,111.77999877929688,111.87000274658203,111.51000213623047,111.77999877929688,3768833,JNK
2017-06-02,67.84050750732422,111.83999633789062,111.83999633789062,111.69000244140625,111.83999633789062,2839600,JNK
2017-06-05,67.80412292480469,111.77999877929688,111.83999633789062,111.69000244140625,111.83999633789062,1859733,JNK
2017-06-06,67.713134765625,111.62999725341797,111.72000122070312,111.54000091552734,111.62999725341797,2106000,JNK
2017-06-07,67.56756591796875,111.38999938964844,111.66000366210938,111.18000030517578,111.54000091552734,4119100,JNK
2017-06-08,67.60396575927734,111.44999694824219,111.51000213623047,111.08999633789062,111.30000305175781,2646267,JNK
2017-06-09,67.56756591796875,111.38999938964844,111.5999984741211,111.23999786376953,111.4800033569336,2521400,JNK
2017-06-12,67.74950408935547,111.69000244140625,111.72000122070312,111.38999938964844,111.38999938964844,1736500,JNK
2017-06-13,67.84050750732422,111.83999633789062,111.87000274658203,111.69000244140625,111.69000244140625,1971533,JNK
2017-06-14,67.80412292480469,111.77999877929688,111.98999786376953,111.66000366210938,111.93000030517578,2478833,JNK
2017-06-15,67.64035034179688,111.51000213623047,111.62999725341797,111.44999694824219,111.54000091552734,2745667,JNK
2017-06-16,67.45836639404297,111.20999908447266,111.5999984741211,111.20999908447266,111.5999984741211,2999700,JNK
2017-06-19,67.713134765625,111.62999725341797,111.72000122070312,111.4800033569336,111.4800033569336,2702833,JNK
2017-06-20,67.51297760009766,111.30000305175781,111.56999969482422,111.2699966430664,111.4800033569336,3046300,JNK
2017-06-21,67.09442138671875,110.61000061035156,111.36000061035156,110.55000305175781,111.36000061035156,6568700,JNK
2017-06-22,67.25821685791016,110.87999725341797,110.91000366210938,110.63999938964844,110.63999938964844,6679000,JNK
2017-06-23,67.51297760009766,111.30000305175781,111.30000305175781,110.87999725341797,110.94000244140625,2368100,JNK
2017-06-26,67.60396575927734,111.44999694824219,111.56999969482422,111.20999908447266,111.30000305175781,3821867,JNK
2017-06-27,67.44013977050781,111.18000030517578,111.4800033569336,111.1500015258789,111.4800033569336,3729767,JNK
2017-06-28,67.67671966552734,111.56999969482422,111.62999725341797,111.20999908447266,111.41999816894531,4121267,JNK
2017-06-29,67.54936981201172,111.36000061035156,111.62999725341797,111.1500015258789,111.56999969482422,4613267,JNK
2017-06-30,67.69493865966797,111.5999984741211,111.66000366210938,111.33000183105469,111.51000213623047,1778933,JNK
2017-07-03,67.65471649169922,111.02999877929688,111.36000061035156,111.0,111.2699966430664,1802567,JNK
2017-07-05,67.56326293945312,110.87999725341797,111.20999908447266,110.8499984741211,111.08999633789062,3622500,JNK
2017-07-06,67.39881134033203,110.61000061035156,110.91000366210938,110.4000015258789,110.91000366210938,5105400,JNK
2017-07-07,67.32563781738281,110.48999786376953,110.66999816894531,110.33999633789062,110.5199966430664,6782833,JNK
2017-07-10,67.45365142822266,110.69999694824219,110.76000213623047,110.5199966430664,110.5199966430664,3314967,JNK
2017-07-11,67.41708374023438,110.63999938964844,110.76000213623047,110.5199966430664,110.7300033569336,2785667,JNK
2017-07-12,67.80091094970703,111.2699966430664,111.30000305175781,111.0,111.0,5888867,JNK
2017-07-13,67.85578155517578,111.36000061035156,111.36000061035156,111.18000030517578,111.30000305175781,4279767,JNK
2017-07-14,67.98372650146484,111.56999969482422,111.66000366210938,111.30000305175781,111.36000061035156,5592500,JNK
2017-07-17,68.02030181884766,111.62999725341797,111.69000244140625,111.54000091552734,111.69000244140625,2319800,JNK
2017-07-18,68.1117172241211,111.77999877929688,111.83999633789062,111.56999969482422,111.66000366210938,3688633,JNK
2017-07-19,68.22137451171875,111.95999908447266,112.05000305175781,111.83999633789062,111.83999633789062,2080133,JNK
2017-07-20,68.29451751708984,112.08000183105469,112.13999938964844,111.9000015258789,112.08000183105469,1903833,JNK
2017-07-21,68.22137451171875,111.95999908447266,112.05000305175781,111.9000015258789,112.05000305175781,4035767,JNK
2017-07-24,68.29451751708984,112.08000183105469,112.08000183105469,111.87000274658203,112.05000305175781,1032833,JNK
2017-07-25,68.31278228759766,112.11000061035156,112.2300033569336,112.08000183105469,112.16999816894531,1254200,JNK
2017-07-26,68.4041519165039,112.26000213623047,112.37999725341797,112.13999938964844,112.29000091552734,1595200,JNK
2017-07-27,68.38591003417969,112.2300033569336,112.31999969482422,112.0199966430664,112.29000091552734,2898233,JNK
2017-07-28,68.38591003417969,112.2300033569336,112.2300033569336,112.08000183105469,112.2300033569336,2108433,JNK
2017-07-31,68.36762237548828,112.19999694824219,112.3499984741211,112.11000061035156,112.16999816894531,2192933,JNK
2017-08-01,68.4832992553711,111.9000015258789,111.93000030517578,111.75,111.80999755859375,2980700,JNK
2017-08-02,68.4832992553711,111.9000015258789,111.98999786376953,111.77999877929688,111.83999633789062,2020300,JNK
2017-08-03,68.31806182861328,111.62999725341797,111.83999633789062,111.5999984741211,111.83999633789062,3401633,JNK
2017-08-04,68.33641052246094,111.66000366210938,111.72000122070312,111.56999969482422,111.62999725341797,5170000,JNK
2017-08-07,68.31806182861328,111.62999725341797,111.72000122070312,111.56999969482422,111.72000122070312,1395367,JNK
2017-08-08,68.11612701416016,111.30000305175781,111.69000244140625,111.12000274658203,111.66000366210938,4180533,JNK
2017-08-09,67.8222885131836,110.81999969482422,111.12000274658203,110.7300033569336,111.12000274658203,5858533,JNK
2017-08-10,67.34500885009766,110.04000091552734,110.7300033569336,110.04000091552734,110.66999816894531,6928433,JNK
2017-08-11,67.51019287109375,110.30999755859375,110.43000030517578,110.19000244140625,110.30999755859375,5146833,JNK
2017-08-14,67.80398559570312,110.79000091552734,111.02999877929688,110.7300033569336,110.7300033569336,3226867,JNK
2017-08-15,67.87742614746094,110.91000366210938,110.97000122070312,110.76000213623047,110.87999725341797,3784267,JNK
2017-08-16,67.87742614746094,110.91000366210938,111.05999755859375,110.87999725341797,110.87999725341797,2362000,JNK
2017-08-17,67.52857971191406,110.33999633789062,110.87999725341797,110.16000366210938,110.87999725341797,4455233,JNK
2017-08-18,67.58362579345703,110.43000030517578,110.69999694824219,110.25,110.45999908447266,4065200,JNK
2017-08-21,67.65711212158203,110.55000305175781,110.66999816894531,110.43000030517578,110.45999908447266,2072967,JNK
2017-08-22,67.96923828125,111.05999755859375,111.1500015258789,110.66999816894531,110.66999816894531,3252633,JNK
2017-08-23,67.93248748779297,111.0,111.08999633789062,110.8499984741211,110.8499984741211,1815900,JNK
2017-08-24,68.0243148803711,111.1500015258789,111.18000030517578,110.94000244140625,111.12000274658203,1809533,JNK
2017-08-25,68.17121124267578,111.38999938964844,111.38999938964844,111.18000030517578,111.20999908447266,1990367,JNK
2017-08-28,68.17121124267578,111.38999938964844,111.41999816894531,111.2699966430664,111.38999938964844,1506667,JNK
2017-08-29,68.09770965576172,111.2699966430664,111.33000183105469,111.05999755859375,111.12000274658203,1913833,JNK
2017-08-30,68.24462890625,111.51000213623047,111.54000091552734,111.2699966430664,111.33000183105469,4414167,JNK
2017-08-31,68.40985870361328,111.77999877929688,111.77999877929688,111.54000091552734,111.56999969482422,3445633,JNK
2017-09-01,68.43565368652344,111.33000183105469,111.36000061035156,111.18000030517578,111.18000030517578,3174300,JNK
2017-09-05,68.34346771240234,111.18000030517578,111.30000305175781,111.0,111.2699966430664,3400800,JNK
2017-09-06,68.28813934326172,111.08999633789062,111.36000061035156,111.05999755859375,111.23999786376953,2806800,JNK
2017-09-07,68.3066177368164,111.12000274658203,111.2699966430664,111.12000274658203,111.23999786376953,1728300,JNK
2017-09-08,68.10374450683594,110.79000091552734,111.18000030517578,110.79000091552734,111.12000274658203,2476500,JNK
2017-09-11,68.32505798339844,111.1500015258789,111.30000305175781,111.02999877929688,111.05999755859375,2450900,JNK
2017-09-12,68.41722106933594,111.30000305175781,111.33000183105469,111.12000274658203,111.18000030517578,2881567,JNK
2017-09-13,68.38037109375,111.23999786376953,111.30000305175781,111.1500015258789,111.20999908447266,3130967,JNK
2017-09-14,68.52790832519531,111.4800033569336,111.51000213623047,111.20999908447266,111.2699966430664,2071567,JNK
2017-09-15,68.54633331298828,111.51000213623047,111.56999969482422,111.36000061035156,111.38999938964844,1600667,JNK
2017-09-18,68.52790832519531,111.4800033569336,111.5999984741211,111.38999938964844,111.51000213623047,3680833,JNK
2017-09-19,68.63853454589844,111.66000366210938,111.66000366210938,111.41999816894531,111.54000091552734,1369033,JNK
2017-09-20,68.62007141113281,111.62999725341797,111.72000122070312,111.41999816894531,111.5999984741211,2953367,JNK
2017-09-21,68.50944519042969,111.44999694824219,111.69000244140625,111.41999816894531,111.69000244140625,1587433,JNK
2017-09-22,68.60164642333984,111.5999984741211,111.5999984741211,111.44999694824219,111.51000213623047,1723067,JNK
2017-09-25,68.656982421875,111.69000244140625,111.72000122070312,111.54000091552734,111.5999984741211,1821767,JNK
2017-09-26,68.73075103759766,111.80999755859375,111.93000030517578,111.75,111.77999877929688,1560933,JNK
2017-09-27,68.76762390136719,111.87000274658203,111.9000015258789,111.72000122070312,111.83999633789062,1275233,JNK
2017-09-28,68.76762390136719,111.87000274658203,111.93000030517578,111.77999877929688,111.80999755859375,1516300,JNK
2017-09-29,68.82295227050781,111.95999908447266,111.95999908447266,111.80999755859375,111.9000015258789,2244433,JNK
2017-10-02,68.83589935302734,111.51000213623047,111.56999969482422,111.36000061035156,111.56999969482422,2913933,JNK
2017-10-03,68.96553802490234,111.72000122070312,111.72000122070312,111.44999694824219,111.44999694824219,2400333,JNK
2017-10-04,68.85443878173828,111.54000091552734,111.66000366210938,111.4800033569336,111.66000366210938,1884433,JNK
2017-10-05,68.94703674316406,111.69000244140625,111.69000244140625,111.51000213623047,111.54000091552734,2181733,JNK
2017-10-06,68.85443878173828,111.54000091552734,111.69000244140625,111.44999694824219,111.56999969482422,2885867,JNK
2017-10-09,68.90997314453125,111.62999725341797,111.69000244140625,111.54000091552734,111.62999725341797,417633,JNK
2017-10-10,68.96553802490234,111.72000122070312,111.75,111.54000091552734,111.69000244140625,3402267,JNK
2017-10-11,68.87293243408203,111.56999969482422,111.69000244140625,111.54000091552734,111.62999725341797,1650467,JNK
2017-10-12,68.81743621826172,111.4800033569336,111.56999969482422,111.44999694824219,111.56999969482422,1662933,JNK
2017-10-13,68.85443878173828,111.54000091552734,111.5999984741211,111.41999816894531,111.5999984741211,2361567,JNK
2017-10-16,68.87293243408203,111.56999969482422,111.5999984741211,111.4800033569336,111.54000091552734,1660933,JNK
2017-10-17,68.98405456542969,111.75,111.77999877929688,111.51000213623047,111.51000213623047,1912000,JNK
2017-10-18,69.02110290527344,111.80999755859375,111.9000015258789,111.75,111.75,1854567,JNK
2017-10-19,69.05812072753906,111.87000274658203,111.9000015258789,111.69000244140625,111.77999877929688,1164300,JNK
2017-10-20,69.11370849609375,111.95999908447266,112.0199966430664,111.83999633789062,111.9000015258789,1083167,JNK
2017-10-23,69.03961944580078,111.83999633789062,112.05000305175781,111.83999633789062,112.0199966430664,1024667,JNK
2017-10-24,69.09516143798828,111.93000030517578,111.98999786376953,111.83999633789062,111.9000015258789,3203400,JNK
2017-10-25,68.87293243408203,111.56999969482422,111.80999755859375,111.44999694824219,111.77999877929688,3746700,JNK
2017-10-26,68.78038787841797,111.41999816894531,111.66000366210938,111.36000061035156,111.54000091552734,3592067,JNK
2017-10-27,68.94703674316406,111.69000244140625,111.72000122070312,111.38999938964844,111.4800033569336,2876100,JNK
2017-10-30,68.92850494384766,111.66000366210938,111.75,111.4800033569336,111.4800033569336,2031833,JNK
2017-10-31,68.96553802490234,111.72000122070312,111.75,111.62999725341797,111.66000366210938,1866000,JNK
2017-11-01,68.90971374511719,111.12000274658203,111.33000183105469,111.08999633789062,111.30000305175781,2342300,JNK
2017-11-02,68.87252807617188,111.05999755859375,111.18000030517578,110.91000366210938,111.12000274658203,3197167,JNK
2017-11-03,68.8353042602539,111.0,111.18000030517578,110.94000244140625,111.08999633789062,2954767,JNK
2017-11-06,68.79810333251953,110.94000244140625,111.18000030517578,110.94000244140625,111.02999877929688,5660667,JNK
2017-11-07,68.70506286621094,110.79000091552734,111.05999755859375,110.7300033569336,110.97000122070312,5992300,JNK
2017-11-08,68.37023162841797,110.25,110.76000213623047,110.22000122070312,110.69999694824219,3993267,JNK
2017-11-09,67.92371368408203,109.52999877929688,110.01000213623047,109.3499984741211,110.01000213623047,12599833,JNK
2017-11-10,68.2399673461914,110.04000091552734,110.12999725341797,109.58999633789062,109.62000274658203,5422167,JNK
2017-11-13,68.16555786132812,109.91999816894531,110.04000091552734,109.88999938964844,109.91999816894531,4831133,JNK
2017-11-14,67.90510559082031,109.5,109.86000061035156,109.3499984741211,109.80000305175781,3578300,JNK
2017-11-15,67.84929656982422,109.41000366210938,109.52999877929688,108.83999633789062,109.13999938964844,6158667,JNK
2017-11-16,68.48182678222656,110.43000030517578,110.61000061035156,109.94999694824219,109.9800033569336,7202567,JNK
2017-11-17,68.44463348388672,110.37000274658203,110.43000030517578,110.19000244140625,110.22000122070312,3800000,JNK
2017-11-20,68.48182678222656,110.43000030517578,110.61000061035156,110.37000274658203,110.4000015258789,1995633,JNK
2017-11-21,68.61205291748047,110.63999938964844,110.76000213623047,110.55000305175781,110.61000061035156,3219733,JNK
2017-11-22,68.76089477539062,110.87999725341797,110.91000366210938,110.66999816894531,110.7300033569336,3309567,JNK
2017-11-24,68.81670379638672,110.97000122070312,111.0,110.8499984741211,110.8499984741211,995733,JNK
2017-11-27,68.6492691040039,110.69999694824219,111.0,110.5199966430664,110.94000244140625,2507933,JNK
2017-11-28,68.8353042602539,111.0,111.05999755859375,110.69999694824219,110.7300033569336,7488167,JNK
2017-11-29,68.7422866821289,110.8499984741211,111.0,110.76000213623047,110.91000366210938,2974100,JNK
2017-11-30,68.7236557006836,110.81999969482422,111.02999877929688,110.81999969482422,110.94000244140625,5152700,JNK
2017-12-01,68.68070983886719,110.25,110.48999786376953,109.80000305175781,110.43000030517578,5307067,JNK
2017-12-04,68.64332580566406,110.19000244140625,110.58000183105469,110.16000366210938,110.48999786376953,2789233,JNK
2017-12-05,68.68070983886719,110.25,110.37000274658203,110.16000366210938,110.30999755859375,2532500,JNK
2017-12-06,68.60596466064453,110.12999725341797,110.37000274658203,110.06999969482422,110.22000122070312,2590633,JNK
2017-12-07,68.66199493408203,110.22000122070312,110.22000122070312,110.04000091552734,110.16000366210938,3307900,JNK
2017-12-08,68.69937133789062,110.27999877929688,110.33999633789062,110.19000244140625,110.33999633789062,2006600,JNK
2017-12-11,68.73680877685547,110.33999633789062,110.4000015258789,110.27999877929688,110.33999633789062,1871033,JNK
2017-12-12,68.73680877685547,110.33999633789062,110.43000030517578,110.30999755859375,110.30999755859375,1505200,JNK
2017-12-13,68.73680877685547,110.33999633789062,110.45999908447266,110.25,110.37000274658203,2791600,JNK
2017-12-14,68.5685806274414,110.06999969482422,110.4000015258789,109.91999816894531,110.33999633789062,4553300,JNK
2017-12-15,68.5872573852539,110.0999984741211,110.25,110.04000091552734,110.16000366210938,2114233,JNK
2017-12-18,68.66199493408203,110.22000122070312,110.37000274658203,110.16000366210938,110.22000122070312,3988267,JNK
2017-12-19,68.53437042236328,109.52999877929688,109.7699966430664,109.5,109.70999908447266,2073767,JNK
2017-12-20,68.6094741821289,109.6500015258789,109.68000030517578,109.5,109.6500015258789,3478067,JNK
2017-12-21,68.62822723388672,109.68000030517578,109.80000305175781,109.62000274658203,109.70999908447266,2051700,JNK
2017-12-22,68.75963592529297,109.88999938964844,109.91999816894531,109.68000030517578,109.73999786376953,4679967,JNK
2017-12-26,68.85350799560547,110.04000091552734,110.04000091552734,109.83000183105469,109.9800033569336,1478300,JNK
2017-12-27,68.87226104736328,110.06999969482422,110.12999725341797,110.01000213623047,110.04000091552734,2064000,JNK
2017-12-28,68.81595611572266,109.9800033569336,110.0999984741211,109.94999694824219,110.04000091552734,1752733,JNK
2017-12-29,68.9285659790039,110.16000366210938,110.22000122070312,109.94999694824219,110.01000213623047,1667200,JNK
2018-01-02,69.00363159179688,110.27999877929688,110.30999755859375,110.16000366210938,110.25,3825100,JNK
2018-01-03,69.34154510498047,110.81999969482422,110.8499984741211,110.27999877929688,110.30999755859375,8505100,JNK
2018-01-04,69.4354019165039,110.97000122070312,111.08999633789062,110.81999969482422,110.8499984741211,2887367,JNK
2018-01-05,69.51049041748047,111.08999633789062,111.1500015258789,111.0,111.02999877929688,2724933,JNK
2018-01-08,69.4354019165039,110.97000122070312,111.1500015258789,110.97000122070312,111.02999877929688,3486133,JNK
2018-01-09,69.2664566040039,110.69999694824219,111.08999633789062,110.63999938964844,111.05999755859375,2927833,JNK
2018-01-10,69.13507843017578,110.48999786376953,110.58000183105469,110.19000244140625,110.43000030517578,16481400,JNK
2018-01-11,69.30400848388672,110.76000213623047,110.81999969482422,110.43000030517578,110.48999786376953,3347967,JNK
2018-01-12,69.19136810302734,110.58000183105469,110.7300033569336,110.5199966430664,110.61000061035156,5027867,JNK
2018-01-16,69.21015167236328,110.61000061035156,110.81999969482422,110.45999908447266,110.66999816894531,5822500,JNK
2018-01-17,69.15380859375,110.5199966430664,110.69999694824219,110.48999786376953,110.55000305175781,4194300,JNK
2018-01-18,69.09749603271484,110.43000030517578,110.5199966430664,110.30999755859375,110.48999786376953,5777100,JNK
2018-01-19,69.11629486083984,110.45999908447266,110.48999786376953,110.33999633789062,110.37000274658203,3398833,JNK
2018-01-22,69.17259979248047,110.55000305175781,110.61000061035156,110.4000015258789,110.45999908447266,4673267,JNK
2018-01-23,69.3790512084961,110.87999725341797,110.91000366210938,110.55000305175781,110.58000183105469,3063000,JNK
2018-01-24,69.3227767944336,110.79000091552734,110.94000244140625,110.63999938964844,110.79000091552734,3827967,JNK
2018-01-25,69.24769592285156,110.66999816894531,110.81999969482422,110.58000183105469,110.79000091552734,4049967,JNK
2018-01-26,69.30400848388672,110.76000213623047,110.8499984741211,110.66999816894531,110.7300033569336,2640200,JNK
2018-01-29,69.0787353515625,110.4000015258789,110.61000061035156,110.37000274658203,110.5199966430664,5021167,JNK
2018-01-30,68.77838897705078,109.91999816894531,110.37000274658203,109.88999938964844,110.19000244140625,7499667,JNK
2018-01-31,68.89102172851562,110.0999984741211,110.22000122070312,109.9800033569336,110.16000366210938,6139033,JNK
2018-02-01,68.72136688232422,109.3499984741211,109.68000030517578,109.3499984741211,109.5,8204233,JNK
2018-02-02,68.38197326660156,108.80999755859375,109.16999816894531,108.5999984741211,109.08000183105469,9277300,JNK
2018-02-05,67.9483413696289,108.12000274658203,109.11000061035156,108.0,108.69000244140625,11461233,JNK
2018-02-06,68.30658721923828,108.69000244140625,108.80999755859375,107.76000213623047,107.76000213623047,14334100,JNK
2018-02-07,68.04261016845703,108.2699966430664,109.13999938964844,108.23999786376953,108.93000030517578,8502800,JNK
2018-02-08,67.55242156982422,107.48999786376953,108.38999938964844,107.33999633789062,108.30000305175781,12165933,JNK
2018-02-09,67.26960754394531,107.04000091552734,107.63999938964844,106.05000305175781,107.5199966430664,21190900,JNK
2018-02-12,67.72210693359375,107.76000213623047,107.91000366210938,107.27999877929688,107.37000274658203,8982667,JNK
2018-02-13,67.53357696533203,107.45999908447266,107.63999938964844,107.27999877929688,107.55000305175781,5217600,JNK
2018-02-14,67.64669799804688,107.63999938964844,107.66999816894531,107.06999969482422,107.0999984741211,5754600,JNK
2018-02-15,68.13690185546875,108.41999816894531,108.4800033569336,107.87999725341797,107.94000244140625,6080567,JNK
2018-02-16,68.47624969482422,108.95999908447266,108.98999786376953,108.36000061035156,108.51000213623047,5555900,JNK
2018-02-20,68.23116302490234,108.56999969482422,108.93000030517578,108.54000091552734,108.66000366210938,5533133,JNK
2018-02-21,67.96720123291016,108.1500015258789,108.87000274658203,108.05999755859375,108.62999725341797,5999067,JNK
2018-02-22,67.96720123291016,108.1500015258789,108.62999725341797,108.08999633789062,108.33000183105469,4991400,JNK
2018-02-23,68.36315155029297,108.77999877929688,108.83999633789062,108.1500015258789,108.20999908447266,3894933,JNK
2018-02-26,68.51395416259766,109.0199966430664,109.13999938964844,108.75,108.83999633789062,6475967,JNK
2018-02-27,68.3254623413086,108.72000122070312,109.08000183105469,108.5999984741211,109.08000183105469,4713667,JNK
2018-02-28,68.26884460449219,108.62999725341797,108.95999908447266,108.51000213623047,108.83999633789062,5624033,JNK
2018-03-01,67.9715576171875,107.66999816894531,108.20999908447266,107.66999816894531,108.20999908447266,5337067,JNK
2018-03-02,68.17984008789062,108.0,108.02999877929688,107.43000030517578,107.5199966430664,5458433,JNK
2018-03-05,68.1419906616211,107.94000244140625,108.02999877929688,107.76000213623047,107.8499984741211,3616200,JNK
2018-03-06,68.23666381835938,108.08999633789062,108.20999908447266,107.87999725341797,108.1500015258789,3079567,JNK
2018-03-07,68.06620025634766,107.81999969482422,108.02999877929688,107.76000213623047,107.87999725341797,4068833,JNK
2018-03-08,68.12305450439453,107.91000366210938,108.0,107.69999694824219,108.0,3810100,JNK
2018-03-09,68.35029602050781,108.2699966430664,108.36000061035156,107.97000122070312,108.02999877929688,3989833,JNK
2018-03-12,68.2745361328125,108.1500015258789,108.36000061035156,107.97000122070312,108.30000305175781,3034033,JNK
2018-03-13,68.06620025634766,107.81999969482422,108.2699966430664,107.7300033569336,108.08999633789062,4026400,JNK
2018-03-14,67.99046325683594,107.69999694824219,107.97000122070312,107.63999938964844,107.8499984741211,3608000,JNK
2018-03-15,68.02833557128906,107.76000213623047,107.91000366210938,107.58000183105469,107.66999816894531,2024400,JNK
2018-03-16,68.12305450439453,107.91000366210938,107.97000122070312,107.69999694824219,107.7300033569336,2181133,JNK
2018-03-19,67.89576721191406,107.55000305175781,107.8499984741211,107.4000015258789,107.8499984741211,4324867,JNK
2018-03-20,67.99046325683594,107.69999694824219,107.76000213623047,107.45999908447266,107.61000061035156,3230333,JNK
2018-03-21,68.04727935791016,107.79000091552734,107.94000244140625,107.58000183105469,107.69999694824219,3233800,JNK
2018-03-22,67.63059997558594,107.12999725341797,107.63999938964844,107.0999984741211,107.55000305175781,3466267,JNK
2018-03-23,67.46017456054688,106.86000061035156,107.4000015258789,106.70999908447266,107.22000122070312,5016467,JNK
2018-03-26,67.87683868408203,107.5199966430664,107.5199966430664,107.06999969482422,107.37000274658203,4253500,JNK
2018-03-27,67.7821273803711,107.37000274658203,107.69999694824219,107.16000366210938,107.5199966430664,3869200,JNK
2018-03-28,67.74422454833984,107.30999755859375,107.45999908447266,107.16000366210938,107.33999633789062,4497800,JNK
2018-03-29,67.89576721191406,107.55000305175781,107.76000213623047,107.33999633789062,107.4000015258789,5063633,JNK
2018-04-02,67.72461700439453,106.83000183105469,107.19000244140625,106.68000030517578,107.19000244140625,6435667,JNK
2018-04-03,67.85773468017578,107.04000091552734,107.04000091552734,106.6500015258789,106.83000183105469,6111000,JNK
2018-04-04,68.02886962890625,107.30999755859375,107.33999633789062,106.68000030517578,106.70999908447266,3130900,JNK
2018-04-05,68.08599090576172,107.4000015258789,107.55000305175781,107.27999877929688,107.37000274658203,2894300,JNK
2018-04-06,67.97183990478516,107.22000122070312,107.5199966430664,107.04000091552734,107.30999755859375,4504367,JNK
2018-04-09,68.21906280517578,107.61000061035156,107.63999938964844,107.33999633789062,107.4000015258789,4703300,JNK
2018-04-10,68.46634674072266,108.0,108.02999877929688,107.7300033569336,107.76000213623047,4444367,JNK
2018-04-11,68.46634674072266,108.0,108.12000274658203,107.91000366210938,108.0,2382867,JNK
2018-04-12,68.73257446289062,108.41999816894531,108.4800033569336,108.05999755859375,108.05999755859375,8871267,JNK
2018-04-13,68.77059173583984,108.4800033569336,108.5999984741211,108.38999938964844,108.4800033569336,4896967,JNK
2018-04-16,68.8656997680664,108.62999725341797,108.75,108.4800033569336,108.56999969482422,2663767,JNK
2018-04-17,68.90376281738281,108.69000244140625,108.95999908447266,108.62999725341797,108.77999877929688,3986600,JNK
2018-04-18,68.8276596069336,108.56999969482422,108.77999877929688,108.51000213623047,108.77999877929688,4410067,JNK
2018-04-19,68.63748168945312,108.2699966430664,108.4800033569336,108.12000274658203,108.41999816894531,3865467,JNK
2018-04-20,68.44732666015625,107.97000122070312,108.33000183105469,107.91000366210938,108.23999786376953,3319667,JNK
2018-04-23,68.23812866210938,107.63999938964844,108.0,107.55000305175781,107.91000366210938,2692300,JNK
2018-04-24,68.12397003173828,107.45999908447266,107.7300033569336,107.22000122070312,107.69999694824219,6141567,JNK
2018-04-25,68.02886962890625,107.30999755859375,107.45999908447266,107.04000091552734,107.25,4110267,JNK
2018-04-26,68.25713348388672,107.66999816894531,107.76000213623047,107.4000015258789,107.4000015258789,6093500,JNK
2018-04-27,68.21906280517578,107.61000061035156,107.87999725341797,107.48999786376953,107.81999969482422,2824433,JNK
2018-04-30,68.21906280517578,107.61000061035156,107.79000091552734,107.5199966430664,107.55000305175781,4125333,JNK
2018-05-01,68.2056655883789,107.0999984741211,107.16000366210938,106.88999938964844,107.04000091552734,3204000,JNK
2018-05-02,68.2056655883789,107.0999984741211,107.30999755859375,107.01000213623047,107.06999969482422,3570167,JNK
2018-05-03,68.18663024902344,107.06999969482422,107.12999725341797,106.86000061035156,107.04000091552734,5471200,JNK
2018-05-04,68.22479248046875,107.12999725341797,107.16000366210938,106.80000305175781,106.88999938964844,2869867,JNK
2018-05-07,68.28209686279297,107.22000122070312,107.27999877929688,107.0999984741211,107.16000366210938,3628967,JNK
2018-05-08,68.2056655883789,107.0999984741211,107.22000122070312,107.01000213623047,107.22000122070312,3528700,JNK
2018-05-09,68.30123901367188,107.25,107.30999755859375,107.04000091552734,107.16000366210938,3483767,JNK
2018-05-10,68.45408630371094,107.48999786376953,107.5199966430664,107.27999877929688,107.30999755859375,4421333,JNK
2018-05-11,68.41586303710938,107.43000030517578,107.61000061035156,107.33999633789062,107.55000305175781,3079233,JNK
2018-05-14,68.43500518798828,107.45999908447266,107.55000305175781,107.25,107.48999786376953,4794733,JNK
2018-05-15,68.09109497070312,106.91999816894531,107.25,106.86000061035156,107.25,4598400,JNK
2018-05-16,68.2056655883789,107.0999984741211,107.12999725341797,106.88999938964844,106.91999816894531,3397300,JNK
2018-05-17,68.2056655883789,107.0999984741211,107.19000244140625,106.9800033569336,107.01000213623047,4009000,JNK
2018-05-18,68.1292953491211,106.9800033569336,107.0999984741211,106.91999816894531,106.9800033569336,3886833,JNK
2018-05-21,68.2056655883789,107.0999984741211,107.22000122070312,107.01000213623047,107.04000091552734,3405467,JNK
2018-05-22,68.243896484375,107.16000366210938,107.27999877929688,107.12999725341797,107.16000366210938,2427900,JNK
2018-05-23,68.28209686279297,107.22000122070312,107.25,107.01000213623047,107.04000091552734,4146800,JNK
2018-05-24,68.30123901367188,107.25,107.30999755859375,107.04000091552734,107.16000366210938,3297100,JNK
2018-05-25,68.2056655883789,107.0999984741211,107.22000122070312,107.04000091552734,107.19000244140625,3183867,JNK
2018-05-29,67.90003204345703,106.62000274658203,106.88999938964844,106.58999633789062,106.86000061035156,5520200,JNK
2018-05-30,68.14839935302734,107.01000213623047,107.01000213623047,106.7699966430664,106.88999938964844,3702700,JNK
2018-05-31,68.05288696289062,106.86000061035156,107.0999984741211,106.86000061035156,107.06999969482422,3563933,JNK
2018-06-01,68.16229248046875,106.52999877929688,106.70999908447266,106.52999877929688,106.6500015258789,3908667,JNK
2018-06-04,68.35420989990234,106.83000183105469,106.86000061035156,106.70999908447266,106.70999908447266,3139100,JNK
2018-06-05,68.48857879638672,107.04000091552734,107.06999969482422,106.80000305175781,106.88999938964844,4537267,JNK
2018-06-06,68.5845947265625,107.19000244140625,107.30999755859375,106.91999816894531,106.94999694824219,4036300,JNK
2018-06-07,68.62298583984375,107.25,107.33999633789062,107.12999725341797,107.25,3756233,JNK
2018-06-08,68.62298583984375,107.25,107.30999755859375,107.0999984741211,107.0999984741211,3842400,JNK
2018-06-11,68.73814392089844,107.43000030517578,107.45999908447266,107.25,107.25,3053400,JNK
2018-06-12,68.81493377685547,107.55000305175781,107.55000305175781,107.4000015258789,107.45999908447266,4316333,JNK
2018-06-13,68.81493377685547,107.55000305175781,107.7300033569336,107.45999908447266,107.58000183105469,3598233,JNK
2018-06-14,69.02605438232422,107.87999725341797,107.91000366210938,107.69999694824219,107.76000213623047,3755167,JNK
2018-06-15,69.0068588256836,107.8499984741211,107.87999725341797,107.63999938964844,107.81999969482422,2988700,JNK
2018-06-18,68.96846771240234,107.79000091552734,107.81999969482422,107.66999816894531,107.7300033569336,2958467,JNK
2018-06-19,68.87250518798828,107.63999938964844,107.69999694824219,107.5199966430664,107.5199966430664,3002467,JNK
2018-06-20,68.94930267333984,107.76000213623047,107.76000213623047,107.63999938964844,107.69999694824219,2498133,JNK
2018-06-21,68.81493377685547,107.55000305175781,107.79000091552734,107.45999908447266,107.7300033569336,4534967,JNK
2018-06-22,68.83409881591797,107.58000183105469,107.69999694824219,107.5199966430664,107.55000305175781,1998867,JNK
2018-06-25,68.6805191040039,107.33999633789062,107.55000305175781,107.22000122070312,107.4000015258789,4679733,JNK
2018-06-26,68.6805191040039,107.33999633789062,107.43000030517578,107.19000244140625,107.4000015258789,1622867,JNK
2018-06-27,68.5078125,107.06999969482422,107.33999633789062,106.9800033569336,107.27999877929688,5228833,JNK
2018-06-28,68.25825500488281,106.68000030517578,106.88999938964844,106.58999633789062,106.86000061035156,4349933,JNK
2018-06-29,68.10472106933594,106.44000244140625,106.94999694824219,106.41000366210938,106.73999786376953,5859200,JNK
2018-07-02,68.09698486328125,105.93000030517578,105.95999908447266,105.77999877929688,105.87000274658203,4800867,JNK
2018-07-03,68.13556671142578,105.98999786376953,106.26000213623047,105.95999908447266,106.11000061035156,3491000,JNK
2018-07-05,68.40556335449219,106.41000366210938,106.44000244140625,106.13999938964844,106.13999938964844,4286000,JNK
2018-07-06,68.57910919189453,106.68000030517578,106.68000030517578,106.41000366210938,106.47000122070312,3331867,JNK
2018-07-09,68.69486236572266,106.86000061035156,106.91999816894531,106.70999908447266,106.7699966430664,2634700,JNK
2018-07-10,68.69486236572266,106.86000061035156,107.01000213623047,106.83000183105469,106.91999816894531,3127333,JNK
2018-07-11,68.63695526123047,106.7699966430664,106.86000061035156,106.68000030517578,106.83000183105469,3277467,JNK
2018-07-12,68.82980346679688,107.06999969482422,107.12999725341797,106.83000183105469,106.88999938964844,7356800,JNK
2018-07-13,68.82980346679688,107.06999969482422,107.25,107.04000091552734,107.0999984741211,2789500,JNK
2018-07-16,68.77197265625,106.9800033569336,107.0999984741211,106.94999694824219,107.0999984741211,2193667,JNK
2018-07-17,68.82980346679688,107.06999969482422,107.12999725341797,106.88999938964844,106.94999694824219,2912633,JNK
2018-07-18,68.88768005371094,107.16000366210938,107.22000122070312,107.01000213623047,107.0999984741211,2790000,JNK
2018-07-19,68.84906768798828,107.0999984741211,107.16000366210938,106.9800033569336,107.04000091552734,2282500,JNK
2018-07-20,68.868408203125,107.12999725341797,107.22000122070312,107.04000091552734,107.0999984741211,1928367,JNK
2018-07-23,68.868408203125,107.12999725341797,107.25,107.06999969482422,107.19000244140625,2780767,JNK
2018-07-24,69.00340270996094,107.33999633789062,107.4000015258789,107.16000366210938,107.19000244140625,2378300,JNK
2018-07-25,69.11907196044922,107.5199966430664,107.55000305175781,107.25,107.30999755859375,3841600,JNK
2018-07-26,69.15767669677734,107.58000183105469,107.61000061035156,107.48999786376953,107.55000305175781,3001633,JNK
2018-07-27,69.11907196044922,107.5199966430664,107.61000061035156,107.4000015258789,107.58000183105469,1934900,JNK
2018-07-30,69.17697143554688,107.61000061035156,107.66999816894531,107.45999908447266,107.58000183105469,2292200,JNK
2018-07-31,69.31193542480469,107.81999969482422,107.87999725341797,107.7300033569336,107.79000091552734,6030333,JNK
2018-08-01,69.3720474243164,107.43000030517578,107.45999908447266,107.19000244140625,107.33999633789062,4355833,JNK
2018-08-02,69.39139556884766,107.45999908447266,107.48999786376953,107.25,107.25,2301467,JNK
2018-08-03,69.4882583618164,107.61000061035156,107.61000061035156,107.4000015258789,107.48999786376953,3154433,JNK
2018-08-06,69.5270004272461,107.66999816894531,107.69999694824219,107.48999786376953,107.55000305175781,2978733,JNK
2018-08-07,69.6044692993164,107.79000091552734,107.91000366210938,107.69999694824219,107.69999694824219,3006867,JNK
2018-08-08,69.6044692993164,107.79000091552734,107.81999969482422,107.69999694824219,107.76000213623047,2815333,JNK
2018-08-09,69.4882583618164,107.61000061035156,107.81999969482422,107.61000061035156,107.76000213623047,2811767,JNK
2018-08-10,69.3720474243164,107.43000030517578,107.61000061035156,107.37000274658203,107.45999908447266,3462433,JNK
2018-08-13,69.35266876220703,107.4000015258789,107.5199966430664,107.30999755859375,107.4000015258789,4238833,JNK
2018-08-14,69.44950866699219,107.55000305175781,107.58000183105469,107.43000030517578,107.43000030517578,3337700,JNK
2018-08-15,69.29454803466797,107.30999755859375,107.48999786376953,107.25,107.45999908447266,3923100,JNK
2018-08-16,69.41075134277344,107.48999786376953,107.58000183105469,107.37000274658203,107.45999908447266,3028300,JNK
2018-08-17,69.46887969970703,107.58000183105469,107.66999816894531,107.4000015258789,107.4000015258789,1934900,JNK
2018-08-20,69.5270004272461,107.66999816894531,107.76000213623047,107.61000061035156,107.61000061035156,2674600,JNK
2018-08-21,69.66262817382812,107.87999725341797,107.94000244140625,107.7300033569336,107.7300033569336,2804033,JNK
2018-08-22,69.68196105957031,107.91000366210938,107.97000122070312,107.8499984741211,107.8499984741211,1948400,JNK
2018-08-23,69.64323425292969,107.8499984741211,108.0,107.79000091552734,107.91000366210938,3500400,JNK
2018-08-24,69.75946044921875,108.02999877929688,108.05999755859375,107.8499984741211,107.8499984741211,1687600,JNK
2018-08-27,69.79822540283203,108.08999633789062,108.18000030517578,108.05999755859375,108.05999755859375,1236100,JNK
2018-08-28,69.79822540283203,108.08999633789062,108.1500015258789,108.0,108.08999633789062,2495833,JNK
2018-08-29,69.75946044921875,108.02999877929688,108.12000274658203,108.0,108.05999755859375,2135633,JNK
2018-08-30,69.68196105957031,107.91000366210938,108.08999633789062,107.87999725341797,108.05999755859375,3517333,JNK
2018-08-31,69.74008178710938,108.0,108.12000274658203,107.94000244140625,108.0,4270900,JNK
2018-09-04,69.68171691894531,107.4000015258789,107.48999786376953,107.22000122070312,107.43000030517578,4958600,JNK
2018-09-05,69.60384368896484,107.27999877929688,107.45999908447266,107.25,107.37000274658203,3936900,JNK
2018-09-06,69.60384368896484,107.27999877929688,107.37000274658203,107.22000122070312,107.27999877929688,3648533,JNK
2018-09-07,69.60384368896484,107.27999877929688,107.30999755859375,107.12999725341797,107.22000122070312,7155233,JNK
2018-09-10,69.7400894165039,107.48999786376953,107.48999786376953,107.30999755859375,107.45999908447266,2780800,JNK
2018-09-11,69.75952911376953,107.5199966430664,107.58000183105469,107.33999633789062,107.43000030517578,5059900,JNK
2018-09-12,69.915283203125,107.76000213623047,107.76000213623047,107.5199966430664,107.55000305175781,2961467,JNK
2018-09-13,70.03206634521484,107.94000244140625,108.0,107.81999969482422,107.87999725341797,4024367,JNK
2018-09-14,70.10989379882812,108.05999755859375,108.08999633789062,107.91000366210938,107.94000244140625,3482000,JNK
2018-09-17,70.03206634521484,107.94000244140625,108.02999877929688,107.87999725341797,108.0,2013500,JNK
2018-09-18,70.03206634521484,107.94000244140625,108.05999755859375,107.91000366210938,107.97000122070312,2418733,JNK
2018-09-19,69.89582061767578,107.7300033569336,107.97000122070312,107.7300033569336,107.87999725341797,3884500,JNK
2018-09-20,69.99314880371094,107.87999725341797,107.87999725341797,107.76000213623047,107.79000091552734,3200700,JNK
2018-09-21,70.03206634521484,107.94000244140625,107.97000122070312,107.8499984741211,107.87999725341797,2353200,JNK
2018-09-24,69.95417022705078,107.81999969482422,107.97000122070312,107.7300033569336,107.91000366210938,4032933,JNK
2018-09-25,69.97366333007812,107.8499984741211,107.8499984741211,107.7300033569336,107.81999969482422,2303033,JNK
2018-09-26,69.99314880371094,107.87999725341797,108.05999755859375,107.8499984741211,107.91000366210938,7172667,JNK
2018-09-27,70.12938690185547,108.08999633789062,108.12000274658203,107.94000244140625,107.97000122070312,3473700,JNK
2018-09-28,70.16832733154297,108.1500015258789,108.18000030517578,108.05999755859375,108.08999633789062,2278633,JNK
2018-10-01,70.39321899414062,107.97000122070312,107.97000122070312,107.76000213623047,107.81999969482422,4466867,JNK
2018-10-02,70.29541778564453,107.81999969482422,108.0,107.79000091552734,107.91000366210938,3957167,JNK
2018-10-03,70.17808532714844,107.63999938964844,107.97000122070312,107.48999786376953,107.91000366210938,8578700,JNK
2018-10-04,69.86514282226562,107.16000366210938,107.48999786376953,107.04000091552734,107.4000015258789,5058300,JNK
2018-10-05,69.53262329101562,106.6500015258789,107.16000366210938,106.6500015258789,107.12999725341797,11892200,JNK
2018-10-08,69.37616729736328,106.41000366210938,106.73999786376953,106.37999725341797,106.6500015258789,6155167,JNK
2018-10-09,69.45443725585938,106.52999877929688,106.6500015258789,106.41000366210938,106.5,4490700,JNK
2018-10-10,68.90675354003906,105.69000244140625,106.47000122070312,105.69000244140625,106.41000366210938,9108900,JNK
2018-10-11,69.08273315429688,105.95999908447266,106.26000213623047,105.69000244140625,106.13999938964844,9908833,JNK
2018-10-12,69.4348373413086,106.5,106.52999877929688,106.16999816894531,106.37999725341797,3097400,JNK
2018-10-15,69.27837371826172,106.26000213623047,106.52999877929688,106.26000213623047,106.44000244140625,4110800,JNK
2018-10-16,69.57178497314453,106.70999908447266,106.80000305175781,106.5,106.5,2892700,JNK
2018-10-17,69.49352264404297,106.58999633789062,106.68000030517578,106.47000122070312,106.58999633789062,2929833,JNK
2018-10-18,69.18058013916016,106.11000061035156,106.62000274658203,106.08000183105469,106.55999755859375,5621500,JNK
2018-10-19,69.18058013916016,106.11000061035156,106.3499984741211,105.98999786376953,106.29000091552734,4466767,JNK
2018-10-22,69.20011901855469,106.13999938964844,106.41000366210938,106.08000183105469,106.3499984741211,3551200,JNK
2018-10-23,69.16100311279297,106.08000183105469,106.11000061035156,105.66000366210938,105.77999877929688,5398867,JNK
2018-10-24,68.84806823730469,105.5999984741211,106.13999938964844,105.4800033569336,106.05000305175781,6532533,JNK
2018-10-25,68.94584655761719,105.75,105.80999755859375,105.51000213623047,105.69000244140625,4427533,JNK
2018-10-26,68.63292694091797,105.2699966430664,105.66000366210938,105.20999908447266,105.38999938964844,6368800,JNK
2018-10-29,68.63292694091797,105.2699966430664,105.56999969482422,105.02999877929688,105.56999969482422,4852367,JNK
2018-10-30,68.6720199584961,105.33000183105469,105.41999816894531,105.02999877929688,105.20999908447266,4695533,JNK
2018-10-31,68.76983642578125,105.4800033569336,105.75,105.44999694824219,105.54000091552734,4200467,JNK
2018-11-01,69.02333068847656,105.36000061035156,105.44999694824219,105.02999877929688,105.05999755859375,5709867,JNK
2018-11-02,69.06268310546875,105.41999816894531,105.62999725341797,105.20999908447266,105.44999694824219,3555767,JNK
2018-11-05,69.12163543701172,105.51000213623047,105.56999969482422,105.33000183105469,105.41999816894531,3114067,JNK
2018-11-06,69.25920104980469,105.72000122070312,105.75,105.54000091552734,105.56999969482422,3853767,JNK
2018-11-07,69.59332275390625,106.2300033569336,106.29000091552734,105.83999633789062,105.9000015258789,8367833,JNK
2018-11-08,69.49502563476562,106.08000183105469,106.29000091552734,105.98999786376953,106.05000305175781,6969667,JNK
2018-11-09,69.06268310546875,105.41999816894531,105.83999633789062,105.30000305175781,105.83999633789062,6295267,JNK
2018-11-12,68.63027954101562,104.76000213623047,105.44999694824219,104.7300033569336,105.33000183105469,4365133,JNK
2018-11-13,68.53204345703125,104.61000061035156,104.97000122070312,104.48999786376953,104.81999969482422,5386933,JNK
2018-11-14,68.37480926513672,104.37000274658203,104.8499984741211,104.16000366210938,104.79000091552734,8048233,JNK
2018-11-15,68.33546447753906,104.30999755859375,104.30999755859375,103.6500015258789,103.94999694824219,9046800,JNK
2018-11-16,68.02101135253906,103.83000183105469,104.01000213623047,103.62000274658203,103.91999816894531,20139833,JNK
2018-11-19,67.94241333007812,103.70999908447266,103.91999816894531,103.47000122070312,103.52999877929688,7159400,JNK
2018-11-20,67.6279525756836,103.2300033569336,103.52999877929688,103.19999694824219,103.3499984741211,5130767,JNK
2018-11-21,67.92273712158203,103.68000030517578,103.9800033569336,103.6500015258789,103.7699966430664,3843133,JNK
2018-11-23,67.60830688476562,103.19999694824219,103.44000244140625,103.08000183105469,103.3499984741211,2096333,JNK
2018-11-26,67.9030990600586,103.6500015258789,103.7699966430664,103.47000122070312,103.62000274658203,4557800,JNK
2018-11-27,67.9030990600586,103.6500015258789,103.6500015258789,103.3499984741211,103.52999877929688,3968800,JNK
2018-11-28,68.4140853881836,104.43000030517578,104.5199966430664,103.62000274658203,103.6500015258789,6254800,JNK
2018-11-29,68.45343780517578,104.48999786376953,104.55000305175781,104.19000244140625,104.37000274658203,4484433,JNK
2018-11-30,68.25685119628906,104.19000244140625,104.43000030517578,104.16000366210938,104.25,3646800,JNK
2018-12-03,68.74066162109375,104.43000030517578,104.45999908447266,104.0999984741211,104.25,4907433,JNK
2018-12-04,68.38524627685547,103.88999938964844,104.33999633789062,103.7699966430664,104.27999877929688,7152333,JNK
2018-12-06,68.08901977539062,103.44000244140625,103.58999633789062,103.05000305175781,103.29000091552734,7304633,JNK
2018-12-07,68.02973937988281,103.3499984741211,103.9800033569336,103.26000213623047,103.70999908447266,5637933,JNK
2018-12-10,67.97052764892578,103.26000213623047,103.37999725341797,102.87000274658203,103.29000091552734,4281700,JNK
2018-12-11,68.14822387695312,103.52999877929688,103.80000305175781,103.41000366210938,103.68000030517578,4764133,JNK
2018-12-12,68.34574890136719,103.83000183105469,104.12999725341797,103.80000305175781,103.86000061035156,6052767,JNK
2018-12-13,68.5234603881836,104.0999984741211,104.19000244140625,103.94999694824219,104.06999969482422,4645667,JNK
2018-12-14,68.22723388671875,103.6500015258789,104.01000213623047,103.55999755859375,103.94999694824219,5334300,JNK
2018-12-17,67.7730712890625,102.95999908447266,103.6500015258789,102.80999755859375,103.6500015258789,6247467,JNK
2018-12-18,67.57559204101562,102.66000366210938,103.11000061035156,102.44999694824219,102.98999786376953,7548267,JNK
2018-12-19,66.96623992919922,101.22000122070312,102.38999938964844,101.0999984741211,102.18000030517578,5695300,JNK
2018-12-20,66.29142761230469,100.19999694824219,100.91999816894531,99.51000213623047,100.83000183105469,16207200,JNK
2018-12-21,65.89449310302734,99.5999984741211,100.44000244140625,99.44999694824219,100.19999694824219,7876300,JNK
2018-12-24,65.3982925415039,98.8499984741211,99.83999633789062,98.8499984741211,99.69000244140625,4095433,JNK
2018-12-26,66.509765625,100.52999877929688,100.55999755859375,98.76000213623047,99.08999633789062,6219500,JNK
2018-12-27,66.47006225585938,100.47000122070312,100.58999633789062,99.80999755859375,100.11000061035156,6663333,JNK
2018-12-28,66.56932830810547,100.62000274658203,100.9800033569336,100.37999725341797,100.52999877929688,5130867,JNK
2018-12-31,66.66853332519531,100.7699966430664,101.04000091552734,100.73999786376953,100.86000061035156,4712433,JNK
2019-01-02,66.58916473388672,100.6500015258789,100.83000183105469,100.19999694824219,100.31999969482422,6569467,JNK
2019-01-03,66.60900115966797,100.68000030517578,100.86000061035156,100.44000244140625,100.52999877929688,6619400,JNK
2019-01-04,67.70063018798828,102.33000183105469,102.4800033569336,101.30999755859375,101.30999755859375,10540100,JNK
2019-01-07,68.4548568725586,103.47000122070312,103.5,102.66000366210938,102.66000366210938,9270767,JNK
2019-01-08,68.9311752319336,104.19000244140625,104.19000244140625,103.58999633789062,103.80000305175781,8160500,JNK
2019-01-09,69.03040313720703,104.33999633789062,104.61000061035156,104.30999755859375,104.4000015258789,8899333,JNK
2019-01-10,69.36782836914062,104.8499984741211,104.8499984741211,104.04000091552734,104.16000366210938,16731367,JNK
2019-01-11,69.12969207763672,104.48999786376953,104.61000061035156,104.33999633789062,104.43000030517578,7779867,JNK
2019-01-14,68.9311752319336,104.19000244140625,104.37000274658203,104.06999969482422,104.30999755859375,5082567,JNK
2019-01-15,69.10981750488281,104.45999908447266,104.5199966430664,104.12999725341797,104.30999755859375,3124800,JNK
2019-01-16,69.24873352050781,104.66999816894531,104.81999969482422,104.55000305175781,104.69999694824219,3052967,JNK
2019-01-17,69.4273910522461,104.94000244140625,105.02999877929688,104.45999908447266,104.58000183105469,3328900,JNK
2019-01-18,69.60600280761719,105.20999908447266,105.44999694824219,105.12000274658203,105.12000274658203,4811100,JNK
2019-01-22,69.20905303955078,104.61000061035156,105.12000274658203,104.5199966430664,105.12000274658203,5412067,JNK
2019-01-23,69.328125,104.79000091552734,105.0,104.48999786376953,104.8499984741211,5108767,JNK
2019-01-24,69.40753173828125,104.91000366210938,104.97000122070312,104.61000061035156,104.8499984741211,4024067,JNK
2019-01-25,69.5663070678711,105.1500015258789,105.2699966430664,105.08999633789062,105.12000274658203,4314933,JNK
2019-01-28,69.46709442138672,105.0,105.08999633789062,104.76000213623047,105.0,3757300,JNK
2019-01-29,69.4472427368164,104.97000122070312,105.12000274658203,104.76000213623047,105.08999633789062,4697367,JNK
2019-01-30,69.98309326171875,105.77999877929688,105.95999908447266,105.08999633789062,105.20999908447266,5116933,JNK
2019-01-31,70.1617431640625,106.05000305175781,106.2300033569336,105.77999877929688,105.83999633789062,8217633,JNK
2019-02-01,70.13184356689453,105.51000213623047,105.66000366210938,105.2699966430664,105.56999969482422,7898700,JNK
2019-02-04,70.29132843017578,105.75,105.83999633789062,105.44999694824219,105.51000213623047,2892367,JNK
2019-02-05,70.53065490722656,106.11000061035156,106.29000091552734,105.87000274658203,105.9000015258789,8149467,JNK
2019-02-06,70.55058288574219,106.13999938964844,106.2300033569336,105.98999786376953,106.08000183105469,5641267,JNK
2019-02-07,70.2514419555664,105.69000244140625,105.80999755859375,105.51000213623047,105.80999755859375,7681767,JNK
2019-02-08,70.2514419555664,105.69000244140625,105.69000244140625,105.38999938964844,105.54000091552734,4768933,JNK
2019-02-11,70.27142333984375,105.72000122070312,105.80999755859375,105.56999969482422,105.75,2141167,JNK
2019-02-12,70.63034057617188,106.26000213623047,106.31999969482422,106.05000305175781,106.08000183105469,7499933,JNK
2019-02-13,70.55058288574219,106.13999938964844,106.44000244140625,106.05000305175781,106.37999725341797,3592767,JNK
2019-02-14,70.57052612304688,106.16999816894531,106.2300033569336,105.83999633789062,105.98999786376953,5675400,JNK
2019-02-15,70.78988647460938,106.5,106.52999877929688,106.31999969482422,106.31999969482422,1834033,JNK
2019-02-19,70.80982971191406,106.52999877929688,106.58999633789062,106.3499984741211,106.41000366210938,2136833,JNK
2019-02-20,70.90953063964844,106.68000030517578,106.70999908447266,106.44000244140625,106.58999633789062,3309167,JNK
2019-02-21,70.84972381591797,106.58999633789062,106.7699966430664,106.5,106.62000274658203,6398633,JNK
2019-02-22,70.9693603515625,106.7699966430664,106.83000183105469,106.6500015258789,106.68000030517578,4658733,JNK
2019-02-25,71.0291519165039,106.86000061035156,107.06999969482422,106.83000183105469,107.04000091552734,2327767,JNK
2019-02-26,71.16875457763672,107.06999969482422,107.16000366210938,106.88999938964844,106.91999816894531,7498233,JNK
2019-02-27,71.16875457763672,107.06999969482422,107.16000366210938,106.9800033569336,107.0999984741211,3795833,JNK
2019-02-28,71.16875457763672,107.06999969482422,107.16000366210938,106.9800033569336,107.06999969482422,5932100,JNK
2019-03-01,71.31503295898438,106.7699966430664,106.88999938964844,106.6500015258789,106.7699966430664,6170700,JNK
2019-03-04,71.23485565185547,106.6500015258789,106.9800033569336,106.47000122070312,106.91999816894531,6425767,JNK
2019-03-05,71.23485565185547,106.6500015258789,106.73999786376953,106.5,106.68000030517578,6207200,JNK
2019-03-06,71.0945816040039,106.44000244140625,106.62000274658203,106.41000366210938,106.58999633789062,8023800,JNK
2019-03-07,71.0545425415039,106.37999725341797,106.52999877929688,106.19999694824219,106.5,8108267,JNK
2019-03-08,70.93429565429688,106.19999694824219,106.19999694824219,105.80999755859375,105.98999786376953,6912067,JNK
2019-03-11,71.1346664428711,106.5,106.5,106.13999938964844,106.16999816894531,3026667,JNK
2019-03-12,71.27493286132812,106.70999908447266,106.73999786376953,106.44000244140625,106.5,5193500,JNK
2019-03-13,71.4753646850586,107.01000213623047,107.01000213623047,106.73999786376953,106.7699966430664,3690567,JNK
2019-03-14,71.43527221679688,106.94999694824219,107.06999969482422,106.88999938964844,107.01000213623047,2961267,JNK
2019-03-15,71.45526123046875,106.9800033569336,107.12999725341797,106.9800033569336,107.01000213623047,3261500,JNK
2019-03-18,71.49537658691406,107.04000091552734,107.0999984741211,106.88999938964844,107.06999969482422,2206833,JNK
2019-03-19,71.55548858642578,107.12999725341797,107.30999755859375,107.06999969482422,107.06999969482422,7184833,JNK
2019-03-20,71.79592895507812,107.48999786376953,107.66999816894531,106.91999816894531,107.16000366210938,7231300,JNK
2019-03-21,71.79592895507812,107.48999786376953,107.63999938964844,107.37000274658203,107.4000015258789,5606500,JNK
2019-03-22,71.55548858642578,107.12999725341797,107.4000015258789,107.01000213623047,107.4000015258789,3562567,JNK
2019-03-25,71.55548858642578,107.12999725341797,107.19000244140625,106.88999938964844,107.06999969482422,4528500,JNK
2019-03-26,71.69577026367188,107.33999633789062,107.5199966430664,107.22000122070312,107.25,3029167,JNK
2019-03-27,71.73587036132812,107.4000015258789,107.63999938964844,107.22000122070312,107.45999908447266,4730300,JNK
2019-03-28,71.87608337402344,107.61000061035156,107.63999938964844,107.4000015258789,107.45999908447266,3900733,JNK
2019-03-29,72.0764389038086,107.91000366210938,107.97000122070312,107.69999694824219,107.7300033569336,7092433,JNK
2019-04-01,72.13484954833984,107.48999786376953,107.69999694824219,107.43000030517578,107.55000305175781,4559433,JNK
2019-04-02,72.15496826171875,107.5199966430664,107.55000305175781,107.30999755859375,107.48999786376953,2913467,JNK
2019-04-03,72.17513275146484,107.55000305175781,107.7300033569336,107.45999908447266,107.66999816894531,2166033,JNK
2019-04-04,72.3160629272461,107.76000213623047,107.76000213623047,107.55000305175781,107.61000061035156,2391000,JNK
2019-04-05,72.41671752929688,107.91000366210938,107.97000122070312,107.81999969482422,107.8499984741211,2542700,JNK
2019-04-08,72.39655303955078,107.87999725341797,107.94000244140625,107.79000091552734,107.91000366210938,2090933,JNK
2019-04-09,72.39655303955078,107.87999725341797,107.97000122070312,107.79000091552734,107.87999725341797,6049367,JNK
2019-04-10,72.65834045410156,108.2699966430664,108.30000305175781,108.0,108.02999877929688,2188000,JNK
2019-04-11,72.81934356689453,108.51000213623047,108.51000213623047,108.23999786376953,108.30000305175781,3254833,JNK
2019-04-12,72.92002868652344,108.66000366210938,108.69000244140625,108.44999694824219,108.62999725341797,3495433,JNK
2019-04-15,72.83950805664062,108.54000091552734,108.66000366210938,108.4800033569336,108.62999725341797,2766000,JNK
2019-04-16,72.85961151123047,108.56999969482422,108.69000244140625,108.54000091552734,108.5999984741211,4063133,JNK
2019-04-17,72.69857025146484,108.33000183105469,108.69000244140625,108.33000183105469,108.66000366210938,2400800,JNK
2019-04-18,72.75894165039062,108.41999816894531,108.51000213623047,108.2699966430664,108.51000213623047,2938700,JNK
2019-04-22,72.65834045410156,108.2699966430664,108.38999938964844,108.20999908447266,108.36000061035156,3422933,JNK
2019-04-23,72.85961151123047,108.56999969482422,108.62999725341797,108.30000305175781,108.33000183105469,5976400,JNK
2019-04-24,72.79920196533203,108.4800033569336,108.66000366210938,108.4800033569336,108.66000366210938,3244167,JNK
2019-04-25,72.81934356689453,108.51000213623047,108.5999984741211,108.30000305175781,108.44999694824219,2658367,JNK
2019-04-26,72.98043823242188,108.75,108.77999877929688,108.62999725341797,108.69000244140625,3481500,JNK
2019-04-29,72.98043823242188,108.75,108.83999633789062,108.72000122070312,108.77999877929688,2258567,JNK
2019-04-30,73.02067565917969,108.80999755859375,108.87000274658203,108.75,108.80999755859375,2439533,JNK
2019-05-01,72.77997589111328,107.94000244140625,108.62999725341797,107.94000244140625,108.33000183105469,7898633,JNK
2019-05-02,72.82044219970703,108.0,108.1500015258789,107.76000213623047,108.08999633789062,3863100,JNK
2019-05-03,73.00252532958984,108.2699966430664,108.30000305175781,108.12000274658203,108.1500015258789,2482967,JNK
2019-05-06,73.022705078125,108.30000305175781,108.3499984741211,107.72000122070312,107.7699966430664,6198000,JNK
2019-05-07,72.59789276123047,107.66999816894531,108.08999633789062,107.55999755859375,108.08999633789062,11649500,JNK
2019-05-08,72.61138916015625,107.69000244140625,107.9000015258789,107.61000061035156,107.68000030517578,6782300,JNK
2019-05-09,72.4832763671875,107.5,107.58000183105469,107.08999633789062,107.48999786376953,9208300,JNK
2019-05-10,72.65186309814453,107.75,107.8499984741211,107.16000366210938,107.4000015258789,10828700,JNK
2019-05-13,72.03153228759766,106.83000183105469,107.22000122070312,106.79000091552734,107.0999984741211,7314400,JNK
2019-05-14,72.18663024902344,107.05999755859375,107.26000213623047,106.93000030517578,106.9800033569336,8001900,JNK
2019-05-15,72.24053955078125,107.13999938964844,107.19999694824219,106.80000305175781,106.9000015258789,5586900,JNK
2019-05-16,72.43608093261719,107.43000030517578,107.58999633789062,107.19000244140625,107.27999877929688,7305300,JNK
2019-05-17,72.41590881347656,107.4000015258789,107.58999633789062,107.20999908447266,107.2300033569336,6745200,JNK
2019-05-20,72.36869812011719,107.33000183105469,107.54000091552734,107.20999908447266,107.36000061035156,5018700,JNK
2019-05-21,72.55072784423828,107.5999984741211,107.68000030517578,107.5199966430664,107.52999877929688,7800500,JNK
2019-05-22,72.61138916015625,107.69000244140625,107.72000122070312,107.45999908447266,107.54000091552734,7031200,JNK
2019-05-23,72.28099060058594,107.19999694824219,107.43000030517578,107.0199966430664,107.33999633789062,5555000,JNK
2019-05-24,72.18663024902344,107.05999755859375,107.44999694824219,107.0199966430664,107.3499984741211,5437100,JNK
2019-05-28,72.15966796875,107.0199966430664,107.2699966430664,106.91000366210938,107.18000030517578,5158200,JNK
2019-05-29,71.9573745727539,106.72000122070312,106.9000015258789,106.5999984741211,106.87000274658203,9855500,JNK
2019-05-30,72.09224700927734,106.91999816894531,107.08999633789062,106.86000061035156,106.91000366210938,4181000,JNK
2019-05-31,71.57306671142578,106.1500015258789,106.63999938964844,106.12999725341797,106.5,7595900,JNK
2019-06-03,71.65298461914062,105.76000213623047,105.91000366210938,105.55000305175781,105.77999877929688,22330500,JNK
2019-06-04,72.30338287353516,106.72000122070312,106.72000122070312,106.19000244140625,106.2300033569336,10250200,JNK
2019-06-05,72.48628234863281,106.98999786376953,107.0199966430664,106.69999694824219,106.8499984741211,11059200,JNK
2019-06-06,72.66924285888672,107.26000213623047,107.36000061035156,106.87000274658203,106.97000122070312,6270800,JNK
2019-06-07,72.9063720703125,107.61000061035156,107.63999938964844,107.33999633789062,107.41000366210938,10041400,JNK
2019-06-10,73.00122833251953,107.75,107.87999725341797,107.66999816894531,107.66999816894531,7477600,JNK
2019-06-11,73.11636352539062,107.91999816894531,108.16999816894531,107.76000213623047,108.05999755859375,10078900,JNK
2019-06-12,72.94025421142578,107.66000366210938,107.88999938964844,107.6500015258789,107.88999938964844,4031400,JNK
2019-06-13,73.08928680419922,107.87999725341797,107.95999908447266,107.80000305175781,107.80000305175781,3363500,JNK
2019-06-14,73.0282974243164,107.79000091552734,107.87000274658203,107.70999908447266,107.80999755859375,5354100,JNK
2019-06-17,72.92668914794922,107.63999938964844,107.7699966430664,107.5999984741211,107.73999786376953,5084700,JNK
2019-06-18,73.38063049316406,108.30999755859375,108.33999633789062,108.08999633789062,108.0999984741211,7549600,JNK
2019-06-19,73.75324249267578,108.86000061035156,108.91999816894531,108.1500015258789,108.3499984741211,13102500,JNK
2019-06-20,74.15971374511719,109.45999908447266,109.62000274658203,109.16000366210938,109.22000122070312,12177600,JNK
2019-06-21,73.97683715820312,109.19000244140625,109.31999969482422,109.16000366210938,109.25,5145200,JNK
2019-06-24,73.90227508544922,109.08000183105469,109.19000244140625,109.08000183105469,109.16000366210938,3653000,JNK
2019-06-25,73.63128662109375,108.68000030517578,109.08000183105469,108.5999984741211,109.06999969482422,7007100,JNK
2019-06-26,73.57710266113281,108.5999984741211,108.87000274658203,108.55000305175781,108.83999633789062,6831200,JNK
2019-06-27,73.76006317138672,108.87000274658203,108.94000244140625,108.7300033569336,108.7300033569336,5814000,JNK
2019-06-28,73.8074722290039,108.94000244140625,109.0,108.86000061035156,108.94999694824219,5855300,JNK
2019-07-01,73.79312133789062,108.41999816894531,108.97000122070312,108.38999938964844,108.9000015258789,10561600,JNK
2019-07-02,73.93608856201172,108.62999725341797,108.7300033569336,108.44999694824219,108.5199966430664,5780000,JNK
2019-07-03,74.1947250366211,109.01000213623047,109.05000305175781,108.62999725341797,108.66999816894531,3978200,JNK
2019-07-05,73.92247009277344,108.61000061035156,108.73999786376953,108.43000030517578,108.73999786376953,5289200,JNK
2019-07-08,73.7999496459961,108.43000030517578,108.55000305175781,108.37999725341797,108.55000305175781,4085100,JNK
2019-07-09,73.70468139648438,108.29000091552734,108.37999725341797,108.25,108.31999969482422,4523100,JNK
2019-07-10,73.9156723022461,108.5999984741211,108.72000122070312,108.5199966430664,108.54000091552734,6118200,JNK
2019-07-11,73.77273559570312,108.38999938964844,108.62000274658203,108.2300033569336,108.61000061035156,4667100,JNK
2019-07-12,73.833984375,108.4800033569336,108.5,108.25,108.37000274658203,3592900,JNK
2019-07-15,73.93608856201172,108.62999725341797,108.66999816894531,108.44999694824219,108.55000305175781,3129700,JNK
2019-07-16,73.76593017578125,108.37999725341797,108.58999633789062,108.30000305175781,108.56999969482422,4909200,JNK
2019-07-17,73.73873138427734,108.33999633789062,108.47000122070312,108.29000091552734,108.43000030517578,5479400,JNK
2019-07-18,73.72512817382812,108.31999969482422,108.3499984741211,108.04000091552734,108.29000091552734,6576600,JNK
2019-07-19,73.58214569091797,108.11000061035156,108.33999633789062,108.11000061035156,108.30999755859375,5629900,JNK
2019-07-22,73.82718658447266,108.47000122070312,108.4800033569336,108.22000122070312,108.23999786376953,4838200,JNK
2019-07-23,73.96334838867188,108.66999816894531,108.70999908447266,108.45999908447266,108.58999633789062,5709900,JNK
2019-07-24,74.01094055175781,108.73999786376953,108.7699966430664,108.61000061035156,108.6500015258789,5781600,JNK
2019-07-25,73.95654296875,108.66000366210938,108.7699966430664,108.51000213623047,108.7699966430664,4941700,JNK
2019-07-26,74.1198501586914,108.9000015258789,108.91999816894531,108.7699966430664,108.80000305175781,3971000,JNK
2019-07-29,74.0245590209961,108.76000213623047,108.88999938964844,108.66999816894531,108.88999938964844,3816000,JNK
2019-07-30,74.03816986083984,108.77999877929688,108.77999877929688,108.44999694824219,108.5,4544300,JNK
2019-07-31,73.90888977050781,108.58999633789062,108.98999786376953,108.05999755859375,108.88999938964844,10981600,JNK
2019-08-01,73.91432189941406,108.0999984741211,108.61000061035156,108.05000305175781,108.0999984741211,15406800,JNK
2019-08-02,73.770751953125,107.88999938964844,108.02999877929688,107.62999725341797,108.01000213623047,9089000,JNK
2019-08-05,72.96390533447266,106.70999908447266,107.18000030517578,106.5,107.16000366210938,19279000,JNK
2019-08-06,73.41519165039062,107.37000274658203,107.45999908447266,106.87999725341797,107.20999908447266,15650000,JNK
2019-08-07,73.4288558959961,107.38999938964844,107.5,106.66999816894531,106.97000122070312,14264200,JNK
2019-08-08,73.6476821899414,107.70999908447266,107.83999633789062,107.44000244140625,107.44999694824219,11012700,JNK
2019-08-09,73.57243347167969,107.5999984741211,107.7699966430664,107.43000030517578,107.55000305175781,6687900,JNK
2019-08-12,73.3810043334961,107.31999969482422,107.52999877929688,107.19000244140625,107.3499984741211,6897500,JNK
2019-08-13,73.63402557373047,107.69000244140625,107.8499984741211,107.20999908447266,107.26000213623047,7768500,JNK
2019-08-14,72.99810028076172,106.76000213623047,107.2699966430664,106.7300033569336,107.22000122070312,10585000,JNK
2019-08-15,73.25791931152344,107.13999938964844,107.27999877929688,106.91999816894531,107.0,9296800,JNK
2019-08-16,73.49040985107422,107.4800033569336,107.55999755859375,107.37999725341797,107.37999725341797,4894200,JNK
2019-08-19,73.73656463623047,107.83999633789062,107.87999725341797,107.68000030517578,107.7699966430664,4666400,JNK
2019-08-20,73.770751953125,107.88999938964844,107.9800033569336,107.7300033569336,107.9000015258789,4262300,JNK
2019-08-21,74.09210205078125,108.36000061035156,108.4000015258789,108.08000183105469,108.12000274658203,7248800,JNK
2019-08-22,74.23571014404297,108.56999969482422,108.66000366210938,108.29000091552734,108.44000244140625,8238500,JNK
2019-08-23,73.8596420288086,108.0199966430664,108.81999969482422,107.97000122070312,108.4800033569336,9870700,JNK
2019-08-26,74.23571014404297,108.56999969482422,108.61000061035156,108.29000091552734,108.38999938964844,5369500,JNK
2019-08-27,74.2220230102539,108.55000305175781,108.83999633789062,108.36000061035156,108.80000305175781,6549000,JNK
2019-08-28,74.40665435791016,108.81999969482422,108.88999938964844,108.47000122070312,108.5199966430664,3719300,JNK
2019-08-29,74.48182678222656,108.93000030517578,109.19000244140625,108.91000366210938,109.0999984741211,2459900,JNK
2019-08-30,74.3998031616211,108.80999755859375,109.06999969482422,108.62000274658203,109.05000305175781,4576700,JNK
2019-09-03,74.1772689819336,108.0,108.18000030517578,107.81999969482422,108.12000274658203,4806100,JNK
2019-09-04,74.34894561767578,108.25,108.30000305175781,108.0999984741211,108.19999694824219,3710300,JNK
2019-09-05,74.6168441772461,108.63999938964844,108.83000183105469,108.41000366210938,108.47000122070312,7313700,JNK
2019-09-06,74.7473373413086,108.83000183105469,109.04000091552734,108.70999908447266,108.8499984741211,15031900,JNK
2019-09-09,74.8297348022461,108.94999694824219,108.98999786376953,108.69999694824219,108.83000183105469,7462300,JNK
2019-09-10,74.79540252685547,108.9000015258789,109.0199966430664,108.77999877929688,108.93000030517578,3811800,JNK
2019-09-11,74.79540252685547,108.9000015258789,108.94999694824219,108.83000183105469,108.9000015258789,3245200,JNK
2019-09-12,74.82290649414062,108.94000244140625,109.0999984741211,108.87000274658203,109.01000213623047,5860200,JNK
2019-09-13,74.69927978515625,108.76000213623047,108.95999908447266,108.72000122070312,108.87000274658203,16885500,JNK
2019-09-16,74.93964385986328,109.11000061035156,109.16999816894531,108.80999755859375,108.9000015258789,4934100,JNK
2019-09-17,74.99458312988281,109.19000244140625,109.20999908447266,109.0,109.19999694824219,6307000,JNK
2019-09-18,74.9671401977539,109.1500015258789,109.25,108.80000305175781,109.18000030517578,4754100,JNK
2019-09-19,74.87782287597656,109.0199966430664,109.2300033569336,108.97000122070312,109.12000274658203,3125600,JNK
2019-09-20,74.9671401977539,109.1500015258789,109.19999694824219,108.98999786376953,109.08000183105469,4897300,JNK
2019-09-23,74.93964385986328,109.11000061035156,109.19999694824219,109.05000305175781,109.0999984741211,2188500,JNK
2019-09-24,74.85723114013672,108.98999786376953,109.26000213623047,108.9000015258789,109.22000122070312,5588500,JNK
2019-09-25,74.80915069580078,108.91999816894531,108.97000122070312,108.63999938964844,108.91999816894531,5018700,JNK
2019-09-26,74.7473373413086,108.83000183105469,108.94000244140625,108.6500015258789,108.93000030517578,4073600,JNK
2019-09-27,74.644287109375,108.68000030517578,108.86000061035156,108.58000183105469,108.79000091552734,4463700,JNK
2019-09-30,74.68551635742188,108.73999786376953,108.77999877929688,108.62999725341797,108.69999694824219,4780700,JNK
2019-10-01,74.5109634399414,108.0,108.31999969482422,107.94000244140625,108.26000213623047,6937600,JNK
2019-10-02,74.09705352783203,107.4000015258789,107.94000244140625,107.27999877929688,107.94000244140625,5958900,JNK
2019-10-03,74.05559539794922,107.33999633789062,107.51000213623047,106.87999725341797,107.38999938964844,12886800,JNK
2019-10-04,74.29712677001953,107.69000244140625,107.69999694824219,107.38999938964844,107.44000244140625,5191900,JNK
2019-10-07,74.2625961303711,107.63999938964844,107.75,107.4800033569336,107.62000274658203,5163900,JNK
2019-10-08,73.9659194946289,107.20999908447266,107.52999877929688,107.19999694824219,107.45999908447266,7689900,JNK
2019-10-09,74.11084747314453,107.41999816894531,107.5999984741211,107.41999816894531,107.44000244140625,4931200,JNK
2019-10-10,74.29712677001953,107.69000244140625,107.72000122070312,107.4000015258789,107.54000091552734,4791700,JNK
2019-10-11,74.56617736816406,108.08000183105469,108.16000366210938,107.83000183105469,107.95999908447266,7404600,JNK
2019-10-14,74.64895629882812,108.19999694824219,108.25,108.01000213623047,108.11000061035156,2788100,JNK
2019-10-15,74.77312469482422,108.37999725341797,108.44999694824219,108.12999725341797,108.25,9449200,JNK
2019-10-16,74.75245666503906,108.3499984741211,108.38999938964844,108.30999755859375,108.36000061035156,4046700,JNK
2019-10-17,74.82833862304688,108.45999908447266,108.5199966430664,108.38999938964844,108.44000244140625,3308000,JNK
2019-10-18,74.8352279663086,108.47000122070312,108.54000091552734,108.33999633789062,108.5,2324900,JNK
2019-10-21,74.87665557861328,108.52999877929688,108.5999984741211,108.5199966430664,108.5999984741211,3322200,JNK
2019-10-22,74.89734649658203,108.55999755859375,108.62000274658203,108.47000122070312,108.56999969482422,3766400,JNK
2019-10-23,74.96631622314453,108.66000366210938,108.66999816894531,108.51000213623047,108.55000305175781,3211300,JNK
2019-10-24,75.02841186523438,108.75,108.7699966430664,108.5999984741211,108.72000122070312,7003400,JNK
2019-10-25,75.10427856445312,108.86000061035156,108.87999725341797,108.72000122070312,108.73999786376953,5441000,JNK
2019-10-28,75.15950012207031,108.94000244140625,108.95999908447266,108.9000015258789,108.95999908447266,2961500,JNK
2019-10-29,74.99394989013672,108.69999694824219,108.93000030517578,108.69000244140625,108.88999938964844,2886600,JNK
2019-10-30,74.89734649658203,108.55999755859375,108.80000305175781,108.41999816894531,108.80000305175781,5095600,JNK
2019-10-31,74.6420669555664,108.19000244140625,108.55000305175781,108.16999816894531,108.51000213623047,10742700,JNK
2019-11-01,75.01004791259766,108.23999786376953,108.30000305175781,107.87000274658203,107.87000274658203,6939400,JNK
2019-11-04,75.12786102294922,108.41000366210938,108.4800033569336,108.36000061035156,108.4000015258789,5326100,JNK
2019-11-05,75.06548309326172,108.31999969482422,108.44999694824219,108.16000366210938,108.44999694824219,7222200,JNK
2019-11-06,74.94766998291016,108.1500015258789,108.29000091552734,108.0999984741211,108.29000091552734,4547100,JNK
2019-11-07,74.93380737304688,108.12999725341797,108.33000183105469,108.11000061035156,108.22000122070312,6431300,JNK
2019-11-08,74.98230743408203,108.19999694824219,108.2300033569336,107.95999908447266,108.08999633789062,2706100,JNK
2019-11-11,74.9199447631836,108.11000061035156,108.16000366210938,108.0199966430664,108.05999755859375,1778300,JNK
2019-11-12,74.94766998291016,108.1500015258789,108.19000244140625,108.02999877929688,108.12999725341797,3315200,JNK
2019-11-13,74.86450958251953,108.02999877929688,108.05999755859375,107.95999908447266,108.01000213623047,2929300,JNK
2019-11-14,74.81599426269531,107.95999908447266,108.11000061035156,107.93000030517578,108.0199966430664,3280100,JNK
2019-11-15,74.97539520263672,108.19000244140625,108.2300033569336,108.0199966430664,108.06999969482422,3145500,JNK
2019-11-18,74.90608215332031,108.08999633789062,108.16000366210938,108.05000305175781,108.1500015258789,2035300,JNK
2019-11-19,74.66352844238281,107.73999786376953,108.01000213623047,107.7300033569336,108.01000213623047,3677000,JNK
2019-11-20,74.54574584960938,107.56999969482422,107.83000183105469,107.51000213623047,107.6500015258789,5564300,JNK
2019-11-21,74.54574584960938,107.56999969482422,107.66999816894531,107.44000244140625,107.62999725341797,5716400,JNK
2019-11-22,74.78826141357422,107.91999816894531,107.93000030517578,107.5999984741211,107.68000030517578,4277900,JNK
2019-11-25,74.99618530273438,108.22000122070312,108.25,107.94000244140625,107.94000244140625,6408100,JNK
2019-11-26,75.11396026611328,108.38999938964844,108.38999938964844,108.22000122070312,108.25,4894700,JNK
2019-11-27,75.2248764038086,108.55000305175781,108.55000305175781,108.30999755859375,108.37999725341797,3474400,JNK
2019-11-29,75.07935333251953,108.33999633789062,108.54000091552734,108.30999755859375,108.48999786376953,5548300,JNK
2019-12-02,75.01669311523438,107.76000213623047,107.88999938964844,107.51000213623047,107.88999938964844,7956600,JNK
2019-12-03,74.95404052734375,107.66999816894531,107.70999908447266,107.41000366210938,107.55999755859375,5832100,JNK
2019-12-04,75.19073486328125,108.01000213623047,108.01000213623047,107.66999816894531,107.7300033569336,3382800,JNK
2019-12-05,75.26032257080078,108.11000061035156,108.11000061035156,107.87000274658203,108.05999755859375,5643900,JNK
2019-12-06,75.36476135253906,108.26000213623047,108.30000305175781,108.20999908447266,108.2300033569336,3434200,JNK
2019-12-09,75.37867736816406,108.27999877929688,108.33999633789062,108.2699966430664,108.30999755859375,4112700,JNK
2019-12-10,75.5736083984375,108.55999755859375,108.5999984741211,108.23999786376953,108.31999969482422,5871200,JNK
2019-12-11,75.74066162109375,108.80000305175781,108.80000305175781,108.5,108.61000061035156,3168600,JNK
2019-12-12,75.92863464355469,109.06999969482422,109.13999938964844,108.81999969482422,108.83999633789062,7141800,JNK
2019-12-13,75.9982681274414,109.16999816894531,109.22000122070312,109.05000305175781,109.1500015258789,3485000,JNK
2019-12-16,76.17227935791016,109.41999816894531,109.47000122070312,109.30000305175781,109.31999969482422,5543000,JNK
2019-12-17,76.40200805664062,109.75,109.7699966430664,109.44999694824219,109.44999694824219,8310800,JNK
2019-12-18,76.541259765625,109.94999694824219,109.98999786376953,109.80000305175781,109.80999755859375,6949300,JNK
2019-12-19,76.541259765625,109.94999694824219,109.97000122070312,109.75,109.94999694824219,4793400,JNK
2019-12-20,76.40422821044922,109.27999877929688,109.62999725341797,109.25,109.58000183105469,6365200,JNK
2019-12-23,76.44615936279297,109.33999633789062,109.37999725341797,109.27999877929688,109.30999755859375,2285800,JNK
2019-12-24,76.50909423828125,109.43000030517578,109.43000030517578,109.30000305175781,109.37000274658203,661400,JNK
2019-12-26,76.62796020507812,109.5999984741211,109.61000061035156,109.4800033569336,109.52999877929688,1866100,JNK
2019-12-27,76.59298706054688,109.55000305175781,109.66999816894531,109.4800033569336,109.66999816894531,1269100,JNK
2019-12-30,76.53004455566406,109.45999908447266,109.63999938964844,109.36000061035156,109.63999938964844,4324700,JNK
2019-12-31,76.58601379394531,109.54000091552734,109.55000305175781,109.37000274658203,109.41000366210938,4824800,JNK
2020-01-02,76.89363098144531,109.9800033569336,109.9800033569336,109.69000244140625,109.80000305175781,5336600,JNK
2020-01-03,76.83768463134766,109.9000015258789,109.94999694824219,109.66000366210938,109.7699966430664,4804500,JNK
2020-01-06,76.78875732421875,109.83000183105469,109.83999633789062,109.66999816894531,109.80000305175781,4226400,JNK
2020-01-07,76.73282623291016,109.75,109.8499984741211,109.72000122070312,109.81999969482422,3863800,JNK
2020-01-08,76.79573059082031,109.83999633789062,109.94000244140625,109.70999908447266,109.7699966430664,5670300,JNK
2020-01-09,76.97052764892578,110.08999633789062,110.12000274658203,109.88999938964844,109.93000030517578,2654600,JNK
2020-01-10,76.99850463867188,110.12999725341797,110.16000366210938,110.04000091552734,110.12999725341797,4471300,JNK
2020-01-13,77.02647399902344,110.16999816894531,110.22000122070312,110.12000274658203,110.18000030517578,4066500,JNK
2020-01-14,76.99150848388672,110.12000274658203,110.27999877929688,110.05999755859375,110.11000061035156,5061000,JNK
2020-01-15,77.02647399902344,110.16999816894531,110.33000183105469,110.1500015258789,110.18000030517578,4838400,JNK
2020-01-16,77.07540130615234,110.23999786376953,110.33000183105469,110.16999816894531,110.27999877929688,3355600,JNK
2020-01-17,77.02647399902344,110.16999816894531,110.33000183105469,110.1500015258789,110.33000183105469,4095800,JNK
2020-01-21,76.84465026855469,109.91000366210938,110.19000244140625,109.9000015258789,110.1500015258789,4318100,JNK
2020-01-22,76.96355438232422,110.08000183105469,110.1500015258789,109.97000122070312,110.04000091552734,3666500,JNK
2020-01-23,76.7188491821289,109.7300033569336,109.91999816894531,109.70999908447266,109.91999816894531,6330100,JNK
2020-01-24,76.4181900024414,109.30000305175781,109.7300033569336,109.23999786376953,109.7300033569336,11566600,JNK
2020-01-27,75.837890625,108.47000122070312,108.79000091552734,108.33999633789062,108.63999938964844,9893700,JNK
2020-01-28,76.48812103271484,109.4000015258789,109.55999755859375,108.83000183105469,109.04000091552734,9177800,JNK
2020-01-29,76.48812103271484,109.4000015258789,109.62999725341797,109.38999938964844,109.58999633789062,5003900,JNK
2020-01-30,76.59298706054688,109.55000305175781,109.56999969482422,109.05000305175781,109.1500015258789,11166700,JNK
2020-01-31,76.2364273071289,109.04000091552734,109.4000015258789,108.9000015258789,109.38999938964844,9437300,JNK
2020-02-03,76.27013397216797,108.62000274658203,108.95999908447266,108.58999633789062,108.70999908447266,9601000,JNK
2020-02-04,76.74056243896484,109.29000091552734,109.30999755859375,109.0,109.01000213623047,9992800,JNK
2020-02-05,77.0425033569336,109.72000122070312,109.73999786376953,109.48999786376953,109.51000213623047,9264000,JNK
2020-02-06,77.07060241699219,109.76000213623047,109.81999969482422,109.5199966430664,109.69999694824219,6365400,JNK
2020-02-07,76.95823669433594,109.5999984741211,109.7300033569336,109.52999877929688,109.69999694824219,7926900,JNK
2020-02-10,77.07060241699219,109.76000213623047,109.80000305175781,109.5,109.58000183105469,6671000,JNK
2020-02-11,77.09868621826172,109.80000305175781,109.91999816894531,109.73999786376953,109.9000015258789,8337600,JNK
2020-02-12,77.31635284423828,110.11000061035156,110.1500015258789,109.88999938964844,109.97000122070312,5973200,JNK
2020-02-13,77.31635284423828,110.11000061035156,110.16000366210938,109.91999816894531,110.0,8693500,JNK
2020-02-14,77.3514633178711,110.16000366210938,110.22000122070312,110.08000183105469,110.12000274658203,6023100,JNK
2020-02-18,77.20401000976562,109.94999694824219,110.13999938964844,109.86000061035156,110.0999984741211,5109800,JNK
2020-02-19,77.2671890258789,110.04000091552734,110.12999725341797,109.98999786376953,109.98999786376953,4158300,JNK
2020-02-20,77.37252807617188,110.19000244140625,110.23999786376953,109.77999877929688,110.11000061035156,6908900,JNK
2020-02-21,77.2952880859375,110.08000183105469,110.16999816894531,109.9000015258789,110.16000366210938,7348100,JNK
2020-02-24,76.45970153808594,108.88999938964844,109.16000366210938,108.66999816894531,109.06999969482422,16215100,JNK
2020-02-25,75.85586547851562,108.02999877929688,109.33999633789062,107.95999908447266,109.31999969482422,23056400,JNK
2020-02-26,75.94010162353516,108.1500015258789,108.63999938964844,107.81999969482422,108.26000213623047,21379800,JNK
2020-02-27,74.86577606201172,106.62000274658203,107.93000030517578,106.43000030517578,107.29000091552734,24377900,JNK
2020-02-28,75.11151885986328,106.97000122070312,107.19000244140625,104.91999816894531,105.1500015258789,27210800,JNK
2020-03-02,75.77041625976562,107.41000366210938,107.47000122070312,105.94999694824219,106.3499984741211,18714200,JNK
2020-03-03,75.46707153320312,106.9800033569336,108.37999725341797,106.62999725341797,107.37000274658203,21513400,JNK
2020-03-04,76.46879577636719,108.4000015258789,108.4800033569336,107.62000274658203,107.62999725341797,12608900,JNK
2020-03-05,75.48115539550781,107.0,107.62000274658203,106.7699966430664,107.54000091552734,15654200,JNK
2020-03-06,74.52176666259766,105.63999938964844,105.80000305175781,104.77999877929688,105.18000030517578,15232300,JNK
2020-03-09,71.05106353759766,100.72000122070312,102.5,98.58000183105469,99.37999725341797,17373000,JNK
2020-03-10,72.24325561523438,102.41000366210938,102.8499984741211,100.5999984741211,102.1500015258789,17194300,JNK
2020-03-11,70.6489486694336,100.1500015258789,101.27999877929688,99.33999633789062,101.2300033569336,14161300,JNK
2020-03-12,67.7848892211914,96.08999633789062,99.44000244140625,94.30999755859375,95.45999908447266,12492500,JNK
2020-03-13,69.96468353271484,99.18000030517578,99.23999786376953,96.75,98.45999908447266,11375500,JNK
2020-03-16,65.93669128417969,93.47000122070312,95.9800033569336,91.01000213623047,93.48999786376953,9870500,JNK
2020-03-17,66.4093246459961,94.13999938964844,96.88999938964844,92.2699966430664,93.45999908447266,12048600,JNK
2020-03-18,63.5734977722168,90.12000274658203,92.37999725341797,88.58999633789062,91.41999816894531,6897400,JNK
2020-03-19,62.127357482910156,88.06999969482422,89.76000213623047,87.54000091552734,88.5199966430664,8420300,JNK
2020-03-20,60.7658576965332,86.13999938964844,88.83999633789062,85.87000274658203,88.12999725341797,5710000,JNK
2020-03-23,59.65835189819336,84.56999969482422,86.66999816894531,83.18000030517578,86.55999755859375,5819300,JNK
2020-03-24,62.042667388916016,87.94999694824219,88.16999816894531,85.98999786376953,86.30999755859375,11514100,JNK
2020-03-25,63.509986877441406,90.02999877929688,92.33000183105469,88.08999633789062,88.08999633789062,10444500,JNK
2020-03-26,66.14830017089844,93.7699966430664,93.83999633789062,90.33999633789062,90.33999633789062,11132400,JNK
2020-03-27,66.57861328125,94.37999725341797,95.9800033569336,92.0,92.30999755859375,26896200,JNK
2020-03-30,67.26289367675781,95.3499984741211,95.98999786376953,93.9800033569336,94.5199966430664,7723300,JNK
2020-03-31,66.83259582519531,94.73999786376953,95.5,94.55999755859375,94.81999969482422,6767400,JNK
2020-04-01,65.02289581298828,91.7300033569336,92.68000030517578,91.43000030517578,92.66999816894531,6736400,JNK
2020-04-02,65.46236419677734,92.3499984741211,93.91999816894531,91.29000091552734,91.76000213623047,6371800,JNK
2020-04-03,64.17933654785156,90.54000091552734,92.48999786376953,90.19999694824219,92.41000366210938,7634900,JNK
2020-04-06,65.78132629394531,92.80000305175781,92.94999694824219,92.01000213623047,92.27999877929688,7390300,JNK
2020-04-07,66.00822448730469,93.12000274658203,94.44999694824219,92.7300033569336,94.06999969482422,7008800,JNK
2020-04-08,67.5180435180664,95.25,95.62999725341797,93.54000091552734,93.62000274658203,6351500,JNK
2020-04-09,72.04759216308594,101.63999938964844,103.4800033569336,100.0,100.51000213623047,14485200,JNK
2020-04-13,71.17572784423828,100.41000366210938,101.2699966430664,99.16999816894531,101.22000122070312,9198600,JNK
2020-04-14,71.3529281616211,100.66000366210938,101.30000305175781,99.9800033569336,101.19000244140625,10252400,JNK
2020-04-15,70.65825653076172,99.68000030517578,99.76000213623047,98.6500015258789,99.0999984741211,10337200,JNK
2020-04-16,70.6086196899414,99.61000061035156,99.66999816894531,98.58000183105469,99.4800033569336,5999400,JNK
2020-04-17,70.97724914550781,100.12999725341797,100.38999938964844,99.7300033569336,100.29000091552734,7404700,JNK
2020-04-20,69.8785171508789,98.58000183105469,99.63999938964844,98.31999969482422,99.13999938964844,8245700,JNK
2020-04-21,68.39702606201172,96.48999786376953,97.38999938964844,96.3499984741211,97.30000305175781,14076900,JNK
2020-04-22,69.0704345703125,97.44000244140625,97.75,97.13999938964844,97.47000122070312,5665800,JNK
2020-04-23,68.9428482055664,97.26000213623047,97.98999786376953,96.98999786376953,97.62000274658203,9170700,JNK
2020-04-24,68.48918914794922,96.62000274658203,97.55999755859375,96.44000244140625,97.37000274658203,6381600,JNK
2020-04-27,68.75144958496094,96.98999786376953,97.25,96.83000183105469,96.93000030517578,4916200,JNK
2020-04-28,68.87194061279297,97.16000366210938,97.5,96.63999938964844,97.4000015258789,4914800,JNK
2020-04-29,70.03446960449219,98.80000305175781,98.93000030517578,97.61000061035156,97.81999969482422,6722900,JNK
2020-04-30,70.19750213623047,99.02999877929688,99.16999816894531,97.95999908447266,98.4800033569336,10369500,JNK
2020-05-01,69.09089660644531,96.95999908447266,97.9800033569336,96.88999938964844,97.83999633789062,7433900,JNK
2020-05-04,68.9910888671875,96.81999969482422,97.04000091552734,96.44999694824219,96.77999877929688,5674800,JNK
2020-05-05,69.52555084228516,97.56999969482422,97.70999908447266,97.16000366210938,97.23999786376953,7114900,JNK
2020-05-06,69.26185607910156,97.19999694824219,97.88999938964844,97.19999694824219,97.72000122070312,6974500,JNK
2020-05-07,69.4400405883789,97.44999694824219,98.22000122070312,97.38999938964844,97.88999938964844,4561200,JNK
2020-05-08,70.1169662475586,98.4000015258789,98.41999816894531,97.7699966430664,97.87000274658203,8575500,JNK
2020-05-11,69.81770324707031,97.9800033569336,98.37999725341797,97.97000122070312,98.19000244140625,3882900,JNK
2020-05-12,69.78207397460938,97.93000030517578,98.68000030517578,97.91000366210938,98.6500015258789,8058700,JNK
2020-05-13,69.36878967285156,97.3499984741211,98.08000183105469,97.1500015258789,98.01000213623047,8974300,JNK
2020-05-14,69.17639923095703,97.08000183105469,97.38999938964844,96.2699966430664,96.94000244140625,9137400,JNK
2020-05-15,69.21202850341797,97.12999725341797,97.29000091552734,96.48999786376953,96.72000122070312,8959500,JNK
2020-05-18,70.38776397705078,98.77999877929688,98.83999633789062,98.2699966430664,98.63999938964844,8685200,JNK
2020-05-19,70.47325897216797,98.9000015258789,99.19999694824219,98.55000305175781,98.76000213623047,9433000,JNK
2020-05-20,71.24281311035156,99.9800033569336,100.20999908447266,99.36000061035156,99.4800033569336,9634500,JNK
2020-05-21,71.22859191894531,99.95999908447266,100.22000122070312,99.70999908447266,99.98999786376953,9637800,JNK
2020-05-22,71.4637451171875,100.29000091552734,100.4000015258789,99.7300033569336,99.95999908447266,6077200,JNK
2020-05-26,72.07656860351562,101.1500015258789,101.48999786376953,100.19999694824219,101.0199966430664,7906600,JNK
2020-05-27,72.29032135009766,101.44999694824219,101.88999938964844,100.93000030517578,101.86000061035156,6243100,JNK
2020-05-28,72.33307647705078,101.51000213623047,102.08000183105469,101.37000274658203,101.62999725341797,12965000,JNK
2020-05-29,72.67507934570312,101.98999786376953,102.18000030517578,101.27999877929688,101.5,10113400,JNK
2020-06-01,73.1540756225586,102.18000030517578,102.19000244140625,101.18000030517578,101.33999633789062,10967300,JNK
2020-06-02,73.89862823486328,103.22000122070312,103.2699966430664,102.08000183105469,102.43000030517578,9614800,JNK
2020-06-03,74.37117767333984,103.87999725341797,104.13999938964844,103.55999755859375,103.66999816894531,11107700,JNK
2020-06-04,74.12773132324219,103.54000091552734,103.87000274658203,103.3499984741211,103.86000061035156,5687500,JNK
2020-06-05,74.8938217163086,104.61000061035156,105.26000213623047,104.58000183105469,104.7699966430664,6944000,JNK
2020-06-08,75.00116729736328,104.76000213623047,104.87999725341797,104.51000213623047,104.87999725341797,8340100,JNK
2020-06-09,74.51435089111328,104.08000183105469,104.37000274658203,103.68000030517578,104.29000091552734,14667200,JNK
2020-06-10,74.39263916015625,103.91000366210938,104.44999694824219,103.37000274658203,103.7699966430664,9498600,JNK
2020-06-11,72.49542236328125,101.26000213623047,102.58000183105469,101.08999633789062,102.52999877929688,10845600,JNK
2020-06-12,73.22566986083984,102.27999877929688,102.83999633789062,101.55000305175781,102.56999969482422,12604500,JNK
2020-06-15,73.73397827148438,102.98999786376953,103.70999908447266,101.37000274658203,101.66000366210938,11581200,JNK
2020-06-16,74.27095794677734,103.73999786376953,104.44999694824219,103.37999725341797,104.37000274658203,12079900,JNK
2020-06-17,74.09912109375,103.5,103.93000030517578,103.41000366210938,103.80000305175781,7923900,JNK
2020-06-18,73.8771743774414,103.19000244140625,103.41000366210938,102.94999694824219,103.12000274658203,6044600,JNK
2020-06-19,73.7840576171875,103.05999755859375,103.62000274658203,102.79000091552734,103.62000274658203,6439300,JNK
2020-06-22,73.6695556640625,102.9000015258789,103.16999816894531,102.76000213623047,103.0199966430664,8101200,JNK
2020-06-23,73.79124450683594,103.06999969482422,103.26000213623047,102.95999908447266,103.23999786376953,4865100,JNK
2020-06-24,72.99655151367188,101.95999908447266,102.79000091552734,101.2300033569336,102.76000213623047,11881900,JNK
2020-06-25,72.94647979736328,101.88999938964844,101.97000122070312,101.2300033569336,101.83999633789062,12479500,JNK
2020-06-26,72.2806167602539,100.95999908447266,101.7300033569336,100.79000091552734,101.7300033569336,6121200,JNK
2020-06-29,71.68641662597656,100.12999725341797,101.05000305175781,99.66999816894531,101.01000213623047,36056100,JNK
2020-06-30,72.4238052368164,101.16000366210938,101.37000274658203,100.4800033569336,100.52999877929688,11008300,JNK
2020-07-01,72.63103485107422,100.94999694824219,101.19000244140625,100.80000305175781,100.80000305175781,9179400,JNK
2020-07-02,73.18501281738281,101.72000122070312,102.13999938964844,101.51000213623047,101.94000244140625,11218200,JNK
2020-07-06,73.70304870605469,102.44000244140625,102.48999786376953,102.11000061035156,102.2300033569336,7395500,JNK
2020-07-07,73.30013275146484,101.87999725341797,102.61000061035156,101.7699966430664,102.3499984741211,5642000,JNK
2020-07-08,73.47994995117188,102.12999725341797,102.18000030517578,101.79000091552734,101.88999938964844,5306900,JNK
2020-07-09,73.24976348876953,101.80999755859375,102.12000274658203,101.30999755859375,102.11000061035156,7430800,JNK
2020-07-10,73.47994995117188,102.12999725341797,102.23999786376953,101.56999969482422,101.72000122070312,5829900,JNK
2020-07-13,73.11311340332031,101.62000274658203,102.76000213623047,101.61000061035156,102.4800033569336,6893800,JNK
2020-07-14,73.8109359741211,102.58999633789062,102.61000061035156,101.62999725341797,101.62999725341797,9466600,JNK
2020-07-15,74.27140808105469,103.2300033569336,103.30000305175781,102.87999725341797,103.12999725341797,5527000,JNK
2020-07-16,74.33617401123047,103.31999969482422,103.37999725341797,103.08999633789062,103.19999694824219,8760200,JNK
2020-07-17,74.6023941040039,103.69000244140625,103.73999786376953,103.2699966430664,103.55000305175781,4424800,JNK
2020-07-20,75.04845428466797,104.30999755859375,104.3499984741211,103.66999816894531,103.73999786376953,3357900,JNK
2020-07-21,75.38660430908203,104.77999877929688,104.97000122070312,104.55999755859375,104.66000366210938,6452400,JNK
2020-07-22,75.57368469238281,105.04000091552734,105.05000305175781,104.73999786376953,104.83000183105469,5022900,JNK
2020-07-23,75.45856475830078,104.87999725341797,105.08000183105469,104.25,104.98999786376953,7767700,JNK
2020-07-24,75.58805084228516,105.05999755859375,105.18000030517578,104.66999816894531,104.87000274658203,8078100,JNK
2020-07-27,75.7823257446289,105.33000183105469,105.33000183105469,104.95999908447266,105.19999694824219,3977900,JNK
2020-07-28,75.54490661621094,105.0,105.33000183105469,104.94000244140625,105.30999755859375,4985800,JNK
2020-07-29,75.99815368652344,105.62999725341797,105.72000122070312,105.19000244140625,105.29000091552734,4697000,JNK
2020-07-30,76.22840881347656,105.94999694824219,105.9800033569336,105.33000183105469,105.44999694824219,19671800,JNK
2020-07-31,76.33634185791016,106.0999984741211,106.16000366210938,105.47000122070312,105.87999725341797,9107600,JNK
2020-08-03,76.34716033935547,105.6500015258789,105.70999908447266,105.37000274658203,105.61000061035156,6123900,JNK
2020-08-04,76.37606811523438,105.69000244140625,105.69999694824219,105.30999755859375,105.54000091552734,6776200,JNK
2020-08-05,76.49891662597656,105.86000061035156,105.87999725341797,105.66999816894531,105.69000244140625,5998700,JNK
2020-08-06,76.61450958251953,106.0199966430664,106.05999755859375,105.7300033569336,105.80999755859375,6949600,JNK
2020-08-07,76.51335144042969,105.87999725341797,106.0199966430664,105.62000274658203,106.01000213623047,6271500,JNK
2020-08-10,76.46280670166016,105.80999755859375,105.97000122070312,105.62000274658203,105.91000366210938,3512100,JNK
2020-08-11,75.8051986694336,104.9000015258789,105.94000244140625,104.87999725341797,105.86000061035156,9360000,JNK
2020-08-12,75.96415710449219,105.12000274658203,105.62999725341797,105.02999877929688,105.44999694824219,5234500,JNK
2020-08-13,75.61006927490234,104.62999725341797,105.41000366210938,104.5999984741211,105.05999755859375,7157100,JNK
2020-08-14,75.42939758300781,104.37999725341797,104.70999908447266,104.19000244140625,104.56999969482422,5612700,JNK
2020-08-17,75.9569091796875,105.11000061035156,105.12000274658203,104.4800033569336,104.4800033569336,3552400,JNK
2020-08-18,75.97140502929688,105.12999725341797,105.2699966430664,104.81999969482422,105.16999816894531,4474900,JNK
2020-08-19,75.67509460449219,104.72000122070312,105.22000122070312,104.66000366210938,105.08999633789062,7511000,JNK
2020-08-20,75.9858627319336,105.1500015258789,105.16000366210938,104.58000183105469,104.62999725341797,5480300,JNK
2020-08-21,75.97140502929688,105.12999725341797,105.2699966430664,105.02999877929688,105.13999938964844,3495600,JNK
2020-08-24,76.38328552246094,105.69999694824219,105.76000213623047,105.33000183105469,105.4000015258789,5549300,JNK
2020-08-25,76.51335144042969,105.87999725341797,105.94000244140625,105.52999877929688,105.75,6261700,JNK
2020-08-26,76.49891662597656,105.86000061035156,106.0199966430664,105.80999755859375,105.94999694824219,5248000,JNK
2020-08-27,76.39773559570312,105.72000122070312,106.04000091552734,105.51000213623047,105.97000122070312,6448000,JNK
2020-08-28,76.44831085205078,105.79000091552734,106.0,105.77999877929688,105.87000274658203,4837400,JNK
2020-08-31,76.4194564819336,105.75,105.94999694824219,105.62999725341797,105.80000305175781,4966900,JNK
2020-09-01,76.78802490234375,105.83000183105469,105.9000015258789,105.19000244140625,105.31999969482422,6008900,JNK
2020-09-02,76.91860961914062,106.01000213623047,106.0999984741211,105.52999877929688,105.93000030517578,5974800,JNK
2020-09-03,76.44700622558594,105.36000061035156,105.83000183105469,104.87000274658203,105.69999694824219,9789000,JNK
2020-09-04,76.22930908203125,105.05999755859375,105.58999633789062,104.36000061035156,105.27999877929688,8056800,JNK
2020-09-08,75.76495361328125,104.41999816894531,104.83999633789062,104.2699966430664,104.55999755859375,9460900,JNK
2020-09-09,76.33088684082031,105.19999694824219,105.30000305175781,104.73999786376953,104.88999938964844,6872700,JNK
2020-09-10,76.04791259765625,104.80999755859375,105.4000015258789,104.75,105.3499984741211,11398300,JNK
2020-09-11,76.22930908203125,105.05999755859375,105.05999755859375,104.56999969482422,104.86000061035156,7463700,JNK
2020-09-14,76.12773895263672,104.91999816894531,105.33000183105469,104.80000305175781,105.12999725341797,4844500,JNK
2020-09-15,76.294677734375,105.1500015258789,105.33000183105469,105.02999877929688,105.16999816894531,3641700,JNK
2020-09-16,76.2728500366211,105.12000274658203,105.62999725341797,105.08000183105469,105.2699966430664,4776100,JNK
2020-09-17,76.3019027709961,105.16000366210938,105.26000213623047,104.7300033569336,104.8499984741211,7095000,JNK
2020-09-18,76.07694244384766,104.8499984741211,105.27999877929688,104.76000213623047,105.26000213623047,5637200,JNK
2020-09-21,75.39490509033203,103.91000366210938,104.47000122070312,103.66000366210938,104.41999816894531,11733000,JNK
2020-09-22,75.63435363769531,104.23999786376953,104.30000305175781,103.77999877929688,104.01000213623047,11214900,JNK
2020-09-23,74.92329406738281,103.26000213623047,104.33000183105469,103.18000030517578,104.30999755859375,10597900,JNK
2020-09-24,74.865234375,103.18000030517578,103.5199966430664,102.66000366210938,102.9800033569336,10128200,JNK
2020-09-25,74.79267120361328,103.08000183105469,103.3499984741211,102.87999725341797,103.01000213623047,9167600,JNK
2020-09-28,75.32237243652344,103.80999755859375,103.95999908447266,103.44000244140625,103.58000183105469,5799300,JNK
2020-09-29,75.38040924072266,103.88999938964844,103.97000122070312,103.54000091552734,103.83999633789062,4763900,JNK
2020-09-30,75.65612030029297,104.2699966430664,104.48999786376953,103.86000061035156,103.87000274658203,8014000,JNK
2020-10-01,75.9002456665039,104.1500015258789,104.29000091552734,104.0,104.12000274658203,11670600,JNK
2020-10-02,75.86381530761719,104.0999984741211,104.20999908447266,103.58000183105469,103.70999908447266,8221800,JNK
2020-10-05,76.38121795654297,104.80999755859375,104.87000274658203,104.25,104.29000091552734,11975200,JNK
2020-10-06,76.213623046875,104.58000183105469,105.30000305175781,104.56999969482422,104.91999816894531,13306100,JNK
2020-10-07,76.51240539550781,104.98999786376953,105.08000183105469,104.88999938964844,104.94999694824219,5061800,JNK
2020-10-08,76.7529067993164,105.31999969482422,105.33999633789062,105.11000061035156,105.33999633789062,4401500,JNK
2020-10-09,76.86949920654297,105.4800033569336,105.58999633789062,105.27999877929688,105.37000274658203,8173400,JNK
2020-10-12,77.3067855834961,106.08000183105469,106.20999908447266,105.5999984741211,105.5999984741211,3933900,JNK
2020-10-13,76.98612213134766,105.63999938964844,105.93000030517578,105.5,105.93000030517578,4636800,JNK
2020-10-14,76.81121826171875,105.4000015258789,105.63999938964844,105.23999786376953,105.55999755859375,4951000,JNK
2020-10-15,76.76748657226562,105.33999633789062,105.37999725341797,104.81999969482422,104.91999816894531,4661700,JNK
2020-10-16,76.60713958740234,105.12000274658203,105.58000183105469,105.0999984741211,105.5,4813200,JNK
2020-10-19,76.44685363769531,104.9000015258789,105.44999694824219,104.83999633789062,105.33000183105469,6440800,JNK
2020-10-20,76.70915985107422,105.26000213623047,105.45999908447266,105.05999755859375,105.0999984741211,5186100,JNK
2020-10-21,76.68734741210938,105.2300033569336,105.47000122070312,105.12000274658203,105.26000213623047,4996700,JNK
2020-10-22,76.81121826171875,105.4000015258789,105.48999786376953,105.0199966430664,105.20999908447266,4554300,JNK
2020-10-23,76.89136505126953,105.51000213623047,105.55999755859375,105.29000091552734,105.55999755859375,4351100,JNK
2020-10-26,76.27921295166016,104.66999816894531,105.26000213623047,104.56999969482422,105.16999816894531,8687300,JNK
2020-10-27,76.29378509521484,104.69000244140625,104.91000366210938,104.62000274658203,104.66999816894531,4564500,JNK
2020-10-28,75.65249633789062,103.80999755859375,104.11000061035156,103.5999984741211,103.94999694824219,13118200,JNK
2020-10-29,75.8492202758789,104.08000183105469,104.16000366210938,103.55999755859375,103.72000122070312,12207700,JNK
2020-10-30,76.00955963134766,104.30000305175781,104.3499984741211,103.76000213623047,103.9800033569336,7660700,JNK
2020-11-02,76.19618225097656,104.11000061035156,104.26000213623047,103.86000061035156,104.1500015258789,8760500,JNK
2020-11-03,76.92078399658203,105.0999984741211,105.11000061035156,104.41000366210938,104.41000366210938,12345800,JNK
2020-11-04,77.60872650146484,106.04000091552734,106.31999969482422,105.41999816894531,105.4800033569336,14977400,JNK
2020-11-05,77.92342376708984,106.47000122070312,106.80000305175781,106.26000213623047,106.52999877929688,13862100,JNK
2020-11-06,77.67459869384766,106.12999725341797,106.4800033569336,105.94999694824219,106.45999908447266,6473700,JNK
2020-11-09,78.23079681396484,106.88999938964844,108.08999633789062,106.86000061035156,108.05000305175781,14707600,JNK
2020-11-10,78.2088851928711,106.86000061035156,107.0999984741211,106.68000030517578,106.7699966430664,14513500,JNK
2020-11-11,78.0917739868164,106.69999694824219,107.04000091552734,106.58999633789062,107.04000091552734,4708200,JNK
2020-11-12,77.65262603759766,106.0999984741211,106.62000274658203,106.05000305175781,106.61000061035156,7497200,JNK
2020-11-13,77.9014663696289,106.44000244140625,106.5199966430664,106.13999938964844,106.1500015258789,4070100,JNK
2020-11-16,78.33328247070312,107.02999877929688,107.05000305175781,106.76000213623047,106.95999908447266,6668400,JNK
2020-11-17,78.40647888183594,107.12999725341797,107.26000213623047,106.77999877929688,106.88999938964844,7351600,JNK
2020-11-18,78.23079681396484,106.88999938964844,107.31999969482422,106.87000274658203,107.25,6503300,JNK
2020-11-19,78.50894927978516,107.2699966430664,107.33999633789062,106.7300033569336,106.86000061035156,5714600,JNK
2020-11-20,78.38450622558594,107.0999984741211,107.22000122070312,107.02999877929688,107.12999725341797,5293500,JNK
2020-11-23,78.50162506103516,107.26000213623047,107.44999694824219,107.12999725341797,107.37000274658203,5344000,JNK
2020-11-24,78.70655822753906,107.54000091552734,107.8499984741211,107.44000244140625,107.66000366210938,10657500,JNK
2020-11-25,78.69923400878906,107.52999877929688,107.69000244140625,107.44000244140625,107.58999633789062,3306700,JNK
2020-11-27,78.79438781738281,107.66000366210938,107.77999877929688,107.62000274658203,107.66999816894531,1800400,JNK
2020-11-30,78.69923400878906,107.52999877929688,107.66000366210938,107.33000183105469,107.62999725341797,6321600,JNK
2020-12-01,79.0254898071289,107.54000091552734,107.63999938964844,107.36000061035156,107.44999694824219,8312600,JNK
2020-12-02,79.18717956542969,107.76000213623047,107.87000274658203,107.37000274658203,107.5199966430664,7165600,JNK
2020-12-03,79.23861694335938,107.83000183105469,108.05000305175781,107.80000305175781,107.87000274658203,5220200,JNK
2020-12-04,79.56928253173828,108.27999877929688,108.33000183105469,107.93000030517578,108.0,4919100,JNK
2020-12-07,79.51782989501953,108.20999908447266,108.25,108.06999969482422,108.25,5378600,JNK
2020-12-08,79.51782989501953,108.20999908447266,108.29000091552734,108.11000061035156,108.23999786376953,4793200,JNK
2020-12-09,79.34148406982422,107.97000122070312,108.33999633789062,107.83000183105469,108.33999633789062,5634000,JNK
2020-12-10,79.47377014160156,108.1500015258789,108.30999755859375,107.81999969482422,107.87999725341797,5397900,JNK
2020-12-11,79.40763092041016,108.05999755859375,108.26000213623047,107.86000061035156,108.11000061035156,6745200,JNK
2020-12-14,79.38558959960938,108.02999877929688,108.27999877929688,107.94000244140625,108.20999908447266,5917600,JNK
2020-12-15,79.66484069824219,108.41000366210938,108.44999694824219,108.05999755859375,108.12999725341797,4033900,JNK
2020-12-16,79.56193542480469,108.2699966430664,108.41000366210938,107.9800033569336,108.38999938964844,6539300,JNK
2020-12-17,79.6942138671875,108.44999694824219,108.51000213623047,108.16999816894531,108.36000061035156,6239100,JNK
2020-12-18,79.75469970703125,108.0999984741211,108.1500015258789,107.93000030517578,108.08999633789062,6775900,JNK
2020-12-21,79.46695709228516,107.70999908447266,107.88999938964844,107.4800033569336,107.76000213623047,6600200,JNK
2020-12-22,79.57025909423828,107.8499984741211,107.88999938964844,107.70999908447266,107.77999877929688,5455600,JNK
2020-12-23,79.88752746582031,108.27999877929688,108.37000274658203,107.94999694824219,107.94999694824219,3587900,JNK
2020-12-24,80.08674621582031,108.55000305175781,108.58000183105469,108.38999938964844,108.4000015258789,1894500,JNK
2020-12-28,80.16049194335938,108.6500015258789,108.80000305175781,108.52999877929688,108.73999786376953,4087000,JNK
2020-12-29,80.13097381591797,108.61000061035156,108.9000015258789,108.55999755859375,108.83000183105469,6689800,JNK
2020-12-30,80.2785415649414,108.80999755859375,108.9000015258789,108.69999694824219,108.73999786376953,3100200,JNK
2020-12-31,80.37445831298828,108.94000244140625,108.98999786376953,108.77999877929688,108.81999969482422,3313700,JNK
2021-01-04,80.17525482177734,108.66999816894531,109.04000091552734,108.36000061035156,109.01000213623047,7586100,JNK
2021-01-05,80.22691345214844,108.73999786376953,108.8499984741211,108.54000091552734,108.54000091552734,6113600,JNK
2021-01-06,80.10883331298828,108.58000183105469,109.0,108.5,108.6500015258789,11081200,JNK
2021-01-07,80.33016967773438,108.87999725341797,109.0199966430664,108.70999908447266,108.76000213623047,7584900,JNK
2021-01-08,80.43345642089844,109.0199966430664,109.0199966430664,108.69000244140625,109.01000213623047,7804600,JNK
2021-01-11,79.99818420410156,108.43000030517578,108.75,108.41000366210938,108.61000061035156,9011800,JNK
2021-01-12,80.11624145507812,108.58999633789062,108.62999725341797,108.27999877929688,108.41999816894531,8522400,JNK
2021-01-13,80.33753967285156,108.88999938964844,108.93000030517578,108.55999755859375,108.58000183105469,5196200,JNK
2021-01-14,80.30802917480469,108.8499984741211,109.01000213623047,108.80999755859375,108.94000244140625,5495100,JNK
2021-01-15,80.19003295898438,108.69000244140625,108.88999938964844,108.61000061035156,108.76000213623047,9546700,JNK
2021-01-19,80.40399932861328,108.9800033569336,109.04000091552734,108.73999786376953,108.91999816894531,6385800,JNK
2021-01-20,80.60317993164062,109.25,109.3499984741211,109.05999755859375,109.31999969482422,5208600,JNK
2021-01-21,80.55154418945312,109.18000030517578,109.27999877929688,109.08000183105469,109.25,7381400,JNK
2021-01-22,80.37445831298828,108.94000244140625,109.08999633789062,108.81999969482422,108.97000122070312,4581300,JNK
2021-01-25,80.37445831298828,108.94000244140625,109.0,108.5999984741211,108.94999694824219,6281800,JNK
2021-01-26,80.33016967773438,108.87999725341797,109.04000091552734,108.86000061035156,108.93000030517578,10554700,JNK
2021-01-27,80.079345703125,108.54000091552734,108.86000061035156,108.31999969482422,108.68000030517578,16428000,JNK
2021-01-28,80.29328155517578,108.83000183105469,109.22000122070312,108.75,108.7699966430664,12641600,JNK
2021-01-29,79.97602081298828,108.4000015258789,109.05000305175781,108.36000061035156,108.77999877929688,20177600,JNK
2021-02-01,80.31226348876953,108.44999694824219,108.5199966430664,108.05000305175781,108.36000061035156,13123600,JNK
2021-02-02,80.57145690917969,108.80000305175781,108.88999938964844,108.69000244140625,108.69999694824219,6948300,JNK
2021-02-03,80.63068389892578,108.87999725341797,109.06999969482422,108.83000183105469,108.94999694824219,8274900,JNK
2021-02-04,80.75657653808594,109.05000305175781,109.20999908447266,109.01000213623047,109.01000213623047,5753800,JNK
2021-02-05,80.9120864868164,109.26000213623047,109.41000366210938,109.2300033569336,109.37999725341797,5095900,JNK
2021-02-08,81.13426971435547,109.55999755859375,109.58000183105469,109.33000183105469,109.38999938964844,4238900,JNK
2021-02-09,80.97138214111328,109.33999633789062,109.5199966430664,109.31999969482422,109.44000244140625,4888300,JNK
2021-02-10,81.00837707519531,109.38999938964844,109.51000213623047,109.2300033569336,109.43000030517578,7569700,JNK
2021-02-11,81.04539489746094,109.44000244140625,109.48999786376953,109.33999633789062,109.44000244140625,5096800,JNK
2021-02-12,81.19351959228516,109.63999938964844,109.6500015258789,109.36000061035156,109.36000061035156,4604000,JNK
2021-02-16,81.0157699584961,109.4000015258789,109.58999633789062,109.36000061035156,109.58999633789062,6681900,JNK
2021-02-17,81.00837707519531,109.38999938964844,109.38999938964844,109.19000244140625,109.31999969482422,8060200,JNK
2021-02-18,80.9120864868164,109.26000213623047,109.38999938964844,109.13999938964844,109.22000122070312,11322000,JNK
2021-02-19,80.9417724609375,109.30000305175781,109.44999694824219,109.25,109.41999816894531,6327700,JNK
2021-02-22,80.67514038085938,108.94000244140625,109.2300033569336,108.93000030517578,109.1500015258789,10123100,JNK
2021-02-23,80.9417724609375,109.30000305175781,109.33000183105469,108.66999816894531,108.86000061035156,16211400,JNK
2021-02-24,80.95652770996094,109.31999969482422,109.33000183105469,109.0,109.08000183105469,6869800,JNK
2021-02-25,80.26043701171875,108.37999725341797,109.19999694824219,108.2300033569336,109.12000274658203,13109200,JNK
2021-02-26,80.09749603271484,108.16000366210938,108.69999694824219,108.08999633789062,108.52999877929688,13679300,JNK
2021-03-01,80.88690185546875,108.81999969482422,108.9000015258789,108.12999725341797,108.29000091552734,19090400,JNK
2021-03-02,80.70846557617188,108.58000183105469,108.88999938964844,108.58000183105469,108.83000183105469,7838000,JNK
2021-03-03,80.56726837158203,108.38999938964844,108.55999755859375,108.23999786376953,108.5199966430664,9474700,JNK
2021-03-04,80.19559478759766,107.88999938964844,108.6500015258789,107.55000305175781,108.41000366210938,13598500,JNK
2021-03-05,80.42604064941406,108.19999694824219,108.31999969482422,107.58000183105469,108.04000091552734,16023300,JNK
2021-03-08,79.86109924316406,107.44000244140625,108.19999694824219,107.38999938964844,108.0999984741211,16254200,JNK
2021-03-09,79.9354476928711,107.54000091552734,107.9800033569336,107.51000213623047,107.69000244140625,14423600,JNK
2021-03-10,80.18819427490234,107.87999725341797,108.05999755859375,107.62999725341797,107.68000030517578,14615800,JNK
2021-03-11,80.47062683105469,108.26000213623047,108.51000213623047,108.16000366210938,108.22000122070312,11711000,JNK
2021-03-12,80.28482818603516,108.01000213623047,108.12000274658203,107.87999725341797,108.08999633789062,8876400,JNK
2021-03-15,80.30712127685547,108.04000091552734,108.06999969482422,107.80999755859375,107.94000244140625,8104000,JNK
2021-03-16,80.05438995361328,107.69999694824219,108.0,107.66000366210938,108.0,10720300,JNK
2021-03-17,80.15845489501953,107.83999633789062,108.20999908447266,107.44999694824219,107.55000305175781,10129300,JNK
2021-03-18,79.57865905761719,107.05999755859375,107.54000091552734,106.9800033569336,107.5,15044800,JNK
2021-03-19,79.9503402709961,107.55999755859375,107.58999633789062,106.93000030517578,107.13999938964844,16455700,JNK
2021-03-22,80.1658706665039,107.8499984741211,107.98999786376953,107.58999633789062,107.63999938964844,11891600,JNK
2021-03-23,80.21046447753906,107.91000366210938,107.97000122070312,107.69000244140625,107.80999755859375,13259000,JNK
2021-03-24,80.29966735839844,108.02999877929688,108.38999938964844,107.98999786376953,107.98999786376953,16456200,JNK
2021-03-25,80.36654663085938,108.12000274658203,108.16000366210938,107.81999969482422,108.05000305175781,10111600,JNK
2021-03-26,80.65645599365234,108.51000213623047,108.5199966430664,108.05000305175781,108.2699966430664,9074800,JNK
2021-03-29,80.73080444335938,108.61000061035156,108.63999938964844,108.2699966430664,108.38999938964844,9352500,JNK
2021-03-30,80.55986785888672,108.37999725341797,108.48999786376953,108.33000183105469,108.48999786376953,9713700,JNK
2021-03-31,80.87205505371094,108.80000305175781,108.8499984741211,108.44999694824219,108.44999694824219,15265800,JNK
2021-04-01,81.04059600830078,108.63999938964844,108.68000030517578,108.3499984741211,108.52999877929688,13133800,JNK
2021-04-05,81.11519622802734,108.73999786376953,108.81999969482422,108.63999938964844,108.73999786376953,8040600,JNK
2021-04-06,81.25695037841797,108.93000030517578,108.98999786376953,108.69999694824219,108.76000213623047,6318100,JNK
2021-04-07,81.26439666748047,108.94000244140625,109.0199966430664,108.83000183105469,108.97000122070312,8864200,JNK
2021-04-08,81.29422760009766,108.9800033569336,109.08000183105469,108.91999816894531,109.05000305175781,5706100,JNK
2021-04-09,81.22708129882812,108.88999938964844,108.88999938964844,108.79000091552734,108.87999725341797,7191700,JNK
2021-04-12,81.15998077392578,108.80000305175781,108.83000183105469,108.6500015258789,108.72000122070312,10084600,JNK
2021-04-13,81.18981170654297,108.83999633789062,108.88999938964844,108.5199966430664,108.70999908447266,10946800,JNK
2021-04-14,81.1375732421875,108.7699966430664,108.98999786376953,108.73999786376953,108.80000305175781,7703200,JNK
2021-04-15,81.4732666015625,109.22000122070312,109.26000213623047,108.94000244140625,108.9800033569336,8233700,JNK
2021-04-16,81.30915069580078,109.0,109.30999755859375,109.0,109.30000305175781,7554300,JNK
2021-04-19,81.23455047607422,108.9000015258789,109.01000213623047,108.83000183105469,108.9000015258789,7778500,JNK
2021-04-20,81.08536529541016,108.69999694824219,108.83999633789062,108.5999984741211,108.75,7688400,JNK
2021-04-21,81.27183532714844,108.94999694824219,108.97000122070312,108.61000061035156,108.61000061035156,6614500,JNK
2021-04-22,81.18981170654297,108.83999633789062,109.02999877929688,108.7699966430664,108.9800033569336,5584900,JNK
2021-04-23,81.39867401123047,109.12000274658203,109.16999816894531,108.83999633789062,108.91000366210938,7330200,JNK
2021-04-26,81.3166275024414,109.01000213623047,109.23999786376953,109.0,109.13999938964844,4246000,JNK
2021-04-27,81.2867660522461,108.97000122070312,109.08999633789062,108.94999694824219,109.06999969482422,5050200,JNK
2021-04-28,81.42105102539062,109.1500015258789,109.23999786376953,108.87000274658203,109.0,6131700,JNK
2021-04-29,81.50309753417969,109.26000213623047,109.3499984741211,109.12000274658203,109.33999633789062,7751800,JNK
2021-04-30,81.4657974243164,109.20999908447266,109.30999755859375,109.12000274658203,109.1500015258789,9387300,JNK
2021-05-03,81.45157623291016,108.80999755859375,109.0199966430664,108.80999755859375,108.87000274658203,6535000,JNK
2021-05-04,81.42910766601562,108.77999877929688,108.81999969482422,108.58999633789062,108.80000305175781,12874600,JNK
2021-05-05,81.59381866455078,109.0,109.06999969482422,108.76000213623047,108.88999938964844,15099300,JNK
2021-05-06,81.51896667480469,108.9000015258789,109.0999984741211,108.8499984741211,109.04000091552734,11343400,JNK
2021-05-07,81.60879516601562,109.0199966430664,109.16999816894531,108.94000244140625,109.08000183105469,6616900,JNK
2021-05-10,81.48150634765625,108.8499984741211,109.0999984741211,108.83000183105469,109.05000305175781,8459400,JNK
2021-05-11,81.39168548583984,108.7300033569336,108.77999877929688,108.44000244140625,108.5199966430664,16118200,JNK
2021-05-12,81.00244903564453,108.20999908447266,108.61000061035156,108.20999908447266,108.54000091552734,10036700,JNK
2021-05-13,81.2120361328125,108.48999786376953,108.66000366210938,108.2699966430664,108.2699966430664,8115600,JNK
2021-05-14,81.45905303955078,108.81999969482422,108.87999725341797,108.6500015258789,108.66000366210938,9862600,JNK
2021-05-17,81.3692398071289,108.69999694824219,108.88999938964844,108.62999725341797,108.87999725341797,7051100,JNK
2021-05-18,81.1895751953125,108.45999908447266,108.73999786376953,108.44000244140625,108.7300033569336,5655300,JNK
2021-05-19,80.9575424194336,108.1500015258789,108.44000244140625,108.11000061035156,108.22000122070312,13019800,JNK
2021-05-20,81.27943420410156,108.58000183105469,108.81999969482422,108.29000091552734,108.30000305175781,10542900,JNK
2021-05-21,81.40667724609375,108.75,108.83000183105469,108.55000305175781,108.7699966430664,9296100,JNK
2021-05-24,81.5489273071289,108.94000244140625,109.06999969482422,108.76000213623047,108.81999969482422,10667200,JNK
2021-05-25,81.51896667480469,108.9000015258789,109.0,108.81999969482422,108.95999908447266,5218000,JNK
2021-05-26,81.56387329101562,108.95999908447266,108.97000122070312,108.83000183105469,108.9000015258789,6641700,JNK
2021-05-27,81.52643585205078,108.91000366210938,109.12000274658203,108.87999725341797,109.05000305175781,5854500,JNK
2021-05-28,81.52643585205078,108.91000366210938,109.08999633789062,108.87999725341797,109.02999877929688,6056800,JNK
2021-06-01,81.74053192138672,108.80999755859375,108.83999633789062,108.62999725341797,108.6500015258789,6673000,JNK
2021-06-02,81.83071899414062,108.93000030517578,109.0,108.8499984741211,108.93000030517578,7200000,JNK
2021-06-03,81.71800231933594,108.77999877929688,108.94000244140625,108.62999725341797,108.69999694824219,8329800,JNK
2021-06-04,81.87576293945312,108.98999786376953,109.05000305175781,108.88999938964844,108.97000122070312,7111100,JNK
2021-06-07,81.93586730957031,109.06999969482422,109.11000061035156,108.98999786376953,109.04000091552734,4813700,JNK
2021-06-08,81.99597930908203,109.1500015258789,109.20999908447266,109.08999633789062,109.19000244140625,5411700,JNK
2021-06-09,82.0785903930664,109.26000213623047,109.33000183105469,109.23999786376953,109.23999786376953,9058900,JNK
2021-06-10,82.21382904052734,109.44000244140625,109.52999877929688,109.30000305175781,109.30999755859375,5207700,JNK
2021-06-11,82.2513656616211,109.48999786376953,109.56999969482422,109.4000015258789,109.55000305175781,4047200,JNK
2021-06-14,82.1912612915039,109.41000366210938,109.45999908447266,109.3499984741211,109.44999694824219,7865000,JNK
2021-06-15,82.206298828125,109.43000030517578,109.4800033569336,109.27999877929688,109.38999938964844,5175500,JNK
2021-06-16,82.10115051269531,109.29000091552734,109.47000122070312,109.0999984741211,109.41999816894531,8611700,JNK
2021-06-17,82.1537094116211,109.36000061035156,109.41000366210938,109.23999786376953,109.30000305175781,7586100,JNK
2021-06-18,82.0785903930664,109.26000213623047,109.33000183105469,109.11000061035156,109.16000366210938,5740300,JNK
2021-06-21,82.23633575439453,109.47000122070312,109.47000122070312,109.30000305175781,109.30000305175781,6040300,JNK
2021-06-22,82.25889587402344,109.5,109.68000030517578,109.3499984741211,109.4000015258789,4914200,JNK
2021-06-23,82.25889587402344,109.5,109.66999816894531,109.47000122070312,109.55000305175781,5810700,JNK
2021-06-24,82.43917846679688,109.73999786376953,109.75,109.5999984741211,109.66999816894531,3570400,JNK
2021-06-25,82.52180480957031,109.8499984741211,109.87000274658203,109.75,109.81999969482422,3976200,JNK
2021-06-28,82.52180480957031,109.8499984741211,109.93000030517578,109.79000091552734,109.93000030517578,5669500,JNK
2021-06-29,82.61946105957031,109.9800033569336,110.0,109.87999725341797,109.88999938964844,4575700,JNK
2021-06-30,82.60441589355469,109.95999908447266,110.0199966430664,109.9000015258789,109.91999816894531,5978400,JNK
2021-07-01,82.75596618652344,109.7699966430664,109.80000305175781,109.62999725341797,109.62999725341797,8692000,JNK
2021-07-02,82.89920806884766,109.95999908447266,109.98999786376953,109.80000305175781,109.83999633789062,3083900,JNK
2021-07-06,82.91429901123047,109.9800033569336,110.05999755859375,109.87000274658203,110.05999755859375,5273600,JNK
2021-07-07,82.92935943603516,110.0,110.0999984741211,109.86000061035156,110.05999755859375,4203500,JNK
2021-07-08,82.76353454589844,109.77999877929688,109.9000015258789,109.66999816894531,109.72000122070312,9695000,JNK
2021-07-09,82.89167022705078,109.94999694824219,110.0,109.80000305175781,109.93000030517578,5251200,JNK
2021-07-12,82.8841552734375,109.94000244140625,110.0,109.86000061035156,110.0,5046300,JNK
2021-07-13,82.6655044555664,109.6500015258789,109.91000366210938,109.62000274658203,109.86000061035156,13664600,JNK
2021-07-14,82.75596618652344,109.7699966430664,109.83000183105469,109.66000366210938,109.69999694824219,6333000,JNK
2021-07-15,82.74089813232422,109.75,109.75,109.62999725341797,109.69999694824219,6088400,JNK
2021-07-16,82.60518646240234,109.56999969482422,109.75,109.52999877929688,109.73999786376953,7403200,JNK
2021-07-19,82.03974914550781,108.81999969482422,109.37000274658203,108.6500015258789,109.37000274658203,15525800,JNK
2021-07-20,82.39409637451172,109.29000091552734,109.33999633789062,108.7699966430664,108.87000274658203,10189100,JNK
2021-07-21,82.65794372558594,109.63999938964844,109.6500015258789,109.37999725341797,109.44000244140625,6979900,JNK
2021-07-22,82.68058013916016,109.66999816894531,109.80000305175781,109.52999877929688,109.66000366210938,8663600,JNK
2021-07-23,82.83891296386719,109.87999725341797,109.91999816894531,109.73999786376953,109.81999969482422,5873900,JNK
2021-07-26,82.72583770751953,109.7300033569336,109.91000366210938,109.69999694824219,109.88999938964844,5664100,JNK
2021-07-27,82.65042877197266,109.62999725341797,109.68000030517578,109.43000030517578,109.62000274658203,10400900,JNK
2021-07-28,82.70321655273438,109.69999694824219,109.76000213623047,109.5199966430664,109.69999694824219,5521000,JNK
2021-07-29,82.85398864746094,109.9000015258789,109.94000244140625,109.72000122070312,109.72000122070312,6067100,JNK
2021-07-30,82.75596618652344,109.7699966430664,109.9000015258789,109.75,109.87000274658203,5787200,JNK
2021-08-02,82.5820083618164,109.16999816894531,109.54000091552734,109.12999725341797,109.44999694824219,6972600,JNK
2021-08-03,82.60466766357422,109.19999694824219,109.26000213623047,109.04000091552734,109.1500015258789,6595700,JNK
2021-08-04,82.45340728759766,109.0,109.16000366210938,108.9800033569336,109.13999938964844,5383500,JNK
2021-08-05,82.58954620361328,109.18000030517578,109.22000122070312,109.0,109.0,3607000,JNK
2021-08-06,82.52151489257812,109.08999633789062,109.2699966430664,109.08000183105469,109.18000030517578,4948100,JNK
2021-08-09,82.33235168457031,108.83999633789062,109.08999633789062,108.81999969482422,109.05000305175781,5427000,JNK
2021-08-10,82.18867492675781,108.6500015258789,108.88999938964844,108.63999938964844,108.83000183105469,9331300,JNK
2021-08-11,82.32478332519531,108.83000183105469,108.87999725341797,108.68000030517578,108.7300033569336,5124400,JNK
2021-08-12,82.43069458007812,108.97000122070312,109.0,108.77999877929688,108.88999938964844,8523300,JNK
2021-08-13,82.57442474365234,109.16000366210938,109.16000366210938,109.0,109.05000305175781,6289800,JNK
2021-08-16,82.59713745117188,109.19000244140625,109.19999694824219,109.05999755859375,109.19999694824219,5445500,JNK
2021-08-17,82.43828582763672,108.9800033569336,109.11000061035156,108.81999969482422,109.11000061035156,9996600,JNK
2021-08-18,82.30968475341797,108.80999755859375,109.0999984741211,108.79000091552734,108.98999786376953,4339100,JNK
2021-08-19,82.27942657470703,108.7699966430664,108.88999938964844,108.5999984741211,108.5999984741211,8737100,JNK
2021-08-20,82.42314910888672,108.95999908447266,109.05000305175781,108.73999786376953,108.80000305175781,5782500,JNK
2021-08-23,82.68791198730469,109.30999755859375,109.37999725341797,109.0999984741211,109.0999984741211,7467200,JNK
2021-08-24,82.81649780273438,109.4800033569336,109.51000213623047,109.33000183105469,109.4000015258789,6120500,JNK
2021-08-25,82.90730285644531,109.5999984741211,109.63999938964844,109.4800033569336,109.55000305175781,5527200,JNK
2021-08-26,82.83161926269531,109.5,109.5999984741211,109.36000061035156,109.5199966430664,5835900,JNK
2021-08-27,83.1039810180664,109.86000061035156,109.87999725341797,109.55999755859375,109.56999969482422,5584500,JNK
2021-08-30,83.19473266601562,109.9800033569336,110.05000305175781,109.86000061035156,109.87999725341797,3907500,JNK
2021-08-31,83.2098617553711,110.0,110.04000091552734,109.88999938964844,109.97000122070312,5507300,JNK
2021-09-01,83.2971420288086,109.73999786376953,109.8499984741211,109.68000030517578,109.69000244140625,9412300,JNK
2021-09-02,83.40341186523438,109.87999725341797,109.94999694824219,109.81999969482422,109.9000015258789,5707100,JNK
2021-09-03,83.42620086669922,109.91000366210938,109.94000244140625,109.77999877929688,109.9000015258789,4017100,JNK
2021-09-07,83.20608520507812,109.62000274658203,109.88999938964844,109.61000061035156,109.88999938964844,6156800,JNK
2021-09-08,83.2971420288086,109.73999786376953,109.7699966430664,109.54000091552734,109.62999725341797,4216600,JNK
2021-09-09,83.35787200927734,109.81999969482422,109.87000274658203,109.70999908447266,109.77999877929688,5647900,JNK
2021-09-10,83.27439880371094,109.70999908447266,110.0,109.69999694824219,109.95999908447266,6265300,JNK
2021-09-13,83.47175598144531,109.97000122070312,109.9800033569336,109.77999877929688,109.83999633789062,7504100,JNK
2021-09-14,83.3806381225586,109.8499984741211,110.08000183105469,109.81999969482422,110.0,7594500,JNK
2021-09-15,83.5779800415039,110.11000061035156,110.11000061035156,109.91999816894531,109.95999908447266,5787400,JNK
2021-09-16,83.547607421875,110.06999969482422,110.12000274658203,109.91999816894531,110.0999984741211,5757100,JNK
2021-09-17,83.45653533935547,109.94999694824219,110.05000305175781,109.91999816894531,110.04000091552734,5237000,JNK
2021-09-20,83.17569732666016,109.58000183105469,109.68000030517578,109.37000274658203,109.45999908447266,11954100,JNK
2021-09-21,83.31231689453125,109.76000213623047,109.80999755859375,109.54000091552734,109.80999755859375,6573200,JNK
2021-09-22,83.448974609375,109.94000244140625,110.05999755859375,109.79000091552734,109.93000030517578,8115900,JNK
2021-09-23,83.464111328125,109.95999908447266,110.13999938964844,109.88999938964844,110.01000213623047,8198300,JNK
2021-09-24,83.37306213378906,109.83999633789062,109.95999908447266,109.76000213623047,109.91999816894531,6542300,JNK
2021-09-27,83.30473327636719,109.75,109.81999969482422,109.5999984741211,109.66000366210938,3913800,JNK
2021-09-28,82.94039154052734,109.2699966430664,109.56999969482422,109.25,109.5199966430664,11433900,JNK
2021-09-29,83.10738372802734,109.48999786376953,109.5999984741211,109.33000183105469,109.33000183105469,8061700,JNK
2021-09-30,83.00872802734375,109.36000061035156,109.56999969482422,109.2300033569336,109.5199966430664,18154300,JNK
2021-10-01,83.182373046875,109.19999694824219,109.2699966430664,108.87000274658203,109.12000274658203,9599900,JNK
2021-10-04,82.9005355834961,108.83000183105469,109.19000244140625,108.80999755859375,109.19000244140625,12880700,JNK
2021-10-05,82.83200073242188,108.73999786376953,108.9800033569336,108.7300033569336,108.94000244140625,6569600,JNK
2021-10-06,82.78629302978516,108.68000030517578,108.72000122070312,108.38999938964844,108.48999786376953,11832200,JNK
2021-10-07,82.75582885742188,108.63999938964844,109.0,108.5999984741211,108.81999969482422,12147600,JNK
2021-10-08,82.61104583740234,108.44999694824219,108.70999908447266,108.41000366210938,108.66999816894531,9319300,JNK
2021-10-11,82.32160186767578,108.06999969482422,108.45999908447266,108.05999755859375,108.41000366210938,4081600,JNK
2021-10-12,82.47395324707031,108.2699966430664,108.38999938964844,108.16000366210938,108.16999816894531,9129100,JNK
2021-10-13,82.66442108154297,108.5199966430664,108.52999877929688,108.16000366210938,108.2699966430664,5949400,JNK
2021-10-14,83.12145233154297,109.12000274658203,109.12999725341797,108.72000122070312,108.77999877929688,8974400,JNK
2021-10-15,82.953857421875,108.9000015258789,109.19000244140625,108.88999938964844,109.19000244140625,10427400,JNK
2021-10-18,82.915771484375,108.8499984741211,108.86000061035156,108.66000366210938,108.69999694824219,5206700,JNK
2021-10-19,82.97672271728516,108.93000030517578,108.94000244140625,108.83999633789062,108.91000366210938,8196000,JNK
2021-10-20,83.03766632080078,109.01000213623047,109.0199966430664,108.88999938964844,108.97000122070312,7012100,JNK
2021-10-21,82.81673431396484,108.72000122070312,109.0199966430664,108.6500015258789,108.98999786376953,8430300,JNK
2021-10-22,82.63394165039062,108.4800033569336,108.70999908447266,108.41999816894531,108.66999816894531,7189800,JNK
2021-10-25,82.7634048461914,108.6500015258789,108.7300033569336,108.4000015258789,108.58000183105469,6374400,JNK
2021-10-26,82.78629302978516,108.68000030517578,108.86000061035156,108.66000366210938,108.83999633789062,9092600,JNK
2021-10-27,82.69486236572266,108.55999755859375,108.79000091552734,108.55000305175781,108.79000091552734,6023000,JNK
2021-10-28,82.89291381835938,108.81999969482422,108.83000183105469,108.66999816894531,108.7300033569336,6195800,JNK
2021-10-29,82.74056243896484,108.62000274658203,108.7300033569336,108.58000183105469,108.70999908447266,7184000,JNK
2021-11-01,82.64043426513672,108.11000061035156,108.37000274658203,108.08000183105469,108.37000274658203,9652100,JNK
2021-11-02,82.77802276611328,108.29000091552734,108.4000015258789,108.0999984741211,108.11000061035156,6705700,JNK
2021-11-03,82.97677612304688,108.55000305175781,108.55999755859375,108.22000122070312,108.33000183105469,7223000,JNK
2021-11-04,83.17552947998047,108.80999755859375,108.83000183105469,108.63999938964844,108.66000366210938,14149000,JNK
2021-11-05,83.5500717163086,109.30000305175781,109.30000305175781,108.9800033569336,109.01000213623047,11251200,JNK
2021-11-08,83.46600341796875,109.19000244140625,109.45999908447266,109.12999725341797,109.41999816894531,7789600,JNK
2021-11-09,83.52713775634766,109.2699966430664,109.29000091552734,109.08000183105469,109.27999877929688,14577500,JNK
2021-11-10,83.09908294677734,108.70999908447266,109.13999938964844,108.68000030517578,109.13999938964844,11440300,JNK
2021-11-11,82.96912384033203,108.54000091552734,108.77999877929688,108.5199966430664,108.77999877929688,2991700,JNK
2021-11-12,82.96912384033203,108.54000091552734,108.7300033569336,108.4800033569336,108.61000061035156,7379300,JNK
2021-11-15,82.8697509765625,108.41000366210938,108.62999725341797,108.37000274658203,108.62999725341797,6175900,JNK
2021-11-16,82.89268493652344,108.44000244140625,108.5199966430664,108.37000274658203,108.38999938964844,6083100,JNK
2021-11-17,82.77037048339844,108.27999877929688,108.4800033569336,108.26000213623047,108.45999908447266,7944500,JNK
2021-11-18,82.67866516113281,108.16000366210938,108.41000366210938,108.13999938964844,108.37000274658203,8327600,JNK
2021-11-19,82.61749267578125,108.08000183105469,108.27999877929688,108.06999969482422,108.12999725341797,9810600,JNK
2021-11-22,82.31177520751953,107.68000030517578,108.19000244140625,107.6500015258789,108.1500015258789,8053000,JNK
2021-11-23,82.19707489013672,107.52999877929688,107.80999755859375,107.41999816894531,107.6500015258789,13988600,JNK
2021-11-24,82.1588363647461,107.4800033569336,107.52999877929688,107.08999633789062,107.36000061035156,8090000,JNK
2021-11-26,81.53204345703125,106.66000366210938,106.87000274658203,106.4800033569336,106.87000274658203,8719700,JNK
2021-11-29,82.02893829345703,107.30999755859375,107.45999908447266,107.01000213623047,107.08999633789062,8707400,JNK
2021-11-30,81.66199493408203,106.83000183105469,107.3499984741211,106.70999908447266,107.19999694824219,11281200,JNK
2021-12-01,81.74099731445312,106.55000305175781,107.19999694824219,106.4800033569336,106.83000183105469,14146500,JNK
2021-12-02,82.30870819091797,107.29000091552734,107.36000061035156,106.58000183105469,106.5999984741211,11804200,JNK
2021-12-03,82.30103302001953,107.27999877929688,107.4000015258789,107.06999969482422,107.33999633789062,17457200,JNK
2021-12-06,82.60791778564453,107.68000030517578,107.87000274658203,107.29000091552734,107.37000274658203,11047400,JNK
2021-12-07,83.11421203613281,108.33999633789062,108.58999633789062,108.06999969482422,108.12000274658203,14624900,JNK
2021-12-08,83.12954711914062,108.36000061035156,108.36000061035156,108.13999938964844,108.29000091552734,10377200,JNK
2021-12-09,82.72301483154297,107.83000183105469,108.27999877929688,107.80999755859375,108.26000213623047,18678200,JNK
2021-12-10,82.90707397460938,108.06999969482422,108.12000274658203,107.94999694824219,108.05999755859375,8459700,JNK
2021-12-13,82.92240905761719,108.08999633789062,108.19000244140625,107.98999786376953,108.11000061035156,7753700,JNK
2021-12-14,82.79203033447266,107.91999816894531,108.02999877929688,107.70999908447266,107.9800033569336,7267700,JNK
2021-12-15,83.07584381103516,108.29000091552734,108.33000183105469,107.70999908447266,107.94000244140625,10965900,JNK
2021-12-16,82.98381805419922,108.16999816894531,108.41000366210938,108.13999938964844,108.31999969482422,9735000,JNK
2021-12-17,82.94223022460938,107.7300033569336,107.86000061035156,107.4800033569336,107.76000213623047,10926900,JNK
2021-12-20,82.84986114501953,107.61000061035156,107.66999816894531,107.33000183105469,107.47000122070312,7309000,JNK
2021-12-21,83.25790405273438,108.13999938964844,108.16000366210938,107.7300033569336,107.7699966430664,7378500,JNK
2021-12-22,83.50425720214844,108.45999908447266,108.4800033569336,108.13999938964844,108.16999816894531,7070700,JNK
2021-12-23,83.75062561035156,108.77999877929688,108.81999969482422,108.5,108.5199966430664,9031100,JNK
2021-12-27,83.79684448242188,108.83999633789062,108.93000030517578,108.75,108.7699966430664,5850500,JNK
2021-12-28,83.76605987548828,108.80000305175781,108.8499984741211,108.62999725341797,108.8499984741211,6508600,JNK
2021-12-29,83.60436248779297,108.58999633789062,108.79000091552734,108.58999633789062,108.75,5084800,JNK
2021-12-30,83.55818176269531,108.52999877929688,108.69000244140625,108.52999877929688,108.69000244140625,3299200,JNK
2021-12-31,83.58895111083984,108.56999969482422,108.69000244140625,108.52999877929688,108.58000183105469,4282200,JNK
2022-01-03,83.53508758544922,108.5,108.52999877929688,108.2699966430664,108.5,10540600,JNK
2022-01-04,83.381103515625,108.30000305175781,108.61000061035156,108.19000244140625,108.61000061035156,9362900,JNK
2022-01-05,82.74207305908203,107.47000122070312,108.33999633789062,107.47000122070312,108.30999755859375,8700800,JNK
2022-01-06,82.75746154785156,107.48999786376953,107.73999786376953,107.4000015258789,107.47000122070312,11788400,JNK
2022-01-07,82.53421020507812,107.19999694824219,107.44999694824219,107.13999938964844,107.44000244140625,8771500,JNK
2022-01-10,82.5418930053711,107.20999908447266,107.23999786376953,106.54000091552734,107.04000091552734,15211500,JNK
2022-01-11,82.95762634277344,107.75,107.77999877929688,107.01000213623047,107.30000305175781,16319500,JNK
2022-01-12,83.08853149414062,107.91999816894531,108.0199966430664,107.80000305175781,107.97000122070312,10434800,JNK
2022-01-13,82.84986114501953,107.61000061035156,107.9800033569336,107.55999755859375,107.94999694824219,8329200,JNK
2022-01-14,82.77286529541016,107.51000213623047,107.69000244140625,107.38999938964844,107.48999786376953,8640500,JNK
2022-01-18,82.34940338134766,106.95999908447266,107.20999908447266,106.87000274658203,107.20999908447266,8429500,JNK
2022-01-19,82.27243041992188,106.86000061035156,107.29000091552734,106.81999969482422,107.05000305175781,11927500,JNK
2022-01-20,82.08763885498047,106.62000274658203,107.33000183105469,106.5999984741211,107.06999969482422,9745100,JNK
2022-01-21,82.0645523071289,106.58999633789062,106.79000091552734,106.48999786376953,106.62000274658203,14969900,JNK
2022-01-24,81.97982788085938,106.4800033569336,106.55999755859375,105.73999786376953,106.22000122070312,15837600,JNK
2022-01-25,81.75656127929688,106.19000244140625,106.44000244140625,105.9800033569336,106.12999725341797,8351400,JNK
2022-01-26,81.47943878173828,105.83000183105469,106.87999725341797,105.69000244140625,106.6500015258789,14077500,JNK
2022-01-27,81.1021499633789,105.33999633789062,106.19999694824219,105.11000061035156,106.0,12932000,JNK
2022-01-28,81.28694152832031,105.58000183105469,105.62000274658203,104.7300033569336,105.12000274658203,13884300,JNK
2022-01-31,81.27925109863281,105.56999969482422,105.81999969482422,105.0,105.4000015258789,29409100,JNK
2022-02-01,81.71969604492188,105.75,105.80000305175781,105.26000213623047,105.66000366210938,14135100,JNK
2022-02-02,81.79698944091797,105.8499984741211,106.02999877929688,105.62000274658203,105.9800033569336,7908200,JNK
2022-02-03,81.163330078125,105.02999877929688,105.55000305175781,105.0199966430664,105.55000305175781,11222300,JNK
2022-02-04,80.80785369873047,104.56999969482422,104.75,104.0199966430664,104.7300033569336,9905600,JNK
2022-02-07,80.7383041381836,104.4800033569336,104.69000244140625,104.19000244140625,104.4000015258789,8775800,JNK
2022-02-08,80.6533203125,104.37000274658203,104.68000030517578,104.33999633789062,104.55000305175781,6454800,JNK
2022-02-09,81.04740142822266,104.87999725341797,105.02999877929688,104.79000091552734,104.83999633789062,15539400,JNK
2022-02-10,80.03509521484375,103.56999969482422,104.63999938964844,103.55000305175781,104.29000091552734,13512800,JNK
2022-02-11,79.69507598876953,103.12999725341797,103.91999816894531,102.9000015258789,103.86000061035156,15919700,JNK
2022-02-14,79.60232543945312,103.01000213623047,103.30000305175781,102.61000061035156,103.08000183105469,13359200,JNK
2022-02-15,79.67962646484375,103.11000061035156,103.30999755859375,103.0199966430664,103.19000244140625,7187700,JNK
2022-02-16,80.1200942993164,103.68000030517578,103.73999786376953,102.98999786376953,103.05999755859375,9049200,JNK
2022-02-17,79.78009033203125,103.23999786376953,103.5,103.1500015258789,103.44000244140625,5987100,JNK
2022-02-18,79.88825225830078,103.37999725341797,103.5,103.05999755859375,103.19999694824219,9223000,JNK
2022-02-22,79.72598266601562,103.16999816894531,103.55000305175781,102.9800033569336,103.2300033569336,7168000,JNK
2022-02-23,79.59458923339844,103.0,103.38999938964844,102.98999786376953,103.30999755859375,8755000,JNK
2022-02-24,80.0969009399414,103.6500015258789,103.72000122070312,101.98999786376953,101.98999786376953,15240900,JNK
2022-02-25,80.54513549804688,104.2300033569336,104.30000305175781,103.80000305175781,103.80000305175781,13661700,JNK
2022-02-28,80.59920501708984,104.30000305175781,104.5999984741211,103.69999694824219,103.69999694824219,14734100,JNK
2022-03-01,80.27338409423828,103.4800033569336,104.11000061035156,103.33000183105469,103.87000274658203,17125400,JNK
2022-03-02,80.5293960571289,103.80999755859375,103.86000061035156,103.29000091552734,103.37999725341797,9952800,JNK
2022-03-03,80.32770538330078,103.55000305175781,104.01000213623047,103.51000213623047,103.93000030517578,8693300,JNK
2022-03-04,79.7691650390625,102.83000183105469,103.36000061035156,102.77999877929688,103.23999786376953,12683100,JNK
2022-03-07,79.01670837402344,101.86000061035156,102.66000366210938,101.83999633789062,102.66000366210938,10395400,JNK
2022-03-08,78.78396606445312,101.55999755859375,102.2300033569336,101.52999877929688,101.93000030517578,12544400,JNK
2022-03-09,79.38130950927734,102.33000183105469,102.48999786376953,101.93000030517578,102.11000061035156,13957900,JNK
2022-03-10,78.7762222290039,101.55000305175781,101.9000015258789,101.4000015258789,101.83000183105469,9127900,JNK
2022-03-11,78.15564727783203,100.75,101.80000305175781,100.69000244140625,101.80000305175781,7002900,JNK
2022-03-14,77.2635269165039,99.5999984741211,101.0199966430664,99.43000030517578,101.0199966430664,10265600,JNK
2022-03-15,77.75225067138672,100.2300033569336,100.52999877929688,99.66999816894531,99.68000030517578,15686100,JNK
2022-03-16,78.86933135986328,101.66999816894531,101.69999694824219,100.23999786376953,100.75,20807900,JNK
2022-03-17,79.38130950927734,102.33000183105469,102.37000274658203,101.5999984741211,101.5999984741211,11579800,JNK
2022-03-18,79.6683120727539,102.69999694824219,102.73999786376953,102.0,102.31999969482422,12059900,JNK
2022-03-21,78.87705993652344,101.68000030517578,102.68000030517578,101.4000015258789,102.62000274658203,12473700,JNK
2022-03-22,79.2494125366211,102.16000366210938,102.19999694824219,101.52999877929688,101.6500015258789,8852800,JNK
2022-03-23,78.90033721923828,101.70999908447266,102.0999984741211,101.63999938964844,102.0,8181000,JNK
2022-03-24,79.07096099853516,101.93000030517578,102.02999877929688,101.48999786376953,101.81999969482422,7523000,JNK
2022-03-25,78.60554504394531,101.33000183105469,102.05000305175781,101.22000122070312,102.0199966430664,9989300,JNK
2022-03-28,79.02449035644531,101.87000274658203,101.91000366210938,101.19000244140625,101.19000244140625,9054100,JNK
2022-03-29,79.98639678955078,103.11000061035156,103.19000244140625,102.29000091552734,102.29000091552734,13614800,JNK
2022-03-30,79.81571960449219,102.88999938964844,103.05999755859375,102.62000274658203,102.83999633789062,11883500,JNK
2022-03-31,79.5131607055664,102.5,103.04000091552734,102.4800033569336,102.94000244140625,11979700,JNK
2022-04-01,79.55057525634766,102.1500015258789,102.22000122070312,101.7300033569336,102.0199966430664,7758600,JNK
2022-04-04,80.11127471923828,102.87000274658203,102.87000274658203,102.16999816894531,102.16999816894531,9167900,JNK
2022-04-05,79.13003540039062,101.61000061035156,102.77999877929688,101.58999633789062,102.66999816894531,12010400,JNK
2022-04-06,78.491455078125,100.79000091552734,101.44999694824219,100.61000061035156,100.95999908447266,14822900,JNK
2022-04-07,78.32009887695312,100.56999969482422,101.01000213623047,100.55999755859375,100.79000091552734,11140900,JNK
2022-04-08,77.86062622070312,99.9800033569336,100.5999984741211,99.95999908447266,100.37999725341797,9018300,JNK
2022-04-11,77.30773162841797,99.2699966430664,99.75,99.13999938964844,99.7300033569336,14375100,JNK
2022-04-12,77.86062622070312,99.9800033569336,100.38999938964844,99.7300033569336,99.9000015258789,8916100,JNK
2022-04-13,78.32789611816406,100.58000183105469,100.63999938964844,100.05999755859375,100.26000213623047,12809100,JNK
2022-04-14,77.81390380859375,99.91999816894531,100.7300033569336,99.6500015258789,100.66999816894531,7907300,JNK
2022-04-18,77.72047424316406,99.80000305175781,100.05000305175781,99.62999725341797,99.7699966430664,7303300,JNK
2022-04-19,77.66594696044922,99.7300033569336,99.87000274658203,99.41999816894531,99.55000305175781,8262600,JNK
2022-04-20,77.86062622070312,99.9800033569336,100.16000366210938,99.76000213623047,99.76000213623047,10089000,JNK
2022-04-21,77.3700180053711,99.3499984741211,100.27999877929688,99.30000305175781,100.26000213623047,8669500,JNK
2022-04-22,76.9339370727539,98.79000091552734,99.30000305175781,98.6500015258789,99.30000305175781,10794900,JNK
2022-04-25,77.44010162353516,99.44000244140625,99.56999969482422,98.69999694824219,98.73999786376953,12807200,JNK
2022-04-26,76.99623107910156,98.87000274658203,99.51000213623047,98.83000183105469,99.51000213623047,9328500,JNK
2022-04-27,76.63799285888672,98.41000366210938,99.12999725341797,98.30000305175781,98.91999816894531,9338300,JNK
2022-04-28,77.01180267333984,98.88999938964844,99.06999969482422,98.23999786376953,98.45999908447266,12792000,JNK
2022-04-29,76.0149917602539,97.61000061035156,98.58000183105469,97.54000091552734,98.19000244140625,12708400,JNK
2022-05-02,75.96334838867188,97.12999725341797,97.30000305175781,96.69000244140625,97.19000244140625,10239100,JNK
2022-05-03,76.38568115234375,97.66999816894531,97.86000061035156,97.25,97.25,14394200,JNK
2022-05-04,77.17559814453125,98.68000030517578,98.91000366210938,97.0199966430664,97.70999908447266,17199100,JNK
2022-05-05,75.7834701538086,96.9000015258789,98.19000244140625,96.58999633789062,98.19000244140625,16556400,JNK
2022-05-06,75.36898803710938,96.37000274658203,96.80999755859375,96.0999984741211,96.44000244140625,12580000,JNK
2022-05-09,74.53215789794922,95.30000305175781,96.0,95.19999694824219,95.70999908447266,10210300,JNK
2022-05-10,74.8528060913086,95.70999908447266,96.16000366210938,95.33000183105469,95.9000015258789,12964100,JNK
2022-05-11,74.46959686279297,95.22000122070312,96.11000061035156,95.20999908447266,95.48999786376953,13161500,JNK
2022-05-12,74.35224914550781,95.06999969482422,95.41999816894531,94.66999816894531,95.04000091552734,11507600,JNK
2022-05-13,74.4461441040039,95.19000244140625,95.48999786376953,94.75,95.27999877929688,17568900,JNK
2022-05-16,74.29751586914062,95.0,95.38999938964844,94.91000366210938,95.23999786376953,8971200,JNK
2022-05-17,74.23495483398438,94.91999816894531,95.3499984741211,94.72000122070312,95.3499984741211,9076000,JNK
2022-05-18,73.61712646484375,94.12999725341797,94.52999877929688,94.02999877929688,94.5199966430664,9650800,JNK
2022-05-19,74.13329315185547,94.79000091552734,94.9000015258789,93.95999908447266,94.08000183105469,12800000,JNK
2022-05-20,74.06288146972656,94.69999694824219,95.08000183105469,94.33999633789062,94.93000030517578,7050200,JNK
2022-05-23,74.28189086914062,94.9800033569336,95.05000305175781,94.75,94.7699966430664,6653900,JNK
2022-05-24,74.64164733886719,95.44000244140625,95.55999755859375,94.75,94.7699966430664,8466300,JNK
2022-05-25,75.7756576538086,96.88999938964844,97.02999877929688,95.41000366210938,95.41000366210938,10665900,JNK
2022-05-26,76.92530059814453,98.36000061035156,98.45999908447266,97.18000030517578,97.19999694824219,16255100,JNK
2022-05-27,77.64482116699219,99.27999877929688,99.33999633789062,98.55000305175781,98.91000366210938,12372100,JNK
2022-05-31,77.12866973876953,98.62000274658203,98.93000030517578,98.27999877929688,98.8499984741211,23030500,JNK
2022-06-01,76.85059356689453,97.83999633789062,98.38999938964844,97.61000061035156,98.1500015258789,22041700,JNK
2022-06-02,77.07837677001953,98.12999725341797,98.16000366210938,97.58000183105469,97.68000030517578,7592700,JNK
2022-06-03,76.4814224243164,97.37000274658203,97.72000122070312,97.30000305175781,97.66000366210938,9144600,JNK
2022-06-06,75.98656463623047,96.73999786376953,97.62999725341797,96.5999984741211,97.29000091552734,8228800,JNK
2022-06-07,76.08867645263672,96.87000274658203,96.94000244140625,96.30999755859375,96.33000183105469,9491600,JNK
2022-06-08,75.41316986083984,96.01000213623047,96.75,95.97000122070312,96.75,8921000,JNK
2022-06-09,74.79267120361328,95.22000122070312,95.97000122070312,95.11000061035156,95.70999908447266,16374700,JNK
2022-06-10,73.4652099609375,93.52999877929688,94.5,93.0999984741211,94.5,20385900,JNK
2022-06-13,70.94384002685547,90.31999969482422,91.91000366210938,89.80999755859375,91.66000366210938,44091300,JNK
2022-06-14,71.50938415527344,91.04000091552734,91.83000183105469,90.27999877929688,90.75,21578000,JNK
2022-06-15,72.7818374633789,92.66000366210938,93.18000030517578,91.5,92.02999877929688,18762100,JNK
2022-06-16,71.57221984863281,91.12000274658203,91.56999969482422,90.44000244140625,91.41000366210938,14404700,JNK
2022-06-17,71.98065948486328,91.63999938964844,92.06999969482422,91.12999725341797,91.33999633789062,17038000,JNK
2022-06-21,71.7372055053711,91.33000183105469,92.30000305175781,91.2699966430664,92.19999694824219,8678900,JNK
2022-06-22,71.77643585205078,91.37999725341797,91.66999816894531,91.11000061035156,91.2300033569336,11052300,JNK
2022-06-23,72.28700256347656,92.02999877929688,92.06999969482422,91.44999694824219,91.44999694824219,8769900,JNK
2022-06-24,72.77399444580078,92.6500015258789,93.04000091552734,92.05999755859375,92.2300033569336,12138600,JNK
2022-06-27,72.42837524414062,92.20999908447266,92.76000213623047,92.19000244140625,92.6500015258789,5785300,JNK
2022-06-28,71.46224975585938,90.9800033569336,92.33999633789062,90.94999694824219,92.08000183105469,10458300,JNK
2022-06-29,71.33657836914062,90.81999969482422,90.97000122070312,90.54000091552734,90.86000061035156,6619700,JNK
2022-06-30,71.25016021728516,90.70999908447266,90.97000122070312,90.0999984741211,90.44999694824219,9559100,JNK
2022-07-01,71.8682861328125,91.04000091552734,91.4000015258789,90.3499984741211,90.3499984741211,10458500,JNK
2022-07-05,71.80513763427734,90.95999908447266,91.0199966430664,89.88999938964844,90.45999908447266,8494800,JNK
2022-07-06,71.52880859375,90.61000061035156,91.02999877929688,90.45999908447266,90.76000213623047,6305900,JNK
2022-07-07,72.68927764892578,92.08000183105469,92.1500015258789,90.98999786376953,90.98999786376953,10689700,JNK
2022-07-08,72.83924865722656,92.2699966430664,92.33000183105469,91.51000213623047,91.83999633789062,8678000,JNK
2022-07-11,72.4366455078125,91.76000213623047,92.23999786376953,91.70999908447266,92.04000091552734,4381000,JNK
2022-07-12,72.70507049560547,92.0999984741211,92.22000122070312,91.75,91.76000213623047,7727900,JNK
2022-07-13,72.5629653930664,91.91999816894531,92.2300033569336,91.0199966430664,91.23999786376953,11074800,JNK
2022-07-14,72.35774230957031,91.66000366210938,91.79000091552734,90.5999984741211,91.2699966430664,9635700,JNK
2022-07-15,73.35240173339844,92.91999816894531,92.94999694824219,91.98999786376953,92.02999877929688,14000700,JNK
2022-07-18,72.63400268554688,92.01000213623047,93.19999694824219,91.94000244140625,93.19999694824219,7381400,JNK
2022-07-19,73.62081909179688,93.26000213623047,93.55000305175781,92.41999816894531,92.48999786376953,8497800,JNK
2022-07-20,73.99181365966797,93.7300033569336,94.4800033569336,93.4800033569336,93.4800033569336,26661800,JNK
2022-07-21,74.93913269042969,94.93000030517578,95.0,93.56999969482422,93.73999786376953,15140500,JNK
2022-07-22,74.83649444580078,94.80000305175781,95.5999984741211,94.47000122070312,95.12999725341797,8860100,JNK
2022-07-25,74.79702758789062,94.75,94.98999786376953,94.4800033569336,94.98999786376953,5671400,JNK
2022-07-26,74.28388214111328,94.0999984741211,94.62000274658203,94.02999877929688,94.5999984741211,5356000,JNK
2022-07-27,75.04962921142578,95.06999969482422,95.45999908447266,94.5199966430664,94.58000183105469,8667100,JNK
2022-07-28,75.88642120361328,96.12999725341797,96.18000030517578,95.19000244140625,95.54000091552734,7280500,JNK
2022-07-29,76.08375549316406,96.37999725341797,96.66999816894531,95.8499984741211,96.05000305175781,8651900,JNK
2022-08-01,76.22492218017578,96.12000274658203,96.26000213623047,95.58999633789062,95.87999725341797,10369800,JNK
2022-08-02,75.84425354003906,95.63999938964844,96.05999755859375,95.5999984741211,95.91000366210938,12805800,JNK
2022-08-03,76.51040649414062,96.4800033569336,96.55999755859375,95.72000122070312,95.93000030517578,6586800,JNK
2022-08-04,76.70865631103516,96.7300033569336,96.75,96.41000366210938,96.66999816894531,5905400,JNK
2022-08-05,76.3914566040039,96.33000183105469,96.41000366210938,95.51000213623047,95.79000091552734,8233700,JNK
2022-08-08,76.49453735351562,96.45999908447266,97.11000061035156,96.37999725341797,96.68000030517578,6529300,JNK
2022-08-09,75.90770721435547,95.72000122070312,96.30999755859375,95.70999908447266,96.2699966430664,16618000,JNK
2022-08-10,77.04966735839844,97.16000366210938,97.26000213623047,96.79000091552734,96.8499984741211,10738000,JNK
2022-08-11,76.66901397705078,96.68000030517578,98.0,96.55999755859375,97.81999969482422,11064000,JNK
2022-08-12,77.3747787475586,97.56999969482422,97.61000061035156,96.73999786376953,96.80000305175781,5951500,JNK
2022-08-15,77.22410583496094,97.37999725341797,97.69000244140625,97.19000244140625,97.5,9327900,JNK
2022-08-16,76.93072509765625,97.01000213623047,97.33000183105469,96.73999786376953,97.33000183105469,8680400,JNK
2022-08-17,76.1297607421875,96.0,96.51000213623047,95.98999786376953,96.33000183105469,10226100,JNK
2022-08-18,76.20111846923828,96.08999633789062,96.29000091552734,96.05000305175781,96.16000366210938,5643900,JNK
2022-08-19,75.40018463134766,95.08000183105469,95.58000183105469,94.87999725341797,95.44999694824219,15148700,JNK
2022-08-22,74.51991271972656,93.97000122070312,94.45999908447266,93.94999694824219,94.3499984741211,17870500,JNK
2022-08-23,74.67852020263672,94.16999816894531,94.37000274658203,93.72000122070312,93.98999786376953,12031200,JNK
2022-08-24,74.78956604003906,94.30999755859375,94.44999694824219,94.05999755859375,94.27999877929688,4565700,JNK
2022-08-25,75.41602325439453,95.0999984741211,95.19999694824219,94.41999816894531,94.58999633789062,3486300,JNK
2022-08-26,74.21859741210938,93.58999633789062,95.19999694824219,93.52999877929688,95.16999816894531,11057000,JNK
2022-08-29,73.90929412841797,93.19999694824219,93.55999755859375,92.88999938964844,93.0199966430664,6078900,JNK
2022-08-30,73.33039855957031,92.47000122070312,93.37999725341797,92.13999938964844,93.33000183105469,20925500,JNK
2022-08-31,72.87042999267578,91.88999938964844,92.63999938964844,91.8499984741211,92.4800033569336,14061900,JNK
2022-09-01,73.0059814453125,91.55999755859375,91.66999816894531,90.66999816894531,91.12000274658203,9077300,JNK
2022-09-02,73.02991485595703,91.58999633789062,92.48999786376953,91.44999694824219,92.1500015258789,10452500,JNK
2022-09-06,72.86246490478516,91.37999725341797,91.66000366210938,90.98999786376953,91.48999786376953,8943300,JNK
2022-09-07,73.81134033203125,92.56999969482422,92.5999984741211,91.37000274658203,91.37000274658203,8752400,JNK
2022-09-08,74.11431884765625,92.94999694824219,93.0,92.08000183105469,92.19999694824219,8412000,JNK
2022-09-09,74.43324279785156,93.3499984741211,93.80000305175781,93.1500015258789,93.52999877929688,8090000,JNK
2022-09-12,74.68048858642578,93.66000366210938,93.91000366210938,93.31999969482422,93.72000122070312,8471900,JNK
2022-09-13,72.99801635742188,91.55000305175781,92.61000061035156,91.51000213623047,92.33999633789062,17879400,JNK
2022-09-14,73.0538558959961,91.62000274658203,92.31999969482422,91.52999877929688,91.70999908447266,9729600,JNK
2022-09-15,72.6232681274414,91.08000183105469,91.63999938964844,91.04000091552734,91.38999938964844,10324200,JNK
2022-09-16,72.80665588378906,91.30999755859375,91.33000183105469,90.30999755859375,90.70999908447266,13202600,JNK
2022-09-19,73.11763763427734,91.69999694824219,91.69999694824219,90.8499984741211,90.8499984741211,5813500,JNK
2022-09-20,72.37608337402344,90.7699966430664,91.19000244140625,90.70999908447266,91.16000366210938,10086700,JNK
2022-09-21,72.22460174560547,90.58000183105469,91.48999786376953,90.1500015258789,90.80000305175781,14874100,JNK
2022-09-22,71.72223663330078,89.94999694824219,90.37999725341797,89.63999938964844,90.33000183105469,12700100,JNK
2022-09-23,70.81326293945312,88.80999755859375,89.55000305175781,88.51000213623047,89.29000091552734,15390600,JNK
2022-09-26,69.99197387695312,87.77999877929688,88.88999938964844,87.69999694824219,88.55999755859375,14314300,JNK
2022-09-27,69.82455444335938,87.56999969482422,88.55000305175781,87.41999816894531,88.55000305175781,12998900,JNK
2022-09-28,70.93289184570312,88.95999908447266,89.16999816894531,87.87000274658203,88.05999755859375,13058800,JNK
2022-09-29,70.36675262451172,88.25,88.54000091552734,87.7300033569336,88.5199966430664,8850200,JNK
2022-09-30,70.04783630371094,87.8499984741211,88.83999633789062,87.69999694824219,88.33000183105469,6294500,JNK
2022-10-03,70.76531982421875,88.2699966430664,88.5,87.76000213623047,88.01000213623047,11519500,JNK
2022-10-04,72.28853607177734,90.16999816894531,90.19999694824219,89.27999877929688,89.33000183105469,7552300,JNK
2022-10-05,72.04000854492188,89.86000061035156,90.08000183105469,89.0999984741211,89.3499984741211,5714200,JNK
2022-10-06,71.8075180053711,89.56999969482422,90.13999938964844,89.5,89.8499984741211,6514200,JNK
2022-10-07,71.0058364868164,88.56999969482422,89.33000183105469,88.55999755859375,89.20999908447266,6324900,JNK
2022-10-10,70.10791778564453,87.44999694824219,88.56999969482422,87.0199966430664,88.4800033569336,4814600,JNK
2022-10-11,70.32438659667969,87.72000122070312,88.37999725341797,87.45999908447266,87.58000183105469,10130800,JNK
2022-10-12,70.46070098876953,87.88999938964844,88.16999816894531,87.69000244140625,87.88999938964844,5861800,JNK
2022-10-13,70.59698486328125,88.05999755859375,88.25,86.27999877929688,86.58000183105469,7327000,JNK
2022-10-14,70.34041595458984,87.73999786376953,88.80000305175781,87.55000305175781,88.54000091552734,7471800,JNK
2022-10-17,71.1982192993164,88.80999755859375,89.08000183105469,88.52999877929688,88.58000183105469,7332200,JNK
2022-10-18,71.70327758789062,89.44000244140625,89.9800033569336,89.08000183105469,89.7300033569336,9850500,JNK
2022-10-19,71.06995391845703,88.6500015258789,89.13999938964844,88.33999633789062,88.97000122070312,5498700,JNK
2022-10-20,70.63705444335938,88.11000061035156,89.27999877929688,87.98999786376953,88.83000183105469,8320100,JNK
2022-10-21,71.16617584228516,88.7699966430664,89.04000091552734,87.79000091552734,87.91999816894531,10444100,JNK
2022-10-24,71.35856628417969,89.01000213623047,89.16999816894531,88.4800033569336,88.94999694824219,7349100,JNK
2022-10-25,71.99191284179688,89.80000305175781,89.81999969482422,89.16999816894531,89.2300033569336,9536800,JNK
2022-10-26,72.16828918457031,90.0199966430664,90.37999725341797,89.4800033569336,89.58000183105469,9913000,JNK
2022-10-27,72.75352478027344,90.75,90.95999908447266,89.97000122070312,90.31999969482422,15063600,JNK
2022-10-28,73.30669403076172,91.44000244140625,91.61000061035156,90.91000366210938,91.19999694824219,34620100,JNK
2022-10-31,72.19234466552734,90.05000305175781,91.0,90.01000213623047,90.87999725341797,12130100,JNK
2022-11-01,72.65245056152344,90.16000366210938,90.62000274658203,89.66000366210938,90.56999969482422,12149800,JNK
2022-11-02,71.97554779052734,89.31999969482422,91.05000305175781,89.2699966430664,90.0999984741211,13962300,JNK
2022-11-03,71.54850006103516,88.79000091552734,89.02999877929688,88.05999755859375,88.22000122070312,11808700,JNK
2022-11-04,71.983642578125,89.33000183105469,89.73999786376953,88.7300033569336,89.33999633789062,11264600,JNK
2022-11-07,71.983642578125,89.33000183105469,89.63999938964844,89.06999969482422,89.4800033569336,6133000,JNK
2022-11-08,71.83858489990234,89.1500015258789,89.54000091552734,88.95999908447266,89.33000183105469,10279100,JNK
2022-11-09,70.98442077636719,88.08999633789062,89.08999633789062,87.91999816894531,89.05000305175781,11407900,JNK
2022-11-10,73.20039367675781,90.83999633789062,90.88999938964844,89.91999816894531,90.51000213623047,18266500,JNK
2022-11-11,73.45825958251953,91.16000366210938,91.44000244140625,90.5199966430664,90.91999816894531,6021000,JNK
2022-11-14,72.88615417480469,90.44999694824219,91.0199966430664,90.44999694824219,91.0199966430664,8685300,JNK
2022-11-15,73.69195556640625,91.44999694824219,91.58999633789062,90.81999969482422,91.56999969482422,15907400,JNK
2022-11-16,73.49049377441406,91.19999694824219,91.47000122070312,91.12000274658203,91.37999725341797,8437900,JNK
2022-11-17,73.15205383300781,90.77999877929688,90.91000366210938,90.37999725341797,90.38999938964844,8376800,JNK
2022-11-18,73.34545135498047,91.0199966430664,91.26000213623047,90.73999786376953,91.22000122070312,10139600,JNK
2022-11-21,73.28099060058594,90.94000244140625,91.16000366210938,90.76000213623047,90.88999938964844,8761800,JNK
2022-11-22,73.8531265258789,91.6500015258789,91.66000366210938,91.04000091552734,91.19000244140625,6290300,JNK
2022-11-23,74.26409912109375,92.16000366210938,92.2699966430664,91.56999969482422,91.5999984741211,5456000,JNK
2022-11-25,74.08679962158203,91.94000244140625,92.2300033569336,91.83000183105469,92.20999908447266,1980000,JNK
2022-11-28,73.32128143310547,90.98999786376953,91.87000274658203,90.95999908447266,91.7699966430664,7446500,JNK
2022-11-29,73.65973663330078,91.41000366210938,91.5,90.80999755859375,91.08999633789062,7366600,JNK
2022-11-30,74.80397033691406,92.83000183105469,92.83999633789062,91.19999694824219,91.41999816894531,10897800,JNK
2022-12-01,75.00335693359375,92.55000305175781,92.61000061035156,92.05000305175781,92.61000061035156,10624600,JNK
2022-12-02,75.00335693359375,92.55000305175781,92.58000183105469,91.80999755859375,91.9000015258789,10759600,JNK
2022-12-05,74.31449890136719,91.69999694824219,92.23999786376953,91.47000122070312,92.2300033569336,7544800,JNK
2022-12-06,73.96603393554688,91.2699966430664,91.8499984741211,91.16999816894531,91.7300033569336,7952100,JNK
2022-12-07,74.3307113647461,91.72000122070312,91.87000274658203,91.2699966430664,91.2699966430664,6129000,JNK
2022-12-08,74.41173553466797,91.81999969482422,91.95999908447266,91.54000091552734,91.9000015258789,5848700,JNK
2022-12-09,74.45226287841797,91.87000274658203,92.18000030517578,91.5999984741211,91.6500015258789,7279500,JNK
2022-12-12,74.7035140991211,92.18000030517578,92.27999877929688,91.91999816894531,92.0999984741211,4346700,JNK
2022-12-13,75.51390075683594,93.18000030517578,93.87000274658203,92.62000274658203,93.62999725341797,12476500,JNK
2022-12-14,75.11680603027344,92.69000244140625,93.29000091552734,92.06999969482422,93.22000122070312,10749800,JNK
2022-12-15,74.8007583618164,92.30000305175781,92.44000244140625,91.8499984741211,92.30999755859375,6767900,JNK
2022-12-16,74.4198226928711,91.83000183105469,92.05000305175781,91.56999969482422,91.87000274658203,9097500,JNK
2022-12-19,74.04063415527344,90.79000091552734,91.08999633789062,90.5999984741211,90.81999969482422,6416600,JNK
2022-12-20,73.81228637695312,90.51000213623047,90.73999786376953,90.11000061035156,90.38999938964844,5925100,JNK
2022-12-21,74.46469116210938,91.30999755859375,91.44999694824219,90.8499984741211,90.9000015258789,5622300,JNK
2022-12-22,73.96723937988281,90.69999694824219,91.08000183105469,90.4000015258789,91.08000183105469,7904100,JNK
2022-12-23,74.1955795288086,90.9800033569336,91.02999877929688,90.33999633789062,90.33999633789062,6014300,JNK
2022-12-27,73.38008117675781,89.9800033569336,90.9800033569336,89.97000122070312,90.9800033569336,4848700,JNK
2022-12-28,72.3117446899414,88.66999816894531,90.25,88.66999816894531,90.16000366210938,10456900,JNK
2022-12-29,73.34745025634766,89.94000244140625,89.97000122070312,88.9000015258789,89.30999755859375,10216300,JNK
2022-12-30,73.39637756347656,90.0,90.05999755859375,89.56999969482422,89.70999908447266,6459100,JNK
2023-01-03,73.54315185546875,90.18000030517578,90.68000030517578,90.0199966430664,90.51000213623047,7580400,JNK
2023-01-04,74.4483871459961,91.29000091552734,91.33999633789062,90.4800033569336,90.83000183105469,9397600,JNK
2023-01-05,74.30976867675781,91.12000274658203,91.22000122070312,90.7699966430664,90.83999633789062,7616200,JNK
2023-01-06,75.38623046875,92.44000244140625,92.75,91.44000244140625,91.62999725341797,13860600,JNK
2023-01-09,75.71244049072266,92.83999633789062,92.9800033569336,92.58000183105469,92.72000122070312,11436600,JNK
2023-01-10,75.61457824707031,92.72000122070312,92.94000244140625,92.5199966430664,92.70999908447266,6315900,JNK
2023-01-11,76.1528091430664,93.37999725341797,93.4000015258789,92.94000244140625,93.08000183105469,6302700,JNK
2023-01-12,76.56057739257812,93.87999725341797,93.9800033569336,93.1500015258789,93.63999938964844,7904200,JNK
2023-01-13,76.6258316040039,93.95999908447266,94.11000061035156,93.41999816894531,93.41999816894531,9905700,JNK
2023-01-17,76.40562438964844,93.69000244140625,93.88999938964844,93.55999755859375,93.80999755859375,7199300,JNK
2023-01-18,76.47901153564453,93.77999877929688,94.5199966430664,93.72000122070312,94.23999786376953,7616800,JNK
2023-01-19,75.97341918945312,93.16000366210938,93.54000091552734,93.06999969482422,93.37999725341797,8192600,JNK
2023-01-20,76.16099548339844,93.38999938964844,93.38999938964844,92.8499984741211,93.26000213623047,7524000,JNK
2023-01-23,76.06310272216797,93.2699966430664,93.62000274658203,93.13999938964844,93.27999877929688,5153700,JNK
2023-01-24,76.16099548339844,93.38999938964844,93.43000030517578,92.98999786376953,93.12000274658203,4948100,JNK
2023-01-25,76.16099548339844,93.38999938964844,93.47000122070312,92.9800033569336,93.12000274658203,5979600,JNK
2023-01-26,76.3567123413086,93.62999725341797,93.69999694824219,93.23999786376953,93.52999877929688,7797700,JNK
2023-01-27,76.16099548339844,93.38999938964844,93.56999969482422,93.19000244140625,93.36000061035156,8356900,JNK
2023-01-30,75.76136779785156,92.9000015258789,93.23999786376953,92.87999725341797,93.12000274658203,4564000,JNK
2023-01-31,76.3567123413086,93.62999725341797,93.62999725341797,93.04000091552734,93.04000091552734,8814700,JNK
2023-02-01,77.06817626953125,94.0199966430664,94.3499984741211,92.94999694824219,93.12000274658203,11313900,JNK
2023-02-02,77.5682144165039,94.62999725341797,94.83999633789062,94.47000122070312,94.80000305175781,11691500,JNK
2023-02-03,76.78130340576172,93.66999816894531,94.26000213623047,93.63999938964844,94.02999877929688,11319000,JNK
2023-02-06,76.33045196533203,93.12000274658203,93.31999969482422,93.0,93.30000305175781,6153000,JNK
2023-02-07,76.62555694580078,93.4800033569336,93.69999694824219,92.97000122070312,92.98999786376953,9792200,JNK
2023-02-08,76.33045196533203,93.12000274658203,93.44000244140625,92.9000015258789,93.27999877929688,7233600,JNK
2023-02-09,75.78123474121094,92.44999694824219,93.38999938964844,92.43000030517578,93.30000305175781,10584500,JNK
2023-02-10,75.19112396240234,91.7300033569336,92.29000091552734,91.62000274658203,92.12000274658203,10315100,JNK
2023-02-13,75.40420532226562,91.98999786376953,92.27999877929688,91.70999908447266,91.83000183105469,11064800,JNK
2023-02-14,75.41241455078125,92.0,92.22000122070312,91.44999694824219,91.87999725341797,8297500,JNK
2023-02-15,75.29763793945312,91.86000061035156,91.88999938964844,91.47000122070312,91.7300033569336,12888100,JNK
2023-02-16,74.65827178955078,91.08000183105469,91.47000122070312,91.0,91.47000122070312,20721800,JNK
2023-02-17,74.9041976928711,91.37999725341797,91.58000183105469,90.5199966430664,90.68000030517578,22064600,JNK
2023-02-21,73.72382354736328,89.94000244140625,90.72000122070312,89.58999633789062,90.62000274658203,21320600,JNK
2023-02-22,74.26480865478516,90.5999984741211,90.93000030517578,90.2300033569336,90.2300033569336,19434300,JNK
2023-02-23,75.0107421875,91.51000213623047,91.63999938964844,90.9000015258789,90.9800033569336,8112400,JNK
2023-02-24,74.57630157470703,90.9800033569336,91.12999725341797,90.58000183105469,90.72000122070312,10289200,JNK
2023-02-27,75.05174255371094,91.55999755859375,91.69999694824219,91.23999786376953,91.30000305175781,11241700,JNK
2023-02-28,74.91239166259766,91.38999938964844,91.48999786376953,91.26000213623047,91.41999816894531,5876900,JNK
2023-03-01,74.69805908203125,90.62000274658203,90.91000366210938,90.4000015258789,90.91000366210938,7943700,JNK
2023-03-02,74.73929595947266,90.66999816894531,90.80999755859375,90.0999984741211,90.19999694824219,7619000,JNK
2023-03-03,75.5058822631836,91.5999984741211,91.73999786376953,90.97000122070312,91.11000061035156,9086100,JNK
2023-03-06,75.56359100341797,91.66999816894531,91.94999694824219,91.58000183105469,91.73999786376953,7973300,JNK
2023-03-07,75.07723999023438,91.08000183105469,91.70999908447266,91.06999969482422,91.69999694824219,7568100,JNK
2023-03-08,74.69805908203125,90.62000274658203,91.2300033569336,90.44000244140625,91.01000213623047,9483500,JNK
2023-03-09,74.2364501953125,90.05999755859375,91.06999969482422,89.94999694824219,90.69999694824219,13965800,JNK
2023-03-10,74.21170806884766,90.02999877929688,90.6500015258789,89.69999694824219,90.08999633789062,13675800,JNK
2023-03-13,73.83251953125,89.56999969482422,90.68000030517578,89.27999877929688,89.83000183105469,12999900,JNK
2023-03-14,74.40956115722656,90.2699966430664,90.63999938964844,89.87000274658203,90.26000213623047,10239500,JNK
2023-03-15,74.07158660888672,89.86000061035156,89.94999694824219,89.12000274658203,89.2300033569336,14736300,JNK
2023-03-16,74.55794525146484,90.44999694824219,90.66000366210938,89.4000015258789,89.4000015258789,9364800,JNK
2023-03-17,74.11282348632812,89.91000366210938,91.0,89.76000213623047,90.0,10148100,JNK
2023-03-20,73.91497802734375,89.66999816894531,90.16999816894531,89.55999755859375,89.91000366210938,6394300,JNK
2023-03-21,74.75575256347656,90.69000244140625,90.81999969482422,90.16000366210938,90.41999816894531,8515800,JNK
2023-03-22,74.83821105957031,90.79000091552734,91.76000213623047,90.3499984741211,90.83999633789062,16284200,JNK
2023-03-23,74.59090423583984,90.48999786376953,91.23999786376953,90.16999816894531,90.66999816894531,9072300,JNK
2023-03-24,74.38484954833984,90.23999786376953,90.41999816894531,90.0199966430664,90.12999725341797,8894100,JNK
2023-03-27,74.26942443847656,90.0999984741211,90.62999725341797,90.06999969482422,90.38999938964844,6638400,JNK
2023-03-28,74.25293731689453,90.08000183105469,90.13999938964844,89.75,89.97000122070312,6668300,JNK
2023-03-29,75.12670135498047,91.13999938964844,91.19000244140625,90.3499984741211,90.37000274658203,8579400,JNK
2023-03-30,75.62127685546875,91.73999786376953,91.75,91.1500015258789,91.43000030517578,6932600,JNK
2023-03-31,76.51153564453125,92.81999969482422,92.8499984741211,91.88999938964844,91.88999938964844,14994100,JNK
2023-04-03,76.44856262207031,92.29000091552734,92.4000015258789,91.97000122070312,92.29000091552734,10463800,JNK
2023-04-04,76.18347930908203,91.97000122070312,92.4000015258789,91.94000244140625,92.37000274658203,12885200,JNK
2023-04-05,75.75275421142578,91.44999694824219,92.01000213623047,91.31999969482422,92.0,12247400,JNK
2023-04-06,76.11724853515625,91.88999938964844,92.01000213623047,91.19000244140625,91.45999908447266,10350000,JNK
2023-04-10,75.96812438964844,91.70999908447266,91.80999755859375,91.31999969482422,91.68000030517578,9664600,JNK
2023-04-11,76.18347930908203,91.97000122070312,92.1500015258789,91.70999908447266,91.80999755859375,6563500,JNK
2023-04-12,76.1338119506836,91.91000366210938,92.55000305175781,91.86000061035156,92.51000213623047,8284400,JNK
2023-04-13,76.71363830566406,92.61000061035156,92.83999633789062,92.12000274658203,92.16000366210938,33827500,JNK
2023-04-14,76.52313232421875,92.37999725341797,92.72000122070312,92.12999725341797,92.56999969482422,10099400,JNK
2023-04-17,76.31604766845703,92.12999725341797,92.2699966430664,91.83000183105469,92.22000122070312,7307800,JNK
2023-04-18,76.39889526367188,92.2300033569336,92.52999877929688,92.04000091552734,92.30000305175781,5151600,JNK
2023-04-19,76.11724853515625,91.88999938964844,92.05999755859375,91.79000091552734,91.93000030517578,5054100,JNK
2023-04-20,76.06755065917969,91.83000183105469,91.91999816894531,91.52999877929688,91.52999877929688,3930000,JNK
2023-04-21,76.27461242675781,92.08000183105469,92.16000366210938,91.70999908447266,91.94000244140625,6451900,JNK
2023-04-24,76.49828338623047,92.3499984741211,92.41000366210938,92.05000305175781,92.25,5963400,JNK
2023-04-25,76.35746765136719,92.18000030517578,92.45999908447266,92.08000183105469,92.3499984741211,6849200,JNK
2023-04-26,76.05926513671875,91.81999969482422,92.20999908447266,91.70999908447266,92.12999725341797,7100200,JNK
2023-04-27,76.31604766845703,92.12999725341797,92.38999938964844,91.83999633789062,92.12999725341797,6370000,JNK
2023-04-28,76.61425018310547,92.48999786376953,92.69000244140625,92.2699966430664,92.31999969482422,6786600,JNK
2023-05-01,76.28108978271484,91.58999633789062,91.95999908447266,91.47000122070312,91.83999633789062,9543500,JNK
2023-05-02,76.2561264038086,91.55999755859375,91.69000244140625,91.22000122070312,91.62000274658203,7238500,JNK
2023-05-03,76.16448974609375,91.44999694824219,92.08999633789062,91.44000244140625,91.66999816894531,8232500,JNK
2023-05-04,75.93963623046875,91.18000030517578,91.26000213623047,90.83999633789062,91.2300033569336,8203500,JNK
2023-05-05,76.3310775756836,91.6500015258789,91.80000305175781,91.33999633789062,91.4800033569336,5907600,JNK
2023-05-08,76.18114471435547,91.47000122070312,91.62999725341797,91.19999694824219,91.62999725341797,5314700,JNK
2023-05-09,75.99791717529297,91.25,91.36000061035156,91.12999725341797,91.30000305175781,4694000,JNK
2023-05-10,76.44766235351562,91.79000091552734,91.91999816894531,91.4800033569336,91.79000091552734,6867400,JNK
2023-05-11,76.33941650390625,91.66000366210938,91.75,91.55000305175781,91.7300033569336,3867600,JNK
2023-05-12,76.05621337890625,91.31999969482422,91.79000091552734,91.18000030517578,91.6500015258789,6958900,JNK
2023-05-15,76.0728759765625,91.33999633789062,91.44000244140625,91.19999694824219,91.3499984741211,4895300,JNK
2023-05-16,75.53153228759766,90.69000244140625,91.12999725341797,90.61000061035156,91.06999969482422,8177700,JNK
2023-05-17,75.70643615722656,90.9000015258789,91.20999908447266,90.7300033569336,90.80000305175781,5546400,JNK
2023-05-18,75.73975372314453,90.94000244140625,91.01000213623047,90.55999755859375,90.66999816894531,5056100,JNK
2023-05-19,75.78138732910156,90.98999786376953,91.22000122070312,90.87999725341797,90.88999938964844,8463500,JNK
2023-05-22,76.11453247070312,91.38999938964844,91.55000305175781,91.05999755859375,91.05999755859375,7194100,JNK
2023-05-23,75.73975372314453,90.94000244140625,91.31999969482422,90.83000183105469,91.18000030517578,7275900,JNK
2023-05-24,75.20674133300781,90.30000305175781,90.80999755859375,90.08000183105469,90.72000122070312,8761700,JNK
2023-05-25,75.13176727294922,90.20999908447266,90.62000274658203,90.18000030517578,90.61000061035156,7021200,JNK
2023-05-26,75.60649108886719,90.77999877929688,90.8499984741211,90.26000213623047,90.31999969482422,6411400,JNK
2023-05-30,75.92298126220703,91.16000366210938,91.20999908447266,90.87999725341797,91.20999908447266,6329000,JNK
2023-05-31,75.65645599365234,90.83999633789062,91.05000305175781,90.68000030517578,90.91000366210938,7077700,JNK
2023-06-01,76.16242980957031,90.91999816894531,90.9800033569336,90.33999633789062,90.38999938964844,9280300,JNK
2023-06-02,76.54774475097656,91.37999725341797,91.55999755859375,91.01000213623047,91.2300033569336,10203200,JNK
2023-06-05,76.45561981201172,91.2699966430664,91.3499984741211,91.06999969482422,91.33000183105469,7425600,JNK
2023-06-06,76.62315368652344,91.47000122070312,91.5,91.05999755859375,91.22000122070312,6176800,JNK
2023-06-07,76.22943878173828,91.0,91.69000244140625,90.88999938964844,91.55999755859375,8158500,JNK
2023-06-08,76.72367095947266,91.58999633789062,91.5999984741211,90.9800033569336,90.9800033569336,7125500,JNK
2023-06-09,76.7320327758789,91.5999984741211,91.79000091552734,91.56999969482422,91.62000274658203,8677200,JNK
2023-06-12,76.68179321289062,91.54000091552734,91.7300033569336,91.33000183105469,91.68000030517578,9344400,JNK
2023-06-13,76.7906723022461,91.66999816894531,91.91999816894531,91.55000305175781,91.70999908447266,7104100,JNK
2023-06-14,76.84931182861328,91.73999786376953,92.01000213623047,91.29000091552734,91.75,8465300,JNK
2023-06-15,77.20116424560547,92.16000366210938,92.18000030517578,91.80000305175781,91.93000030517578,10476300,JNK
2023-06-16,76.9917221069336,91.91000366210938,92.1500015258789,91.86000061035156,92.1500015258789,5403700,JNK
2023-06-20,76.7906723022461,91.66999816894531,91.93000030517578,91.66999816894531,91.86000061035156,5713400,JNK
2023-06-21,76.60639953613281,91.44999694824219,91.61000061035156,91.2699966430664,91.48999786376953,6862300,JNK
2023-06-22,76.38021850585938,91.18000030517578,91.31999969482422,91.08999633789062,91.23999786376953,5619200,JNK
2023-06-23,76.14568328857422,90.9000015258789,91.05999755859375,90.75,90.94999694824219,4754900,JNK
2023-06-26,76.2880630493164,91.06999969482422,91.1500015258789,90.86000061035156,90.98999786376953,6627200,JNK
2023-06-27,76.51422882080078,91.33999633789062,91.44000244140625,91.0999984741211,91.1500015258789,6312500,JNK
2023-06-28,76.95821380615234,91.87000274658203,91.87000274658203,91.2699966430664,91.4000015258789,6037000,JNK
2023-06-29,76.7571792602539,91.62999725341797,91.63999938964844,91.26000213623047,91.5,7734400,JNK
2023-06-30,77.09224700927734,92.02999877929688,92.27999877929688,91.86000061035156,91.94999694824219,8812200,JNK
2023-07-03,77.04508972167969,91.4800033569336,91.61000061035156,91.3499984741211,91.61000061035156,4006500,JNK
2023-07-05,76.7840347290039,91.16999816894531,91.44999694824219,91.02999877929688,91.41000366210938,8569400,JNK
2023-07-06,76.23657989501953,90.5199966430664,90.55999755859375,90.23999786376953,90.51000213623047,9427300,JNK
2023-07-07,76.29549407958984,90.58999633789062,91.13999938964844,90.33999633789062,90.33999633789062,9675400,JNK
2023-07-10,76.64927673339844,91.01000213623047,91.12000274658203,90.62999725341797,90.63999938964844,8166500,JNK
2023-07-11,77.04508972167969,91.4800033569336,91.48999786376953,91.11000061035156,91.20999908447266,6652200,JNK
2023-07-12,77.67675018310547,92.2300033569336,92.33999633789062,92.0,92.0,11186500,JNK
2023-07-13,78.14838409423828,92.79000091552734,92.91000366210938,92.51000213623047,92.69000244140625,9669800,JNK
2023-07-14,77.60094451904297,92.13999938964844,92.7699966430664,92.08000183105469,92.72000122070312,7127000,JNK
2023-07-17,77.75254821777344,92.31999969482422,92.44000244140625,92.0,92.11000061035156,4686300,JNK
2023-07-18,77.94625854492188,92.55000305175781,92.69999694824219,92.36000061035156,92.4000015258789,7835600,JNK
2023-07-19,78.01362609863281,92.62999725341797,92.80999755859375,92.58000183105469,92.61000061035156,4847400,JNK
2023-07-20,77.7020034790039,92.26000213623047,92.37999725341797,91.98999786376953,92.33999633789062,5435300,JNK
2023-07-21,77.87045288085938,92.45999908447266,92.63999938964844,92.30000305175781,92.31999969482422,7344600,JNK
2023-07-24,77.72727966308594,92.29000091552734,92.72000122070312,92.29000091552734,92.5,4423400,JNK
2023-07-25,77.67675018310547,92.2300033569336,92.36000061035156,92.0999984741211,92.22000122070312,5415800,JNK
2023-07-26,78.03047180175781,92.6500015258789,92.75,92.19000244140625,92.2699966430664,7947400,JNK
2023-07-27,77.42408752441406,91.93000030517578,92.91000366210938,91.75,92.83000183105469,10458100,JNK
2023-07-28,77.87045288085938,92.45999908447266,92.55000305175781,92.2699966430664,92.33000183105469,5542700,JNK
2023-07-31,78.11470031738281,92.75,92.8499984741211,92.58000183105469,92.61000061035156,5026900,JNK
2023-08-01,77.67428588867188,91.70999908447266,92.05999755859375,91.62999725341797,92.05999755859375,6976500,JNK
2023-08-02,77.36936950683594,91.3499984741211,91.43000030517578,91.0999984741211,91.4000015258789,6354000,JNK
2023-08-03,77.10682678222656,91.04000091552734,91.20999908447266,90.87999725341797,91.0,7921400,JNK
2023-08-04,77.55570983886719,91.56999969482422,91.94000244140625,91.48999786376953,91.62000274658203,9497100,JNK
2023-08-07,77.71662902832031,91.76000213623047,91.80000305175781,91.51000213623047,91.77999877929688,3654500,JNK
2023-08-08,77.85215759277344,91.91999816894531,92.0,91.58999633789062,91.73999786376953,8316700,JNK
2023-08-09,77.86060333251953,91.93000030517578,92.06999969482422,91.75,91.93000030517578,6529800,JNK
2023-08-10,77.8182373046875,91.87999725341797,92.41000366210938,91.66000366210938,92.19000244140625,11190600,JNK
2023-08-11,77.70814514160156,91.75,91.81999969482422,91.4800033569336,91.62000274658203,6174400,JNK
2023-08-14,77.71662902832031,91.76000213623047,91.91999816894531,91.4800033569336,91.62000274658203,8179700,JNK
2023-08-15,77.47101593017578,91.47000122070312,91.73999786376953,91.44999694824219,91.58000183105469,8657800,JNK
2023-08-16,77.26775360107422,91.2300033569336,91.69000244140625,91.19999694824219,91.47000122070312,17441500,JNK
2023-08-17,76.90357971191406,90.80000305175781,91.30999755859375,90.63999938964844,91.2699966430664,16681900,JNK
2023-08-18,76.93740844726562,90.83999633789062,91.16999816894531,90.58999633789062,90.5999984741211,7923900,JNK
2023-08-21,76.96284484863281,90.87000274658203,90.93000030517578,90.58999633789062,90.80999755859375,6346000,JNK
2023-08-22,77.00518035888672,90.91999816894531,91.08999633789062,90.83999633789062,91.05999755859375,4675200,JNK
2023-08-23,77.64038848876953,91.66999816894531,91.80999755859375,91.26000213623047,91.26000213623047,7450200,JNK
2023-08-24,77.18303680419922,91.12999725341797,91.72000122070312,91.05999755859375,91.70999908447266,5549400,JNK
2023-08-25,77.50487518310547,91.51000213623047,91.6500015258789,91.11000061035156,91.23999786376953,7969600,JNK
2023-08-28,77.835205078125,91.9000015258789,91.95999908447266,91.6500015258789,91.7300033569336,5707900,JNK
2023-08-29,78.31797790527344,92.47000122070312,92.48999786376953,91.76000213623047,91.80000305175781,9102900,JNK
2023-08-30,78.301025390625,92.44999694824219,92.63999938964844,92.37999725341797,92.5199966430664,7039300,JNK
2023-08-31,78.30948638916016,92.45999908447266,92.5199966430664,92.26000213623047,92.37000274658203,5730400,JNK
2023-09-01,78.34527587890625,91.98999786376953,92.29000091552734,91.80999755859375,92.08000183105469,6341100,JNK
2023-09-05,77.88536071777344,91.44999694824219,91.94999694824219,91.4000015258789,91.94999694824219,7499500,JNK
2023-09-06,77.7746353149414,91.31999969482422,91.44999694824219,91.08000183105469,91.44999694824219,8299100,JNK
2023-09-07,78.00459289550781,91.58999633789062,91.5999984741211,91.11000061035156,91.11000061035156,8330700,JNK
2023-09-08,77.93647003173828,91.51000213623047,91.81999969482422,91.44000244140625,91.70999908447266,6906700,JNK
2023-09-11,78.03014373779297,91.62000274658203,91.66000366210938,91.44000244140625,91.62000274658203,6025500,JNK
2023-09-12,77.9449691772461,91.5199966430664,91.68000030517578,91.43000030517578,91.4800033569336,5837800,JNK
2023-09-13,78.14085388183594,91.75,91.87000274658203,91.54000091552734,91.54000091552734,5726000,JNK
2023-09-14,78.25159454345703,91.87999725341797,91.9800033569336,91.75,91.94999694824219,7379200,JNK
2023-09-15,77.99608612060547,91.58000183105469,91.77999877929688,91.54000091552734,91.5999984741211,7372400,JNK
2023-09-18,78.01312255859375,91.5999984741211,91.69000244140625,91.5,91.5199966430664,4641500,JNK
2023-09-19,77.81724548339844,91.37000274658203,91.54000091552734,91.27999877929688,91.4000015258789,5843500,JNK
2023-09-20,77.72354888916016,91.26000213623047,91.70999908447266,91.23999786376953,91.55000305175781,7060000,JNK
2023-09-21,77.17848205566406,90.62000274658203,90.94999694824219,90.5999984741211,90.87000274658203,11285100,JNK
2023-09-22,77.29772186279297,90.76000213623047,91.08999633789062,90.7300033569336,90.7699966430664,10555500,JNK
2023-09-25,77.18697357177734,90.62999725341797,90.77999877929688,90.41000366210938,90.48999786376953,8635200,JNK
2023-09-26,76.82076263427734,90.19999694824219,90.58999633789062,90.13999938964844,90.5,10719400,JNK
2023-09-27,76.7100601196289,90.06999969482422,90.52999877929688,89.91999816894531,90.44000244140625,11470800,JNK
2023-09-28,77.04219818115234,90.45999908447266,90.52999877929688,89.86000061035156,90.04000091552734,8217200,JNK
2023-09-29,76.9911117553711,90.4000015258789,90.94000244140625,90.33999633789062,90.9000015258789,12216400,JNK
2023-10-02,76.52088165283203,89.33999633789062,89.69000244140625,89.20999908447266,89.6500015258789,17973600,JNK
2023-10-03,75.74143981933594,88.43000030517578,89.19000244140625,88.37000274658203,89.0,14311800,JNK
2023-10-04,76.02411651611328,88.76000213623047,88.9000015258789,88.31999969482422,88.72000122070312,46175000,JNK
2023-10-05,76.12689208984375,88.87999725341797,88.9800033569336,88.63999938964844,88.70999908447266,14096900,JNK
2023-10-06,76.26392364501953,89.04000091552734,89.18000030517578,88.30000305175781,88.43000030517578,14645500,JNK
2023-10-09,76.8292007446289,89.69999694824219,89.73999786376953,89.06999969482422,89.06999969482422,8491900,JNK
2023-10-10,76.84636688232422,89.72000122070312,89.94999694824219,89.3499984741211,89.43000030517578,14646500,JNK
2023-10-11,76.88059997558594,89.76000213623047,90.0,89.33000183105469,89.93000030517578,9031700,JNK
2023-10-12,76.44378662109375,89.25,89.66000366210938,89.0,89.62999725341797,12197400,JNK
2023-10-13,76.37525939941406,89.16999816894531,89.7699966430664,89.08999633789062,89.63999938964844,10090500,JNK
2023-10-16,76.34957122802734,89.13999938964844,89.36000061035156,89.06999969482422,89.0999984741211,8622800,JNK
2023-10-17,75.9898452758789,88.72000122070312,88.98999786376953,88.5999984741211,88.75,9423500,JNK
2023-10-18,75.5958480834961,88.26000213623047,88.7699966430664,88.22000122070312,88.5999984741211,9025500,JNK
2023-10-19,75.33889770507812,87.95999908447266,88.68000030517578,87.94999694824219,88.33000183105469,11498600,JNK
2023-10-20,75.45880126953125,88.0999984741211,88.30999755859375,87.97000122070312,88.04000091552734,9869300,JNK
2023-10-23,75.76714324951172,88.45999908447266,88.69000244140625,87.80000305175781,87.87999725341797,7845000,JNK
2023-10-24,76.15258026123047,88.91000366210938,88.95999908447266,88.58999633789062,88.69000244140625,7739400,JNK
2023-10-25,75.78425598144531,88.4800033569336,88.77999877929688,88.3499984741211,88.75,10243600,JNK
2023-10-26,76.02411651611328,88.76000213623047,88.88999938964844,88.30999755859375,88.36000061035156,8869500,JNK
2023-10-27,75.89562225341797,88.61000061035156,88.94000244140625,88.47000122070312,88.87999725341797,10484300,JNK
2023-10-30,75.91275787353516,88.62999725341797,88.80999755859375,88.52999877929688,88.63999938964844,6721500,JNK
2023-10-31,76.16116333007812,88.91999816894531,89.18000030517578,88.63999938964844,88.63999938964844,12154700,JNK
2023-11-01,76.86832427978516,89.23999786376953,89.26000213623047,88.55999755859375,88.55999755859375,13927900,JNK
2023-11-02,77.71249389648438,90.22000122070312,90.37999725341797,89.72000122070312,89.72000122070312,13005500,JNK
2023-11-03,78.591064453125,91.23999786376953,91.26000213623047,90.66000366210938,90.97000122070312,14638200,JNK
2023-11-06,78.31542205810547,90.91999816894531,91.18000030517578,90.73999786376953,90.95999908447266,29125500,JNK
2023-11-07,78.21207427978516,90.80000305175781,90.94999694824219,90.56999969482422,90.66999816894531,13276300,JNK
2023-11-08,78.25514221191406,90.8499984741211,90.93000030517578,90.68000030517578,90.79000091552734,12539800,JNK
2023-11-09,77.73831176757812,90.25,90.87000274658203,90.22000122070312,90.75,9789800,JNK
2023-11-10,78.13452911376953,90.70999908447266,90.72000122070312,90.43000030517578,90.44999694824219,6244600,JNK
2023-11-13,77.99671173095703,90.55000305175781,90.66999816894531,90.37999725341797,90.4800033569336,6600500,JNK
2023-11-14,78.79779052734375,91.4800033569336,91.72000122070312,91.38999938964844,91.38999938964844,11882200,JNK
2023-11-15,78.55659484863281,91.19999694824219,91.5199966430664,91.11000061035156,91.5199966430664,9697800,JNK
2023-11-16,78.66858673095703,91.33000183105469,91.38999938964844,91.12000274658203,91.27999877929688,6178800,JNK
2023-11-17,78.84085845947266,91.52999877929688,91.52999877929688,91.18000030517578,91.36000061035156,6776300,JNK
2023-11-20,78.90113830566406,91.5999984741211,91.75,91.43000030517578,91.44999694824219,5392900,JNK
2023-11-21,79.00450134277344,91.72000122070312,91.73999786376953,91.55999755859375,91.58999633789062,4636600,JNK
2023-11-22,79.20262908935547,91.94999694824219,92.04000091552734,91.66999816894531,91.83999633789062,5564900,JNK
2023-11-24,79.13372802734375,91.87000274658203,91.9000015258789,91.77999877929688,91.88999938964844,1532400,JNK
2023-11-27,79.25430297851562,92.01000213623047,92.05000305175781,91.7699966430664,91.87999725341797,5819300,JNK
2023-11-28,79.54717254638672,92.3499984741211,92.41000366210938,91.9000015258789,91.9800033569336,6148400,JNK
2023-11-29,79.96063995361328,92.83000183105469,93.12999725341797,92.66999816894531,92.75,9195600,JNK
2023-11-30,79.83142852783203,92.68000030517578,92.81999969482422,92.37999725341797,92.81999969482422,8173200,JNK
2023-12-01,80.50271606445312,92.94000244140625,92.94000244140625,91.95999908447266,92.08000183105469,9126200,JNK
2023-12-04,80.30349731445312,92.70999908447266,92.76000213623047,92.37999725341797,92.37999725341797,3905600,JNK
2023-12-05,80.4161148071289,92.83999633789062,92.88999938964844,92.55999755859375,92.55999755859375,3877300,JNK
2023-12-06,80.38145446777344,92.80000305175781,93.01000213623047,92.7699966430664,92.94999694824219,4271400,JNK
2023-12-07,80.52003479003906,92.95999908447266,93.12999725341797,92.87000274658203,92.93000030517578,6103700,JNK
2023-12-08,80.39010620117188,92.80999755859375,92.86000061035156,92.56999969482422,92.61000061035156,7106200,JNK
2023-12-11,80.3294906616211,92.73999786376953,92.77999877929688,92.47000122070312,92.73999786376953,4797100,JNK
2023-12-12,80.54601287841797,92.98999786376953,93.02999877929688,92.51000213623047,92.75,8280200,JNK
2023-12-13,81.74134826660156,94.37000274658203,94.37999725341797,93.06999969482422,93.08999633789062,8382700,JNK
2023-12-14,82.13980102539062,94.83000183105469,95.1500015258789,94.6500015258789,94.88999938964844,9342500,JNK
2023-12-15,81.97523498535156,94.63999938964844,94.80000305175781,94.41000366210938,94.7699966430664,7087800,JNK
2023-12-18,82.04230499267578,94.19000244140625,94.3499984741211,93.87000274658203,94.30000305175781,5908900,JNK
2023-12-19,82.31230926513672,94.5,94.58999633789062,94.2699966430664,94.2699966430664,4371100,JNK
2023-12-20,82.28619384765625,94.47000122070312,94.91000366210938,94.47000122070312,94.58999633789062,4538700,JNK
2023-12-21,82.66072082519531,94.9000015258789,95.01000213623047,94.62000274658203,94.88999938964844,5366600,JNK
2023-12-22,82.58232116699219,94.80999755859375,95.16000366210938,94.7699966430664,95.0999984741211,3523900,JNK
2023-12-26,82.74781036376953,95.0,95.04000091552734,94.83999633789062,94.83999633789062,1668800,JNK
2023-12-27,83.09624481201172,95.4000015258789,95.58999633789062,95.0199966430664,95.1500015258789,3698100,JNK
2023-12-28,82.80008697509766,95.05999755859375,95.38999938964844,94.91999816894531,95.37000274658203,3349300,JNK
2023-12-29,82.51264953613281,94.7300033569336,95.27999877929688,94.7300033569336,94.95999908447266,4821300,JNK
2024-01-02,82.26005554199219,94.44000244140625,94.55000305175781,94.30999755859375,94.37999725341797,6452700,JNK
2024-01-03,81.99003601074219,94.12999725341797,94.33000183105469,93.69999694824219,93.76000213623047,6921500,JNK
2024-01-04,81.66775512695312,93.76000213623047,94.08000183105469,93.7300033569336,93.97000122070312,3843600,JNK
2024-01-05,81.77225494384766,93.87999725341797,94.20999908447266,93.5999984741211,93.5999984741211,5797300,JNK
2024-01-08,82.20779418945312,94.37999725341797,94.45999908447266,93.8499984741211,93.8499984741211,4572200,JNK
2024-01-09,82.3471450805664,94.54000091552734,94.63999938964844,94.16999816894531,94.23999786376953,5452300,JNK
2024-01-10,82.52134704589844,94.73999786376953,94.8499984741211,94.62000274658203,94.69999694824219,8315800,JNK
2024-01-11,82.73042297363281,94.9800033569336,95.0199966430664,94.47000122070312,94.75,8059500,JNK
2024-01-12,82.85233306884766,95.12000274658203,95.37999725341797,95.0,95.16000366210938,4919600,JNK
2024-01-16,82.29489135742188,94.4800033569336,94.94000244140625,94.4000015258789,94.9000015258789,6187900,JNK
2024-01-17,81.98131561279297,94.12000274658203,94.26000213623047,93.93000030517578,94.26000213623047,5805300,JNK
2024-01-18,82.12068176269531,94.27999877929688,94.30999755859375,94.06999969482422,94.2300033569336,5007400,JNK
2024-01-19,82.20779418945312,94.37999725341797,94.41999816894531,93.97000122070312,94.33999633789062,6425900,JNK
2024-01-22,82.3471450805664,94.54000091552734,94.7699966430664,94.44999694824219,94.5199966430664,4349200,JNK
2024-01-23,82.29489135742188,94.4800033569336,94.56999969482422,94.30000305175781,94.55000305175781,6349200,JNK
2024-01-24,82.25133514404297,94.43000030517578,94.80000305175781,94.30999755859375,94.69999694824219,4486600,JNK
2024-01-25,82.86105346679688,95.12999725341797,95.12999725341797,94.63999938964844,94.77999877929688,5285100,JNK
2024-01-26,82.75652313232422,95.01000213623047,95.2300033569336,95.01000213623047,95.11000061035156,4925900,JNK
2024-01-29,82.99171447753906,95.27999877929688,95.36000061035156,94.9800033569336,95.12999725341797,4786000,JNK
2024-01-30,82.86105346679688,95.12999725341797,95.31999969482422,94.91999816894531,95.26000213623047,4222100,JNK
2024-01-31,82.63459777832031,94.87000274658203,95.4000015258789,94.80999755859375,95.12999725341797,8741500,JNK
2024-02-01,83.05679321289062,94.81999969482422,94.97000122070312,94.36000061035156,94.62999725341797,7185600,JNK
2024-02-02,82.73269653320312,94.44999694824219,94.58000183105469,94.2699966430664,94.2699966430664,7061100,JNK
2024-02-05,82.33853149414062,94.0,94.2300033569336,93.81999969482422,94.22000122070312,7441700,JNK
2024-02-06,82.6713638305664,94.37999725341797,94.52999877929688,94.08000183105469,94.08000183105469,6262000,JNK
2024-02-07,82.79400634765625,94.5199966430664,94.66000366210938,94.31999969482422,94.5999984741211,5663900,JNK
2024-02-08,82.81153106689453,94.54000091552734,94.63999938964844,94.41999816894531,94.5199966430664,5003100,JNK
2024-02-09,82.99546813964844,94.75,94.81999969482422,94.45999908447266,94.62000274658203,8006100,JNK
2024-02-12,82.80278015136719,94.52999877929688,94.86000061035156,94.48999786376953,94.56999969482422,4691500,JNK
2024-02-13,82.13705444335938,93.7699966430664,94.0,93.5999984741211,93.77999877929688,7445000,JNK
2024-02-14,82.47867584228516,94.16000366210938,94.2699966430664,93.94999694824219,93.94999694824219,6055300,JNK
2024-02-15,82.7064208984375,94.41999816894531,94.54000091552734,94.19000244140625,94.27999877929688,5432600,JNK
2024-02-16,82.5136947631836,94.19999694824219,94.26000213623047,94.02999877929688,94.19999694824219,4466200,JNK
2024-02-20,82.65384674072266,94.36000061035156,94.43000030517578,94.05000305175781,94.16000366210938,4186600,JNK
2024-02-21,82.52247619628906,94.20999908447266,94.43000030517578,94.05000305175781,94.36000061035156,3763900,JNK
2024-02-22,82.90791320800781,94.6500015258789,94.66999816894531,94.43000030517578,94.5,6819200,JNK
2024-02-23,82.95166015625,94.69999694824219,94.83999633789062,94.63999938964844,94.75,3469700,JNK
2024-02-26,82.69766235351562,94.41000366210938,94.76000213623047,94.37000274658203,94.76000213623047,4442400,JNK
2024-02-27,82.75897216796875,94.4800033569336,94.51000213623047,94.31999969482422,94.5,3916200,JNK
2024-02-28,82.77649688720703,94.5,94.58999633789062,94.36000061035156,94.4000015258789,2649100,JNK
2024-02-29,82.88162994384766,94.62000274658203,94.83000183105469,94.5199966430664,94.62999725341797,4570900,JNK
2024-03-01,83.16261291503906,94.41000366210938,94.5,93.95999908447266,94.06999969482422,7082900,JNK
2024-03-04,83.19786071777344,94.44999694824219,94.51000213623047,94.23999786376953,94.4000015258789,9054600,JNK
2024-03-05,83.1009521484375,94.33999633789062,94.66000366210938,94.31999969482422,94.41999816894531,5659100,JNK
2024-03-06,83.29473876953125,94.55999755859375,94.69000244140625,94.41000366210938,94.55000305175781,5176100,JNK
2024-03-07,83.38284301757812,94.66000366210938,94.80000305175781,94.58000183105469,94.7699966430664,4144100,JNK
2024-03-08,83.41803741455078,94.69999694824219,95.08999633789062,94.68000030517578,94.79000091552734,6891800,JNK
2024-03-11,83.41803741455078,94.69999694824219,94.7300033569336,94.56999969482422,94.68000030517578,3554300,JNK
2024-03-12,83.46208190917969,94.75,94.81999969482422,94.5,94.81999969482422,4302700,JNK
2024-03-13,83.52375793457031,94.81999969482422,95.05999755859375,94.66000366210938,94.73999786376953,4224900,JNK
2024-03-14,83.1097412109375,94.3499984741211,94.83000183105469,94.23999786376953,94.83000183105469,7989600,JNK
2024-03-15,83.1185531616211,94.36000061035156,94.5199966430664,94.19999694824219,94.29000091552734,5499800,JNK
2024-03-18,83.26831817626953,94.52999877929688,94.63999938964844,94.45999908447266,94.58000183105469,2633500,JNK
2024-03-19,83.62065124511719,94.93000030517578,94.94999694824219,94.5,94.5,3844400,JNK
2024-03-20,83.90252685546875,95.25,95.29000091552734,94.80000305175781,94.91000366210938,7672900,JNK
2024-03-21,83.89372253417969,95.23999786376953,95.44000244140625,95.06999969482422,95.37999725341797,6484500,JNK
2024-03-22,83.7791976928711,95.11000061035156,95.43000030517578,95.06999969482422,95.33000183105469,3440500,JNK
2024-03-25,83.69992065429688,95.0199966430664,95.05999755859375,94.87999725341797,95.05000305175781,4082400,JNK
2024-03-26,83.54136657714844,94.83999633789062,95.08999633789062,94.80999755859375,95.05999755859375,2885300,JNK
2024-03-27,83.9906234741211,95.3499984741211,95.3499984741211,94.94999694824219,95.0199966430664,2982700,JNK
2024-03-28,83.85848999023438,95.19999694824219,95.3499984741211,95.08999633789062,95.23999786376953,4443900,JNK
2024-04-01,83.44134521484375,94.22000122070312,94.69000244140625,94.18000030517578,94.69000244140625,4982400,JNK
2024-04-02,83.28195190429688,94.04000091552734,94.06999969482422,93.87000274658203,93.94000244140625,4547800,JNK
2024-04-03,83.32624053955078,94.08999633789062,94.1500015258789,93.80999755859375,93.93000030517578,4728300,JNK
2024-04-04,83.21110534667969,93.95999908447266,94.41000366210938,93.87999725341797,94.27999877929688,4142300,JNK
2024-04-05,83.16683959960938,93.91000366210938,94.05999755859375,93.9000015258789,93.98999786376953,4187600,JNK
2024-04-08,83.38824462890625,94.16000366210938,94.2300033569336,93.9000015258789,93.94000244140625,5265500,JNK
2024-04-09,83.61848449707031,94.41999816894531,94.4800033569336,94.2300033569336,94.36000061035156,6703600,JNK
2024-04-10,82.83915710449219,93.54000091552734,93.91999816894531,93.37000274658203,93.76000213623047,7596000,JNK
2024-04-11,82.75946044921875,93.44999694824219,93.66000366210938,93.20999908447266,93.58999633789062,7295800,JNK
2024-04-12,82.75059509277344,93.44000244140625,93.4800033569336,93.2699966430664,93.37000274658203,6803700,JNK
2024-04-15,82.25466918945312,92.87999725341797,93.5,92.77999877929688,93.4800033569336,4675800,JNK
2024-04-16,81.98014068603516,92.56999969482422,92.83999633789062,92.47000122070312,92.81999969482422,7126000,JNK
2024-04-17,82.08639526367188,92.69000244140625,93.01000213623047,92.62999725341797,92.81999969482422,7747200,JNK
2024-04-18,82.19268798828125,92.80999755859375,92.87999725341797,92.55999755859375,92.69000244140625,4907000,JNK
2024-04-19,82.36092376708984,93.0,93.12000274658203,92.87000274658203,92.93000030517578,7423300,JNK
2024-04-22,82.78602600097656,93.4800033569336,93.5199966430664,93.13999938964844,93.13999938964844,4778500,JNK
2024-04-23,83.1048355102539,93.83999633789062,93.94000244140625,93.47000122070312,93.58000183105469,3304700,JNK
2024-04-24,82.96314239501953,93.68000030517578,93.87000274658203,93.44999694824219,93.83999633789062,4677700,JNK
2024-04-25,82.73287963867188,93.41999816894531,93.44999694824219,92.87999725341797,93.13999938964844,4208800,JNK
2024-04-26,83.0074234008789,93.7300033569336,93.7699966430664,93.41999816894531,93.44999694824219,5454900,JNK
2024-04-29,83.26425170898438,94.0199966430664,94.0199966430664,93.7699966430664,93.7699966430664,5915000,JNK
2024-04-30,82.74174499511719,93.43000030517578,93.91999816894531,93.37999725341797,93.72000122070312,9199700,JNK
2024-05-01,83.10607147216797,93.30000305175781,93.69999694824219,92.8499984741211,92.8499984741211,12350300,JNK
2024-05-02,83.58704376220703,93.83999633789062,93.87000274658203,93.31999969482422,93.5,6454500,JNK
2024-05-03,83.97007751464844,94.2699966430664,94.66000366210938,94.08999633789062,94.33000183105469,5511000,JNK
2024-05-06,84.05915832519531,94.37000274658203,94.4800033569336,94.33000183105469,94.33000183105469,5666700,JNK
2024-05-07,84.09477996826172,94.41000366210938,94.54000091552734,94.2300033569336,94.5,7029300,JNK
2024-05-08,83.91663360595703,94.20999908447266,94.27999877929688,94.12999725341797,94.2300033569336,3619200,JNK
2024-05-09,83.94335174560547,94.23999786376953,94.23999786376953,94.0199966430664,94.18000030517578,4237900,JNK
2024-05-10,83.74738311767578,94.0199966430664,94.23999786376953,93.91999816894531,94.19999694824219,4200400,JNK
2024-05-13,83.75630187988281,94.02999877929688,94.2300033569336,93.95999908447266,94.19999694824219,2690000,JNK
2024-05-14,83.88101196289062,94.16999816894531,94.16999816894531,94.0199966430664,94.05000305175781,2637600,JNK
2024-05-15,84.34417724609375,94.69000244140625,94.69000244140625,94.37999725341797,94.44000244140625,5704700,JNK
2024-05-16,84.17495727539062,94.5,94.69999694824219,94.44000244140625,94.6500015258789,3437700,JNK
2024-05-17,84.16602325439453,94.48999786376953,94.5199966430664,94.33999633789062,94.41000366210938,3223400,JNK
2024-05-20,84.21949005126953,94.55000305175781,94.55000305175781,94.37999725341797,94.47000122070312,2926200,JNK
2024-05-21,84.17495727539062,94.5,94.63999938964844,94.4800033569336,94.51000213623047,2126500,JNK
2024-05-22,83.9968032836914,94.30000305175781,94.41000366210938,94.19999694824219,94.30000305175781,3049400,JNK
2024-05-23,83.68504333496094,93.94999694824219,94.41000366210938,93.91000366210938,94.38999938964844,3400200,JNK
2024-05-24,83.9789810180664,94.27999877929688,94.30000305175781,93.97000122070312,94.08000183105469,2073200,JNK
2024-05-28,83.66722869873047,93.93000030517578,94.3499984741211,93.9000015258789,94.3499984741211,3250100,JNK
2024-05-29,83.3910903930664,93.62000274658203,93.76000213623047,93.55999755859375,93.6500015258789,4331700,JNK
2024-05-30,83.68504333496094,93.94999694824219,94.01000213623047,93.72000122070312,93.79000091552734,4046400,JNK
2024-05-31,84.04134368896484,94.3499984741211,94.3499984741211,94.05000305175781,94.08000183105469,4956400,JNK
2024-06-03,84.27513885498047,94.08000183105469,94.16999816894531,93.83999633789062,94.16999816894531,5434800,JNK
2024-06-04,84.23929595947266,94.04000091552734,94.19000244140625,93.95999908447266,93.9800033569336,3640000,JNK
2024-06-05,84.51700592041016,94.3499984741211,94.37000274658203,94.04000091552734,94.25,2707700,JNK
2024-06-06,84.39158630371094,94.20999908447266,94.30999755859375,94.12999725341797,94.29000091552734,1741300,JNK
2024-06-07,84.1407699584961,93.93000030517578,94.02999877929688,93.79000091552734,94.0,2627100,JNK
2024-06-10,84.22136688232422,94.0199966430664,94.05000305175781,93.77999877929688,93.8499984741211,2482100,JNK
2024-06-11,84.36471557617188,94.18000030517578,94.18000030517578,93.6500015258789,93.6500015258789,2745100,JNK
2024-06-12,84.66033172607422,94.51000213623047,94.83999633789062,94.5,94.62000274658203,4927000,JNK
2024-06-13,84.67823791503906,94.52999877929688,94.73999786376953,94.4000015258789,94.73999786376953,4640300,JNK
2024-06-14,84.33784484863281,94.1500015258789,94.33999633789062,94.05999755859375,94.19999694824219,3429200,JNK
2024-06-17,84.42742156982422,94.25,94.3499984741211,93.93000030517578,93.98999786376953,1905000,JNK
2024-06-18,84.71408081054688,94.56999969482422,94.5999984741211,94.2300033569336,94.2300033569336,3148600,JNK
2024-06-20,84.62451171875,94.47000122070312,94.51000213623047,94.29000091552734,94.5,4863400,JNK
2024-06-21,84.71408081054688,94.56999969482422,94.62000274658203,94.38999938964844,94.48999786376953,3041400,JNK
2024-06-24,84.68719482421875,94.54000091552734,94.73999786376953,94.51000213623047,94.55999755859375,4145700,JNK
2024-06-25,84.76781463623047,94.62999725341797,94.62999725341797,94.44999694824219,94.54000091552734,2807200,JNK
2024-06-26,84.54386901855469,94.37999725341797,94.44000244140625,94.30000305175781,94.41000366210938,4143100,JNK
2024-06-27,84.66033172607422,94.51000213623047,94.51000213623047,94.33999633789062,94.37999725341797,2321700,JNK
2024-06-28,84.44535827636719,94.2699966430664,94.75,94.2699966430664,94.56999969482422,3428800,JNK
2024-07-01,84.36786651611328,93.6500015258789,93.94999694824219,93.6500015258789,93.91000366210938,3874300,JNK
2024-07-02,84.66514587402344,93.9800033569336,93.9800033569336,93.66000366210938,93.66000366210938,2668400,JNK
2024-07-03,84.86334228515625,94.19999694824219,94.3499984741211,93.83999633789062,93.83999633789062,1475500,JNK
2024-07-05,85.21469116210938,94.58999633789062,94.5999984741211,94.19000244140625,94.19000244140625,2237000,JNK
2024-07-08,85.12460327148438,94.48999786376953,94.61000061035156,94.41000366210938,94.54000091552734,2792600,JNK
2024-07-09,85.070556640625,94.43000030517578,94.5199966430664,94.3499984741211,94.48999786376953,2743500,JNK
2024-07-10,85.23270416259766,94.61000061035156,94.6500015258789,94.44999694824219,94.5,2095600,JNK
2024-07-11,85.53900909423828,94.94999694824219,95.0199966430664,94.87000274658203,94.94000244140625,2858300,JNK
2024-07-12,85.8002700805664,95.23999786376953,95.26000213623047,94.95999908447266,94.98999786376953,2333100,JNK
2024-07-15,85.8002700805664,95.23999786376953,95.27999877929688,95.11000061035156,95.19999694824219,3067700,JNK
2024-07-16,86.14261627197266,95.62000274658203,95.6500015258789,95.26000213623047,95.30000305175781,3884000,JNK
2024-07-17,86.04350280761719,95.51000213623047,95.52999877929688,95.23999786376953,95.25,2542200,JNK
2024-07-18,85.84530639648438,95.29000091552734,95.55999755859375,95.19999694824219,95.47000122070312,3201300,JNK
2024-07-19,85.77323913574219,95.20999908447266,95.69999694824219,95.06999969482422,95.69999694824219,2366100,JNK
2024-07-22,86.0705337524414,95.54000091552734,95.55000305175781,95.36000061035156,95.4000015258789,2443200,JNK
2024-07-23,86.1065673828125,95.58000183105469,95.7300033569336,95.4800033569336,95.52999877929688,2395300,JNK
2024-07-24,85.8002700805664,95.23999786376953,95.58999633789062,95.22000122070312,95.45999908447266,3663100,JNK
2024-07-25,85.83631134033203,95.27999877929688,95.61000061035156,95.25,95.30000305175781,2813900,JNK
2024-07-26,86.0705337524414,95.54000091552734,95.6500015258789,95.47000122070312,95.63999938964844,2366000,JNK
2024-07-29,85.98945617675781,95.44999694824219,95.69999694824219,95.36000061035156,95.68000030517578,3218600,JNK
2024-07-30,86.00746154785156,95.47000122070312,95.55999755859375,95.31999969482422,95.55000305175781,3269900,JNK
2024-07-31,86.34078216552734,95.83999633789062,95.88999938964844,95.5999984741211,95.77999877929688,2624200,JNK
2024-08-01,86.1369857788086,95.08999633789062,95.47000122070312,95.05999755859375,95.37000274658203,6243300,JNK
2024-08-02,85.865234375,94.79000091552734,95.06999969482422,94.66999816894531,94.87999725341797,5903700,JNK
2024-08-05,85.32173156738281,94.19000244140625,94.38999938964844,93.56999969482422,93.69999694824219,6754700,JNK
2024-08-06,85.65687561035156,94.55999755859375,94.91999816894531,94.12000274658203,94.58999633789062,5942700,JNK
2024-08-07,85.78369903564453,94.69999694824219,95.19000244140625,94.66000366210938,95.19000244140625,4326700,JNK
2024-08-08,86.11885833740234,95.06999969482422,95.13999938964844,94.86000061035156,94.98999786376953,2213900,JNK
2024-08-09,86.10074615478516,95.05000305175781,95.22000122070312,94.91000366210938,95.1500015258789,8261000,JNK
2024-08-12,86.12792205810547,95.08000183105469,95.16999816894531,94.95999908447266,95.1500015258789,2907800,JNK
2024-08-13,86.55366516113281,95.55000305175781,95.58000183105469,95.19999694824219,95.2300033569336,3076100,JNK
2024-08-14,86.7529525756836,95.7699966430664,95.80000305175781,95.4800033569336,95.48999786376953,4581100,JNK
2024-08-15,86.8344955444336,95.86000061035156,95.9000015258789,95.69999694824219,95.87000274658203,2902800,JNK
2024-08-16,87.12435913085938,96.18000030517578,96.20999908447266,95.80999755859375,95.80999755859375,2343300,JNK
2024-08-19,87.26023864746094,96.33000183105469,96.36000061035156,96.05000305175781,96.0999984741211,1739400,JNK
2024-08-20,87.20587921142578,96.2699966430664,96.41999816894531,96.08000183105469,96.41999816894531,2452200,JNK
2024-08-21,87.35082244873047,96.43000030517578,96.5199966430664,96.2699966430664,96.33999633789062,2269400,JNK
2024-08-22,87.27835083007812,96.3499984741211,96.48999786376953,96.2300033569336,96.48999786376953,2865400,JNK
2024-08-23,87.74032592773438,96.86000061035156,96.86000061035156,96.48999786376953,96.52999877929688,3216100,JNK
2024-08-26,87.58634185791016,96.69000244140625,96.95999908447266,96.69000244140625,96.95999908447266,2693900,JNK
2024-08-27,87.62256622314453,96.7300033569336,96.83999633789062,96.54000091552734,96.61000061035156,2205000,JNK
2024-08-28,87.6316146850586,96.73999786376953,96.80000305175781,96.62000274658203,96.75,2742700,JNK
2024-08-29,87.68598937988281,96.80000305175781,96.86000061035156,96.69999694824219,96.77999877929688,3434900,JNK
2024-08-30,87.70409393310547,96.81999969482422,96.91999816894531,96.72000122070312,96.91999816894531,2420700,JNK
2024-09-03,87.37347412109375,95.93000030517578,96.2699966430664,95.9000015258789,96.16000366210938,3764800,JNK
2024-09-04,87.74690246582031,96.33999633789062,96.41999816894531,95.93000030517578,95.93000030517578,3089700,JNK
2024-09-05,88.0019302368164,96.62000274658203,96.68000030517578,96.4000015258789,96.41000366210938,5246000,JNK
2024-09-06,87.88352966308594,96.48999786376953,96.79000091552734,96.30000305175781,96.66000366210938,4007300,JNK
2024-09-09,88.07479095458984,96.69999694824219,96.75,96.51000213623047,96.61000061035156,2301900,JNK
2024-09-10,87.88352966308594,96.48999786376953,96.81999969482422,96.4000015258789,96.81999969482422,2480100,JNK
2024-09-11,88.02926635742188,96.6500015258789,96.68000030517578,96.25,96.43000030517578,5823400,JNK
2024-09-12,88.12944793701172,96.76000213623047,96.86000061035156,96.55000305175781,96.58000183105469,3656100,JNK
2024-09-13,88.39358520507812,97.05000305175781,97.11000061035156,96.87999725341797,96.87999725341797,1794600,JNK
2024-09-16,88.57574462890625,97.25,97.3499984741211,97.02999877929688,97.08000183105469,2507200,JNK
2024-09-17,88.6303939819336,97.30999755859375,97.41000366210938,97.22000122070312,97.3499984741211,2793300,JNK
2024-09-18,88.73056030273438,97.41999816894531,97.81999969482422,97.22000122070312,97.30999755859375,5362600,JNK
2024-09-19,88.92183685302734,97.62999725341797,97.9000015258789,97.5999984741211,97.88999938964844,3615800,JNK
2024-09-20,89.02202606201172,97.73999786376953,97.76000213623047,97.47000122070312,97.72000122070312,4114600,JNK
2024-09-23,88.85808563232422,97.55999755859375,97.7300033569336,97.55999755859375,97.62000274658203,5527400,JNK
2024-09-24,88.90361785888672,97.61000061035156,97.66000366210938,97.44999694824219,97.61000061035156,2437400,JNK
2024-09-25,88.8034439086914,97.5,97.58000183105469,97.4800033569336,97.5199966430664,2368300,JNK
2024-09-26,88.8398666381836,97.54000091552734,97.66999816894531,97.45999908447266,97.66999816894531,5016400,JNK
2024-09-27,89.06757354736328,97.79000091552734,97.83000183105469,97.6500015258789,97.68000030517578,3013800,JNK
2024-09-30,89.06757354736328,97.79000091552734,97.86000061035156,97.63999938964844,97.81999969482422,3398900,JNK
2024-10-01,89.02911376953125,97.22000122070312,97.37000274658203,97.12000274658203,97.26000213623047,4639200,JNK
2024-10-02,89.01996612548828,97.20999908447266,97.22000122070312,97.0,97.18000030517578,2503200,JNK
2024-10-03,88.86429595947266,97.04000091552734,97.16999816894531,96.93000030517578,97.11000061035156,2653200,JNK
2024-10-04,88.7818603515625,96.94999694824219,97.02999877929688,96.83000183105469,97.02999877929688,2728400,JNK
2024-10-07,88.35145568847656,96.4800033569336,96.80999755859375,96.47000122070312,96.80000305175781,2147600,JNK
2024-10-08,88.53459930419922,96.68000030517578,96.69000244140625,96.51000213623047,96.61000061035156,3399100,JNK
2024-10-09,88.44302368164062,96.58000183105469,96.69999694824219,96.52999877929688,96.61000061035156,5893100,JNK
2024-10-10,88.43388366699219,96.56999969482422,96.61000061035156,96.41000366210938,96.5999984741211,2306400,JNK
2024-10-11,88.63534545898438,96.79000091552734,96.80999755859375,96.58999633789062,96.61000061035156,3369400,JNK
2024-10-14,88.69029235839844,96.8499984741211,96.88999938964844,96.58999633789062,96.88999938964844,1618200,JNK
2024-10-15,88.69029235839844,96.8499984741211,96.98999786376953,96.81999969482422,96.91999816894531,1357900,JNK
2024-10-16,88.8734359741211,97.05000305175781,97.0999984741211,96.91000366210938,96.97000122070312,2918500,JNK
2024-10-17,88.6536636352539,96.80999755859375,97.12999725341797,96.69999694824219,97.08999633789062,3056800,JNK
2024-10-18,88.91006469726562,97.08999633789062,97.08999633789062,96.91000366210938,96.98999786376953,2896300,JNK
2024-10-21,88.55290985107422,96.69999694824219,96.9800033569336,96.58999633789062,96.9800033569336,3355100,JNK
2024-10-22,88.39726257324219,96.52999877929688,96.69999694824219,96.43000030517578,96.62999725341797,2365900,JNK
2024-10-23,88.10420989990234,96.20999908447266,96.44999694824219,96.1500015258789,96.44999694824219,4278100,JNK
2024-10-24,88.37895202636719,96.51000213623047,96.56999969482422,96.30999755859375,96.37999725341797,4286100,JNK
2024-10-25,88.24156188964844,96.36000061035156,96.7300033569336,96.3499984741211,96.63999938964844,5020600,JNK
2024-10-28,88.49797821044922,96.63999938964844,96.70999908447266,96.52999877929688,96.58000183105469,4230400,JNK
2024-10-29,88.52545166015625,96.66999816894531,96.69999694824219,96.3499984741211,96.48999786376953,3368400,JNK
2024-10-30,88.35145568847656,96.4800033569336,96.8499984741211,96.44000244140625,96.69999694824219,4051400,JNK
2024-10-31,88.18660736083984,96.30000305175781,96.54000091552734,96.26000213623047,96.5199966430664,3915200,JNK
2024-11-01,88.15991973876953,95.73999786376953,96.1500015258789,95.70999908447266,96.05000305175781,3066800,JNK
2024-11-04,88.38091278076172,95.9800033569336,96.16000366210938,95.91999816894531,96.16000366210938,3260200,JNK
2024-11-05,88.6019058227539,96.22000122070312,96.26000213623047,95.98999786376953,95.98999786376953,5746200,JNK
2024-11-06,88.80451202392578,96.44000244140625,96.48999786376953,96.13999938964844,96.36000061035156,6357600,JNK
2024-11-07,89.19123840332031,96.86000061035156,96.88999938964844,96.37999725341797,96.41999816894531,5837100,JNK
2024-11-08,89.38462829589844,97.06999969482422,97.08999633789062,96.88999938964844,97.0,5349200,JNK
2024-11-11,89.32937622070312,97.01000213623047,97.16999816894531,96.94999694824219,97.16000366210938,1937600,JNK
2024-11-12,88.89656829833984,96.54000091552734,96.91000366210938,96.47000122070312,96.91000366210938,4133000,JNK
2024-11-13,88.9610366821289,96.61000061035156,96.77999877929688,96.55000305175781,96.72000122070312,2530300,JNK
2024-11-14,88.77688598632812,96.41000366210938,96.73999786376953,96.4000015258789,96.70999908447266,3238800,JNK
2024-11-15,88.7308349609375,96.36000061035156,96.41000366210938,96.13999938964844,96.30999755859375,4064300,JNK
2024-11-18,88.87816619873047,96.5199966430664,96.52999877929688,96.30000305175781,96.3499984741211,2567900,JNK
2024-11-19,89.0254898071289,96.68000030517578,96.75,96.43000030517578,96.43000030517578,3117600,JNK
2024-11-20,88.97023010253906,96.62000274658203,96.66000366210938,96.52999877929688,96.6500015258789,3447800,JNK
2024-11-21,88.99787139892578,96.6500015258789,96.8499984741211,96.6500015258789,96.72000122070312,3638000,JNK
2024-11-22,88.99787139892578,96.6500015258789,96.77999877929688,96.62000274658203,96.69999694824219,2484200,JNK
2024-11-25,89.35700225830078,97.04000091552734,97.11000061035156,96.94999694824219,96.94999694824219,3732400,JNK
2024-11-26,89.19123840332031,96.86000061035156,97.01000213623047,96.7699966430664,97.01000213623047,3404800,JNK
2024-11-27,89.44908905029297,97.13999938964844,97.1500015258789,96.93000030517578,96.94000244140625,1980700,JNK
2024-11-29,89.65165710449219,97.36000061035156,97.37999725341797,97.16999816894531,97.30000305175781,982900,JNK
2024-12-02,89.60906982421875,96.79000091552734,97.02999877929688,96.63999938964844,97.02999877929688,3129200,JNK
2024-12-03,89.62757110595703,96.80999755859375,96.91000366210938,96.75,96.79000091552734,2005200,JNK
2024-12-04,89.82201385498047,97.0199966430664,97.0199966430664,96.79000091552734,96.9000015258789,2434900,JNK
2024-12-05,89.74793243408203,96.94000244140625,97.0,96.87000274658203,96.95999908447266,1608400,JNK
2024-12-06,89.90534210205078,97.11000061035156,97.2699966430664,97.01000213623047,97.06999969482422,2373800,JNK
2024-12-09,89.77572631835938,96.97000122070312,97.2699966430664,96.94999694824219,97.1500015258789,1596000,JNK
2024-12-10,89.77572631835938,96.97000122070312,96.98999786376953,96.7699966430664,96.7699966430664,2227700,JNK
2024-12-11,89.79423522949219,96.98999786376953,97.16999816894531,96.98999786376953,97.16999816894531,3612800,JNK
2024-12-12,89.55352783203125,96.7300033569336,97.33000183105469,96.7300033569336,96.9800033569336,3723800,JNK
2024-12-13,89.27578735351562,96.43000030517578,96.80999755859375,96.43000030517578,96.80999755859375,3253200,JNK
2024-12-16,89.42390441894531,96.58999633789062,96.69999694824219,96.52999877929688,96.58000183105469,3640800,JNK
2024-12-17,89.26652526855469,96.41999816894531,96.56999969482422,96.41999816894531,96.44999694824219,3090600,JNK
2024-12-18,88.3406982421875,95.41999816894531,96.54000091552734,95.41999816894531,96.51000213623047,5433100,JNK
2024-12-19,88.21968841552734,94.7699966430664,95.30000305175781,94.76000213623047,95.16999816894531,6862100,JNK
2024-12-20,88.78752136230469,95.37999725341797,95.47000122070312,94.79000091552734,94.79000091552734,4355300,JNK
2024-12-23,88.61066436767578,95.19000244140625,95.52999877929688,95.13999938964844,95.52999877929688,2839700,JNK
2024-12-24,88.8433837890625,95.44000244140625,95.47000122070312,95.12000274658203,95.20999908447266,1843700,JNK
2024-12-26,89.05747985839844,95.66999816894531,95.69999694824219,95.2699966430664,95.3499984741211,1527600,JNK
2024-12-27,88.82476806640625,95.41999816894531,95.62999725341797,95.36000061035156,95.55000305175781,1587600,JNK
2024-12-30,88.88992309570312,95.48999786376953,95.5999984741211,95.30000305175781,95.3499984741211,1844200,JNK
2024-12-31,88.87132263183594,95.47000122070312,95.72000122070312,95.36000061035156,95.5199966430664,1825000,JNK
2025-01-02,89.13197326660156,95.75,95.80999755859375,95.56999969482422,95.75,3681500,JNK
2025-01-03,89.31813049316406,95.94999694824219,95.9800033569336,95.86000061035156,95.93000030517578,1540400,JNK
2025-01-06,89.4205322265625,96.05999755859375,96.16999816894531,95.97000122070312,96.11000061035156,2800100,JNK
2025-01-07,89.15056610107422,95.7699966430664,96.20999908447266,95.72000122070312,96.11000061035156,3764900,JNK
2025-01-08,89.24366760253906,95.87000274658203,95.9000015258789,95.56999969482422,95.56999969482422,3348200,JNK
2025-01-10,88.75029754638672,95.33999633789062,95.6500015258789,95.30000305175781,95.5,3055400,JNK
2025-01-13,88.71307373046875,95.30000305175781,95.33000183105469,95.12999725341797,95.1500015258789,4508500,JNK
2025-01-14,88.78752136230469,95.37999725341797,95.48999786376953,95.31999969482422,95.44999694824219,3827800,JNK
2025-01-15,89.6067123413086,96.26000213623047,96.2699966430664,95.94999694824219,96.05000305175781,2864800,JNK
2025-01-16,89.7091064453125,96.37000274658203,96.41000366210938,96.04000091552734,96.13999938964844,2611500,JNK
2025-01-17,89.7835922241211,96.44999694824219,96.52999877929688,96.37999725341797,96.5,3528800,JNK
2025-01-21,90.04423522949219,96.7300033569336,96.7699966430664,96.62000274658203,96.68000030517578,2929100,JNK
2025-01-22,89.8952865600586,96.56999969482422,96.7699966430664,96.56999969482422,96.72000122070312,1906900,JNK
2025-01-23,90.02560424804688,96.70999908447266,96.72000122070312,96.44999694824219,96.51000213623047,2916300,JNK
2025-01-24,90.11869049072266,96.80999755859375,96.93000030517578,96.70999908447266,96.73999786376953,1795900,JNK
2025-01-27,90.22108459472656,96.91999816894531,96.94000244140625,96.62999725341797,96.6500015258789,1766500,JNK
2025-01-28,90.16523742675781,96.86000061035156,96.9000015258789,96.72000122070312,96.81999969482422,2537900,JNK
2025-01-29,90.09076690673828,96.77999877929688,96.91000366210938,96.66000366210938,96.80000305175781,2532100,JNK
2025-01-30,90.2769546508789,96.9800033569336,97.04000091552734,96.8499984741211,96.9000015258789,2657100,JNK
2025-01-31,90.0721435546875,96.76000213623047,97.0999984741211,96.70999908447266,97.05999755859375,1906900,JNK
2025-02-03,89.9560775756836,96.0999984741211,96.25,95.86000061035156,95.87999725341797,3205900,JNK
2025-02-04,90.21817016601562,96.37999725341797,96.38999938964844,96.05999755859375,96.0999984741211,2385800,JNK
2025-02-05,90.46156311035156,96.63999938964844,96.72000122070312,96.43000030517578,96.47000122070312,2153500,JNK
2025-02-06,90.3492202758789,96.5199966430664,96.69999694824219,96.51000213623047,96.68000030517578,1935700,JNK
2025-02-07,90.0871353149414,96.23999786376953,96.4800033569336,96.23999786376953,96.4800033569336,2258200,JNK
2025-02-10,90.2930679321289,96.45999908447266,96.55000305175781,96.41999816894531,96.47000122070312,1692700,JNK
2025-02-11,90.1900863647461,96.3499984741211,96.43000030517578,96.30999755859375,96.37999725341797,2457100,JNK
2025-02-12,89.98416137695312,96.12999725341797,96.2699966430664,95.98999786376953,96.0199966430664,4031500,JNK
2025-02-13,90.38665771484375,96.55999755859375,96.62000274658203,96.16000366210938,96.16000366210938,2115700,JNK
2025-02-14,90.49900817871094,96.68000030517578,96.83999633789062,96.66999816894531,96.66999816894531,2240200,JNK
2025-02-18,90.44283294677734,96.62000274658203,96.70999908447266,96.56999969482422,96.5999984741211,2369700,JNK
2025-02-19,90.5177230834961,96.69999694824219,96.69999694824219,96.44999694824219,96.55999755859375,3102200,JNK
2025-02-20,90.583251953125,96.7699966430664,96.79000091552734,96.62000274658203,96.72000122070312,2834100,JNK
2025-02-21,90.45218658447266,96.62999725341797,96.83999633789062,96.5999984741211,96.7300033569336,2720800,JNK
2025-02-24,90.53643798828125,96.72000122070312,96.83000183105469,96.55999755859375,96.69000244140625,2541900,JNK
2025-02-25,90.76110076904297,96.95999908447266,96.98999786376953,96.80999755859375,96.95999908447266,3911000,JNK
2025-02-26,90.8453598022461,97.05000305175781,97.0999984741211,96.95999908447266,96.9800033569336,1585300,JNK
2025-02-27,90.65812683105469,96.8499984741211,97.08000183105469,96.80999755859375,97.06999969482422,4080500,JNK
2025-02-28,90.9108657836914,97.12000274658203,97.13999938964844,96.8499984741211,96.95999908447266,3046600,JNK
2025-03-03,90.71133422851562,96.37999725341797,96.62999725341797,96.25,96.61000061035156,2491100,JNK
2025-03-04,90.6078109741211,96.2699966430664,96.37000274658203,95.98999786376953,96.20999908447266,4355700,JNK
2025-03-05,90.64545440673828,96.30999755859375,96.41999816894531,96.0999984741211,96.25,2859900,JNK
2025-03-06,90.32545471191406,95.97000122070312,96.16999816894531,95.91000366210938,96.16000366210938,3210900,JNK
2025-03-07,90.45722198486328,96.11000061035156,96.19999694824219,95.98999786376953,96.05000305175781,2866200,JNK
2025-03-10,90.10897827148438,95.73999786376953,96.0199966430664,95.70999908447266,95.98999786376953,2660200,JNK
2025-03-11,89.70426177978516,95.30999755859375,95.80000305175781,95.25,95.76000213623047,11627200,JNK
2025-03-12,89.78899383544922,95.4000015258789,95.63999938964844,95.36000061035156,95.62999725341797,5348300,JNK
2025-03-13,89.2807388305664,94.86000061035156,95.38999938964844,94.80999755859375,95.38999938964844,5638500,JNK
2025-03-14,89.72309875488281,95.33000183105469,95.43000030517578,95.0,95.0,4565800,JNK
2025-03-17,89.9583969116211,95.58000183105469,95.5999984741211,95.30000305175781,95.36000061035156,3428000,JNK
2025-03-18,89.79838562011719,95.41000366210938,95.58000183105469,95.36000061035156,95.5199966430664,3055800,JNK
2025-03-19,90.33487701416016,95.9800033569336,96.13999938964844,95.43000030517578,95.43000030517578,4234500,JNK
2025-03-20,90.22191619873047,95.86000061035156,96.06999969482422,95.79000091552734,95.80999755859375,2674300,JNK
2025-03-21,90.1278076171875,95.76000213623047,95.87000274658203,95.54000091552734,95.87000274658203,3032800,JNK
2025-03-24,90.47603607177734,96.12999725341797,96.1500015258789,95.91000366210938,95.94000244140625,5012700,JNK
2025-03-25,90.38191986083984,96.02999877929688,96.2300033569336,95.9800033569336,96.1500015258789,1918000,JNK
2025-03-26,89.94898223876953,95.56999969482422,96.0199966430664,95.41999816894531,95.98999786376953,4132700,JNK
2025-03-27,89.77957153320312,95.38999938964844,95.6500015258789,95.38999938964844,95.54000091552734,3350100,JNK
2025-03-28,89.61016082763672,95.20999908447266,95.48999786376953,95.05000305175781,95.47000122070312,3376900,JNK
2025-03-31,89.69487762451172,95.30000305175781,95.33999633789062,94.8499984741211,94.87000274658203,3886900,JNK
2025-04-01,89.9333724975586,95.0199966430664,95.05000305175781,94.66000366210938,94.66000366210938,3196500,JNK
2025-04-02,90.1037368774414,95.19999694824219,95.19999694824219,94.83000183105469,94.83000183105469,2812800,JNK
2025-04-03,88.87332153320312,93.9000015258789,94.44000244140625,93.73999786376953,94.22000122070312,8935500,JNK
2025-04-04,87.50094604492188,92.44999694824219,92.95999908447266,92.08000183105469,92.75,27966300,JNK
2025-04-07,86.7059097290039,91.61000061035156,93.47000122070312,91.11000061035156,91.1500015258789,39352700,JNK
2025-04-08,86.34626770019531,91.2300033569336,93.0199966430664,90.81999969482422,93.0199966430664,14542700,JNK
2025-04-09,88.67457580566406,93.69000244140625,93.79000091552734,90.41000366210938,90.7300033569336,16541400,JNK
2025-04-10,87.23593139648438,92.16999816894531,92.98999786376953,91.66999816894531,92.93000030517578,10429700,JNK
2025-04-11,87.44415283203125,92.38999938964844,92.94000244140625,91.55000305175781,91.94999694824219,6063400,JNK
2025-04-14,87.95523834228516,92.93000030517578,93.29000091552734,92.69000244140625,93.29000091552734,3731300,JNK
2025-04-15,88.21080780029297,93.19999694824219,93.37000274658203,92.95999908447266,93.05999755859375,4907900,JNK
2025-04-16,88.13508605957031,93.12000274658203,93.4000015258789,92.91000366210938,93.20999908447266,2983700,JNK
2025-04-17,88.70296478271484,93.72000122070312,93.73999786376953,93.41999816894531,93.55999755859375,2019200,JNK
2025-04-21,88.16346740722656,93.1500015258789,93.45999908447266,92.93000030517578,93.20999908447266,2340500,JNK
2025-04-22,88.49473571777344,93.5,93.76000213623047,93.37999725341797,93.4800033569336,2619500,JNK
2025-04-23,89.0058364868164,94.04000091552734,94.97000122070312,94.0,94.7699966430664,2494800,JNK
2025-04-24,89.7724838256836,94.8499984741211,94.95999908447266,94.2699966430664,94.3499984741211,3289500,JNK
2025-04-25,89.9333724975586,95.0199966430664,95.18000030517578,94.7300033569336,94.7300033569336,2518600,JNK
2025-04-28,89.94283294677734,95.02999877929688,95.08999633789062,94.72000122070312,95.05999755859375,3655400,JNK
2025-04-29,90.16997528076172,95.2699966430664,95.31999969482422,94.80000305175781,94.87000274658203,10706400,JNK
2025-04-30,89.63996887207031,94.70999908447266,94.81999969482422,94.54000091552734,94.80999755859375,3607300,JNK
2025-05-01,89.75324249267578,94.30000305175781,94.48999786376953,94.19000244140625,94.38999938964844,3304100,JNK
2025-05-02,90.01020050048828,94.56999969482422,94.6500015258789,94.36000061035156,94.5999984741211,2085900,JNK
2025-05-05,89.97215270996094,94.52999877929688,94.69000244140625,94.37999725341797,94.41000366210938,10392700,JNK
2025-05-06,89.924560546875,94.4800033569336,94.55000305175781,94.30000305175781,94.41000366210938,2333500,JNK
2025-05-07,89.94358825683594,94.5,94.66000366210938,94.36000061035156,94.56999969482422,2732700,JNK
2025-05-08,89.97215270996094,94.52999877929688,94.86000061035156,94.47000122070312,94.76000213623047,2892300,JNK
2025-05-09,89.99118041992188,94.55000305175781,94.7699966430664,94.55000305175781,94.69999694824219,2810800,JNK
2025-05-12,91.03813934326172,95.6500015258789,95.66999816894531,95.2300033569336,95.48999786376953,5212100,JNK
2025-05-13,91.18091583251953,95.80000305175781,95.97000122070312,95.58999633789062,95.66000366210938,6494800,JNK
2025-05-14,90.84777069091797,95.44999694824219,95.76000213623047,95.4000015258789,95.52999877929688,3307400,JNK
2025-05-15,91.00959777832031,95.62000274658203,95.62000274658203,95.2699966430664,95.2699966430664,3230100,JNK
2025-05-16,91.1238021850586,95.73999786376953,95.83000183105469,95.58999633789062,95.83000183105469,2957700,JNK
2025-05-19,91.06669616699219,95.68000030517578,95.69000244140625,95.27999877929688,95.29000091552734,2499700,JNK
2025-05-20,91.02861785888672,95.63999938964844,95.69000244140625,95.48999786376953,95.5,3371800,JNK
2025-05-21,90.41947937011719,95.0,95.5,94.9800033569336,95.36000061035156,4321300,JNK
2025-05-22,90.57176971435547,95.16000366210938,95.26000213623047,94.91999816894531,94.95999908447266,3929200,JNK
2025-05-23,90.53369903564453,95.12000274658203,95.18000030517578,94.86000061035156,94.88999938964844,3067300,JNK
2025-05-27,91.11428833007812,95.7300033569336,95.73999786376953,95.43000030517578,95.55999755859375,4232700,JNK
2025-05-28,91.06669616699219,95.68000030517578,95.75,95.5199966430664,95.72000122070312,4053800,JNK
2025-05-29,91.18091583251953,95.80000305175781,95.88999938964844,95.70999908447266,95.88999938964844,4426600,JNK
2025-05-30,91.28560638427734,95.91000366210938,95.94000244140625,95.72000122070312,95.8499984741211,3634000,JNK
2025-06-02,91.28178405761719,95.37000274658203,95.38999938964844,95.13999938964844,95.30000305175781,3986000,JNK
2025-06-03,91.4923324584961,95.58999633789062,95.63999938964844,95.41000366210938,95.4800033569336,3547200,JNK
2025-06-04,91.70291137695312,95.80999755859375,95.8499984741211,95.66999816894531,95.69000244140625,2736400,JNK
2025-06-05,91.51148986816406,95.61000061035156,95.91999816894531,95.56999969482422,95.91999816894531,2813300,JNK
2025-06-06,91.52106475830078,95.62000274658203,95.7699966430664,95.58000183105469,95.7699966430664,3378300,JNK
2025-06-09,91.61677551269531,95.72000122070312,95.77999877929688,95.61000061035156,95.61000061035156,2462700,JNK
2025-06-10,91.8177719116211,95.93000030517578,95.9800033569336,95.66999816894531,95.66999816894531,8874800,JNK
2025-06-11,91.7699203491211,95.87999725341797,96.08000183105469,95.87999725341797,96.02999877929688,5528100,JNK
2025-06-12,91.88478088378906,96.0,96.0199966430664,95.87000274658203,95.87000274658203,3882300,JNK
2025-06-13,91.59761810302734,95.69999694824219,95.91000366210938,95.66999816894531,95.68000030517578,5845100,JNK
2025-06-16,91.80821228027344,95.91999816894531,96.02999877929688,95.7300033569336,95.95999908447266,4509600,JNK
2025-06-17,91.68376922607422,95.79000091552734,95.97000122070312,95.72000122070312,95.9000015258789,3902700,JNK
2025-06-18,91.82734680175781,95.94000244140625,96.13999938964844,95.80000305175781,95.80000305175781,3852300,JNK
2025-06-20,92.10491943359375,96.2300033569336,96.2699966430664,96.0,96.0199966430664,3987200,JNK
2025-06-23,92.28675842285156,96.41999816894531,96.43000030517578,96.16999816894531,96.19000244140625,3594400,JNK
2025-06-24,92.5356216430664,96.68000030517578,96.76000213623047,96.48999786376953,96.55000305175781,5622100,JNK
2025-06-25,92.5643310546875,96.70999908447266,96.81999969482422,96.61000061035156,96.73999786376953,2386300,JNK
2025-06-26,92.86103057861328,97.0199966430664,97.0199966430664,96.7699966430664,96.8499984741211,3703100,JNK
2025-06-27,92.78447723388672,96.94000244140625,97.08000183105469,96.88999938964844,97.0,3664300,JNK
2025-06-30,93.10032653808594,97.2699966430664,97.29000091552734,97.04000091552734,97.11000061035156,4183000,JNK
2025-07-01,93.03296661376953,96.66000366210938,96.80999755859375,96.58999633789062,96.62000274658203,4003100,JNK
2025-07-02,93.21583557128906,96.8499984741211,96.8499984741211,96.54000091552734,96.6500015258789,3310000,JNK
2025-07-03,93.2735824584961,96.91000366210938,96.93000030517578,96.76000213623047,96.80999755859375,1623300,JNK
2025-07-07,92.93670654296875,96.55999755859375,96.87999725341797,96.55000305175781,96.87999725341797,5591600,JNK
2025-07-08,92.7923355102539,96.41000366210938,96.56999969482422,96.36000061035156,96.55000305175781,5351700,JNK
2025-07-09,93.03296661376953,96.66000366210938,96.68000030517578,96.48999786376953,96.52999877929688,3079400,JNK
2025-07-10,92.98483276367188,96.61000061035156,96.68000030517578,96.56999969482422,96.68000030517578,5878500,JNK
2025-07-11,92.82122039794922,96.44000244140625,96.5199966430664,96.33999633789062,96.48999786376953,4637200,JNK
2025-07-14,92.9078369140625,96.52999877929688,96.54000091552734,96.3499984741211,96.38999938964844,3874900,JNK
2025-07-15,92.60946655273438,96.22000122070312,96.5999984741211,96.22000122070312,96.58999633789062,5614500,JNK
2025-07-16,92.82122039794922,96.44000244140625,96.48999786376953,96.08999633789062,96.31999969482422,6758900,JNK
2025-07-17,92.93670654296875,96.55999755859375,96.5999984741211,96.31999969482422,96.31999969482422,3659900,JNK
2025-07-18,93.07144927978516,96.69999694824219,96.75,96.62000274658203,96.69000244140625,3330100,JNK
2025-07-21,93.19658660888672,96.83000183105469,96.95999908447266,96.80000305175781,96.80000305175781,3413900,JNK
2025-07-22,93.36982727050781,97.01000213623047,97.0199966430664,96.8499984741211,96.94999694824219,3233000,JNK
2025-07-23,93.43720245361328,97.08000183105469,97.0999984741211,96.97000122070312,97.05999755859375,2253700,JNK
2025-07-24,93.30245208740234,96.94000244140625,97.05000305175781,96.93000030517578,96.94999694824219,2159000,JNK
2025-07-25,93.3987045288086,97.04000091552734,97.13999938964844,96.93000030517578,97.0199966430664,2646700,JNK
2025-07-28,93.36019897460938,97.0,97.25,96.97000122070312,97.25,3914800,JNK
2025-07-29,93.37944793701172,97.0199966430664,97.12000274658203,97.0,97.04000091552734,4625900,JNK
2025-07-30,93.21583557128906,96.8499984741211,97.06999969482422,96.73999786376953,96.98999786376953,4811700,JNK
2025-07-31,93.25432586669922,96.88999938964844,97.0199966430664,96.83999633789062,96.94000244140625,4112000,JNK
2025-08-01,93.25335693359375,96.3499984741211,96.44000244140625,96.16999816894531,96.4000015258789,5545100,JNK
2025-08-04,93.60179901123047,96.70999908447266,96.72000122070312,96.44999694824219,96.44999694824219,4039900,JNK
2025-08-05,93.5340347290039,96.63999938964844,96.70999908447266,96.52999877929688,96.69999694824219,3428100,JNK
2025-08-06,93.65986633300781,96.7699966430664,96.80000305175781,96.58000183105469,96.68000030517578,3844600,JNK
2025-08-07,93.59211730957031,96.69999694824219,96.87999725341797,96.63999938964844,96.8499984741211,5105700,JNK
2025-08-08,93.61148071289062,96.72000122070312,96.76000213623047,96.62999725341797,96.76000213623047,2676200,JNK
2025-08-11,93.59211730957031,96.69999694824219,96.80000305175781,96.6500015258789,96.72000122070312,4523500,JNK
2025-08-12,93.77600860595703,96.88999938964844,96.9000015258789,96.72000122070312,96.77999877929688,4989500,JNK
2025-08-13,94.04700469970703,97.16999816894531,97.19000244140625,96.97000122070312,97.0,3622300,JNK
2025-08-14,93.77600860595703,96.88999938964844,97.01000213623047,96.81999969482422,97.01000213623047,3696200,JNK
2025-08-15,93.80503845214844,96.91999816894531,96.94999694824219,96.86000061035156,96.94999694824219,2417900,JNK
2025-08-18,93.75665283203125,96.87000274658203,96.98999786376953,96.86000061035156,96.86000061035156,2616000,JNK
2025-08-19,93.74696350097656,96.86000061035156,96.94000244140625,96.83000183105469,96.88999938964844,3010700,JNK
2025-08-20,93.67921447753906,96.79000091552734,96.87999725341797,96.75,96.83999633789062,2974300,JNK
2025-08-21,93.51467895507812,96.62000274658203,96.7699966430664,96.5999984741211,96.7699966430664,2822800,JNK
2025-08-22,94.29864501953125,97.43000030517578,97.45999908447266,96.7699966430664,96.80999755859375,5337000,JNK
2025-08-25,94.18251037597656,97.30999755859375,97.44000244140625,97.30000305175781,97.38999938964844,2940100,JNK
2025-08-26,94.38574981689453,97.5199966430664,97.54000091552734,97.3499984741211,97.37999725341797,2947600,JNK
2025-08-27,94.53092956542969,97.66999816894531,97.69000244140625,97.44000244140625,97.45999908447266,2558400,JNK
2025-08-28,94.54061889648438,97.68000030517578,97.70999908447266,97.58000183105469,97.66000366210938,3687500,JNK
2025-08-29,94.37606811523438,97.51000213623047,97.66000366210938,97.5,97.6500015258789,4222100,JNK
2025-09-02,94.23886108398438,96.83999633789062,96.87999725341797,96.62999725341797,96.69999694824219,4715600,JNK
2025-09-03,94.53080749511719,97.13999938964844,97.13999938964844,96.87999725341797,96.87999725341797,2730300,JNK
2025-09-04,94.7935562133789,97.41000366210938,97.41999816894531,97.1500015258789,97.19999694824219,2824100,JNK
2025-09-05,94.890869140625,97.51000213623047,97.76000213623047,97.47000122070312,97.66000366210938,3907400,JNK
2025-09-08,94.90060424804688,97.5199966430664,97.62000274658203,97.5,97.5999984741211,4116600,JNK
2025-09-09,94.78382873535156,97.4000015258789,97.58999633789062,97.30000305175781,97.5199966430664,3018800,JNK
2025-09-10,94.87140655517578,97.48999786376953,97.62000274658203,97.45999908447266,97.51000213623047,4428200,JNK
2025-09-11,95.14388275146484,97.7699966430664,97.83000183105469,97.58999633789062,97.58999633789062,4214400,JNK
2025-09-12,95.0660400390625,97.69000244140625,97.83000183105469,97.6500015258789,97.80999755859375,2843100,JNK
2025-09-15,95.35797119140625,97.98999786376953,97.98999786376953,97.83000183105469,97.83000183105469,2914700,JNK
2025-09-16,95.28985595703125,97.91999816894531,98.04000091552734,97.87999725341797,98.01000213623047,4549200,JNK
2025-09-17,95.17308044433594,97.80000305175781,98.04000091552734,97.63999938964844,97.94999694824219,6119100,JNK
2025-09-18,95.38716888427734,98.0199966430664,98.08999633789062,97.83999633789062,97.94999694824219,3508500,JNK
2025-09-19,95.45528411865234,98.08999633789062,98.12999725341797,98.01000213623047,98.11000061035156,4084600,JNK
2025-09-22,95.55260467529297,98.19000244140625,98.19999694824219,98.01000213623047,98.01000213623047,2430600,JNK
2025-09-23,95.49421691894531,98.12999725341797,98.23999786376953,98.05999755859375,98.22000122070312,5978700,JNK
2025-09-24,95.34825134277344,97.9800033569336,98.13999938964844,97.95999908447266,98.13999938964844,4449100,JNK
2025-09-25,95.04656982421875,97.66999816894531,97.80999755859375,97.66999816894531,97.80000305175781,3963400,JNK
2025-09-26,95.22173309326172,97.8499984741211,97.91000366210938,97.7300033569336,97.76000213623047,3098500,JNK
2025-09-29,95.42610168457031,98.05999755859375,98.05999755859375,97.93000030517578,97.98999786376953,3484900,JNK
2025-09-30,95.35797119140625,97.98999786376953,98.02999877929688,97.88999938964844,97.98999786376953,6957400,JNK
2025-10-01,95.54193878173828,97.63999938964844,97.66000366210938,97.43000030517578,97.4800033569336,3689400,JNK
2025-10-02,95.49300384521484,97.58999633789062,97.66999816894531,97.48999786376953,97.63999938964844,3352600,JNK
2025-10-03,95.37559509277344,97.47000122070312,97.62000274658203,97.47000122070312,97.5999984741211,2630100,JNK
2025-10-06,95.39515686035156,97.48999786376953,97.58000183105469,97.4800033569336,97.55000305175781,3428300,JNK
2025-10-07,95.28752899169922,97.37999725341797,97.55000305175781,97.37999725341797,97.5,3080700,JNK
2025-10-08,95.1505355834961,97.23999786376953,97.4800033569336,97.2300033569336,97.4800033569336,3025500,JNK
2025-10-09,94.85697937011719,96.94000244140625,97.23999786376953,96.79000091552734,97.19999694824219,8213500,JNK
2025-10-10,94.26986694335938,96.33999633789062,97.0,96.31999969482422,97.0,7701800,JNK
2025-10-13,94.83740234375,96.91999816894531,96.91999816894531,96.58999633789062,96.61000061035156,4094200,JNK
2025-10-14,94.89612579345703,96.9800033569336,97.12999725341797,96.51000213623047,96.54000091552734,6901300,JNK
2025-10-15,95.24838256835938,97.33999633789062,97.38999938964844,97.11000061035156,97.27999877929688,7376100,JNK
2025-10-16,94.954833984375,97.04000091552734,97.38999938964844,96.93000030517578,97.38999938964844,7403300,JNK
2025-10-17,95.1505355834961,97.23999786376953,97.26000213623047,96.93000030517578,96.93000030517578,5945500,JNK
2025-10-20,95.35601806640625,97.44999694824219,97.4800033569336,97.2699966430664,97.2699966430664,3115500,JNK
2025-10-21,95.27774810791016,97.37000274658203,97.51000213623047,97.30000305175781,97.44000244140625,4900900,JNK
2025-10-22,95.17989349365234,97.2699966430664,97.37000274658203,97.12999725341797,97.33000183105469,6877900,JNK
2025-10-23,95.35601806640625,97.44999694824219,97.44999694824219,97.2699966430664,97.30000305175781,3572600,JNK
2025-10-24,95.63978576660156,97.73999786376953,97.76000213623047,97.5999984741211,97.75,4028600,JNK
2025-10-27,95.91377258300781,98.0199966430664,98.08000183105469,97.81999969482422,97.87000274658203,3414100,JNK
2025-10-28,95.80614471435547,97.91000366210938,98.0199966430664,97.9000015258789,98.0199966430664,3366700,JNK
2025-10-29,95.52236938476562,97.62000274658203,97.95999908447266,97.55999755859375,97.94000244140625,5685600,JNK
2025-10-30,95.29731750488281,97.38999938964844,97.61000061035156,97.37999725341797,97.51000213623047,5222100,JNK
2025-10-31,95.29731750488281,97.38999938964844,97.62000274658203,97.3499984741211,97.52999877929688,3228600,JNK
2025-11-03,95.02477264404297,96.58000183105469,96.91999816894531,96.58000183105469,96.9000015258789,4404500,JNK
2025-11-04,95.00508880615234,96.55999755859375,96.66000366210938,96.3499984741211,96.36000061035156,5333100,JNK
2025-11-05,95.09364318847656,96.6500015258789,96.7300033569336,96.56999969482422,96.61000061035156,3326700,JNK
2025-11-06,95.14282989501953,96.69999694824219,96.77999877929688,96.54000091552734,96.76000213623047,5003100,JNK
2025-11-07,95.20187377929688,96.76000213623047,96.79000091552734,96.47000122070312,96.63999938964844,3894500,JNK
2025-11-10,95.52655792236328,97.08999633789062,97.18000030517578,96.9000015258789,96.94000244140625,3900700,JNK
2025-11-11,95.6938247680664,97.26000213623047,97.2699966430664,97.12000274658203,97.12000274658203,1769000,JNK
2025-11-12,95.467529296875,97.02999877929688,97.33000183105469,97.0,97.29000091552734,11206100,JNK
2025-11-13,95.04444885253906,96.5999984741211,96.9000015258789,96.54000091552734,96.9000015258789,4900200,JNK
2025-11-14,95.07396697998047,96.62999725341797,96.83999633789062,96.43000030517578,96.48999786376953,4951800,JNK
2025-11-17,94.90670013427734,96.45999908447266,96.68000030517578,96.37999725341797,96.61000061035156,4918100,JNK
2025-11-18,94.85751342773438,96.41000366210938,96.55999755859375,96.31999969482422,96.33000183105469,5667600,JNK
2025-11-19,94.93621826171875,96.48999786376953,96.69000244140625,96.44999694824219,96.48999786376953,5138100,JNK
2025-11-20,94.91654205322266,96.47000122070312,96.94000244140625,96.47000122070312,96.81999969482422,7773700,JNK
2025-11-21,95.20187377929688,96.76000213623047,96.8499984741211,96.5,96.62000274658203,5874100,JNK
2025-11-24,95.47736358642578,97.04000091552734,97.08000183105469,96.83000183105469,96.87000274658203,5947500,JNK
2025-11-25,95.85124206542969,97.41999816894531,97.47000122070312,97.0,97.05000305175781,8260300,JNK
2025-11-26,95.99882507324219,97.56999969482422,97.62999725341797,97.36000061035156,97.41999816894531,5126800,JNK
2025-11-28,96.07754516601562,97.6500015258789,97.73999786376953,97.58000183105469,97.6500015258789,1931200,JNK
2025-12-01,95.91728210449219,96.95999908447266,97.0199966430664,96.81999969482422,96.83000183105469,5179800,JNK
2025-12-02,96.065673828125,97.11000061035156,97.16999816894531,96.97000122070312,97.02999877929688,4015000,JNK
2025-12-03,96.21406555175781,97.26000213623047,97.36000061035156,97.0999984741211,97.16999816894531,3997600,JNK
2025-12-04,96.24374389648438,97.29000091552734,97.31999969482422,97.0999984741211,97.27999877929688,8274600,JNK
2025-12-05,96.24374389648438,97.29000091552734,97.38999938964844,97.20999908447266,97.25,3637500,JNK
2025-12-08,96.03599548339844,97.08000183105469,97.29000091552734,97.0,97.29000091552734,8986700,JNK
2025-12-09,95.89749908447266,96.94000244140625,97.12999725341797,96.94000244140625,97.06999969482422,7049400,JNK
2025-12-10,96.23384094238281,97.27999877929688,97.37000274658203,96.9000015258789,96.91999816894531,6958500,JNK
2025-12-11,96.22395324707031,97.2699966430664,97.33000183105469,97.20999908447266,97.27999877929688,5288200,JNK
2025-12-12,96.02610778808594,97.06999969482422,97.25,97.05000305175781,97.25,4152500,JNK
2025-12-15,96.12503051757812,97.16999816894531,97.2300033569336,97.0999984741211,97.2300033569336,4423200,JNK
2025-12-16,96.13491821289062,97.18000030517578,97.20999908447266,97.05000305175781,97.1500015258789,4883200,JNK
2025-12-17,96.02610778808594,97.06999969482422,97.18000030517578,96.98999786376953,97.16999816894531,4450400,JNK
2025-12-18,96.2955551147461,96.8499984741211,96.91999816894531,96.73999786376953,96.87999725341797,4284400,JNK
2025-12-19,96.2657241821289,96.81999969482422,96.95999908447266,96.79000091552734,96.88999938964844,2493600,JNK
2025-12-22,96.35521697998047,96.91000366210938,96.94999694824219,96.7699966430664,96.94000244140625,4116300,JNK
2025-12-23,96.43475341796875,96.98999786376953,97.0199966430664,96.79000091552734,96.87999725341797,2883200,JNK
2025-12-24,96.65349578857422,97.20999908447266,97.22000122070312,97.01000213623047,97.0199966430664,1189700,JNK
2025-12-26,96.6037826538086,97.16000366210938,97.27999877929688,97.1500015258789,97.23999786376953,1496000,JNK
2025-12-29,96.63361358642578,97.19000244140625,97.22000122070312,97.06999969482422,97.08999633789062,1969900,JNK
2025-12-30,96.74298095703125,97.30000305175781,97.31999969482422,97.18000030517578,97.20999908447266,3102000,JNK
2025-12-31,96.65349578857422,97.20999908447266,97.3499984741211,97.19000244140625,97.33000183105469,2906500,JNK
2026-01-02,96.68331909179688,97.23999786376953,97.31999969482422,97.1500015258789,97.31999969482422,4176800,JNK
2026-01-05,96.94183349609375,97.5,97.55000305175781,97.30999755859375,97.31999969482422,4074200,JNK
2026-01-06,96.98160552978516,97.54000091552734,97.58000183105469,97.44000244140625,97.54000091552734,2812900,JNK
2026-01-07,96.95177459716797,97.51000213623047,97.63999938964844,97.45999908447266,97.61000061035156,2263700,JNK
2026-01-08,97.03131103515625,97.58999633789062,97.61000061035156,97.41000366210938,97.41000366210938,4207700,JNK
2026-01-09,97.13074493408203,97.69000244140625,97.7300033569336,97.62000274658203,97.6500015258789,3106900,JNK
2026-01-12,97.12080383300781,97.68000030517578,97.70999908447266,97.5199966430664,97.5199966430664,2747000,JNK
2026-01-13,97.15062713623047,97.70999908447266,97.75,97.63999938964844,97.75,2683600,JNK
2026-01-14,97.18045806884766,97.73999786376953,97.76000213623047,97.61000061035156,97.68000030517578,3743800,JNK
2026-01-15,97.18045806884766,97.73999786376953,97.80999755859375,97.69999694824219,97.80999755859375,3245500,JNK
2026-01-16,97.26000213623047,97.81999969482422,97.87000274658203,97.73999786376953,97.83999633789062,2861200,JNK
2026-01-20,97.03131103515625,97.58999633789062,97.66000366210938,97.3499984741211,97.3499984741211,3367000,JNK
2026-01-21,97.29977416992188,97.86000061035156,97.91999816894531,97.68000030517578,97.69999694824219,3689500,JNK
2026-01-22,97.35942840576172,97.91999816894531,98.02999877929688,97.87999725341797,97.95999908447266,3226400,JNK
2026-01-23,97.3097152709961,97.87000274658203,97.95999908447266,97.7699966430664,97.94000244140625,4119700,JNK
2026-01-26,97.35942840576172,97.91999816894531,98.0199966430664,97.87000274658203,97.97000122070312,1966800,JNK
2026-01-27,97.3494873046875,97.91000366210938,97.97000122070312,97.87999725341797,97.91999816894531,3218500,JNK
2026-01-28,97.19039916992188,97.75,97.91999816894531,97.75,97.91999816894531,5057100,JNK
2026-01-29,97.20034790039062,97.76000213623047,97.8499984741211,97.62000274658203,97.81999969482422,3679200,JNK
2026-01-30,97.26000213623047,97.81999969482422,97.87000274658203,97.66000366210938,97.70999908447266,4831000,JNK
2026-02-02,97.37999725341797,97.37999725341797,97.4000015258789,97.20999908447266,97.23999786376953,4192400,JNK
2026-02-03,97.29000091552734,97.29000091552734,97.44000244140625,97.0999984741211,97.37999725341797,5756200,JNK
2026-02-04,97.11000061035156,97.11000061035156,97.30999755859375,97.05000305175781,97.25,6130100,JNK
2026-02-05,97.05999755859375,97.05999755859375,97.16000366210938,96.95999908447266,97.08000183105469,4256000,JNK
2026-02-06,97.4000015258789,97.4000015258789,97.41999816894531,97.19000244140625,97.26000213623047,4339700,JNK
2026-02-09,97.54000091552734,97.54000091552734,97.56999969482422,97.37000274658203,97.37999725341797,4766600,JNK
2026-02-10,97.48999786376953,97.48999786376953,97.68000030517578,97.38999938964844,97.5999984741211,3191500,JNK
2026-02-11,97.4800033569336,97.4800033569336,97.62000274658203,97.33000183105469,97.58999633789062,3284500,JNK
2026-02-12,97.37000274658203,97.37000274658203,97.62000274658203,97.33999633789062,97.58000183105469,5057000,JNK
2026-02-13,97.4800033569336,97.4800033569336,97.58000183105469,97.4000015258789,97.44000244140625,5124200,JNK
2026-02-17,97.38999938964844,97.38999938964844,97.47000122070312,97.33000183105469,97.43000030517578,3970700,JNK
2026-02-18,97.52999877929688,97.52999877929688,97.62000274658203,97.43000030517578,97.44999694824219,2987300,JNK
2026-02-19,97.55000305175781,97.55000305175781,97.55999755859375,97.44000244140625,97.51000213623047,2319600,JNK
2026-02-20,97.62000274658203,97.62000274658203,97.6500015258789,97.48999786376953,97.54000091552734,3551500,JNK
2026-02-23,97.5,97.5,97.6500015258789,97.44999694824219,97.62000274658203,2880600,JNK
2026-02-24,97.38999938964844,97.38999938964844,97.48999786376953,97.22000122070312,97.44000244140625,4108700,JNK
2026-02-25,97.55999755859375,97.55999755859375,97.55999755859375,97.44999694824219,97.5,2226400,JNK
2026-02-26,97.4800033569336,97.4800033569336,97.62999725341797,97.3499984741211,97.62999725341797,5252700,JNK
2026-02-27,97.25,97.25,97.41000366210938,97.2300033569336,97.36000061035156,4561900,JNK
2026-03-02,96.47000122070312,96.47000122070312,96.58000183105469,96.4000015258789,96.4000015258789,849697,JNK
