Date,Adj Close,Close,High,Low,Open,Volume,SEC_ID
2005-05-10,80.09829711914062,116.5999984741211,117.5,116.38999938964844,117.36000061035156,74613500,SPY
2005-05-11,80.53794860839844,117.23999786376953,117.4000015258789,115.8499984741211,116.93000030517578,91647400,SPY
2005-05-12,79.6517562866211,115.94999694824219,117.58999633789062,115.94999694824219,117.31999969482422,95086800,SPY
2005-05-13,79.49376678466797,115.72000122070312,116.62000274658203,114.80000305175781,116.30000305175781,85267000,SPY
2005-05-16,80.23568725585938,116.80000305175781,116.83999633789062,115.66000366210938,115.69999694824219,49207000,SPY
2005-05-17,80.77152252197266,117.58000183105469,117.69999694824219,116.16000366210938,116.41000366210938,61071800,SPY
2005-05-18,81.60270690917969,118.79000091552734,119.08000183105469,118.01000213623047,118.08999633789062,77944900,SPY
2005-05-19,81.9461898803711,119.29000091552734,119.41000366210938,118.69999694824219,119.0199966430664,61768100,SPY
2005-05-20,81.82939147949219,119.12000274658203,119.38999938964844,118.73999786376953,119.33999633789062,46345500,SPY
2005-05-23,82.28276824951172,119.77999877929688,120.04000091552734,119.19000244140625,119.20999908447266,51047900,SPY
2005-05-24,82.0904541015625,119.5,119.83000183105469,119.19999694824219,119.44000244140625,50654100,SPY
2005-05-25,82.02864837646484,119.41000366210938,119.87000274658203,118.83000183105469,119.3499984741211,47608800,SPY
2005-05-26,82.46825408935547,120.05000305175781,120.20999908447266,119.62000274658203,119.79000091552734,43256200,SPY
2005-05-27,82.60562133789062,120.25,120.25,119.80000305175781,120.05999755859375,24596100,SPY
2005-05-31,82.07666015625,119.4800033569336,120.16999816894531,119.4000015258789,120.08000183105469,43377200,SPY
2005-06-01,82.77738952636719,120.5,120.91999816894531,119.44999694824219,119.5199966430664,69611000,SPY
2005-06-02,82.95597839355469,120.76000213623047,120.83999633789062,120.0999984741211,120.2300033569336,39704500,SPY
2005-06-03,82.53697204589844,120.1500015258789,120.88999938964844,119.7300033569336,120.55000305175781,60999400,SPY
2005-06-06,82.46141815185547,120.04000091552734,120.19999694824219,119.55000305175781,119.94999694824219,36046400,SPY
2005-06-07,82.5232162475586,120.12999725341797,121.25,120.01000213623047,120.38999938964844,66501300,SPY
2005-06-08,82.3720703125,119.91000366210938,120.58999633789062,119.66999816894531,120.43000030517578,46881200,SPY
2005-06-09,82.76365661621094,120.4800033569336,120.58000183105469,119.44000244140625,119.73999786376953,56653300,SPY
2005-06-10,82.5713119506836,120.19999694824219,120.6500015258789,119.5999984741211,120.55999755859375,36465300,SPY
2005-06-13,82.83234405517578,120.58000183105469,121.08000183105469,119.80999755859375,119.94000244140625,49383200,SPY
2005-06-14,83.02472686767578,120.86000061035156,121.19999694824219,120.37999725341797,120.44999694824219,33857100,SPY
2005-06-15,83.18272399902344,121.08999633789062,121.23999786376953,120.2300033569336,121.16000366210938,53195600,SPY
2005-06-16,83.3956527709961,121.4000015258789,121.63999938964844,120.91999816894531,121.05999755859375,46564500,SPY
2005-06-17,83.70462799072266,121.36000061035156,121.9000015258789,121.22000122070312,121.54000091552734,51529400,SPY
2005-06-20,83.73223114013672,121.4000015258789,121.83999633789062,120.94000244140625,121.08000183105469,41019400,SPY
2005-06-21,83.780517578125,121.47000122070312,121.6500015258789,121.02999877929688,121.5,39879800,SPY
2005-06-22,83.8495101928711,121.56999969482422,121.94000244140625,121.06999969482422,121.68000030517578,46310100,SPY
2005-06-23,82.6700668334961,119.86000061035156,121.5999984741211,119.83000183105469,121.31999969482422,62185600,SPY
2005-06-24,82.06312561035156,118.9800033569336,120.01000213623047,118.83999633789062,119.87999725341797,58572500,SPY
2005-06-27,82.18036651611328,119.1500015258789,119.41000366210938,118.75,118.97000122070312,48183800,SPY
2005-06-28,82.8700942993164,120.1500015258789,120.23999786376953,119.37000274658203,119.4000015258789,41174200,SPY
2005-06-29,82.64936065673828,119.83000183105469,120.4000015258789,119.76000213623047,120.37000274658203,42316500,SPY
2005-06-30,82.20103454589844,119.18000030517578,120.31999969482422,118.94999694824219,120.22000122070312,62288800,SPY
2005-07-01,82.44245147705078,119.52999877929688,119.80000305175781,119.20999908447266,119.44999694824219,49737500,SPY
2005-07-05,83.10459899902344,120.48999786376953,120.6500015258789,119.19000244140625,119.25,51549000,SPY
2005-07-06,82.40795135498047,119.4800033569336,120.6500015258789,119.41000366210938,120.38999938964844,52363600,SPY
2005-07-07,82.73213958740234,119.94999694824219,119.94999694824219,118.26000213623047,118.29000091552734,103268800,SPY
2005-07-08,83.67706298828125,121.31999969482422,121.31999969482422,119.72000122070312,119.97000122070312,64491200,SPY
2005-07-11,84.10467529296875,121.94000244140625,122.0999984741211,121.30999755859375,121.33000183105469,49688300,SPY
2005-07-12,84.32540893554688,122.26000213623047,122.62999725341797,121.63999938964844,121.98999786376953,51871100,SPY
2005-07-13,84.44261932373047,122.43000030517578,122.5199966430664,121.98999786376953,122.2699966430664,41182300,SPY
2005-07-14,84.77371215820312,122.91000366210938,123.44000244140625,122.48999786376953,122.9800033569336,63638800,SPY
2005-07-15,84.72540283203125,122.83999633789062,123.04000091552734,122.36000061035156,122.79000091552734,56075900,SPY
2005-07-18,84.387451171875,122.3499984741211,122.62999725341797,122.05000305175781,122.5,56598400,SPY
2005-07-19,84.84956359863281,123.0199966430664,123.11000061035156,122.41000366210938,122.70999908447266,59165700,SPY
2005-07-20,85.13928985595703,123.44000244140625,123.7300033569336,122.30000305175781,122.58999633789062,69477000,SPY
2005-07-21,84.64266967773438,122.72000122070312,123.61000061035156,122.47000122070312,123.55000305175781,101110900,SPY
2005-07-22,85.20822143554688,123.54000091552734,123.55999755859375,122.62999725341797,122.87999725341797,52607100,SPY
2005-07-25,84.96686553955078,123.19000244140625,123.94999694824219,122.8499984741211,123.41000366210938,57301600,SPY
2005-07-26,85.07032012939453,123.33999633789062,123.52999877929688,122.94999694824219,123.2300033569336,42758800,SPY
2005-07-27,85.38066101074219,123.79000091552734,123.88999938964844,123.05000305175781,123.5,43181600,SPY
2005-07-28,85.91865539550781,124.56999969482422,124.63999938964844,123.63999938964844,123.95999908447266,47880700,SPY
2005-07-29,85.34620666503906,123.73999786376953,124.62999725341797,123.5,124.41000366210938,62358100,SPY
2005-08-01,85.28410339355469,123.6500015258789,124.04000091552734,123.44999694824219,123.83000183105469,40418200,SPY
2005-08-02,85.79449462890625,124.38999938964844,124.5999984741211,123.73999786376953,123.87000274658203,45147400,SPY
2005-08-03,86.02210235595703,124.72000122070312,124.73999786376953,124.12000274658203,124.25,36837200,SPY
2005-08-04,85.33238983154297,123.72000122070312,124.30999755859375,123.56999969482422,124.2300033569336,50855600,SPY
2005-08-05,84.75302124023438,122.87999725341797,123.9800033569336,122.66999816894531,123.44999694824219,53595500,SPY
2005-08-08,84.59439849853516,122.6500015258789,123.41000366210938,122.37999725341797,123.1500015258789,47616000,SPY
2005-08-09,85.10479736328125,123.38999938964844,123.58999633789062,122.87000274658203,123.05999755859375,47170000,SPY
2005-08-10,85.06336975097656,123.33000183105469,124.5,122.81999969482422,123.81999969482422,72863700,SPY
2005-08-11,85.40138244628906,123.81999969482422,124.02999877929688,123.01000213623047,123.2699966430664,58570200,SPY
2005-08-12,84.87715911865234,123.05999755859375,123.69000244140625,122.75,123.56999969482422,54776900,SPY
2005-08-15,85.40138244628906,123.81999969482422,123.87000274658203,122.83000183105469,123.22000122070312,36208500,SPY
2005-08-16,84.29090881347656,122.20999908447266,123.5199966430664,122.08999633789062,123.44000244140625,71942100,SPY
2005-08-17,84.28400421142578,122.19999694824219,122.87000274658203,122.02999877929688,122.19000244140625,62275100,SPY
2005-08-18,84.27709197998047,122.19000244140625,122.55999755859375,121.83999633789062,122.05000305175781,53388600,SPY
2005-08-19,84.47020721435547,122.47000122070312,122.81999969482422,122.19999694824219,122.62999725341797,39842100,SPY
2005-08-22,84.47020721435547,122.47000122070312,123.2300033569336,121.87999725341797,122.58000183105469,69912000,SPY
2005-08-23,84.31158447265625,122.23999786376953,122.61000061035156,121.1500015258789,122.5,55168600,SPY
2005-08-24,83.55982971191406,121.1500015258789,122.7300033569336,121.08999633789062,121.94000244140625,79104600,SPY
2005-08-25,83.86331176757812,121.58999633789062,121.66999816894531,121.20999908447266,121.3499984741211,35631100,SPY
2005-08-26,83.29082489013672,120.76000213623047,121.48999786376953,120.68000030517578,121.4800033569336,61956800,SPY
2005-08-29,83.93225860595703,121.69000244140625,121.77999877929688,120.37999725341797,120.41000366210938,56179200,SPY
2005-08-30,83.49081420898438,121.05000305175781,121.30000305175781,120.38999938964844,121.25,74160200,SPY
2005-08-31,84.54608154296875,122.58000183105469,122.66000366210938,120.73999786376953,121.19000244140625,102945200,SPY
2005-09-01,84.48403930664062,122.48999786376953,123.1500015258789,121.13999938964844,122.5199966430664,74578700,SPY
2005-09-02,84.33229064941406,122.2699966430664,122.87999725341797,122.04000091552734,122.8499984741211,47653400,SPY
2005-09-06,85.318603515625,123.69999694824219,123.80000305175781,122.6500015258789,122.66000366210938,57251300,SPY
2005-09-07,85.46346282958984,123.91000366210938,124.12999725341797,123.45999908447266,123.62999725341797,41749700,SPY
2005-09-08,85.1806411743164,123.5,124.0,123.30999755859375,123.66000366210938,39068700,SPY
2005-09-09,85.9393539428711,124.5999984741211,124.73999786376953,123.80000305175781,123.83000183105469,43093900,SPY
2005-09-12,85.76689147949219,124.3499984741211,124.66999816894531,124.2699966430664,124.44999694824219,33017600,SPY
2005-09-13,85.291015625,123.66000366210938,124.41999816894531,123.5199966430664,124.12999725341797,58427500,SPY
2005-09-14,84.98065185546875,123.20999908447266,123.91999816894531,123.0199966430664,123.73999786376953,57694600,SPY
2005-09-15,84.9392318725586,123.1500015258789,123.6500015258789,122.9000015258789,123.58999633789062,73156900,SPY
2005-09-16,85.54322814941406,123.5,123.73999786376953,122.87000274658203,123.30000305175781,75424100,SPY
2005-09-19,85.25926208496094,123.08999633789062,123.55000305175781,122.63999938964844,123.47000122070312,53355300,SPY
2005-09-20,84.53889465332031,122.05000305175781,123.61000061035156,121.87000274658203,123.19999694824219,84480300,SPY
2005-09-21,83.7492446899414,120.91000366210938,121.87000274658203,120.77999877929688,121.79000091552734,94469100,SPY
2005-09-22,84.04708099365234,121.33999633789062,121.66000366210938,120.44000244140625,120.94999694824219,84597200,SPY
2005-09-23,84.1163558959961,121.44000244140625,121.88999938964844,120.9000015258789,121.23999786376953,59368100,SPY
2005-09-26,84.2133560180664,121.58000183105469,122.23999786376953,121.08000183105469,122.0199966430664,70415400,SPY
2005-09-27,84.19255065917969,121.55000305175781,121.98999786376953,121.0199966430664,121.5199966430664,66150800,SPY
2005-09-28,84.27565002441406,121.66999816894531,122.12000274658203,121.19999694824219,121.93000030517578,58620500,SPY
2005-09-29,84.96142578125,122.66000366210938,122.86000061035156,121.08000183105469,121.55000305175781,66607700,SPY
2005-09-30,85.22457122802734,123.04000091552734,123.04000091552734,121.73999786376953,122.62000274658203,47824200,SPY
2005-10-03,84.91985321044922,122.5999984741211,123.33999633789062,122.44999694824219,122.95999908447266,50994800,SPY
2005-10-04,83.96400451660156,121.22000122070312,123.02999877929688,121.16000366210938,122.79000091552734,60776300,SPY
2005-10-05,82.86266326904297,119.62999725341797,121.30999755859375,119.56999969482422,121.25,106052100,SPY
2005-10-06,82.56482696533203,119.19999694824219,120.26000213623047,118.16999816894531,119.77999877929688,140941800,SPY
2005-10-07,82.84882354736328,119.61000061035156,120.05000305175781,119.12999725341797,119.69999694824219,75661400,SPY
2005-10-10,82.14921569824219,118.5999984741211,119.70999908447266,118.30000305175781,119.68000030517578,52677000,SPY
2005-10-11,82.03146362304688,118.43000030517578,119.38999938964844,118.31999969482422,118.98999786376953,75629800,SPY
2005-10-12,81.38729095458984,117.5,119.12999725341797,117.41000366210938,118.38999938964844,100510400,SPY
2005-10-13,81.33879089355469,117.43000030517578,118.08000183105469,116.87999725341797,117.45999908447266,99052900,SPY
2005-10-14,82.19768524169922,118.66999816894531,118.80999755859375,117.55999755859375,118.12000274658203,88651000,SPY
2005-10-17,82.50248718261719,119.11000061035156,119.2699966430664,118.44999694824219,118.80000305175781,68109300,SPY
2005-10-18,81.60893249511719,117.81999969482422,118.95999908447266,117.80000305175781,118.94000244140625,74996900,SPY
2005-10-19,82.96654510498047,119.77999877929688,119.80000305175781,117.12000274658203,117.5,116563800,SPY
2005-10-20,81.50504302978516,117.66999816894531,119.80999755859375,117.30000305175781,119.48999786376953,131966700,SPY
2005-10-21,81.82366943359375,118.12999725341797,118.77999877929688,117.51000213623047,118.29000091552734,96579500,SPY
2005-10-24,83.09125518798828,119.95999908447266,120.08999633789062,118.41000366210938,118.44000244140625,71308400,SPY
2005-10-25,82.9250259399414,119.72000122070312,120.23999786376953,118.94000244140625,119.72000122070312,76594500,SPY
2005-10-26,82.68257141113281,119.37000274658203,120.54000091552734,119.19000244140625,119.51000213623047,80855800,SPY
2005-10-27,81.80289459228516,118.0999984741211,119.37000274658203,117.93000030517578,119.19999694824219,66623100,SPY
2005-10-28,82.98043060302734,119.80000305175781,119.94999694824219,118.0999984741211,118.43000030517578,72322000,SPY
2005-10-31,83.20895385742188,120.12999725341797,121.30000305175781,120.12999725341797,120.29000091552734,77698900,SPY
2005-11-01,83.45834350585938,120.48999786376953,120.9000015258789,120.22000122070312,120.58000183105469,66365100,SPY
2005-11-02,84.33111572265625,121.75,121.75,120.12999725341797,120.16999816894531,74012300,SPY
2005-11-03,84.69126892089844,122.2699966430664,122.66000366210938,121.75,122.1500015258789,84897600,SPY
2005-11-04,84.58047485351562,122.11000061035156,122.45999908447266,121.55000305175781,122.4000015258789,59156000,SPY
2005-11-07,84.66355895996094,122.2300033569336,122.62000274658203,121.8499984741211,122.37000274658203,46765400,SPY
2005-11-08,84.66355895996094,122.2300033569336,122.41999816894531,121.79000091552734,121.93000030517578,42152800,SPY
2005-11-09,84.77442169189453,122.38999938964844,122.94999694824219,121.86000061035156,122.08000183105469,57666800,SPY
2005-11-10,85.43244934082031,123.33999633789062,123.5199966430664,121.75,122.33999633789062,79048100,SPY
2005-11-11,85.72335815429688,123.76000213623047,123.83999633789062,122.43000030517578,123.3499984741211,34867000,SPY
2005-11-14,85.67486572265625,123.69000244140625,124.0199966430664,123.37999725341797,123.79000091552734,45092200,SPY
2005-11-15,85.3631591796875,123.23999786376953,124.08999633789062,122.86000061035156,123.55000305175781,69592500,SPY
2005-11-16,85.53633880615234,123.48999786376953,123.55000305175781,122.9800033569336,123.37000274658203,51133000,SPY
2005-11-17,86.33287048339844,124.63999938964844,124.6500015258789,123.13999938964844,123.68000030517578,55717500,SPY
2005-11-18,86.67227172851562,125.12999725341797,125.27999877929688,124.33000183105469,125.05999755859375,72437200,SPY
2005-11-21,87.108642578125,125.76000213623047,125.91000366210938,124.9800033569336,125.1500015258789,50021200,SPY
2005-11-22,87.48269653320312,126.30000305175781,126.5199966430664,125.41999816894531,125.55999755859375,66438800,SPY
2005-11-23,87.9883041381836,127.02999877929688,127.41000366210938,126.20999908447266,126.25,50854700,SPY
2005-11-25,88.05756378173828,127.12999725341797,127.22000122070312,126.80999755859375,126.9800033569336,15270000,SPY
2005-11-28,87.4342041015625,126.2300033569336,127.2699966430664,126.04000091552734,127.25,54498500,SPY
2005-11-29,87.33724212646484,126.08999633789062,126.9800033569336,126.08999633789062,126.6500015258789,51738900,SPY
2005-11-30,86.86624145507812,125.41000366210938,126.5199966430664,125.29000091552734,126.16000366210938,56007200,SPY
2005-12-01,87.75284576416016,126.69000244140625,127.02999877929688,125.9800033569336,126.0199966430664,65468200,SPY
2005-12-02,87.86363983154297,126.8499984741211,127.08000183105469,126.5,126.7699966430664,46699400,SPY
2005-12-05,87.67664337158203,126.58000183105469,126.7300033569336,126.18000030517578,126.69999694824219,59273400,SPY
2005-12-06,87.84285736083984,126.81999969482422,127.73999786376953,126.62999725341797,127.05000305175781,57935200,SPY
2005-12-07,87.33027648925781,126.08000183105469,126.87000274658203,125.68000030517578,126.7699966430664,66816500,SPY
2005-12-08,87.27487182617188,126.0,126.81999969482422,125.4800033569336,126.22000122070312,62608600,SPY
2005-12-09,87.50344848632812,126.33000183105469,126.77999877929688,125.81999969482422,126.16000366210938,50744500,SPY
2005-12-12,87.58660888671875,126.44999694824219,126.86000061035156,125.95999908447266,126.70999908447266,48389900,SPY
2005-12-13,88.18228149414062,127.30999755859375,127.69999694824219,126.29000091552734,126.41999816894531,88630900,SPY
2005-12-14,88.52861022949219,127.80999755859375,128.08999633789062,127.13999938964844,127.19000244140625,64375000,SPY
2005-12-15,88.2723159790039,127.44000244140625,128.0,127.18000030517578,127.83999633789062,55900300,SPY
2005-12-16,87.98820495605469,126.36000061035156,127.36000061035156,126.36000061035156,127.27999877929688,46238300,SPY
2005-12-19,87.53556060791016,125.70999908447266,126.87000274658203,125.69000244140625,126.7300033569336,48733000,SPY
2005-12-20,87.6191635131836,125.83000183105469,126.58999633789062,125.4800033569336,125.86000061035156,46603200,SPY
2005-12-21,87.75843048095703,126.02999877929688,126.76000213623047,125.80000305175781,126.22000122070312,51806900,SPY
2005-12-22,88.21797943115234,126.69000244140625,126.69000244140625,126.08000183105469,126.30999755859375,32247900,SPY
2005-12-23,88.2667465209961,126.76000213623047,126.86000061035156,126.41999816894531,126.77999877929688,27977300,SPY
2005-12-27,87.36846923828125,125.47000122070312,127.05000305175781,125.37999725341797,126.95999908447266,44499500,SPY
2005-12-28,87.56346893310547,125.75,125.98999786376953,125.5,125.73999786376953,30764300,SPY
2005-12-29,87.17349243164062,125.19000244140625,125.95999908447266,125.05999755859375,125.72000122070312,32788900,SPY
2005-12-30,86.70000457763672,124.51000213623047,125.05999755859375,124.36000061035156,124.80000305175781,44645600,SPY
2006-01-03,88.22496795654297,126.69999694824219,127.0,124.38999938964844,125.19000244140625,73256700,SPY
2006-01-04,88.6427993774414,127.30000305175781,127.48999786376953,126.69999694824219,126.86000061035156,51899600,SPY
2006-01-05,88.69847106933594,127.37999725341797,127.58999633789062,126.87999725341797,127.1500015258789,47307500,SPY
2006-01-06,89.43660736083984,128.44000244140625,128.5800018310547,127.36000061035156,128.02000427246094,62885900,SPY
2006-01-09,89.66636657714844,128.77000427246094,129.05999755859375,128.3800048828125,128.4199981689453,43527400,SPY
2006-01-10,89.75688171386719,128.89999389648438,128.97999572753906,128.25999450683594,128.38999938964844,44960800,SPY
2006-01-11,90.0423583984375,129.30999755859375,129.44000244140625,128.72999572753906,129.02000427246094,49598900,SPY
2006-01-12,89.687255859375,128.8000030517578,129.27999877929688,128.44000244140625,129.0800018310547,40509200,SPY
2006-01-13,89.60369110107422,128.67999267578125,128.89999389648438,128.1999969482422,128.57000732421875,44856700,SPY
2006-01-17,89.35997009277344,128.3300018310547,128.4199981689453,127.80999755859375,128.1999969482422,52066600,SPY
2006-01-18,89.00486755371094,127.81999969482422,128.89999389648438,127.16000366210938,127.58000183105469,75067600,SPY
2006-01-19,89.34603881835938,128.30999755859375,128.77000427246094,127.80999755859375,128.1300048828125,81530400,SPY
2006-01-20,87.71665954589844,125.97000122070312,128.30999755859375,125.97000122070312,128.27999877929688,114957800,SPY
2006-01-23,88.02999114990234,126.41999816894531,126.81999969482422,126.12999725341797,126.20999908447266,67017400,SPY
2006-01-24,88.12051391601562,126.55000305175781,127.1500015258789,126.41999816894531,126.62999725341797,53008800,SPY
2006-01-25,88.19711303710938,126.66000366210938,127.18000030517578,125.83999633789062,127.04000091552734,87747700,SPY
2006-01-26,88.68453216552734,127.36000061035156,127.66999816894531,126.76000213623047,127.25,71294000,SPY
2006-01-27,89.50621032714844,128.5399932861328,128.66000366210938,127.44999694824219,127.66000366210938,65771200,SPY
2006-01-30,89.43660736083984,128.44000244140625,128.80999755859375,128.35000610351562,128.44000244140625,33709600,SPY
2006-01-31,88.78202819824219,127.5,128.5399932861328,127.48999786376953,128.32000732421875,72937000,SPY
2006-02-01,89.40174865722656,128.38999938964844,128.42999267578125,127.72000122070312,127.81999969482422,63561000,SPY
2006-02-02,88.36421203613281,126.9000015258789,128.13999938964844,126.80000305175781,128.10000610351562,83626900,SPY
2006-02-03,87.9255599975586,126.2699966430664,128.38999938964844,126.13999938964844,126.58000183105469,86040400,SPY
2006-02-06,88.15533447265625,126.5999984741211,126.80000305175781,126.16999816894531,126.44000244140625,45511900,SPY
2006-02-07,87.37544250488281,125.4800033569336,126.66000366210938,125.4000015258789,126.37999725341797,71208100,SPY
2006-02-08,88.16928100585938,126.62000274658203,128.10000610351562,125.5999984741211,125.8499984741211,59422200,SPY
2006-02-09,88.02301788330078,126.41000366210938,127.5999984741211,126.37000274658203,126.91999816894531,62023300,SPY
2006-02-10,88.18319702148438,126.63999938964844,127.12999725341797,125.44999694824219,126.43000030517578,64508700,SPY
2006-02-13,88.02301788330078,126.41000366210938,126.79000091552734,125.94999694824219,126.5999984741211,52308700,SPY
2006-02-14,88.95610046386719,127.75,128.02999877929688,126.20999908447266,126.45999908447266,90964400,SPY
2006-02-15,89.26943969726562,128.1999969482422,128.32000732421875,127.23999786376953,127.68000030517578,85471300,SPY
2006-02-16,89.93792724609375,129.16000366210938,129.2100067138672,128.17999267578125,128.33999633789062,61017900,SPY
2006-02-17,89.69419860839844,128.80999755859375,129.16000366210938,128.5800018310547,129.0500030517578,40342600,SPY
2006-02-21,89.47138214111328,128.49000549316406,129.39999389648438,128.2899932861328,129.11000061035156,46456300,SPY
2006-02-22,90.0145263671875,129.27000427246094,129.64999389648438,128.64999389648438,128.77000427246094,42326700,SPY
2006-02-23,89.8822250366211,129.0800018310547,129.63999938964844,128.27999877929688,129.27000427246094,43423200,SPY
2006-02-24,90.1120376586914,129.41000366210938,129.47999572753906,128.75999450683594,129.11000061035156,36777400,SPY
2006-02-27,90.1468505859375,129.4600067138672,130.0399932861328,129.27999877929688,129.39999389648438,35858600,SPY
2006-02-28,89.29033660888672,128.22999572753906,129.91000366210938,128.1300048828125,129.1999969482422,74394800,SPY
2006-03-01,90.08415985107422,129.3699951171875,129.49000549316406,128.5,128.60000610351562,48641600,SPY
2006-03-02,90.07721710205078,129.36000061035156,129.4199981689453,128.61000061035156,128.89999389648438,60642300,SPY
2006-03-03,89.65941619873047,128.75999450683594,130.07000732421875,128.64999389648438,128.6699981689453,73402500,SPY
2006-03-06,89.24858856201172,128.1699981689453,129.17999267578125,127.8499984741211,129.13999938964844,57478400,SPY
2006-03-07,89.10929870605469,127.97000122070312,128.05999755859375,127.4000015258789,127.86000061035156,61780800,SPY
2006-03-08,89.29729461669922,128.24000549316406,128.44000244140625,127.18000030517578,127.69999694824219,66692400,SPY
2006-03-09,88.69847106933594,127.37999725341797,128.67999267578125,127.37999725341797,128.27999877929688,56313600,SPY
2006-03-10,89.54100799560547,128.58999633789062,128.83999633789062,127.44000244140625,127.70999908447266,60490800,SPY
2006-03-13,89.70811462402344,128.8300018310547,129.16000366210938,128.52999877929688,128.83999633789062,45479100,SPY
2006-03-14,90.64818572998047,130.17999267578125,130.22999572753906,128.61000061035156,128.7100067138672,69877300,SPY
2006-03-15,91.05206298828125,130.75999450683594,130.86000061035156,129.85000610351562,130.14999389648438,53398900,SPY
2006-03-16,91.24008178710938,131.02999877929688,131.47000122070312,130.83999633789062,131.00999450683594,65526400,SPY
2006-03-17,91.31625366210938,130.6199951171875,130.89999389648438,130.3800048828125,130.67999267578125,47286800,SPY
2006-03-20,91.16946411132812,130.41000366210938,130.89999389648438,130.2100067138672,130.63999938964844,45538500,SPY
2006-03-21,90.59620666503906,129.58999633789062,130.99000549316406,129.4499969482422,130.3699951171875,87102700,SPY
2006-03-22,91.14849090576172,130.3800048828125,130.50999450683594,129.4499969482422,129.50999450683594,51605700,SPY
2006-03-23,90.95972442626953,130.11000061035156,130.38999938964844,129.66000366210938,130.25999450683594,46704200,SPY
2006-03-24,91.0296401977539,130.2100067138672,130.57000732421875,129.74000549316406,129.99000549316406,43209200,SPY
2006-03-27,90.89683532714844,130.02000427246094,130.27999877929688,129.74000549316406,130.02999877929688,32523000,SPY
2006-03-28,90.3375244140625,129.22000122070312,130.52999877929688,129.0500030517578,129.92999267578125,82079900,SPY
2006-03-29,90.90380859375,130.02999877929688,130.5,129.2899932861328,129.41000366210938,61505700,SPY
2006-03-30,90.74303436279297,129.8000030517578,130.97999572753906,129.5500030517578,130.11000061035156,70571700,SPY
2006-03-31,90.76396942138672,129.8300018310547,130.24000549316406,129.3699951171875,130.02000427246094,62925600,SPY
2006-04-03,90.69405364990234,129.72999572753906,130.8699951171875,129.49000549316406,130.07000732421875,61624700,SPY
2006-04-04,91.2742919921875,130.55999755859375,130.72999572753906,129.36000061035156,129.72999572753906,54809300,SPY
2006-04-05,91.58890533447266,131.00999450683594,131.27999877929688,130.3800048828125,130.61000061035156,50607200,SPY
2006-04-06,91.49105072021484,130.8699951171875,131.2100067138672,130.19000244140625,130.85000610351562,57906200,SPY
2006-04-07,90.56124114990234,129.5399932861328,131.39999389648438,129.35000610351562,131.05999755859375,80180900,SPY
2006-04-10,90.7010726928711,129.74000549316406,130.0800018310547,129.25999450683594,129.74000549316406,41496500,SPY
2006-04-11,89.93203735351562,128.63999938964844,130.05999755859375,128.25,129.85000610351562,72799400,SPY
2006-04-12,90.099853515625,128.8800048828125,129.1300048828125,128.61000061035156,128.77000427246094,43033700,SPY
2006-04-13,89.98098754882812,128.7100067138672,129.25,128.30999755859375,128.58999633789062,51051800,SPY
2006-04-17,89.946044921875,128.66000366210938,129.30999755859375,128.02000427246094,128.8300018310547,64167700,SPY
2006-04-18,91.37218475341797,130.6999969482422,130.94000244140625,128.92999267578125,128.92999267578125,92531800,SPY
2006-04-19,91.5469741821289,130.9499969482422,131.07000732421875,130.24000549316406,130.75,87269000,SPY
2006-04-20,91.67279815673828,131.1300048828125,131.86000061035156,130.60000610351562,131.0,86005500,SPY
2006-04-21,91.6867904663086,131.14999389648438,131.7899932861328,130.6199951171875,131.69000244140625,72342600,SPY
2006-04-24,91.51899719238281,130.91000366210938,131.07000732421875,130.3800048828125,130.88999938964844,52546400,SPY
2006-04-25,91.14149475097656,130.3699951171875,131.1199951171875,129.9199981689453,131.0399932861328,84359800,SPY
2006-04-26,91.16246032714844,130.39999389648438,131.13999938964844,130.3000030517578,130.5,67262400,SPY
2006-04-27,91.60289001464844,131.02999877929688,131.6300048828125,129.58999633789062,129.89999389648438,124478600,SPY
2006-04-28,91.9104995727539,131.47000122070312,131.75,130.7100067138672,130.7899932861328,55854400,SPY
2006-05-01,91.16246032714844,130.39999389648438,131.8000030517578,130.32000732421875,131.47000122070312,64990300,SPY
2006-05-02,91.84759521484375,131.3800048828125,131.4600067138672,130.74000549316406,131.00999450683594,49063500,SPY
2006-05-03,91.50501251220703,130.88999938964844,131.32000732421875,130.4499969482422,131.14999389648438,60821300,SPY
2006-05-04,91.83361053466797,131.36000061035156,131.6199951171875,130.97000122070312,131.0800018310547,42921400,SPY
2006-05-05,92.64458465576172,132.52000427246094,132.8000030517578,131.85000610351562,132.0500030517578,62588200,SPY
2006-05-08,92.53271484375,132.36000061035156,132.77000427246094,132.36000061035156,132.50999450683594,30016700,SPY
2006-05-09,92.71448516845703,132.6199951171875,132.77000427246094,132.30999755859375,132.4199981689453,29864000,SPY
2006-05-10,92.66553497314453,132.5500030517578,132.75,131.88999938964844,132.41000366210938,64378200,SPY
2006-05-11,91.5469741821289,130.9499969482422,132.5500030517578,130.52000427246094,132.50999450683594,80626900,SPY
2006-05-12,90.35149383544922,129.24000549316406,130.72000122070312,129.19000244140625,130.36000061035156,91726500,SPY
2006-05-15,90.53324127197266,129.5,129.74000549316406,128.61000061035156,128.7899932861328,84029300,SPY
2006-05-16,90.40046691894531,129.30999755859375,130.0,129.00999450683594,129.75999450683594,62137600,SPY
2006-05-17,88.68067169189453,126.8499984741211,129.10000610351562,126.7699966430664,128.6699981689453,144789500,SPY
2006-05-18,88.23322296142578,126.20999908447266,127.75,126.11000061035156,127.3499984741211,87906300,SPY
2006-05-19,88.85543823242188,127.0999984741211,127.48999786376953,125.80000305175781,126.87000274658203,124309400,SPY
2006-05-22,88.17733001708984,126.12999725341797,127.16999816894531,125.5,126.27999877929688,110852800,SPY
2006-05-23,87.50618743896484,125.16999816894531,127.62999725341797,125.16999816894531,127.18000030517578,92006500,SPY
2006-05-24,88.20527648925781,126.16999816894531,126.88999938964844,124.76000213623047,125.68000030517578,168405000,SPY
2006-05-25,89.2958755493164,127.7300033569336,127.7300033569336,126.43000030517578,126.91999816894531,78977900,SPY
2006-05-26,89.75028228759766,128.3800048828125,128.3800048828125,127.51000213623047,128.00999450683594,62989700,SPY
2006-05-30,88.15633392333984,126.0999984741211,128.0,126.05000305175781,127.97000122070312,72419900,SPY
2006-05-31,89.14207458496094,127.51000213623047,127.51000213623047,126.19999694824219,126.62000274658203,86926200,SPY
2006-06-01,89.99494934082031,128.72999572753906,128.94000244140625,127.2699966430664,127.37999725341797,73721700,SPY
2006-06-02,90.18376922607422,129.0,129.42999267578125,128.32000732421875,129.25,91702600,SPY
2006-06-05,88.86940002441406,127.12000274658203,128.86000061035156,126.7699966430664,128.85000610351562,86105100,SPY
2006-06-06,88.65274047851562,126.80999755859375,127.37999725341797,125.76000213623047,127.20999908447266,130498600,SPY
2006-06-07,87.98855590820312,125.86000061035156,127.6500015258789,125.79000091552734,126.91000366210938,108599400,SPY
2006-06-08,87.91165161132812,125.75,126.5,123.87000274658203,125.58000183105469,204957200,SPY
2006-06-09,87.63201141357422,125.3499984741211,126.95999908447266,125.29000091552734,126.36000061035156,94972200,SPY
2006-06-12,86.68125915527344,123.98999786376953,125.93000030517578,123.81999969482422,125.87999725341797,95815900,SPY
2006-06-13,85.6745376586914,122.55000305175781,124.83999633789062,122.55000305175781,123.73999786376953,185688800,SPY
2006-06-14,86.33868408203125,123.5,123.62999725341797,122.33999633789062,122.83999633789062,163566400,SPY
2006-06-15,88.17029571533203,126.12000274658203,126.36000061035156,123.86000061035156,123.94999694824219,134057000,SPY
2006-06-16,87.5278549194336,124.6500015258789,125.55999755859375,124.45999908447266,125.29000091552734,94253500,SPY
2006-06-19,86.8396987915039,123.66999816894531,125.4800033569336,123.55000305175781,125.4000015258789,95804400,SPY
2006-06-20,87.13461303710938,124.08999633789062,124.80999755859375,123.72000122070312,124.01000213623047,65494700,SPY
2006-06-21,87.78060913085938,125.01000213623047,125.69999694824219,123.95999908447266,124.0,75008200,SPY
2006-06-22,87.3944091796875,124.45999908447266,125.05999755859375,124.04000091552734,124.94999694824219,74566100,SPY
2006-06-23,87.38038635253906,124.44000244140625,125.30000305175781,124.02999877929688,124.33000183105469,54107000,SPY
2006-06-26,87.76658630371094,124.98999786376953,125.05999755859375,124.25,124.54000091552734,37899600,SPY
2006-06-27,87.00821685791016,123.91000366210938,125.29000091552734,123.7699966430664,125.01000213623047,69780200,SPY
2006-06-28,87.59807586669922,124.75,124.7699966430664,123.6500015258789,124.19000244140625,62368100,SPY
2006-06-29,89.3675308227539,127.2699966430664,127.3499984741211,125.16999816894531,125.19999694824219,110634800,SPY
2006-06-30,89.37456512451172,127.27999877929688,127.66000366210938,126.95999908447266,127.54000091552734,54227800,SPY
2006-07-03,89.73973083496094,127.80000305175781,128.00999450683594,127.30999755859375,127.43000030517578,23914000,SPY
2006-07-05,89.22711181640625,127.06999969482422,127.44999694824219,126.5199966430664,127.29000091552734,69653400,SPY
2006-07-06,89.48693084716797,127.44000244140625,127.8499984741211,127.08000183105469,127.19999694824219,50100300,SPY
2006-07-07,88.90412139892578,126.61000061035156,127.55999755859375,126.29000091552734,127.19000244140625,81626500,SPY
2006-07-10,89.07264709472656,126.8499984741211,127.43000030517578,126.41000366210938,126.94000244140625,60964100,SPY
2006-07-11,89.46586608886719,127.41000366210938,127.41000366210938,125.94000244140625,126.61000061035156,73640800,SPY
2006-07-12,88.51087188720703,126.05000305175781,127.4000015258789,125.72000122070312,127.1500015258789,82561300,SPY
2006-07-13,87.07139587402344,124.0,125.68000030517578,124.0,125.44999694824219,102405700,SPY
2006-07-14,86.73434448242188,123.5199966430664,124.26000213623047,122.83000183105469,124.12999725341797,103242500,SPY
2006-07-17,86.60794067382812,123.33999633789062,124.0999984741211,123.1500015258789,123.5199966430664,81159000,SPY
2006-07-18,87.0503158569336,123.97000122070312,124.05000305175781,122.38999938964844,123.70999908447266,122771000,SPY
2006-07-19,88.25810241699219,125.69000244140625,126.26000213623047,123.72000122070312,124.18000030517578,133565300,SPY
2006-07-20,87.65424346923828,124.83000183105469,126.30000305175781,124.66000366210938,126.12000274658203,112259800,SPY
2006-07-21,87.03627014160156,123.94999694824219,125.19000244140625,123.81999969482422,125.1500015258789,101560000,SPY
2006-07-24,88.62322998046875,126.20999908447266,126.31999969482422,124.44000244140625,124.44000244140625,92884000,SPY
2006-07-25,88.93921661376953,126.66000366210938,127.30000305175781,125.72000122070312,125.9800033569336,95480700,SPY
2006-07-26,89.05858612060547,126.83000183105469,127.44999694824219,126.18000030517578,126.58999633789062,84525800,SPY
2006-07-27,88.97431182861328,126.70999908447266,127.69000244140625,126.19999694824219,127.37999725341797,87257100,SPY
2006-07-28,89.86614227294922,127.9800033569336,128.13999938964844,126.86000061035156,127.04000091552734,82137000,SPY
2006-07-31,89.77481842041016,127.8499984741211,127.95999908447266,127.44999694824219,127.66000366210938,49593100,SPY
2006-08-01,89.33243560791016,127.22000122070312,127.37999725341797,126.5999984741211,127.33999633789062,65225600,SPY
2006-08-02,89.93632507324219,128.0800018310547,128.4600067138672,127.55000305175781,127.58000183105469,64770900,SPY
2006-08-03,90.17506408691406,128.4199981689453,128.5500030517578,127.1500015258789,127.33999633789062,63693800,SPY
2006-08-04,90.02056884765625,128.1999969482422,129.42999267578125,127.4800033569336,129.0800018310547,96294200,SPY
2006-08-07,89.8099136352539,127.9000015258789,128.0800018310547,127.4000015258789,127.9000015258789,45377300,SPY
2006-08-08,89.46586608886719,127.41000366210938,128.4600067138672,126.94999694824219,128.08999633789062,90901300,SPY
2006-08-09,89.16392517089844,126.9800033569336,128.60000610351562,126.61000061035156,128.17999267578125,78910600,SPY
2006-08-10,89.43777465820312,127.37000274658203,127.5,126.27999877929688,126.58000183105469,69322300,SPY
2006-08-11,89.18498992919922,127.01000213623047,127.19999694824219,126.38999938964844,127.16999816894531,47482200,SPY
2006-08-14,89.25521087646484,127.11000061035156,128.16000366210938,126.91999816894531,127.62999725341797,57839000,SPY
2006-08-15,90.32254791259766,128.6300048828125,128.8699951171875,127.9000015258789,128.25,68143000,SPY
2006-08-16,91.07386779785156,129.6999969482422,129.88999938964844,129.0399932861328,129.32000732421875,71737600,SPY
2006-08-17,91.30559539794922,130.02999877929688,130.3699951171875,129.49000549316406,129.5800018310547,70992800,SPY
2006-08-18,91.76907348632812,130.69000244140625,130.69000244140625,129.58999633789062,130.19000244140625,58288400,SPY
2006-08-21,91.37582397460938,130.1300048828125,130.27999877929688,129.8000030517578,130.17999267578125,42133600,SPY
2006-08-22,91.3687744140625,130.1199951171875,130.52000427246094,129.67999267578125,129.99000549316406,60839900,SPY
2006-08-23,91.11599731445312,129.75999450683594,130.44000244140625,129.19000244140625,130.17999267578125,66592100,SPY
2006-08-24,91.03877258300781,129.64999389648438,130.10000610351562,129.39999389648438,129.99000549316406,57983000,SPY
2006-08-25,91.1511001586914,129.80999755859375,130.25,129.5500030517578,129.63999938964844,41756000,SPY
2006-08-28,91.58647155761719,130.42999267578125,130.82000732421875,129.63999938964844,129.64999389648438,52681500,SPY
2006-08-29,91.69184875488281,130.5800018310547,130.8300018310547,129.80999755859375,130.49000549316406,61817800,SPY
2006-08-30,91.74798583984375,130.66000366210938,131.0399932861328,130.5500030517578,130.8699951171875,50052200,SPY
2006-08-31,91.73393249511719,130.63999938964844,130.99000549316406,130.5800018310547,130.85000610351562,37510300,SPY
2006-09-01,92.28166961669922,131.4199981689453,131.5800018310547,130.83999633789062,131.13999938964844,48794500,SPY
2006-09-05,92.45719909667969,131.6699981689453,131.85000610351562,131.1999969482422,131.50999450683594,52348300,SPY
2006-09-06,91.64263916015625,130.50999450683594,131.16000366210938,130.3300018310547,131.11000061035156,53795600,SPY
2006-09-07,91.2213363647461,129.91000366210938,130.57000732421875,129.35000610351562,130.05999755859375,86269400,SPY
2006-09-08,91.48114013671875,130.27999877929688,130.4600067138672,129.8300018310547,130.0800018310547,45096300,SPY
2006-09-11,91.57241821289062,130.41000366210938,130.69000244140625,129.47999572753906,129.86000061035156,68496600,SPY
2006-09-12,92.47122955322266,131.69000244140625,131.83999633789062,130.3699951171875,130.55999755859375,69875600,SPY
2006-09-13,92.84335327148438,132.22000122070312,132.4499969482422,131.52000427246094,131.63999938964844,62898400,SPY
2006-09-14,92.85040283203125,132.22999572753906,132.24000549316406,131.75,131.9600067138672,57805400,SPY
2006-09-15,93.06834411621094,131.9600067138672,132.38999938964844,131.67999267578125,132.30999755859375,76703100,SPY
2006-09-18,93.19529724121094,132.13999938964844,132.38999938964844,131.64999389648438,131.7899932861328,64154100,SPY
2006-09-19,92.9625473022461,131.80999755859375,132.1300048828125,131.07000732421875,132.1199951171875,92089100,SPY
2006-09-20,93.45624542236328,132.50999450683594,132.77000427246094,132.05999755859375,132.25,75204100,SPY
2006-09-21,93.0048828125,131.8699951171875,132.75,131.4199981689453,132.61000061035156,88932500,SPY
2006-09-22,92.72274017333984,131.47000122070312,131.67999267578125,131.0,131.6699981689453,65966800,SPY
2006-09-25,93.43511199951172,132.47999572753906,132.85000610351562,131.0500030517578,131.72999572753906,92299100,SPY
2006-09-26,94.21092224121094,133.5800018310547,133.60000610351562,132.39999389648438,132.5,73962700,SPY
2006-09-27,94.32374572753906,133.74000549316406,133.97000122070312,133.27000427246094,133.49000549316406,82432200,SPY
2006-09-28,94.28846740722656,133.69000244140625,133.99000549316406,133.27999877929688,133.74000549316406,58597500,SPY
2006-09-29,94.21092224121094,133.5800018310547,133.94000244140625,133.47999572753906,133.8000030517578,47966600,SPY
2006-10-02,93.85826873779297,133.0800018310547,133.8300018310547,132.9499969482422,133.5399932861328,51687400,SPY
2006-10-03,94.05572509765625,133.36000061035156,133.8699951171875,132.64999389648438,132.88999938964844,73108100,SPY
2006-10-04,95.15593719482422,134.9199981689453,135.0,133.0800018310547,133.22999572753906,80890500,SPY
2006-10-05,95.33929443359375,135.17999267578125,135.41000366210938,134.75,134.9199981689453,60505900,SPY
2006-10-06,95.21945190429688,135.00999450683594,135.10000610351562,134.39999389648438,134.9499969482422,64983600,SPY
2006-10-09,95.27584075927734,135.08999633789062,135.3000030517578,134.63999938964844,134.85000610351562,41176800,SPY
2006-10-10,95.40283966064453,135.27000427246094,135.4499969482422,134.83999633789062,135.10000610351562,56403700,SPY
2006-10-11,95.28997802734375,135.11000061035156,135.42999267578125,134.3000030517578,134.83999633789062,104071800,SPY
2006-10-12,96.11511993408203,136.27999877929688,136.38999938964844,135.39999389648438,135.4499969482422,59158600,SPY
2006-10-13,96.36197662353516,136.6300048828125,136.7100067138672,136.0399932861328,136.16000366210938,53944000,SPY
2006-10-16,96.51009368896484,136.83999633789062,137.0500030517578,136.4199981689453,136.52000427246094,42273000,SPY
2006-10-17,96.20679473876953,136.41000366210938,136.6999969482422,135.6699981689453,136.47000122070312,90500600,SPY
2006-10-18,96.33380126953125,136.58999633789062,137.3699951171875,136.10000610351562,137.0399932861328,86848600,SPY
2006-10-19,96.48892974853516,136.80999755859375,136.8800048828125,136.22999572753906,136.38999938964844,64063200,SPY
2006-10-20,96.51009368896484,136.83999633789062,136.9499969482422,136.3300018310547,136.83999633789062,48094500,SPY
2006-10-23,96.95442199707031,137.47000122070312,137.8000030517578,136.38999938964844,136.55999755859375,66219900,SPY
2006-10-24,97.24356842041016,137.8800048828125,137.92999267578125,137.22000122070312,137.27999877929688,53234900,SPY
2006-10-25,97.5750503540039,138.35000610351562,138.41000366210938,137.50999450683594,137.74000549316406,78105400,SPY
2006-10-26,97.87833404541016,138.77999877929688,139.0,137.97999572753906,138.66000366210938,66843700,SPY
2006-10-27,97.26475524902344,137.91000366210938,138.75,137.6300048828125,138.61000061035156,80238000,SPY
2006-10-30,97.1942138671875,137.80999755859375,138.1999969482422,137.39999389648438,137.66000366210938,49717800,SPY
2006-10-31,97.18006134033203,137.7899932861328,138.25999450683594,137.25,138.07000732421875,71274100,SPY
2006-11-01,96.52415466308594,136.86000061035156,138.30999755859375,136.72000122070312,138.22000122070312,83005600,SPY
2006-11-02,96.4677734375,136.77999877929688,137.00999450683594,136.36000061035156,136.50999450683594,60693100,SPY
2006-11-03,96.2984848022461,136.5399932861328,137.38999938964844,135.6199951171875,137.27000427246094,71346400,SPY
2006-11-06,97.38462829589844,138.0800018310547,138.27999877929688,136.9499969482422,136.9600067138672,63303300,SPY
2006-11-07,97.7584228515625,138.61000061035156,138.97999572753906,138.0,138.1999969482422,63318900,SPY
2006-11-08,97.97003173828125,138.91000366210938,139.0500030517578,136.86000061035156,138.0,87517800,SPY
2006-11-09,97.45516967773438,138.17999267578125,139.13999938964844,137.89999389648438,139.00999450683594,95916300,SPY
2006-11-10,97.49748229980469,138.24000549316406,138.33999633789062,137.72000122070312,138.13999938964844,48991500,SPY
2006-11-13,97.7373046875,138.5800018310547,139.0399932861328,138.07000732421875,138.17999267578125,59398200,SPY
2006-11-14,98.47075653076172,139.6199951171875,139.74000549316406,138.1199951171875,138.97000122070312,96704000,SPY
2006-11-15,98.75285339355469,140.02000427246094,140.4499969482422,139.52999877929688,139.57000732421875,76509600,SPY
2006-11-16,99.00675201416016,140.3800048828125,140.67999267578125,139.49000549316406,140.44000244140625,76728800,SPY
2006-11-17,99.03500366210938,140.4199981689453,140.42999267578125,139.72999572753906,139.92999267578125,56353800,SPY
2006-11-20,99.09136199951172,140.5,140.74000549316406,139.94000244140625,140.3000030517578,69174200,SPY
2006-11-21,99.19015502929688,140.63999938964844,140.6699981689453,140.2899932861328,140.49000549316406,51367900,SPY
2006-11-22,99.38764190673828,140.9199981689453,141.16000366210938,140.5,140.75,45505300,SPY
2006-11-24,98.98563385009766,140.35000610351562,140.83999633789062,140.1999969482422,140.24000549316406,30998000,SPY
2006-11-27,97.62442779541016,138.4199981689453,140.35000610351562,138.3800048828125,140.27999877929688,84545100,SPY
2006-11-28,98.04762268066406,139.02000427246094,139.16000366210938,138.11000061035156,138.24000549316406,106652900,SPY
2006-11-29,99.07026672363281,140.47000122070312,140.52999877929688,139.0800018310547,139.47000122070312,90034900,SPY
2006-11-30,99.11256408691406,140.52999877929688,141.0500030517578,139.75999450683594,140.44000244140625,83994300,SPY
2006-12-01,98.89392852783203,140.22000122070312,140.66000366210938,138.97000122070312,140.52999877929688,126080000,SPY
2006-12-04,99.64860534667969,141.2899932861328,141.5500030517578,140.22999572753906,140.25,87813200,SPY
2006-12-05,100.0787582397461,141.89999389648438,141.9600067138672,141.25999450683594,141.55999755859375,73374400,SPY
2006-12-06,99.99415588378906,141.77999877929688,142.07000732421875,141.5,141.8699951171875,53253200,SPY
2006-12-07,99.55687713623047,141.16000366210938,142.3000030517578,141.11000061035156,142.02999877929688,62857400,SPY
2006-12-08,99.74027252197266,141.4199981689453,141.89999389648438,140.77999877929688,141.1300048828125,79625500,SPY
2006-12-11,100.02944946289062,141.8300018310547,142.08999633789062,141.33999633789062,141.4199981689453,39779400,SPY
2006-12-12,99.95182037353516,141.72000122070312,141.8699951171875,140.88999938964844,141.69000244140625,77451600,SPY
2006-12-13,100.05762481689453,141.8699951171875,142.33999633789062,141.55999755859375,142.22999572753906,55520200,SPY
2006-12-14,100.93926239013672,143.1199951171875,143.24000549316406,141.83999633789062,141.86000061035156,64755200,SPY
2006-12-15,100.948486328125,142.33999633789062,142.88999938964844,142.24000549316406,142.63999938964844,70857400,SPY
2006-12-18,100.67184448242188,141.9499969482422,142.8800048828125,141.75,142.5399932861328,48954600,SPY
2006-12-19,100.86334991455078,142.22000122070312,142.55999755859375,141.19000244140625,141.5500030517578,65023600,SPY
2006-12-20,100.80663299560547,142.13999938964844,142.66000366210938,142.00999450683594,142.27999877929688,41469600,SPY
2006-12-21,100.43785095214844,141.6199951171875,142.42999267578125,141.32000732421875,142.27000427246094,48698400,SPY
2006-12-22,99.82079315185547,140.75,141.64999389648438,140.6699981689453,141.63999938964844,62069100,SPY
2006-12-26,100.40943145751953,141.5800018310547,141.61000061035156,140.77999877929688,140.80999755859375,32696900,SPY
2006-12-27,101.06904602050781,142.50999450683594,142.60000610351562,141.8300018310547,141.8699951171875,39727100,SPY
2006-12-28,100.85629272460938,142.2100067138672,142.6999969482422,141.99000549316406,142.41000366210938,37288800,SPY
2006-12-29,100.43785095214844,141.6199951171875,142.5399932861328,141.42999267578125,142.05999755859375,45461200,SPY
2007-01-03,100.26050567626953,141.3699951171875,142.86000061035156,140.57000732421875,142.25,94807600,SPY
2007-01-04,100.4732894897461,141.6699981689453,142.0500030517578,140.61000061035156,141.22999572753906,69620600,SPY
2007-01-05,99.67190551757812,140.5399932861328,141.39999389648438,140.3800048828125,141.3300018310547,76645300,SPY
2007-01-08,100.13290405273438,141.19000244140625,141.41000366210938,140.25,140.82000732421875,71655000,SPY
2007-01-09,100.04777526855469,141.07000732421875,141.60000610351562,140.39999389648438,141.30999755859375,75680100,SPY
2007-01-10,100.38105010986328,141.5399932861328,141.57000732421875,140.3000030517578,140.5800018310547,72428000,SPY
2007-01-11,100.8208236694336,142.16000366210938,142.6199951171875,141.5,141.5800018310547,54476800,SPY
2007-01-12,101.58674621582031,143.24000549316406,143.24000549316406,142.11000061035156,142.14999389648438,55370600,SPY
2007-01-16,101.38814544677734,142.9600067138672,143.44000244140625,142.72999572753906,143.07000732421875,44871300,SPY
2007-01-17,101.4307632446289,143.02000427246094,143.4600067138672,142.72999572753906,142.85000610351562,50241400,SPY
2007-01-18,101.09028625488281,142.5399932861328,143.25999450683594,142.30999755859375,143.1699981689453,68177300,SPY
2007-01-19,101.2889175415039,142.82000732421875,143.10000610351562,142.4600067138672,142.5399932861328,56973000,SPY
2007-01-22,100.976806640625,142.3800048828125,143.10000610351562,141.92999267578125,143.07000732421875,60253600,SPY
2007-01-23,101.2746810913086,142.8000030517578,143.0800018310547,142.05999755859375,142.25999450683594,54064400,SPY
2007-01-24,102.09027862548828,143.9499969482422,143.97999572753906,142.91000366210938,142.97000122070312,55834700,SPY
2007-01-25,100.89169311523438,142.25999450683594,143.9199981689453,142.00999450683594,143.86000061035156,73583800,SPY
2007-01-26,100.79952239990234,142.1300048828125,142.64999389648438,141.5800018310547,142.57000732421875,67255600,SPY
2007-01-29,100.74279022216797,142.0500030517578,142.8000030517578,141.74000549316406,142.19000244140625,66114600,SPY
2007-01-30,101.26757049560547,142.7899932861328,142.86000061035156,142.05999755859375,142.35000610351562,70407600,SPY
2007-01-31,101.94842529296875,143.75,144.1300048828125,142.39999389648438,142.6300048828125,91868600,SPY
2007-02-01,102.55836486816406,144.61000061035156,144.66000366210938,143.91000366210938,144.14999389648438,69312400,SPY
2007-02-02,102.70016479492188,144.80999755859375,144.9499969482422,144.3800048828125,144.72999572753906,49607000,SPY
2007-02-05,102.72855377197266,144.85000610351562,144.94000244140625,144.33999633789062,144.6999969482422,45705300,SPY
2007-02-06,102.75691986083984,144.88999938964844,145.02999877929688,144.3300018310547,144.97000122070312,57081300,SPY
2007-02-07,102.98392486572266,145.2100067138672,145.36000061035156,144.57000732421875,145.1199951171875,55669700,SPY
2007-02-08,102.84911346435547,145.02000427246094,145.1199951171875,144.27000427246094,144.77999877929688,70641000,SPY
2007-02-09,102.0831298828125,143.94000244140625,145.3300018310547,143.38999938964844,145.05999755859375,79084400,SPY
2007-02-12,101.73566436767578,143.4499969482422,144.0399932861328,143.19000244140625,143.94000244140625,65657000,SPY
2007-02-13,102.59381866455078,144.66000366210938,144.89999389648438,143.75999450683594,143.77000427246094,64081800,SPY
2007-02-14,103.26756286621094,145.61000061035156,145.89999389648438,144.77999877929688,144.8000030517578,66039400,SPY
2007-02-15,103.40230560302734,145.8000030517578,145.9499969482422,145.42999267578125,145.6699981689453,38715200,SPY
2007-02-16,103.3526840209961,145.72999572753906,145.75999450683594,145.22999572753906,145.44000244140625,39841800,SPY
2007-02-20,103.5724868774414,146.0399932861328,146.1999969482422,145.0,145.55999755859375,56911800,SPY
2007-02-21,103.52998352050781,145.97999572753906,146.07000732421875,145.35000610351562,145.61000061035156,63971600,SPY
2007-02-22,103.451904296875,145.8699951171875,146.4199981689453,145.1699981689453,146.0500030517578,79067400,SPY
2007-02-23,103.04771423339844,145.3000030517578,145.7899932861328,145.02999877929688,145.74000549316406,71966200,SPY
2007-02-26,102.95550537109375,145.1699981689453,145.9499969482422,144.75,145.8300018310547,69192800,SPY
2007-02-27,98.93431091308594,139.5,144.1999969482422,139.0,143.8800048828125,274466500,SPY
2007-02-28,99.94847869873047,140.92999267578125,141.97999572753906,139.8000030517578,140.38999938964844,177536300,SPY
2007-03-01,99.65062713623047,140.50999450683594,141.25,138.0500030517578,139.33999633789062,212828600,SPY
2007-03-02,98.3456802368164,138.6699981689453,140.66000366210938,138.66000366210938,140.0500030517578,162574000,SPY
2007-03-05,97.4095230102539,137.35000610351562,139.5800018310547,137.3300018310547,137.92999267578125,143750400,SPY
2007-03-06,99.07616424560547,139.6999969482422,140.1199951171875,137.72000122070312,138.77999877929688,143333300,SPY
2007-03-07,98.97684478759766,139.55999755859375,140.4600067138672,139.39999389648438,139.58999633789062,115144900,SPY
2007-03-08,99.8136978149414,140.74000549316406,141.16000366210938,140.07000732421875,140.5399932861328,117891600,SPY
2007-03-09,99.84210205078125,140.77999877929688,141.4199981689453,140.0800018310547,141.30999755859375,107765100,SPY
2007-03-12,99.99102020263672,140.99000549316406,141.33999633789062,140.16000366210938,140.4199981689453,80366900,SPY
2007-03-13,98.04779815673828,138.25,140.77000427246094,138.0399932861328,140.17999267578125,190605200,SPY
2007-03-14,98.77825927734375,139.27999877929688,139.36000061035156,136.75,138.42999267578125,231853800,SPY
2007-03-15,98.91303253173828,139.47000122070312,139.99000549316406,138.8000030517578,138.97000122070312,132435900,SPY
2007-03-16,98.63602447509766,138.52999877929688,139.6300048828125,138.1199951171875,139.30999755859375,121531600,SPY
2007-03-19,99.82513427734375,140.1999969482422,140.3300018310547,139.14999389648438,139.25999450683594,96161200,SPY
2007-03-20,100.37338256835938,140.97000122070312,141.0500030517578,139.9600067138672,140.0800018310547,82147400,SPY
2007-03-21,102.02525329589844,143.2899932861328,143.64999389648438,140.82000732421875,141.10000610351562,152368700,SPY
2007-03-22,101.9468994140625,143.17999267578125,143.67999267578125,142.7899932861328,143.47999572753906,118942200,SPY
2007-03-23,102.0964584350586,143.38999938964844,143.80999755859375,143.14999389648438,143.27999877929688,74416800,SPY
2007-03-26,101.961181640625,143.1999969482422,143.64999389648438,142.08999633789062,143.5,113787500,SPY
2007-03-27,101.71912384033203,142.86000061035156,143.16000366210938,142.38999938964844,143.1199951171875,99864600,SPY
2007-03-28,100.9786148071289,141.82000732421875,142.47000122070312,141.25999450683594,142.13999938964844,152907900,SPY
2007-03-29,101.08541870117188,141.97000122070312,142.61000061035156,141.19000244140625,142.5399932861328,139432700,SPY
2007-03-30,101.10678100585938,142.0,142.83999633789062,140.55999755859375,142.24000549316406,128194100,SPY
2007-04-02,101.2207260131836,142.16000366210938,142.4600067138672,141.47999572753906,142.16000366210938,79416400,SPY
2007-04-03,102.31006622314453,143.69000244140625,143.97999572753906,142.91000366210938,142.97000122070312,82417800,SPY
2007-04-04,102.42401123046875,143.85000610351562,143.9499969482422,143.16000366210938,143.69000244140625,63995200,SPY
2007-04-05,102.70170593261719,144.24000549316406,144.44000244140625,143.61000061035156,143.6699981689453,46822800,SPY
2007-04-09,102.84407043457031,144.44000244140625,144.8000030517578,144.14999389648438,144.64999389648438,50967400,SPY
2007-04-10,102.96513366699219,144.61000061035156,144.85000610351562,144.27000427246094,144.3300018310547,56620000,SPY
2007-04-11,102.5450668334961,144.02000427246094,144.86000061035156,143.5399932861328,144.82000732421875,106365700,SPY
2007-04-12,103.00074005126953,144.66000366210938,144.9199981689453,143.33999633789062,143.74000549316406,115534400,SPY
2007-04-13,103.47068786621094,145.32000732421875,145.32000732421875,144.36000061035156,144.89999389648438,84287000,SPY
2007-04-16,104.45323944091797,146.6999969482422,146.86000061035156,145.82000732421875,145.8300018310547,83064600,SPY
2007-04-17,104.73095703125,147.08999633789062,147.39999389648438,146.64999389648438,146.97000122070312,108424100,SPY
2007-04-18,104.859130859375,147.27000427246094,147.6999969482422,146.57000732421875,146.60000610351562,88345300,SPY
2007-04-19,104.83058166503906,147.22999572753906,147.39999389648438,146.36000061035156,146.5500030517578,102947700,SPY
2007-04-20,105.8203353881836,148.6199951171875,148.6199951171875,147.0399932861328,148.22000122070312,124114100,SPY
2007-04-23,105.42161560058594,148.05999755859375,148.72999572753906,147.97000122070312,148.3699951171875,77270800,SPY
2007-04-24,105.46428680419922,148.1199951171875,148.39999389648438,147.32000732421875,148.22999572753906,114471000,SPY
2007-04-25,106.43267822265625,149.47999572753906,149.66000366210938,148.02000427246094,148.72999572753906,108418800,SPY
2007-04-26,106.5536880493164,149.64999389648438,149.8000030517578,149.10000610351562,149.49000549316406,88741600,SPY
2007-04-27,106.46819305419922,149.52999877929688,149.74000549316406,148.83999633789062,149.08999633789062,108191100,SPY
2007-04-30,105.58533477783203,148.2899932861328,149.74000549316406,148.2100067138672,149.63999938964844,100874100,SPY
2007-05-01,105.85592651367188,148.6699981689453,149.47000122070312,147.6699981689453,148.4199981689453,134342700,SPY
2007-05-02,106.47537994384766,149.5399932861328,149.9499969482422,148.75,148.89999389648438,87129800,SPY
2007-05-03,107.05210876464844,150.35000610351562,150.39999389648438,149.72999572753906,149.97000122070312,86569700,SPY
2007-05-04,107.4579849243164,150.9199981689453,151.1199951171875,150.22000122070312,150.75,96409000,SPY
2007-05-07,107.47930145263672,150.9499969482422,151.1999969482422,150.80999755859375,150.8800048828125,63461400,SPY
2007-05-08,107.3369369506836,150.75,150.9199981689453,150.1300048828125,150.5800018310547,80584000,SPY
2007-05-09,107.6288833618164,151.16000366210938,152.82000732421875,150.3699951171875,150.63999938964844,102070100,SPY
2007-05-10,106.50390625,149.5800018310547,151.02000427246094,149.27000427246094,150.72999572753906,153617800,SPY
2007-05-11,107.4152603149414,150.86000061035156,150.92999267578125,149.72000122070312,149.75,113408900,SPY
2007-05-14,107.18029022216797,150.52999877929688,151.3000030517578,149.7899932861328,150.86000061035156,108027500,SPY
2007-05-15,107.20877838134766,150.57000732421875,151.66000366210938,150.19000244140625,150.6999969482422,180673300,SPY
2007-05-16,107.94217681884766,151.60000610351562,151.6300048828125,150.3800048828125,150.8000030517578,114166500,SPY
2007-05-17,107.72855377197266,151.3000030517578,151.9600067138672,151.11000061035156,151.3800048828125,101132800,SPY
2007-05-18,108.66838073730469,152.6199951171875,152.6199951171875,151.80999755859375,152.00999450683594,99182000,SPY
2007-05-21,108.61145782470703,152.5399932861328,153.22999572753906,152.5,152.5800018310547,174664600,SPY
2007-05-22,108.5260009765625,152.4199981689453,153.16000366210938,152.3800048828125,152.6999969482422,82148800,SPY
2007-05-23,108.54021453857422,152.44000244140625,153.5,152.36000061035156,152.9499969482422,133786600,SPY
2007-05-24,107.55768585205078,151.05999755859375,153.2100067138672,150.74000549316406,152.52999877929688,187593000,SPY
2007-05-25,108.00619506835938,151.69000244140625,152.02000427246094,151.17999267578125,151.5,83309200,SPY
2007-05-29,108.39787292480469,152.24000549316406,152.5,151.4499969482422,151.94000244140625,82020000,SPY
2007-05-30,109.28073120117188,153.47999572753906,153.5399932861328,151.33999633789062,151.4600067138672,129013600,SPY
2007-05-31,109.16680908203125,153.32000732421875,153.88999938964844,153.1199951171875,153.6699981689453,114866700,SPY
2007-06-01,109.70793151855469,154.0800018310547,154.39999389648438,153.50999450683594,153.8800048828125,107771700,SPY
2007-06-04,109.72215270996094,154.10000610351562,154.38999938964844,153.47999572753906,153.5399932861328,78008800,SPY
2007-06-05,109.28785705566406,153.49000549316406,153.89999389648438,152.86000061035156,153.74000549316406,126917900,SPY
2007-06-06,108.11302947998047,151.83999633789062,152.9499969482422,151.75,152.86000061035156,164096800,SPY
2007-06-07,106.16211700439453,149.10000610351562,152.5,149.05999755859375,151.55999755859375,232414600,SPY
2007-06-08,107.54338836669922,151.0399932861328,151.19000244140625,149.08999633789062,149.5800018310547,175886000,SPY
2007-06-11,107.72855377197266,151.3000030517578,151.9499969482422,150.6999969482422,150.92999267578125,102015600,SPY
2007-06-12,106.5536880493164,149.64999389648438,151.5399932861328,149.5500030517578,150.6699981689453,233898000,SPY
2007-06-13,108.14864349365234,151.88999938964844,152.07000732421875,149.72000122070312,150.5,193208200,SPY
2007-06-14,108.83930969238281,152.86000061035156,153.1199951171875,152.02999877929688,152.05999755859375,146396500,SPY
2007-06-15,109.45858001708984,153.07000732421875,153.66000366210938,152.92999267578125,153.13999938964844,154030800,SPY
2007-06-18,109.32984924316406,152.88999938964844,153.38999938964844,152.66000366210938,153.3800048828125,88537500,SPY
2007-06-19,109.60160827636719,153.27000427246094,153.3800048828125,152.36000061035156,152.5500030517578,110851700,SPY
2007-06-20,108.07842254638672,151.13999938964844,153.5800018310547,150.9600067138672,153.5800018310547,177119700,SPY
2007-06-21,108.67911529541016,151.97999572753906,152.11000061035156,150.25,151.0800018310547,205262000,SPY
2007-06-22,107.65657043457031,150.5500030517578,151.77000427246094,149.85000610351562,151.52000427246094,204964700,SPY
2007-06-25,107.1417236328125,149.8300018310547,151.25,149.02000427246094,150.24000549316406,232014400,SPY
2007-06-26,106.04042053222656,148.2899932861328,150.4600067138672,148.27999877929688,150.2100067138672,198445700,SPY
2007-06-27,107.54927825927734,150.39999389648438,150.57000732421875,148.05999755859375,148.1300048828125,213638000,SPY
2007-06-28,107.5349349975586,150.3800048828125,151.41000366210938,149.6699981689453,150.3800048828125,157705000,SPY
2007-06-29,107.57075500488281,150.42999267578125,151.64999389648438,149.14999389648438,150.89999389648438,199701800,SPY
2007-07-02,108.54325103759766,151.7899932861328,151.9199981689453,150.77000427246094,150.8699951171875,103357000,SPY
2007-07-03,108.93656921386719,152.33999633789062,152.5,151.99000549316406,152.17999267578125,54048400,SPY
2007-07-05,108.82209014892578,152.17999267578125,152.55999755859375,151.6300048828125,152.39999389648438,89279000,SPY
2007-07-06,109.39421844482422,152.97999572753906,153.1699981689453,151.92999267578125,152.3800048828125,81109000,SPY
2007-07-09,109.48002624511719,153.10000610351562,153.36000061035156,152.6199951171875,153.16000366210938,72348100,SPY
2007-07-10,107.92112731933594,150.9199981689453,152.61000061035156,150.77000427246094,152.2899932861328,180362600,SPY
2007-07-11,108.68626403808594,151.99000549316406,152.0500030517578,150.52000427246094,150.75,175607600,SPY
2007-07-12,110.40245819091797,154.38999938964844,154.75,152.33999633789062,152.3699951171875,133882500,SPY
2007-07-13,110.73143005371094,154.85000610351562,155.4600067138672,154.38999938964844,154.57000732421875,111794300,SPY
2007-07-16,110.71712493896484,154.8300018310547,155.52999877929688,154.5800018310547,154.99000549316406,98378700,SPY
2007-07-17,110.65992736816406,154.75,155.47999572753906,154.67999267578125,154.92999267578125,126201300,SPY
2007-07-18,110.45967102050781,154.47000122070312,154.8000030517578,153.3000030517578,154.22999572753906,237887400,SPY
2007-07-19,110.88874053955078,155.07000732421875,155.52999877929688,154.75,155.1999969482422,145212700,SPY
2007-07-20,109.76602935791016,153.5,154.99000549316406,152.8300018310547,154.88999938964844,245502500,SPY
2007-07-23,110.10211944580078,153.97000122070312,154.72000122070312,153.3000030517578,154.17999267578125,121183900,SPY
2007-07-24,108.19286346435547,151.3000030517578,154.27999877929688,150.75999450683594,153.1199951171875,256732400,SPY
2007-07-25,108.41455841064453,151.61000061035156,152.38999938964844,150.25,152.02000427246094,265214500,SPY
2007-07-26,105.8473892211914,148.02000427246094,150.8000030517578,146.38999938964844,150.19000244140625,467592500,SPY
2007-07-27,103.76644897460938,145.11000061035156,148.8699951171875,145.0500030517578,148.2100067138672,422987600,SPY
2007-07-30,105.38973999023438,147.3800048828125,147.80999755859375,145.2899932861328,145.92999267578125,283017500,SPY
2007-07-31,104.20269775390625,145.72000122070312,149.4600067138672,145.0399932861328,148.3300018310547,316976700,SPY
2007-08-01,104.71036529541016,146.42999267578125,147.00999450683594,143.9499969482422,145.17999267578125,467670000,SPY
2007-08-02,105.54703521728516,147.60000610351562,147.75999450683594,145.25999450683594,146.75999450683594,294758400,SPY
2007-08-03,102.8296890258789,143.8000030517578,147.5800018310547,143.1999969482422,147.27999877929688,359398200,SPY
2007-08-06,104.55309295654297,146.2100067138672,146.8300018310547,142.52999877929688,144.2100067138672,324980000,SPY
2007-08-07,105.66857147216797,147.77000427246094,149.0,145.22999572753906,145.94000244140625,232568700,SPY
2007-08-08,107.1417236328125,149.8300018310547,150.58999633789062,147.33999633789062,148.41000366210938,274930600,SPY
2007-08-09,103.9666976928711,145.38999938964844,148.9499969482422,145.2899932861328,147.42999267578125,357622100,SPY
2007-08-10,103.48046875,144.7100067138672,146.5,143.1199951171875,144.38999938964844,411018400,SPY
2007-08-13,103.85226440429688,145.22999572753906,146.88999938964844,145.02000427246094,146.5,181917200,SPY
2007-08-14,102.26475524902344,143.00999450683594,146.05999755859375,142.72000122070312,145.6999969482422,264134500,SPY
2007-08-15,100.85602569580078,141.0399932861328,144.4600067138672,140.6199951171875,142.72000122070312,323834000,SPY
2007-08-16,101.61405944824219,142.10000610351562,142.94000244140625,137.0,139.7899932861328,546743700,SPY
2007-08-17,103.48046875,144.7100067138672,145.80999755859375,141.38999938964844,145.5,388218100,SPY
2007-08-20,103.4303970336914,144.63999938964844,145.47000122070312,143.2899932861328,145.1699981689453,187320400,SPY
2007-08-21,103.63768005371094,144.92999267578125,145.97000122070312,144.13999938964844,144.60000610351562,157066400,SPY
2007-08-22,104.86766815185547,146.64999389648438,146.8000030517578,145.3300018310547,146.00999450683594,173156700,SPY
2007-08-23,104.77474975585938,146.52000427246094,147.64999389648438,145.61000061035156,147.33999633789062,203915300,SPY
2007-08-24,106.06901550292969,148.3300018310547,148.3300018310547,146.27999877929688,146.47999572753906,128901900,SPY
2007-08-27,105.08223724365234,146.9499969482422,148.3300018310547,146.72999572753906,147.85000610351562,113024300,SPY
2007-08-28,102.77244567871094,143.72000122070312,146.25,143.4600067138672,146.16000366210938,219790700,SPY
2007-08-29,104.78900909423828,146.5399932861328,146.74000549316406,143.9600067138672,144.3699951171875,207654200,SPY
2007-08-30,104.51014709472656,146.14999389648438,147.19000244140625,145.30999755859375,145.4499969482422,191817300,SPY
2007-08-31,105.53987121582031,147.58999633789062,148.5,146.8300018310547,147.64999389648438,185477500,SPY
2007-09-04,106.60538482666016,149.0800018310547,149.97999572753906,147.39999389648438,147.4499969482422,120062000,SPY
2007-09-05,105.68293762207031,147.7899932861328,148.36000061035156,147.0,148.1999969482422,166261800,SPY
2007-09-06,105.92607879638672,148.1300048828125,148.61000061035156,147.1199951171875,147.9499969482422,127878400,SPY
2007-09-07,104.45289611816406,146.07000732421875,146.88999938964844,145.25999450683594,146.47999572753906,235447600,SPY
2007-09-10,104.25267028808594,145.7899932861328,146.72000122070312,144.3300018310547,146.52000427246094,192305900,SPY
2007-09-11,105.4683837890625,147.49000549316406,147.6999969482422,146.1300048828125,146.24000549316406,162081900,SPY
2007-09-12,105.74009704589844,147.8699951171875,148.44000244140625,146.97999572753906,147.2899932861328,149554600,SPY
2007-09-13,106.48384094238281,148.91000366210938,149.4499969482422,148.1999969482422,148.5500030517578,154079000,SPY
2007-09-14,106.47666931152344,148.89999389648438,149.08999633789062,147.74000549316406,147.9600067138672,121911000,SPY
2007-09-17,105.90459442138672,148.10000610351562,148.64999389648438,147.6300048828125,148.30999755859375,109870800,SPY
2007-09-18,109.02232360839844,152.4600067138672,152.5,148.1300048828125,148.8300018310547,263759500,SPY
2007-09-19,109.66592407226562,153.36000061035156,154.38999938964844,152.7100067138672,153.41000366210938,193779900,SPY
2007-09-20,108.8936538696289,152.27999877929688,153.42999267578125,152.11000061035156,153.33999633789062,175186800,SPY
2007-09-21,109.1874771118164,151.97000122070312,153.1199951171875,151.74000549316406,152.7100067138672,141457500,SPY
2007-09-24,108.98633575439453,151.69000244140625,152.82000732421875,151.36000061035156,152.4199981689453,139450200,SPY
2007-09-25,108.77075958251953,151.38999938964844,151.66000366210938,150.47000122070312,150.80999755859375,142289900,SPY
2007-09-26,109.34554290771484,152.19000244140625,152.77000427246094,151.38999938964844,152.25,135547000,SPY
2007-09-27,109.9921646118164,153.08999633789062,153.10000610351562,152.19000244140625,152.91000366210938,102713300,SPY
2007-09-28,109.62577819824219,152.5800018310547,153.19000244140625,151.97999572753906,152.85000610351562,133372100,SPY
2007-10-01,110.86154174804688,154.3000030517578,154.75,152.5,152.60000610351562,148162300,SPY
2007-10-02,110.71065521240234,154.08999633789062,154.64999389648438,153.80999755859375,154.61000061035156,112978800,SPY
2007-10-03,110.48794555664062,153.77999877929688,154.41000366210938,153.00999450683594,153.80999755859375,119055900,SPY
2007-10-04,110.66039276123047,154.02000427246094,154.25999450683594,153.58999633789062,154.11000061035156,76864400,SPY
2007-10-05,111.97525024414062,155.85000610351562,156.10000610351562,154.6300048828125,155.02999877929688,134579700,SPY
2007-10-08,111.37889099121094,155.02000427246094,155.49000549316406,154.77000427246094,155.38999938964844,71280400,SPY
2007-10-09,112.42786407470703,156.47999572753906,156.5,155.02999877929688,155.60000610351562,94054300,SPY
2007-10-10,112.24103546142578,156.22000122070312,156.44000244140625,155.41000366210938,156.0399932861328,101711100,SPY
2007-10-11,111.70218658447266,155.47000122070312,157.52000427246094,154.5399932861328,156.92999267578125,233529100,SPY
2007-10-12,112.32009887695312,156.3300018310547,156.35000610351562,155.27000427246094,155.4600067138672,124546700,SPY
2007-10-15,111.37163543701172,155.00999450683594,156.36000061035156,153.94000244140625,156.27000427246094,161151900,SPY
2007-10-16,110.48794555664062,153.77999877929688,154.52000427246094,153.47000122070312,154.41000366210938,166525700,SPY
2007-10-17,110.82561492919922,154.25,155.08999633789062,152.47000122070312,154.97999572753906,216687300,SPY
2007-10-18,110.42329406738281,153.69000244140625,154.19000244140625,153.0800018310547,153.4499969482422,148367500,SPY
2007-10-19,107.53498840332031,149.6699981689453,156.47999572753906,149.66000366210938,153.08999633789062,297169900,SPY
2007-10-22,108.16002655029297,150.5399932861328,150.75999450683594,148.66000366210938,148.86000061035156,261989800,SPY
2007-10-23,109.03659057617188,151.75999450683594,151.9499969482422,150.25,151.4600067138672,180085100,SPY
2007-10-24,108.8354721069336,151.47999572753906,151.74000549316406,148.83999633789062,151.2100067138672,326694200,SPY
2007-10-25,109.09407806396484,151.83999633789062,152.2899932861328,149.8800048828125,151.64999389648438,237374500,SPY
2007-10-26,110.37297058105469,153.6199951171875,153.6199951171875,151.89999389648438,153.05999755859375,176484000,SPY
2007-10-29,110.73938751220703,154.1300048828125,154.44000244140625,153.5500030517578,153.92999267578125,106841000,SPY
2007-10-30,109.97063446044922,153.05999755859375,153.75,152.8699951171875,153.4499969482422,132981600,SPY
2007-10-31,111.11304473876953,154.64999389648438,155.27000427246094,152.83999633789062,153.97999572753906,220954400,SPY
2007-11-01,108.51215362548828,151.02999877929688,153.41000366210938,150.58999633789062,153.2899932861328,333040800,SPY
2007-11-02,108.6342544555664,151.1999969482422,152.0,149.2100067138672,151.52999877929688,331228200,SPY
2007-11-05,107.80801391601562,150.0500030517578,151.16000366210938,148.97000122070312,149.63999938964844,226841000,SPY
2007-11-06,109.2593765258789,152.07000732421875,152.11000061035156,149.89999389648438,150.86000061035156,177800500,SPY
2007-11-07,106.27047729492188,147.91000366210938,151.1300048828125,147.5500030517578,150.44000244140625,306639700,SPY
2007-11-08,105.73162078857422,147.16000366210938,148.39999389648438,145.07000732421875,147.99000549316406,374509900,SPY
2007-11-09,104.28022766113281,145.13999938964844,147.5399932861328,144.88999938964844,145.69000244140625,277745100,SPY
2007-11-12,103.24566650390625,143.6999969482422,146.61000061035156,143.6999969482422,145.2100067138672,243087800,SPY
2007-11-13,106.39262390136719,148.0800018310547,148.30999755859375,145.22000122070312,145.3699951171875,191117400,SPY
2007-11-14,106.09803009033203,147.6699981689453,149.39999389648438,146.77999877929688,149.22000122070312,230558800,SPY
2007-11-15,104.5676498413086,145.5399932861328,147.49000549316406,144.52000427246094,146.57000732421875,263111100,SPY
2007-11-16,104.74725341796875,145.7899932861328,146.47000122070312,144.57000732421875,146.30999755859375,308770600,SPY
2007-11-19,103.2887954711914,143.75999450683594,145.36000061035156,143.19000244140625,145.27999877929688,267746000,SPY
2007-11-20,103.92107391357422,144.63999938964844,145.52999877929688,142.11000061035156,144.02000427246094,414767500,SPY
2007-11-21,101.7943115234375,141.67999267578125,143.91000366210938,141.6699981689453,143.0800018310547,259012400,SPY
2007-11-23,103.55460357666016,144.1300048828125,144.33999633789062,142.6999969482422,143.07000732421875,77688400,SPY
2007-11-26,101.26982879638672,140.9499969482422,144.8800048828125,140.66000366210938,144.42999267578125,214232000,SPY
2007-11-27,102.43376159667969,142.57000732421875,143.22999572753906,140.9499969482422,141.74000549316406,293897900,SPY
2007-11-28,105.7100830078125,147.1300048828125,147.47000122070312,144.13999938964844,144.19000244140625,258596900,SPY
2007-11-29,105.74597930908203,147.17999267578125,147.72000122070312,146.10000610351562,146.6199951171875,199409900,SPY
2007-11-30,106.80931854248047,148.66000366210938,149.8699951171875,147.3300018310547,149.0399932861328,222908000,SPY
2007-12-03,106.10523986816406,147.67999267578125,148.4499969482422,147.2899932861328,148.19000244140625,146430400,SPY
2007-12-04,105.15680694580078,146.36000061035156,147.5399932861328,146.30999755859375,146.66000366210938,136533900,SPY
2007-12-05,106.91706085205078,148.80999755859375,149.1999969482422,147.8300018310547,147.92999267578125,171130000,SPY
2007-12-06,108.44744110107422,150.94000244140625,151.2100067138672,148.57000732421875,148.6300048828125,154457400,SPY
2007-12-07,108.42589569091797,150.91000366210938,151.5,150.5500030517578,151.4199981689453,148980100,SPY
2007-12-10,109.26652526855469,152.0800018310547,152.25,150.86000061035156,151.27999877929688,123914300,SPY
2007-12-11,106.27047729492188,147.91000366210938,152.88999938964844,147.8300018310547,152.13999938964844,250346400,SPY
2007-12-12,107.3194580078125,149.3699951171875,151.77000427246094,147.1999969482422,151.05999755859375,322435600,SPY
2007-12-13,107.09671020507812,149.05999755859375,149.38999938964844,147.3000030517578,148.32000732421875,237551300,SPY
2007-12-14,105.73876953125,147.1699981689453,149.10000610351562,147.10000610351562,147.92999267578125,159152900,SPY
2007-12-17,104.22998046875,145.07000732421875,146.8699951171875,144.86000061035156,146.61000061035156,177269400,SPY
2007-12-18,104.81192779541016,145.8800048828125,146.47999572753906,143.9600067138672,146.10000610351562,245569300,SPY
2007-12-19,104.81192779541016,145.8800048828125,146.88999938964844,144.94000244140625,145.94000244140625,198917200,SPY
2007-12-20,105.47296905517578,146.8000030517578,146.86000061035156,145.17999267578125,146.83999633789062,214813800,SPY
2007-12-21,106.99346160888672,148.1300048828125,148.4199981689453,147.08999633789062,147.3699951171875,146084400,SPY
2007-12-24,107.78788757324219,149.22999572753906,149.47999572753906,148.47999572753906,148.82000732421875,45601400,SPY
2007-12-26,108.0190658569336,149.5500030517578,149.67999267578125,148.5,148.64999389648438,67093100,SPY
2007-12-27,106.6611328125,147.6699981689453,149.02999877929688,147.32000732421875,149.02000427246094,122981700,SPY
2007-12-28,106.39385986328125,147.3000030517578,148.61000061035156,146.89999389648438,148.5399932861328,116398100,SPY
2007-12-31,105.60657501220703,146.2100067138672,147.61000061035156,146.05999755859375,147.10000610351562,108126800,SPY
2008-01-02,104.6819839477539,144.92999267578125,146.99000549316406,143.8800048828125,146.52999877929688,204935600,SPY
2008-01-03,104.63145446777344,144.86000061035156,145.49000549316406,144.07000732421875,144.91000366210938,125133300,SPY
2008-01-04,102.06736755371094,141.30999755859375,143.44000244140625,140.91000366210938,143.33999633789062,232330900,SPY
2008-01-07,101.98069763183594,141.19000244140625,142.22999572753906,140.10000610351562,141.80999755859375,234991000,SPY
2008-01-08,100.33384704589844,138.91000366210938,142.89999389648438,138.44000244140625,142.0800018310547,326365700,SPY
2008-01-09,101.38841247558594,140.3699951171875,140.7899932861328,137.6999969482422,139.08999633789062,301824900,SPY
2008-01-10,102.05288696289062,141.2899932861328,142.8000030517578,139.3699951171875,139.67999267578125,335701200,SPY
2008-01-11,101.2294692993164,140.14999389648438,141.89999389648438,139.0,140.77999877929688,267076600,SPY
2008-01-14,102.04568481445312,141.27999877929688,141.86000061035156,140.39999389648438,141.16000366210938,170365500,SPY
2008-01-15,99.7993392944336,138.1699981689453,141.49000549316406,137.89999389648438,139.7899932861328,239940100,SPY
2008-01-16,98.9397964477539,136.97999572753906,139.1199951171875,136.27999877929688,137.36000061035156,378802600,SPY
2008-01-17,96.37567138671875,133.42999267578125,137.8800048828125,132.92999267578125,137.80999755859375,397892600,SPY
2008-01-18,95.38611602783203,132.05999755859375,135.02000427246094,131.10000610351562,134.74000549316406,348561500,SPY
2008-01-22,94.4182357788086,130.72000122070312,132.42999267578125,126.0,127.20999908447266,435923700,SPY
2008-01-23,96.68624114990234,133.86000061035156,134.19000244140625,126.83999633789062,127.08999633789062,511913000,SPY
2008-01-24,97.5024642944336,134.99000549316406,135.4600067138672,133.30999755859375,134.47999572753906,259949300,SPY
2008-01-25,96.09394836425781,133.0399932861328,136.75999450683594,132.60000610351562,136.50999450683594,269603900,SPY
2008-01-28,97.68303680419922,135.24000549316406,135.52000427246094,132.05999755859375,133.25999450683594,217934600,SPY
2008-01-29,98.16692352294922,135.91000366210938,136.4499969482422,134.8800048828125,136.10000610351562,168968300,SPY
2008-01-30,97.44467163085938,134.91000366210938,138.5399932861328,134.60000610351562,135.5800018310547,334939200,SPY
2008-01-31,99.22151184082031,137.3699951171875,138.5399932861328,133.1999969482422,133.39999389648438,343680800,SPY
2008-02-01,100.81775665283203,139.5800018310547,139.61000061035156,137.52000427246094,137.94000244140625,206843600,SPY
2008-02-04,99.54654693603516,137.82000732421875,139.3000030517578,137.63999938964844,139.2100067138672,124694300,SPY
2008-02-05,96.88129425048828,134.1300048828125,136.25,133.6699981689453,135.94000244140625,286882500,SPY
2008-02-06,96.10118865966797,133.0500030517578,135.25,132.41000366210938,134.5800018310547,250792900,SPY
2008-02-07,96.73680114746094,133.92999267578125,134.7899932861328,131.72999572753906,131.8000030517578,297368100,SPY
2008-02-08,96.11566162109375,133.07000732421875,134.22000122070312,132.10000610351562,133.08999633789062,221643500,SPY
2008-02-11,96.60678100585938,133.75,134.22999572753906,132.0399932861328,133.10000610351562,188576300,SPY
2008-02-12,97.5024642944336,134.99000549316406,136.30999755859375,133.97999572753906,134.91000366210938,256654400,SPY
2008-02-13,98.49921417236328,136.3699951171875,137.05999755859375,135.13999938964844,136.00999450683594,181967800,SPY
2008-02-14,97.63240814208984,135.1699981689453,137.0,134.7899932861328,136.9499969482422,215207200,SPY
2008-02-15,97.61078643798828,135.13999938964844,135.22000122070312,133.91000366210938,134.5,154110300,SPY
2008-02-19,97.88529968261719,135.52000427246094,136.88999938964844,134.61000061035156,136.72000122070312,145190000,SPY
2008-02-20,98.17412567138672,135.9199981689453,136.5500030517578,133.75999450683594,133.99000549316406,220085700,SPY
2008-02-21,97.35800170898438,134.7899932861328,137.00999450683594,134.07000732421875,136.66000366210938,201051200,SPY
2008-02-22,97.95748138427734,135.6199951171875,135.85000610351562,132.86000061035156,134.97000122070312,205491000,SPY
2008-02-25,99.19263458251953,137.3300018310547,137.64999389648438,134.77999877929688,135.5399932861328,190107000,SPY
2008-02-26,99.93657684326172,138.36000061035156,138.9499969482422,136.5,136.75,212420700,SPY
2008-02-27,99.83543395996094,138.22000122070312,139.13999938964844,137.41000366210938,137.55999755859375,168395800,SPY
2008-02-28,98.86033630371094,136.8699951171875,137.9600067138672,136.5500030517578,137.24000549316406,170831100,SPY
2008-02-29,96.65738677978516,133.82000732421875,135.67999267578125,132.77999877929688,135.60000610351562,252715200,SPY
2008-03-03,96.42621612548828,133.5,133.80999755859375,132.24000549316406,133.13999938964844,189483500,SPY
2008-03-04,96.05784606933594,132.99000549316406,133.39999389648438,130.99000549316406,132.22999572753906,282513100,SPY
2008-03-05,96.6645736694336,133.8300018310547,134.77000427246094,132.33999633789062,133.4199981689453,270681400,SPY
2008-03-06,94.66382598876953,131.05999755859375,133.22000122070312,130.5500030517578,132.97999572753906,247911700,SPY
2008-03-07,93.688720703125,129.7100067138672,131.74000549316406,128.5800018310547,129.77000427246094,326434600,SPY
2008-03-10,92.45357513427734,128.0,129.92999267578125,127.58999633789062,129.83999633789062,235683600,SPY
2008-03-11,95.77616119384766,132.60000610351562,132.72000122070312,128.9499969482422,130.72000122070312,341440600,SPY
2008-03-12,94.88053894042969,131.36000061035156,133.77000427246094,131.16000366210938,132.74000549316406,229161100,SPY
2008-03-13,95.08998107910156,131.64999389648438,132.63999938964844,128.60000610351562,129.61000061035156,351504200,SPY
2008-03-14,93.61649322509766,129.61000061035156,132.80999755859375,127.77999877929688,132.77000427246094,484687800,SPY
2008-03-17,92.67031860351562,128.3000030517578,129.25999450683594,126.06999969482422,126.56999969482422,405311100,SPY
2008-03-18,96.52012634277344,133.6300048828125,133.69000244140625,129.97999572753906,130.6199951171875,334416600,SPY
2008-03-19,94.12934875488281,130.32000732421875,134.64999389648438,130.0399932861328,134.13999938964844,345971600,SPY
2008-03-20,95.87288665771484,132.0800018310547,132.91000366210938,129.25999450683594,130.0500030517578,245320700,SPY
2008-03-24,97.7891845703125,134.72000122070312,135.80999755859375,133.24000549316406,133.30999755859375,208977300,SPY
2008-03-25,97.8835220336914,134.85000610351562,135.5500030517578,133.77000427246094,134.86000061035156,192947200,SPY
2008-03-26,96.68582916259766,133.1999969482422,135.08999633789062,133.11000061035156,134.4600067138672,196934300,SPY
2008-03-27,96.38097381591797,132.77999877929688,134.44000244140625,132.36000061035156,134.1999969482422,225153200,SPY
2008-03-28,95.45915222167969,131.50999450683594,133.36000061035156,131.05999755859375,132.99000549316406,180896100,SPY
2008-03-31,95.79302215576172,131.97000122070312,132.72999572753906,131.08999633789062,131.2899932861328,166692100,SPY
2008-04-01,99.16107940673828,136.61000061035156,136.83999633789062,133.50999450683594,133.61000061035156,254547300,SPY
2008-04-02,99.22640991210938,136.6999969482422,137.6699981689453,135.97999572753906,137.0500030517578,210910800,SPY
2008-04-03,99.4731674194336,137.0399932861328,137.44000244140625,135.7100067138672,135.9600067138672,175884800,SPY
2008-04-04,99.36428833007812,136.88999938964844,137.9600067138672,136.1199951171875,137.1199951171875,204446800,SPY
2008-04-07,99.41514587402344,136.9600067138672,138.57000732421875,136.74000549316406,137.8699951171875,154245500,SPY
2008-04-08,99.3134994506836,136.82000732421875,136.9199981689453,135.9499969482422,136.19000244140625,148937300,SPY
2008-04-09,98.59490203857422,135.8300018310547,136.8000030517578,134.88999938964844,136.61000061035156,195610600,SPY
2008-04-10,98.73282623291016,136.02000427246094,136.6699981689453,134.89999389648438,135.4199981689453,192967800,SPY
2008-04-11,96.81652069091797,133.3800048828125,135.1199951171875,133.00999450683594,134.49000549316406,222973300,SPY
2008-04-14,96.48986053466797,132.92999267578125,133.5399932861328,132.5500030517578,133.19000244140625,160522000,SPY
2008-04-15,96.71485900878906,133.24000549316406,133.69000244140625,132.3300018310547,133.5800018310547,172389200,SPY
2008-04-16,99.3353042602539,136.85000610351562,136.91000366210938,134.52000427246094,134.5399932861328,189268900,SPY
2008-04-17,99.48042297363281,137.0500030517578,137.25,135.66000366210938,136.02000427246094,179665700,SPY
2008-04-18,100.51844024658203,138.47999572753906,139.55999755859375,138.25999450683594,138.94000244140625,218530600,SPY
2008-04-21,100.56922912597656,138.5500030517578,138.97999572753906,137.85000610351562,138.22999572753906,118587400,SPY
2008-04-22,100.12643432617188,137.94000244140625,138.30999755859375,136.89999389648438,138.19000244140625,162166000,SPY
2008-04-23,99.96678924560547,137.72000122070312,138.77999877929688,137.1199951171875,138.08999633789062,193309000,SPY
2008-04-24,100.40230560302734,138.32000732421875,139.74000549316406,137.0399932861328,138.0800018310547,229381300,SPY
2008-04-25,101.33141326904297,139.60000610351562,139.88999938964844,137.91000366210938,139.39999389648438,190788100,SPY
2008-04-28,101.35317993164062,139.6300048828125,140.25,139.3800048828125,139.8800048828125,105610200,SPY
2008-04-29,100.95396423339844,139.0800018310547,139.72999572753906,138.61000061035156,139.38999938964844,125514100,SPY
2008-04-30,100.35874938964844,138.25999450683594,140.58999633789062,138.25999450683594,139.2899932861328,208395900,SPY
2008-05-01,102.43474578857422,141.1199951171875,141.1199951171875,138.27000427246094,138.3800048828125,187279500,SPY
2008-05-02,102.71780395507812,141.50999450683594,142.3699951171875,140.55999755859375,142.33999633789062,181585500,SPY
2008-05-05,102.22422790527344,140.8300018310547,141.61000061035156,140.41000366210938,141.0500030517578,118504500,SPY
2008-05-06,103.10980224609375,142.0500030517578,142.1999969482422,139.69000244140625,140.02000427246094,179339800,SPY
2008-05-07,101.27332305908203,139.52000427246094,142.0399932861328,139.1300048828125,141.88999938964844,199267300,SPY
2008-05-08,101.01204681396484,139.16000366210938,140.32000732421875,138.97999572753906,139.74000549316406,178321200,SPY
2008-05-09,100.82333374023438,138.89999389648438,139.38999938964844,138.4499969482422,138.60000610351562,152588200,SPY
2008-05-12,101.95564270019531,140.4600067138672,140.55999755859375,138.72999572753906,139.25,147865900,SPY
2008-05-13,101.97018432617188,140.47999572753906,140.88999938964844,139.72999572753906,140.8000030517578,159132200,SPY
2008-05-14,102.1806869506836,140.77000427246094,142.1999969482422,140.4600067138672,141.07000732421875,181910800,SPY
2008-05-15,103.45822143554688,142.52999877929688,142.6300048828125,140.8300018310547,141.0399932861328,166927000,SPY
2008-05-16,103.55256652832031,142.66000366210938,142.8699951171875,141.61000061035156,142.86000061035156,204236800,SPY
2008-05-19,103.8356704711914,143.0500030517578,144.3000030517578,142.3000030517578,142.80999755859375,165664400,SPY
2008-05-20,102.9936752319336,141.88999938964844,142.33999633789062,141.0,142.27000427246094,178552100,SPY
2008-05-21,101.25154876708984,139.49000549316406,142.1199951171875,139.0,141.80999755859375,252724800,SPY
2008-05-22,101.26607513427734,139.50999450683594,140.1699981689453,139.0,139.42999267578125,170820400,SPY
2008-05-23,99.90870666503906,137.63999938964844,139.66000366210938,137.52000427246094,139.0500030517578,181376400,SPY
2008-05-27,100.64910888671875,138.66000366210938,139.0,137.52999877929688,137.8000030517578,168322900,SPY
2008-05-28,101.11366271972656,139.3000030517578,140.0,138.0,139.1699981689453,181288100,SPY
2008-05-29,101.62176513671875,140.0,140.92999267578125,139.0800018310547,139.1300048828125,173927200,SPY
2008-05-30,101.87583923339844,140.35000610351562,140.74000549316406,139.94000244140625,140.47000122070312,117362000,SPY
2008-06-02,100.82333374023438,138.89999389648438,139.86000061035156,138.0,139.8300018310547,181069900,SPY
2008-06-03,100.2353515625,138.08999633789062,139.6199951171875,137.22999572753906,139.3000030517578,271965700,SPY
2008-06-04,100.18456268310547,138.02000427246094,139.16000366210938,137.4600067138672,137.6999969482422,246637700,SPY
2008-06-05,102.18793487548828,140.77999877929688,140.88999938964844,138.32000732421875,138.5800018310547,237867100,SPY
2008-06-06,98.9288101196289,136.2899932861328,139.8000030517578,136.22000122070312,139.5500030517578,384276300,SPY
2008-06-09,99.1683349609375,136.6199951171875,137.5,135.41000366210938,136.86000061035156,228263900,SPY
2008-06-10,98.67472076416016,135.94000244140625,137.10000610351562,135.35000610351562,135.6699981689453,260234900,SPY
2008-06-11,97.22299194335938,133.94000244140625,136.25999450683594,133.92999267578125,135.97000122070312,283890100,SPY
2008-06-12,97.59318542480469,134.4499969482422,135.8699951171875,133.52000427246094,134.60000610351562,252791800,SPY
2008-06-13,98.8271484375,136.14999389648438,136.52000427246094,134.4199981689453,135.1699981689453,244726900,SPY
2008-06-16,98.88524627685547,136.22999572753906,136.92999267578125,135.4600067138672,135.5500030517578,185832500,SPY
2008-06-17,98.40616607666016,135.57000732421875,137.1199951171875,135.3699951171875,137.07000732421875,191707700,SPY
2008-06-18,97.44799041748047,134.25,135.52000427246094,133.7100067138672,134.69000244140625,265893000,SPY
2008-06-19,97.57138061523438,134.4199981689453,135.24000549316406,133.5,134.14999389648438,304204900,SPY
2008-06-20,95.9876937866211,131.5800018310547,133.08999633789062,131.22000122070312,132.83999633789062,289275700,SPY
2008-06-23,95.89281463623047,131.4499969482422,132.22999572753906,131.32000732421875,132.08999633789062,165096400,SPY
2008-06-24,95.7031478881836,131.19000244140625,132.44000244140625,130.19000244140625,131.0500030517578,267300600,SPY
2008-06-25,96.15544128417969,131.80999755859375,133.39999389648438,131.24000549316406,131.72000122070312,287853900,SPY
2008-06-26,93.54386138916016,128.22999572753906,131.4199981689453,128.0800018310547,130.57000732421875,297775000,SPY
2008-06-27,93.0331802368164,127.52999877929688,128.86000061035156,127.04000091552734,128.27999877929688,303423400,SPY
2008-06-30,93.3614730834961,127.9800033569336,128.91000366210938,127.30000305175781,127.88999938964844,258842600,SPY
2008-07-01,93.65324401855469,128.3800048828125,128.47000122070312,125.93000030517578,126.5199966430664,388622000,SPY
2008-07-02,92.0483627319336,126.18000030517578,129.16000366210938,125.94999694824219,128.7899932861328,288064600,SPY
2008-07-03,92.14315795898438,126.30999755859375,127.11000061035156,124.98999786376953,127.11000061035156,239352500,SPY
2008-07-07,91.2021484375,125.0199966430664,127.33999633789062,123.91999816894531,126.79000091552734,372427300,SPY
2008-07-08,92.82164764404297,127.23999786376953,127.38999938964844,124.19999694824219,124.98999786376953,375973700,SPY
2008-07-09,91.03433227539062,124.79000091552734,127.73999786376953,124.38999938964844,127.5,336729400,SPY
2008-07-10,91.4063949584961,125.30000305175781,125.79000091552734,123.58000183105469,124.43000030517578,436475700,SPY
2008-07-11,90.34130859375,123.83999633789062,125.9000015258789,122.48999786376953,123.97000122070312,481124600,SPY
2008-07-14,89.52429962158203,122.72000122070312,125.5,122.4000015258789,125.26000213623047,322720800,SPY
2008-07-15,88.26225280761719,120.98999786376953,123.48999786376953,120.0199966430664,121.80000305175781,502502500,SPY
2008-07-16,90.4288558959961,123.95999908447266,124.56999969482422,121.0999984741211,121.44999694824219,371642900,SPY
2008-07-17,91.33341217041016,125.19999694824219,126.26000213623047,124.08999633789062,125.13999938964844,375490600,SPY
2008-07-18,91.9024429321289,125.9800033569336,126.41999816894531,125.1500015258789,126.16999816894531,267030100,SPY
2008-07-21,91.95353698730469,126.05000305175781,126.80000305175781,125.19000244140625,126.51000213623047,222863000,SPY
2008-07-22,92.99671936035156,127.4800033569336,127.80000305175781,124.8499984741211,125.1500015258789,296904200,SPY
2008-07-23,93.50006103515625,128.1699981689453,129.14999389648438,127.55000305175781,127.88999938964844,311698400,SPY
2008-07-24,91.55953216552734,125.51000213623047,128.41000366210938,125.16000366210938,128.33999633789062,248634500,SPY
2008-07-25,91.53770446777344,125.4800033569336,126.48999786376953,125.16999816894531,125.88999938964844,219131000,SPY
2008-07-28,90.19544219970703,123.63999938964844,126.05999755859375,123.41999816894531,125.51000213623047,205201300,SPY
2008-07-29,92.1213150024414,126.27999877929688,126.37999725341797,123.63999938964844,123.9800033569336,261505600,SPY
2008-07-30,93.7626724243164,128.52999877929688,128.60000610351562,126.27999877929688,127.11000061035156,354710000,SPY
2008-07-31,92.52251434326172,126.83000183105469,128.57000732421875,126.62999725341797,127.4000015258789,277402100,SPY
2008-08-01,92.03376007080078,126.16000366210938,127.27999877929688,125.45999908447266,127.12000274658203,248690900,SPY
2008-08-04,91.18024444580078,124.98999786376953,126.13999938964844,124.76000213623047,126.04000091552734,188239600,SPY
2008-08-05,93.63867950439453,128.36000061035156,128.55999755859375,124.97000122070312,126.0199966430664,251577600,SPY
2008-08-06,94.0544662475586,128.92999267578125,129.3000030517578,127.4800033569336,128.02000427246094,209555400,SPY
2008-08-07,92.65388488769531,127.01000213623047,128.44000244140625,126.54000091552734,127.95999908447266,246312500,SPY
2008-08-08,94.3754653930664,129.3699951171875,129.92999267578125,126.37999725341797,126.58000183105469,260811700,SPY
2008-08-11,95.35301971435547,130.7100067138672,131.50999450683594,129.22999572753906,129.47000122070312,249425800,SPY
2008-08-12,94.36087799072266,129.35000610351562,130.6999969482422,128.72999572753906,130.27999877929688,213200800,SPY
2008-08-13,93.7918701171875,128.57000732421875,129.64999389648438,127.66999816894531,128.7899932861328,256393200,SPY
2008-08-14,94.4994888305664,129.5399932861328,130.27999877929688,127.75,127.83999633789062,239555300,SPY
2008-08-15,94.95906829833984,130.1699981689453,130.5,129.3000030517578,129.92999267578125,181000800,SPY
2008-08-18,93.66056060791016,128.38999938964844,130.47999572753906,127.66000366210938,130.42999267578125,172275100,SPY
2008-08-19,92.63927459716797,126.98999786376953,127.69000244140625,126.52999877929688,127.41999816894531,194673700,SPY
2008-08-20,93.0696792602539,127.58000183105469,127.94999694824219,126.33999633789062,127.38999938964844,225498200,SPY
2008-08-21,93.23014068603516,127.80000305175781,128.44000244140625,126.5999984741211,126.75,180609800,SPY
2008-08-22,94.57974243164062,129.64999389648438,129.64999389648438,127.80000305175781,128.6699981689453,167715300,SPY
2008-08-25,92.6611557006836,127.0199966430664,129.64999389648438,126.75,128.8000030517578,171936900,SPY
2008-08-26,92.9310531616211,127.38999938964844,127.87000274658203,126.58000183105469,127.0199966430664,159117200,SPY
2008-08-27,93.83563995361328,128.6300048828125,128.8300018310547,127.30000305175781,127.55000305175781,171032800,SPY
2008-08-28,94.97364807128906,130.19000244140625,130.33999633789062,129.11000061035156,129.27999877929688,167537100,SPY
2008-08-29,93.95233917236328,128.7899932861328,130.13999938964844,128.50999450683594,129.72999572753906,189195800,SPY
2008-09-02,93.3687515258789,127.98999786376953,130.7100067138672,127.5199966430664,130.02999877929688,252364900,SPY
2008-09-03,93.28851318359375,127.87999725341797,128.5,126.93000030517578,127.87999725341797,251947000,SPY
2008-09-04,90.4799575805664,124.02999877929688,127.2300033569336,123.95999908447266,126.97000122070312,340042500,SPY
2008-09-05,90.76443481445312,124.41999816894531,124.94999694824219,122.0,123.29000091552734,289503400,SPY
2008-09-08,92.63927459716797,126.98999786376953,128.24000549316406,124.41999816894531,128.0399932861328,364075300,SPY
2008-09-09,89.8890380859375,123.22000122070312,127.36000061035156,122.80000305175781,127.0999984741211,377326800,SPY
2008-09-10,90.25379180908203,123.72000122070312,124.9000015258789,122.55000305175781,123.88999938964844,298916600,SPY
2008-09-11,91.55953216552734,125.51000213623047,125.73999786376953,121.5999984741211,122.12000274658203,375369400,SPY
2008-09-12,91.98273468017578,126.08999633789062,126.20999908447266,123.83000183105469,124.29000091552734,297851200,SPY
2008-09-15,87.60572052001953,120.08999633789062,125.6500015258789,119.88999938964844,121.62999725341797,483607000,SPY
2008-09-16,89.07197570800781,122.0999984741211,122.31999969482422,117.0,117.19999694824219,581744300,SPY
2008-09-17,85.0670394897461,116.61000061035156,121.8499984741211,116.0,119.63999938964844,624095600,SPY
2008-09-18,87.59110260009766,120.06999969482422,121.79000091552734,113.80000305175781,118.05000305175781,776114700,SPY
2008-09-19,91.06968688964844,124.12000274658203,128.0,123.33000183105469,126.69999694824219,501087800,SPY
2008-09-22,89.00792694091797,121.30999755859375,124.75,120.36000061035156,124.44999694824219,249966500,SPY
2008-09-23,86.98286437988281,118.55000305175781,122.0199966430664,118.27999877929688,120.8499984741211,327470400,SPY
2008-09-24,87.2616958618164,118.93000030517578,120.0,117.79000091552734,119.3499984741211,311818400,SPY
2008-09-25,88.62638854980469,120.79000091552734,121.91000366210938,118.44000244140625,119.4000015258789,328253000,SPY
2008-09-26,88.67040252685547,120.8499984741211,121.5,118.51000213623047,118.83000183105469,285917400,SPY
2008-09-29,81.72203826904297,111.37999725341797,119.33999633789062,110.97000122070312,119.13999938964844,459562300,SPY
2008-09-30,85.1045150756836,115.98999786376953,116.80000305175781,110.52999877929688,113.51000213623047,328154400,SPY
2008-10-01,85.15589904785156,116.05999755859375,116.69000244140625,113.94999694824219,115.2699966430664,332783000,SPY
2008-10-02,82.06692504882812,111.8499984741211,115.11000061035156,111.05999755859375,114.94999694824219,365337800,SPY
2008-10-03,80.9589614868164,110.33999633789062,115.44999694824219,109.68000030517578,112.86000061035156,461798000,SPY
2008-10-06,76.8354721069336,104.72000122070312,107.62000274658203,100.63999938964844,107.1500015258789,610637500,SPY
2008-10-07,73.3943099975586,100.02999877929688,107.33000183105469,99.6500015258789,106.83999633789062,540012100,SPY
2008-10-08,71.54532623291016,97.51000213623047,102.18000030517578,96.80999755859375,97.5199966430664,725414800,SPY
2008-10-09,66.54867553710938,90.69999694824219,100.62000274658203,90.25,99.66000366210938,534485200,SPY
2008-10-10,64.93445587158203,88.5,93.94000244140625,83.58000183105469,86.76000213623047,871026300,SPY
2008-10-13,74.36286163330078,101.3499984741211,101.3499984741211,89.94999694824219,93.87000274658203,455584000,SPY
2008-10-14,73.26222229003906,99.8499984741211,105.52999877929688,97.11000061035156,104.69999694824219,546268300,SPY
2008-10-15,66.04975891113281,90.0199966430664,97.80000305175781,89.70999908447266,97.45999908447266,484627500,SPY
2008-10-16,68.80118560791016,93.7699966430664,94.7699966430664,86.54000091552734,91.29000091552734,708811200,SPY
2008-10-17,68.39030456542969,93.20999908447266,98.58999633789062,91.6500015258789,91.98999786376953,476649000,SPY
2008-10-20,72.49917602539062,98.80999755859375,99.0999984741211,94.08999633789062,95.3499984741211,321294200,SPY
2008-10-21,70.33467864990234,95.86000061035156,98.63999938964844,95.22000122070312,96.97000122070312,356502000,SPY
2008-10-22,66.50464630126953,90.63999938964844,95.86000061035156,87.52999877929688,93.19999694824219,516168000,SPY
2008-10-23,67.27506256103516,91.69000244140625,92.44999694824219,85.80999755859375,90.29000091552734,634666400,SPY
2008-10-24,63.86323165893555,87.04000091552734,89.91999816894531,84.0,84.05999755859375,545812600,SPY
2008-10-27,61.59605026245117,83.94999694824219,89.51000213623047,83.69999694824219,85.97000122070312,397288600,SPY
2008-10-28,68.79385375976562,93.76000213623047,94.23999786376953,84.52999877929688,87.33999633789062,639939500,SPY
2008-10-29,68.2949447631836,93.08000183105469,97.16999816894531,92.0999984741211,93.7699966430664,531270100,SPY
2008-10-30,70.65753936767578,96.30000305175781,96.54000091552734,92.9000015258789,95.77999877929688,414582100,SPY
2008-10-31,71.04640197753906,96.83000183105469,98.56999969482422,94.4800033569336,95.08000183105469,411394000,SPY
2008-11-03,71.25181579589844,97.11000061035156,97.69000244140625,95.94999694824219,96.77999877929688,205419400,SPY
2008-11-04,73.67311096191406,100.41000366210938,100.86000061035156,96.70999908447266,99.05999755859375,346793400,SPY
2008-11-05,70.57681274414062,96.19000244140625,100.70999908447266,95.0,99.19999694824219,387844100,SPY
2008-11-06,66.66605377197266,90.86000061035156,95.44000244140625,90.05999755859375,94.45999908447266,477721900,SPY
2008-11-07,68.86722564697266,93.86000061035156,94.0,90.5,91.6500015258789,380391000,SPY
2008-11-10,67.96473693847656,92.62999725341797,95.52999877929688,90.91999816894531,95.20999908447266,301773000,SPY
2008-11-11,65.86629486083984,89.7699966430664,92.13999938964844,88.6500015258789,90.76000213623047,418498200,SPY
2008-11-12,62.96810531616211,85.81999969482422,88.94999694824219,85.12000274658203,88.2300033569336,454330600,SPY
2008-11-13,66.89349365234375,91.16999816894531,91.7300033569336,82.08999633789062,86.12999725341797,753141900,SPY
2008-11-14,63.55509567260742,86.62000274658203,92.05999755859375,86.5199966430664,89.41000366210938,540352300,SPY
2008-11-17,62.71131134033203,85.47000122070312,88.55999755859375,85.16000366210938,86.37999725341797,415254900,SPY
2008-11-18,63.892574310302734,87.08000183105469,87.22000122070312,82.91000366210938,85.1500015258789,523811800,SPY
2008-11-19,59.79841995239258,81.5,86.87000274658203,80.91999816894531,85.91000366210938,558327600,SPY
2008-11-20,55.3593864440918,75.44999694824219,82.51000213623047,75.05000305175781,80.12999725341797,814180400,SPY
2008-11-21,58.34565734863281,79.5199966430664,80.9000015258789,74.33999633789062,77.45999908447266,718536500,SPY
2008-11-24,62.38846206665039,85.02999877929688,86.98999786376953,80.36000061035156,81.91999816894531,523305300,SPY
2008-11-25,62.85071563720703,85.66000366210938,87.51000213623047,83.81999969482422,87.30000305175781,454112400,SPY
2008-11-26,65.27932739257812,88.97000122070312,89.19000244140625,84.23999786376953,84.30000305175781,370134200,SPY
2008-11-28,66.10111236572266,90.08999633789062,90.12999725341797,88.4800033569336,88.62999725341797,118308100,SPY
2008-12-01,60.2459716796875,82.11000061035156,87.55000305175781,81.86000061035156,87.51000213623047,369927100,SPY
2008-12-02,62.56455612182617,85.2699966430664,85.48999786376953,82.04000091552734,83.47000122070312,469508400,SPY
2008-12-03,64.06869506835938,87.31999969482422,87.83000183105469,83.13999938964844,83.4000015258789,519863500,SPY
2008-12-04,62.5865592956543,85.30000305175781,88.05000305175781,83.73999786376953,86.05999755859375,444173800,SPY
2008-12-05,64.51626586914062,87.93000030517578,88.41999816894531,82.23999786376953,83.6500015258789,471905300,SPY
2008-12-08,66.76878356933594,91.0,92.37999725341797,88.08000183105469,90.33999633789062,412859300,SPY
2008-12-09,65.66820526123047,89.5,92.12999725341797,88.9800033569336,90.37000274658203,370790000,SPY
2008-12-10,66.11578369140625,90.11000061035156,91.36000061035156,89.0,90.31999969482422,396187400,SPY
2008-12-11,64.52361297607422,87.94000244140625,91.0,87.37000274658203,89.54000091552734,365061000,SPY
2008-12-12,65.29399108886719,88.98999786376953,89.06999969482422,85.19999694824219,85.55000305175781,415060400,SPY
2008-12-15,64.38420867919922,87.75,89.1500015258789,86.29000091552734,89.0199966430664,256694200,SPY
2008-12-16,67.4144515991211,91.87999725341797,92.0199966430664,88.18000030517578,91.87999725341797,377699500,SPY
2008-12-17,66.76142883300781,90.98999786376953,92.43000030517578,90.05999755859375,90.83999633789062,281819800,SPY
2008-12-18,65.51409912109375,89.29000091552734,91.66999816894531,88.20999908447266,91.4000015258789,374673300,SPY
2008-12-19,65.23231506347656,88.19000244140625,90.62000274658203,88.08999633789062,89.0999984741211,301451300,SPY
2008-12-22,64.39649200439453,87.05999755859375,88.66999816894531,85.48999786376953,88.58000183105469,243759500,SPY
2008-12-23,63.73072814941406,86.16000366210938,87.93000030517578,85.80000305175781,87.52999877929688,221625200,SPY
2008-12-24,64.10059356689453,86.66000366210938,86.87000274658203,86.0,86.44999694824219,62061600,SPY
2008-12-26,64.4704360961914,87.16000366210938,87.30000305175781,86.5,87.23999786376953,74767700,SPY
2008-12-29,64.2854995727539,86.91000366210938,87.33000183105469,85.5999984741211,87.23999786376953,127795900,SPY
2008-12-30,65.80925750732422,88.97000122070312,89.05000305175781,86.87999725341797,87.51000213623047,168256300,SPY
2008-12-31,66.7486572265625,90.23999786376953,90.97000122070312,88.87000274658203,89.08000183105469,193987200,SPY
2009-01-02,68.76058959960938,92.95999908447266,93.44000244140625,89.8499984741211,90.44000244140625,227566300,SPY
2009-01-05,68.67919921875,92.8499984741211,93.66000366210938,91.88999938964844,92.62999725341797,240349700,SPY
2009-01-06,69.1378173828125,93.47000122070312,94.44999694824219,92.68000030517578,93.63999938964844,328260900,SPY
2009-01-07,67.06668090820312,90.66999816894531,92.26000213623047,90.19999694824219,92.0,280899200,SPY
2009-01-08,67.34040832519531,91.04000091552734,91.08999633789062,89.66999816894531,90.16000366210938,263834400,SPY
2009-01-09,65.89802551269531,89.08999633789062,91.31999969482422,85.36000061035156,91.16000366210938,330953600,SPY
2009-01-12,64.31507873535156,86.94999694824219,88.91000366210938,86.41000366210938,88.83999633789062,277858500,SPY
2009-01-13,64.43343353271484,87.11000061035156,87.87999725341797,86.19999694824219,86.7300033569336,356432300,SPY
2009-01-14,62.40675735473633,84.37000274658203,85.75,83.16000366210938,85.54000091552734,435491600,SPY
2009-01-15,62.428916931152344,84.4000015258789,85.25,81.72000122070312,84.12000274658203,532647300,SPY
2009-01-16,62.91709899902344,85.05999755859375,85.98999786376953,83.05000305175781,85.86000061035156,399237200,SPY
2009-01-20,59.595951080322266,80.56999969482422,85.05999755859375,80.05000305175781,84.2300033569336,419855200,SPY
2009-01-21,62.17002868652344,84.05000305175781,84.23999786376953,80.47000122070312,81.94000244140625,364360700,SPY
2009-01-22,61.208465576171875,82.75,84.04000091552734,81.16999816894531,82.41999816894531,427940300,SPY
2009-01-23,61.474735260009766,83.11000061035156,83.98999786376953,80.56999969482422,80.9000015258789,386800600,SPY
2009-01-26,61.896339416503906,83.68000030517578,85.36000061035156,82.80999755859375,83.58999633789062,317978800,SPY
2009-01-27,62.525062561035156,84.52999877929688,85.1500015258789,83.30000305175781,84.12999725341797,273789700,SPY
2009-01-28,64.64054870605469,87.38999938964844,87.94999694824219,86.06999969482422,86.4000015258789,330007000,SPY
2009-01-29,62.53987121582031,84.55000305175781,87.48999786376953,84.47000122070312,86.11000061035156,294392500,SPY
2009-01-30,61.26762390136719,82.83000183105469,85.4000015258789,82.20999908447266,84.9800033569336,383383600,SPY
2009-02-02,61.08272933959961,82.58000183105469,83.18000030517578,81.30999755859375,81.56999969482422,288233300,SPY
2009-02-03,61.940711975097656,83.73999786376953,84.36000061035156,82.22000122070312,83.0999984741211,278385800,SPY
2009-02-04,61.637447357177734,83.33000183105469,85.37000274658203,83.04000091552734,84.30000305175781,322989300,SPY
2009-02-05,62.554656982421875,84.56999969482422,85.29000091552734,77.7300033569336,82.69999694824219,417679400,SPY
2009-02-06,64.33731079101562,86.9800033569336,87.33999633789062,84.68000030517578,84.86000061035156,366101700,SPY
2009-02-09,64.42606353759766,87.0999984741211,87.73999786376953,86.31999969482422,86.95999908447266,240075200,SPY
2009-02-10,61.474735260009766,83.11000061035156,87.02999877929688,82.44999694824219,86.2699966430664,536212800,SPY
2009-02-11,61.8371696472168,83.5999984741211,84.05000305175781,82.4000015258789,83.44999694824219,324442500,SPY
2009-02-12,61.88154220581055,83.66000366210938,83.81999969482422,81.05000305175781,82.16999816894531,469302200,SPY
2009-02-13,61.21586608886719,82.76000213623047,84.23999786376953,82.73999786376953,83.55000305175781,293998400,SPY
2009-02-17,58.59738540649414,79.22000122070312,82.95999908447266,79.16999816894531,80.16000366210938,478910100,SPY
2009-02-18,58.456844329833984,79.02999877929688,79.94000244140625,78.27999877929688,79.79000091552734,362964800,SPY
2009-02-19,57.82811737060547,78.18000030517578,80.1500015258789,78.0199966430664,79.83999633789062,316867500,SPY
2009-02-20,57.265968322753906,77.41999816894531,78.33999633789062,75.7699966430664,76.7300033569336,477176600,SPY
2009-02-23,55.2170295715332,74.6500015258789,78.2699966430664,74.58999633789062,78.2699966430664,379641400,SPY
2009-02-24,57.31033706665039,77.4800033569336,77.94999694824219,74.69999694824219,75.29000091552734,426260900,SPY
2009-02-25,56.85913848876953,76.87000274658203,78.41999816894531,75.62999725341797,77.13999938964844,461985800,SPY
2009-02-26,55.93453598022461,75.62000274658203,79.66999816894531,75.52999877929688,77.81999969482422,363353900,SPY
2009-02-27,54.684478759765625,73.93000030517578,75.69000244140625,73.80999755859375,74.01000213623047,470510900,SPY
2009-03-02,52.22133255004883,70.5999984741211,73.91999816894531,70.37000274658203,72.5199966430664,426452600,SPY
2009-03-03,51.82931900024414,70.06999969482422,71.69999694824219,69.63999938964844,71.61000061035156,443761000,SPY
2009-03-04,53.05717849731445,71.7300033569336,72.87000274658203,70.06999969482422,71.2300033569336,462753100,SPY
2009-03-05,50.889923095703125,68.80000305175781,71.7300033569336,68.16999816894531,70.0999984741211,485549400,SPY
2009-03-06,50.97867965698242,68.91999816894531,70.44999694824219,67.0999984741211,69.4000015258789,490470000,SPY
2009-03-09,50.37955093383789,68.11000061035156,70.0,67.7300033569336,67.94999694824219,379905300,SPY
2009-03-10,53.38264846801758,72.16999816894531,72.37000274658203,69.37000274658203,69.51000213623047,406227900,SPY
2009-03-11,53.73029708862305,72.63999938964844,73.75,71.83000183105469,73.0,356648300,SPY
2009-03-12,55.84578323364258,75.5,75.75,71.97000122070312,72.62000274658203,409702700,SPY
2009-03-13,56.28216552734375,76.08999633789062,76.9800033569336,74.7300033569336,76.01000213623047,337474700,SPY
2009-03-16,56.1120719909668,75.86000061035156,77.97000122070312,75.80999755859375,76.95999908447266,360644900,SPY
2009-03-17,57.82811737060547,78.18000030517578,78.36000061035156,75.44999694824219,76.06999969482422,356814300,SPY
2009-03-18,59.12255859375,79.93000030517578,80.9000015258789,77.06999969482422,77.80999755859375,473273200,SPY
2009-03-19,58.39026641845703,78.94000244140625,81.0,78.69000244140625,80.93000030517578,428520400,SPY
2009-03-20,57.14691925048828,76.70999908447266,78.91000366210938,76.52999877929688,78.76000213623047,371078200,SPY
2009-03-23,61.2516975402832,82.22000122070312,82.29000091552734,78.30999755859375,78.73999786376953,419933300,SPY
2009-03-24,60.04487609863281,80.5999984741211,82.36000061035156,80.51000213623047,81.23999786376953,330271000,SPY
2009-03-25,60.67808151245117,81.44999694824219,82.69999694824219,79.05999755859375,81.2300033569336,441775100,SPY
2009-03-26,61.914737701416016,83.11000061035156,83.30000305175781,81.31999969482422,82.25,422025200,SPY
2009-03-27,60.797279357910156,81.61000061035156,82.52999877929688,81.30999755859375,82.05000305175781,322332300,SPY
2009-03-30,58.69645309448242,78.79000091552734,79.87000274658203,77.95999908447266,79.80000305175781,324108500,SPY
2009-03-31,59.24030303955078,79.5199966430664,81.08000183105469,79.05000305175781,79.55999755859375,364238300,SPY
2009-04-01,60.38752365112305,81.05999755859375,81.41999816894531,78.33000183105469,78.52999877929688,377018300,SPY
2009-04-02,62.15312576293945,83.43000030517578,84.61000061035156,81.12999725341797,83.08000183105469,476230700,SPY
2009-04-03,62.771488189697266,84.26000213623047,84.27999877929688,82.66999816894531,83.48999786376953,284646300,SPY
2009-04-06,62.27976608276367,83.5999984741211,84.27999877929688,82.29000091552734,83.33999633789062,264866600,SPY
2009-04-07,60.82706069946289,81.6500015258789,82.6500015258789,81.51000213623047,82.25,258947800,SPY
2009-04-08,61.48263931274414,82.52999877929688,82.94000244140625,81.54000091552734,82.05999755859375,230402800,SPY
2009-04-09,63.926170349121094,85.80999755859375,85.81999969482422,84.33000183105469,84.66999816894531,269653500,SPY
2009-04-13,63.94106674194336,85.83000183105469,86.54000091552734,84.58000183105469,84.91999816894531,224847500,SPY
2009-04-14,62.83849334716797,84.3499984741211,85.76000213623047,84.08000183105469,85.02999877929688,276598800,SPY
2009-04-15,63.508968353271484,85.25,85.41999816894531,83.61000061035156,83.83999633789062,250726100,SPY
2009-04-16,64.44017791748047,86.5,87.1500015258789,84.7699966430664,85.93000030517578,335202900,SPY
2009-04-17,64.87228393554688,87.08000183105469,87.6500015258789,86.13999938964844,86.83000183105469,262649000,SPY
2009-04-20,62.15312576293945,83.43000030517578,87.05000305175781,83.33999633789062,85.54000091552734,293690100,SPY
2009-04-21,63.367462158203125,85.05999755859375,85.12999725341797,82.75,82.81999969482422,114090900,SPY
2009-04-22,62.98004150390625,84.54000091552734,86.33999633789062,84.06999969482422,84.29000091552734,340395200,SPY
2009-04-23,63.598392486572266,85.37000274658203,85.41999816894531,83.62999725341797,84.70999908447266,324903700,SPY
2009-04-24,64.55939483642578,86.66000366210938,87.30999755859375,85.69000244140625,86.02999877929688,287703000,SPY
2009-04-27,63.948524475097656,85.83999633789062,87.01000213623047,85.54000091552734,85.68000030517578,289581600,SPY
2009-04-28,63.747371673583984,85.56999969482422,86.58999633789062,84.76000213623047,84.97000122070312,247926300,SPY
2009-04-29,65.10322570800781,87.38999938964844,88.36000061035156,86.30000305175781,86.5199966430664,311505700,SPY
2009-04-30,65.12557983398438,87.41999816894531,89.0199966430664,86.91999816894531,88.55000305175781,301419800,SPY
2009-05-01,65.47571563720703,87.88999938964844,88.20999908447266,86.72000122070312,87.44000244140625,236110300,SPY
2009-05-04,67.70316314697266,90.87999725341797,90.94000244140625,88.37999725341797,88.55000305175781,287120000,SPY
2009-05-05,67.47223663330078,90.56999969482422,90.93000030517578,89.83999633789062,90.56999969482422,243036300,SPY
2009-05-06,68.64185333251953,92.13999938964844,92.19999694824219,90.61000061035156,91.68000030517578,291941000,SPY
2009-05-07,67.6882553100586,90.86000061035156,93.1500015258789,90.27999877929688,93.01000213623047,317728000,SPY
2009-05-08,69.26763916015625,92.9800033569336,93.22000122070312,91.44000244140625,92.02999877929688,299081700,SPY
2009-05-11,67.97138214111328,91.23999786376953,92.11000061035156,91.04000091552734,91.69999694824219,247923600,SPY
2009-05-12,67.7702407836914,90.97000122070312,91.83000183105469,89.8499984741211,91.62999725341797,282431300,SPY
2009-05-13,66.06425476074219,88.68000030517578,90.01000213623047,88.5,89.73999786376953,269619100,SPY
2009-05-14,66.63043212890625,89.44000244140625,90.12000274658203,88.5,88.72000122070312,260098700,SPY
2009-05-15,66.08660888671875,88.70999908447266,90.0,88.1500015258789,89.37000274658203,271502700,SPY
2009-05-18,67.96394348144531,91.2300033569336,91.33999633789062,88.56999969482422,89.55000305175781,241447400,SPY
2009-05-19,67.88201141357422,91.12000274658203,91.97000122070312,90.80999755859375,91.18000030517578,206102200,SPY
2009-05-20,67.42755126953125,90.51000213623047,92.80000305175781,90.41000366210938,91.94999694824219,285722200,SPY
2009-05-21,66.4590835571289,89.20999908447266,89.80000305175781,88.26000213623047,89.45999908447266,258988400,SPY
2009-05-22,66.3175048828125,89.0199966430664,90.0,88.68000030517578,89.45999908447266,166811900,SPY
2009-05-26,68.01604461669922,91.30000305175781,91.55999755859375,88.31999969482422,88.36000061035156,236318500,SPY
2009-05-27,66.80171966552734,89.66999816894531,91.75,89.52999877929688,91.44000244140625,246015800,SPY
2009-05-28,67.73298645019531,90.91999816894531,91.33999633789062,89.0999984741211,90.45999908447266,289095000,SPY
2009-05-29,68.9323959350586,92.52999877929688,93.69999694824219,90.68000030517578,91.41999816894531,258641500,SPY
2009-06-01,70.60111236572266,94.7699966430664,95.16999816894531,93.43000030517578,93.66999816894531,276246800,SPY
2009-06-02,70.66072845458984,94.8499984741211,95.37000274658203,94.2300033569336,94.4000015258789,230874500,SPY
2009-06-03,69.76679992675781,93.6500015258789,94.12999725341797,92.76000213623047,94.04000091552734,235310500,SPY
2009-06-04,70.42233276367188,94.52999877929688,94.66999816894531,93.30000305175781,94.0,210102300,SPY
2009-06-05,70.43721771240234,94.55000305175781,95.66999816894531,93.80000305175781,95.48999786376953,284257900,SPY
2009-06-08,70.14669799804688,94.16000366210938,95.0999984741211,93.04000091552734,93.83999633789062,238565100,SPY
2009-06-09,70.50428771972656,94.63999938964844,95.13999938964844,94.0199966430664,94.69000244140625,225125500,SPY
2009-06-10,70.32549285888672,94.4000015258789,95.48999786376953,93.19000244140625,95.4800033569336,296100400,SPY
2009-06-11,70.63838195800781,94.81999969482422,96.11000061035156,94.55999755859375,94.58000183105469,275414200,SPY
2009-06-12,70.83207702636719,95.08000183105469,95.13999938964844,94.0,94.4000015258789,184361800,SPY
2009-06-15,69.20803833007812,92.9000015258789,94.0199966430664,92.4000015258789,93.95999908447266,224190500,SPY
2009-06-16,68.26935577392578,91.63999938964844,93.29000091552734,91.58000183105469,93.2300033569336,227319000,SPY
2009-06-17,68.20230102539062,91.55000305175781,92.33000183105469,90.83000183105469,91.5999984741211,223445200,SPY
2009-06-18,68.7014389038086,92.22000122070312,92.66999816894531,91.25,91.69000244140625,211725100,SPY
2009-06-19,68.95467376708984,92.04000091552734,92.69999694824219,91.5199966430664,92.58000183105469,215655600,SPY
2009-06-22,66.88691711425781,89.27999877929688,91.19000244140625,89.25,91.13999938964844,251913600,SPY
2009-06-23,66.93936920166016,89.3499984741211,89.87999725341797,88.8499984741211,89.47000122070312,188309800,SPY
2009-06-24,67.5162353515625,90.12000274658203,91.08000183105469,89.5999984741211,90.16000366210938,211577700,SPY
2009-06-25,68.9846420288086,92.08000183105469,92.16999816894531,89.56999969482422,89.66999816894531,279411000,SPY
2009-06-26,68.80482482910156,91.83999633789062,92.23999786376953,91.2699966430664,91.7699966430664,167579000,SPY
2009-06-29,69.44914245605469,92.69999694824219,92.81999969482422,91.5999984741211,92.11000061035156,168481300,SPY
2009-06-30,68.88726806640625,91.94999694824219,93.05999755859375,91.2699966430664,92.72000122070312,228888200,SPY
2009-07-01,69.17192077636719,92.33000183105469,93.2300033569336,92.20999908447266,92.33999633789062,173041100,SPY
2009-07-02,67.28398132324219,89.80999755859375,92.36000061035156,89.76000213623047,91.12999725341797,212309900,SPY
2009-07-06,67.2764892578125,89.80000305175781,89.93000030517578,88.66000366210938,88.94000244140625,174499600,SPY
2009-07-07,65.97290802001953,88.05999755859375,89.81999969482422,88.0,89.70999908447266,197088900,SPY
2009-07-08,65.927978515625,88.0,88.80000305175781,87.0,88.58999633789062,248050500,SPY
2009-07-09,66.05532836914062,88.16999816894531,88.9000015258789,87.91000366210938,88.61000061035156,163777600,SPY
2009-07-10,65.89798736572266,87.95999908447266,88.48999786376953,87.3499984741211,87.69999694824219,173520300,SPY
2009-07-13,67.50125122070312,90.0999984741211,90.16999816894531,87.58999633789062,88.30999755859375,217413500,SPY
2009-07-14,67.88330841064453,90.61000061035156,90.69000244140625,89.7300033569336,90.37999725341797,181487400,SPY
2009-07-15,69.86865997314453,93.26000213623047,93.51000213623047,90.68000030517578,91.80999755859375,220877900,SPY
2009-07-16,69.75627136230469,93.11000061035156,94.51000213623047,92.81999969482422,93.0,231174500,SPY
2009-07-17,70.52047729492188,94.12999725341797,94.31999969482422,93.54000091552734,94.05999755859375,138561700,SPY
2009-07-20,71.26964569091797,95.12999725341797,95.29000091552734,94.19000244140625,94.68000030517578,164179400,SPY
2009-07-21,71.59928131103516,95.56999969482422,95.9000015258789,94.41999816894531,95.87000274658203,217718300,SPY
2009-07-22,71.58427429199219,95.55000305175781,96.12999725341797,94.88999938964844,94.95999908447266,196068100,SPY
2009-07-23,73.1650619506836,97.66000366210938,98.08000183105469,95.52999877929688,95.61000061035156,258795500,SPY
2009-07-24,73.46475219726562,98.05999755859375,98.13999938964844,96.69000244140625,97.19999694824219,154003100,SPY
2009-07-27,73.68201446533203,98.3499984741211,98.4000015258789,97.33999633789062,97.87999725341797,159259400,SPY
2009-07-28,73.3373794555664,97.88999938964844,98.37000274658203,97.05999755859375,97.66000366210938,186685200,SPY
2009-07-29,73.15757751464844,97.6500015258789,98.08999633789062,96.9800033569336,97.44000244140625,194399300,SPY
2009-07-30,73.92178344726562,98.66999816894531,99.83000183105469,98.5999984741211,98.83000183105469,225575400,SPY
2009-07-31,74.02664947509766,98.80999755859375,99.47000122070312,98.37999725341797,98.6500015258789,207358000,SPY
2009-08-03,75.247802734375,100.44000244140625,100.52999877929688,99.30999755859375,99.8499984741211,175776900,SPY
2009-08-04,75.44258880615234,100.69999694824219,100.83999633789062,99.77999877929688,99.98999786376953,176714600,SPY
2009-08-05,75.22532653808594,100.41000366210938,100.86000061035156,99.58000183105469,100.7699966430664,184726400,SPY
2009-08-06,74.83573913574219,99.88999938964844,101.0199966430664,99.41999816894531,100.87000274658203,193203800,SPY
2009-08-07,75.81718444824219,101.19999694824219,102.02999877929688,100.38999938964844,100.94000244140625,220640900,SPY
2009-08-10,75.65982818603516,100.98999786376953,101.22000122070312,100.2699966430664,100.73999786376953,130898700,SPY
2009-08-11,74.71588134765625,99.7300033569336,100.61000061035156,99.45999908447266,100.54000091552734,157301000,SPY
2009-08-12,75.51750183105469,100.80000305175781,101.55999755859375,99.51000213623047,99.55999755859375,219052400,SPY
2009-08-13,76.0943832397461,101.56999969482422,101.61000061035156,100.26000213623047,101.26000213623047,176449500,SPY
2009-08-14,75.51002502441406,100.79000091552734,101.5999984741211,99.69999694824219,101.5199966430664,199616100,SPY
2009-08-17,73.65205383300781,98.30999755859375,98.94999694824219,98.11000061035156,98.8499984741211,237667500,SPY
2009-08-18,74.23640441894531,99.08999633789062,99.44000244140625,98.3499984741211,98.52999877929688,173461500,SPY
2009-08-19,74.88818359375,99.95999908447266,100.30000305175781,98.20999908447266,98.30999755859375,192812800,SPY
2009-08-20,75.65982818603516,100.98999786376953,101.22000122070312,99.87000274658203,100.08999633789062,174131300,SPY
2009-08-21,77.14321899414062,102.97000122070312,103.12999725341797,101.62000274658203,101.81999969482422,224605000,SPY
2009-08-24,77.13571166992188,102.95999908447266,103.94999694824219,102.58999633789062,103.38999938964844,191279000,SPY
2009-08-25,77.28557586669922,103.16000366210938,104.26000213623047,102.94000244140625,103.37000274658203,215310600,SPY
2009-08-26,77.29305267333984,103.16999816894531,103.63999938964844,102.48999786376953,102.83999633789062,194620700,SPY
2009-08-27,77.4653549194336,103.4000015258789,103.72000122070312,101.94000244140625,103.11000061035156,196230100,SPY
2009-08-28,77.45039367675781,103.37999725341797,104.3499984741211,102.66999816894531,104.2300033569336,147024400,SPY
2009-08-31,76.7611312866211,102.45999908447266,102.58000183105469,101.79000091552734,102.37000274658203,176051600,SPY
2009-09-01,75.0679931640625,100.19999694824219,103.23999786376953,99.98999786376953,101.94999694824219,321276800,SPY
2009-09-02,74.78327941894531,99.81999969482422,100.44000244140625,99.56999969482422,99.77999877929688,171805000,SPY
2009-09-03,75.40509796142578,100.6500015258789,100.7699966430664,99.58999633789062,100.4000015258789,143572300,SPY
2009-09-04,76.46143341064453,102.05999755859375,102.08999633789062,100.55000305175781,100.8499984741211,142687900,SPY
2009-09-08,77.12075805664062,102.94000244140625,103.05000305175781,102.38999938964844,103.0,132909100,SPY
2009-09-09,77.71260070800781,103.7300033569336,104.08000183105469,102.80000305175781,103.12000274658203,154612500,SPY
2009-09-10,78.50675201416016,104.79000091552734,104.86000061035156,103.22000122070312,103.80000305175781,162902400,SPY
2009-09-11,78.49174499511719,104.7699966430664,105.30000305175781,104.27999877929688,104.98999786376953,152360100,SPY
2009-09-14,78.87381744384766,105.27999877929688,105.45999908447266,103.1500015258789,103.87999725341797,149593800,SPY
2009-09-15,79.20349884033203,105.72000122070312,106.11000061035156,104.76000213623047,105.44999694824219,196795900,SPY
2009-09-16,80.40216064453125,107.31999969482422,107.33999633789062,105.7300033569336,106.0999984741211,206406300,SPY
2009-09-17,80.28228759765625,107.16000366210938,108.05999755859375,106.56999969482422,107.16999816894531,229170900,SPY
2009-09-18,80.33348846435547,106.72000122070312,107.16000366210938,106.36000061035156,107.1500015258789,153799100,SPY
2009-09-21,80.13026428222656,106.44999694824219,107.0,105.66000366210938,105.88999938964844,151892000,SPY
2009-09-22,80.59693145751953,107.06999969482422,107.37000274658203,106.5999984741211,107.08000183105469,143126700,SPY
2009-09-23,79.92699432373047,106.18000030517578,108.02999877929688,105.98999786376953,107.31999969482422,225947400,SPY
2009-09-24,79.04631042480469,105.01000213623047,106.63999938964844,104.55000305175781,106.41000366210938,228636800,SPY
2009-09-25,78.6247329711914,104.44999694824219,105.36000061035156,104.08999633789062,104.77999877929688,204059000,SPY
2009-09-28,80.03240203857422,106.31999969482422,106.55000305175781,104.83000183105469,104.8499984741211,118285800,SPY
2009-09-29,79.7915267944336,106.0,107.0199966430664,105.77999877929688,106.51000213623047,133733900,SPY
2009-09-30,79.48284149169922,105.58999633789062,106.45999908447266,104.62000274658203,106.36000061035156,254383000,SPY
2009-10-01,77.51069641113281,102.97000122070312,105.7300033569336,102.94999694824219,103.0,281840600,SPY
2009-10-02,77.14936828613281,102.48999786376953,103.0999984741211,101.98999786376953,102.0199966430664,224748800,SPY
2009-10-05,78.3010482788086,104.0199966430664,104.31999969482422,102.5999984741211,102.9000015258789,149875000,SPY
2009-10-06,79.4226303100586,105.51000213623047,106.11000061035156,104.70999908447266,104.7699966430664,202491100,SPY
2009-10-07,79.64093780517578,105.80000305175781,105.91000366210938,105.06999969482422,105.2699966430664,159200300,SPY
2009-10-08,80.25069427490234,106.61000061035156,107.16999816894531,105.8499984741211,106.55000305175781,183305800,SPY
2009-10-09,80.73999786376953,107.26000213623047,107.26000213623047,106.36000061035156,106.63999938964844,135008300,SPY
2009-10-12,81.05611419677734,107.68000030517578,108.08999633789062,107.27999877929688,107.76000213623047,118031000,SPY
2009-10-13,80.89054870605469,107.45999908447266,107.70999908447266,106.76000213623047,107.38999938964844,157692700,SPY
2009-10-14,82.28311920166016,109.30999755859375,109.41999816894531,107.41999816894531,108.72000122070312,191421600,SPY
2009-10-15,82.58422088623047,109.70999908447266,109.70999908447266,108.7300033569336,108.77999877929688,173873600,SPY
2009-10-16,81.9669418334961,108.88999938964844,109.2699966430664,108.2300033569336,108.80000305175781,192069400,SPY
2009-10-19,82.64443969726562,109.79000091552734,110.12999725341797,108.7300033569336,109.06999969482422,159530400,SPY
2009-10-20,82.20783996582031,109.20999908447266,109.98999786376953,108.68000030517578,109.94999694824219,180921100,SPY
2009-10-21,81.47014617919922,108.2300033569336,110.30999755859375,108.1500015258789,109.04000091552734,225379300,SPY
2009-10-22,82.29814910888672,109.33000183105469,109.68000030517578,107.5,108.19000244140625,238444000,SPY
2009-10-23,81.35723876953125,108.08000183105469,109.76000213623047,107.62999725341797,109.69000244140625,240033200,SPY
2009-10-26,80.47650146484375,106.91000366210938,109.30999755859375,106.61000061035156,108.19999694824219,242028200,SPY
2009-10-27,80.10765838623047,106.41999816894531,107.38999938964844,106.16000366210938,107.02999877929688,253266300,SPY
2009-10-28,78.59461975097656,104.41000366210938,106.4800033569336,104.3499984741211,106.1500015258789,248821400,SPY
2009-10-29,80.28077697753906,106.6500015258789,106.86000061035156,104.94000244140625,105.19000244140625,198110600,SPY
2009-10-30,77.95481872558594,103.55999755859375,106.62000274658203,103.44000244140625,106.30000305175781,325608100,SPY
2009-11-02,78.5268783569336,104.31999969482422,105.41000366210938,103.08000183105469,104.12999725341797,254222900,SPY
2009-11-03,78.77530670166016,104.6500015258789,104.80000305175781,103.54000091552734,103.73999786376953,228362600,SPY
2009-11-04,78.9785385131836,104.91999816894531,106.33000183105469,104.6500015258789,105.51000213623047,247996700,SPY
2009-11-05,80.43134307861328,106.8499984741211,106.87999725341797,105.44000244140625,105.66000366210938,180015300,SPY
2009-11-06,80.64212036132812,107.12999725341797,107.4000015258789,106.05000305175781,106.26000213623047,170954100,SPY
2009-11-09,82.47882080078125,109.56999969482422,109.62999725341797,107.87000274658203,107.94999694824219,159495700,SPY
2009-11-10,82.49386596679688,109.58999633789062,109.93000030517578,108.97000122070312,109.30999755859375,171899800,SPY
2009-11-11,82.91545104980469,110.1500015258789,110.81999969482422,109.62000274658203,110.30999755859375,169466200,SPY
2009-11-12,82.07234191894531,109.02999877929688,110.56999969482422,108.75,110.0,157144500,SPY
2009-11-13,82.51644134521484,109.62000274658203,110.08999633789062,108.75,109.30999755859375,150963000,SPY
2009-11-16,83.71332550048828,111.20999908447266,111.69000244140625,110.31999969482422,110.37999725341797,210922200,SPY
2009-11-17,83.81119537353516,111.33999633789062,111.38999938964844,110.5,110.91999816894531,147134100,SPY
2009-11-18,83.7585220336914,111.2699966430664,111.43000030517578,110.56999969482422,111.26000213623047,156486800,SPY
2009-11-19,82.6670150756836,109.81999969482422,111.30999755859375,109.12999725341797,110.51000213623047,208734600,SPY
2009-11-20,82.37344360351562,109.43000030517578,109.76000213623047,109.01000213623047,109.25,134196000,SPY
2009-11-23,83.41973876953125,110.81999969482422,111.73999786376953,110.5999984741211,110.72000122070312,148010200,SPY
2009-11-24,83.54771423339844,110.98999786376953,111.19999694824219,110.01000213623047,111.0,138420100,SPY
2009-11-25,83.84130096435547,111.37999725341797,111.5,110.81999969482422,111.16999816894531,109564800,SPY
2009-11-27,82.47882080078125,109.56999969482422,110.31999969482422,108.29000091552734,108.4000015258789,126001800,SPY
2009-11-30,82.75733184814453,109.94000244140625,110.19999694824219,108.12000274658203,109.4800033569336,160874800,SPY
2009-12-01,83.78106689453125,111.30000305175781,111.66000366210938,110.7300033569336,110.91999816894531,159613700,SPY
2009-12-02,83.7434310913086,111.25,112.01000213623047,110.91999816894531,111.27999877929688,132315100,SPY
2009-12-03,83.08855438232422,110.37999725341797,112.18000030517578,110.29000091552734,111.55000305175781,167324900,SPY
2009-12-04,83.56278991699219,111.01000213623047,112.37999725341797,110.04000091552734,111.83999633789062,274907800,SPY
2009-12-07,83.434814453125,110.83999633789062,111.52999877929688,110.48999786376953,110.91000366210938,127973800,SPY
2009-12-08,82.50891876220703,109.61000061035156,110.7699966430664,109.2699966430664,110.04000091552734,169863700,SPY
2009-12-09,82.81754302978516,110.0199966430664,110.18000030517578,109.0199966430664,109.58000183105469,155063400,SPY
2009-12-10,83.28428649902344,110.63999938964844,111.12000274658203,110.44999694824219,110.69999694824219,138014600,SPY
2009-12-11,83.6380844116211,111.11000061035156,111.36000061035156,110.61000061035156,111.11000061035156,124854000,SPY
2009-12-14,84.21015930175781,111.87000274658203,112.0,111.12999725341797,111.87000274658203,107141500,SPY
2009-12-15,83.8187255859375,111.3499984741211,111.91999816894531,111.0,111.45999908447266,120408800,SPY
2009-12-16,83.94666290283203,111.5199966430664,112.12999725341797,111.2699966430664,111.80000305175781,155358200,SPY
2009-12-17,82.93800354003906,110.18000030517578,110.93000030517578,110.08000183105469,110.72000122070312,183390100,SPY
2009-12-18,83.40719604492188,110.20999908447266,110.30000305175781,109.27999877929688,110.19999694824219,174591200,SPY
2009-12-21,84.25482940673828,111.33000183105469,111.69999694824219,110.76000213623047,110.76000213623047,118039600,SPY
2009-12-22,84.55754852294922,111.7300033569336,111.97000122070312,111.43000030517578,111.56999969482422,91707500,SPY
2009-12-23,84.72403717041016,111.94999694824219,112.11000061035156,111.5,112.0,111783100,SPY
2009-12-24,85.12516021728516,112.4800033569336,112.5999984741211,112.0,112.19000244140625,39677500,SPY
2009-12-28,85.30677795410156,112.72000122070312,112.98999786376953,112.31999969482422,112.9000015258789,87508500,SPY
2009-12-29,85.18572235107422,112.55999755859375,113.02999877929688,112.55000305175781,113.01000213623047,80572500,SPY
2009-12-30,85.1554183959961,112.5199966430664,112.6500015258789,112.16999816894531,112.2300033569336,73138400,SPY
2009-12-31,84.33809661865234,111.44000244140625,112.80000305175781,111.38999938964844,112.7699966430664,90637900,SPY
2010-01-04,85.76844024658203,113.33000183105469,113.38999938964844,111.51000213623047,112.37000274658203,118944600,SPY
2010-01-05,85.9954605102539,113.62999725341797,113.68000030517578,112.8499984741211,113.26000213623047,111579900,SPY
2010-01-06,86.05604553222656,113.70999908447266,113.98999786376953,113.43000030517578,113.5199966430664,116074400,SPY
2010-01-07,86.4192886352539,114.19000244140625,114.33000183105469,113.18000030517578,113.5,131091100,SPY
2010-01-08,86.70687103271484,114.56999969482422,114.62000274658203,113.66000366210938,113.88999938964844,126402800,SPY
2010-01-11,86.82793426513672,114.7300033569336,115.12999725341797,114.23999786376953,115.08000183105469,106375700,SPY
2010-01-12,86.01818084716797,113.66000366210938,114.20999908447266,113.22000122070312,113.97000122070312,163333500,SPY
2010-01-13,86.7447280883789,114.62000274658203,114.94000244140625,113.37000274658203,113.94999694824219,161822000,SPY
2010-01-14,86.97938537597656,114.93000030517578,115.13999938964844,114.41999816894531,114.48999786376953,115718800,SPY
2010-01-15,86.00302124023438,113.63999938964844,114.83999633789062,113.19999694824219,114.7300033569336,212283100,SPY
2010-01-19,87.07771301269531,115.05999755859375,115.12999725341797,113.58999633789062,113.62000274658203,139172700,SPY
2010-01-20,86.19227600097656,113.88999938964844,114.44999694824219,112.9800033569336,114.27999877929688,216490200,SPY
2010-01-21,84.53482818603516,111.69999694824219,114.2699966430664,111.55999755859375,113.91999816894531,344859600,SPY
2010-01-22,82.65042877197266,109.20999908447266,111.73999786376953,109.08999633789062,111.19999694824219,345942400,SPY
2010-01-25,83.07423400878906,109.7699966430664,110.41000366210938,109.41000366210938,110.20999908447266,186937500,SPY
2010-01-26,82.72611236572266,109.30999755859375,110.47000122070312,109.04000091552734,109.33999633789062,211168800,SPY
2010-01-27,83.11961364746094,109.83000183105469,110.08000183105469,108.33000183105469,109.16999816894531,271863600,SPY
2010-01-28,82.16605377197266,108.56999969482422,110.25,107.91000366210938,110.19000244140625,316104000,SPY
2010-01-29,81.2730484008789,107.38999938964844,109.80000305175781,107.22000122070312,109.04000091552734,310677600,SPY
2010-02-01,82.53688049316406,109.05999755859375,109.06999969482422,107.5,108.1500015258789,187865000,SPY
2010-02-02,83.53590393066406,110.37999725341797,110.58999633789062,108.87999725341797,109.26000213623047,216327900,SPY
2010-02-03,83.11961364746094,109.83000183105469,110.4800033569336,109.51000213623047,109.87999725341797,172730700,SPY
2010-02-04,80.5540771484375,106.44000244140625,109.02999877929688,106.41999816894531,108.9800033569336,356715700,SPY
2010-02-05,80.72054290771484,106.66000366210938,106.87999725341797,104.58000183105469,106.55999755859375,493585800,SPY
2010-02-08,80.13783264160156,105.88999938964844,107.33000183105469,105.80999755859375,106.73999786376953,224166900,SPY
2010-02-09,81.14437103271484,107.22000122070312,108.1500015258789,106.2699966430664,107.12999725341797,337820500,SPY
2010-02-10,80.98542022705078,107.01000213623047,107.5999984741211,106.11000061035156,107.05000305175781,240511500,SPY
2010-02-11,81.83306121826172,108.12999725341797,108.25,106.25,106.87000274658203,223591600,SPY
2010-02-12,81.76495361328125,108.04000091552734,108.0999984741211,106.51000213623047,106.98999786376953,304622100,SPY
2010-02-16,83.05150604248047,109.73999786376953,109.8499984741211,107.81999969482422,108.86000061035156,159317500,SPY
2010-02-17,83.44507598876953,110.26000213623047,110.41000366210938,109.73999786376953,110.2699966430664,168845100,SPY
2010-02-18,83.93697357177734,110.91000366210938,111.13999938964844,110.04000091552734,110.08000183105469,193708600,SPY
2010-02-19,84.11104583740234,111.13999938964844,111.56999969482422,110.36000061035156,110.62000274658203,222684900,SPY
2010-02-22,84.12619018554688,111.16000366210938,111.58000183105469,110.83000183105469,111.55000305175781,132346900,SPY
2010-02-23,83.1044921875,109.80999755859375,111.19999694824219,109.5199966430664,110.86000061035156,207497000,SPY
2010-02-24,83.86884307861328,110.81999969482422,111.0,109.86000061035156,110.13999938964844,176350700,SPY
2010-02-25,83.75534057617188,110.66999816894531,110.75,108.94000244140625,109.23999786376953,259634700,SPY
2010-02-26,83.8083267211914,110.73999786376953,111.12000274658203,110.11000061035156,110.7699966430664,173589300,SPY
2010-03-01,84.67863464355469,111.88999938964844,112.0,111.16999816894531,111.19999694824219,147709700,SPY
2010-03-02,84.91323852539062,112.19999694824219,112.73999786376953,112.0,112.37000274658203,160992400,SPY
2010-03-03,84.98892974853516,112.30000305175781,112.97000122070312,112.0199966430664,112.48999786376953,150785000,SPY
2010-03-04,85.24626922607422,112.63999938964844,112.80000305175781,112.02999877929688,112.44999694824219,135770400,SPY
2010-03-05,86.4646987915039,114.25,114.33999633789062,113.0999984741211,113.37000274658203,176118800,SPY
2010-03-08,86.47982788085938,114.2699966430664,114.5199966430664,114.06999969482422,114.26000213623047,114631200,SPY
2010-03-09,86.6236572265625,114.45999908447266,114.98999786376953,113.87000274658203,113.93000030517578,154556700,SPY
2010-03-10,87.00961303710938,114.97000122070312,115.27999877929688,114.41000366210938,114.51000213623047,186088800,SPY
2010-03-11,87.37286376953125,115.44999694824219,115.4800033569336,114.3499984741211,114.69999694824219,160791100,SPY
2010-03-12,87.38041687011719,115.45999908447266,115.97000122070312,115.13999938964844,115.94999694824219,162074800,SPY
2010-03-15,87.40313720703125,115.48999786376953,115.56999969482422,114.5999984741211,115.26000213623047,146816800,SPY
2010-03-16,88.09937286376953,116.41000366210938,116.5199966430664,115.48999786376953,115.80999755859375,168673000,SPY
2010-03-17,88.62157440185547,117.0999984741211,117.4800033569336,116.41999816894531,116.76000213623047,177468100,SPY
2010-03-18,88.57617950439453,117.04000091552734,117.2699966430664,116.56999969482422,117.11000061035156,196509100,SPY
2010-03-19,88.12784576416016,115.97000122070312,117.29000091552734,115.5199966430664,115.97000122070312,226641100,SPY
2010-03-22,88.59899139404297,116.58999633789062,116.80000305175781,115.23999786376953,115.30999755859375,184477800,SPY
2010-03-23,89.22211456298828,117.41000366210938,117.51000213623047,116.37999725341797,116.76000213623047,182941600,SPY
2010-03-24,88.78894805908203,116.83999633789062,117.43000030517578,115.58000183105469,116.97000122070312,196072600,SPY
2010-03-25,88.64458465576172,116.6500015258789,118.16999816894531,116.51000213623047,117.62999725341797,223396300,SPY
2010-03-26,88.59138488769531,116.58000183105469,117.41999816894531,116.12000274658203,116.87000274658203,205808500,SPY
2010-03-29,89.15372467041016,117.31999969482422,117.52999877929688,116.69000244140625,117.16999816894531,134513500,SPY
2010-03-30,89.21451568603516,117.4000015258789,117.83000183105469,116.91000366210938,117.45999908447266,145772500,SPY
2010-03-31,88.91053771972656,117.0,117.5199966430664,116.61000061035156,116.94999694824219,161078700,SPY
2010-04-01,89.51847839355469,117.80000305175781,118.25,117.0999984741211,117.80000305175781,161215200,SPY
2010-04-05,90.24798583984375,118.76000213623047,118.83999633789062,117.91999816894531,118.25,105847600,SPY
2010-04-06,90.46078491210938,119.04000091552734,119.25,118.29000091552734,118.41999816894531,110384200,SPY
2010-04-07,89.94402313232422,118.36000061035156,119.36000061035156,117.80999755859375,118.80000305175781,184576300,SPY
2010-04-08,90.2555923461914,118.7699966430664,118.97000122070312,117.5999984741211,117.94999694824219,158704000,SPY
2010-04-09,90.84832000732422,119.55000305175781,119.5999984741211,118.80000305175781,119.0199966430664,133006500,SPY
2010-04-12,90.99271392822266,119.73999786376953,120.05000305175781,119.55999755859375,119.69999694824219,110279000,SPY
2010-04-13,91.06114196777344,119.83000183105469,120.04000091552734,119.0,119.62000274658203,125043600,SPY
2010-04-14,92.09459686279297,121.19000244140625,121.19000244140625,120.08000183105469,120.2699966430664,161609000,SPY
2010-04-15,92.17060852050781,121.29000091552734,121.56999969482422,120.94999694824219,120.98999786376953,144615300,SPY
2010-04-16,90.70397186279297,119.36000061035156,121.29000091552734,118.75,120.86000061035156,366786700,SPY
2010-04-19,91.04588317871094,119.80999755859375,119.93000030517578,118.47000122070312,119.01000213623047,217947800,SPY
2010-04-20,91.85902404785156,120.87999725341797,120.9800033569336,119.87000274658203,120.55999755859375,157708000,SPY
2010-04-21,91.69185638427734,120.66000366210938,121.2300033569336,119.98999786376953,120.94999694824219,192910100,SPY
2010-04-22,91.96541595458984,121.0199966430664,121.16999816894531,119.12000274658203,119.80999755859375,115360300,SPY
2010-04-23,92.56573486328125,121.80999755859375,121.86000061035156,120.62999725341797,120.94000244140625,177335500,SPY
2010-04-26,92.21617126464844,121.3499984741211,122.12000274658203,121.2300033569336,121.8499984741211,143457300,SPY
2010-04-27,90.03521728515625,118.4800033569336,121.33999633789062,118.25,120.6500015258789,355853300,SPY
2010-04-28,90.7191390991211,119.37999725341797,119.68000030517578,118.2699966430664,119.05000305175781,300674100,SPY
2010-04-29,91.8438491821289,120.86000061035156,121.11000061035156,120.06999969482422,120.0999984741211,193775000,SPY
2010-04-30,90.2860107421875,118.80999755859375,121.01000213623047,118.77999877929688,120.87999725341797,270000900,SPY
2010-05-03,91.45626831054688,120.3499984741211,120.68000030517578,119.19999694824219,119.37999725341797,182747900,SPY
2010-05-04,89.30572509765625,117.5199966430664,119.02999877929688,116.91999816894531,119.01000213623047,360353400,SPY
2010-05-05,88.77376556396484,116.81999969482422,117.80000305175781,115.97000122070312,116.55999755859375,328973200,SPY
2010-05-06,85.82527923583984,112.94000244140625,117.0,105.0,116.26000213623047,647356600,SPY
2010-05-07,84.54861450195312,111.26000213623047,113.7699966430664,109.41000366210938,112.63999938964844,637558800,SPY
2010-05-10,88.27220153808594,116.16000366210938,116.6500015258789,114.91000366210938,115.80999755859375,396159600,SPY
2010-05-11,88.02143859863281,115.83000183105469,117.36000061035156,114.91000366210938,115.06999969482422,317849800,SPY
2010-05-12,89.25251007080078,117.44999694824219,117.62000274658203,116.08999633789062,116.29000091552734,235607100,SPY
2010-05-13,88.14301300048828,115.98999786376953,117.68000030517578,115.88999938964844,117.12999725341797,234452500,SPY
2010-05-14,86.5472183227539,113.88999938964844,115.33000183105469,112.87000274658203,115.12000274658203,345601400,SPY
2010-05-17,86.59278869628906,113.94999694824219,114.5199966430664,111.7699966430664,114.19999694824219,325739800,SPY
2010-05-18,85.41488647460938,112.4000015258789,115.22000122070312,112.02999877929688,114.87999725341797,360556800,SPY
2010-05-19,84.9285659790039,111.76000213623047,112.7699966430664,110.36000061035156,111.7699966430664,394742700,SPY
2010-05-20,81.72171783447266,107.54000091552734,109.88999938964844,107.47000122070312,109.37999725341797,530418300,SPY
2010-05-21,82.91477966308594,109.11000061035156,109.37999725341797,105.36000061035156,105.91000366210938,500909400,SPY
2010-05-24,81.85090637207031,107.70999908447266,109.38999938964844,107.61000061035156,108.5199966430664,269823000,SPY
2010-05-25,81.93447875976562,107.81999969482422,107.87000274658203,104.37999725341797,105.11000061035156,396505200,SPY
2010-05-26,81.44052124023438,107.16999816894531,109.47000122070312,106.8499984741211,108.4800033569336,349719300,SPY
2010-05-27,84.16866302490234,110.76000213623047,110.80000305175781,108.77999877929688,109.19000244140625,300870500,SPY
2010-05-28,83.11235046386719,109.37000274658203,110.72000122070312,108.8499984741211,110.63999938964844,297933500,SPY
2010-06-01,81.71409606933594,107.52999877929688,109.94999694824219,107.37000274658203,108.3499984741211,277909400,SPY
2010-06-02,83.84187316894531,110.33000183105469,110.33999633789062,107.51000213623047,108.08000183105469,240243700,SPY
2010-06-03,84.13065338134766,110.70999908447266,111.05999755859375,109.58000183105469,110.6500015258789,226618300,SPY
2010-06-04,81.17456817626953,106.81999969482422,109.33000183105469,106.45999908447266,108.61000061035156,398475600,SPY
2010-06-07,80.16384887695312,105.48999786376953,107.61000061035156,105.41000366210938,107.19999694824219,264609100,SPY
2010-06-08,81.0226058959961,106.62000274658203,106.83000183105469,104.6500015258789,105.56999969482422,357774300,SPY
2010-06-09,80.58942413330078,106.05000305175781,108.27999877929688,105.5999984741211,107.23999786376953,268023300,SPY
2010-06-10,82.9451904296875,109.1500015258789,109.27999877929688,106.04000091552734,107.86000061035156,317890600,SPY
2010-06-11,83.3479232788086,109.68000030517578,109.75,108.12000274658203,108.19000244140625,214128200,SPY
2010-06-14,83.21875762939453,109.51000213623047,111.12000274658203,109.4000015258789,110.5199966430664,207196100,SPY
2010-06-15,85.11096954345703,112.0,112.0999984741211,110.08999633789062,110.27999877929688,238268700,SPY
2010-06-16,85.08055877685547,111.95999908447266,112.41999816894531,111.19999694824219,111.41999816894531,216374000,SPY
2010-06-17,85.2173080444336,112.13999938964844,112.33000183105469,111.05000305175781,112.27999877929688,263185800,SPY
2010-06-18,85.3097152709961,111.7300033569336,112.12999725341797,111.37000274658203,111.83000183105469,174006600,SPY
2010-06-21,85.0654067993164,111.41000366210938,113.19999694824219,110.79000091552734,113.12000274658203,213140700,SPY
2010-06-22,83.6604995727539,109.56999969482422,111.9000015258789,109.41000366210938,111.41000366210938,239355400,SPY
2010-06-23,83.40090942382812,109.2300033569336,110.02999877929688,108.4800033569336,109.63999938964844,254639900,SPY
2010-06-24,82.01891326904297,107.41999816894531,108.83000183105469,107.13999938964844,108.69000244140625,268523600,SPY
2010-06-25,82.3624496459961,107.87000274658203,108.41999816894531,106.7699966430664,107.73999786376953,238726500,SPY
2010-06-28,82.10287475585938,107.52999877929688,108.31999969482422,107.13999938964844,108.02999877929688,169218600,SPY
2010-06-29,79.5679702758789,104.20999908447266,107.51000213623047,103.55000305175781,106.0199966430664,373649500,SPY
2010-06-30,78.81206512451172,103.22000122070312,104.87999725341797,102.87999725341797,103.91999816894531,284101700,SPY
2010-07-01,78.46080780029297,102.76000213623047,103.48999786376953,101.12999725341797,103.1500015258789,382924800,SPY
2010-07-02,78.03327178955078,102.19999694824219,103.41999816894531,101.62000274658203,103.11000061035156,233385200,SPY
2010-07-06,78.54480743408203,102.87000274658203,104.37000274658203,101.87999725341797,103.63999938964844,256935300,SPY
2010-07-07,81.01863861083984,106.11000061035156,106.23999786376953,103.0199966430664,103.12999725341797,253769400,SPY
2010-07-08,81.82039642333984,107.16000366210938,107.27999877929688,105.91000366210938,107.0,210842100,SPY
2010-07-09,82.43116760253906,107.95999908447266,107.97000122070312,106.93000030517578,107.12999725341797,144999900,SPY
2010-07-12,82.4846420288086,108.02999877929688,108.23999786376953,107.1500015258789,107.5999984741211,131283600,SPY
2010-07-13,83.72920227050781,109.66000366210938,110.08999633789062,108.93000030517578,109.1500015258789,213025900,SPY
2010-07-14,83.72156524658203,109.6500015258789,110.08000183105469,108.86000061035156,109.30999755859375,184426800,SPY
2010-07-15,83.74445343017578,109.68000030517578,110.05999755859375,108.16999816894531,109.61000061035156,232337900,SPY
2010-07-16,81.43858337402344,106.66000366210938,109.20999908447266,106.44999694824219,109.08999633789062,282693400,SPY
2010-07-19,81.91964721679688,107.29000091552734,107.62999725341797,106.22000122070312,107.05000305175781,186709000,SPY
2010-07-20,82.82826232910156,108.4800033569336,108.55999755859375,105.81999969482422,105.87000274658203,258162400,SPY
2010-07-21,81.75166320800781,107.06999969482422,109.06999969482422,106.62999725341797,109.04000091552734,264527000,SPY
2010-07-22,83.57649993896484,109.45999908447266,109.94000244140625,108.33000183105469,108.33999633789062,274781300,SPY
2010-07-23,84.3018798828125,110.41000366210938,110.56999969482422,108.93000030517578,109.23999786376953,222020800,SPY
2010-07-26,85.17991638183594,111.55999755859375,111.66999816894531,110.29000091552734,110.5999984741211,184445700,SPY
2010-07-27,85.17229461669922,111.55000305175781,112.29000091552734,111.11000061035156,112.16999816894531,204855600,SPY
2010-07-28,84.62255096435547,110.83000183105469,111.66000366210938,110.45999908447266,111.31999969482422,163056200,SPY
2010-07-29,84.2102279663086,110.29000091552734,111.81999969482422,109.41000366210938,111.5199966430664,220149100,SPY
2010-07-30,84.19497680664062,110.2699966430664,110.86000061035156,108.9800033569336,109.16999816894531,220070600,SPY
2010-08-02,86.09617614746094,112.76000213623047,112.94000244140625,111.54000091552734,111.98999786376953,188263200,SPY
2010-08-03,85.68387603759766,112.22000122070312,112.7699966430664,111.8499984741211,112.4800033569336,146657300,SPY
2010-08-04,86.25651550292969,112.97000122070312,113.11000061035156,112.16000366210938,112.52999877929688,158171700,SPY
2010-08-05,86.1649169921875,112.8499984741211,112.91000366210938,112.08000183105469,112.25,140473800,SPY
2010-08-06,85.81368255615234,112.38999938964844,112.56999969482422,110.91999816894531,111.73999786376953,239728300,SPY
2010-08-09,86.27178192138672,112.98999786376953,113.18000030517578,112.31999969482422,112.91999816894531,120800400,SPY
2010-08-10,85.8060302734375,112.37999725341797,112.9800033569336,111.37000274658203,112.02999877929688,242916300,SPY
2010-08-11,83.45435333251953,109.30000305175781,110.69000244140625,109.12000274658203,110.6500015258789,273406900,SPY
2010-08-12,82.9427719116211,108.62999725341797,109.0199966430664,107.5999984741211,107.6500015258789,239542600,SPY
2010-08-13,82.69842529296875,108.30999755859375,108.95999908447266,108.18000030517578,108.29000091552734,158698500,SPY
2010-08-16,82.66029357910156,108.26000213623047,108.61000061035156,107.18000030517578,107.56999969482422,147895300,SPY
2010-08-17,83.67576599121094,109.58999633789062,110.38999938964844,108.87999725341797,109.19000244140625,172270300,SPY
2010-08-18,83.82847595214844,109.79000091552734,110.37999725341797,108.91000366210938,109.54000091552734,182922100,SPY
2010-08-19,82.37013244628906,107.87999725341797,109.48999786376953,107.43000030517578,109.22000122070312,265847600,SPY
2010-08-20,82.10287475585938,107.52999877929688,107.94000244140625,106.75,107.55999755859375,209714200,SPY
2010-08-23,81.78986358642578,107.12000274658203,108.56999969482422,107.06999969482422,108.04000091552734,163490300,SPY
2010-08-24,80.57576751708984,105.52999877929688,106.38999938964844,104.97000122070312,105.94999694824219,280677800,SPY
2010-08-25,80.88884735107422,105.94000244140625,106.33999633789062,104.29000091552734,104.94999694824219,272234800,SPY
2010-08-26,80.34675598144531,105.2300033569336,106.58000183105469,104.87999725341797,106.44000244140625,224439500,SPY
2010-08-27,81.59130859375,106.86000061035156,106.97000122070312,104.30999755859375,105.88999938964844,272649000,SPY
2010-08-30,80.40782165527344,105.30999755859375,106.91000366210938,105.30000305175781,106.58000183105469,167238600,SPY
2010-08-31,80.40782165527344,105.30999755859375,105.9800033569336,104.48999786376953,104.91999816894531,273933100,SPY
2010-09-01,82.81299591064453,108.45999908447266,108.61000061035156,106.66000366210938,106.7300033569336,256828100,SPY
2010-09-02,83.58414459228516,109.47000122070312,109.48999786376953,108.48999786376953,108.72000122070312,156112200,SPY
2010-09-03,84.66837310791016,110.88999938964844,110.98999786376953,109.94999694824219,110.54000091552734,212197300,SPY
2010-09-07,83.71395111083984,109.63999938964844,110.51000213623047,109.55000305175781,110.37000274658203,141973700,SPY
2010-09-08,84.3018798828125,110.41000366210938,110.8499984741211,109.80999755859375,109.86000061035156,149924400,SPY
2010-09-09,84.69126892089844,110.91999816894531,111.68000030517578,110.62000274658203,111.6500015258789,147017900,SPY
2010-09-10,85.11885833740234,111.4800033569336,111.61000061035156,110.87000274658203,111.12000274658203,127819000,SPY
2010-09-13,86.06561279296875,112.72000122070312,112.94999694824219,112.12999725341797,112.58000183105469,178503500,SPY
2010-09-14,86.01216888427734,112.6500015258789,113.29000091552734,112.08000183105469,112.5,209823600,SPY
2010-09-15,86.3404541015625,113.08000183105469,113.20999908447266,111.9800033569336,112.31999969482422,168608400,SPY
2010-09-16,86.31757354736328,113.05000305175781,113.12000274658203,112.3499984741211,112.7300033569336,199962900,SPY
2010-09-17,86.34981536865234,112.48999786376953,113.1500015258789,112.18000030517578,113.04000091552734,195836900,SPY
2010-09-20,87.67012786865234,114.20999908447266,114.45999908447266,112.5199966430664,112.87999725341797,214555200,SPY
2010-09-21,87.49360656738281,113.9800033569336,114.83999633789062,113.51000213623047,114.30000305175781,268389100,SPY
2010-09-22,87.06375122070312,113.41999816894531,114.44000244140625,113.0999984741211,113.80000305175781,191322400,SPY
2010-09-23,86.3575210571289,112.5,113.66999816894531,112.18000030517578,112.48999786376953,202354300,SPY
2010-09-24,88.13838958740234,114.81999969482422,114.9000015258789,113.6500015258789,113.75,209671800,SPY
2010-09-27,87.71617889404297,114.2699966430664,114.98999786376953,114.16000366210938,114.86000061035156,128761800,SPY
2010-09-28,88.02325439453125,114.66999816894531,115.04000091552734,113.18000030517578,114.41999816894531,209207500,SPY
2010-09-29,87.86972045898438,114.47000122070312,114.91000366210938,114.0199966430664,114.37999725341797,179665800,SPY
2010-09-30,87.60872650146484,114.12999725341797,115.79000091552734,113.58999633789062,115.05000305175781,287106700,SPY
2010-10-01,87.9771957397461,114.61000061035156,115.12000274658203,113.93000030517578,114.98999786376953,174638700,SPY
2010-10-04,87.31706237792969,113.75,114.8499984741211,113.18000030517578,114.37000274658203,166153200,SPY
2010-10-05,89.07487487792969,116.04000091552734,116.31999969482422,114.66999816894531,114.80000305175781,229634100,SPY
2010-10-06,89.06721496582031,116.02999877929688,116.33000183105469,115.55999755859375,116.0199966430664,148626600,SPY
2010-10-07,88.95977020263672,115.88999938964844,116.52999877929688,115.19000244140625,116.5,164860000,SPY
2010-10-08,89.45870208740234,116.54000091552734,116.86000061035156,115.61000061035156,116.05000305175781,177760100,SPY
2010-10-11,89.54314422607422,116.6500015258789,116.97000122070312,116.25,116.72000122070312,103098300,SPY
2010-10-12,89.81949615478516,117.01000213623047,117.3499984741211,115.6500015258789,116.2699966430664,182210000,SPY
2010-10-13,90.51800537109375,117.91999816894531,118.55000305175781,117.37999725341797,117.66000366210938,194347200,SPY
2010-10-14,90.1649169921875,117.45999908447266,118.01000213623047,116.72000122070312,117.80999755859375,217764300,SPY
2010-10-15,90.34912872314453,117.69999694824219,118.3499984741211,116.76000213623047,118.27999877929688,243705000,SPY
2010-10-18,90.79436492919922,118.27999877929688,118.66999816894531,117.30999755859375,117.73999786376953,141204800,SPY
2010-10-19,89.60456848144531,116.7300033569336,117.8499984741211,116.0199966430664,117.19000244140625,280604700,SPY
2010-10-20,90.47965240478516,117.87000274658203,118.44000244140625,116.87000274658203,116.94000244140625,200051800,SPY
2010-10-21,90.6792221069336,118.12999725341797,119.08999633789062,117.20999908447266,118.4000015258789,221585500,SPY
2010-10-22,90.84809112548828,118.3499984741211,118.52999877929688,118.0,118.30999755859375,108212400,SPY
2010-10-25,91.11678314208984,118.69999694824219,119.76000213623047,118.61000061035156,119.13999938964844,151145700,SPY
2010-10-26,91.13212585449219,118.72000122070312,118.83999633789062,117.87000274658203,118.0999984741211,158982900,SPY
2010-10-27,90.87113952636719,118.37999725341797,118.51000213623047,117.26000213623047,117.88999938964844,190024000,SPY
2010-10-28,90.88650512695312,118.4000015258789,119.11000061035156,117.83000183105469,119.05999755859375,168576000,SPY
2010-10-29,90.95557403564453,118.48999786376953,118.72000122070312,118.06999969482422,118.27999877929688,144305500,SPY
2010-11-01,90.98627471923828,118.52999877929688,119.75,117.8499984741211,119.06999969482422,174074800,SPY
2010-11-02,91.70785522460938,119.47000122070312,119.75,119.0999984741211,119.41999816894531,158345900,SPY
2010-11-03,92.07628631591797,119.94999694824219,120.0199966430664,118.44999694824219,119.68000030517578,226702800,SPY
2010-11-04,93.84949493408203,122.26000213623047,122.31999969482422,119.97000122070312,121.27999877929688,215039400,SPY
2010-11-05,94.20259857177734,122.72000122070312,122.91999816894531,122.18000030517578,122.33999633789062,180654100,SPY
2010-11-08,94.02605438232422,122.48999786376953,122.69000244140625,121.94000244140625,122.33999633789062,156107100,SPY
2010-11-09,93.35055541992188,121.61000061035156,122.94999694824219,121.12000274658203,122.81999969482422,186621600,SPY
2010-11-10,93.72666931152344,122.0999984741211,122.16000366210938,120.66000366210938,121.58000183105469,221387400,SPY
2010-11-11,93.37358856201172,121.63999938964844,121.81999969482422,120.68000030517578,121.05000305175781,158017600,SPY
2010-11-12,92.2682113647461,120.19999694824219,121.3499984741211,119.6500015258789,120.81999969482422,239068800,SPY
2010-11-15,92.13768768310547,120.02999877929688,121.05000305175781,119.9800033569336,120.58000183105469,163940800,SPY
2010-11-16,90.70226287841797,118.16000366210938,119.48999786376953,117.58999633789062,119.29000091552734,299566200,SPY
2010-11-17,90.74832153320312,118.22000122070312,118.70999908447266,117.86000061035156,118.20999908447266,172308900,SPY
2010-11-18,92.083984375,119.95999908447266,120.38999938964844,119.3499984741211,119.36000061035156,197723700,SPY
2010-11-19,92.33731079101562,120.29000091552734,120.33999633789062,119.25,119.9000015258789,156852900,SPY
2010-11-22,92.26053619384766,120.19000244140625,120.23999786376953,118.7699966430664,119.69000244140625,181361000,SPY
2010-11-23,90.92486572265625,118.44999694824219,119.0199966430664,117.98999786376953,118.7699966430664,222309000,SPY
2010-11-24,92.2682113647461,120.19999694824219,120.2300033569336,119.18000030517578,119.19999694824219,140046100,SPY
2010-11-26,91.19352722167969,118.80000305175781,119.80999755859375,118.80000305175781,119.16000366210938,76007800,SPY
2010-11-29,91.4698486328125,119.16000366210938,119.4800033569336,117.73999786376953,118.5,223642300,SPY
2010-11-30,90.95557403564453,118.48999786376953,119.16999816894531,117.80999755859375,117.9800033569336,233930700,SPY
2010-12-01,92.88995361328125,121.01000213623047,121.23999786376953,120.19000244140625,120.19999694824219,221037200,SPY
2010-12-02,94.07978057861328,122.55999755859375,122.6500015258789,121.12999725341797,121.19999694824219,191213600,SPY
2010-12-03,94.33306884765625,122.88999938964844,123.02999877929688,122.11000061035156,122.13999938964844,151288900,SPY
2010-12-06,94.23331451416016,122.76000213623047,123.04000091552734,122.5,122.62999725341797,103050500,SPY
2010-12-07,94.28703308105469,122.83000183105469,124.01000213623047,122.76000213623047,123.94000244140625,206581000,SPY
2010-12-08,94.63248443603516,123.27999877929688,123.37999725341797,122.41000366210938,122.9800033569336,138019200,SPY
2010-12-09,95.00092315673828,123.76000213623047,124.0199966430664,123.1500015258789,123.97000122070312,123705100,SPY
2010-12-10,95.55361938476562,124.4800033569336,124.5999984741211,123.7300033569336,124.13999938964844,117571700,SPY
2010-12-13,95.61503601074219,124.55999755859375,125.19999694824219,124.5199966430664,125.05000305175781,133812700,SPY
2010-12-14,95.69947052001953,124.66999816894531,125.2300033569336,124.29000091552734,124.75,147249600,SPY
2010-12-15,95.26191711425781,124.0999984741211,124.93000030517578,123.88999938964844,124.44000244140625,160823100,SPY
2010-12-16,95.81462860107422,124.81999969482422,124.91000366210938,123.75,124.18000030517578,185035200,SPY
2010-12-17,95.9172592163086,124.30000305175781,124.45999908447266,123.81999969482422,124.08000183105469,141075300,SPY
2010-12-20,96.14873504638672,124.5999984741211,124.9000015258789,123.9800033569336,124.63999938964844,119085500,SPY
2010-12-21,96.75834655761719,125.38999938964844,125.47000122070312,124.87000274658203,124.98999786376953,94965500,SPY
2010-12-22,97.059326171875,125.77999877929688,125.81999969482422,125.41000366210938,125.4800033569336,78878100,SPY
2010-12-23,96.92041015625,125.5999984741211,125.77999877929688,125.29000091552734,125.63999938964844,70053700,SPY
2010-12-27,96.95899963378906,125.6500015258789,125.7699966430664,125.04000091552734,125.12999725341797,58126000,SPY
2010-12-28,97.0978775024414,125.83000183105469,125.94999694824219,125.5,125.9000015258789,55309100,SPY
2010-12-29,97.16731262207031,125.91999816894531,126.19999694824219,125.9000015258789,125.9800033569336,58033100,SPY
2010-12-30,97.01299285888672,125.72000122070312,126.12999725341797,125.52999877929688,125.80000305175781,76616900,SPY
2010-12-31,97.0361557006836,125.75,125.87000274658203,125.33000183105469,125.52999877929688,91218900,SPY
2011-01-03,98.03929138183594,127.05000305175781,127.5999984741211,125.69999694824219,126.70999908447266,138725200,SPY
2011-01-04,97.98529052734375,126.9800033569336,127.37000274658203,126.19000244140625,127.33000183105469,137409700,SPY
2011-01-05,98.49456787109375,127.63999938964844,127.72000122070312,126.45999908447266,126.58000183105469,133975300,SPY
2011-01-06,98.30167388916016,127.38999938964844,127.83000183105469,127.01000213623047,127.69000244140625,122519000,SPY
2011-01-07,98.10877990722656,127.13999938964844,127.7699966430664,126.1500015258789,127.55999755859375,156034600,SPY
2011-01-10,97.98529052734375,126.9800033569336,127.16000366210938,126.19999694824219,126.58000183105469,122401700,SPY
2011-01-11,98.3325424194336,127.43000030517578,127.73999786376953,126.94999694824219,127.44000244140625,110287000,SPY
2011-01-12,99.2199478149414,128.5800018310547,128.72000122070312,127.45999908447266,128.2100067138672,107929200,SPY
2011-01-13,99.05789947509766,128.3699951171875,128.69000244140625,128.0500030517578,128.6300048828125,129048400,SPY
2011-01-14,99.7755355834961,129.3000030517578,129.3300018310547,128.10000610351562,128.19000244140625,117677900,SPY
2011-01-18,99.94530487060547,129.52000427246094,129.63999938964844,129.02999877929688,129.17999267578125,114401300,SPY
2011-01-19,98.96527862548828,128.25,129.5399932861328,127.91000366210938,129.41000366210938,151958400,SPY
2011-01-20,98.83411407470703,128.0800018310547,128.39999389648438,127.12999725341797,127.95999908447266,175745700,SPY
2011-01-21,99.05789947509766,128.3699951171875,129.1699981689453,128.22999572753906,128.8800048828125,151462900,SPY
2011-01-24,99.62123107910156,129.10000610351562,129.25,128.25999450683594,128.2899932861328,113715500,SPY
2011-01-25,99.67522430419922,129.1699981689453,129.27999877929688,128.11000061035156,128.75999450683594,167552200,SPY
2011-01-26,100.06106567382812,129.6699981689453,130.0500030517578,129.22999572753906,129.49000549316406,141281500,SPY
2011-01-27,100.3080062866211,129.99000549316406,130.2100067138672,129.47000122070312,129.6999969482422,123302700,SPY
2011-01-28,98.55632019042969,127.72000122070312,130.35000610351562,127.51000213623047,130.13999938964844,295637300,SPY
2011-01-31,99.297119140625,128.67999267578125,128.77999877929688,127.75,128.07000732421875,149249200,SPY
2011-02-01,100.8867416381836,130.74000549316406,130.97000122070312,129.3800048828125,129.4600067138672,167194300,SPY
2011-02-02,100.6938247680664,130.49000549316406,130.83999633789062,130.3300018310547,130.39999389648438,118323600,SPY
2011-02-03,100.9176254272461,130.77999877929688,130.97999572753906,129.57000732421875,130.25999450683594,145886700,SPY
2011-02-04,101.203125,131.14999389648438,131.1999969482422,130.22999572753906,130.8300018310547,134634800,SPY
2011-02-07,101.83586883544922,131.97000122070312,132.39999389648438,131.42999267578125,131.44000244140625,112439100,SPY
2011-02-08,102.29886627197266,132.57000732421875,132.63999938964844,131.72999572753906,132.08999633789062,99072800,SPY
2011-02-09,102.06737518310547,132.27000427246094,132.6300048828125,131.61000061035156,132.2100067138672,146436700,SPY
2011-02-10,102.10598754882812,132.32000732421875,132.47000122070312,131.3000030517578,131.60000610351562,162708500,SPY
2011-02-11,102.7155990600586,133.11000061035156,133.27999877929688,131.77000427246094,131.8000030517578,137710300,SPY
2011-02-14,102.96248626708984,133.42999267578125,133.5399932861328,132.8800048828125,133.02999877929688,101690700,SPY
2011-02-15,102.63838195800781,133.00999450683594,133.22000122070312,132.32000732421875,133.02000427246094,119575400,SPY
2011-02-16,103.28657531738281,133.85000610351562,134.00999450683594,133.19000244140625,133.4600067138672,130183500,SPY
2011-02-17,103.5952377319336,134.25,134.42999267578125,133.33999633789062,133.4600067138672,109810500,SPY
2011-02-18,103.81134796142578,134.52999877929688,134.69000244140625,134.05999755859375,134.3699951171875,130002400,SPY
2011-02-22,101.72783660888672,131.8300018310547,134.55999755859375,131.47000122070312,133.1199951171875,233116400,SPY
2011-02-23,101.10279846191406,131.02000427246094,132.07000732421875,130.2100067138672,131.75,227584000,SPY
2011-02-24,101.03334045410156,130.92999267578125,131.44000244140625,129.6999969482422,130.8800048828125,260431400,SPY
2011-02-25,102.1136703491211,132.3300018310547,132.41000366210938,131.39999389648438,131.47999572753906,141686900,SPY
2011-02-28,102.74641418457031,133.14999389648438,133.32000732421875,132.3800048828125,132.82000732421875,141585500,SPY
2011-03-01,101.03334045410156,130.92999267578125,133.69000244140625,130.88999938964844,133.57000732421875,258565500,SPY
2011-03-02,101.24945831298828,131.2100067138672,131.82000732421875,130.35000610351562,130.75,200277400,SPY
2011-03-03,102.9933853149414,133.47000122070312,133.6199951171875,132.38999938964844,132.39999389648438,176480100,SPY
2011-03-04,102.22168731689453,132.47000122070312,133.6300048828125,131.60000610351562,133.3699951171875,277202300,SPY
2011-03-07,101.4191665649414,131.42999267578125,133.16000366210938,130.74000549316406,132.86000061035156,216790400,SPY
2011-03-08,102.30657196044922,132.5800018310547,133.0,131.07000732421875,131.63999938964844,174615000,SPY
2011-03-09,102.15995788574219,132.38999938964844,132.8000030517578,131.60000610351562,132.32000732421875,153806000,SPY
2011-03-10,100.2693862915039,129.94000244140625,131.17999267578125,129.80999755859375,131.0,301291800,SPY
2011-03-11,100.96389770507812,130.83999633789062,131.30999755859375,129.49000549316406,129.52000427246094,225621800,SPY
2011-03-14,100.3542709350586,130.0500030517578,130.47999572753906,129.05999755859375,129.99000549316406,234974100,SPY
2011-03-15,99.20452117919922,128.55999755859375,129.3300018310547,126.5,126.58999633789062,359585400,SPY
2011-03-16,97.36796569824219,126.18000030517578,128.57000732421875,125.27999877929688,128.14999389648438,468670300,SPY
2011-03-17,98.6566390991211,127.8499984741211,128.38999938964844,127.0999984741211,128.0,254303700,SPY
2011-03-18,99.0155029296875,127.76000213623047,128.8800048828125,127.51000213623047,128.83999633789062,230435400,SPY
2011-03-21,100.55000305175781,129.74000549316406,130.00999450683594,129.1999969482422,129.35000610351562,153992600,SPY
2011-03-22,100.2011947631836,129.2899932861328,129.88999938964844,129.1699981689453,129.72000122070312,129538600,SPY
2011-03-23,100.48799896240234,129.66000366210938,130.0,128.32000732421875,128.92999267578125,148603100,SPY
2011-03-24,101.44900512695312,130.89999389648438,131.08999633789062,129.6699981689453,130.39999389648438,159129800,SPY
2011-03-25,101.75898742675781,131.3000030517578,131.8699951171875,130.88999938964844,131.24000549316406,155642800,SPY
2011-03-28,101.51099395751953,130.97999572753906,131.9199981689453,130.94000244140625,131.5800018310547,109762400,SPY
2011-03-29,102.19300842285156,131.86000061035156,131.89999389648438,130.44000244140625,130.8699951171875,129798800,SPY
2011-03-30,102.8982925415039,132.77000427246094,133.16000366210938,132.36000061035156,132.5500030517578,135835000,SPY
2011-03-31,102.75875854492188,132.58999633789062,132.9600067138672,132.4499969482422,132.60000610351562,132537100,SPY
2011-04-01,103.19277954101562,133.14999389648438,133.77000427246094,132.8300018310547,133.41000366210938,153850100,SPY
2011-04-04,103.27804565429688,133.25999450683594,133.6699981689453,132.8800048828125,133.42999267578125,100768900,SPY
2011-04-05,103.26249694824219,133.24000549316406,133.8300018310547,132.94000244140625,133.0,120791500,SPY
2011-04-06,103.58805084228516,133.66000366210938,134.0,133.1199951171875,133.8800048828125,120411600,SPY
2011-04-07,103.32454681396484,133.32000732421875,133.97999572753906,132.66000366210938,133.4199981689453,170731500,SPY
2011-04-08,102.96800994873047,132.86000061035156,133.99000549316406,132.30999755859375,133.91000366210938,147945400,SPY
2011-04-11,102.65802001953125,132.4600067138672,133.4499969482422,132.13999938964844,133.0,121385400,SPY
2011-04-12,101.89077758789062,131.47000122070312,131.97999572753906,130.99000549316406,131.72000122070312,161187400,SPY
2011-04-13,101.8830337524414,131.4600067138672,132.17999267578125,130.9600067138672,132.0800018310547,162059000,SPY
2011-04-14,101.96052551269531,131.55999755859375,131.75999450683594,130.27000427246094,130.6999969482422,161220400,SPY
2011-04-15,102.33251190185547,132.0399932861328,132.3699951171875,131.41000366210938,131.8000030517578,170006700,SPY
2011-04-18,101.18548583984375,130.55999755859375,132.02999877929688,129.50999450683594,130.58999633789062,210759300,SPY
2011-04-19,101.76676177978516,131.30999755859375,131.35000610351562,130.44000244140625,130.75999450683594,124258800,SPY
2011-04-20,103.1540756225586,133.10000610351562,133.38999938964844,132.7899932861328,132.8800048828125,156133800,SPY
2011-04-21,103.68104553222656,133.77999877929688,133.83999633789062,133.10000610351562,133.7899932861328,135935400,SPY
2011-04-25,103.5725326538086,133.63999938964844,133.86000061035156,133.1999969482422,133.67999267578125,65757100,SPY
2011-04-26,104.46379852294922,134.7899932861328,135.05999755859375,133.91000366210938,134.0500030517578,146600000,SPY
2011-04-27,105.14581298828125,135.6699981689453,135.8699951171875,134.5,135.0500030517578,143031000,SPY
2011-04-28,105.48680877685547,136.11000061035156,136.2899932861328,135.41000366210938,135.42999267578125,124791100,SPY
2011-04-29,105.73484802246094,136.42999267578125,136.57000732421875,135.97999572753906,136.16000366210938,115094100,SPY
2011-05-02,105.57207489013672,136.22000122070312,137.17999267578125,135.9499969482422,137.07000732421875,126278700,SPY
2011-05-03,105.19229125976562,135.72999572753906,136.19000244140625,135.0399932861328,135.9600067138672,138375000,SPY
2011-05-04,104.49481201171875,134.8300018310547,135.72999572753906,134.22999572753906,135.6699981689453,182678500,SPY
2011-05-05,103.54927062988281,133.61000061035156,134.9499969482422,133.02000427246094,134.0800018310547,226900000,SPY
2011-05-06,104.00655364990234,134.1999969482422,135.6300048828125,133.67999267578125,134.94000244140625,222787200,SPY
2011-05-09,104.40955352783203,134.72000122070312,135.11000061035156,133.97999572753906,134.19000244140625,114104500,SPY
2011-05-10,105.30078887939453,135.8699951171875,136.11000061035156,135.0,135.1699981689453,114806900,SPY
2011-05-11,104.19253540039062,134.44000244140625,135.69000244140625,133.82000732421875,135.6699981689453,193564200,SPY
2011-05-12,104.68855285644531,135.0800018310547,135.36000061035156,133.38999938964844,134.0800018310547,171550700,SPY
2011-05-13,103.88257598876953,134.0399932861328,135.33999633789062,133.55999755859375,135.14999389648438,157444900,SPY
2011-05-16,103.22379302978516,133.19000244140625,134.61000061035156,132.97000122070312,133.55999755859375,141675400,SPY
2011-05-17,103.20828247070312,133.1699981689453,133.35000610351562,132.1199951171875,132.69000244140625,192686200,SPY
2011-05-18,104.13053131103516,134.36000061035156,134.5,132.9499969482422,133.24000549316406,135217900,SPY
2011-05-19,104.3785400390625,134.67999267578125,135.02999877929688,133.94000244140625,134.8000030517578,119489500,SPY
2011-05-20,103.54927062988281,133.61000061035156,134.67999267578125,133.36000061035156,134.3300018310547,182594900,SPY
2011-05-23,102.34803009033203,132.05999755859375,132.72000122070312,131.58999633789062,131.97999572753906,168700000,SPY
2011-05-24,102.26275634765625,131.9499969482422,132.72999572753906,131.6999969482422,132.44000244140625,147199600,SPY
2011-05-25,102.60376739501953,132.38999938964844,132.94000244140625,131.3800048828125,131.4199981689453,151050100,SPY
2011-05-26,103.07649993896484,133.0,133.24000549316406,131.77999877929688,132.02999877929688,164850000,SPY
2011-05-27,103.4718017578125,133.50999450683594,133.8699951171875,132.9600067138672,133.3699951171875,120921900,SPY
2011-05-31,104.5490493774414,134.89999389648438,134.9199981689453,133.83999633789062,134.77000427246094,164731200,SPY
2011-06-01,102.20079040527344,131.8699951171875,134.9199981689453,131.75999450683594,134.50999450683594,233094300,SPY
2011-06-02,102.0922622680664,131.72999572753906,132.24000549316406,130.9600067138672,131.9600067138672,200466800,SPY
2011-06-03,101.07701873779297,130.4199981689453,131.4199981689453,130.0800018310547,130.14999389648438,234690200,SPY
2011-06-06,100.00747680664062,129.0399932861328,130.36000061035156,128.8699951171875,130.08999633789062,179951200,SPY
2011-06-07,99.94548034667969,128.9600067138672,130.07000732421875,128.85000610351562,129.6999969482422,161660500,SPY
2011-06-08,99.5269546508789,128.4199981689453,129.19000244140625,128.17999267578125,128.75999450683594,198696400,SPY
2011-06-09,100.2864990234375,129.39999389648438,129.92999267578125,128.4600067138672,128.77000427246094,160964400,SPY
2011-06-10,98.89144897460938,127.5999984741211,128.92999267578125,127.26000213623047,128.85000610351562,238629400,SPY
2011-06-13,98.96895599365234,127.69999694824219,128.24000549316406,127.05000305175781,127.88999938964844,207599800,SPY
2011-06-14,100.22447967529297,129.32000732421875,129.77000427246094,128.82000732421875,128.8699951171875,160570400,SPY
2011-06-15,98.44194030761719,127.0199966430664,129.3000030517578,126.68000030517578,128.24000549316406,300958000,SPY
2011-06-16,98.65898132324219,127.30000305175781,127.97000122070312,126.31999969482422,127.05999755859375,308032800,SPY
2011-06-17,98.95333099365234,127.05000305175781,127.94000244140625,126.62000274658203,127.93000030517578,233284900,SPY
2011-06-20,99.4596176147461,127.69999694824219,127.97000122070312,126.58000183105469,126.62000274658203,159479000,SPY
2011-06-21,100.8226089477539,129.4499969482422,129.6999969482422,127.75,128.36000061035156,193157300,SPY
2011-06-22,100.21509552001953,128.6699981689453,129.80999755859375,128.58999633789062,129.0500030517578,176703000,SPY
2011-06-23,99.92696380615234,128.3000030517578,128.63999938964844,126.19000244140625,127.16000366210938,334286500,SPY
2011-06-24,98.76644897460938,126.80999755859375,128.3699951171875,126.62000274658203,128.27000427246094,226129300,SPY
2011-06-27,99.64655303955078,127.94000244140625,128.42999267578125,126.63999938964844,126.88999938964844,168904700,SPY
2011-06-28,100.94721984863281,129.61000061035156,129.6300048828125,128.27000427246094,128.4499969482422,165556300,SPY
2011-06-29,101.8117446899414,130.72000122070312,130.92999267578125,129.6300048828125,130.1999969482422,244295500,SPY
2011-06-30,102.78534698486328,131.97000122070312,132.17999267578125,130.7100067138672,131.13999938964844,223322700,SPY
2011-07-01,104.30411529541016,133.9199981689453,134.10000610351562,131.77999877929688,132.08999633789062,202385700,SPY
2011-07-05,104.21842193603516,133.80999755859375,134.0800018310547,133.38999938964844,133.77999877929688,165936000,SPY
2011-07-06,104.34304809570312,133.97000122070312,134.13999938964844,133.11000061035156,133.49000549316406,143331600,SPY
2011-07-07,105.4256591796875,135.36000061035156,135.6999969482422,134.8800048828125,135.16000366210938,170464200,SPY
2011-07-08,104.67794036865234,134.39999389648438,135.36000061035156,133.38999938964844,133.8300018310547,194100500,SPY
2011-07-11,102.78534698486328,131.97000122070312,133.17999267578125,131.66000366210938,132.75,195918600,SPY
2011-07-12,102.34138488769531,131.39999389648438,132.77999877929688,131.36000061035156,131.69000244140625,214675700,SPY
2011-07-13,102.68408203125,131.83999633789062,133.22000122070312,131.52000427246094,132.08999633789062,204062600,SPY
2011-07-14,101.97531127929688,130.92999267578125,132.77999877929688,130.67999267578125,132.1699981689453,226111800,SPY
2011-07-15,102.56722259521484,131.69000244140625,131.8699951171875,130.77000427246094,131.66000366210938,220012800,SPY
2011-07-18,101.72606658935547,130.61000061035156,131.27999877929688,129.6300048828125,131.0800018310547,196872100,SPY
2011-07-19,103.37726593017578,132.72999572753906,132.88999938964844,131.30999755859375,131.33999633789062,166554900,SPY
2011-07-20,103.3149642944336,132.64999389648438,133.14999389648438,132.4199981689453,133.07000732421875,137145400,SPY
2011-07-21,104.74803924560547,134.49000549316406,134.82000732421875,132.6699981689453,133.39999389648438,245246300,SPY
2011-07-22,104.8181381225586,134.5800018310547,134.72000122070312,133.75999450683594,134.52000427246094,126019400,SPY
2011-07-25,104.23399353027344,133.8300018310547,134.49000549316406,133.16000366210938,133.3000030517578,136653800,SPY
2011-07-26,103.84457397460938,133.3300018310547,133.9600067138672,133.02999877929688,133.74000549316406,131278200,SPY
2011-07-27,101.71829986572266,130.60000610351562,132.6300048828125,130.42999267578125,132.58999633789062,249020100,SPY
2011-07-28,101.42233276367188,130.22000122070312,131.77000427246094,130.00999450683594,130.60000610351562,207939900,SPY
2011-07-29,100.72919464111328,129.3300018310547,130.5500030517578,127.97000122070312,128.91000366210938,307038400,SPY
2011-08-01,100.30078125,128.77999877929688,130.9600067138672,127.52999877929688,130.83999633789062,325790900,SPY
2011-08-02,97.73834228515625,125.48999786376953,128.5,125.48999786376953,127.80999755859375,346653800,SPY
2011-08-03,98.2679672241211,126.16999816894531,126.30999755859375,123.52999877929688,125.66000366210938,370830800,SPY
2011-08-04,93.66496276855469,120.26000213623047,124.62000274658203,120.05999755859375,124.41999816894531,520721800,SPY
2011-08-05,93.5247573852539,120.08000183105469,122.06999969482422,116.86000061035156,121.76000213623047,655619200,SPY
2011-08-08,87.43413543701172,112.26000213623047,120.12000274658203,112.0199966430664,116.91000366210938,702263900,SPY
2011-08-09,91.4997787475586,117.4800033569336,117.63999938964844,110.2699966430664,114.06999969482422,717828700,SPY
2011-08-10,87.45751953125,112.29000091552734,116.27999877929688,111.94999694824219,115.26000213623047,662607400,SPY
2011-08-11,91.38291931152344,117.33000183105469,118.91999816894531,112.31999969482422,113.26000213623047,487979700,SPY
2011-08-12,91.9981918334961,118.12000274658203,119.20999908447266,117.27999877929688,118.4000015258789,313731600,SPY
2011-08-15,93.94534301757812,120.62000274658203,120.73999786376953,119.0,119.19000244140625,258810600,SPY
2011-08-16,93.14312744140625,119.58999633789062,120.69000244140625,118.30999755859375,119.47000122070312,294095200,SPY
2011-08-17,93.20542907714844,119.66999816894531,121.19999694824219,118.72000122070312,120.25,238201100,SPY
2011-08-18,89.1865463256836,114.51000213623047,119.70999908447266,113.38999938964844,116.5,512956300,SPY
2011-08-19,87.73008728027344,112.63999938964844,115.87999725341797,112.5,112.95999908447266,428281300,SPY
2011-08-22,87.8001480102539,112.7300033569336,115.2300033569336,112.41000366210938,115.16999816894531,275090600,SPY
2011-08-23,90.6897201538086,116.44000244140625,116.56999969482422,112.58000183105469,113.1500015258789,331136600,SPY
2011-08-24,91.96704864501953,118.08000183105469,118.23999786376953,115.91999816894531,116.19000244140625,246869700,SPY
2011-08-25,90.56510925292969,116.27999877929688,119.4000015258789,115.87000274658203,118.7300033569336,312365400,SPY
2011-08-26,91.88139343261719,117.97000122070312,118.51000213623047,113.8499984741211,115.69000244140625,314495900,SPY
2011-08-29,94.52168273925781,121.36000061035156,121.43000030517578,118.05999755859375,119.55999755859375,190977200,SPY
2011-08-30,94.77093505859375,121.68000030517578,122.43000030517578,119.26000213623047,120.83000183105469,241315700,SPY
2011-08-31,95.19151306152344,122.22000122070312,123.51000213623047,121.30000305175781,122.45999908447266,301828400,SPY
2011-09-01,94.19458770751953,120.94000244140625,123.4000015258789,120.77999877929688,122.29000091552734,254585900,SPY
2011-09-02,91.78788757324219,117.8499984741211,120.87000274658203,117.43000030517578,118.41999816894531,255517200,SPY
2011-09-06,91.11811828613281,116.98999786376953,117.16000366210938,114.37999725341797,114.38999938964844,285130500,SPY
2011-09-07,93.68832397460938,120.29000091552734,120.33999633789062,118.36000061035156,118.76000213623047,209803200,SPY
2011-09-08,92.71475219726562,119.04000091552734,120.94000244140625,118.7699966430664,119.56999969482422,250568200,SPY
2011-09-09,90.28472900390625,115.91999816894531,119.05999755859375,115.27999877929688,117.68000030517578,380195100,SPY
2011-09-12,90.86885833740234,116.66999816894531,116.76000213623047,114.05000305175781,114.47000122070312,305793500,SPY
2011-09-13,91.70226287841797,117.73999786376953,118.18000030517578,116.22000122070312,117.05000305175781,272514700,SPY
2011-09-14,92.9717788696289,119.37000274658203,120.80000305175781,116.72000122070312,118.33999633789062,319389500,SPY
2011-09-15,94.57621002197266,121.43000030517578,121.47000122070312,119.4000015258789,120.6500015258789,326777200,SPY
2011-09-16,95.13595581054688,121.5199966430664,121.97000122070312,120.31999969482422,121.29000091552734,284528300,SPY
2011-09-19,94.18867492675781,120.30999755859375,120.93000030517578,118.72000122070312,119.52999877929688,241517000,SPY
2011-09-20,94.07909393310547,120.16999816894531,121.98999786376953,120.01000213623047,120.81999969482422,218932200,SPY
2011-09-21,91.30767059326172,116.62999725341797,120.5999984741211,116.44000244140625,120.2300033569336,316251300,SPY
2011-09-22,88.35620880126953,112.86000061035156,114.20999908447266,111.30000305175781,113.25,513911300,SPY
2011-09-23,88.88858032226562,113.54000091552734,114.16000366210938,112.0199966430664,112.11000061035156,307242500,SPY
2011-09-26,91.00235748291016,116.23999786376953,116.4000015258789,112.9800033569336,114.61000061035156,260673700,SPY
2011-09-27,92.02011108398438,117.54000091552734,119.55999755859375,116.83999633789062,118.52999877929688,311753900,SPY
2011-09-28,90.14118194580078,115.13999938964844,118.48999786376953,114.97000122070312,117.77999877929688,286696800,SPY
2011-09-29,90.85359954833984,116.05000305175781,117.62999725341797,113.93000030517578,117.05000305175781,298108900,SPY
2011-09-30,88.58324432373047,113.1500015258789,115.44999694824219,113.06999969482422,114.44999694824219,288392300,SPY
2011-10-03,86.0623550415039,109.93000030517578,113.94999694824219,109.80999755859375,112.48999786376953,365136800,SPY
2011-10-04,87.94908905029297,112.33999633789062,112.58000183105469,107.43000030517578,108.3499984741211,459177500,SPY
2011-10-05,89.57749938964844,114.41999816894531,114.72000122070312,111.58000183105469,112.62000274658203,284108000,SPY
2011-10-06,91.19806671142578,116.48999786376953,116.66000366210938,113.51000213623047,114.36000061035156,257800800,SPY
2011-10-07,90.58744812011719,115.70999908447266,117.25,115.05999755859375,117.16999816894531,312657900,SPY
2011-10-10,93.61717224121094,119.58000183105469,119.62999725341797,117.66999816894531,117.68000030517578,230666300,SPY
2011-10-11,93.71113586425781,119.69999694824219,120.04000091552734,118.75,118.87000274658203,209088000,SPY
2011-10-12,94.53316497802734,120.75,122.13999938964844,120.33000183105469,120.5999984741211,281544900,SPY
2011-10-13,94.34527587890625,120.51000213623047,120.87000274658203,119.12000274658203,120.04000091552734,212538800,SPY
2011-10-14,95.9579849243164,122.56999969482422,122.5999984741211,121.2300033569336,121.91000366210938,211397600,SPY
2011-10-17,94.12605285644531,120.2300033569336,122.55000305175781,119.93000030517578,121.98999786376953,202311600,SPY
2011-10-18,95.96583557128906,122.58000183105469,123.5,119.19999694824219,120.13999938964844,318857900,SPY
2011-10-19,94.83064270019531,121.12999725341797,123.08000183105469,120.70999908447266,122.37999725341797,226601300,SPY
2011-10-20,95.24559783935547,121.66000366210938,122.0999984741211,119.81999969482422,121.43000030517578,262075600,SPY
2011-10-21,97.05406951904297,123.97000122070312,124.12000274658203,122.72000122070312,123.08999633789062,278999400,SPY
2011-10-24,98.24401092529297,125.48999786376953,125.80000305175781,124.05999755859375,124.16999816894531,203215600,SPY
2011-10-25,96.33378601074219,123.05000305175781,124.94999694824219,122.77999877929688,124.88999938964844,268596800,SPY
2011-10-26,97.3123779296875,124.30000305175781,124.7699966430664,122.20999908447266,124.3499984741211,289053800,SPY
2011-10-27,100.70226287841797,128.6300048828125,129.4199981689453,126.61000061035156,127.62999725341797,393220200,SPY
2011-10-28,100.67879486083984,128.60000610351562,128.85000610351562,127.80000305175781,128.0,225906500,SPY
2011-10-31,98.25184631347656,125.5,128.6199951171875,125.31999969482422,127.16000366210938,228146700,SPY
2011-11-01,95.51174926757812,122.0,123.51000213623047,121.5199966430664,122.02999877929688,416565800,SPY
2011-11-02,97.06967163085938,123.98999786376953,124.4000015258789,122.79000091552734,123.83000183105469,244717600,SPY
2011-11-03,98.83899688720703,126.25,126.5,123.5999984741211,125.2699966430664,291174800,SPY
2011-11-04,98.23619842529297,125.4800033569336,125.69999694824219,124.01000213623047,125.2300033569336,249401600,SPY
2011-11-07,98.84680938720703,126.26000213623047,126.38999938964844,124.19999694824219,125.38999938964844,196617200,SPY
2011-11-08,100.1151123046875,127.87999725341797,128.02000427246094,125.70999908447266,126.91999816894531,224426300,SPY
2011-11-09,96.41990661621094,123.16000366210938,125.80000305175781,122.86000061035156,124.88999938964844,337982000,SPY
2011-11-10,97.32804107666016,124.31999969482422,124.94000244140625,123.0199966430664,124.79000091552734,231866500,SPY
2011-11-11,99.15998077392578,126.66000366210938,126.98999786376953,125.79000091552734,125.83000183105469,189924400,SPY
2011-11-14,98.22052764892578,125.45999908447266,127.44999694824219,124.91999816894531,126.19000244140625,159258300,SPY
2011-11-15,98.70592498779297,126.08000183105469,126.75,124.72000122070312,125.16999816894531,184709400,SPY
2011-11-16,97.14014434814453,124.08000183105469,126.33999633789062,123.9000015258789,124.80999755859375,235782500,SPY
2011-11-17,95.5978775024414,122.11000061035156,124.16000366210938,121.2300033569336,123.8499984741211,331219600,SPY
2011-11-18,95.49612426757812,121.9800033569336,122.75,121.47000122070312,122.5,215580400,SPY
2011-11-21,93.67981719970703,119.66000366210938,120.3499984741211,118.6500015258789,120.19999694824219,229611600,SPY
2011-11-22,93.31184387207031,119.19000244140625,120.0999984741211,118.5199966430664,119.4000015258789,216494900,SPY
2011-11-23,91.25286865234375,116.55999755859375,119.19000244140625,116.55999755859375,118.06999969482422,224329100,SPY
2011-11-25,91.08061981201172,116.33999633789062,117.69999694824219,116.19999694824219,116.37999725341797,99557000,SPY
2011-11-28,93.71896362304688,119.70999908447266,120.18000030517578,118.81999969482422,119.54000091552734,210686000,SPY
2011-11-29,93.98513793945312,120.05000305175781,121.0,119.61000061035156,120.05000305175781,199241500,SPY
2011-11-30,97.85255432128906,124.98999786376953,125.22000122070312,120.0,123.48999786376953,324439500,SPY
2011-12-01,97.8369140625,124.97000122070312,125.63999938964844,124.43000030517578,124.8499984741211,176954800,SPY
2011-12-02,97.75080871582031,124.86000061035156,126.5,124.77999877929688,126.12000274658203,221109700,SPY
2011-12-05,98.81553649902344,126.22000122070312,127.18000030517578,125.44000244140625,126.83999633789062,225263900,SPY
2011-12-06,98.84680938720703,126.26000213623047,127.11000061035156,125.76000213623047,126.20999908447266,178842100,SPY
2011-12-07,99.21479797363281,126.7300033569336,127.26000213623047,124.97000122070312,125.83999633789062,237802500,SPY
2011-12-08,97.03837585449219,123.94999694824219,126.18000030517578,123.6500015258789,125.9000015258789,240862800,SPY
2011-12-09,98.68245697021484,126.05000305175781,126.37000274658203,124.4000015258789,124.51000213623047,209111400,SPY
2011-12-12,97.241943359375,124.20999908447266,124.97000122070312,123.16000366210938,124.94999694824219,215826100,SPY
2011-12-13,96.33378601074219,123.05000305175781,125.56999969482422,122.44999694824219,124.86000061035156,245159800,SPY
2011-12-14,95.30819702148438,121.73999786376953,123.02999877929688,121.47000122070312,122.55999755859375,238618800,SPY
2011-12-15,95.65266418457031,122.18000030517578,123.19999694824219,121.98999786376953,123.02999877929688,199109200,SPY
2011-12-16,95.79450225830078,121.58999633789062,122.94999694824219,121.30000305175781,122.2300033569336,220481400,SPY
2011-12-19,94.77030944824219,120.29000091552734,122.31999969482422,120.02999877929688,122.05999755859375,183903000,SPY
2011-12-20,97.6380615234375,123.93000030517578,124.13999938964844,120.37000274658203,122.18000030517578,225418100,SPY
2011-12-21,97.82714080810547,124.16999816894531,124.36000061035156,122.75,123.93000030517578,194230900,SPY
2011-12-22,98.69375610351562,125.2699966430664,125.4000015258789,124.2300033569336,124.62999725341797,119465400,SPY
2011-12-23,99.57615661621094,126.38999938964844,126.43000030517578,125.41000366210938,125.66999816894531,92187200,SPY
2011-12-27,99.6549301147461,126.48999786376953,126.81999969482422,126.05999755859375,126.16999816894531,86075700,SPY
2011-12-28,98.34712982177734,124.83000183105469,126.52999877929688,124.7300033569336,126.51000213623047,119107100,SPY
2011-12-29,99.36344146728516,126.12000274658203,126.25,124.86000061035156,125.23999786376953,123507200,SPY
2011-12-30,98.8749771118164,125.5,126.33000183105469,125.5,126.0199966430664,95599000,SPY
2012-01-03,100.45069885253906,127.5,128.3800048828125,127.43000030517578,127.76000213623047,193697900,SPY
2012-01-04,100.60823822021484,127.69999694824219,127.80999755859375,126.70999908447266,127.19999694824219,127186500,SPY
2012-01-05,100.8760986328125,128.0399932861328,128.22999572753906,126.43000030517578,127.01000213623047,173895000,SPY
2012-01-06,100.6161117553711,127.70999908447266,128.22000122070312,127.29000091552734,128.1999969482422,148050000,SPY
2012-01-09,100.8603515625,128.02000427246094,128.17999267578125,127.41000366210938,128.0,99530200,SPY
2012-01-10,101.73490142822266,129.1300048828125,129.64999389648438,128.9499969482422,129.38999938964844,115282000,SPY
2012-01-11,101.79000091552734,129.1999969482422,129.3699951171875,128.52000427246094,128.72999572753906,111540700,SPY
2012-01-12,102.03425598144531,129.50999450683594,129.6999969482422,128.5399932861328,129.57000732421875,118983700,SPY
2012-01-13,101.5063705444336,128.83999633789062,129.0500030517578,127.72000122070312,128.63999938964844,179836200,SPY
2012-01-17,101.90031433105469,129.33999633789062,130.32000732421875,128.89999389648438,130.0800018310547,132209200,SPY
2012-01-18,103.02693939208984,130.77000427246094,130.83999633789062,129.0800018310547,129.30999755859375,163395200,SPY
2012-01-19,103.5705795288086,131.4600067138672,131.57000732421875,130.8000030517578,131.22000122070312,126328900,SPY
2012-01-20,103.95659637451172,131.9499969482422,131.9499969482422,130.9199981689453,131.24000549316406,138230200,SPY
2012-01-23,103.6887435913086,131.61000061035156,132.25,130.97999572753906,131.50999450683594,129295800,SPY
2012-01-24,103.5705795288086,131.4600067138672,131.5,130.60000610351562,130.8000030517578,103083300,SPY
2012-01-25,104.43719482421875,132.55999755859375,132.8699951171875,130.75,131.25999450683594,198613200,SPY
2012-01-26,103.90149688720703,131.8800048828125,133.39999389648438,131.36000061035156,133.14999389648438,184880500,SPY
2012-01-27,103.85420227050781,131.82000732421875,132.0500030517578,131.14999389648438,131.24000549316406,135259100,SPY
2012-01-30,103.49964141845703,131.3699951171875,131.44000244140625,130.05999755859375,130.50999450683594,147311800,SPY
2012-01-31,103.46024322509766,131.32000732421875,132.17999267578125,130.67999267578125,132.02000427246094,157212000,SPY
2012-02-01,104.36628723144531,132.47000122070312,133.13999938964844,132.1300048828125,132.2899932861328,166234500,SPY
2012-02-02,104.53169250488281,132.67999267578125,133.02000427246094,132.2100067138672,132.72999572753906,113090400,SPY
2012-02-03,105.99713897705078,134.5399932861328,134.6199951171875,133.77000427246094,134.0,160598500,SPY
2012-02-06,105.92620086669922,134.4499969482422,134.50999450683594,133.8300018310547,133.97999572753906,107694500,SPY
2012-02-07,106.19407653808594,134.7899932861328,135.02000427246094,133.63999938964844,134.1699981689453,135528100,SPY
2012-02-08,106.50923919677734,135.19000244140625,135.22000122070312,134.30999755859375,134.86000061035156,139361400,SPY
2012-02-09,106.64318084716797,135.36000061035156,135.58999633789062,134.55999755859375,135.41000366210938,148602900,SPY
2012-02-10,105.85530853271484,134.36000061035156,134.47000122070312,133.83999633789062,134.16000366210938,167907500,SPY
2012-02-13,106.64318084716797,135.36000061035156,135.52000427246094,134.74000549316406,135.32000732421875,115841900,SPY
2012-02-14,106.50923919677734,135.19000244140625,135.27000427246094,134.25,135.0,165329500,SPY
2012-02-15,106.012939453125,134.55999755859375,135.8300018310547,134.2899932861328,135.6300048828125,195195100,SPY
2012-02-16,107.18677520751953,136.0500030517578,136.1699981689453,134.3300018310547,134.57000732421875,186567800,SPY
2012-02-17,107.47042083740234,136.41000366210938,136.6300048828125,135.9600067138672,136.52000427246094,129869400,SPY
2012-02-21,107.5176773071289,136.47000122070312,137.0500030517578,136.0500030517578,136.72999572753906,134042300,SPY
2012-02-22,107.17100524902344,136.02999877929688,136.5500030517578,135.7899932861328,136.25999450683594,124455300,SPY
2012-02-23,107.64369201660156,136.6300048828125,136.72999572753906,135.5,135.9600067138672,137704300,SPY
2012-02-24,107.88007354736328,136.92999267578125,137.1999969482422,136.6300048828125,136.92999267578125,105539100,SPY
2012-02-27,108.06128692626953,137.16000366210938,137.52999877929688,135.8000030517578,136.02000427246094,145728900,SPY
2012-02-28,108.37640380859375,137.55999755859375,137.72000122070312,136.92999267578125,137.1999969482422,129355900,SPY
2012-02-29,107.95097351074219,137.02000427246094,138.19000244140625,136.5399932861328,137.75999450683594,185934700,SPY
2012-03-01,108.5103759765625,137.72999572753906,137.99000549316406,136.92999267578125,137.30999755859375,145023500,SPY
2012-03-02,108.17943572998047,137.30999755859375,137.82000732421875,137.0,137.63999938964844,120638300,SPY
2012-03-05,107.73828887939453,136.75,137.1999969482422,136.27999877929688,137.10000610351562,140765000,SPY
2012-03-06,106.16255950927734,134.75,135.42999267578125,134.36000061035156,135.35000610351562,202129900,SPY
2012-03-07,106.90314483642578,135.69000244140625,135.91000366210938,134.92999267578125,135.05999755859375,143692200,SPY
2012-03-08,107.96673583984375,137.0399932861328,137.32000732421875,136.24000549316406,136.52000427246094,116968900,SPY
2012-03-09,108.38433074951172,137.57000732421875,137.92999267578125,137.1300048828125,137.3000030517578,122836800,SPY
2012-03-12,108.3921890258789,137.5800018310547,137.75999450683594,137.08999633789062,137.5500030517578,104003500,SPY
2012-03-13,110.34603881835938,140.05999755859375,140.1300048828125,138.08999633789062,138.32000732421875,184090500,SPY
2012-03-14,110.22789001464844,139.91000366210938,140.4499969482422,139.47999572753906,140.10000610351562,145163600,SPY
2012-03-15,110.86604309082031,140.72000122070312,140.77999877929688,139.75999450683594,140.1199951171875,165118500,SPY
2012-03-16,111.01953887939453,140.3000030517578,140.47999572753906,140.0,140.36000061035156,152893500,SPY
2012-03-19,111.45477294921875,140.85000610351562,141.27999877929688,140.11000061035156,140.2100067138672,125291100,SPY
2012-03-20,111.13034057617188,140.44000244140625,140.61000061035156,139.63999938964844,140.0500030517578,121729700,SPY
2012-03-21,110.9483413696289,140.2100067138672,140.64999389648438,139.9199981689453,140.52000427246094,122388400,SPY
2012-03-22,110.14912414550781,139.1999969482422,139.5500030517578,138.74000549316406,139.17999267578125,135216700,SPY
2012-03-23,110.50518798828125,139.64999389648438,139.80999755859375,138.5500030517578,139.32000732421875,120521000,SPY
2012-03-26,112.05615997314453,141.61000061035156,141.61000061035156,140.60000610351562,140.64999389648438,120164000,SPY
2012-03-27,111.70796203613281,141.1699981689453,141.8300018310547,141.0800018310547,141.74000549316406,119868500,SPY
2012-03-28,111.15404510498047,140.47000122070312,141.32000732421875,139.63999938964844,141.10000610351562,148562100,SPY
2012-03-29,110.9641342163086,140.22999572753906,140.49000549316406,139.08999633789062,139.63999938964844,164963700,SPY
2012-03-30,111.423095703125,140.80999755859375,141.0500030517578,140.0500030517578,140.9199981689453,135486800,SPY
2012-04-02,112.23817443847656,141.83999633789062,142.2100067138672,140.36000061035156,140.63999938964844,151741100,SPY
2012-04-03,111.7791748046875,141.25999450683594,141.8800048828125,140.42999267578125,141.63999938964844,155806700,SPY
2012-04-04,110.67137145996094,139.86000061035156,140.33999633789062,139.33999633789062,140.22000122070312,146896000,SPY
2012-04-05,110.61595153808594,139.7899932861328,140.1999969482422,139.25999450683594,139.3800048828125,137439400,SPY
2012-04-09,109.37364196777344,138.22000122070312,139.83999633789062,137.83999633789062,138.02999877929688,127555900,SPY
2012-04-10,107.53778839111328,135.89999389648438,138.33999633789062,135.75999450683594,137.9499969482422,235360300,SPY
2012-04-11,108.40827941894531,137.0,137.5399932861328,136.75,137.2899932861328,154133000,SPY
2012-04-12,109.82470703125,138.7899932861328,138.89999389648438,137.02999877929688,137.1300048828125,154321500,SPY
2012-04-13,108.5190200805664,137.13999938964844,138.82000732421875,137.00999450683594,138.47000122070312,169246700,SPY
2012-04-16,108.44780731201172,137.0500030517578,138.0399932861328,136.5800018310547,137.83999633789062,147825300,SPY
2012-04-17,110.05414581298828,139.0800018310547,139.36000061035156,137.6999969482422,137.83999633789062,147877600,SPY
2012-04-18,109.68223571777344,138.61000061035156,139.0800018310547,138.3800048828125,138.4600067138672,123884200,SPY
2012-04-19,108.97798919677734,137.72000122070312,139.14999389648438,137.07000732421875,138.6300048828125,198666700,SPY
2012-04-20,109.16002655029297,137.9499969482422,138.8300018310547,137.8699951171875,138.3300018310547,143199600,SPY
2012-04-23,108.24209594726562,136.7899932861328,136.91000366210938,135.94000244140625,136.5399932861328,171844900,SPY
2012-04-24,108.65352630615234,137.30999755859375,137.66000366210938,136.8000030517578,136.91000366210938,137484200,SPY
2012-04-25,110.14119720458984,139.19000244140625,139.25,138.52999877929688,138.64999389648438,150252200,SPY
2012-04-26,110.90877532958984,140.16000366210938,140.32000732421875,138.80999755859375,138.88999938964844,136291600,SPY
2012-04-27,111.09075164794922,140.38999938964844,140.7899932861328,139.8000030517578,140.5800018310547,130725000,SPY
2012-04-30,110.67927551269531,139.8699951171875,140.2100067138672,139.49000549316406,140.11000061035156,115092200,SPY
2012-05-01,111.36769104003906,140.74000549316406,141.66000366210938,139.6300048828125,139.7899932861328,138832200,SPY
2012-05-02,111.0353775024414,140.32000732421875,140.4600067138672,139.4600067138672,139.9199981689453,121081000,SPY
2012-05-03,110.18865966796875,139.25,140.4499969482422,138.99000549316406,140.33999633789062,143759700,SPY
2012-05-04,108.40827941894531,137.0,139.3000030517578,136.9199981689453,138.52000427246094,193927300,SPY
2012-05-07,108.48735046386719,137.10000610351562,137.55999755859375,136.4600067138672,136.50999450683594,127765900,SPY
2012-05-08,108.05220794677734,136.5500030517578,136.77000427246094,134.9199981689453,136.27999877929688,213377700,SPY
2012-05-09,107.41120147705078,135.74000549316406,136.61000061035156,134.49000549316406,135.10000610351562,220752500,SPY
2012-05-10,107.63279724121094,136.02000427246094,136.85000610351562,135.7100067138672,136.67999267578125,150600000,SPY
2012-05-11,107.30834197998047,135.61000061035156,136.8699951171875,135.11000061035156,135.1699981689453,153032400,SPY
2012-05-14,106.12140655517578,134.11000061035156,135.61000061035156,133.91000366210938,134.30999755859375,163910000,SPY
2012-05-15,105.51207733154297,133.33999633789062,134.80999755859375,133.1300048828125,134.02000427246094,207629300,SPY
2012-05-16,105.10855865478516,132.8300018310547,134.5500030517578,132.8000030517578,133.94000244140625,207265500,SPY
2012-05-17,103.5496597290039,130.86000061035156,133.02000427246094,130.7899932861328,132.86000061035156,247992900,SPY
2012-05-18,102.66342163085938,129.74000549316406,131.60000610351562,129.5500030517578,131.3699951171875,319615900,SPY
2012-05-21,104.42800903320312,131.97000122070312,132.02000427246094,129.9499969482422,130.16000366210938,177861100,SPY
2012-05-22,104.61002349853516,132.1999969482422,133.22999572753906,131.33999633789062,132.30999755859375,197531200,SPY
2012-05-23,104.66541290283203,132.27000427246094,132.4600067138672,129.99000549316406,131.25,204958400,SPY
2012-05-24,104.87113952636719,132.52999877929688,132.83999633789062,131.4199981689453,132.6300048828125,167357600,SPY
2012-05-25,104.5308837890625,132.10000610351562,132.85000610351562,131.77999877929688,132.47999572753906,135465600,SPY
2012-05-29,105.79695892333984,133.6999969482422,133.92999267578125,131.1699981689453,133.16000366210938,152883500,SPY
2012-05-30,104.26182556152344,131.75999450683594,133.69000244140625,131.49000549316406,132.55999755859375,162370400,SPY
2012-05-31,104.0323715209961,131.47000122070312,132.4499969482422,130.33999633789062,131.7100067138672,196186000,SPY
2012-06-01,101.41316223144531,128.16000366210938,131.5,128.16000366210938,129.41000366210938,253240900,SPY
2012-06-04,101.36567687988281,128.10000610351562,128.74000549316406,127.13999938964844,128.38999938964844,202545800,SPY
2012-06-05,102.1332778930664,129.07000732421875,129.25999450683594,127.77999877929688,127.8499984741211,164149400,SPY
2012-06-06,104.42800903320312,131.97000122070312,132.02999877929688,129.92999267578125,129.97000122070312,184202800,SPY
2012-06-07,104.49130249023438,132.0500030517578,133.52999877929688,131.77999877929688,133.47000122070312,184772700,SPY
2012-06-08,105.32221221923828,133.10000610351562,133.1300048828125,131.2899932861328,131.7100067138672,143915400,SPY
2012-06-11,103.98487091064453,131.41000366210938,134.25,131.27999877929688,134.1699981689453,169756100,SPY
2012-06-12,105.17974090576172,132.9199981689453,133.00999450683594,131.16000366210938,131.7899932861328,181931800,SPY
2012-06-13,104.50713348388672,132.07000732421875,133.36000061035156,131.6199951171875,132.52999877929688,172223900,SPY
2012-06-14,105.61497497558594,133.47000122070312,134.0,131.97999572753906,132.33999633789062,230615500,SPY
2012-06-15,106.69514465332031,134.13999938964844,134.25999450683594,133.10000610351562,133.3800048828125,169444500,SPY
2012-06-18,106.90190124511719,134.39999389648438,134.72999572753906,133.27999877929688,133.5800018310547,131360900,SPY
2012-06-19,107.93596649169922,135.6999969482422,136.25,134.3699951171875,135.0800018310547,137382600,SPY
2012-06-20,107.7609634399414,135.47999572753906,136.10000610351562,134.27000427246094,135.7100067138672,206451800,SPY
2012-06-21,105.34292602539062,132.44000244140625,135.77999877929688,132.3300018310547,135.63999938964844,205272200,SPY
2012-06-22,106.15425109863281,133.4600067138672,133.7100067138672,132.6199951171875,133.1300048828125,130029200,SPY
2012-06-25,104.45207214355469,131.32000732421875,132.10000610351562,130.85000610351562,132.0500030517578,146375700,SPY
2012-06-26,104.97704315185547,131.97999572753906,132.3800048828125,130.92999267578125,131.6999969482422,141634000,SPY
2012-06-27,105.92356872558594,133.1699981689453,133.42999267578125,131.97000122070312,132.4199981689453,108088000,SPY
2012-06-28,105.62132263183594,132.7899932861328,132.99000549316406,131.27999877929688,132.2899932861328,169242100,SPY
2012-06-29,108.25409698486328,136.10000610351562,136.27000427246094,134.85000610351562,135.1999969482422,212250900,SPY
2012-07-02,108.58020782470703,136.50999450683594,136.64999389648438,135.52000427246094,136.47999572753906,129524500,SPY
2012-07-03,109.2960433959961,137.41000366210938,137.50999450683594,136.33999633789062,136.47999572753906,80450000,SPY
2012-07-05,108.80294799804688,136.7899932861328,137.8000030517578,136.2899932861328,136.89999389648438,126177500,SPY
2012-07-06,107.7689437866211,135.49000549316406,135.77000427246094,134.85000610351562,135.47000122070312,151192100,SPY
2012-07-09,107.63367462158203,135.32000732421875,135.57000732421875,134.6999969482422,135.3800048828125,103780500,SPY
2012-07-10,106.69514465332031,134.13999938964844,136.22999572753906,133.67999267578125,136.00999450683594,167884800,SPY
2012-07-11,106.71099090576172,134.16000366210938,134.60000610351562,133.3800048828125,134.2100067138672,141733400,SPY
2012-07-12,106.19403839111328,133.50999450683594,134.22999572753906,132.60000610351562,133.3800048828125,143583200,SPY
2012-07-13,107.97572326660156,135.75,135.88999938964844,133.83999633789062,133.86000061035156,129642600,SPY
2012-07-16,107.72116088867188,135.42999267578125,135.8300018310547,134.89999389648438,135.44000244140625,97525200,SPY
2012-07-17,108.46092224121094,136.36000061035156,136.63999938964844,134.5500030517578,135.97000122070312,138860300,SPY
2012-07-18,109.26425170898438,137.3699951171875,137.63999938964844,135.9600067138672,136.0399932861328,113349700,SPY
2012-07-19,109.55059051513672,137.72999572753906,138.17999267578125,137.2100067138672,137.64999389648438,129847300,SPY
2012-07-20,108.54839324951172,136.47000122070312,137.16000366210938,136.32000732421875,136.9499969482422,142904500,SPY
2012-07-23,107.45074462890625,135.08999633789062,136.3800048828125,133.83999633789062,134.47000122070312,145210900,SPY
2012-07-24,106.528076171875,133.92999267578125,135.25,133.02999877929688,135.19000244140625,173301200,SPY
2012-07-25,106.55194091796875,133.9600067138672,134.55999755859375,133.25,134.2100067138672,129122300,SPY
2012-07-26,108.30978393554688,136.1699981689453,136.4600067138672,135.25999450683594,135.88999938964844,156526500,SPY
2012-07-27,110.30622100830078,138.67999267578125,139.07000732421875,136.13999938964844,136.88999938964844,236768900,SPY
2012-07-30,110.30622100830078,138.67999267578125,139.33999633789062,138.27000427246094,138.52000427246094,106782000,SPY
2012-07-31,109.5346908569336,137.7100067138672,138.8699951171875,137.7100067138672,138.49000549316406,120575900,SPY
2012-08-01,109.43925476074219,137.58999633789062,138.72999572753906,137.39999389648438,138.6999969482422,138293800,SPY
2012-08-02,108.68360137939453,136.63999938964844,137.57000732421875,135.5800018310547,136.5500030517578,199556600,SPY
2012-08-03,110.83915710449219,139.35000610351562,139.63999938964844,136.67999267578125,138.55999755859375,157825000,SPY
2012-08-06,111.05390930175781,139.6199951171875,140.1699981689453,139.55999755859375,139.72000122070312,86326200,SPY
2012-08-07,111.6106948852539,140.32000732421875,140.9199981689453,140.02999877929688,140.17999267578125,109545100,SPY
2012-08-08,111.74590301513672,140.49000549316406,140.64999389648438,139.80999755859375,139.85000610351562,89754700,SPY
2012-08-09,111.84136199951172,140.61000061035156,140.88999938964844,140.14999389648438,140.2899932861328,90291700,SPY
2012-08-10,112.02435302734375,140.83999633789062,140.88999938964844,139.80999755859375,140.0399932861328,99792700,SPY
2012-08-13,111.96861267089844,140.77000427246094,140.83999633789062,140.0399932861328,140.60000610351562,79426900,SPY
2012-08-14,111.98448181152344,140.7899932861328,141.3800048828125,140.3699951171875,141.2899932861328,102379400,SPY
2012-08-15,112.11180877685547,140.9499969482422,141.19000244140625,140.5500030517578,140.63999938964844,71085900,SPY
2012-08-16,112.93903350830078,141.99000549316406,142.16000366210938,140.8000030517578,141.14999389648438,112014200,SPY
2012-08-17,113.09014129638672,142.17999267578125,142.3000030517578,141.86000061035156,142.22999572753906,90813700,SPY
2012-08-20,113.09809112548828,142.19000244140625,142.22000122070312,141.58999633789062,141.97999572753906,78255700,SPY
2012-08-21,112.7560806274414,141.75999450683594,143.08999633789062,141.4499969482422,142.5399932861328,105581100,SPY
2012-08-22,112.8038101196289,141.82000732421875,142.0500030517578,141.07000732421875,141.39999389648438,133243500,SPY
2012-08-23,111.88111114501953,140.66000366210938,141.47999572753906,140.44000244140625,141.47000122070312,111466400,SPY
2012-08-24,112.55722045898438,141.50999450683594,141.8300018310547,140.22000122070312,140.30999755859375,99481200,SPY
2012-08-27,112.58110046386719,141.5399932861328,142.0800018310547,141.33999633789062,141.88999938964844,68785900,SPY
2012-08-28,112.4697265625,141.39999389648438,141.83999633789062,140.97000122070312,141.17999267578125,75689600,SPY
2012-08-29,112.55722045898438,141.50999450683594,141.88999938964844,141.1199951171875,141.52000427246094,65421300,SPY
2012-08-30,111.74590301513672,140.49000549316406,140.94000244140625,140.19000244140625,140.89999389648438,96589900,SPY
2012-08-31,112.2788314819336,141.16000366210938,141.82000732421875,140.36000061035156,141.2899932861328,151970400,SPY
2012-09-04,112.17545318603516,141.02999877929688,141.4600067138672,140.1300048828125,141.0399932861328,120226200,SPY
2012-09-05,112.07998657226562,140.91000366210938,141.47000122070312,140.6300048828125,141.08999633789062,100660300,SPY
2012-09-06,114.35485076904297,143.77000427246094,143.77999877929688,141.75,141.75999450683594,158272500,SPY
2012-09-07,114.80028533935547,144.3300018310547,144.38999938964844,143.8800048828125,144.00999450683594,107272100,SPY
2012-09-10,114.14801025390625,143.50999450683594,144.44000244140625,143.4600067138672,144.19000244140625,86458500,SPY
2012-09-11,114.4661636352539,143.91000366210938,144.3699951171875,143.55999755859375,143.60000610351562,88760000,SPY
2012-09-12,114.84796905517578,144.38999938964844,144.5500030517578,143.89999389648438,144.38999938964844,87640900,SPY
2012-09-13,116.59786987304688,146.58999633789062,147.0399932861328,143.99000549316406,144.3699951171875,225470200,SPY
2012-09-14,117.1148681640625,147.24000549316406,148.11000061035156,146.75999450683594,146.8800048828125,169777000,SPY
2012-09-17,116.7171630859375,146.74000549316406,147.19000244140625,146.3699951171875,146.94000244140625,119427800,SPY
2012-09-18,116.62168884277344,146.6199951171875,146.80999755859375,146.25,146.49000549316406,98326600,SPY
2012-09-19,116.68533325195312,146.6999969482422,147.1699981689453,146.41000366210938,146.7899932861328,128318300,SPY
2012-09-20,116.6933364868164,146.7100067138672,146.7899932861328,145.6300048828125,146.02999877929688,154009800,SPY
2012-09-21,116.6445083618164,145.8699951171875,146.6699981689453,145.80999755859375,146.63999938964844,108737500,SPY
2012-09-24,116.46859741210938,145.64999389648438,145.97999572753906,145.0399932861328,145.14999389648438,95682000,SPY
2012-09-25,115.22913360595703,144.10000610351562,146.24000549316406,144.05999755859375,145.9600067138672,133165200,SPY
2012-09-26,114.58145141601562,143.2899932861328,144.11000061035156,142.9499969482422,144.07000732421875,146502200,SPY
2012-09-27,115.66099548339844,144.63999938964844,144.97000122070312,143.50999450683594,143.88999938964844,111830300,SPY
2012-09-28,115.12521362304688,143.97000122070312,144.55999755859375,143.4600067138672,144.08999633789062,150696100,SPY
2012-10-01,115.42909240722656,144.35000610351562,145.69000244140625,144.00999450683594,144.52000427246094,135911200,SPY
2012-10-02,115.54901123046875,144.5,145.14999389648438,143.8300018310547,144.9199981689453,113422200,SPY
2012-10-03,116.02083587646484,145.08999633789062,145.42999267578125,144.1300048828125,144.88999938964844,121283100,SPY
2012-10-04,116.85242462158203,146.1300048828125,146.33999633789062,145.44000244140625,145.63999938964844,124311600,SPY
2012-10-05,116.86043548583984,146.13999938964844,147.16000366210938,145.6999969482422,146.91000366210938,124842100,SPY
2012-10-08,116.46061706542969,145.63999938964844,146.1199951171875,145.30999755859375,145.60000610351562,78415400,SPY
2012-10-09,115.30913543701172,144.1999969482422,145.64999389648438,144.14999389648438,145.52999877929688,148872900,SPY
2012-10-10,114.57344055175781,143.27999877929688,144.32000732421875,143.08999633789062,144.17999267578125,124247500,SPY
2012-10-11,114.63743591308594,143.36000061035156,144.49000549316406,143.3300018310547,144.27999877929688,123601500,SPY
2012-10-12,114.26158905029297,142.88999938964844,143.9499969482422,142.5800018310547,143.4600067138672,124181900,SPY
2012-10-15,115.21317291259766,144.0800018310547,144.22999572753906,142.77000427246094,143.22999572753906,107689100,SPY
2012-10-16,116.380615234375,145.5399932861328,145.63999938964844,144.66000366210938,144.75999450683594,108815500,SPY
2012-10-17,116.90838623046875,146.1999969482422,146.32000732421875,145.4199981689453,145.63999938964844,128834100,SPY
2012-10-18,116.60453033447266,145.82000732421875,146.52000427246094,145.3300018310547,145.82000732421875,148108500,SPY
2012-10-19,114.66140747070312,143.38999938964844,145.55999755859375,143.0500030517578,145.5500030517578,185645200,SPY
2012-10-22,114.67741394042969,143.41000366210938,143.6699981689453,142.27999877929688,143.14999389648438,125578600,SPY
2012-10-23,113.08610534667969,141.4199981689453,142.05999755859375,140.8300018310547,141.86000061035156,192056300,SPY
2012-10-24,112.76624298095703,141.02000427246094,142.10000610351562,140.8000030517578,141.92999267578125,120179400,SPY
2012-10-25,113.09408569335938,141.42999267578125,142.27999877929688,140.57000732421875,142.02000427246094,134457400,SPY
2012-10-26,113.03014373779297,141.35000610351562,141.83999633789062,140.38999938964844,141.3000030517578,146023500,SPY
2012-10-31,113.03014373779297,141.35000610351562,142.02999877929688,140.67999267578125,141.85000610351562,103438500,SPY
2012-11-01,114.213623046875,142.8300018310547,143.00999450683594,141.52000427246094,141.64999389648438,100995600,SPY
2012-11-02,113.19803619384766,141.55999755859375,143.72000122070312,141.41000366210938,143.67999267578125,137702200,SPY
2012-11-05,113.4299545288086,141.85000610351562,142.1699981689453,140.92999267578125,141.35000610351562,98378500,SPY
2012-11-06,114.31753540039062,142.9600067138672,143.52000427246094,142.1300048828125,142.27999877929688,107068100,SPY
2012-11-07,111.7267074584961,139.72000122070312,141.67999267578125,139.05999755859375,141.66000366210938,264304500,SPY
2012-11-08,110.38329315185547,138.0399932861328,140.41000366210938,137.92999267578125,139.6999969482422,181517300,SPY
2012-11-09,110.47924041748047,138.16000366210938,139.44000244140625,137.5500030517578,137.6199951171875,201055300,SPY
2012-11-12,110.56721496582031,138.27000427246094,138.80999755859375,137.9600067138672,138.58999633789062,97677500,SPY
2012-11-13,110.1833724975586,137.7899932861328,139.25,137.36000061035156,137.5399932861328,123018300,SPY
2012-11-14,108.69602966308594,135.92999267578125,138.42999267578125,135.6199951171875,138.2100067138672,191505000,SPY
2012-11-15,108.51211547851562,135.6999969482422,136.49000549316406,135.17999267578125,135.97999572753906,178128400,SPY
2012-11-16,109.0478744506836,136.3699951171875,136.63999938964844,134.6999969482422,135.89999389648438,239483900,SPY
2012-11-19,111.25491333007812,139.1300048828125,139.14999389648438,136.41000366210938,137.89999389648438,151495800,SPY
2012-11-20,111.30289459228516,139.19000244140625,139.4199981689453,138.0800018310547,138.91000366210938,119807400,SPY
2012-11-21,111.51078796386719,139.4499969482422,139.57000732421875,139.02999877929688,139.30999755859375,81710800,SPY
2012-11-23,113.03014373779297,141.35000610351562,141.39999389648438,140.0399932861328,140.1300048828125,65409200,SPY
2012-11-26,112.79022979736328,141.0500030517578,141.36000061035156,140.19000244140625,140.64999389648438,100124400,SPY
2012-11-27,112.21449279785156,140.3300018310547,141.38999938964844,140.24000549316406,140.91000366210938,128646200,SPY
2012-11-28,113.11809539794922,141.4600067138672,141.5399932861328,139.0,139.75999450683594,177086500,SPY
2012-11-29,113.6458511352539,142.1199951171875,142.50999450683594,141.3699951171875,141.99000549316406,151085900,SPY
2012-11-30,113.66986083984375,142.14999389648438,142.4199981689453,141.66000366210938,142.13999938964844,136568300,SPY
2012-12-03,113.11009216308594,141.4499969482422,142.9199981689453,141.33999633789062,142.8000030517578,124656300,SPY
2012-12-04,112.9501724243164,141.25,141.8699951171875,140.8699951171875,141.44000244140625,127512200,SPY
2012-12-05,113.15007019042969,141.5,142.16000366210938,140.3699951171875,141.3699951171875,147300500,SPY
2012-12-06,113.53392028808594,141.97999572753906,142.0399932861328,141.16000366210938,141.3699951171875,103220600,SPY
2012-12-07,113.87773132324219,142.41000366210938,142.69000244140625,141.6699981689453,142.52999877929688,108726400,SPY
2012-12-10,113.92571258544922,142.47000122070312,142.80999755859375,142.14999389648438,142.2100067138672,98840700,SPY
2012-12-11,114.7014389038086,143.44000244140625,144.11000061035156,142.99000549316406,143.05999755859375,152570400,SPY
2012-12-12,114.75733947753906,143.50999450683594,144.5500030517578,143.30999755859375,144.0,145880100,SPY
2012-12-13,114.05369567871094,142.6300048828125,143.8300018310547,142.27000427246094,143.4199981689453,135715000,SPY
2012-12-14,113.62984466552734,142.10000610351562,142.5800018310547,141.8800048828125,142.32000732421875,137701700,SPY
2012-12-17,114.96531677246094,143.77000427246094,143.85000610351562,142.42999267578125,142.47000122070312,143238200,SPY
2012-12-18,116.24468231201172,145.3699951171875,145.5,143.7899932861328,144.0,177762800,SPY
2012-12-19,115.38106536865234,144.2899932861328,145.5800018310547,144.24000549316406,145.52999877929688,150895400,SPY
2012-12-20,116.04476928710938,145.1199951171875,145.13999938964844,143.97999572753906,144.3800048828125,168487000,SPY
2012-12-21,114.99142456054688,142.7899932861328,144.08999633789062,141.94000244140625,142.1699981689453,245883800,SPY
2012-12-24,114.63716125488281,142.35000610351562,142.55999755859375,142.19000244140625,142.47999572753906,53874600,SPY
2012-12-26,114.1539077758789,141.75,142.7100067138672,141.35000610351562,142.63999938964844,106947700,SPY
2012-12-27,114.0008773803711,141.55999755859375,142.0800018310547,139.9199981689453,141.7899932861328,167920600,SPY
2012-12-28,112.76875305175781,140.02999877929688,141.4199981689453,139.8699951171875,140.63999938964844,148806700,SPY
2012-12-31,114.68541717529297,142.41000366210938,142.55999755859375,139.5399932861328,139.66000366210938,243935200,SPY
2013-01-02,117.62482452392578,146.05999755859375,146.14999389648438,144.72999572753906,145.11000061035156,192059000,SPY
2013-01-03,117.35906219482422,145.72999572753906,146.3699951171875,145.33999633789062,145.99000549316406,144761800,SPY
2013-01-04,117.87447357177734,146.3699951171875,146.61000061035156,145.6699981689453,145.97000122070312,116817700,SPY
2013-01-07,117.55233001708984,145.97000122070312,146.11000061035156,145.42999267578125,145.85000610351562,110002500,SPY
2013-01-08,117.214111328125,145.5500030517578,145.91000366210938,144.97999572753906,145.7100067138672,121265100,SPY
2013-01-09,117.51210021972656,145.9199981689453,146.32000732421875,145.63999938964844,145.8699951171875,90745600,SPY
2013-01-10,118.44625091552734,147.0800018310547,147.08999633789062,145.97000122070312,146.72999572753906,130735400,SPY
2013-01-11,118.43824005126953,147.07000732421875,147.14999389648438,146.61000061035156,147.0399932861328,113917300,SPY
2013-01-14,118.3576889038086,146.97000122070312,147.07000732421875,146.42999267578125,146.88999938964844,89567200,SPY
2013-01-15,118.43824005126953,147.07000732421875,147.2100067138672,146.1999969482422,146.2899932861328,93172600,SPY
2013-01-16,118.42208862304688,147.0500030517578,147.27999877929688,146.61000061035156,146.77000427246094,104849500,SPY
2013-01-17,119.1871566772461,148.0,148.4199981689453,147.14999389648438,147.6999969482422,133833500,SPY
2013-01-18,119.45288848876953,148.3300018310547,148.49000549316406,147.42999267578125,147.97000122070312,169906000,SPY
2013-01-22,120.09715270996094,149.1300048828125,149.1300048828125,147.97999572753906,148.3300018310547,111797300,SPY
2013-01-23,120.29041290283203,149.3699951171875,149.5,148.86000061035156,149.1300048828125,104596100,SPY
2013-01-24,120.32266235351562,149.41000366210938,150.13999938964844,149.00999450683594,149.14999389648438,146426400,SPY
2013-01-25,120.99915313720703,150.25,150.25,149.3699951171875,149.8800048828125,147211600,SPY
2013-01-28,120.8541488647461,150.07000732421875,150.3300018310547,149.50999450683594,150.2899932861328,113357700,SPY
2013-01-29,121.32929229736328,150.66000366210938,150.85000610351562,149.6699981689453,149.77000427246094,105694400,SPY
2013-01-30,120.8541488647461,150.07000732421875,150.94000244140625,149.92999267578125,150.63999938964844,137447700,SPY
2013-01-31,120.55618286132812,149.6999969482422,150.3800048828125,149.60000610351562,149.88999938964844,108975800,SPY
2013-02-01,121.79638671875,151.24000549316406,151.4199981689453,150.38999938964844,150.64999389648438,131173000,SPY
2013-02-04,120.42735290527344,149.5399932861328,151.27000427246094,149.42999267578125,150.32000732421875,159073600,SPY
2013-02-05,121.64335632324219,151.0500030517578,151.47999572753906,150.2899932861328,150.35000610351562,113912400,SPY
2013-02-06,121.73194885253906,151.16000366210938,151.25999450683594,150.41000366210938,150.52000427246094,138762800,SPY
2013-02-07,121.57088470458984,150.9600067138672,151.35000610351562,149.86000061035156,151.2100067138672,162490000,SPY
2013-02-08,122.24736022949219,151.8000030517578,151.88999938964844,151.22000122070312,151.22000122070312,103133700,SPY
2013-02-11,122.22322082519531,151.77000427246094,151.89999389648438,151.38999938964844,151.74000549316406,73775000,SPY
2013-02-12,122.42451477050781,152.02000427246094,152.3000030517578,151.61000061035156,151.77999877929688,65392700,SPY
2013-02-13,122.52923583984375,152.14999389648438,152.61000061035156,151.72000122070312,152.3300018310547,82322600,SPY
2013-02-14,122.64196014404297,152.2899932861328,152.47000122070312,151.52000427246094,151.69000244140625,80834300,SPY
2013-02-15,122.49705505371094,152.11000061035156,152.58999633789062,151.5500030517578,152.42999267578125,215226500,SPY
2013-02-19,123.41507720947266,153.25,153.27999877929688,152.16000366210938,152.3699951171875,95105400,SPY
2013-02-20,121.8769302368164,151.33999633789062,153.19000244140625,151.25999450683594,153.13999938964844,160574800,SPY
2013-02-21,121.13602447509766,150.4199981689453,151.4199981689453,149.94000244140625,150.9600067138672,183257000,SPY
2013-02-22,122.31983184814453,151.88999938964844,151.88999938964844,150.49000549316406,151.14999389648438,106356600,SPY
2013-02-25,119.99246215820312,149.0,152.86000061035156,149.0,152.6300048828125,245824800,SPY
2013-02-26,120.81390380859375,150.02000427246094,150.1999969482422,148.72999572753906,149.72000122070312,186596200,SPY
2013-02-27,122.33594512939453,151.91000366210938,152.3300018310547,149.75999450683594,149.88999938964844,150781900,SPY
2013-02-28,122.09439849853516,151.61000061035156,152.8699951171875,151.41000366210938,151.89999389648438,126866000,SPY
2013-03-01,122.49705505371094,152.11000061035156,152.33999633789062,150.41000366210938,151.08999633789062,170634800,SPY
2013-03-04,123.14932250976562,152.9199981689453,152.9199981689453,151.52000427246094,151.75999450683594,99010200,SPY
2013-03-05,124.25260162353516,154.2899932861328,154.6999969482422,153.63999938964844,153.66000366210938,121431900,SPY
2013-03-06,124.42173767089844,154.5,154.9199981689453,154.16000366210938,154.83999633789062,94469900,SPY
2013-03-07,124.64727020263672,154.77999877929688,154.97999572753906,154.52000427246094,154.6999969482422,86101400,SPY
2013-03-08,125.1787109375,155.44000244140625,155.64999389648438,154.66000366210938,155.4600067138672,123477800,SPY
2013-03-11,125.65387725830078,156.02999877929688,156.0399932861328,155.1300048828125,155.32000732421875,83746800,SPY
2013-03-12,125.37200164794922,155.67999267578125,156.10000610351562,155.2100067138672,155.9199981689453,105755800,SPY
2013-03-13,125.54915618896484,155.89999389648438,156.1199951171875,155.22999572753906,155.75999450683594,92550900,SPY
2013-03-14,126.21761322021484,156.72999572753906,156.8000030517578,155.91000366210938,156.30999755859375,126329900,SPY
2013-03-15,126.05095672607422,155.8300018310547,156.0399932861328,155.30999755859375,155.85000610351562,138601100,SPY
2013-03-18,125.3553237915039,154.97000122070312,155.63999938964844,154.1999969482422,154.33999633789062,126704300,SPY
2013-03-19,125.06407928466797,154.61000061035156,155.50999450683594,153.58999633789062,155.3000030517578,167567300,SPY
2013-03-20,125.93771362304688,155.69000244140625,155.9499969482422,155.25999450683594,155.52000427246094,113759300,SPY
2013-03-21,124.86185455322266,154.36000061035156,155.63999938964844,154.10000610351562,154.75999450683594,128605000,SPY
2013-03-22,125.86492919921875,155.60000610351562,155.60000610351562,154.72999572753906,154.85000610351562,111163600,SPY
2013-03-25,125.33914947509766,154.9499969482422,156.27000427246094,154.35000610351562,156.00999450683594,151322300,SPY
2013-03-26,126.3421630859375,156.19000244140625,156.22999572753906,155.4199981689453,155.58999633789062,86856600,SPY
2013-03-27,126.3421630859375,156.19000244140625,156.24000549316406,155.0,155.25999450683594,99950600,SPY
2013-03-28,126.73037719726562,156.6699981689453,156.85000610351562,155.75,156.08999633789062,102932800,SPY
2013-04-01,126.2289047241211,156.0500030517578,156.91000366210938,155.6699981689453,156.58999633789062,99194100,SPY
2013-04-02,126.85174560546875,156.82000732421875,157.2100067138672,156.3699951171875,156.61000061035156,101504300,SPY
2013-04-03,125.56558990478516,155.22999572753906,157.02999877929688,154.82000732421875,156.91000366210938,154167400,SPY
2013-04-04,126.0751953125,155.86000061035156,156.1699981689453,155.08999633789062,155.42999267578125,131885000,SPY
2013-04-05,125.50899505615234,155.16000366210938,155.35000610351562,153.77000427246094,153.9499969482422,159666000,SPY
2013-04-08,126.35839080810547,156.2100067138672,156.22000122070312,154.75,155.27000427246094,86571200,SPY
2013-04-09,126.79513549804688,156.75,157.32000732421875,155.97999572753906,156.5,101922200,SPY
2013-04-10,128.34825134277344,158.6699981689453,158.8699951171875,157.1300048828125,157.1699981689453,135711100,SPY
2013-04-11,128.76882934570312,159.19000244140625,159.7100067138672,158.5399932861328,158.6999969482422,110142500,SPY
2013-04-12,128.45335388183594,158.8000030517578,159.0399932861328,157.9199981689453,158.67999267578125,116359900,SPY
2013-04-15,125.47664642333984,155.1199951171875,158.1300048828125,155.10000610351562,158.0,217259000,SPY
2013-04-16,127.32905578613281,157.41000366210938,157.49000549316406,155.91000366210938,156.2899932861328,147507800,SPY
2013-04-17,125.46854400634766,155.11000061035156,156.32000732421875,154.27999877929688,156.2899932861328,226834800,SPY
2013-04-18,124.68392181396484,154.13999938964844,155.41000366210938,153.5500030517578,155.3699951171875,167583200,SPY
2013-04-19,125.76785278320312,155.47999572753906,155.5500030517578,154.1199951171875,154.5,149687600,SPY
2013-04-22,126.3259506225586,156.1699981689453,156.5399932861328,154.75,155.77999877929688,106553500,SPY
2013-04-23,127.62826538085938,157.77999877929688,157.92999267578125,156.1699981689453,156.9499969482422,166141300,SPY
2013-04-24,127.70919036865234,157.8800048828125,158.3000030517578,157.5399932861328,157.8300018310547,96781200,SPY
2013-04-25,128.22689819335938,158.52000427246094,159.27000427246094,158.10000610351562,158.33999633789062,131060600,SPY
2013-04-26,128.00035095214844,158.24000549316406,158.60000610351562,157.72999572753906,158.3300018310547,95918800,SPY
2013-04-29,128.8578338623047,159.3000030517578,159.64999389648438,158.4199981689453,158.6699981689453,88572800,SPY
2013-04-30,129.1652374267578,159.67999267578125,159.72000122070312,158.61000061035156,159.27000427246094,116010700,SPY
2013-05-01,128.03277587890625,158.27999877929688,159.41000366210938,158.10000610351562,159.3300018310547,138874200,SPY
2013-05-02,129.22181701660156,159.75,159.88999938964844,158.52999877929688,158.67999267578125,96407600,SPY
2013-05-03,130.53225708007812,161.3699951171875,161.8800048828125,159.77999877929688,161.13999938964844,144202300,SPY
2013-05-06,130.8638916015625,161.77999877929688,162.00999450683594,161.4199981689453,161.49000549316406,66882100,SPY
2013-05-07,131.5271759033203,162.60000610351562,162.64999389648438,161.6699981689453,162.1300048828125,90359200,SPY
2013-05-08,132.1258087158203,163.33999633789062,163.38999938964844,162.3300018310547,162.4199981689453,97419200,SPY
2013-05-09,131.7537078857422,162.8800048828125,163.6999969482422,162.47000122070312,163.27000427246094,106738600,SPY
2013-05-10,132.18240356445312,163.41000366210938,163.5500030517578,162.50999450683594,162.99000549316406,103203000,SPY
2013-05-13,132.28753662109375,163.5399932861328,163.80999755859375,162.82000732421875,163.1999969482422,81843200,SPY
2013-05-14,133.6545867919922,165.22999572753906,165.35000610351562,163.6699981689453,163.6699981689453,119000900,SPY
2013-05-15,134.37457275390625,166.1199951171875,166.4499969482422,164.91000366210938,164.9600067138672,120718500,SPY
2013-05-16,133.74356079101562,165.33999633789062,166.36000061035156,165.08999633789062,165.77999877929688,109913600,SPY
2013-05-17,135.0377960205078,166.94000244140625,167.0399932861328,165.72999572753906,165.9499969482422,129801000,SPY
2013-05-20,135.0297088623047,166.92999267578125,167.5800018310547,166.61000061035156,166.77999877929688,85071200,SPY
2013-05-21,135.22393798828125,167.1699981689453,167.8000030517578,166.5,167.0800018310547,95804200,SPY
2013-05-22,134.2208251953125,165.92999267578125,169.07000732421875,165.1699981689453,167.33999633789062,244031800,SPY
2013-05-23,133.8325653076172,165.4499969482422,165.91000366210938,163.94000244140625,164.16000366210938,211064400,SPY
2013-05-24,133.71932983398438,165.30999755859375,165.3800048828125,163.97999572753906,164.47000122070312,151573900,SPY
2013-05-28,134.52012634277344,166.3000030517578,167.77999877929688,165.80999755859375,167.0399932861328,143679800,SPY
2013-05-29,133.646484375,165.22000122070312,165.8000030517578,164.33999633789062,165.4199981689453,160363400,SPY
2013-05-30,134.1399688720703,165.8300018310547,166.58999633789062,165.22000122070312,165.35000610351562,107793800,SPY
2013-05-31,132.2147674560547,163.4499969482422,166.30999755859375,163.1300048828125,165.3699951171875,176850100,SPY
2013-06-03,132.9427947998047,164.35000610351562,164.4600067138672,162.66000366210938,163.8300018310547,168390700,SPY
2013-06-04,132.30374145507812,163.55999755859375,165.10000610351562,162.72999572753906,164.44000244140625,157631500,SPY
2013-06-05,130.45138549804688,161.27000427246094,163.4199981689453,161.1300048828125,163.08999633789062,211737800,SPY
2013-06-06,131.63233947753906,162.72999572753906,162.74000549316406,160.25,161.1999969482422,200225500,SPY
2013-06-07,133.3068084716797,164.8000030517578,164.9499969482422,163.13999938964844,163.85000610351562,188337800,SPY
2013-06-10,133.3068084716797,164.8000030517578,165.39999389648438,164.3699951171875,165.30999755859375,105667100,SPY
2013-06-11,131.93170166015625,163.10000610351562,164.5399932861328,162.74000549316406,163.3000030517578,159505400,SPY
2013-06-12,130.8396453857422,161.75,164.38999938964844,161.60000610351562,164.22000122070312,177361500,SPY
2013-06-13,132.82949829101562,164.2100067138672,164.5,161.3000030517578,161.66000366210938,163587800,SPY
2013-06-14,131.99635314941406,163.17999267578125,164.6699981689453,162.91000366210938,164.02999877929688,141197500,SPY
2013-06-17,133.01556396484375,164.44000244140625,165.22000122070312,163.22000122070312,164.2899932861328,136295600,SPY
2013-06-18,134.06716918945312,165.74000549316406,165.99000549316406,164.52000427246094,164.52999877929688,114695600,SPY
2013-06-19,132.2147674560547,163.4499969482422,165.88999938964844,163.3800048828125,165.60000610351562,206149500,SPY
2013-06-20,128.93869018554688,159.39999389648438,163.47000122070312,158.97999572753906,161.86000061035156,321255900,SPY
2013-06-21,129.35269165039062,159.07000732421875,159.75999450683594,157.47000122070312,159.63999938964844,271956800,SPY
2013-06-24,127.71812438964844,157.05999755859375,158.42999267578125,155.72999572753906,157.41000366210938,222329000,SPY
2013-06-25,128.94601440429688,158.57000732421875,160.10000610351562,157.4199981689453,158.47999572753906,162262200,SPY
2013-06-26,130.22274780273438,160.13999938964844,160.5,159.25,159.8699951171875,134848000,SPY
2013-06-27,130.98712158203125,161.0800018310547,161.82000732421875,160.9499969482422,161.10000610351562,129483700,SPY
2013-06-28,130.450439453125,160.4199981689453,161.39999389648438,159.86000061035156,160.6300048828125,160402900,SPY
2013-07-01,131.21481323242188,161.36000061035156,162.47999572753906,161.0800018310547,161.25999450683594,131954800,SPY
2013-07-02,131.0928192138672,161.2100067138672,162.3000030517578,160.5,161.1199951171875,154863700,SPY
2013-07-03,131.14974975585938,161.27999877929688,161.77000427246094,160.22000122070312,160.47999572753906,75216400,SPY
2013-07-05,132.56466674804688,163.02000427246094,163.0800018310547,161.3000030517578,162.47000122070312,122416900,SPY
2013-07-08,133.32095336914062,163.9499969482422,164.38999938964844,163.0800018310547,163.86000061035156,108092500,SPY
2013-07-09,134.28048706054688,165.1300048828125,165.3300018310547,164.27000427246094,164.97999572753906,119298000,SPY
2013-07-10,134.32928466796875,165.19000244140625,165.75,164.6300048828125,164.97000122070312,121410100,SPY
2013-07-11,136.1588897705078,167.44000244140625,167.61000061035156,165.17999267578125,167.11000061035156,135592200,SPY
2013-07-12,136.2159423828125,167.50999450683594,167.92999267578125,167.1300048828125,167.38999938964844,104212700,SPY
2013-07-15,136.7362823486328,168.14999389648438,168.38999938964844,167.67999267578125,167.97000122070312,69450600,SPY
2013-07-16,136.22401428222656,167.52000427246094,168.36000061035156,167.07000732421875,168.25999450683594,88702100,SPY
2013-07-17,136.5736846923828,167.9499969482422,168.47999572753906,167.72999572753906,168.16000366210938,92873900,SPY
2013-07-18,137.3218231201172,168.8699951171875,169.27000427246094,168.1999969482422,168.30999755859375,103620100,SPY
2013-07-19,137.56576538085938,169.1699981689453,169.22999572753906,168.30999755859375,168.52000427246094,103831700,SPY
2013-07-22,137.83409118652344,169.5,169.74000549316406,169.00999450683594,169.41000366210938,79428600,SPY
2013-07-23,137.54127502441406,169.13999938964844,169.8300018310547,169.0500030517578,169.8000030517578,80829700,SPY
2013-07-24,137.03720092773438,168.52000427246094,169.86000061035156,168.17999267578125,169.7899932861328,112914000,SPY
2013-07-25,137.37059020996094,168.92999267578125,169.0800018310547,167.94000244140625,168.22000122070312,111088600,SPY
2013-07-26,137.51698303222656,169.11000061035156,169.16000366210938,167.52000427246094,168.22000122070312,107814600,SPY
2013-07-29,137.0940704345703,168.58999633789062,169.05999755859375,168.11000061035156,168.67999267578125,79695000,SPY
2013-07-30,137.0940704345703,168.58999633789062,169.27999877929688,168.19000244140625,169.10000610351562,85209600,SPY
2013-07-31,137.191650390625,168.7100067138672,169.85000610351562,168.49000549316406,168.94000244140625,142388700,SPY
2013-08-01,138.7773895263672,170.66000366210938,170.80999755859375,169.89999389648438,169.99000549316406,110438400,SPY
2013-08-02,139.01318359375,170.9499969482422,170.97000122070312,170.0500030517578,170.27999877929688,91116700,SPY
2013-08-05,138.80996704101562,170.6999969482422,170.9600067138672,170.35000610351562,170.57000732421875,54072700,SPY
2013-08-06,138.02114868164062,169.72999572753906,170.74000549316406,169.35000610351562,170.3699951171875,87495000,SPY
2013-08-07,137.57388305664062,169.17999267578125,169.42999267578125,168.5500030517578,169.19000244140625,84854700,SPY
2013-08-08,138.07806396484375,169.8000030517578,170.17999267578125,168.92999267578125,169.97999572753906,102181300,SPY
2013-08-09,137.67958068847656,169.30999755859375,170.10000610351562,168.72000122070312,169.5800018310547,91757700,SPY
2013-08-12,137.51698303222656,169.11000061035156,169.30999755859375,168.3800048828125,168.4600067138672,68593300,SPY
2013-08-13,137.9235382080078,169.61000061035156,169.89999389648438,168.41000366210938,169.41000366210938,80806000,SPY
2013-08-14,137.21609497070312,168.74000549316406,169.8000030517578,168.6999969482422,169.52999877929688,79829200,SPY
2013-08-15,135.2969970703125,166.3800048828125,167.42999267578125,166.08999633789062,167.41000366210938,152931800,SPY
2013-08-16,134.8497772216797,165.8300018310547,166.6300048828125,165.5,166.05999755859375,130868200,SPY
2013-08-19,133.98777770996094,164.77000427246094,166.2100067138672,164.75999450683594,165.63999938964844,96437600,SPY
2013-08-20,134.64645385742188,165.5800018310547,166.1999969482422,164.86000061035156,165.0399932861328,89294400,SPY
2013-08-21,133.8169708251953,164.55999755859375,166.02999877929688,164.19000244140625,165.1199951171875,159530500,SPY
2013-08-22,135.03677368164062,166.05999755859375,166.3000030517578,164.88999938964844,164.89999389648438,101471400,SPY
2013-08-23,135.4921417236328,166.6199951171875,166.8300018310547,165.77000427246094,166.5500030517578,90888900,SPY
2013-08-26,134.98789978027344,166.0,167.3000030517578,165.88999938964844,166.7899932861328,89702100,SPY
2013-08-27,132.81675720214844,163.3300018310547,166.0,163.2100067138672,164.36000061035156,158619400,SPY
2013-08-28,133.28842163085938,163.91000366210938,164.49000549316406,163.0500030517578,163.25999450683594,108113000,SPY
2013-08-29,133.49981689453125,164.1699981689453,165.0399932861328,163.39999389648438,163.5500030517578,119200500,SPY
2013-08-30,133.07696533203125,163.64999389648438,164.52999877929688,163.1699981689453,164.50999450683594,134928900,SPY
2013-09-03,133.67874145507812,164.38999938964844,165.5800018310547,163.6999969482422,165.22999572753906,142375100,SPY
2013-09-04,134.78466796875,165.75,166.02999877929688,164.1300048828125,164.42999267578125,97389400,SPY
2013-09-05,134.9554443359375,165.9600067138672,166.39999389648438,165.72999572753906,165.85000610351562,63090500,SPY
2013-09-06,135.02053833007812,166.0399932861328,166.97999572753906,164.47999572753906,166.50999450683594,159756500,SPY
2013-09-09,136.31349182128906,167.6300048828125,167.72999572753906,166.4499969482422,166.4499969482422,87559300,SPY
2013-09-10,137.3218231201172,168.8699951171875,168.89999389648438,168.25999450683594,168.63999938964844,105847200,SPY
2013-09-11,137.7527313232422,169.39999389648438,169.39999389648438,168.35000610351562,168.63999938964844,94545900,SPY
2013-09-12,137.38690185546875,168.9499969482422,169.55999755859375,168.72000122070312,169.33999633789062,83209000,SPY
2013-09-13,137.69589233398438,169.3300018310547,169.4600067138672,168.74000549316406,169.1300048828125,72727800,SPY
2013-09-16,138.49273681640625,170.30999755859375,171.24000549316406,170.0399932861328,171.16000366210938,106299200,SPY
2013-09-17,139.11082458496094,171.07000732421875,171.11000061035156,170.4600067138672,170.4600067138672,82523300,SPY
2013-09-18,140.72091674804688,173.0500030517578,173.52000427246094,170.5800018310547,171.00999450683594,203460600,SPY
2013-09-19,140.485107421875,172.75999450683594,173.60000610351562,172.58999633789062,173.52000427246094,146616900,SPY
2013-09-20,139.50286865234375,170.72000122070312,172.3300018310547,170.5800018310547,172.3300018310547,132867100,SPY
2013-09-23,138.85733032226562,169.92999267578125,170.64999389648438,169.38999938964844,170.49000549316406,104616500,SPY
2013-09-24,138.5304412841797,169.52999877929688,170.52999877929688,169.2100067138672,169.89999389648438,106333100,SPY
2013-09-25,138.13011169433594,169.0399932861328,169.97999572753906,168.88999938964844,169.63999938964844,117306500,SPY
2013-09-26,138.66123962402344,169.69000244140625,170.1699981689453,169.0500030517578,169.32000732421875,77146900,SPY
2013-09-27,138.0238037109375,168.91000366210938,169.13999938964844,168.47000122070312,168.83999633789062,99141800,SPY
2013-09-30,137.2884063720703,168.00999450683594,168.5399932861328,167.14999389648438,167.47999572753906,143937000,SPY
2013-10-01,138.3751678466797,169.33999633789062,169.5,167.97000122070312,168.13999938964844,127160000,SPY
2013-10-02,138.2444610595703,169.17999267578125,169.33999633789062,167.8300018310547,168.35000610351562,113350000,SPY
2013-10-03,136.96969604492188,167.6199951171875,168.94000244140625,166.83999633789062,168.7899932861328,176698000,SPY
2013-10-04,138.0074920654297,168.88999938964844,169.05999755859375,167.52999877929688,167.75,96878000,SPY
2013-10-07,136.81446838378906,167.42999267578125,168.4499969482422,167.25,167.4199981689453,96295000,SPY
2013-10-08,135.22105407714844,165.47999572753906,167.6199951171875,165.36000061035156,167.39999389648438,178015000,SPY
2013-10-09,135.31910705566406,165.60000610351562,166.1999969482422,164.52999877929688,165.8000030517578,168973000,SPY
2013-10-10,138.236328125,169.1699981689453,169.25999450683594,167.22999572753906,167.2899932861328,195955000,SPY
2013-10-11,139.12696838378906,170.25999450683594,170.32000732421875,168.77000427246094,168.91000366210938,105040000,SPY
2013-10-14,139.68264770507812,170.94000244140625,171.0800018310547,169.0800018310547,169.2100067138672,112106000,SPY
2013-10-15,138.66943359375,169.6999969482422,171.14999389648438,169.47000122070312,170.50999450683594,155485000,SPY
2013-10-16,140.6060333251953,172.07000732421875,172.16000366210938,170.63999938964844,170.72000122070312,161676000,SPY
2013-10-17,141.54574584960938,173.22000122070312,173.32000732421875,171.33999633789062,171.3699951171875,129389000,SPY
2013-10-18,142.50181579589844,174.38999938964844,174.50999450683594,173.50999450683594,173.86000061035156,138316000,SPY
2013-10-21,142.50991821289062,174.39999389648438,174.75,174.00999450683594,174.4499969482422,104104000,SPY
2013-10-22,143.33531188964844,175.41000366210938,175.92999267578125,174.42999267578125,174.91000366210938,126663000,SPY
2013-10-23,142.6488494873047,174.57000732421875,174.88999938964844,173.9600067138672,174.80999755859375,105484000,SPY
2013-10-24,143.12281799316406,175.14999389648438,175.3699951171875,174.50999450683594,174.9199981689453,70350000,SPY
2013-10-25,143.77650451660156,175.9499969482422,176.0,175.1699981689453,175.50999450683594,93625000,SPY
2013-10-28,144.00534057617188,176.22999572753906,176.47000122070312,175.6999969482422,175.88999938964844,84979000,SPY
2013-10-29,144.77345275878906,177.1699981689453,177.24000549316406,176.3800048828125,176.6300048828125,87401000,SPY
2013-10-30,144.0543212890625,176.2899932861328,177.50999450683594,175.66000366210938,177.3800048828125,140002000,SPY
2013-10-31,143.6458282470703,175.7899932861328,176.88999938964844,175.52999877929688,176.14999389648438,133795000,SPY
2013-11-01,143.9889678955078,176.2100067138672,176.61000061035156,175.22000122070312,176.02000427246094,142805000,SPY
2013-11-04,144.4956512451172,176.8300018310547,176.89999389648438,175.97999572753906,176.69000244140625,85677000,SPY
2013-11-05,144.03802490234375,176.27000427246094,176.75,175.57000732421875,176.13999938964844,85825000,SPY
2013-11-06,144.77345275878906,177.1699981689453,177.5,176.5399932861328,177.02999877929688,87348000,SPY
2013-11-07,142.94308471679688,174.92999267578125,177.63999938964844,174.75999450683594,177.5,157000000,SPY
2013-11-08,144.8715362548828,177.2899932861328,177.30999755859375,174.85000610351562,174.8699951171875,136713000,SPY
2013-11-11,144.8960418701172,177.32000732421875,177.52999877929688,176.91000366210938,177.1199951171875,62614000,SPY
2013-11-12,144.6018829345703,176.9600067138672,177.36000061035156,176.3699951171875,176.94000244140625,83990000,SPY
2013-11-13,145.76217651367188,178.3800048828125,178.42999267578125,176.08999633789062,176.08999633789062,103844000,SPY
2013-11-14,146.48947143554688,179.27000427246094,179.4199981689453,178.25,178.5399932861328,103435000,SPY
2013-11-15,147.1268310546875,180.0500030517578,180.1199951171875,179.3300018310547,179.55999755859375,102818000,SPY
2013-11-18,146.6120147705078,179.4199981689453,180.5,179.02000427246094,180.35000610351562,104796000,SPY
2013-11-19,146.29336547851562,179.02999877929688,179.8699951171875,178.72000122070312,179.3300018310547,93891000,SPY
2013-11-20,145.83575439453125,178.47000122070312,179.92999267578125,177.97999572753906,179.38999938964844,124909000,SPY
2013-11-21,147.01243591308594,179.91000366210938,180.0500030517578,178.86000061035156,178.97000122070312,92841000,SPY
2013-11-22,147.7478485107422,180.80999755859375,180.8300018310547,179.77000427246094,179.97999572753906,81296000,SPY
2013-11-25,147.6007537841797,180.6300048828125,181.1699981689453,180.3699951171875,181.1300048828125,79486000,SPY
2013-11-26,147.64161682128906,180.67999267578125,181.22000122070312,180.41000366210938,180.72000122070312,86994000,SPY
2013-11-27,148.00115966796875,181.1199951171875,181.24000549316406,180.64999389648438,180.8699951171875,58800000,SPY
2013-11-29,147.90310668945312,181.0,181.75,180.8000030517578,181.32000732421875,55870900,SPY
2013-12-02,147.51904296875,180.52999877929688,181.42999267578125,180.25,181.08999633789062,99726000,SPY
2013-12-03,146.8816680908203,179.75,180.38999938964844,179.1699981689453,179.94000244140625,116563000,SPY
2013-12-04,146.86534118652344,179.72999572753906,180.47999572753906,178.35000610351562,179.10000610351562,123033000,SPY
2013-12-05,146.2198486328125,178.94000244140625,179.74000549316406,178.77000427246094,179.41000366210938,106934000,SPY
2013-12-06,147.85406494140625,180.94000244140625,181.11000061035156,180.14999389648438,180.6699981689453,127728000,SPY
2013-12-09,148.22994995117188,181.39999389648438,181.6699981689453,181.16000366210938,181.47000122070312,70124000,SPY
2013-12-10,147.69882202148438,180.75,181.36000061035156,180.63999938964844,180.97999572753906,80976000,SPY
2013-12-11,146.04002380371094,178.72000122070312,180.85000610351562,178.5,180.82000732421875,130591000,SPY
2013-12-12,145.5579376220703,178.1300048828125,178.86000061035156,177.75999450683594,178.63999938964844,115565000,SPY
2013-12-13,145.5415802001953,178.11000061035156,178.66000366210938,177.77000427246094,178.5,107808000,SPY
2013-12-16,146.44859313964844,179.22000122070312,179.80999755859375,178.89999389648438,178.9499969482422,96195000,SPY
2013-12-17,145.98275756835938,178.64999389648438,179.41000366210938,178.25,179.3800048828125,89886000,SPY
2013-12-18,148.47508239746094,181.6999969482422,181.72999572753906,177.32000732421875,178.9199981689453,234906000,SPY
2013-12-19,148.30352783203125,181.49000549316406,181.6999969482422,180.7100067138672,181.17999267578125,136531200,SPY
2013-12-20,149.1661834716797,181.55999755859375,181.99000549316406,180.57000732421875,180.69000244140625,197087000,SPY
2013-12-23,149.9630889892578,182.52999877929688,182.63999938964844,182.07000732421875,182.4499969482422,85598000,SPY
2013-12-24,150.29176330566406,182.92999267578125,183.00999450683594,182.52999877929688,182.5399932861328,45368800,SPY
2013-12-26,151.05584716796875,183.86000061035156,183.9600067138672,183.32000732421875,183.33999633789062,63365000,SPY
2013-12-27,151.0475616455078,183.85000610351562,184.17999267578125,183.66000366210938,184.10000610351562,61814000,SPY
2013-12-30,151.02291870117188,183.82000732421875,184.02000427246094,183.5800018310547,183.8699951171875,56857000,SPY
2013-12-31,151.73773193359375,184.69000244140625,184.69000244140625,183.92999267578125,184.07000732421875,86119900,SPY
2014-01-02,150.28353881835938,182.9199981689453,184.07000732421875,182.47999572753906,183.97999572753906,119636900,SPY
2014-01-03,150.25885009765625,182.88999938964844,183.60000610351562,182.6300048828125,183.22999572753906,81390600,SPY
2014-01-06,149.823486328125,182.36000061035156,183.55999755859375,182.0800018310547,183.49000549316406,108028200,SPY
2014-01-07,150.74359130859375,183.47999572753906,183.7899932861328,182.9499969482422,183.08999633789062,86144200,SPY
2014-01-08,150.7764892578125,183.52000427246094,183.8300018310547,182.88999938964844,183.4499969482422,96582300,SPY
2014-01-09,150.87506103515625,183.63999938964844,184.1300048828125,182.8000030517578,184.11000061035156,90683400,SPY
2014-01-10,151.2858428955078,184.13999938964844,184.22000122070312,183.00999450683594,183.9499969482422,102026400,SPY
2014-01-13,149.27297973632812,181.69000244140625,184.17999267578125,181.33999633789062,183.6699981689453,149892000,SPY
2014-01-14,150.89971923828125,183.6699981689453,183.77000427246094,181.9499969482422,182.2899932861328,105016100,SPY
2014-01-15,151.71310424804688,184.66000366210938,184.94000244140625,183.7100067138672,184.10000610351562,98525800,SPY
2014-01-16,151.51593017578125,184.4199981689453,184.66000366210938,183.8300018310547,184.27999877929688,72290600,SPY
2014-01-17,150.87506103515625,183.63999938964844,184.4499969482422,183.32000732421875,184.10000610351562,107848700,SPY
2014-01-21,151.3187255859375,184.17999267578125,184.77000427246094,183.0500030517578,184.6999969482422,88621200,SPY
2014-01-22,151.41734313964844,184.3000030517578,184.57000732421875,183.91000366210938,184.49000549316406,61270900,SPY
2014-01-23,150.1767578125,182.7899932861328,183.39999389648438,181.82000732421875,183.3699951171875,132496900,SPY
2014-01-24,146.9725799560547,178.88999938964844,181.66000366210938,178.8300018310547,181.60000610351562,208677100,SPY
2014-01-27,146.2495574951172,178.00999450683594,179.52000427246094,177.1199951171875,179.05999755859375,180843100,SPY
2014-01-28,147.1204376220703,179.07000732421875,179.3000030517578,178.1199951171875,178.13999938964844,110463200,SPY
2014-01-29,145.7073211669922,177.35000610351562,178.5500030517578,176.8800048828125,177.5800018310547,216597300,SPY
2014-01-30,147.2519073486328,179.22999572753906,179.80999755859375,178.25999450683594,178.8300018310547,118938100,SPY
2014-01-31,146.3892364501953,178.17999267578125,179.2899932861328,176.9199981689453,177.00999450683594,194677900,SPY
2014-02-03,143.0946807861328,174.1699981689453,178.3699951171875,173.8300018310547,177.97000122070312,254837100,SPY
2014-02-04,144.09703063964844,175.38999938964844,175.83999633789062,174.11000061035156,174.9499969482422,165012400,SPY
2014-02-05,143.91622924804688,175.1699981689453,175.55999755859375,173.7100067138672,174.77999877929688,164230500,SPY
2014-02-06,145.81411743164062,177.47999572753906,177.47999572753906,175.22000122070312,175.5800018310547,132877600,SPY
2014-02-07,147.62159729003906,179.67999267578125,179.8699951171875,177.72999572753906,178.30999755859375,170787200,SPY
2014-02-10,147.89271545410156,180.00999450683594,180.07000732421875,179.2100067138672,179.6999969482422,92218800,SPY
2014-02-11,149.51124572753906,181.97999572753906,182.44000244140625,180.0399932861328,180.16000366210938,117814100,SPY
2014-02-12,149.585205078125,182.07000732421875,182.8300018310547,181.7100067138672,182.25,94717700,SPY
2014-02-13,150.35748291015625,183.00999450683594,183.1999969482422,180.8300018310547,180.83999633789062,100542200,SPY
2014-02-14,151.18724060058594,184.02000427246094,184.36000061035156,182.6699981689453,182.83999633789062,96498400,SPY
2014-02-18,151.3680419921875,184.24000549316406,184.49000549316406,183.64999389648438,184.17999267578125,80460900,SPY
2014-02-19,150.36566162109375,183.02000427246094,184.9499969482422,182.8699951171875,183.75999450683594,126524300,SPY
2014-02-20,151.25299072265625,184.10000610351562,184.52000427246094,182.60000610351562,183.27000427246094,104998100,SPY
2014-02-21,151.0804901123047,183.88999938964844,184.88999938964844,183.8000030517578,184.4499969482422,118116400,SPY
2014-02-24,151.91847229003906,184.91000366210938,186.14999389648438,184.1999969482422,184.27999877929688,114063900,SPY
2014-02-25,151.86093139648438,184.83999633789062,185.58999633789062,184.22999572753906,185.05999755859375,117085000,SPY
2014-02-26,151.86915588378906,184.85000610351562,185.60000610351562,184.3300018310547,185.11000061035156,98677200,SPY
2014-02-27,152.66612243652344,185.82000732421875,185.8699951171875,184.3699951171875,184.5800018310547,93880800,SPY
2014-02-28,153.05223083496094,186.2899932861328,187.14999389648438,185.0500030517578,185.7899932861328,150842000,SPY
2014-03-03,151.9759979248047,184.97999572753906,185.4499969482422,183.75,184.64999389648438,167748500,SPY
2014-03-04,154.1121063232422,187.5800018310547,187.97999572753906,186.75,186.7899932861328,167545900,SPY
2014-03-05,154.25172424316406,187.75,188.07000732421875,187.4499969482422,187.74000549316406,88376900,SPY
2014-03-06,154.60507202148438,188.17999267578125,188.61000061035156,187.77999877929688,188.2100067138672,82516500,SPY
2014-03-07,154.67079162597656,188.25999450683594,188.9600067138672,187.42999267578125,188.9600067138672,114513500,SPY
2014-03-10,154.58856201171875,188.16000366210938,188.22999572753906,187.0800018310547,187.97000122070312,74939200,SPY
2014-03-11,153.82452392578125,187.22999572753906,188.7100067138672,186.8000030517578,188.44000244140625,99009100,SPY
2014-03-12,153.8656005859375,187.27999877929688,187.35000610351562,185.89999389648438,186.32000732421875,104824400,SPY
2014-03-13,152.1402587890625,185.17999267578125,187.99000549316406,184.66000366210938,187.83999633789062,155014300,SPY
2014-03-14,151.71310424804688,184.66000366210938,185.8000030517578,184.44000244140625,184.85000610351562,153919600,SPY
2014-03-17,153.08511352539062,186.3300018310547,186.77000427246094,185.50999450683594,185.58999633789062,98359500,SPY
2014-03-18,154.1778106689453,187.66000366210938,187.91000366210938,186.50999450683594,186.7100067138672,101804600,SPY
2014-03-19,153.35621643066406,186.66000366210938,187.94000244140625,185.47000122070312,187.67999267578125,176267300,SPY
2014-03-20,154.25172424316406,187.75,187.88999938964844,185.9199981689453,186.25,117241000,SPY
2014-03-21,153.65350341796875,186.1999969482422,189.02000427246094,186.02999877929688,187.7100067138672,163128000,SPY
2014-03-24,153.01805114746094,185.42999267578125,187.07000732421875,184.6199951171875,186.83999633789062,121411000,SPY
2014-03-25,153.74424743652344,186.30999755859375,186.94000244140625,185.27000427246094,186.3699951171875,103852000,SPY
2014-03-26,152.63848876953125,184.97000122070312,187.33999633789062,184.9199981689453,187.0399932861328,119843000,SPY
2014-03-27,152.31663513183594,184.5800018310547,185.33999633789062,183.89999389648438,184.75,142383000,SPY
2014-03-28,153.0675506591797,185.49000549316406,186.4199981689453,185.0,185.11000061035156,101642000,SPY
2014-03-31,154.32186889648438,187.00999450683594,187.3000030517578,185.52000427246094,186.6699981689453,99745000,SPY
2014-04-01,155.34515380859375,188.25,188.36000061035156,187.0,187.6199951171875,89193000,SPY
2014-04-02,155.86502075195312,188.8800048828125,189.1300048828125,188.13999938964844,188.49000549316406,78774000,SPY
2014-04-03,155.65875244140625,188.6300048828125,189.22000122070312,188.0500030517578,189.1699981689453,77435000,SPY
2014-04-04,153.8185272216797,186.39999389648438,189.6999969482422,186.10000610351562,189.66000366210938,169381000,SPY
2014-04-07,152.11863708496094,184.33999633789062,186.25999450683594,183.9600067138672,185.9499969482422,140803000,SPY
2014-04-08,152.74578857421875,185.10000610351562,185.39999389648438,183.58999633789062,184.25999450683594,112660000,SPY
2014-04-09,154.38796997070312,187.08999633789062,187.14999389648438,185.05999755859375,185.60000610351562,100254000,SPY
2014-04-10,151.1448516845703,183.16000366210938,187.1699981689453,182.92999267578125,187.0800018310547,172959000,SPY
2014-04-11,149.78329467773438,181.50999450683594,183.4199981689453,181.30999755859375,182.13999938964844,167251000,SPY
2014-04-14,150.9633026123047,182.94000244140625,183.3699951171875,181.44000244140625,182.92999267578125,132382000,SPY
2014-04-15,152.0030975341797,184.1999969482422,184.3300018310547,181.50999450683594,183.32000732421875,157093000,SPY
2014-04-16,153.59571838378906,186.1300048828125,186.13999938964844,184.64999389648438,185.47000122070312,105197000,SPY
2014-04-17,153.81024169921875,186.38999938964844,186.91000366210938,185.55999755859375,185.8800048828125,105255000,SPY
2014-04-21,154.34666442871094,187.0399932861328,187.10000610351562,186.2100067138672,186.44000244140625,68329000,SPY
2014-04-22,155.048095703125,187.88999938964844,188.39999389648438,187.1300048828125,187.22999572753906,85790000,SPY
2014-04-23,154.68499755859375,187.4499969482422,187.9199981689453,187.3000030517578,187.82000732421875,73869000,SPY
2014-04-24,154.99855041503906,187.8300018310547,188.38999938964844,186.92999267578125,188.3699951171875,88170000,SPY
2014-04-25,153.72769165039062,186.2899932861328,187.3300018310547,185.8699951171875,187.22000122070312,100380000,SPY
2014-04-28,154.2145538330078,186.8800048828125,187.69000244140625,184.9600067138672,187.0500030517578,135121000,SPY
2014-04-29,154.9325408935547,187.75,188.0399932861328,187.0800018310547,187.47999572753906,84098000,SPY
2014-04-30,155.3946990966797,188.30999755859375,188.5,187.17999267578125,187.44000244140625,101508000,SPY
2014-05-01,155.41114807128906,188.3300018310547,188.83999633789062,187.72999572753906,188.22000122070312,93019000,SPY
2014-05-02,155.1883544921875,188.05999755859375,189.13999938964844,187.77999877929688,188.30999755859375,98122000,SPY
2014-05-05,155.48544311523438,188.4199981689453,188.5500030517578,186.6199951171875,187.13999938964844,75883000,SPY
2014-05-06,154.13209533691406,186.77999877929688,188.1300048828125,186.74000549316406,188.0,85454000,SPY
2014-05-07,155.03981018066406,187.8800048828125,187.97000122070312,186.00999450683594,187.41000366210938,106500000,SPY
2014-05-08,154.8748016357422,187.67999267578125,189.0500030517578,187.0800018310547,187.7100067138672,93618000,SPY
2014-05-09,155.10586547851562,187.9600067138672,188.0399932861328,186.8300018310547,187.7100067138672,83679000,SPY
2014-05-12,156.615966796875,189.7899932861328,189.8800048828125,188.0,188.8000030517578,86940000,SPY
2014-05-13,156.75625610351562,189.9600067138672,190.4199981689453,189.77000427246094,190.0399932861328,66454000,SPY
2014-05-14,156.01356506347656,189.05999755859375,189.8800048828125,188.7899932861328,189.7899932861328,72367000,SPY
2014-05-15,154.64373779296875,187.39999389648438,188.72000122070312,186.47999572753906,188.67999267578125,154956000,SPY
2014-05-16,155.18008422851562,188.0500030517578,188.1300048828125,186.72000122070312,187.50999450683594,97458000,SPY
2014-05-19,155.74949645996094,188.74000549316406,188.88999938964844,187.52000427246094,187.69000244140625,63839000,SPY
2014-05-20,154.7675323486328,187.5500030517578,188.6699981689453,187.07000732421875,188.64999389648438,111644000,SPY
2014-05-21,156.07131958007812,189.1300048828125,189.22000122070312,188.05999755859375,188.08999633789062,89093000,SPY
2014-05-22,156.4509735107422,189.58999633789062,189.97999572753906,188.86000061035156,189.17999267578125,61549000,SPY
2014-05-23,157.078125,190.35000610351562,190.47999572753906,189.58999633789062,189.75999450683594,61092800,SPY
2014-05-27,158.04356384277344,191.52000427246094,191.5800018310547,190.9499969482422,191.05999755859375,72010000,SPY
2014-05-28,157.92807006835938,191.3800048828125,191.82000732421875,191.05999755859375,191.52000427246094,66723000,SPY
2014-05-29,158.74496459960938,192.3699951171875,192.39999389648438,191.3300018310547,191.82000732421875,64377000,SPY
2014-05-30,159.0008544921875,192.67999267578125,192.8000030517578,192.02999877929688,192.19000244140625,76316000,SPY
2014-06-02,159.182373046875,192.89999389648438,192.99000549316406,191.97000122070312,192.9499969482422,64656000,SPY
2014-06-03,159.09982299804688,192.8000030517578,192.89999389648438,192.25,192.42999267578125,65047000,SPY
2014-06-04,159.4216766357422,193.19000244140625,193.3000030517578,192.27000427246094,192.47000122070312,55529000,SPY
2014-06-05,160.4614715576172,194.4499969482422,194.64999389648438,192.6999969482422,193.41000366210938,92103000,SPY
2014-06-06,161.2288818359375,195.3800048828125,195.42999267578125,194.77999877929688,194.8699951171875,78696000,SPY
2014-06-09,161.39393615722656,195.5800018310547,196.0500030517578,195.1699981689453,195.35000610351562,65119000,SPY
2014-06-10,161.41038513183594,195.60000610351562,195.63999938964844,194.9199981689453,195.33999633789062,57129000,SPY
2014-06-11,160.8492431640625,194.9199981689453,195.1199951171875,194.47999572753906,194.89999389648438,68772000,SPY
2014-06-12,159.7105255126953,193.5399932861328,194.8000030517578,193.11000061035156,194.69000244140625,106350000,SPY
2014-06-13,160.1973419189453,194.1300048828125,194.32000732421875,193.3000030517578,193.9199981689453,82017000,SPY
2014-06-16,160.32937622070312,194.2899932861328,194.6999969482422,193.66000366210938,193.88999938964844,87424000,SPY
2014-06-17,160.77499389648438,194.8300018310547,194.97000122070312,193.80999755859375,194.02000427246094,84834000,SPY
2014-06-18,161.95504760742188,196.25999450683594,196.3699951171875,194.39999389648438,194.8300018310547,105267000,SPY
2014-06-19,162.13658142089844,196.47999572753906,196.60000610351562,195.8000030517578,196.42999267578125,85929000,SPY
2014-06-20,162.46580505371094,195.94000244140625,196.10000610351562,195.6999969482422,196.02999877929688,100587000,SPY
2014-06-23,162.41610717773438,195.8800048828125,196.0500030517578,195.52000427246094,195.99000549316406,70611000,SPY
2014-06-24,161.4376678466797,194.6999969482422,196.5,194.47999572753906,195.52999877929688,96237000,SPY
2014-06-25,162.1672821044922,195.5800018310547,195.77999877929688,194.25,194.2899932861328,82782000,SPY
2014-06-26,162.05120849609375,195.44000244140625,195.6300048828125,194.1300048828125,195.61000061035156,84312000,SPY
2014-06-27,162.36627197265625,195.82000732421875,195.8800048828125,194.88999938964844,194.97999572753906,71445100,SPY
2014-06-30,162.2833709716797,195.72000122070312,196.1699981689453,195.52999877929688,195.6999969482422,70201200,SPY
2014-07-01,163.36956787109375,197.02999877929688,197.6300048828125,196.1300048828125,196.1999969482422,90470000,SPY
2014-07-02,163.535400390625,197.22999572753906,197.47999572753906,196.9600067138672,197.0500030517578,52475000,SPY
2014-07-03,164.33966064453125,198.1999969482422,198.2899932861328,197.63999938964844,197.7899932861328,52938800,SPY
2014-07-07,163.76756286621094,197.50999450683594,197.97999572753906,197.22000122070312,197.82000732421875,61696000,SPY
2014-07-08,162.71453857421875,196.24000549316406,197.22000122070312,195.75999450683594,197.14999389648438,108143000,SPY
2014-07-09,163.44419860839844,197.1199951171875,197.3000030517578,196.30999755859375,196.72999572753906,72992000,SPY
2014-07-10,162.7974395751953,196.33999633789062,196.86000061035156,195.05999755859375,195.22000122070312,99040000,SPY
2014-07-11,163.021240234375,196.61000061035156,196.75,195.77999877929688,196.22000122070312,64243000,SPY
2014-07-14,163.8422088623047,197.60000610351562,197.86000061035156,197.44000244140625,197.61000061035156,58658000,SPY
2014-07-15,163.535400390625,197.22999572753906,198.10000610351562,196.36000061035156,197.72000122070312,111307000,SPY
2014-07-16,164.14071655273438,197.9600067138672,198.25999450683594,197.4199981689453,198.11000061035156,79986400,SPY
2014-07-17,162.2750701904297,195.7100067138672,198.10000610351562,195.42999267578125,197.35000610351562,145398000,SPY
2014-07-18,163.93338012695312,197.7100067138672,197.91000366210938,196.24000549316406,196.35000610351562,124330000,SPY
2014-07-21,163.62661743164062,197.33999633789062,197.5,196.42999267578125,197.08999633789062,67592000,SPY
2014-07-22,164.33966064453125,198.1999969482422,198.55999755859375,197.8699951171875,198.00999450683594,67678000,SPY
2014-07-23,164.7045440673828,198.63999938964844,198.85000610351562,198.10000610351562,198.5,65612000,SPY
2014-07-24,164.7128143310547,198.64999389648438,199.05999755859375,198.4499969482422,198.8300018310547,56888000,SPY
2014-07-25,163.94168090820312,197.72000122070312,198.25999450683594,197.3300018310547,198.08999633789062,76837000,SPY
2014-07-28,164.0080108642578,197.8000030517578,198.08999633789062,196.6199951171875,197.75999450683594,69259000,SPY
2014-07-29,163.30322265625,196.9499969482422,198.4499969482422,196.9199981689453,198.1699981689453,80466000,SPY
2014-07-30,163.32809448242188,196.97999572753906,197.91000366210938,196.16000366210938,197.64999389648438,104222000,SPY
2014-07-31,160.1026611328125,193.08999633789062,195.77999877929688,192.97000122070312,195.61000061035156,183479000,SPY
2014-08-01,159.61349487304688,192.5,193.75999450683594,191.57000732421875,192.55999755859375,189261000,SPY
2014-08-04,160.7659912109375,193.88999938964844,194.3000030517578,192.0500030517578,192.8699951171875,91340000,SPY
2014-08-05,159.20713806152344,192.00999450683594,193.60000610351562,191.30999755859375,193.10000610351562,152690000,SPY
2014-08-06,159.25692749023438,192.07000732421875,192.88999938964844,191.0800018310547,191.11000061035156,94818000,SPY
2014-08-07,158.39459228515625,191.02999877929688,193.1300048828125,190.5500030517578,192.94000244140625,135733000,SPY
2014-08-08,160.22706604003906,193.24000549316406,193.3699951171875,190.9499969482422,191.4600067138672,117014000,SPY
2014-08-11,160.6913604736328,193.8000030517578,194.66000366210938,193.7100067138672,193.97000122070312,74544000,SPY
2014-08-12,160.46755981445312,193.52999877929688,194.14999389648438,192.94000244140625,193.61000061035156,73632000,SPY
2014-08-13,161.55369567871094,194.83999633789062,195.05999755859375,193.9600067138672,194.2899932861328,69047000,SPY
2014-08-14,162.31654357910156,195.75999450683594,195.75999450683594,194.97999572753906,195.16000366210938,57371000,SPY
2014-08-15,162.2833709716797,195.72000122070312,196.64999389648438,194.30999755859375,196.47000122070312,139951000,SPY
2014-08-18,163.64315795898438,197.36000061035156,197.4499969482422,196.69000244140625,196.8000030517578,75424000,SPY
2014-08-19,164.4972381591797,198.38999938964844,198.5399932861328,197.44000244140625,197.83999633789062,59135000,SPY
2014-08-20,164.93667602539062,198.9199981689453,199.16000366210938,198.0800018310547,198.1199951171875,72763000,SPY
2014-08-21,165.41758728027344,199.5,199.75999450683594,198.92999267578125,199.08999633789062,67791000,SPY
2014-08-22,165.16058349609375,199.19000244140625,199.69000244140625,198.74000549316406,199.33999633789062,76107000,SPY
2014-08-25,165.99803161621094,200.1999969482422,200.58999633789062,199.14999389648438,200.13999938964844,63855000,SPY
2014-08-26,166.10580444335938,200.3300018310547,200.82000732421875,200.27999877929688,200.3300018310547,47298000,SPY
2014-08-27,166.0394744873047,200.25,200.57000732421875,199.94000244140625,200.42999267578125,47874000,SPY
2014-08-28,165.9482879638672,200.13999938964844,200.27000427246094,199.38999938964844,199.58999633789062,58330000,SPY
2014-08-29,166.42091369628906,200.7100067138672,200.72999572753906,199.82000732421875,200.4499969482422,65907000,SPY
2014-09-02,166.3379669189453,200.61000061035156,201.0,199.86000061035156,200.97000122070312,72426000,SPY
2014-09-03,166.24671936035156,200.5,201.41000366210938,200.22000122070312,201.3800048828125,57462000,SPY
2014-09-04,166.0063018798828,200.2100067138672,201.5800018310547,199.66000366210938,200.83999633789062,85236000,SPY
2014-09-05,166.75257873535156,201.11000061035156,201.19000244140625,199.41000366210938,200.1699981689453,102177000,SPY
2014-09-08,166.32139587402344,200.58999633789062,201.2100067138672,200.0,200.9199981689453,64146000,SPY
2014-09-09,165.26837158203125,199.32000732421875,200.5500030517578,198.91000366210938,200.41000366210938,88591000,SPY
2014-09-10,165.8902587890625,200.07000732421875,200.1999969482422,198.77000427246094,199.42999267578125,67251000,SPY
2014-09-11,166.0808868408203,200.3000030517578,200.3300018310547,199.1199951171875,199.27000427246094,66774400,SPY
2014-09-12,165.11083984375,199.1300048828125,200.1199951171875,198.55999755859375,200.10000610351562,117409300,SPY
2014-09-15,164.98643493652344,198.97999572753906,199.32000732421875,198.3800048828125,199.16000366210938,76401000,SPY
2014-09-16,166.2301788330078,200.47999572753906,200.83999633789062,198.5,198.61000061035156,116201000,SPY
2014-09-17,166.45404052734375,200.75,201.67999267578125,199.75,200.77000427246094,151266000,SPY
2014-09-18,167.34129333496094,201.82000732421875,201.85000610351562,201.10000610351562,201.36000061035156,94990000,SPY
2014-09-19,167.1904754638672,200.6999969482422,201.89999389648438,200.2899932861328,201.52000427246094,121649000,SPY
2014-09-22,165.8992462158203,199.14999389648438,200.3800048828125,198.72999572753906,200.35000610351562,125553000,SPY
2014-09-23,164.94956970214844,198.00999450683594,199.25999450683594,197.9499969482422,198.42999267578125,111393000,SPY
2014-09-24,166.2408447265625,199.55999755859375,199.69000244140625,197.52000427246094,198.0399932861328,107276000,SPY
2014-09-25,163.5584259033203,196.33999633789062,199.0500030517578,196.27000427246094,199.0399932861328,150300000,SPY
2014-09-26,164.85794067382812,197.89999389648438,198.38999938964844,196.4199981689453,196.6999969482422,103547000,SPY
2014-09-29,164.5580291748047,197.5399932861328,197.88999938964844,196.0500030517578,196.1999969482422,95112000,SPY
2014-09-30,164.1249237060547,197.02000427246094,198.3000030517578,196.61000061035156,197.69000244140625,131302000,SPY
2014-10-01,161.90069580078125,194.35000610351562,196.77000427246094,193.91000366210938,196.6999969482422,177798000,SPY
2014-10-02,161.92567443847656,194.3800048828125,195.05999755859375,192.35000610351562,194.17999267578125,157285000,SPY
2014-10-03,163.70835876464844,196.52000427246094,196.94000244140625,195.0800018310547,195.67999267578125,121569000,SPY
2014-10-06,163.51678466796875,196.2899932861328,197.60000610351562,195.5800018310547,197.33999633789062,104778000,SPY
2014-10-07,160.99269104003906,193.25999450683594,195.72000122070312,193.22000122070312,195.27999877929688,147913000,SPY
2014-10-08,163.80833435058594,196.63999938964844,196.9199981689453,192.36000061035156,193.3699951171875,186461000,SPY
2014-10-09,160.5594940185547,192.74000549316406,196.60000610351562,192.5800018310547,196.3300018310547,210705000,SPY
2014-10-10,158.72677612304688,190.5399932861328,193.64999389648438,190.49000549316406,192.69000244140625,221909000,SPY
2014-10-13,156.11941528320312,187.41000366210938,191.14999389648438,187.3000030517578,190.4600067138672,230939000,SPY
2014-10-14,156.36099243164062,187.6999969482422,189.82000732421875,187.0399932861328,188.4199981689453,215847000,SPY
2014-10-15,155.30308532714844,186.42999267578125,187.69000244140625,181.9199981689453,185.16000366210938,380715000,SPY
2014-10-16,155.16976928710938,186.27000427246094,187.5800018310547,182.88999938964844,183.05999755859375,270391000,SPY
2014-10-17,157.00241088867188,188.47000122070312,189.75,187.6199951171875,188.4199981689453,214625000,SPY
2014-10-20,158.52688598632812,190.3000030517578,190.4499969482422,188.07000732421875,188.1300048828125,130011000,SPY
2014-10-21,161.66744995117188,194.07000732421875,194.1999969482422,191.47999572753906,191.67999267578125,154949000,SPY
2014-10-22,160.51788330078125,192.69000244140625,194.91000366210938,192.61000061035156,194.41000366210938,151822000,SPY
2014-10-23,162.38381958007812,194.92999267578125,196.1999969482422,194.25999450683594,194.6199951171875,154944000,SPY
2014-10-24,163.6333770751953,196.42999267578125,196.49000549316406,194.49000549316406,195.25,117927000,SPY
2014-10-27,163.40847778320312,196.16000366210938,196.4499969482422,195.02999877929688,195.72999572753906,82954000,SPY
2014-10-28,165.2828369140625,198.41000366210938,198.4199981689453,196.72999572753906,196.82000732421875,106736000,SPY
2014-10-29,165.03286743164062,198.11000061035156,199.1199951171875,196.8000030517578,198.5500030517578,142557000,SPY
2014-10-30,166.0908660888672,199.3800048828125,199.9499969482422,197.39999389648438,197.5800018310547,113330000,SPY
2014-10-31,167.99017333984375,201.66000366210938,201.82000732421875,200.77000427246094,201.77999877929688,146903000,SPY
2014-11-03,168.08181762695312,201.77000427246094,202.4499969482422,201.30999755859375,201.9199981689453,93600000,SPY
2014-11-04,167.4986572265625,201.07000732421875,201.60000610351562,200.05999755859375,201.22999572753906,93343000,SPY
2014-11-05,168.55665588378906,202.33999633789062,202.58999633789062,201.4499969482422,202.5399932861328,91709000,SPY
2014-11-06,169.23138427734375,203.14999389648438,203.25999450683594,201.63999938964844,202.38999938964844,107089000,SPY
2014-11-07,169.3897247314453,203.33999633789062,203.60000610351562,202.61000061035156,203.1699981689453,89540000,SPY
2014-11-10,169.9228057861328,203.97999572753906,204.0399932861328,203.1300048828125,203.3800048828125,66319000,SPY
2014-11-11,170.08941650390625,204.17999267578125,204.30999755859375,203.64999389648438,204.05999755859375,54499400,SPY
2014-11-12,169.90615844726562,203.9600067138672,204.24000549316406,203.30999755859375,203.35000610351562,90120300,SPY
2014-11-13,170.09780883789062,204.19000244140625,204.8300018310547,203.2100067138672,204.16000366210938,85357900,SPY
2014-11-14,170.139404296875,204.24000549316406,204.49000549316406,203.72000122070312,204.10000610351562,80417500,SPY
2014-11-17,170.24774169921875,204.3699951171875,204.5800018310547,203.64999389648438,203.85000610351562,80441000,SPY
2014-11-18,171.23068237304688,205.5500030517578,205.9199981689453,204.44000244140625,204.44000244140625,76068100,SPY
2014-11-19,170.95578002929688,205.22000122070312,205.5500030517578,204.3000030517578,205.30999755859375,82373000,SPY
2014-11-20,171.2556915283203,205.5800018310547,205.7100067138672,204.17999267578125,204.25999450683594,72840300,SPY
2014-11-21,172.1719970703125,206.67999267578125,207.83999633789062,205.97999572753906,207.63999938964844,142327300,SPY
2014-11-24,172.65518188476562,207.25999450683594,207.38999938964844,206.91000366210938,207.1699981689453,65880800,SPY
2014-11-25,172.53025817871094,207.11000061035156,207.7899932861328,206.8000030517578,207.5399932861328,79108300,SPY
2014-11-26,172.9717254638672,207.63999938964844,207.75999450683594,207.02999877929688,207.2899932861328,62167800,SPY
2014-11-28,172.60519409179688,207.1999969482422,207.8699951171875,206.91000366210938,207.49000549316406,57890100,SPY
2014-12-01,171.40565490722656,205.75999450683594,206.5399932861328,205.3800048828125,206.39999389648438,103968400,SPY
2014-12-02,172.5135955810547,207.08999633789062,207.33999633789062,205.77999877929688,205.80999755859375,74507200,SPY
2014-12-03,173.1800079345703,207.88999938964844,208.14999389648438,207.10000610351562,207.3000030517578,68952000,SPY
2014-12-04,172.98843383789062,207.66000366210938,208.27000427246094,206.6999969482422,207.5399932861328,91316600,SPY
2014-12-05,173.2716522216797,208.0,208.47000122070312,207.5500030517578,207.8699951171875,91025500,SPY
2014-12-08,172.11373901367188,206.61000061035156,208.1199951171875,205.92999267578125,207.52000427246094,108588200,SPY
2014-12-09,171.99705505371094,206.47000122070312,206.60000610351562,203.91000366210938,204.3699951171875,125180100,SPY
2014-12-10,169.23974609375,203.16000366210938,205.97999572753906,202.92999267578125,205.91000366210938,159856400,SPY
2014-12-11,170.09780883789062,204.19000244140625,206.19000244140625,203.7100067138672,203.8800048828125,159012800,SPY
2014-12-12,167.3488006591797,200.88999938964844,203.82000732421875,200.85000610351562,202.63999938964844,202330200,SPY
2014-12-15,166.19915771484375,199.50999450683594,202.52999877929688,198.77999877929688,201.97999572753906,189965800,SPY
2014-12-16,164.86630249023438,197.91000366210938,202.39999389648438,197.86000061035156,198.5800018310547,259543800,SPY
2014-12-17,168.09848022460938,201.7899932861328,202.33999633789062,198.2899932861328,198.44000244140625,253910100,SPY
2014-12-18,172.2552947998047,206.77999877929688,212.97000122070312,203.9199981689453,204.74000549316406,257633900,SPY
2014-12-19,172.98829650878906,206.52000427246094,207.3300018310547,205.61000061035156,206.42999267578125,245084600,SPY
2014-12-22,173.78396606445312,207.47000122070312,207.47000122070312,206.4600067138672,206.75,148318900,SPY
2014-12-23,174.01856994628906,207.75,208.22999572753906,207.39999389648438,208.1699981689453,122167900,SPY
2014-12-24,174.03530883789062,207.77000427246094,208.33999633789062,207.72000122070312,208.02000427246094,42963400,SPY
2014-12-26,174.5965118408203,208.44000244140625,208.85000610351562,208.25,208.30999755859375,57326700,SPY
2014-12-29,174.83106994628906,208.72000122070312,208.97000122070312,208.13999938964844,208.22000122070312,79643900,SPY
2014-12-30,173.89292907714844,207.60000610351562,208.3699951171875,207.50999450683594,208.2100067138672,73540800,SPY
2014-12-31,172.1674041748047,205.5399932861328,208.19000244140625,205.38999938964844,207.99000549316406,130333800,SPY
2015-01-02,172.0752410888672,205.42999267578125,206.8800048828125,204.17999267578125,206.3800048828125,121465900,SPY
2015-01-05,168.9675750732422,201.72000122070312,204.3699951171875,201.35000610351562,204.1699981689453,169632600,SPY
2015-01-06,167.37611389160156,199.82000732421875,202.72000122070312,198.86000061035156,202.08999633789062,209151400,SPY
2015-01-07,169.4618377685547,202.30999755859375,202.72000122070312,200.8800048828125,201.4199981689453,125346700,SPY
2015-01-08,172.46893310546875,205.89999389648438,206.16000366210938,203.99000549316406,204.00999450683594,147217800,SPY
2015-01-09,171.0868377685547,204.25,206.4199981689453,203.50999450683594,206.39999389648438,158567300,SPY
2015-01-12,169.74661254882812,202.64999389648438,204.60000610351562,201.9199981689453,204.41000366210938,144396100,SPY
2015-01-13,169.26918029785156,202.0800018310547,205.47999572753906,200.50999450683594,204.1199951171875,214553300,SPY
2015-01-14,168.2472686767578,200.86000061035156,201.10000610351562,198.57000732421875,199.64999389648438,192991100,SPY
2015-01-15,166.7060089111328,199.02000427246094,202.00999450683594,198.8800048828125,201.6300048828125,176613900,SPY
2015-01-16,168.89222717285156,201.6300048828125,201.82000732421875,198.5500030517578,198.77000427246094,211879600,SPY
2015-01-20,169.25241088867188,202.05999755859375,202.72000122070312,200.1699981689453,202.39999389648438,130991100,SPY
2015-01-21,170.10682678222656,203.0800018310547,203.66000366210938,200.94000244140625,201.5,122942700,SPY
2015-01-22,172.63644409179688,206.10000610351562,206.25999450683594,202.3300018310547,203.99000549316406,174356000,SPY
2015-01-23,171.68991088867188,204.97000122070312,206.10000610351562,204.80999755859375,205.7899932861328,117516800,SPY
2015-01-26,172.09201049804688,205.4499969482422,205.55999755859375,203.85000610351562,204.7100067138672,92009700,SPY
2015-01-27,169.82199096679688,202.74000549316406,204.1199951171875,201.74000549316406,202.97000122070312,134044600,SPY
2015-01-28,167.64410400390625,200.13999938964844,204.2899932861328,199.91000366210938,204.1699981689453,168514300,SPY
2015-01-29,169.19378662109375,201.99000549316406,202.3000030517578,198.67999267578125,200.3800048828125,173585400,SPY
2015-01-30,167.0662078857422,199.4499969482422,202.1699981689453,199.1300048828125,200.57000732421875,197729700,SPY
2015-02-02,169.1351318359375,201.9199981689453,202.02999877929688,197.86000061035156,200.0500030517578,163107000,SPY
2015-02-03,171.58103942871094,204.83999633789062,204.85000610351562,202.5500030517578,203.0,124212900,SPY
2015-02-04,170.92767333984375,204.05999755859375,205.3800048828125,203.50999450683594,203.9199981689453,134306700,SPY
2015-02-05,172.65321350097656,206.1199951171875,206.3000030517578,204.77000427246094,204.86000061035156,97953200,SPY
2015-02-06,172.17572021484375,205.5500030517578,207.24000549316406,204.9199981689453,206.55999755859375,125672000,SPY
2015-02-09,171.40516662597656,204.6300048828125,205.63999938964844,204.13999938964844,204.77000427246094,87219000,SPY
2015-02-10,173.2311553955078,206.80999755859375,207.1199951171875,204.67999267578125,205.8800048828125,96164200,SPY
2015-02-11,173.3317108154297,206.92999267578125,207.4499969482422,205.8300018310547,206.61000061035156,91087800,SPY
2015-02-12,174.99853515625,208.9199981689453,208.99000549316406,206.97000122070312,207.88999938964844,97545900,SPY
2015-02-13,175.71897888183594,209.77999877929688,209.83999633789062,208.75999450683594,209.07000732421875,93670400,SPY
2015-02-17,175.995361328125,210.11000061035156,210.32000732421875,209.10000610351562,209.39999389648438,76968200,SPY
2015-02-18,176.01210021972656,210.1300048828125,210.22000122070312,209.33999633789062,209.66000366210938,80652900,SPY
2015-02-19,175.886474609375,209.97999572753906,210.4199981689453,209.24000549316406,209.41000366210938,91462500,SPY
2015-02-20,176.94187927246094,211.24000549316406,211.3300018310547,208.72999572753906,209.47999572753906,140896400,SPY
2015-02-23,176.91673278808594,211.2100067138672,211.2100067138672,210.47999572753906,210.94000244140625,74411100,SPY
2015-02-24,177.41934204101562,211.80999755859375,212.0500030517578,210.75999450683594,211.1199951171875,72472300,SPY
2015-02-25,177.26856994628906,211.6300048828125,212.24000549316406,211.22000122070312,211.66000366210938,73061700,SPY
2015-02-26,177.05917358398438,211.3800048828125,211.7100067138672,210.64999389648438,211.52000427246094,72697900,SPY
2015-02-27,176.45606994628906,210.66000366210938,211.5800018310547,210.60000610351562,211.25999450683594,108076000,SPY
2015-03-02,177.5701446533203,211.99000549316406,212.05999755859375,210.72000122070312,210.77999877929688,87491400,SPY
2015-03-03,176.8413543701172,211.1199951171875,212.0500030517578,210.0800018310547,211.47000122070312,110325800,SPY
2015-03-04,176.09593200683594,210.22999572753906,210.49000549316406,209.05999755859375,210.39999389648438,114497200,SPY
2015-03-05,176.28851318359375,210.4600067138672,210.8000030517578,209.85000610351562,210.6199951171875,76873000,SPY
2015-03-06,173.8091583251953,207.5,209.94000244140625,207.10000610351562,209.4199981689453,188128000,SPY
2015-03-09,174.52952575683594,208.36000061035156,208.7899932861328,207.5500030517578,207.74000549316406,89818900,SPY
2015-03-10,171.6983184814453,204.97999572753906,206.80999755859375,204.92999267578125,206.7100067138672,157121300,SPY
2015-03-11,171.2963104248047,204.5,205.5,204.39999389648438,205.2899932861328,110145700,SPY
2015-03-12,173.47410583496094,207.10000610351562,207.17999267578125,205.1999969482422,205.25999450683594,93993500,SPY
2015-03-13,172.4102783203125,205.8300018310547,207.92999267578125,204.5800018310547,206.77000427246094,162410900,SPY
2015-03-16,174.71383666992188,208.5800018310547,208.69000244140625,205.86000061035156,206.7100067138672,136099200,SPY
2015-03-17,174.19444274902344,207.9600067138672,208.4199981689453,206.97999572753906,207.69000244140625,94510400,SPY
2015-03-18,176.28851318359375,210.4600067138672,211.27000427246094,206.6199951171875,207.38999938964844,228808500,SPY
2015-03-19,175.4844512939453,209.5,210.47000122070312,209.02999877929688,209.9600067138672,117917300,SPY
2015-03-20,177.03338623046875,210.41000366210938,211.02000427246094,209.49000549316406,209.7100067138672,177715100,SPY
2015-03-23,176.6884002685547,210.0,211.11000061035156,210.0,210.4199981689453,71784500,SPY
2015-03-24,175.6956024169922,208.82000732421875,210.39999389648438,208.74000549316406,209.85000610351562,77805300,SPY
2015-03-25,173.12098693847656,205.75999450683594,209.35000610351562,205.7100067138672,209.07000732421875,159521700,SPY
2015-03-26,172.70872497558594,205.27000427246094,206.3699951171875,204.1199951171875,204.9600067138672,153067200,SPY
2015-03-27,173.1041717529297,205.74000549316406,205.9499969482422,204.89999389648438,205.1300048828125,118939000,SPY
2015-03-30,175.216064453125,208.25,208.61000061035156,206.9600067138672,206.97999572753906,96180400,SPY
2015-03-31,173.68472290039062,206.42999267578125,208.10000610351562,206.36000061035156,207.25999450683594,126768700,SPY
2015-04-01,173.07049560546875,205.6999969482422,206.4199981689453,204.50999450683594,206.38999938964844,137303600,SPY
2015-04-02,173.6931610107422,206.44000244140625,206.97999572753906,205.39999389648438,205.6199951171875,86900900,SPY
2015-04-06,174.86260986328125,207.8300018310547,208.4499969482422,205.2100067138672,205.3699951171875,114368200,SPY
2015-04-07,174.39988708496094,207.27999877929688,208.75999450683594,207.24000549316406,207.86000061035156,81236300,SPY
2015-04-08,174.98883056640625,207.97999572753906,208.50999450683594,207.0800018310547,207.5500030517578,89351900,SPY
2015-04-09,175.76287841796875,208.89999389648438,209.17999267578125,207.19000244140625,207.77999877929688,85548900,SPY
2015-04-10,176.72210693359375,210.0399932861328,210.08999633789062,208.9600067138672,209.1999969482422,72722900,SPY
2015-04-13,175.9227752685547,209.08999633789062,210.6300048828125,209.02999877929688,209.8699951171875,74436600,SPY
2015-04-14,176.2593536376953,209.49000549316406,209.7100067138672,208.10000610351562,208.85000610351562,75099900,SPY
2015-04-15,177.05020141601562,210.42999267578125,211.0399932861328,209.9499969482422,210.0500030517578,99529300,SPY
2015-04-16,176.99972534179688,210.3699951171875,210.97999572753906,209.7899932861328,210.02999877929688,68934900,SPY
2015-04-17,174.96356201171875,207.9499969482422,209.22999572753906,207.00999450683594,208.94000244140625,191113200,SPY
2015-04-20,176.56222534179688,209.85000610351562,210.25,208.9600067138672,209.05999755859375,92189500,SPY
2015-04-21,176.3518829345703,209.60000610351562,210.86000061035156,209.24000549316406,210.6699981689453,72559800,SPY
2015-04-22,177.21853637695312,210.6300048828125,210.85000610351562,208.89999389648438,210.00999450683594,78264600,SPY
2015-04-23,177.66445922851562,211.16000366210938,211.94000244140625,210.00999450683594,210.14999389648438,102585900,SPY
2015-04-24,178.07672119140625,211.64999389648438,211.97000122070312,211.11000061035156,211.66000366210938,61327400,SPY
2015-04-27,177.3362579345703,210.77000427246094,212.47999572753906,210.5399932861328,212.3300018310547,79358100,SPY
2015-04-28,177.90000915527344,211.44000244140625,211.5,209.3300018310547,210.74000549316406,86863500,SPY
2015-04-29,177.16799926757812,210.57000732421875,211.2899932861328,209.60000610351562,210.3699951171875,125684900,SPY
2015-04-30,175.39266967773438,208.4600067138672,210.35000610351562,207.6199951171875,209.8800048828125,161304900,SPY
2015-05-01,177.29425048828125,210.72000122070312,210.77000427246094,209.27999877929688,209.39999389648438,103399700,SPY
2015-05-04,177.799072265625,211.32000732421875,212.02000427246094,211.10000610351562,211.22999572753906,70927200,SPY
2015-05-05,175.76287841796875,208.89999389648438,211.4600067138672,208.72999572753906,211.02999877929688,113326200,SPY
2015-05-06,175.039306640625,208.0399932861328,209.92999267578125,206.75999450683594,209.55999755859375,135060200,SPY
2015-05-07,175.73768615722656,208.8699951171875,209.3800048828125,207.52000427246094,207.9199981689453,88244900,SPY
2015-05-08,178.05140686035156,211.6199951171875,211.86000061035156,210.77999877929688,210.8800048828125,155877300,SPY
2015-05-11,177.20164489746094,210.61000061035156,211.88999938964844,210.52000427246094,211.57000732421875,75708100,SPY
2015-05-12,176.67161560058594,209.97999572753906,210.6300048828125,208.6199951171875,209.61000061035156,119727600,SPY
2015-05-13,176.7052764892578,210.02000427246094,211.22000122070312,209.74000549316406,210.47000122070312,94667900,SPY
2015-05-14,178.5478973388672,212.2100067138672,212.32000732421875,210.91000366210938,211.24000549316406,95934000,SPY
2015-05-15,178.74139404296875,212.44000244140625,212.61000061035156,211.86000061035156,212.44000244140625,76510100,SPY
2015-05-18,179.29666137695312,213.10000610351562,213.39999389648438,212.16000366210938,212.24000549316406,74549700,SPY
2015-05-19,179.23779296875,213.02999877929688,213.57000732421875,212.69000244140625,213.24000549316406,72114600,SPY
2015-05-20,179.11158752441406,212.8800048828125,213.77999877929688,212.5,213.14999389648438,76857500,SPY
2015-05-21,179.63320922851562,213.5,213.75,212.50999450683594,212.7100067138672,64764600,SPY
2015-05-22,179.20413208007812,212.99000549316406,213.5399932861328,212.91000366210938,213.0399932861328,57433500,SPY
2015-05-26,177.2774200439453,210.6999969482422,212.91000366210938,210.1999969482422,212.39999389648438,124308600,SPY
2015-05-27,178.96017456054688,212.6999969482422,212.97999572753906,210.75999450683594,211.25,93214000,SPY
2015-05-28,178.7581787109375,212.4600067138672,212.58999633789062,211.6300048828125,212.3300018310547,74974600,SPY
2015-05-29,177.64761352539062,211.13999938964844,212.42999267578125,210.82000732421875,212.3800048828125,124919600,SPY
2015-06-01,178.0093994140625,211.57000732421875,212.33999633789062,210.6199951171875,211.94000244140625,93338800,SPY
2015-06-02,177.83270263671875,211.36000061035156,212.19000244140625,210.27000427246094,211.02000427246094,91531000,SPY
2015-06-03,178.3038787841797,211.9199981689453,212.6699981689453,211.3300018310547,212.0,87820900,SPY
2015-06-04,176.7977752685547,210.1300048828125,211.86000061035156,209.75,211.07000732421875,151882800,SPY
2015-06-05,176.49493408203125,209.77000427246094,210.5800018310547,208.97999572753906,209.9499969482422,121704700,SPY
2015-06-08,175.40953063964844,208.47999572753906,209.82000732421875,208.38999938964844,209.63999938964844,89063300,SPY
2015-06-09,175.38429260253906,208.4499969482422,209.10000610351562,207.69000244140625,208.4499969482422,105034700,SPY
2015-06-10,177.48773193359375,210.9499969482422,211.41000366210938,209.3000030517578,209.3699951171875,134551300,SPY
2015-06-11,178.05987548828125,211.6300048828125,212.08999633789062,211.1999969482422,211.47999572753906,73876400,SPY
2015-06-12,176.69680786132812,210.00999450683594,211.47999572753906,209.67999267578125,210.63999938964844,135382400,SPY
2015-06-15,175.9396209716797,209.11000061035156,209.4499969482422,207.7899932861328,208.63999938964844,124384200,SPY
2015-06-16,176.89878845214844,210.25,210.35000610351562,208.72000122070312,208.92999267578125,85308200,SPY
2015-06-17,177.184814453125,210.58999633789062,211.32000732421875,209.36000061035156,210.58999633789062,126708600,SPY
2015-06-18,179.02748107910156,212.77999877929688,213.33999633789062,210.6300048828125,211.30999755859375,165867900,SPY
2015-06-19,178.23269653320312,210.80999755859375,211.5500030517578,210.36000061035156,211.4600067138672,130478700,SPY
2015-06-22,179.1457977294922,211.88999938964844,212.58999633789062,211.63999938964844,211.91000366210938,70696000,SPY
2015-06-23,179.27264404296875,212.0399932861328,212.44000244140625,211.57000732421875,212.13999938964844,68476800,SPY
2015-06-24,177.97059631347656,210.5,212.1699981689453,210.47000122070312,211.72000122070312,92307300,SPY
2015-06-25,177.42947387695312,209.86000061035156,211.25,209.77000427246094,211.10000610351562,97107400,SPY
2015-06-26,177.39569091796875,209.82000732421875,210.5800018310547,209.16000366210938,210.2899932861328,104174800,SPY
2015-06-29,173.67567443847656,205.4199981689453,209.8300018310547,205.3300018310547,208.0500030517578,202621300,SPY
2015-06-30,174.0392303466797,205.85000610351562,207.32000732421875,205.27999877929688,207.25999450683594,182925100,SPY
2015-07-01,175.4342041015625,207.5,208.02999877929688,206.55999755859375,207.72999572753906,135979900,SPY
2015-07-02,175.27354431152344,207.30999755859375,208.27000427246094,206.80999755859375,208.07000732421875,104373700,SPY
2015-07-06,174.7747039794922,206.72000122070312,207.64999389648438,205.52999877929688,205.77000427246094,117975400,SPY
2015-07-07,175.87384033203125,208.02000427246094,208.1699981689453,204.11000061035156,206.9600067138672,173820200,SPY
2015-07-08,172.92318725585938,204.52999877929688,206.75999450683594,204.25,206.4199981689453,164020100,SPY
2015-07-09,173.23597717285156,204.89999389648438,207.35000610351562,204.77000427246094,207.0399932861328,144113100,SPY
2015-07-10,175.4172821044922,207.47999572753906,207.97999572753906,204.9499969482422,207.2899932861328,129456900,SPY
2015-07-13,177.3534698486328,209.77000427246094,209.89999389648438,208.94000244140625,208.99000549316406,106069400,SPY
2015-07-14,178.12277221679688,210.67999267578125,211.0500030517578,209.64999389648438,209.72000122070312,81709600,SPY
2015-07-15,178.06361389160156,210.61000061035156,211.27999877929688,210.0399932861328,210.72999572753906,97914100,SPY
2015-07-16,179.492431640625,212.3000030517578,212.3000030517578,211.5800018310547,211.8699951171875,106683300,SPY
2015-07-17,179.6446075439453,212.47999572753906,212.5500030517578,211.8000030517578,212.2899932861328,89030000,SPY
2015-07-20,179.73760986328125,212.58999633789062,213.17999267578125,212.2100067138672,212.75,70446800,SPY
2015-07-21,179.0274658203125,211.75,212.74000549316406,211.38999938964844,212.42999267578125,77965000,SPY
2015-07-22,178.70616149902344,211.3699951171875,211.77000427246094,210.88999938964844,210.92999267578125,88667900,SPY
2015-07-23,177.7000274658203,210.17999267578125,211.64999389648438,209.75,211.52999877929688,90509100,SPY
2015-07-24,175.85693359375,208.0,210.3699951171875,207.60000610351562,210.3000030517578,117755000,SPY
2015-07-27,174.8339385986328,206.7899932861328,207.5500030517578,206.25999450683594,206.94000244140625,132361100,SPY
2015-07-28,176.98143005371094,209.3300018310547,209.5,206.8000030517578,207.7899932861328,123544800,SPY
2015-07-29,178.19886779785156,210.77000427246094,211.0399932861328,209.30999755859375,209.47999572753906,105791300,SPY
2015-07-30,178.2411346435547,210.82000732421875,211.02000427246094,209.4199981689453,210.16000366210938,91304400,SPY
2015-07-31,177.97059631347656,210.5,211.4499969482422,210.16000366210938,211.4199981689453,103266900,SPY
2015-08-03,177.3703155517578,209.7899932861328,210.52999877929688,208.64999389648438,210.4600067138672,113965700,SPY
2015-08-04,177.02366638183594,209.3800048828125,210.25,208.8000030517578,209.6999969482422,81820800,SPY
2015-08-05,177.60708618164062,210.07000732421875,211.30999755859375,209.72999572753906,210.4499969482422,85786800,SPY
2015-08-06,176.15284729003906,208.35000610351562,210.4199981689453,207.64999389648438,210.2899932861328,116030800,SPY
2015-08-07,175.8146209716797,207.9499969482422,208.33999633789062,206.8699951171875,208.16000366210938,117858000,SPY
2015-08-10,178.02978515625,210.57000732421875,210.6699981689453,209.27999877929688,209.27999877929688,80270700,SPY
2015-08-11,176.4233856201172,208.6699981689453,209.47000122070312,207.75999450683594,208.97000122070312,126081400,SPY
2015-08-12,176.63475036621094,208.9199981689453,209.13999938964844,205.36000061035156,207.11000061035156,172123700,SPY
2015-08-13,176.4149627685547,208.66000366210938,209.5500030517578,208.00999450683594,208.72999572753906,89383300,SPY
2015-08-14,177.0575408935547,209.4199981689453,209.50999450683594,208.25999450683594,208.42999267578125,72786500,SPY
2015-08-17,178.0466766357422,210.58999633789062,210.58999633789062,208.16000366210938,208.7100067138672,79072600,SPY
2015-08-18,177.53097534179688,209.97999572753906,210.67999267578125,209.6999969482422,210.25999450683594,71692700,SPY
2015-08-19,176.1274871826172,208.32000732421875,210.00999450683594,207.35000610351562,209.08999633789062,172946000,SPY
2015-08-20,172.44972229003906,203.97000122070312,208.2899932861328,203.89999389648438,206.50999450683594,194327900,SPY
2015-08-21,167.258544921875,197.8300018310547,203.94000244140625,197.52000427246094,201.72999572753906,346588500,SPY
2015-08-24,160.2158203125,189.5,197.47999572753906,182.39999389648438,187.49000549316406,507244300,SPY
2015-08-25,158.33041381835938,187.27000427246094,195.4499969482422,186.9199981689453,195.42999267578125,369833100,SPY
2015-08-26,164.40931701660156,194.4600067138672,194.7899932861328,188.3699951171875,192.0800018310547,339257000,SPY
2015-08-27,168.4760284423828,199.27000427246094,199.4199981689453,195.2100067138672,197.02000427246094,274143900,SPY
2015-08-28,168.48448181152344,199.27999877929688,199.83999633789062,197.9199981689453,198.5,160414400,SPY
2015-08-31,167.123291015625,197.6699981689453,199.1300048828125,197.00999450683594,198.11000061035156,163298800,SPY
2015-09-01,162.13502502441406,191.77000427246094,194.77000427246094,190.72999572753906,193.1199951171875,256000400,SPY
2015-09-02,165.2125244140625,195.41000366210938,195.4600067138672,192.4199981689453,194.6199951171875,160269300,SPY
2015-09-03,165.3308868408203,195.5500030517578,198.0500030517578,194.9600067138672,196.25999450683594,152087800,SPY
2015-09-04,162.82830810546875,192.58999633789062,193.86000061035156,191.61000061035156,192.85000610351562,207081000,SPY
2015-09-08,166.92031860351562,197.42999267578125,197.61000061035156,195.1699981689453,195.94000244140625,116025700,SPY
2015-09-09,164.6883087158203,194.7899932861328,199.47000122070312,194.35000610351562,199.32000732421875,149347700,SPY
2015-09-10,165.58453369140625,195.85000610351562,197.22000122070312,194.25,194.55999755859375,158611100,SPY
2015-09-11,166.33702087402344,196.74000549316406,196.82000732421875,194.52999877929688,195.3800048828125,119691200,SPY
2015-09-14,165.71981811523438,196.00999450683594,197.00999450683594,195.42999267578125,196.9499969482422,79452000,SPY
2015-09-15,167.79116821289062,198.4600067138672,198.99000549316406,195.9600067138672,196.61000061035156,113806200,SPY
2015-09-16,169.24542236328125,200.17999267578125,200.41000366210938,198.41000366210938,198.82000732421875,99581600,SPY
2015-09-17,168.86488342285156,199.72999572753906,202.88999938964844,199.27999877929688,200.02000427246094,276046600,SPY
2015-09-18,166.1054229736328,195.4499969482422,198.67999267578125,194.9600067138672,195.7100067138672,223657500,SPY
2015-09-21,166.96383666992188,196.4600067138672,197.67999267578125,195.2100067138672,196.44000244140625,105726200,SPY
2015-09-22,164.79664611816406,193.91000366210938,194.4600067138672,192.55999755859375,193.8800048828125,153890900,SPY
2015-09-23,164.53318786621094,193.60000610351562,194.6699981689453,192.91000366210938,194.11000061035156,92790600,SPY
2015-09-24,163.9382781982422,192.89999389648438,193.4499969482422,190.55999755859375,192.14999389648438,159378800,SPY
2015-09-25,163.89576721191406,192.85000610351562,195.0,191.80999755859375,194.63999938964844,155054800,SPY
2015-09-28,159.78248596191406,188.00999450683594,191.91000366210938,187.63999938964844,191.77999877929688,178515900,SPY
2015-09-29,159.87594604492188,188.1199951171875,189.74000549316406,186.92999267578125,188.27000427246094,159045600,SPY
2015-09-30,162.85894775390625,191.6300048828125,191.8300018310547,189.44000244140625,190.3699951171875,163452000,SPY
2015-10-01,163.28390502929688,192.1300048828125,192.49000549316406,189.82000732421875,192.0800018310547,131079000,SPY
2015-10-02,165.72299194335938,195.0,195.02999877929688,189.1199951171875,189.77000427246094,211003300,SPY
2015-10-05,168.6719970703125,198.47000122070312,198.74000549316406,196.3300018310547,196.4600067138672,126320800,SPY
2015-10-06,168.09408569335938,197.7899932861328,198.97999572753906,197.0,198.30999755859375,110274500,SPY
2015-10-07,169.4709014892578,199.41000366210938,199.8300018310547,197.47999572753906,198.89999389648438,124307300,SPY
2015-10-08,171.00064086914062,201.2100067138672,201.5500030517578,198.58999633789062,198.9499969482422,153055200,SPY
2015-10-09,171.10260009765625,201.3300018310547,201.89999389648438,200.5800018310547,201.3800048828125,107069200,SPY
2015-10-12,171.2640838623047,201.52000427246094,201.75999450683594,200.91000366210938,201.4199981689453,56395600,SPY
2015-10-13,170.18479919433594,200.25,202.16000366210938,200.0500030517578,200.64999389648438,88038700,SPY
2015-10-14,169.368896484375,199.2899932861328,200.8699951171875,198.94000244140625,200.17999267578125,99106200,SPY
2015-10-15,171.969482421875,202.35000610351562,202.36000061035156,199.63999938964844,200.0800018310547,134142200,SPY
2015-10-16,172.7513885498047,203.27000427246094,203.2899932861328,201.9199981689453,202.8300018310547,114580100,SPY
2015-10-19,172.83633422851562,203.3699951171875,203.3699951171875,202.1300048828125,202.5,76523900,SPY
2015-10-20,172.61538696289062,203.11000061035156,203.83999633789062,202.5500030517578,202.85000610351562,78448500,SPY
2015-10-21,171.54457092285156,201.85000610351562,203.7899932861328,201.64999389648438,203.61000061035156,102038000,SPY
2015-10-22,174.44259643554688,205.25999450683594,205.50999450683594,201.85000610351562,202.97999572753906,174911700,SPY
2015-10-23,176.3547821044922,207.50999450683594,207.9499969482422,206.3000030517578,207.25,144442300,SPY
2015-10-26,175.92132568359375,207.0,207.3699951171875,206.55999755859375,207.3000030517578,69033000,SPY
2015-10-27,175.5813751220703,206.60000610351562,207.0,205.7899932861328,206.1999969482422,77905800,SPY
2015-10-28,177.57859802246094,208.9499969482422,208.97999572753906,206.2100067138672,207.0,135906700,SPY
2015-10-29,177.4765625,208.8300018310547,209.27000427246094,208.2100067138672,208.35000610351562,90525500,SPY
2015-10-30,176.71168518066406,207.92999267578125,209.44000244140625,207.74000549316406,209.05999755859375,131076900,SPY
2015-11-02,178.80233764648438,210.38999938964844,210.6199951171875,208.1699981689453,208.32000732421875,86270800,SPY
2015-11-03,179.32083129882812,211.0,211.66000366210938,209.6999969482422,209.97000122070312,95246100,SPY
2015-11-04,178.77685546875,210.36000061035156,211.5,209.72000122070312,211.35000610351562,96224500,SPY
2015-11-05,178.59835815429688,210.14999389648438,210.97999572753906,209.08999633789062,210.42999267578125,78408700,SPY
2015-11-06,178.50491333007812,210.0399932861328,210.32000732421875,208.4600067138672,209.74000549316406,110471500,SPY
2015-11-09,176.8391876220703,208.0800018310547,209.49000549316406,206.9499969482422,209.30999755859375,131008700,SPY
2015-11-10,177.2471160888672,208.55999755859375,208.60000610351562,207.19000244140625,207.50999450683594,75874600,SPY
2015-11-11,176.5502166748047,207.74000549316406,208.94000244140625,207.66000366210938,208.8800048828125,67846000,SPY
2015-11-12,174.085693359375,204.83999633789062,207.05999755859375,204.82000732421875,206.5,121315200,SPY
2015-11-13,172.13095092773438,202.5399932861328,204.6699981689453,202.44000244140625,204.35000610351562,153577100,SPY
2015-11-16,174.74853515625,205.6199951171875,205.69000244140625,202.17999267578125,202.32000732421875,117645200,SPY
2015-11-17,174.62106323242188,205.47000122070312,207.0399932861328,204.8800048828125,205.99000549316406,121123700,SPY
2015-11-18,177.39158630371094,208.72999572753906,208.89999389648438,205.99000549316406,206.0399932861328,121342500,SPY
2015-11-19,177.23863220214844,208.5500030517578,209.0500030517578,208.1999969482422,208.58999633789062,88220500,SPY
2015-11-20,177.88450622558594,209.30999755859375,210.1199951171875,208.86000061035156,209.4499969482422,94011500,SPY
2015-11-23,177.68051147460938,209.07000732421875,209.97999572753906,208.52000427246094,209.3800048828125,64931200,SPY
2015-11-24,177.91851806640625,209.35000610351562,209.8300018310547,207.41000366210938,207.8699951171875,98874400,SPY
2015-11-25,177.8929901123047,209.32000732421875,209.74000549316406,209.00999450683594,209.5,51980100,SPY
2015-11-27,178.09693908691406,209.55999755859375,209.8000030517578,208.86000061035156,209.42999267578125,37317800,SPY
2015-11-30,177.3575897216797,208.69000244140625,209.88999938964844,208.55999755859375,209.75,112822700,SPY
2015-12-01,179.04881286621094,210.67999267578125,210.82000732421875,209.11000061035156,209.44000244140625,97858400,SPY
2015-12-02,177.22161865234375,208.52999877929688,211.0,208.22999572753906,210.6199951171875,108441300,SPY
2015-12-03,174.74005126953125,205.61000061035156,209.14999389648438,204.75,208.8300018310547,166224200,SPY
2015-12-04,178.14796447753906,209.6199951171875,209.97000122070312,205.61000061035156,205.61000061035156,192913900,SPY
2015-12-07,177.06866455078125,208.35000610351562,209.72999572753906,207.1999969482422,209.22999572753906,102027100,SPY
2015-12-08,175.87881469726562,206.9499969482422,208.2899932861328,205.77999877929688,206.49000549316406,103372400,SPY
2015-12-09,174.51055908203125,205.33999633789062,208.67999267578125,204.17999267578125,206.19000244140625,162401500,SPY
2015-12-10,174.96102905273438,205.8699951171875,207.42999267578125,205.13999938964844,205.4199981689453,116128900,SPY
2015-12-11,171.57005310058594,201.8800048828125,204.13999938964844,201.50999450683594,203.35000610351562,211173300,SPY
2015-12-14,172.4368896484375,202.89999389648438,203.0500030517578,199.9499969482422,202.07000732421875,182385200,SPY
2015-12-15,174.24708557128906,205.02999877929688,206.11000061035156,202.8699951171875,204.6999969482422,154069600,SPY
2015-12-16,176.79672241210938,208.02999877929688,208.38999938964844,204.8000030517578,206.3699951171875,197017000,SPY
2015-12-17,174.1025848388672,204.86000061035156,208.47999572753906,204.83999633789062,208.39999389648438,173092500,SPY
2015-12-18,171.00096130371094,200.02000427246094,202.92999267578125,199.8300018310547,202.77000427246094,251393500,SPY
2015-12-21,172.41159057617188,201.6699981689453,201.8800048828125,200.08999633789062,201.41000366210938,99094300,SPY
2015-12-22,173.97607421875,203.5,203.85000610351562,201.5500030517578,202.72000122070312,111026200,SPY
2015-12-23,176.1304931640625,206.02000427246094,206.07000732421875,204.5800018310547,204.69000244140625,110987200,SPY
2015-12-24,175.83982849121094,205.67999267578125,206.3300018310547,205.4199981689453,205.72000122070312,48539600,SPY
2015-12-28,175.43797302246094,205.2100067138672,205.25999450683594,203.94000244140625,204.86000061035156,65899900,SPY
2015-12-29,177.3102569580078,207.39999389648438,207.7899932861328,206.47000122070312,206.50999450683594,92640700,SPY
2015-12-30,176.0535125732422,205.92999267578125,207.2100067138672,205.75999450683594,207.11000061035156,63317700,SPY
2015-12-31,174.2924041748047,203.8699951171875,205.88999938964844,203.8699951171875,205.1300048828125,114877900,SPY
2016-01-04,171.8558807373047,201.02000427246094,201.02999877929688,198.58999633789062,200.49000549316406,222353500,SPY
2016-01-05,172.14659118652344,201.36000061035156,201.89999389648438,200.0500030517578,201.39999389648438,110845800,SPY
2016-01-06,169.97511291503906,198.82000732421875,200.05999755859375,197.60000610351562,198.33999633789062,152112600,SPY
2016-01-07,165.8970947265625,194.0500030517578,197.44000244140625,193.58999633789062,195.3300018310547,213436100,SPY
2016-01-08,164.07611083984375,191.9199981689453,195.85000610351562,191.5800018310547,195.19000244140625,209817200,SPY
2016-01-11,164.2385711669922,192.11000061035156,193.41000366210938,189.82000732421875,193.00999450683594,187941300,SPY
2016-01-12,165.56373596191406,193.66000366210938,194.5500030517578,191.13999938964844,193.82000732421875,172330500,SPY
2016-01-13,161.43443298339844,188.8300018310547,194.86000061035156,188.3800048828125,194.4499969482422,221168900,SPY
2016-01-14,164.0846710205078,191.92999267578125,193.25999450683594,187.66000366210938,189.5500030517578,240795600,SPY
2016-01-15,160.56240844726562,187.80999755859375,188.75999450683594,185.52000427246094,186.77000427246094,324846400,SPY
2016-01-19,160.77610778808594,188.05999755859375,190.11000061035156,186.1999969482422,189.9600067138672,195244400,SPY
2016-01-20,158.7157745361328,185.64999389648438,187.5,181.02000427246094,185.02999877929688,286547800,SPY
2016-01-21,159.60487365722656,186.69000244140625,188.8699951171875,184.63999938964844,186.2100067138672,195772900,SPY
2016-01-22,162.87921142578125,190.52000427246094,190.75999450683594,188.8800048828125,189.77999877929688,168319600,SPY
2016-01-25,160.4170684814453,187.63999938964844,190.14999389648438,187.41000366210938,189.9199981689453,130371700,SPY
2016-01-26,162.60569763183594,190.1999969482422,190.52999877929688,188.02000427246094,188.4199981689453,141036800,SPY
2016-01-27,160.83596801757812,188.1300048828125,191.55999755859375,187.05999755859375,189.5800018310547,185681700,SPY
2016-01-28,161.67381286621094,189.11000061035156,190.1999969482422,187.16000366210938,189.9600067138672,143798800,SPY
2016-01-29,165.61497497558594,193.72000122070312,193.8800048828125,189.8800048828125,190.02000427246094,210529300,SPY
2016-02-01,165.5551300048828,193.64999389648438,194.5800018310547,191.83999633789062,192.52999877929688,136061600,SPY
2016-02-02,162.5714569091797,190.16000366210938,191.97000122070312,189.5399932861328,191.9600067138672,182564900,SPY
2016-02-03,163.54608154296875,191.3000030517578,191.77999877929688,187.10000610351562,191.41000366210938,205054900,SPY
2016-02-04,163.8025360107422,191.60000610351562,192.75,189.9600067138672,190.7100067138672,139531800,SPY
2016-02-05,160.68215942382812,187.9499969482422,191.6699981689453,187.1999969482422,190.99000549316406,180788300,SPY
2016-02-08,158.51918029785156,185.4199981689453,186.1199951171875,182.8000030517578,185.77000427246094,191526700,SPY
2016-02-09,158.52767944335938,185.42999267578125,186.94000244140625,183.1999969482422,183.36000061035156,184513100,SPY
2016-02-10,158.39089965820312,185.27000427246094,188.33999633789062,185.1199951171875,186.41000366210938,148214100,SPY
2016-02-11,156.33056640625,182.86000061035156,184.10000610351562,181.08999633789062,182.33999633789062,219058900,SPY
2016-02-12,159.55360412597656,186.6300048828125,186.64999389648438,183.9600067138672,184.9600067138672,127632400,SPY
2016-02-16,162.24658203125,189.77999877929688,189.80999755859375,187.6300048828125,188.77000427246094,120250700,SPY
2016-02-17,164.89688110351562,192.8800048828125,193.32000732421875,191.00999450683594,191.16000366210938,136009500,SPY
2016-02-18,164.2214813232422,192.08999633789062,193.27000427246094,191.72000122070312,193.1999969482422,102343000,SPY
2016-02-19,164.1446075439453,192.0,192.17999267578125,190.4499969482422,191.1699981689453,114793000,SPY
2016-02-22,166.5211944580078,194.77999877929688,194.9499969482422,193.7899932861328,193.8699951171875,103640300,SPY
2016-02-23,164.41812133789062,192.32000732421875,194.32000732421875,192.17999267578125,194.0,111455300,SPY
2016-02-24,165.1704559326172,193.1999969482422,193.52999877929688,189.32000732421875,190.6300048828125,150812200,SPY
2016-02-25,167.17095947265625,195.5399932861328,195.5500030517578,192.8300018310547,193.72999572753906,110728300,SPY
2016-02-26,166.78622436523438,195.08999633789062,196.67999267578125,194.89999389648438,196.57000732421875,129833700,SPY
2016-02-29,165.4782257080078,193.55999755859375,196.22999572753906,193.3300018310547,195.11000061035156,125918100,SPY
2016-03-01,169.36802673339844,198.11000061035156,198.2100067138672,194.4499969482422,195.00999450683594,141799700,SPY
2016-03-02,170.12901306152344,199.0,199.05999755859375,197.25,197.74000549316406,102415000,SPY
2016-03-03,170.79580688476562,199.77999877929688,199.8000030517578,198.11000061035156,198.7899932861328,95172200,SPY
2016-03-04,171.3515167236328,200.42999267578125,201.35000610351562,199.02999877929688,200.00999450683594,129293600,SPY
2016-03-07,171.48831176757812,200.58999633789062,201.07000732421875,199.25,199.33999633789062,100219000,SPY
2016-03-08,169.61595153808594,198.39999389648438,199.9199981689453,198.2100067138672,199.32000732421875,123974900,SPY
2016-03-09,170.45382690429688,199.3800048828125,199.7899932861328,198.42999267578125,199.36000061035156,94801200,SPY
2016-03-10,170.5906219482422,199.5399932861328,201.07000732421875,197.3800048828125,199.9600067138672,156838700,SPY
2016-03-11,173.34347534179688,202.75999450683594,202.80999755859375,199.52000427246094,201.25999450683594,137964500,SPY
2016-03-14,173.1211700439453,202.5,203.0399932861328,201.77000427246094,202.16000366210938,73612000,SPY
2016-03-15,172.83909606933594,202.1699981689453,202.52999877929688,201.0500030517578,201.36000061035156,93169100,SPY
2016-03-16,173.8393096923828,203.33999633789062,203.82000732421875,201.5500030517578,201.60000610351562,129303200,SPY
2016-03-17,174.94219970703125,204.6300048828125,205.22999572753906,202.77000427246094,203.24000549316406,134278500,SPY
2016-03-18,175.629638671875,204.3800048828125,204.77999877929688,203.8000030517578,204.1699981689453,138372400,SPY
2016-03-21,175.87879943847656,204.6699981689453,204.94000244140625,203.8000030517578,204.07000732421875,72926700,SPY
2016-03-22,175.78431701660156,204.55999755859375,205.22999572753906,203.57000732421875,203.75999450683594,97471900,SPY
2016-03-23,174.6241912841797,203.2100067138672,204.3300018310547,203.00999450683594,204.11000061035156,81052500,SPY
2016-03-24,174.54689025878906,203.1199951171875,203.16000366210938,201.74000549316406,202.0,84360900,SPY
2016-03-28,174.64996337890625,203.24000549316406,203.86000061035156,202.7100067138672,203.61000061035156,62408200,SPY
2016-03-29,176.26559448242188,205.1199951171875,205.25,202.39999389648438,202.75999450683594,92922900,SPY
2016-03-30,177.03892517089844,206.02000427246094,206.8699951171875,205.58999633789062,206.3000030517578,86365300,SPY
2016-03-31,176.6092529296875,205.52000427246094,206.41000366210938,205.3300018310547,205.91000366210938,94584100,SPY
2016-04-01,177.81227111816406,206.9199981689453,207.13999938964844,203.97999572753906,204.35000610351562,114423500,SPY
2016-04-04,177.236572265625,206.25,207.07000732421875,205.88999938964844,206.8300018310547,63497000,SPY
2016-04-05,175.4663543701172,204.19000244140625,206.25999450683594,203.88999938964844,204.6699981689453,99662200,SPY
2016-04-06,177.38265991210938,206.4199981689453,206.49000549316406,203.97999572753906,204.19000244140625,91839800,SPY
2016-04-07,175.26010131835938,203.9499969482422,205.55999755859375,203.08999633789062,205.13999938964844,113859000,SPY
2016-04-08,175.73277282714844,204.5,205.85000610351562,203.8699951171875,205.33999633789062,95040600,SPY
2016-04-11,175.3202362060547,204.02000427246094,206.07000732421875,203.91000366210938,205.25,83757500,SPY
2016-04-12,176.95298767089844,205.9199981689453,206.25,203.6999969482422,204.22000122070312,115350600,SPY
2016-04-13,178.74037170410156,208.0,208.10000610351562,206.83999633789062,207.0,96336400,SPY
2016-04-14,178.74899291992188,208.00999450683594,208.60000610351562,207.60000610351562,208.07000732421875,65212900,SPY
2016-04-15,178.55133056640625,207.77999877929688,208.1699981689453,207.39999389648438,208.00999450683594,75761600,SPY
2016-04-18,179.8059539794922,209.24000549316406,209.27999877929688,207.0,207.77999877929688,82531000,SPY
2016-04-19,180.37307739257812,209.89999389648438,210.1999969482422,208.94000244140625,209.74000549316406,88316100,SPY
2016-04-20,180.54498291015625,210.10000610351562,210.9199981689453,209.38999938964844,209.9499969482422,81100300,SPY
2016-04-21,179.5739288330078,208.97000122070312,210.25,208.64999389648438,210.1199951171875,85695000,SPY
2016-04-22,179.5739288330078,208.97000122070312,209.2899932861328,207.91000366210938,208.5500030517578,99251700,SPY
2016-04-25,179.2646026611328,208.61000061035156,208.66000366210938,207.5399932861328,208.25999450683594,66166500,SPY
2016-04-26,179.53097534179688,208.9199981689453,209.52000427246094,208.36000061035156,209.0399932861328,75864200,SPY
2016-04-27,179.90045166015625,209.35000610351562,209.80999755859375,208.0500030517578,208.47000122070312,77329400,SPY
2016-04-28,178.2677764892578,207.4499969482422,209.75999450683594,206.9600067138672,208.4600067138672,97216200,SPY
2016-04-29,177.30531311035156,206.3300018310547,207.1300048828125,205.02999877929688,206.72000122070312,142424100,SPY
2016-05-02,178.71463012695312,207.97000122070312,208.17999267578125,206.41000366210938,206.9199981689453,62188000,SPY
2016-05-03,177.1592254638672,206.16000366210938,206.8000030517578,205.27999877929688,206.52000427246094,106422100,SPY
2016-05-04,176.17098999023438,205.00999450683594,205.85000610351562,204.4199981689453,204.99000549316406,92243800,SPY
2016-05-05,176.13665771484375,204.97000122070312,205.97999572753906,204.47000122070312,205.55999755859375,67619200,SPY
2016-05-06,176.78109741210938,205.72000122070312,205.77000427246094,203.8800048828125,204.05999755859375,89315000,SPY
2016-05-09,176.9272003173828,205.88999938964844,206.39999389648438,205.36000061035156,205.57000732421875,74374900,SPY
2016-05-10,179.12709045410156,208.4499969482422,208.47000122070312,206.63999938964844,206.72000122070312,77472200,SPY
2016-05-11,177.45138549804688,206.5,208.5399932861328,206.5,207.91000366210938,81727000,SPY
2016-05-12,177.50299072265625,206.55999755859375,207.49000549316406,205.3699951171875,207.2899932861328,89586300,SPY
2016-05-13,175.95614624023438,204.75999450683594,206.86000061035156,204.3800048828125,206.2100067138672,96474600,SPY
2016-05-16,177.6920623779297,206.77999877929688,207.33999633789062,204.88999938964844,204.9600067138672,77486800,SPY
2016-05-17,176.03350830078125,204.85000610351562,206.8000030517578,204.22999572753906,206.4600067138672,114924900,SPY
2016-05-18,176.08509826660156,204.91000366210938,206.3000030517578,203.6300048828125,204.44000244140625,120062100,SPY
2016-05-19,175.47499084472656,204.1999969482422,204.5399932861328,202.77999877929688,204.05999755859375,115430500,SPY
2016-05-20,176.58346557617188,205.49000549316406,206.10000610351562,204.86000061035156,204.9199981689453,104990400,SPY
2016-05-23,176.34286499023438,205.2100067138672,205.83999633789062,204.99000549316406,205.50999450683594,58682600,SPY
2016-05-24,178.628662109375,207.8699951171875,208.24000549316406,206.13999938964844,206.1699981689453,93537800,SPY
2016-05-25,179.84036254882812,209.27999877929688,209.77000427246094,207.8699951171875,208.6699981689453,76621400,SPY
2016-05-26,179.89186096191406,209.33999633789062,209.7100067138672,208.97000122070312,209.44000244140625,55280700,SPY
2016-05-27,180.665283203125,210.24000549316406,210.25,209.47000122070312,209.52999877929688,64211200,SPY
2016-05-31,180.321533203125,209.83999633789062,210.69000244140625,209.17999267578125,210.55999755859375,109879400,SPY
2016-06-01,180.69105529785156,210.27000427246094,210.47999572753906,208.88999938964844,209.1199951171875,69936200,SPY
2016-06-02,181.24099731445312,210.91000366210938,210.92999267578125,209.24000549316406,209.8000030517578,63044700,SPY
2016-06-03,180.69969177246094,210.27999877929688,210.69000244140625,208.86000061035156,210.25,101757100,SPY
2016-06-06,181.61915588378906,211.35000610351562,211.77000427246094,210.50999450683594,210.6999969482422,64887000,SPY
2016-06-07,181.90269470214844,211.67999267578125,212.33999633789062,211.5,211.52999877929688,60974800,SPY
2016-06-08,182.4956512451172,212.3699951171875,212.52000427246094,211.69000244140625,211.83999633789062,66170900,SPY
2016-06-09,182.24642944335938,212.0800018310547,212.22000122070312,211.19000244140625,211.50999450683594,73786900,SPY
2016-06-10,180.51925659179688,210.07000732421875,210.86000061035156,209.42999267578125,210.4600067138672,113829200,SPY
2016-06-13,179.12709045410156,208.4499969482422,210.3699951171875,208.35000610351562,209.36000061035156,117751200,SPY
2016-06-14,178.77474975585938,208.0399932861328,208.74000549316406,206.9199981689453,208.0,125059300,SPY
2016-06-15,178.5255584716797,207.75,209.36000061035156,207.52999877929688,208.0399932861328,109124500,SPY
2016-06-16,179.0583038330078,208.3699951171875,208.57000732421875,205.58999633789062,207.75,149533100,SPY
2016-06-17,178.3914794921875,206.52000427246094,207.1999969482422,205.75,207.1699981689453,117055700,SPY
2016-06-20,179.54034423828125,207.85000610351562,209.61000061035156,207.75,208.82000732421875,82789600,SPY
2016-06-21,180.0499725341797,208.44000244140625,208.9199981689453,207.77999877929688,208.3000030517578,72461700,SPY
2016-06-22,179.7562713623047,208.10000610351562,209.5,207.92999267578125,208.64999389648438,95560500,SPY
2016-06-23,182.09718322753906,210.80999755859375,210.8699951171875,209.27000427246094,209.80999755859375,102731400,SPY
2016-06-24,175.5582275390625,203.24000549316406,210.85000610351562,202.72000122070312,203.6300048828125,333444400,SPY
2016-06-27,172.41400146484375,199.60000610351562,201.60000610351562,198.64999389648438,201.58999633789062,230775800,SPY
2016-06-28,175.52365112304688,203.1999969482422,203.22999572753906,201.1199951171875,201.47999572753906,159382400,SPY
2016-06-29,178.5124053955078,206.66000366210938,206.92999267578125,204.72000122070312,204.83999633789062,137328600,SPY
2016-06-30,180.9482879638672,209.47999572753906,209.5399932861328,206.55999755859375,207.2100067138672,165021900,SPY
2016-07-01,181.3284149169922,209.9199981689453,210.49000549316406,209.2899932861328,209.47999572753906,106055300,SPY
2016-07-05,180.02406311035156,208.41000366210938,209.0800018310547,207.7100067138672,208.9499969482422,109803700,SPY
2016-07-06,181.1038055419922,209.66000366210938,209.8000030517578,207.05999755859375,207.8300018310547,96021500,SPY
2016-07-07,180.99156188964844,209.52999877929688,210.64999389648438,208.6300048828125,209.8699951171875,85593800,SPY
2016-07-08,183.68655395507812,212.64999389648438,212.94000244140625,210.77999877929688,211.0500030517578,133971000,SPY
2016-07-11,184.3344268798828,213.39999389648438,214.07000732421875,212.9499969482422,213.19000244140625,73633900,SPY
2016-07-12,185.67330932617188,214.9499969482422,215.3000030517578,213.42999267578125,214.52999877929688,101275600,SPY
2016-07-13,185.64739990234375,214.9199981689453,215.4499969482422,214.35000610351562,215.44000244140625,87324100,SPY
2016-07-14,186.68392944335938,216.1199951171875,216.6699981689453,215.66000366210938,216.39999389648438,91230900,SPY
2016-07-15,186.4334716796875,215.8300018310547,217.00999450683594,215.30999755859375,216.77999877929688,107155400,SPY
2016-07-18,186.93446350097656,216.41000366210938,216.60000610351562,215.6699981689453,215.97000122070312,58725900,SPY
2016-07-19,186.7444610595703,216.19000244140625,216.22999572753906,215.6300048828125,215.9199981689453,54345700,SPY
2016-07-20,187.5217742919922,217.08999633789062,217.3699951171875,216.19000244140625,216.19000244140625,58159500,SPY
2016-07-21,186.81353759765625,216.27000427246094,217.22000122070312,215.75,216.9600067138672,67777300,SPY
2016-07-22,187.6514129638672,217.24000549316406,217.3000030517578,216.10000610351562,216.41000366210938,62787500,SPY
2016-07-25,187.14173889160156,216.64999389648438,217.05999755859375,215.97000122070312,217.0,55873100,SPY
2016-07-26,187.22813415527344,216.75,217.1699981689453,215.75999450683594,216.52999877929688,70080500,SPY
2016-07-27,187.02947998046875,216.52000427246094,217.27000427246094,215.6199951171875,217.19000244140625,84083900,SPY
2016-07-28,187.24537658691406,216.77000427246094,217.11000061035156,215.75,216.2899932861328,65035700,SPY
2016-07-29,187.54776000976562,217.1199951171875,217.5399932861328,216.1300048828125,216.4600067138672,79519400,SPY
2016-08-01,187.3922882080078,216.94000244140625,217.64999389648438,216.41000366210938,217.19000244140625,73311400,SPY
2016-08-02,186.19158935546875,215.5500030517578,216.8300018310547,214.57000732421875,216.64999389648438,92295500,SPY
2016-08-03,186.73573303222656,216.17999267578125,216.25,215.1300048828125,215.47999572753906,53993600,SPY
2016-08-04,186.93446350097656,216.41000366210938,216.77999877929688,214.25,216.30999755859375,46585500,SPY
2016-08-05,188.46336364746094,218.17999267578125,218.22999572753906,216.41000366210938,216.41000366210938,71892200,SPY
2016-08-08,188.35105895996094,218.0500030517578,218.52000427246094,217.74000549316406,218.39999389648438,39906500,SPY
2016-08-09,188.46336364746094,218.17999267578125,218.75999450683594,217.8000030517578,218.1300048828125,51251700,SPY
2016-08-10,187.9969024658203,217.63999938964844,218.39999389648438,217.22999572753906,218.30999755859375,57941100,SPY
2016-08-11,188.8693389892578,218.64999389648438,218.94000244140625,217.9499969482422,218.25999450683594,72504300,SPY
2016-08-12,188.7052459716797,218.4600067138672,218.7100067138672,217.99000549316406,218.2899932861328,61313500,SPY
2016-08-15,189.24940490722656,219.08999633789062,219.5,218.8800048828125,218.88999938964844,49813500,SPY
2016-08-16,188.27334594726562,217.9600067138672,218.67999267578125,217.9600067138672,218.60000610351562,53213600,SPY
2016-08-17,188.62750244140625,218.3699951171875,218.52999877929688,217.02000427246094,218.0,75134300,SPY
2016-08-18,189.0507354736328,218.86000061035156,218.89999389648438,218.2100067138672,218.33999633789062,52989300,SPY
2016-08-19,188.7743377685547,218.5399932861328,218.75,217.74000549316406,218.30999755859375,75443000,SPY
2016-08-22,188.7656707763672,218.52999877929688,218.8000030517578,217.8300018310547,218.25999450683594,61368800,SPY
2016-08-23,189.145751953125,218.97000122070312,219.60000610351562,218.89999389648438,219.25,53399200,SPY
2016-08-24,188.17835998535156,217.85000610351562,218.91000366210938,217.36000061035156,218.8000030517578,71728900,SPY
2016-08-25,188.0487518310547,217.6999969482422,218.19000244140625,217.22000122070312,217.39999389648438,69224800,SPY
2016-08-26,187.69456481933594,217.2899932861328,219.1199951171875,216.25,217.9199981689453,122506300,SPY
2016-08-29,188.61886596679688,218.36000061035156,218.6699981689453,217.39999389648438,217.44000244140625,70502200,SPY
2016-08-30,188.30789184570312,218.0,218.58999633789062,217.35000610351562,218.25999450683594,58114500,SPY
2016-08-31,187.77232360839844,217.3800048828125,217.75,216.47000122070312,217.61000061035156,85269500,SPY
2016-09-01,187.78097534179688,217.38999938964844,217.72999572753906,216.02999877929688,217.3699951171875,97844200,SPY
2016-09-02,188.62750244140625,218.3699951171875,218.8699951171875,217.6999969482422,218.38999938964844,79293900,SPY
2016-09-06,189.19761657714844,219.02999877929688,219.1199951171875,217.86000061035156,218.6999969482422,56702100,SPY
2016-09-07,189.1803436279297,219.00999450683594,219.22000122070312,218.3000030517578,218.83999633789062,76554900,SPY
2016-09-08,188.7484588623047,218.50999450683594,218.94000244140625,218.14999389648438,218.6199951171875,74102900,SPY
2016-09-09,184.23077392578125,213.27999877929688,217.02999877929688,213.25,216.97000122070312,221589100,SPY
2016-09-12,186.87400817871094,216.33999633789062,216.80999755859375,212.30999755859375,212.38999938964844,168110900,SPY
2016-09-13,184.1875762939453,213.22999572753906,215.14999389648438,212.5,214.83999633789062,182828800,SPY
2016-09-14,184.1184539794922,213.14999389648438,214.6999969482422,212.5,213.2899932861328,134185500,SPY
2016-09-15,185.95835876464844,215.27999877929688,215.72999572753906,212.75,212.9600067138672,134427900,SPY
2016-09-16,185.239501953125,213.3699951171875,213.69000244140625,212.57000732421875,213.47999572753906,155236400,SPY
2016-09-19,185.27427673339844,213.41000366210938,214.8800048828125,213.02999877929688,214.1300048828125,80250500,SPY
2016-09-20,185.28292846679688,213.4199981689453,214.58999633789062,213.3800048828125,214.41000366210938,69665300,SPY
2016-09-21,187.3665313720703,215.82000732421875,216.02999877929688,213.44000244140625,214.24000549316406,110284400,SPY
2016-09-22,188.5471954345703,217.17999267578125,217.52999877929688,216.7100067138672,217.0,76678700,SPY
2016-09-23,187.51409912109375,215.99000549316406,216.8800048828125,215.8800048828125,216.72000122070312,73630900,SPY
2016-09-26,185.994873046875,214.24000549316406,215.22999572753906,214.00999450683594,215.02000427246094,89827300,SPY
2016-09-27,187.14944458007812,215.57000732421875,215.67999267578125,213.6199951171875,214.0500030517578,78494800,SPY
2016-09-28,188.07839965820312,216.63999938964844,216.82000732421875,214.7100067138672,215.8300018310547,87411000,SPY
2016-09-29,186.3767852783203,214.67999267578125,216.8699951171875,214.0399932861328,216.39999389648438,128070600,SPY
2016-09-30,187.78323364257812,216.3000030517578,217.1199951171875,215.36000061035156,215.64999389648438,117202900,SPY
2016-10-03,187.331787109375,215.77999877929688,216.0399932861328,215.0399932861328,215.82000732421875,83512100,SPY
2016-10-04,186.3767852783203,214.67999267578125,216.1699981689453,213.99000549316406,215.91000366210938,119948100,SPY
2016-10-05,187.20159912109375,215.6300048828125,216.1300048828125,215.3300018310547,215.41000366210938,72816000,SPY
2016-10-06,187.331787109375,215.77999877929688,216.0399932861328,214.74000549316406,215.3699951171875,62927400,SPY
2016-10-07,186.68930053710938,215.0399932861328,216.3000030517578,214.19000244140625,216.10000610351562,89788300,SPY
2016-10-10,187.66168212890625,216.16000366210938,216.6999969482422,215.99000549316406,216.16000366210938,51855000,SPY
2016-10-11,185.2915802001953,213.42999267578125,215.74000549316406,212.5800018310547,215.66000366210938,130367400,SPY
2016-10-12,185.53466796875,213.7100067138672,214.32000732421875,213.00999450683594,213.58999633789062,73866100,SPY
2016-10-13,184.9269256591797,213.00999450683594,213.58999633789062,211.2100067138672,212.16000366210938,101357000,SPY
2016-10-14,185.02249145507812,213.1199951171875,214.69000244140625,213.02999877929688,214.14999389648438,93346200,SPY
2016-10-17,184.3800506591797,212.3800048828125,213.38999938964844,212.1699981689453,213.08999633789062,58275700,SPY
2016-10-18,185.53466796875,213.7100067138672,214.30999755859375,213.27000427246094,214.24000549316406,76869700,SPY
2016-10-19,186.02955627441406,214.27999877929688,214.63999938964844,213.60000610351562,214.02000427246094,66519200,SPY
2016-10-20,185.68228149414062,213.8800048828125,214.52999877929688,213.11000061035156,213.8699951171875,73639800,SPY
2016-10-21,185.76910400390625,213.97999572753906,214.0800018310547,212.75999450683594,213.8800048828125,89089100,SPY
2016-10-24,186.55914306640625,214.88999938964844,215.32000732421875,214.47999572753906,215.0,60146600,SPY
2016-10-25,185.93406677246094,214.1699981689453,214.97999572753906,213.97999572753906,214.67999267578125,66542300,SPY
2016-10-26,185.56069946289062,213.74000549316406,214.4199981689453,212.92999267578125,213.2100067138672,75705500,SPY
2016-10-27,185.0658721923828,213.1699981689453,214.6199951171875,213.0800018310547,214.5800018310547,77220200,SPY
2016-10-28,184.5189208984375,212.5399932861328,213.92999267578125,211.7100067138672,213.13999938964844,140623200,SPY
2016-10-31,184.52761840820312,212.5500030517578,213.19000244140625,212.36000061035156,212.92999267578125,61272500,SPY
2016-11-01,183.19064331054688,211.00999450683594,212.99000549316406,209.60000610351562,212.92999267578125,122781800,SPY
2016-11-02,182.08810424804688,209.74000549316406,211.10000610351562,209.22999572753906,210.64999389648438,103330800,SPY
2016-11-03,181.254638671875,208.77999877929688,210.24000549316406,208.4600067138672,209.99000549316406,88939300,SPY
2016-11-04,181.05499267578125,208.5500030517578,209.88999938964844,208.3800048828125,208.91000366210938,109122100,SPY
2016-11-07,185.04852294921875,213.14999389648438,213.19000244140625,208.5500030517578,208.5500030517578,109794900,SPY
2016-11-08,185.8819122314453,214.11000061035156,214.77000427246094,212.3800048828125,212.69000244140625,106772100,SPY
2016-11-09,187.8527069091797,216.3800048828125,217.10000610351562,212.33999633789062,212.3699951171875,258429000,SPY
2016-11-10,188.32150268554688,216.9199981689453,218.30999755859375,215.22000122070312,217.3000030517578,172113300,SPY
2016-11-11,187.88743591308594,216.4199981689453,216.6999969482422,215.32000732421875,216.0800018310547,100552700,SPY
2016-11-14,188.03500366210938,216.58999633789062,217.27000427246094,215.72000122070312,217.02999877929688,94580000,SPY
2016-11-15,189.50218200683594,218.27999877929688,218.27999877929688,216.8000030517578,217.0399932861328,91652600,SPY
2016-11-16,189.14620971679688,217.8699951171875,218.13999938964844,217.4199981689453,217.55999755859375,65617700,SPY
2016-11-17,190.1186065673828,218.99000549316406,219.05999755859375,217.9199981689453,218.0500030517578,69797200,SPY
2016-11-18,189.6931915283203,218.5,219.27000427246094,218.2899932861328,219.07000732421875,86265800,SPY
2016-11-21,191.1256866455078,220.14999389648438,220.17999267578125,219.0,219.1699981689453,72402600,SPY
2016-11-22,191.4989471435547,220.5800018310547,220.7899932861328,219.72999572753906,220.50999450683594,67429000,SPY
2016-11-23,191.60313415527344,220.6999969482422,220.75999450683594,219.75,219.97999572753906,56620200,SPY
2016-11-25,192.31504821777344,221.52000427246094,221.55999755859375,221.00999450683594,221.10000610351562,37872300,SPY
2016-11-28,191.41212463378906,220.47999572753906,221.47999572753906,220.36000061035156,221.16000366210938,76572500,SPY
2016-11-29,191.78546142578125,220.91000366210938,221.44000244140625,220.1699981689453,220.52000427246094,69886700,SPY
2016-11-30,191.3253173828125,220.3800048828125,221.82000732421875,220.30999755859375,221.6300048828125,113291800,SPY
2016-12-01,190.6221160888672,219.57000732421875,220.72999572753906,219.14999389648438,220.72999572753906,79040500,SPY
2016-12-02,190.71759033203125,219.67999267578125,220.25,219.25999450683594,219.6699981689453,74840300,SPY
2016-12-05,191.86358642578125,221.0,221.39999389648438,220.4199981689453,220.64999389648438,67837800,SPY
2016-12-06,192.47132873535156,221.6999969482422,221.74000549316406,220.66000366210938,221.22000122070312,59877400,SPY
2016-12-07,194.98898315429688,224.60000610351562,224.6699981689453,221.3800048828125,221.52000427246094,110738100,SPY
2016-12-08,195.4664764404297,225.14999389648438,225.6999969482422,224.25999450683594,224.57000732421875,99714400,SPY
2016-12-09,196.64720153808594,226.50999450683594,226.52999877929688,225.3699951171875,225.41000366210938,88005800,SPY
2016-12-12,196.42141723632812,226.25,226.9600067138672,225.75999450683594,226.39999389648438,102016100,SPY
2016-12-13,197.73231506347656,227.75999450683594,228.33999633789062,227.0,227.02000427246094,110477500,SPY
2016-12-14,196.10025024414062,225.8800048828125,228.22999572753906,225.3699951171875,227.41000366210938,142501800,SPY
2016-12-15,196.9075927734375,226.80999755859375,227.80999755859375,225.88999938964844,226.16000366210938,124972600,SPY
2016-12-16,196.52247619628906,225.0399932861328,226.0800018310547,224.6699981689453,226.00999450683594,156420200,SPY
2016-12-19,196.95037841796875,225.52999877929688,226.02000427246094,225.0800018310547,225.25,90341100,SPY
2016-12-20,197.7101287841797,226.39999389648438,226.57000732421875,225.8800048828125,226.14999389648438,89838800,SPY
2016-12-21,197.16000366210938,225.77000427246094,226.4499969482422,225.77000427246094,226.25,67909000,SPY
2016-12-22,196.8194580078125,225.3800048828125,225.74000549316406,224.9199981689453,225.60000610351562,56219100,SPY
2016-12-23,197.10760498046875,225.7100067138672,225.72000122070312,225.2100067138672,225.42999267578125,36697800,SPY
2016-12-27,197.59664916992188,226.27000427246094,226.72999572753906,226.0,226.02000427246094,42672500,SPY
2016-12-28,195.96359252929688,224.39999389648438,226.58999633789062,224.27000427246094,226.57000732421875,64095000,SPY
2016-12-29,195.91998291015625,224.35000610351562,224.88999938964844,223.83999633789062,224.47999572753906,48696100,SPY
2016-12-30,195.20382690429688,223.52999877929688,224.8300018310547,222.72999572753906,224.72999572753906,108998300,SPY
2017-01-03,196.69717407226562,225.24000549316406,225.8300018310547,223.8800048828125,225.0399932861328,91366500,SPY
2017-01-04,197.86732482910156,226.5800018310547,226.75,225.61000061035156,225.6199951171875,78744400,SPY
2017-01-05,197.7101287841797,226.39999389648438,226.5800018310547,225.47999572753906,226.27000427246094,78379000,SPY
2017-01-06,198.4175262451172,227.2100067138672,227.75,225.89999389648438,226.52999877929688,71559900,SPY
2017-01-09,197.76251220703125,226.4600067138672,227.07000732421875,226.4199981689453,226.91000366210938,46939700,SPY
2017-01-10,197.76251220703125,226.4600067138672,227.4499969482422,226.00999450683594,226.47999572753906,63771900,SPY
2017-01-11,198.3214111328125,227.10000610351562,227.10000610351562,225.58999633789062,226.36000061035156,74650000,SPY
2017-01-12,197.8236846923828,226.52999877929688,226.75,224.9600067138672,226.5,72113200,SPY
2017-01-13,198.27777099609375,227.0500030517578,227.39999389648438,226.69000244140625,226.72999572753906,62717900,SPY
2017-01-17,197.57919311523438,226.25,226.77999877929688,225.8000030517578,226.30999755859375,61240800,SPY
2017-01-18,198.01577758789062,226.75,226.8000030517578,225.89999389648438,226.5399932861328,54793300,SPY
2017-01-19,197.28225708007812,225.91000366210938,227.0,225.41000366210938,226.83999633789062,66608800,SPY
2017-01-20,198.0070343017578,226.74000549316406,227.30999755859375,225.97000122070312,226.6999969482422,129168600,SPY
2017-01-23,197.49180603027344,226.14999389648438,226.80999755859375,225.27000427246094,226.74000549316406,75061600,SPY
2017-01-24,198.7581024169922,227.60000610351562,228.0800018310547,226.27000427246094,226.39999389648438,95555300,SPY
2017-01-25,200.4784698486328,229.57000732421875,229.57000732421875,228.50999450683594,228.6999969482422,84437700,SPY
2017-01-26,200.2688751220703,229.3300018310547,229.7100067138672,229.00999450683594,229.39999389648438,59970700,SPY
2017-01-27,199.95443725585938,228.97000122070312,229.58999633789062,228.75999450683594,229.4199981689453,59711100,SPY
2017-01-30,198.7144317626953,227.5500030517578,228.1999969482422,226.41000366210938,228.1699981689453,79737300,SPY
2017-01-31,198.6969451904297,227.52999877929688,227.60000610351562,226.32000732421875,226.97999572753906,75880800,SPY
2017-02-01,198.77554321289062,227.6199951171875,228.58999633789062,226.94000244140625,227.52999877929688,79117700,SPY
2017-02-02,198.9065399169922,227.77000427246094,228.10000610351562,226.82000732421875,227.6199951171875,69657600,SPY
2017-02-03,200.27757263183594,229.33999633789062,229.5500030517578,228.4600067138672,228.82000732421875,80563200,SPY
2017-02-06,199.91957092285156,228.92999267578125,229.3300018310547,228.5399932861328,228.8699951171875,57790100,SPY
2017-02-07,199.92825317382812,228.94000244140625,229.66000366210938,228.72000122070312,229.3800048828125,57931200,SPY
2017-02-08,200.19024658203125,229.24000549316406,229.38999938964844,228.30999755859375,228.94000244140625,51566200,SPY
2017-02-09,201.37786865234375,230.60000610351562,230.9499969482422,229.24000549316406,229.24000549316406,65955200,SPY
2017-02-10,202.17262268066406,231.50999450683594,231.77000427246094,230.6199951171875,231.0,66015900,SPY
2017-02-13,203.27296447753906,232.77000427246094,233.07000732421875,232.0500030517578,232.0800018310547,55182100,SPY
2017-02-14,204.0850830078125,233.6999969482422,233.7100067138672,232.16000366210938,232.55999755859375,71109000,SPY
2017-02-15,205.15052795410156,234.9199981689453,235.13999938964844,233.38999938964844,233.4499969482422,86785800,SPY
2017-02-16,204.97579956054688,234.72000122070312,235.16000366210938,233.85000610351562,234.9499969482422,84722400,SPY
2017-02-17,205.2989501953125,235.08999633789062,235.08999633789062,233.92999267578125,233.9499969482422,77204100,SPY
2017-02-21,206.52151489257812,236.49000549316406,236.69000244140625,235.50999450683594,235.52000427246094,88946100,SPY
2017-02-22,206.3381805419922,236.27999877929688,236.5399932861328,235.8300018310547,236.02000427246094,62115200,SPY
2017-02-23,206.47787475585938,236.44000244140625,236.89999389648438,235.55999755859375,236.8800048828125,74615900,SPY
2017-02-24,206.73983764648438,236.74000549316406,236.7899932861328,235.41000366210938,235.4600067138672,82381600,SPY
2017-02-27,207.06297302246094,237.11000061035156,237.30999755859375,236.35000610351562,236.63999938964844,56515400,SPY
2017-02-28,206.50404357910156,236.47000122070312,236.9499969482422,236.02000427246094,236.6699981689453,96961900,SPY
2017-03-01,209.39462280273438,239.77999877929688,240.32000732421875,238.3699951171875,238.38999938964844,149158200,SPY
2017-03-02,208.0760040283203,238.27000427246094,239.57000732421875,238.2100067138672,239.55999755859375,70246000,SPY
2017-03-03,208.20693969726562,238.4199981689453,238.61000061035156,237.72999572753906,238.1699981689453,81974300,SPY
2017-03-06,207.5869140625,237.7100067138672,238.1199951171875,237.00999450683594,237.5,55391500,SPY
2017-03-07,206.96690368652344,237.0,237.77000427246094,236.75999450683594,237.36000061035156,65103700,SPY
2017-03-08,206.58265686035156,236.55999755859375,237.63999938964844,236.39999389648438,237.33999633789062,78168800,SPY
2017-03-09,206.84461975097656,236.86000061035156,237.24000549316406,235.74000549316406,236.6999969482422,90683900,SPY
2017-03-10,207.5694580078125,237.69000244140625,238.02000427246094,236.58999633789062,237.97000122070312,81991700,SPY
2017-03-13,207.6741943359375,237.80999755859375,237.86000061035156,237.24000549316406,237.6199951171875,57256800,SPY
2017-03-14,206.87957763671875,236.89999389648438,237.24000549316406,236.19000244140625,237.17999267578125,59880800,SPY
2017-03-15,208.66976928710938,238.9499969482422,239.44000244140625,237.2899932861328,237.55999755859375,96081800,SPY
2017-03-16,208.25936889648438,238.47999572753906,239.1999969482422,238.10000610351562,239.11000061035156,78344000,SPY
2017-03-17,207.8936004638672,237.02999877929688,237.97000122070312,237.02999877929688,237.75,89002100,SPY
2017-03-20,207.66558837890625,236.77000427246094,237.36000061035156,236.32000732421875,237.02999877929688,52537000,SPY
2017-03-21,204.99917602539062,233.72999572753906,237.61000061035156,233.5800018310547,237.47000122070312,131809300,SPY
2017-03-22,205.48162841796875,234.27999877929688,234.61000061035156,233.0500030517578,233.77000427246094,97569200,SPY
2017-03-23,205.262451171875,234.02999877929688,235.33999633789062,233.60000610351562,234.27999877929688,100410300,SPY
2017-03-24,205.11328125,233.86000061035156,235.0399932861328,232.9600067138672,234.3800048828125,112504900,SPY
2017-03-27,204.9027557373047,233.6199951171875,233.9199981689453,231.61000061035156,231.92999267578125,87454500,SPY
2017-03-28,206.393798828125,235.32000732421875,235.80999755859375,233.13999938964844,233.27000427246094,93483900,SPY
2017-03-29,206.58676147460938,235.5399932861328,235.80999755859375,234.72999572753906,234.99000549316406,61950400,SPY
2017-03-30,207.2445526123047,236.2899932861328,236.52000427246094,235.27000427246094,235.47000122070312,56737900,SPY
2017-03-31,206.76219177246094,235.74000549316406,236.50999450683594,235.67999267578125,235.89999389648438,73733100,SPY
2017-04-03,206.40255737304688,235.3300018310547,236.02999877929688,233.91000366210938,235.8000030517578,85546500,SPY
2017-04-04,206.53411865234375,235.47999572753906,235.5800018310547,234.55999755859375,235.0,56466200,SPY
2017-04-05,205.92018127441406,234.77999877929688,237.38999938964844,234.5399932861328,236.25999450683594,108800600,SPY
2017-04-06,206.49903869628906,235.44000244140625,236.0399932861328,234.42999267578125,234.94000244140625,69135800,SPY
2017-04-07,206.28851318359375,235.1999969482422,236.0,234.63999938964844,235.14999389648438,74412300,SPY
2017-04-10,206.4113311767578,235.33999633789062,236.25999450683594,234.72999572753906,235.36000061035156,67615300,SPY
2017-04-11,206.16575622558594,235.05999755859375,235.17999267578125,233.33999633789062,234.89999389648438,88045300,SPY
2017-04-12,205.262451171875,234.02999877929688,234.9600067138672,233.77000427246094,234.74000549316406,81864400,SPY
2017-04-13,203.92916870117188,232.50999450683594,234.49000549316406,232.50999450683594,233.63999938964844,92880400,SPY
2017-04-17,205.73594665527344,234.57000732421875,234.57000732421875,232.8800048828125,233.11000061035156,68405400,SPY
2017-04-18,205.1220245361328,233.8699951171875,234.49000549316406,233.0800018310547,233.72000122070312,83225800,SPY
2017-04-19,204.7449188232422,233.44000244140625,234.9499969482422,233.17999267578125,234.52000427246094,68699900,SPY
2017-04-20,206.4113311767578,235.33999633789062,235.85000610351562,233.77999877929688,234.14999389648438,92572200,SPY
2017-04-21,205.75352478027344,234.58999633789062,235.30999755859375,234.1300048828125,235.25,110389800,SPY
2017-04-24,208.01638793945312,237.1699981689453,237.41000366210938,234.55999755859375,237.17999267578125,119209900,SPY
2017-04-25,209.22677612304688,238.5500030517578,238.9499969482422,237.80999755859375,237.91000366210938,76698300,SPY
2017-04-26,209.09519958496094,238.39999389648438,239.52999877929688,238.35000610351562,238.50999450683594,84702500,SPY
2017-04-27,209.27061462402344,238.60000610351562,238.9499969482422,237.97999572753906,238.77000427246094,57410300,SPY
2017-04-28,208.8145294189453,238.0800018310547,238.92999267578125,237.92999267578125,238.89999389648438,63532800,SPY
2017-05-01,209.3407440185547,238.67999267578125,239.1699981689453,238.1999969482422,238.67999267578125,66882500,SPY
2017-05-02,209.4197235107422,238.77000427246094,238.97999572753906,238.3000030517578,238.83999633789062,57375700,SPY
2017-05-03,209.16537475585938,238.47999572753906,238.8800048828125,237.6999969482422,238.77000427246094,73137700,SPY
2017-05-04,209.4109344482422,238.75999450683594,238.9199981689453,237.77999877929688,238.8300018310547,61462700,SPY
2017-05-05,210.2354278564453,239.6999969482422,239.72000122070312,238.67999267578125,239.19000244140625,62001300,SPY
2017-05-08,210.20033264160156,239.66000366210938,239.9199981689453,239.1699981689453,239.75,48385700,SPY
2017-05-09,210.00735473632812,239.44000244140625,240.19000244140625,239.0399932861328,239.9600067138672,51363200,SPY
2017-05-10,210.38449096679688,239.8699951171875,239.8699951171875,239.14999389648438,239.38999938964844,54293800,SPY
2017-05-11,209.95474243164062,239.3800048828125,239.57000732421875,238.1300048828125,239.35000610351562,62358300,SPY
2017-05-12,209.60391235351562,238.97999572753906,239.42999267578125,238.6699981689453,239.08999633789062,53912700,SPY
2017-05-15,210.76162719726562,240.3000030517578,240.44000244140625,239.4499969482422,239.47000122070312,61918900,SPY
2017-05-16,210.56869506835938,240.0800018310547,240.6699981689453,239.6300048828125,240.63999938964844,51241800,SPY
2017-05-17,206.83233642578125,235.82000732421875,240.0800018310547,235.75,240.0800018310547,172174100,SPY
2017-05-18,207.66558837890625,236.77000427246094,237.75,235.42999267578125,235.72999572753906,107047700,SPY
2017-05-19,209.01625061035156,238.30999755859375,239.0800018310547,237.27000427246094,237.3300018310547,115011400,SPY
2017-05-22,210.07752990722656,239.52000427246094,239.7100067138672,238.82000732421875,238.89999389648438,61010600,SPY
2017-05-23,210.54238891601562,240.0500030517578,240.24000549316406,239.50999450683594,239.9499969482422,48341700,SPY
2017-05-24,211.03353881835938,240.61000061035156,240.72999572753906,239.92999267578125,240.32000732421875,46927700,SPY
2017-05-25,212.04220581054688,241.75999450683594,242.0800018310547,240.9600067138672,241.1999969482422,64071700,SPY
2017-05-26,211.99835205078125,241.7100067138672,241.89999389648438,241.4499969482422,241.5399932861328,46629900,SPY
2017-05-30,211.81411743164062,241.5,241.7899932861328,241.16000366210938,241.33999633789062,35201900,SPY
2017-05-31,211.761474609375,241.44000244140625,241.8800048828125,240.63999938964844,241.83999633789062,91796000,SPY
2017-06-01,213.4454803466797,243.36000061035156,243.3800048828125,241.63999938964844,241.97000122070312,68962000,SPY
2017-06-02,214.1559295654297,244.1699981689453,244.35000610351562,243.0800018310547,243.4199981689453,88666100,SPY
2017-06-05,213.99807739257812,243.99000549316406,244.3000030517578,243.75999450683594,243.97000122070312,44698800,SPY
2017-06-06,213.31398010253906,243.2100067138672,243.97999572753906,243.1199951171875,243.33999633789062,50375400,SPY
2017-06-07,213.70864868164062,243.66000366210938,243.9199981689453,242.8300018310547,243.60000610351562,54144300,SPY
2017-06-08,213.8138885498047,243.77999877929688,244.3300018310547,243.1699981689453,243.77000427246094,65950700,SPY
2017-06-09,213.48931884765625,243.41000366210938,245.00999450683594,241.9499969482422,244.08999633789062,132256400,SPY
2017-06-12,213.4454803466797,243.36000061035156,243.4199981689453,242.3800048828125,243.1300048828125,86108100,SPY
2017-06-13,214.4892578125,244.5500030517578,244.61000061035156,243.5800018310547,243.97999572753906,60067000,SPY
2017-06-14,214.21730041503906,244.24000549316406,244.8699951171875,243.2899932861328,244.86000061035156,78602300,SPY
2017-06-15,213.8050994873047,243.77000427246094,243.91000366210938,242.36000061035156,242.67999267578125,66464900,SPY
2017-06-16,213.85182189941406,242.63999938964844,242.8300018310547,241.6300048828125,242.77000427246094,84553100,SPY
2017-06-19,215.63221740722656,244.66000366210938,244.72999572753906,243.47999572753906,243.58999633789062,65123800,SPY
2017-06-20,214.17794799804688,243.00999450683594,244.25999450683594,242.99000549316406,244.25,56906400,SPY
2017-06-21,214.1250457763672,242.9499969482422,243.58999633789062,242.41000366210938,243.4600067138672,55977600,SPY
2017-06-22,214.028076171875,242.83999633789062,243.52999877929688,242.63999938964844,242.9600067138672,44148100,SPY
2017-06-23,214.28367614746094,243.1300048828125,243.50999450683594,242.47000122070312,242.91000366210938,66986800,SPY
2017-06-26,214.42465209960938,243.2899932861328,244.3800048828125,243.0500030517578,243.89999389648438,56700500,SPY
2017-06-27,212.69725036621094,241.3300018310547,243.3800048828125,241.30999755859375,243.0399932861328,82247700,SPY
2017-06-28,214.6009521484375,243.49000549316406,243.72000122070312,242.22999572753906,242.5,70042600,SPY
2017-06-29,212.71484375,241.35000610351562,243.72000122070312,239.9600067138672,243.66000366210938,106949700,SPY
2017-06-30,213.11146545410156,241.8000030517578,242.7100067138672,241.5800018310547,242.27999877929688,86820700,SPY
2017-07-03,213.4728240966797,242.2100067138672,243.3800048828125,242.2100067138672,242.8800048828125,39153800,SPY
2017-07-05,213.96644592285156,242.77000427246094,243.00999450683594,241.6999969482422,242.6300048828125,54427600,SPY
2017-07-06,212.00979614257812,240.5500030517578,242.02999877929688,240.33999633789062,241.88999938964844,65400800,SPY
2017-07-07,213.3846893310547,242.11000061035156,242.27999877929688,240.55999755859375,241.2100067138672,57972300,SPY
2017-07-10,213.61386108398438,242.3699951171875,242.8000030517578,241.75999450683594,242.11000061035156,36663300,SPY
2017-07-11,213.45518493652344,242.19000244140625,242.5500030517578,240.85000610351562,242.3699951171875,50354600,SPY
2017-07-12,215.05926513671875,244.00999450683594,244.1999969482422,243.3000030517578,243.3000030517578,59610400,SPY
2017-07-13,215.420654296875,244.4199981689453,244.5500030517578,243.75999450683594,244.02000427246094,39471600,SPY
2017-07-14,216.42538452148438,245.55999755859375,245.97000122070312,244.30999755859375,244.4199981689453,60262700,SPY
2017-07-17,216.39894104003906,245.52999877929688,245.91000366210938,245.3300018310547,245.47000122070312,33531900,SPY
2017-07-18,216.51348876953125,245.66000366210938,245.72000122070312,244.6699981689453,245.05999755859375,42742500,SPY
2017-07-19,217.6857452392578,246.99000549316406,247.0,246.00999450683594,246.02000427246094,51034300,SPY
2017-07-20,217.78262329101562,247.10000610351562,247.4199981689453,246.47000122070312,247.27999877929688,47135200,SPY
2017-07-21,217.58876037597656,246.8800048828125,246.91000366210938,246.17999267578125,246.44000244140625,82340800,SPY
2017-07-24,217.53587341308594,246.82000732421875,246.97999572753906,246.27999877929688,246.7899932861328,46622300,SPY
2017-07-25,218.06468200683594,247.4199981689453,247.8000030517578,247.16000366210938,247.67999267578125,54915600,SPY
2017-07-26,218.07347106933594,247.42999267578125,247.7899932861328,247.1300048828125,247.75,47575400,SPY
2017-07-27,217.87081909179688,247.1999969482422,248.0,245.67999267578125,247.9600067138672,70766600,SPY
2017-07-28,217.61520385742188,246.91000366210938,247.05999755859375,246.1300048828125,246.64999389648438,50088400,SPY
2017-07-31,217.49185180664062,246.77000427246094,247.47999572753906,246.52999877929688,247.3699951171875,65838700,SPY
2017-08-01,217.9765625,247.32000732421875,247.5,246.72000122070312,247.4600067138672,55050400,SPY
2017-08-02,218.0823211669922,247.44000244140625,247.60000610351562,246.3699951171875,247.47000122070312,47211200,SPY
2017-08-03,217.65931701660156,246.9600067138672,247.33999633789062,246.63999938964844,247.30999755859375,40856000,SPY
2017-08-04,218.05587768554688,247.41000366210938,247.7899932861328,246.97000122070312,247.52000427246094,60191800,SPY
2017-08-07,218.46128845214844,247.8699951171875,247.8699951171875,247.3699951171875,247.49000549316406,31995000,SPY
2017-08-08,217.9236297607422,247.25999450683594,248.91000366210938,246.8300018310547,247.50999450683594,61719400,SPY
2017-08-09,217.9148406982422,247.25,247.30999755859375,246.05999755859375,246.47000122070312,62632600,SPY
2017-08-10,214.83892822265625,243.75999450683594,246.44000244140625,243.6999969482422,246.2899932861328,120479500,SPY
2017-08-11,215.15621948242188,244.1199951171875,244.8000030517578,243.75,244.02000427246094,74869900,SPY
2017-08-14,217.2891082763672,246.5399932861328,246.7899932861328,245.5500030517578,245.58999633789062,73291900,SPY
2017-08-15,217.26263427734375,246.50999450683594,247.0,246.16000366210938,246.97999572753906,55242700,SPY
2017-08-16,217.64166259765625,246.94000244140625,247.57000732421875,246.4499969482422,247.11000061035156,56715500,SPY
2017-08-17,214.24838256835938,243.08999633789062,246.60000610351562,243.08999633789062,246.24000549316406,128490400,SPY
2017-08-18,213.91354370117188,242.7100067138672,244.19000244140625,242.1999969482422,242.89999389648438,136748000,SPY
2017-08-21,214.0809783935547,242.89999389648438,243.1999969482422,241.8300018310547,242.63999938964844,65469700,SPY
2017-08-22,216.31959533691406,245.44000244140625,245.6199951171875,243.5500030517578,243.57000732421875,63140100,SPY
2017-08-23,215.54403686523438,244.55999755859375,245.0500030517578,244.16000366210938,244.3300018310547,50203800,SPY
2017-08-24,215.04168701171875,243.99000549316406,245.17999267578125,243.75,245.0,50741700,SPY
2017-08-25,215.54403686523438,244.55999755859375,245.61000061035156,244.38999938964844,244.89999389648438,64445900,SPY
2017-08-28,215.55287170410156,244.57000732421875,245.1999969482422,244.08999633789062,245.1699981689453,40565600,SPY
2017-08-29,215.79962158203125,244.85000610351562,245.14999389648438,242.92999267578125,243.05999755859375,51135700,SPY
2017-08-30,216.8219757080078,246.00999450683594,246.32000732421875,244.6199951171875,244.8300018310547,62030800,SPY
2017-08-31,218.12640380859375,247.49000549316406,247.77000427246094,246.0500030517578,246.72000122070312,103803900,SPY
2017-09-01,218.4348602294922,247.83999633789062,248.3300018310547,247.6699981689453,247.9199981689453,62007000,SPY
2017-09-05,216.86602783203125,246.05999755859375,247.52000427246094,244.9499969482422,247.25999450683594,91398800,SPY
2017-09-06,217.6063995361328,246.89999389648438,247.27999877929688,246.22999572753906,246.83999633789062,57916900,SPY
2017-09-07,217.57994079589844,246.8699951171875,247.27000427246094,246.39999389648438,247.25,58034700,SPY
2017-09-08,217.32437133789062,246.5800018310547,247.11000061035156,246.3000030517578,246.5399932861328,63832800,SPY
2017-09-11,219.64231872558594,249.2100067138672,249.3000030517578,248.02000427246094,248.0399932861328,71364800,SPY
2017-09-12,220.38265991210938,250.0500030517578,250.08999633789062,249.4199981689453,249.6300048828125,56896000,SPY
2017-09-13,220.4884490966797,250.1699981689453,250.2100067138672,249.58999633789062,249.72000122070312,59228000,SPY
2017-09-14,220.41786193847656,250.08999633789062,250.32000732421875,249.60000610351562,249.8000030517578,95446300,SPY
2017-09-15,220.7146453857422,249.19000244140625,249.2899932861328,248.57000732421875,248.69000244140625,95432400,SPY
2017-09-18,221.18406677246094,249.72000122070312,250.1199951171875,249.27999877929688,249.61000061035156,46235200,SPY
2017-09-19,221.40550231933594,249.97000122070312,250.07000732421875,249.60000610351562,250.0,47108100,SPY
2017-09-20,221.48519897460938,250.05999755859375,250.19000244140625,248.9199981689453,250.07000732421875,59574100,SPY
2017-09-21,220.89178466796875,249.38999938964844,249.97999572753906,249.19000244140625,249.8800048828125,48211400,SPY
2017-09-22,220.9361114501953,249.44000244140625,249.6300048828125,249.02000427246094,249.0500030517578,51214000,SPY
2017-09-25,220.4843292236328,248.92999267578125,249.5500030517578,248.0800018310547,249.14999389648438,57064400,SPY
2017-09-26,220.61721801757812,249.0800018310547,249.6999969482422,248.80999755859375,249.4199981689453,54082000,SPY
2017-09-27,221.4763641357422,250.0500030517578,250.49000549316406,248.8699951171875,249.8800048828125,81001400,SPY
2017-09-28,221.74208068847656,250.35000610351562,250.44000244140625,249.6300048828125,249.72999572753906,44778800,SPY
2017-09-29,222.52146911621094,251.22999572753906,251.32000732421875,250.1300048828125,250.33999633789062,85578000,SPY
2017-10-02,223.4869842529297,252.32000732421875,252.32000732421875,251.2899932861328,251.49000549316406,59023000,SPY
2017-10-03,223.96524047851562,252.86000061035156,252.88999938964844,252.22999572753906,252.32000732421875,66810200,SPY
2017-10-04,224.23098754882812,253.16000366210938,253.44000244140625,252.55999755859375,252.69000244140625,55953600,SPY
2017-10-05,225.5595703125,254.66000366210938,254.67999267578125,253.1999969482422,253.5399932861328,63522800,SPY
2017-10-06,225.30267333984375,254.3699951171875,254.6999969482422,253.85000610351562,254.14999389648438,80646000,SPY
2017-10-09,224.93067932128906,253.9499969482422,254.6999969482422,253.64999389648438,254.6300048828125,35803100,SPY
2017-10-10,225.52413940429688,254.6199951171875,255.0500030517578,253.97999572753906,254.60000610351562,43057400,SPY
2017-10-11,225.87838745117188,255.02000427246094,255.02000427246094,254.32000732421875,254.50999450683594,47674300,SPY
2017-10-12,225.5418701171875,254.63999938964844,255.05999755859375,254.3699951171875,254.66000366210938,47065100,SPY
2017-10-13,225.81643676757812,254.9499969482422,255.27000427246094,254.63999938964844,255.13999938964844,54800400,SPY
2017-10-16,226.11758422851562,255.2899932861328,255.50999450683594,254.82000732421875,255.2100067138672,38221700,SPY
2017-10-17,226.2769775390625,255.47000122070312,255.52000427246094,254.97999572753906,255.22999572753906,31561000,SPY
2017-10-18,226.4984130859375,255.72000122070312,255.9499969482422,255.5,255.89999389648438,40888300,SPY
2017-10-19,226.56045532226562,255.7899932861328,255.8300018310547,254.35000610351562,254.8300018310547,61903800,SPY
2017-10-20,227.72958374023438,257.1099853515625,257.1400146484375,255.77000427246094,256.70001220703125,89176400,SPY
2017-10-23,226.84385681152344,256.1099853515625,257.510009765625,256.0199890136719,257.4800109863281,63915300,SPY
2017-10-24,227.24246215820312,256.55999755859375,256.8299865722656,256.1499938964844,256.6000061035156,66935900,SPY
2017-10-25,226.11758422851562,255.2899932861328,256.30999755859375,254.0,256.17999267578125,103715300,SPY
2017-10-26,226.40989685058594,255.6199951171875,256.29998779296875,255.47999572753906,255.99000549316406,69798000,SPY
2017-10-27,228.26100158691406,257.7099914550781,257.8900146484375,255.6300048828125,256.4700012207031,85562500,SPY
2017-10-30,227.41075134277344,256.75,257.6000061035156,256.4100036621094,256.4700012207031,54285700,SPY
2017-10-31,227.76502990722656,257.1499938964844,257.44000244140625,256.80999755859375,257.17999267578125,60304800,SPY
2017-11-01,228.06617736816406,257.489990234375,258.42999267578125,257.07000732421875,258.0400085449219,54202700,SPY
2017-11-02,228.15475463867188,257.5899963378906,257.75,256.19000244140625,257.4100036621094,56449500,SPY
2017-11-03,228.91651916503906,258.45001220703125,258.5,257.29998779296875,257.7699890136719,59589700,SPY
2017-11-06,229.270751953125,258.8500061035156,259.0,258.2200012207031,258.29998779296875,49652600,SPY
2017-11-07,229.111328125,258.6700134277344,259.3500061035156,258.0899963378906,258.9700012207031,57502200,SPY
2017-11-08,229.50099182128906,259.1099853515625,259.2200012207031,258.1499938964844,258.4700012207031,50469600,SPY
2017-11-09,228.66847229003906,258.1700134277344,258.3900146484375,256.3599853515625,257.7300109863281,95085500,SPY
2017-11-10,228.59764099121094,258.0899963378906,258.2900085449219,257.3699951171875,257.7300109863281,59984700,SPY
2017-11-13,228.81019592285156,258.3299865722656,258.5899963378906,257.2699890136719,257.30999755859375,50228600,SPY
2017-11-14,228.27879333496094,257.7300109863281,257.8500061035156,256.5199890136719,257.4100036621094,61315200,SPY
2017-11-15,227.13612365722656,256.44000244140625,257.2200012207031,255.6300048828125,256.6199951171875,80811500,SPY
2017-11-16,229.0670623779297,258.6199951171875,259.0400085449219,257.4700012207031,257.5199890136719,67777000,SPY
2017-11-17,228.39389038085938,257.8599853515625,258.5899963378906,257.7699890136719,258.2200012207031,75756800,SPY
2017-11-20,228.7835693359375,258.29998779296875,258.5199890136719,257.8599853515625,258.1400146484375,48075500,SPY
2017-11-21,230.28050231933594,259.989990234375,260.20001220703125,258.260009765625,259.17999267578125,69176800,SPY
2017-11-22,230.0768280029297,259.760009765625,260.1499938964844,259.57000732421875,260.0,45033400,SPY
2017-11-24,230.6082000732422,260.3599853515625,260.4800109863281,260.1600036621094,260.32000732421875,27856500,SPY
2017-11-27,230.49307250976562,260.2300109863281,260.75,260.0,260.4100036621094,52274900,SPY
2017-11-28,232.83135986328125,262.8699951171875,262.8999938964844,260.6499938964844,260.760009765625,98971700,SPY
2017-11-29,232.68968200683594,262.7099914550781,263.6300048828125,262.20001220703125,263.0199890136719,77512100,SPY
2017-11-30,234.7268524169922,265.010009765625,266.04998779296875,263.6700134277344,263.760009765625,127894400,SPY
2017-12-01,234.23968505859375,264.4599914550781,265.30999755859375,260.760009765625,264.760009765625,164390900,SPY
2017-12-04,233.95628356933594,264.1400146484375,266.79998779296875,264.0799865722656,266.30999755859375,94040600,SPY
2017-12-05,233.11483764648438,263.19000244140625,265.1499938964844,263.0400085449219,263.19000244140625,77994500,SPY
2017-12-06,233.15904235839844,263.239990234375,263.7300109863281,262.7099914550781,263.29998779296875,75898600,SPY
2017-12-07,233.8942413330078,264.07000732421875,264.42999267578125,262.94000244140625,264.07000732421875,77218600,SPY
2017-12-08,235.16966247558594,265.510009765625,265.5199890136719,264.0299987792969,265.1600036621094,76563900,SPY
2017-12-11,235.87831115722656,266.30999755859375,266.3800048828125,265.4800109863281,266.30999755859375,83077500,SPY
2017-12-12,236.29452514648438,266.7799987792969,267.32000732421875,266.3500061035156,267.2099914550781,85195800,SPY
2017-12-13,236.26805114746094,266.75,267.55999755859375,266.6499938964844,267.05999755859375,102905400,SPY
2017-12-14,235.30258178710938,265.6600036621094,267.2200012207031,265.6000061035156,267.0899963378906,100666700,SPY
2017-12-15,237.26206970214844,266.510009765625,267.0400085449219,265.3900146484375,265.45001220703125,144610300,SPY
2017-12-18,238.76663208007812,268.20001220703125,268.6000061035156,267.9800109863281,268.1000061035156,83653600,SPY
2017-12-19,237.84957885742188,267.1700134277344,268.5299987792969,267.0899963378906,268.4800109863281,82382900,SPY
2017-12-20,237.72500610351562,267.0299987792969,268.3299865722656,266.69000244140625,268.2699890136719,76751500,SPY
2017-12-21,238.21463012695312,267.5799865722656,268.3900146484375,267.29998779296875,267.739990234375,67032300,SPY
2017-12-22,238.15231323242188,267.510009765625,267.6400146484375,266.8999938964844,267.6000061035156,78720900,SPY
2017-12-26,237.86737060546875,267.19000244140625,267.44000244140625,266.8900146484375,267.04998779296875,45244400,SPY
2017-12-27,237.98316955566406,267.32000732421875,267.7300109863281,267.010009765625,267.3800048828125,57751000,SPY
2017-12-28,238.47280883789062,267.8699951171875,267.9200134277344,267.45001220703125,267.8900146484375,45116100,SPY
2017-12-29,237.57362365722656,266.8599853515625,268.54998779296875,266.6400146484375,268.5299987792969,96007400,SPY
2018-01-02,239.27401733398438,268.7699890136719,268.80999755859375,267.3999938964844,267.8399963378906,86655700,SPY
2018-01-03,240.7873992919922,270.4700012207031,270.6400146484375,268.9599914550781,268.9599914550781,90070400,SPY
2018-01-04,241.80226135253906,271.6099853515625,272.1600036621094,270.5400085449219,271.20001220703125,80636400,SPY
2018-01-05,243.4137725830078,273.4200134277344,273.55999755859375,271.95001220703125,272.510009765625,83524000,SPY
2018-01-08,243.85887145996094,273.9200134277344,274.1000061035156,272.9800109863281,273.30999755859375,57319200,SPY
2018-01-09,244.4107666015625,274.5400085449219,275.25,274.0799865722656,274.3999938964844,57254000,SPY
2018-01-10,244.03683471679688,274.1199951171875,274.4200134277344,272.9200134277344,273.67999267578125,69574300,SPY
2018-01-11,245.8174285888672,276.1199951171875,276.1199951171875,274.55999755859375,274.75,62361500,SPY
2018-01-12,247.4198760986328,277.9200134277344,278.1099853515625,276.0799865722656,276.4200134277344,90816100,SPY
2018-01-16,246.57408142089844,276.9700012207031,280.0899963378906,276.17999267578125,279.3500061035156,106555100,SPY
2018-01-17,248.92434692382812,279.6099853515625,280.04998779296875,276.9700012207031,278.0299987792969,113258800,SPY
2018-01-18,248.5059814453125,279.1400146484375,279.9599914550781,278.5799865722656,279.4800109863281,100728000,SPY
2018-01-19,249.63653564453125,280.4100036621094,280.4100036621094,279.1400146484375,279.79998779296875,140920100,SPY
2018-01-22,251.66636657714844,282.69000244140625,282.69000244140625,280.1099853515625,280.1700134277344,91322400,SPY
2018-01-23,252.2004852294922,283.2900085449219,283.6199951171875,282.3699951171875,282.739990234375,97084700,SPY
2018-01-24,252.1025390625,283.17999267578125,284.70001220703125,281.8399963378906,284.0199890136719,134816100,SPY
2018-01-25,252.2094268798828,283.29998779296875,284.2699890136719,282.3999938964844,284.1600036621094,84587300,SPY
2018-01-26,255.12945556640625,286.5799865722656,286.6300048828125,283.9599914550781,284.25,107743100,SPY
2018-01-29,253.4380340576172,284.67999267578125,286.42999267578125,284.5,285.92999267578125,90118300,SPY
2018-01-30,250.8385467529297,281.760009765625,284.739990234375,281.2200012207031,282.6000061035156,131796400,SPY
2018-01-31,250.96304321289062,281.8999938964844,283.29998779296875,280.67999267578125,282.7300109863281,108364800,SPY
2018-02-01,250.6781463623047,281.5799865722656,283.05999755859375,280.67999267578125,281.07000732421875,90102500,SPY
2018-02-02,245.2209014892578,275.45001220703125,280.2300109863281,275.4100036621094,280.0799865722656,173174800,SPY
2018-02-05,234.96514892578125,263.92999267578125,275.8500061035156,263.30999755859375,273.45001220703125,294681800,SPY
2018-02-06,239.59445190429688,269.1300048828125,269.70001220703125,258.70001220703125,259.94000244140625,355026800,SPY
2018-02-07,238.29469299316406,267.6700134277344,272.3599853515625,267.5799865722656,268.5,167376100,SPY
2018-02-08,229.35659790039062,257.6300048828125,268.1700134277344,257.5899963378906,268.010009765625,246449500,SPY
2018-02-09,232.80178833007812,261.5,263.6099853515625,252.9199981689453,260.79998779296875,283565300,SPY
2018-02-12,236.22048950195312,265.3399963378906,267.010009765625,261.6600036621094,263.8299865722656,143736000,SPY
2018-02-13,236.80801391601562,266.0,266.6199951171875,263.30999755859375,263.9700012207031,81223600,SPY
2018-02-14,240.00404357910156,269.5899963378906,270.0,264.29998779296875,264.30999755859375,120735700,SPY
2018-02-15,243.06649780273438,273.0299987792969,273.0400085449219,268.7699890136719,271.57000732421875,111200300,SPY
2018-02-16,243.13768005371094,273.1099853515625,275.32000732421875,272.2699890136719,272.32000732421875,160420100,SPY
2018-02-20,241.61532592773438,271.3999938964844,273.6700134277344,270.5,272.0299987792969,86369700,SPY
2018-02-21,240.41348266601562,270.04998779296875,274.7200012207031,269.94000244140625,271.8999938964844,98883700,SPY
2018-02-22,240.7251434326172,270.3999938964844,273.04998779296875,269.6400146484375,271.1000061035156,110511300,SPY
2018-02-23,244.5621795654297,274.7099914550781,274.7099914550781,271.25,271.7900085449219,92766400,SPY
2018-02-26,247.4020538330078,277.8999938964844,278.010009765625,275.260009765625,275.92999267578125,86491400,SPY
2018-02-27,244.31289672851562,274.42999267578125,278.9200134277344,274.3599853515625,278.1099853515625,99099200,SPY
2018-02-28,241.83799743652344,271.6499938964844,276.19000244140625,271.2900085449219,275.67999267578125,121907800,SPY
2018-03-01,238.32144165039062,267.70001220703125,273.1700134277344,266.0,271.4100036621094,176855100,SPY
2018-03-02,239.54995727539062,269.0799865722656,269.7200012207031,264.82000732421875,265.79998779296875,139083200,SPY
2018-03-05,242.31866455078125,272.19000244140625,272.8900146484375,267.6099853515625,267.7300109863281,97307400,SPY
2018-03-06,242.93296813964844,272.8800048828125,273.3900146484375,271.17999267578125,273.29998779296875,79213200,SPY
2018-03-07,242.84393310546875,272.7799987792969,273.17999267578125,270.20001220703125,270.4200134277344,87063500,SPY
2018-03-08,244.01902770996094,274.1000061035156,274.239990234375,272.4200134277344,273.54998779296875,66901200,SPY
2018-03-09,248.26559448242188,278.8699951171875,278.8699951171875,275.3399963378906,275.70001220703125,113625300,SPY
2018-03-12,247.9540252685547,278.5199890136719,279.9100036621094,278.0799865722656,279.20001220703125,71924800,SPY
2018-03-13,246.35153198242188,276.7200012207031,280.4100036621094,276.0299987792969,279.8399963378906,91968900,SPY
2018-03-14,245.0873565673828,275.29998779296875,278.0199890136719,274.6700134277344,277.80999755859375,105895100,SPY
2018-03-15,244.82029724121094,275.0,276.6099853515625,274.42999267578125,275.8800048828125,83433000,SPY
2018-03-16,245.08578491210938,274.20001220703125,275.3900146484375,274.1400146484375,274.5,100343700,SPY
2018-03-19,241.7696990966797,270.489990234375,274.3999938964844,268.6199951171875,273.3500061035156,109208400,SPY
2018-03-20,242.18084716796875,270.95001220703125,271.6700134277344,270.17999267578125,270.94000244140625,59757300,SPY
2018-03-21,241.71607971191406,270.42999267578125,273.2699890136719,270.19000244140625,270.8999938964844,78709600,SPY
2018-03-22,235.6738739013672,263.6700134277344,268.8699951171875,263.3599853515625,267.9100036621094,148785900,SPY
2018-03-23,230.65054321289062,258.04998779296875,264.5400085449219,257.8299865722656,264.1700134277344,183534800,SPY
2018-03-26,236.96092224121094,265.1099853515625,265.42999267578125,259.4100036621094,262.1300048828125,141956100,SPY
2018-03-27,232.9298553466797,260.6000061035156,266.7699890136719,258.8399963378906,266.1700134277344,129941400,SPY
2018-03-28,232.2415313720703,259.8299865722656,262.6400146484375,258.5799865722656,260.75,146452300,SPY
2018-03-29,235.20901489257812,263.1499938964844,265.260009765625,259.8399963378906,261.1199951171875,111601600,SPY
2018-04-02,230.13214111328125,257.4700012207031,263.1300048828125,254.6699981689453,262.54998779296875,186286300,SPY
2018-04-03,233.0817413330078,260.7699890136719,261.30999755859375,256.8399963378906,258.8699951171875,119956900,SPY
2018-04-04,235.5755157470703,263.55999755859375,264.3599853515625,256.6000061035156,256.75,123715300,SPY
2018-04-05,237.43460083007812,265.6400146484375,266.6400146484375,264.32000732421875,265.54998779296875,82652600,SPY
2018-04-06,232.14324951171875,259.7200012207031,265.1099853515625,258.0,263.4200134277344,179521200,SPY
2018-04-09,233.2872772216797,261.0,264.8399963378906,259.94000244140625,261.3699951171875,105442900,SPY
2018-04-10,236.99668884277344,265.1499938964844,266.0400085449219,262.9800109863281,264.2699890136719,103529000,SPY
2018-04-11,235.75430297851562,263.760009765625,265.6400146484375,263.3900146484375,263.4700012207031,91140200,SPY
2018-04-12,237.6938018798828,265.92999267578125,267.0,265.05999755859375,265.260009765625,68890500,SPY
2018-04-13,236.99668884277344,265.1499938964844,267.5400085449219,264.010009765625,267.4100036621094,85079200,SPY
2018-04-16,238.94515991210938,267.3299865722656,268.20001220703125,266.07000732421875,267.0,63405300,SPY
2018-04-17,241.5015869140625,270.19000244140625,270.8699951171875,268.75,269.3299865722656,64682000,SPY
2018-04-18,241.68032836914062,270.3900146484375,271.29998779296875,269.8699951171875,270.69000244140625,57303900,SPY
2018-04-19,240.339599609375,268.8900146484375,269.8800048828125,267.7200012207031,269.6499938964844,77655900,SPY
2018-04-20,238.3016815185547,266.6099853515625,269.05999755859375,265.6099853515625,268.80999755859375,99953100,SPY
2018-04-23,238.2659454345703,266.57000732421875,267.8900146484375,265.3500061035156,267.260009765625,65558000,SPY
2018-04-24,235.05712890625,262.9800109863281,267.9800109863281,261.2799987792969,267.7300109863281,112885500,SPY
2018-04-25,235.63809204101562,263.6300048828125,264.1300048828125,260.8500061035156,262.9100036621094,103840900,SPY
2018-04-26,238.0335235595703,266.30999755859375,267.25,264.2900085449219,264.7900085449219,67731900,SPY
2018-04-27,238.2569580078125,266.55999755859375,267.3399963378906,265.5,267.0,57053600,SPY
2018-04-30,236.42469787597656,264.510009765625,267.8900146484375,264.42999267578125,267.260009765625,82182300,SPY
2018-05-01,236.8447723388672,264.9800109863281,265.1000061035156,262.1099853515625,263.8699951171875,74203400,SPY
2018-05-02,235.25376892089844,263.20001220703125,265.67999267578125,262.760009765625,264.760009765625,86368900,SPY
2018-05-03,234.7353515625,262.6199951171875,263.3599853515625,259.04998779296875,262.260009765625,136311500,SPY
2018-05-04,237.7742919921875,266.0199890136719,266.7900085449219,261.1499938964844,261.5199890136719,91222100,SPY
2018-05-07,238.57876586914062,266.9200134277344,268.0199890136719,266.1099853515625,266.8900146484375,55304900,SPY
2018-05-08,238.57876586914062,266.9200134277344,267.3299865722656,265.1499938964844,266.5,67499200,SPY
2018-05-09,240.88478088378906,269.5,269.8699951171875,267.0899963378906,267.67999267578125,59666100,SPY
2018-05-10,243.13723754882812,272.0199890136719,272.3900146484375,270.2200012207031,270.3399963378906,72063900,SPY
2018-05-11,243.879150390625,272.8500061035156,273.1499938964844,271.5799865722656,272.1600036621094,59871500,SPY
2018-05-14,243.99533081054688,272.9800109863281,274.0799865722656,272.3599853515625,273.3399963378906,54790600,SPY
2018-05-15,242.31495666503906,271.1000061035156,271.6099853515625,270.0299987792969,271.5899963378906,87036100,SPY
2018-05-16,243.3339385986328,272.239990234375,272.760009765625,271.1099853515625,271.1400146484375,53942600,SPY
2018-05-17,243.1282958984375,272.010009765625,273.2300109863281,271.1300048828125,271.94000244140625,56536400,SPY
2018-05-18,242.5205078125,271.3299865722656,272.0299987792969,270.92999267578125,271.6199951171875,64368000,SPY
2018-05-21,244.3439483642578,273.3699951171875,273.9800109863281,272.57000732421875,273.010009765625,58025900,SPY
2018-05-22,243.66455078125,272.6099853515625,274.25,272.239990234375,273.9599914550781,52966400,SPY
2018-05-23,244.3349609375,273.3599853515625,273.3900146484375,270.989990234375,271.1700134277344,64694200,SPY
2018-05-24,243.8343963623047,272.79998779296875,273.2200012207031,270.7799987792969,272.9100036621094,76043800,SPY
2018-05-25,243.25340270996094,272.1499938964844,272.8599853515625,271.5799865722656,272.1499938964844,56374800,SPY
2018-05-29,240.45578002929688,269.0199890136719,271.1700134277344,267.760009765625,270.30999755859375,115908600,SPY
2018-05-30,243.66455078125,272.6099853515625,273.1099853515625,270.4200134277344,270.5,69678400,SPY
2018-05-31,242.17193603515625,270.94000244140625,272.489990234375,270.260009765625,272.1499938964844,93519900,SPY
2018-06-01,244.54953002929688,273.6000061035156,273.94000244140625,272.3299865722656,272.4100036621094,71258400,SPY
2018-06-04,245.7115020751953,274.8999938964844,275.19000244140625,274.260009765625,274.5299987792969,45385200,SPY
2018-06-05,245.89019775390625,275.1000061035156,275.5299987792969,274.17999267578125,275.04998779296875,51135000,SPY
2018-06-06,247.9459228515625,277.3999938964844,277.5199890136719,275.0899963378906,275.7900085449219,62732200,SPY
2018-06-07,247.9191131591797,277.3699951171875,278.2799987792969,276.3399963378906,277.95001220703125,72969400,SPY
2018-06-08,248.652099609375,278.19000244140625,278.25,276.6600036621094,276.8500061035156,72139700,SPY
2018-06-11,248.98281860351562,278.55999755859375,279.3699951171875,278.30999755859375,278.44000244140625,58892500,SPY
2018-06-12,249.3046112060547,278.9200134277344,279.3299865722656,278.19000244140625,279.0299987792969,72329000,SPY
2018-06-13,248.50912475585938,278.0299987792969,279.4800109863281,277.79998779296875,279.19000244140625,79070600,SPY
2018-06-14,249.1348114013672,278.7300109863281,279.3299865722656,278.05999755859375,279.010009765625,77097600,SPY
2018-06-15,248.81698608398438,277.1300048828125,277.510009765625,275.3500061035156,276.6000061035156,120041600,SPY
2018-06-18,248.30519104003906,276.55999755859375,276.70001220703125,274.95001220703125,275.489990234375,52917600,SPY
2018-06-19,247.35354614257812,275.5,275.75,273.5299987792969,274.0,97531500,SPY
2018-06-20,247.7755126953125,275.9700012207031,276.7200012207031,275.5899963378906,276.2699890136719,53785500,SPY
2018-06-21,246.22216796875,274.239990234375,275.9800109863281,273.67999267578125,275.9599914550781,71061400,SPY
2018-06-22,246.6710968017578,274.739990234375,275.7900085449219,274.489990234375,275.6600036621094,54898500,SPY
2018-06-25,243.31324768066406,271.0,273.6199951171875,269.1000061035156,273.44000244140625,137854200,SPY
2018-06-26,243.85195922851562,271.6000061035156,272.55999755859375,270.7900085449219,271.6400146484375,68547400,SPY
2018-06-27,241.83181762695312,269.3500061035156,273.8699951171875,269.17999267578125,272.260009765625,105110700,SPY
2018-06-28,243.2144775390625,270.8900146484375,271.75,268.489990234375,269.2900085449219,76650500,SPY
2018-06-29,243.5646209716797,271.2799987792969,273.6600036621094,271.1499938964844,272.1199951171875,97592500,SPY
2018-07-02,244.08535766601562,271.8599853515625,272.0400085449219,269.239990234375,269.510009765625,63554800,SPY
2018-07-03,243.22340393066406,270.8999938964844,272.9800109863281,270.4200134277344,272.8699951171875,42187100,SPY
2018-07-05,245.20761108398438,273.1099853515625,273.17999267578125,270.9599914550781,272.1700134277344,56925900,SPY
2018-07-06,247.28170776367188,275.4200134277344,275.8399963378906,272.7099914550781,273.1400146484375,66493700,SPY
2018-07-09,249.50827026367188,277.8999938964844,277.9599914550781,276.5,276.54998779296875,50550400,SPY
2018-07-10,250.40609741210938,278.8999938964844,279.010009765625,278.0799865722656,278.4100036621094,51966800,SPY
2018-07-11,248.5745086669922,276.8599853515625,278.0400085449219,276.5199890136719,277.1499938964844,77054700,SPY
2018-07-12,250.8280792236328,279.3699951171875,279.42999267578125,277.6000061035156,278.2799987792969,60124700,SPY
2018-07-13,251.02560424804688,279.5899963378906,279.92999267578125,278.6600036621094,279.1700134277344,48216000,SPY
2018-07-16,250.80117797851562,279.3399963378906,279.79998779296875,278.8399963378906,279.6400146484375,48201000,SPY
2018-07-17,251.81573486328125,280.4700012207031,280.9100036621094,278.4100036621094,278.4700012207031,52315500,SPY
2018-07-18,252.345458984375,281.05999755859375,281.17999267578125,280.05999755859375,280.55999755859375,44593500,SPY
2018-07-19,251.39385986328125,280.0,280.739990234375,279.4599914550781,280.30999755859375,61412100,SPY
2018-07-20,251.10643005371094,279.67999267578125,280.4800109863281,279.5,279.7699890136719,82337700,SPY
2018-07-23,251.5732879638672,280.20001220703125,280.42999267578125,279.05999755859375,279.45001220703125,47047600,SPY
2018-07-24,252.8393096923828,281.6099853515625,282.55999755859375,280.6300048828125,281.7900085449219,68026900,SPY
2018-07-25,254.9940643310547,284.010009765625,284.3699951171875,281.2799987792969,281.3299865722656,78882900,SPY
2018-07-26,254.3925323486328,283.3399963378906,284.1099853515625,283.0899963378906,283.20001220703125,57919500,SPY
2018-07-27,252.66867065429688,281.4200134277344,283.82000732421875,280.3800048828125,283.7099914550781,76768700,SPY
2018-07-30,251.3488006591797,279.95001220703125,281.69000244140625,279.3599853515625,281.510009765625,63742500,SPY
2018-07-31,252.58787536621094,281.3299865722656,282.0199890136719,280.3800048828125,280.80999755859375,68570500,SPY
2018-08-01,252.16586303710938,280.8599853515625,282.1300048828125,280.1300048828125,281.55999755859375,53853300,SPY
2018-08-02,253.5395965576172,282.3900146484375,282.5799865722656,279.1600036621094,279.3900146484375,63426400,SPY
2018-08-03,254.6259765625,283.6000061035156,283.6600036621094,282.3299865722656,282.5299987792969,53935400,SPY
2018-08-06,255.55972290039062,284.6400146484375,284.989990234375,283.20001220703125,283.6400146484375,39400900,SPY
2018-08-07,256.4035949707031,285.5799865722656,286.010009765625,285.239990234375,285.3900146484375,43196600,SPY
2018-08-08,256.2958984375,285.4599914550781,285.9100036621094,284.94000244140625,285.3900146484375,42114600,SPY
2018-08-09,255.9457550048828,285.07000732421875,285.9700012207031,284.9200134277344,285.5299987792969,35717000,SPY
2018-08-10,254.23092651367188,283.1600036621094,284.05999755859375,282.3599853515625,283.45001220703125,77076000,SPY
2018-08-13,253.2791290283203,282.1000061035156,284.1600036621094,281.7699890136719,283.4700012207031,65732900,SPY
2018-08-14,254.89532470703125,283.8999938964844,284.1700134277344,282.4800109863281,282.9200134277344,43842000,SPY
2018-08-15,252.99192810058594,281.7799987792969,282.5400085449219,280.1600036621094,282.3800048828125,102925400,SPY
2018-08-16,255.03890991210938,284.05999755859375,285.0400085449219,283.3599853515625,283.3999938964844,69967900,SPY
2018-08-17,255.9367218017578,285.05999755859375,285.55999755859375,283.3699951171875,283.8299865722656,65618500,SPY
2018-08-20,256.4844970703125,285.6700134277344,285.9700012207031,285.05999755859375,285.57000732421875,39807500,SPY
2018-08-21,257.0860595703125,286.3399963378906,287.30999755859375,285.7099914550781,286.25,67272000,SPY
2018-08-22,256.93341064453125,286.1700134277344,286.760009765625,285.5799865722656,285.8800048828125,44993300,SPY
2018-08-23,256.5921630859375,285.7900085449219,286.94000244140625,285.42999267578125,285.9700012207031,49204900,SPY
2018-08-24,258.1365051269531,287.510009765625,287.6700134277344,286.3800048828125,286.44000244140625,57487400,SPY
2018-08-27,260.174560546875,289.7799987792969,289.8999938964844,288.67999267578125,288.8599853515625,57072400,SPY
2018-08-28,260.30023193359375,289.9200134277344,290.4200134277344,289.3999938964844,290.29998779296875,46943500,SPY
2018-08-29,261.70086669921875,291.4800109863281,291.739990234375,289.8900146484375,290.1600036621094,61485500,SPY
2018-08-30,260.6414489746094,290.29998779296875,291.3599853515625,289.6300048828125,290.94000244140625,61229500,SPY
2018-08-31,260.6503601074219,290.30999755859375,290.80999755859375,289.2900085449219,289.8399963378906,66140800,SPY
2018-09-04,260.20147705078125,289.80999755859375,290.2099914550781,288.67999267578125,289.8399963378906,57594400,SPY
2018-09-05,259.5011901855469,289.0299987792969,289.6400146484375,287.8900146484375,289.4100036621094,72452400,SPY
2018-09-06,258.7200927734375,288.1600036621094,289.489990234375,287.0,289.1499938964844,65909900,SPY
2018-09-07,258.21728515625,287.6000061035156,288.70001220703125,286.7099914550781,286.9800109863281,73524800,SPY
2018-09-10,258.66619873046875,288.1000061035156,289.0400085449219,287.8800048828125,288.739990234375,50210900,SPY
2018-09-11,259.5191345214844,289.04998779296875,289.54998779296875,286.9800109863281,287.3699951171875,50530500,SPY
2018-09-12,259.5819396972656,289.1199951171875,289.79998779296875,288.2300109863281,289.05999755859375,59810800,SPY
2018-09-13,261.1173095703125,290.8299865722656,291.0400085449219,290.0,290.32000732421875,51034200,SPY
2018-09-14,261.162109375,290.8800048828125,291.2699890136719,290.0,291.05999755859375,55079900,SPY
2018-09-17,259.7794189453125,289.3399963378906,290.8599853515625,289.0299987792969,290.82000732421875,68244000,SPY
2018-09-18,261.18914794921875,290.9100036621094,291.5799865722656,289.54998779296875,289.5799865722656,61930400,SPY
2018-09-19,261.4674377441406,291.2200012207031,291.69000244140625,290.8299865722656,290.9700012207031,49080600,SPY
2018-09-20,263.58636474609375,293.5799865722656,293.94000244140625,291.239990234375,292.6400146484375,100360600,SPY
2018-09-21,263.3454895019531,291.989990234375,293.2200012207031,291.80999755859375,293.0899963378906,105479700,SPY
2018-09-24,262.4707336425781,291.0199890136719,291.5,290.3699951171875,291.3399963378906,53409600,SPY
2018-09-25,262.2271728515625,290.75,291.6499938964844,290.4800109863281,291.5299987792969,44370000,SPY
2018-09-26,261.44256591796875,289.8800048828125,292.239990234375,289.4100036621094,290.9100036621094,79739700,SPY
2018-09-27,262.1730041503906,290.69000244140625,291.9100036621094,290.1000061035156,290.4100036621094,59249500,SPY
2018-09-28,262.20013427734375,290.7200012207031,291.2799987792969,289.95001220703125,289.989990234375,70091400,SPY
2018-10-01,263.11102294921875,291.7300109863281,292.92999267578125,290.9800109863281,292.1099853515625,62078900,SPY
2018-10-02,262.957763671875,291.55999755859375,292.3599853515625,291.1400146484375,291.55999755859375,47258200,SPY
2018-10-03,263.10198974609375,291.7200012207031,293.2099914550781,291.32000732421875,292.739990234375,64694600,SPY
2018-10-04,261.0456848144531,289.44000244140625,291.239990234375,287.6600036621094,291.17999267578125,111545900,SPY
2018-10-05,259.5845947265625,287.82000732421875,290.2699890136719,286.2200012207031,289.69000244140625,105951700,SPY
2018-10-08,259.5845947265625,287.82000732421875,288.2200012207031,285.5,287.04998779296875,87742200,SPY
2018-10-09,259.2059020996094,287.3999938964844,288.8599853515625,286.7699890136719,287.3900146484375,74339000,SPY
2018-10-10,250.99853515625,278.29998779296875,286.9100036621094,277.8800048828125,286.8299865722656,214731000,SPY
2018-10-11,245.4699249267578,272.1700134277344,278.8999938964844,270.3599853515625,277.0799865722656,274840500,SPY
2018-10-12,248.87905883789062,275.95001220703125,277.0899963378906,272.3699951171875,276.7699890136719,183186500,SPY
2018-10-15,247.4810791015625,274.3999938964844,277.0400085449219,274.29998779296875,275.54998779296875,102263700,SPY
2018-10-16,252.8925018310547,280.3999938964844,280.82000732421875,276.07000732421875,276.6000061035156,118255800,SPY
2018-10-17,252.93763732910156,280.45001220703125,281.1499938964844,277.55999755859375,280.44000244140625,110626000,SPY
2018-10-18,249.284912109375,276.3999938964844,280.07000732421875,274.9700012207031,279.3999938964844,134557500,SPY
2018-10-19,249.14964294433594,276.25,279.29998779296875,275.4700012207031,277.1300048828125,139901600,SPY
2018-10-22,248.03128051757812,275.010009765625,277.3599853515625,274.4100036621094,277.0,82415800,SPY
2018-10-23,246.7685546875,273.6099853515625,274.8699951171875,268.6099853515625,270.95001220703125,146352700,SPY
2018-10-24,239.2919158935547,265.32000732421875,273.760009765625,264.70001220703125,273.3299865722656,177806700,SPY
2018-10-25,243.58486938476562,270.0799865722656,271.80999755859375,266.2300109863281,267.3800048828125,138061500,SPY
2018-10-26,239.3009490966797,265.3299865722656,271.0,262.2900085449219,265.9200134277344,201574600,SPY
2018-10-29,237.97509765625,263.8599853515625,270.25,259.8500061035156,268.79998779296875,160749100,SPY
2018-10-30,241.50152587890625,267.7699890136719,268.1199951171875,263.1199951171875,263.6700134277344,157116000,SPY
2018-10-31,244.08094787597656,270.6300048828125,273.2300109863281,270.1199951171875,270.6499938964844,128296300,SPY
2018-11-01,246.6784210205078,273.510009765625,273.7300109863281,270.3800048828125,271.6000061035156,99495000,SPY
2018-11-02,245.2173614501953,271.8900146484375,275.2300109863281,269.5899963378906,274.75,122634100,SPY
2018-11-05,246.57022094726562,273.3900146484375,274.010009765625,271.3500061035156,272.44000244140625,65622500,SPY
2018-11-06,248.13055419921875,275.1199951171875,275.29998779296875,273.25,273.32000732421875,60085900,SPY
2018-11-07,253.442626953125,281.010009765625,281.1000061035156,277.0799865722656,277.55999755859375,102752100,SPY
2018-11-08,252.98275756835938,280.5,281.2200012207031,279.2200012207031,280.1099853515625,65584900,SPY
2018-11-09,250.511474609375,277.760009765625,279.239990234375,276.17999267578125,279.0299987792969,98812600,SPY
2018-11-12,245.8306121826172,272.57000732421875,277.4599914550781,271.989990234375,277.19000244140625,99673600,SPY
2018-11-13,245.3706817626953,272.05999755859375,275.3299865722656,271.25,273.0899963378906,98176600,SPY
2018-11-14,243.6931610107422,270.20001220703125,274.6099853515625,268.45001220703125,274.1600036621094,125335900,SPY
2018-11-15,246.23655700683594,273.0199890136719,273.5400085449219,267.010009765625,268.7799987792969,135101400,SPY
2018-11-16,246.87680053710938,273.7300109863281,274.75,271.2099914550781,271.7900085449219,126668000,SPY
2018-11-19,242.70106506347656,269.1000061035156,273.3800048828125,268.07000732421875,273.04998779296875,103061700,SPY
2018-11-20,238.20960998535156,264.1199951171875,267.0,263.1499938964844,265.3599853515625,136021300,SPY
2018-11-21,239.0213165283203,265.0199890136719,267.1499938964844,265.010009765625,265.8599853515625,75563700,SPY
2018-11-23,237.42498779296875,263.25,264.82000732421875,263.07000732421875,263.17999267578125,42807900,SPY
2018-11-26,241.25799560546875,267.5,267.75,265.3399963378906,265.7799987792969,79981400,SPY
2018-11-27,242.06967163085938,268.3999938964844,268.3999938964844,265.6600036621094,266.3399963378906,75502400,SPY
2018-11-28,247.6434783935547,274.5799865722656,274.5799865722656,268.3299865722656,269.6000061035156,127629600,SPY
2018-11-29,247.10232543945312,273.9800109863281,275.54998779296875,272.42999267578125,273.7099914550781,82346400,SPY
2018-11-30,248.6085205078125,275.6499938964844,276.2799987792969,273.45001220703125,273.80999755859375,98204200,SPY
2018-12-03,251.90042114257812,279.29998779296875,280.3999938964844,277.510009765625,280.2799987792969,103176300,SPY
2018-12-04,243.7382354736328,270.25,278.8500061035156,269.8999938964844,278.3699951171875,177986000,SPY
2018-12-06,243.3684844970703,269.8399963378906,269.9700012207031,262.44000244140625,265.9200134277344,204185400,SPY
2018-12-07,237.71356201171875,263.57000732421875,271.2200012207031,262.6300048828125,269.4599914550781,161018900,SPY
2018-12-10,238.1644744873047,264.07000732421875,265.1600036621094,258.6199951171875,263.3699951171875,151445900,SPY
2018-12-11,238.2186737060547,264.1300048828125,267.8699951171875,262.4800109863281,267.6600036621094,121504400,SPY
2018-12-12,239.4181671142578,265.4599914550781,269.0,265.3699951171875,267.4700012207031,97976700,SPY
2018-12-13,239.3369598388672,265.3699951171875,267.489990234375,264.1199951171875,266.5199890136719,96662700,SPY
2018-12-14,234.91769409179688,260.4700012207031,264.0299987792969,259.8500061035156,262.9599914550781,116961100,SPY
2018-12-17,230.30899047851562,255.36000061035156,260.6499938964844,253.52999877929688,259.3999938964844,165492300,SPY
2018-12-18,230.05642700195312,255.0800018310547,257.95001220703125,253.27999877929688,257.20001220703125,134515100,SPY
2018-12-19,226.6111602783203,251.25999450683594,259.3999938964844,249.35000610351562,255.1699981689453,214992800,SPY
2018-12-20,222.92237854003906,247.1699981689453,251.6199951171875,244.64999389648438,249.86000061035156,252053400,SPY
2018-12-21,218.35484313964844,240.6999969482422,249.7100067138672,239.97999572753906,246.74000549316406,255345600,SPY
2018-12-24,212.58522033691406,234.33999633789062,240.83999633789062,234.27000427246094,239.0399932861328,147311600,SPY
2018-12-26,223.32606506347656,246.17999267578125,246.17999267578125,233.75999450683594,235.97000122070312,218485400,SPY
2018-12-27,225.0406036376953,248.07000732421875,248.2899932861328,238.9600067138672,242.57000732421875,186267300,SPY
2018-12-28,224.75030517578125,247.75,251.39999389648438,246.4499969482422,249.5800018310547,153100200,SPY
2018-12-31,226.7188720703125,249.9199981689453,250.19000244140625,247.47000122070312,249.55999755859375,144299400,SPY
2019-01-02,226.95474243164062,250.17999267578125,251.2100067138672,245.9499969482422,245.97999572753906,126925200,SPY
2019-01-03,221.53897094726562,244.2100067138672,248.57000732421875,243.6699981689453,248.22999572753906,144140700,SPY
2019-01-04,228.95960998535156,252.38999938964844,253.11000061035156,247.1699981689453,247.58999633789062,142628800,SPY
2019-01-07,230.76487731933594,254.3800048828125,255.9499969482422,251.69000244140625,252.69000244140625,103139100,SPY
2019-01-08,232.93296813964844,256.7699890136719,257.30999755859375,254.0,256.82000732421875,102512600,SPY
2019-01-09,234.02157592773438,257.9700012207031,258.9100036621094,256.19000244140625,257.55999755859375,95006600,SPY
2019-01-10,234.8471221923828,258.8800048828125,259.1600036621094,255.5,256.260009765625,96823900,SPY
2019-01-11,234.9378204345703,258.9800109863281,259.010009765625,257.0299987792969,257.67999267578125,73858100,SPY
2019-01-14,233.50453186035156,257.3999938964844,258.29998779296875,256.4100036621094,256.8599853515625,70908200,SPY
2019-01-15,236.1806182861328,260.3500061035156,260.70001220703125,257.80999755859375,257.82000732421875,85208300,SPY
2019-01-16,236.75213623046875,260.9800109863281,261.9700012207031,260.6000061035156,260.8299865722656,77636700,SPY
2019-01-17,238.54835510253906,262.9599914550781,263.9200134277344,259.9599914550781,260.010009765625,96118400,SPY
2019-01-18,241.72337341308594,266.4599914550781,266.9800109863281,263.0,264.9800109863281,127900300,SPY
2019-01-22,238.45761108398438,262.8599853515625,265.05999755859375,261.05999755859375,264.82000732421875,115531200,SPY
2019-01-23,238.95660400390625,263.4100036621094,264.7900085449219,260.6600036621094,264.010009765625,86030300,SPY
2019-01-24,239.0835418701172,263.54998779296875,264.20001220703125,262.0799865722656,263.2099914550781,59204100,SPY
2019-01-25,241.10655212402344,265.7799987792969,266.70001220703125,263.6600036621094,265.6099853515625,96883400,SPY
2019-01-28,239.27410888671875,263.760009765625,263.8299865722656,261.7900085449219,263.3900146484375,85613700,SPY
2019-01-29,238.95660400390625,263.4100036621094,264.54998779296875,262.4800109863281,263.9200134277344,66136300,SPY
2019-01-30,242.7394561767578,267.5799865722656,268.5199890136719,264.25,265.1000061035156,92473700,SPY
2019-01-31,244.87124633789062,269.92999267578125,270.4700012207031,267.2699890136719,267.510009765625,104012100,SPY
2019-02-01,244.98922729492188,270.05999755859375,271.20001220703125,269.17999267578125,270.1499938964844,85782500,SPY
2019-02-04,246.71286010742188,271.9599914550781,272.0299987792969,269.3599853515625,270.1099853515625,60744800,SPY
2019-02-05,247.7469482421875,273.1000061035156,273.44000244140625,271.8800048828125,272.44000244140625,79552800,SPY
2019-02-06,247.42044067382812,272.739990234375,273.3399963378906,271.9200134277344,272.7900085449219,58347800,SPY
2019-02-07,245.06182861328125,270.1400146484375,271.54998779296875,268.2900085449219,270.94000244140625,95482000,SPY
2019-02-08,245.36114501953125,270.4700012207031,270.5799865722656,267.8299865722656,268.75,75788900,SPY
2019-02-11,245.4971923828125,270.6199951171875,271.489990234375,270.0299987792969,271.20001220703125,68021400,SPY
2019-02-12,248.6541290283203,274.1000061035156,274.5199890136719,272.3399963378906,272.4200134277344,72270200,SPY
2019-02-13,249.4614715576172,274.989990234375,275.92999267578125,274.55999755859375,275.0299987792969,65277200,SPY
2019-02-14,248.90817260742188,274.3800048828125,275.6400146484375,272.8699951171875,273.7799987792969,83234400,SPY
2019-02-15,251.6205291748047,277.3699951171875,277.4100036621094,276.1300048828125,276.3599853515625,97088700,SPY
2019-02-19,252.0561065673828,277.8500061035156,278.5799865722656,276.4700012207031,276.4800109863281,59120800,SPY
2019-02-20,252.56402587890625,278.4100036621094,278.9200134277344,277.25,277.80999755859375,76610800,SPY
2019-02-21,251.6659393310547,277.4200134277344,278.1000061035156,276.3500061035156,277.70001220703125,64214700,SPY
2019-02-22,253.226318359375,279.1400146484375,279.3599853515625,277.3999938964844,278.1099853515625,78114600,SPY
2019-02-25,253.57098388671875,279.5199890136719,281.30999755859375,279.42999267578125,280.7300109863281,69030700,SPY
2019-02-26,253.38961791992188,279.32000732421875,280.29998779296875,278.8999938964844,279.1300048828125,56844100,SPY
2019-02-27,253.2807159423828,279.20001220703125,279.5899963378906,277.4800109863281,278.5199890136719,56921600,SPY
2019-02-28,252.80892944335938,278.67999267578125,279.45001220703125,278.32000732421875,278.9599914550781,69268300,SPY
2019-03-01,254.3874969482422,280.4200134277344,280.8800048828125,278.82000732421875,280.44000244140625,78880500,SPY
2019-03-04,253.46214294433594,279.3999938964844,281.8699951171875,276.8399963378906,281.6000061035156,106494600,SPY
2019-03-05,253.11744689941406,279.0199890136719,279.760009765625,278.4100036621094,279.5400085449219,59114600,SPY
2019-03-06,251.5843048095703,277.3299865722656,279.1600036621094,276.9700012207031,279.1499938964844,75039800,SPY
2019-03-07,249.47967529296875,275.010009765625,276.989990234375,274.07000732421875,276.8299865722656,94885100,SPY
2019-03-08,248.9806671142578,274.4599914550781,274.6499938964844,272.4200134277344,272.94000244140625,85795800,SPY
2019-03-11,252.59127807617188,278.44000244140625,278.6199951171875,275.2300109863281,275.260009765625,65098900,SPY
2019-03-12,253.5437469482422,279.489990234375,280.07000732421875,278.8500061035156,279.05999755859375,79667500,SPY
2019-03-13,255.2220916748047,281.3399963378906,282.3800048828125,280.29998779296875,280.4800109863281,80639200,SPY
2019-03-14,255.0586700439453,281.1600036621094,281.8399963378906,280.6700134277344,281.3699951171875,67518400,SPY
2019-03-15,256.31890869140625,281.30999755859375,282.2099914550781,280.3299865722656,280.5400085449219,81309000,SPY
2019-03-18,257.2481994628906,282.3299865722656,282.6600036621094,281.29998779296875,281.54998779296875,62199800,SPY
2019-03-19,257.31207275390625,282.3999938964844,284.3599853515625,281.4100036621094,283.510009765625,90268100,SPY
2019-03-20,256.53759765625,281.54998779296875,283.5,280.32000732421875,282.1600036621094,84609200,SPY
2019-03-21,259.43505859375,284.7300109863281,285.17999267578125,280.5899963378906,280.6400146484375,79550400,SPY
2019-03-22,254.44187927246094,279.25,283.79998779296875,279.17999267578125,283.2200012207031,122659300,SPY
2019-03-25,254.2505645751953,279.0400085449219,280.19000244140625,277.6400146484375,278.8699951171875,85575200,SPY
2019-03-26,256.145751953125,281.1199951171875,282.17999267578125,279.55999755859375,280.989990234375,68125900,SPY
2019-03-27,254.8063507080078,279.6499938964844,281.760009765625,277.92999267578125,281.1099853515625,72224700,SPY
2019-03-28,255.7721710205078,280.7099914550781,281.2099914550781,279.07000732421875,280.3500061035156,56238500,SPY
2019-03-29,257.3850402832031,282.4800109863281,282.8399963378906,281.1400146484375,282.3900146484375,82186800,SPY
2019-04-01,260.4373779296875,285.8299865722656,286.1600036621094,284.3999938964844,284.70001220703125,77617900,SPY
2019-04-02,260.5649108886719,285.9700012207031,286.2300109863281,285.0899963378906,286.0400085449219,40070400,SPY
2019-04-03,260.9749755859375,286.4200134277344,287.760009765625,285.75,287.32000732421875,68243200,SPY
2019-04-04,261.6675109863281,287.17999267578125,287.4599914550781,286.010009765625,286.7799987792969,48997500,SPY
2019-04-05,262.9339599609375,288.57000732421875,288.6300048828125,287.6000061035156,287.9200134277344,58621700,SPY
2019-04-08,263.1343078613281,288.7900085449219,288.9100036621094,287.3699951171875,288.1000061035156,53566300,SPY
2019-04-09,261.7858581542969,287.30999755859375,288.0799865722656,286.70001220703125,287.7200012207031,66142300,SPY
2019-04-10,262.6788024902344,288.2900085449219,288.3900146484375,287.30999755859375,287.7699890136719,52601500,SPY
2019-04-11,262.6058044433594,288.2099914550781,288.8399963378906,287.5799865722656,288.8299865722656,55093100,SPY
2019-04-12,264.38262939453125,290.1600036621094,290.4700012207031,288.260009765625,290.0,69727800,SPY
2019-04-15,264.20953369140625,289.9700012207031,290.3500061035156,289.0799865722656,290.239990234375,49596700,SPY
2019-04-16,264.38262939453125,290.1600036621094,291.010009765625,289.5,290.95001220703125,52153200,SPY
2019-04-17,263.73583984375,289.45001220703125,291.42999267578125,288.989990234375,291.3999938964844,58268300,SPY
2019-04-18,264.255126953125,290.0199890136719,290.32000732421875,288.6600036621094,290.1000061035156,68708500,SPY
2019-04-22,264.4828186035156,290.2699890136719,290.44000244140625,289.07000732421875,289.1700134277344,40160100,SPY
2019-04-23,266.86102294921875,292.8800048828125,293.1400146484375,290.4200134277344,290.67999267578125,52246600,SPY
2019-04-24,266.268798828125,292.2300109863281,293.1600036621094,292.07000732421875,292.7900085449219,50392900,SPY
2019-04-25,266.104736328125,292.04998779296875,292.7799987792969,290.7300109863281,292.1199951171875,57770900,SPY
2019-04-26,267.34393310546875,293.4100036621094,293.489990234375,291.239990234375,292.1000061035156,50916400,SPY
2019-04-29,267.76312255859375,293.8699951171875,294.45001220703125,293.4100036621094,293.510009765625,57197700,SPY
2019-04-30,267.89984130859375,294.0199890136719,294.3399963378906,291.9200134277344,293.489990234375,81111700,SPY
2019-05-01,265.8860778808594,291.80999755859375,294.95001220703125,291.79998779296875,294.7200012207031,71671900,SPY
2019-05-02,265.3120422363281,291.17999267578125,292.70001220703125,289.5199890136719,291.67999267578125,65030200,SPY
2019-05-03,267.90887451171875,294.0299987792969,294.3399963378906,291.29998779296875,292.82000732421875,56543700,SPY
2019-05-06,266.8064270019531,292.82000732421875,293.30999755859375,288.8999938964844,289.25,107198100,SPY
2019-05-07,262.35076904296875,287.92999267578125,290.80999755859375,285.80999755859375,290.1499938964844,144729900,SPY
2019-05-08,261.9863586425781,287.5299987792969,289.42999267578125,286.8699951171875,287.5299987792969,91568300,SPY
2019-05-09,261.1937255859375,286.6600036621094,287.3299865722656,283.29998779296875,285.2300109863281,103471100,SPY
2019-05-10,262.50567626953125,288.1000061035156,288.94000244140625,282.29998779296875,285.6199951171875,112429300,SPY
2019-05-13,255.9088134765625,280.8599853515625,283.489990234375,279.92999267578125,282.4200134277344,127290500,SPY
2019-05-14,258.22320556640625,283.3999938964844,285.1000061035156,281.8500061035156,281.989990234375,77003200,SPY
2019-05-15,259.7357177734375,285.05999755859375,285.7699890136719,281.3599853515625,281.5899963378906,73956400,SPY
2019-05-16,262.1412353515625,287.70001220703125,289.2099914550781,285.760009765625,285.8399963378906,76749600,SPY
2019-05-17,260.4463195800781,285.8399963378906,288.6000061035156,285.1199951171875,285.1400146484375,100353000,SPY
2019-05-20,258.72442626953125,283.95001220703125,285.9599914550781,283.1199951171875,284.05999755859375,62877600,SPY
2019-05-21,261.0570068359375,286.510009765625,286.92999267578125,285.54998779296875,285.8299865722656,46847100,SPY
2019-05-22,260.25506591796875,285.6300048828125,286.69000244140625,285.1000061035156,285.45001220703125,49482500,SPY
2019-05-23,257.07525634765625,282.1400146484375,283.2099914550781,280.57000732421875,283.1600036621094,98733800,SPY
2019-05-24,257.6583251953125,282.7799987792969,284.20001220703125,282.0899963378906,283.739990234375,55268100,SPY
2019-05-28,255.26194763183594,280.1499938964844,284.1499938964844,280.1300048828125,283.0899963378906,70029400,SPY
2019-05-29,253.54896545410156,278.2699890136719,279.3599853515625,276.7099914550781,278.9100036621094,104972900,SPY
2019-05-30,254.24151611328125,279.0299987792969,280.0400085449219,277.80999755859375,279.1099853515625,62523800,SPY
2019-05-31,250.8154754638672,275.2699890136719,277.1199951171875,275.239990234375,276.20001220703125,86862800,SPY
2019-06-03,250.1776580810547,274.57000732421875,276.54998779296875,273.0899963378906,275.30999755859375,96428000,SPY
2019-06-04,255.60818481445312,280.5299987792969,280.67999267578125,276.6199951171875,277.1199951171875,77231900,SPY
2019-06-05,257.8223571777344,282.9599914550781,282.989990234375,280.32000732421875,282.3299865722656,71169700,SPY
2019-06-06,259.49884033203125,284.79998779296875,285.54998779296875,282.57000732421875,283.2900085449219,69430400,SPY
2019-06-07,262.0956115722656,287.6499938964844,288.8500061035156,285.739990234375,285.92999267578125,74272200,SPY
2019-06-10,263.2984313964844,288.9700012207031,290.82000732421875,288.8699951171875,289.3699951171875,60799100,SPY
2019-06-11,263.2345886230469,288.8999938964844,291.3999938964844,288.17999267578125,290.989990234375,58641300,SPY
2019-06-12,262.7699890136719,288.3900146484375,289.260009765625,287.82000732421875,288.6400146484375,47096300,SPY
2019-06-13,263.8542175292969,289.5799865722656,289.9800109863281,288.6199951171875,289.3999938964844,48945200,SPY
2019-06-14,263.56268310546875,289.260009765625,289.92999267578125,288.4100036621094,289.260009765625,52324700,SPY
2019-06-17,263.6628112792969,289.3699951171875,290.2200012207031,289.17999267578125,289.5199890136719,39205700,SPY
2019-06-18,266.42364501953125,292.3999938964844,293.57000732421875,290.989990234375,291.3900146484375,85434800,SPY
2019-06-19,267.0250549316406,293.05999755859375,293.6499938964844,291.4700012207031,292.54998779296875,78674400,SPY
2019-06-20,269.57623291015625,295.8599853515625,296.30999755859375,293.1300048828125,296.0400085449219,116570000,SPY
2019-06-21,269.1844482421875,294.0,295.5199890136719,293.760009765625,294.1300048828125,83309500,SPY
2019-06-24,268.8548583984375,293.6400146484375,294.5799865722656,293.4700012207031,294.2300109863281,47582700,SPY
2019-06-25,266.2178649902344,290.760009765625,293.7300109863281,290.6400146484375,293.70001220703125,82028700,SPY
2019-06-26,265.9524230957031,290.4700012207031,292.30999755859375,290.3500061035156,291.75,51584900,SPY
2019-06-27,266.8954162597656,291.5,292.05999755859375,290.8900146484375,291.30999755859375,40355200,SPY
2019-06-28,268.2688293457031,293.0,293.54998779296875,292.010009765625,292.5799865722656,59350900,SPY
2019-07-01,270.70428466796875,295.6600036621094,296.9200134277344,294.3299865722656,296.67999267578125,78705600,SPY
2019-07-02,271.4093017578125,296.42999267578125,296.489990234375,294.67999267578125,295.6099853515625,61504500,SPY
2019-07-03,273.57916259765625,298.79998779296875,298.82000732421875,297.0199890136719,297.17999267578125,40898900,SPY
2019-07-05,273.2679443359375,298.4599914550781,298.6400146484375,296.010009765625,297.44000244140625,51677300,SPY
2019-07-08,271.7664489746094,296.82000732421875,298.260009765625,296.2200012207031,297.010009765625,45841800,SPY
2019-07-09,272.1051330566406,297.19000244140625,297.5199890136719,295.4800109863281,295.5400085449219,41101300,SPY
2019-07-10,273.4053039550781,298.6099853515625,299.6600036621094,297.7799987792969,298.3699951171875,58448500,SPY
2019-07-11,274.0461730957031,299.30999755859375,299.5799865722656,298.20001220703125,299.32000732421875,50826100,SPY
2019-07-12,275.2731018066406,300.6499938964844,300.7300109863281,299.510009765625,299.8500061035156,40326000,SPY
2019-07-15,275.36468505859375,300.75,301.1300048828125,300.19000244140625,301.1300048828125,33900000,SPY
2019-07-16,274.4765930175781,299.7799987792969,300.8800048828125,299.44000244140625,300.6499938964844,36650100,SPY
2019-07-17,272.6086730957031,297.739990234375,299.92999267578125,297.739990234375,299.75,36036300,SPY
2019-07-18,273.60675048828125,298.8299865722656,299.25,296.70001220703125,297.19000244140625,51392600,SPY
2019-07-19,272.0868225097656,297.1700134277344,300.07000732421875,296.9800109863281,300.0400085449219,58678600,SPY
2019-07-22,272.7552185058594,297.8999938964844,298.5,297.0400085449219,297.6099853515625,43638100,SPY
2019-07-23,274.7054138183594,300.0299987792969,300.0299987792969,298.2200012207031,299.1400146484375,44564500,SPY
2019-07-24,275.9964599609375,301.44000244140625,301.44000244140625,299.0899963378906,299.19000244140625,47213200,SPY
2019-07-25,274.6780090332031,300.0,301.0,299.1099853515625,300.94000244140625,55394100,SPY
2019-07-26,276.5183410644531,302.010009765625,302.2300109863281,300.6199951171875,300.760009765625,45084100,SPY
2019-07-29,276.0147705078125,301.4599914550781,302.010009765625,300.8500061035156,301.8800048828125,38126500,SPY
2019-07-30,275.3372497558594,300.7200012207031,301.1700134277344,299.489990234375,299.9100036621094,45849000,SPY
2019-07-31,272.324951171875,297.42999267578125,301.20001220703125,295.20001220703125,300.989990234375,104245200,SPY
2019-08-01,269.9535827636719,294.8399963378906,300.8699951171875,293.9599914550781,297.6000061035156,142646600,SPY
2019-08-02,267.9209289550781,292.6199951171875,294.1199951171875,290.8999938964844,293.8500061035156,116749700,SPY
2019-08-05,259.8636779785156,283.82000732421875,288.2099914550781,281.7200012207031,288.0899963378906,178745400,SPY
2019-08-06,263.50775146484375,287.79998779296875,288.0400085449219,284.2799987792969,285.9100036621094,120711700,SPY
2019-08-07,263.66339111328125,287.9700012207031,288.82000732421875,282.0400085449219,284.3999938964844,140572300,SPY
2019-08-08,268.8365173339844,293.6199951171875,293.6199951171875,289.010009765625,289.6199951171875,87713900,SPY
2019-08-09,267.0053405761719,291.6199951171875,293.239990234375,289.6499938964844,292.5799865722656,93730000,SPY
2019-08-12,263.7549743652344,288.07000732421875,291.6099853515625,287.0199890136719,289.9599914550781,65527600,SPY
2019-08-13,267.85687255859375,292.54998779296875,294.1499938964844,287.3599853515625,287.739990234375,94299800,SPY
2019-08-14,259.9369812011719,283.8999938964844,288.739990234375,283.760009765625,288.07000732421875,135622100,SPY
2019-08-15,260.62359619140625,284.6499938964844,285.6400146484375,282.3900146484375,284.8800048828125,99556600,SPY
2019-08-16,264.4691162109375,288.8500061035156,289.3299865722656,284.7099914550781,286.4800109863281,83018300,SPY
2019-08-19,267.6553649902344,292.3299865722656,293.0799865722656,291.44000244140625,292.19000244140625,53571800,SPY
2019-08-20,265.6045227050781,290.0899963378906,292.3599853515625,289.95001220703125,291.7699890136719,51596400,SPY
2019-08-21,267.76531982421875,292.45001220703125,292.8599853515625,291.7200012207031,292.4800109863281,49524700,SPY
2019-08-22,267.6827392578125,292.3599853515625,293.92999267578125,290.3999938964844,293.2300109863281,51666400,SPY
2019-08-23,260.8067321777344,284.8500061035156,292.760009765625,283.4700012207031,290.9200134277344,149161500,SPY
2019-08-26,263.6908264160156,288.0,288.0,285.5799865722656,287.2699890136719,72423800,SPY
2019-08-27,262.6562805175781,286.8699951171875,289.95001220703125,286.0299987792969,289.5400085449219,66668900,SPY
2019-08-28,264.5057678222656,288.8900146484375,289.07000732421875,285.25,286.1400146484375,59696700,SPY
2019-08-29,267.8843078613281,292.5799865722656,293.1600036621094,290.6099853515625,291.7200012207031,57899400,SPY
2019-08-30,267.76531982421875,292.45001220703125,294.239990234375,291.4200134277344,294.2200012207031,62901200,SPY
2019-09-03,266.1995849609375,290.739990234375,291.5799865722656,289.2699890136719,290.57000732421875,69101400,SPY
2019-09-04,269.22100830078125,294.0400085449219,294.05999755859375,292.30999755859375,293.1400146484375,46887300,SPY
2019-09-05,272.6820373535156,297.82000732421875,298.8299865722656,294.0,296.7900085449219,83258100,SPY
2019-09-06,272.892578125,298.04998779296875,298.760009765625,297.4200134277344,298.1700134277344,49584300,SPY
2019-09-09,273.02996826171875,298.20001220703125,299.239990234375,297.1600036621094,299.1400146484375,51260300,SPY
2019-09-10,272.9658203125,298.1300048828125,298.20001220703125,295.9700012207031,297.3599853515625,57947100,SPY
2019-09-11,274.9069519042969,300.25,300.3399963378906,297.75,298.4700012207031,68821100,SPY
2019-09-12,275.8591003417969,301.2900085449219,302.4599914550781,300.4100036621094,301.25,72908700,SPY
2019-09-13,275.6759948730469,301.0899963378906,302.1700134277344,300.67999267578125,301.7799987792969,62104800,SPY
2019-09-16,274.824462890625,300.1600036621094,301.1400146484375,299.45001220703125,299.8399963378906,58191200,SPY
2019-09-17,275.52044677734375,300.9200134277344,301.0199890136719,299.75,299.94000244140625,41475500,SPY
2019-09-18,275.6851501464844,301.1000061035156,301.2200012207031,298.239990234375,300.489990234375,73375800,SPY
2019-09-19,275.6667785644531,301.0799865722656,302.6300048828125,300.7099914550781,301.5299987792969,76560500,SPY
2019-09-20,274.36444091796875,298.2799987792969,300.6700134277344,297.4100036621094,300.3599853515625,89565000,SPY
2019-09-23,274.3000183105469,298.2099914550781,299.0,297.2699890136719,297.54998779296875,43476800,SPY
2019-09-24,272.1475830078125,295.8699951171875,299.8399963378906,294.80999755859375,299.4100036621094,94869400,SPY
2019-09-25,273.75726318359375,297.6199951171875,298.1099853515625,294.3299865722656,295.9599914550781,71854000,SPY
2019-09-26,273.18701171875,297.0,297.8599853515625,295.45001220703125,297.6300048828125,56179700,SPY
2019-09-27,271.7152404785156,295.3999938964844,297.95001220703125,293.69000244140625,297.8299865722656,84746600,SPY
2019-09-30,272.97540283203125,296.7699890136719,297.54998779296875,295.9200134277344,295.9700012207031,51662400,SPY
2019-10-01,269.7285461425781,293.239990234375,298.4599914550781,293.0,297.739990234375,88242400,SPY
2019-10-02,264.9637451171875,288.05999755859375,291.510009765625,286.6400146484375,291.5,122539500,SPY
2019-10-03,267.134521484375,290.4200134277344,290.45001220703125,284.82000732421875,287.80999755859375,85278800,SPY
2019-10-04,270.74945068359375,294.3500061035156,294.6300048828125,291.0799865722656,291.1400146484375,65091200,SPY
2019-10-07,269.58123779296875,293.0799865722656,295.260009765625,292.7699890136719,293.4700012207031,59610500,SPY
2019-10-08,265.39605712890625,288.5299987792969,291.8500061035156,288.489990234375,291.0400085449219,95708100,SPY
2019-10-09,267.9163818359375,291.2699890136719,292.29998779296875,290.05999755859375,290.75,62359400,SPY
2019-10-10,269.7285461425781,293.239990234375,294.2099914550781,291.0,291.17999267578125,55296300,SPY
2019-10-11,272.5247802734375,296.2799987792969,298.739990234375,296.1400146484375,296.2699890136719,98720400,SPY
2019-10-14,272.2211608886719,295.95001220703125,296.6700134277344,295.57000732421875,295.92999267578125,40394800,SPY
2019-10-15,274.9162292480469,298.8800048828125,299.70001220703125,296.9700012207031,297.1000061035156,46754500,SPY
2019-10-16,274.47467041015625,298.3999938964844,299.1600036621094,297.9200134277344,298.3699951171875,48928200,SPY
2019-10-17,275.2841796875,299.2799987792969,300.239990234375,298.5199890136719,299.67999267578125,45736600,SPY
2019-10-18,274.07916259765625,297.9700012207031,299.3999938964844,297.0299987792969,298.69000244140625,64304000,SPY
2019-10-21,275.937255859375,299.989990234375,300.2099914550781,298.94000244140625,299.4200134277344,39048600,SPY
2019-10-22,275.0357971191406,299.010009765625,300.8999938964844,298.9100036621094,300.5799865722656,48594700,SPY
2019-10-23,275.8360290527344,299.8800048828125,299.94000244140625,298.5,298.7300109863281,34352200,SPY
2019-10-24,276.2867736816406,300.3699951171875,301.07000732421875,299.4599914550781,300.9100036621094,35453100,SPY
2019-10-25,277.418212890625,301.6000061035156,302.20001220703125,299.67999267578125,299.739990234375,45205400,SPY
2019-10-28,278.9818115234375,303.29998779296875,303.8500061035156,302.9100036621094,302.94000244140625,42147000,SPY
2019-10-29,278.89898681640625,303.2099914550781,304.2300109863281,302.8599853515625,303.0,44284900,SPY
2019-10-30,279.7545166015625,304.1400146484375,304.54998779296875,301.989990234375,303.42999267578125,49643900,SPY
2019-10-31,279.0094299316406,303.3299865722656,304.1300048828125,301.7300109863281,304.1300048828125,69053800,SPY
2019-11-01,281.59417724609375,306.1400146484375,306.19000244140625,304.739990234375,304.9200134277344,71141500,SPY
2019-11-04,282.7255859375,307.3699951171875,308.0,306.9599914550781,307.8500061035156,60606900,SPY
2019-11-05,282.41278076171875,307.0299987792969,307.9200134277344,306.7099914550781,307.5899963378906,42933200,SPY
2019-11-06,282.4771728515625,307.1000061035156,307.3999938964844,306.05999755859375,307.0299987792969,46487100,SPY
2019-11-07,283.4705505371094,308.17999267578125,309.6499938964844,307.6600036621094,308.57000732421875,54272300,SPY
2019-11-08,284.16973876953125,308.94000244140625,309.0,307.0299987792969,307.79998779296875,49032100,SPY
2019-11-11,283.6269836425781,308.3500061035156,308.5400085449219,307.2699890136719,307.4200134277344,35797300,SPY
2019-11-12,284.22479248046875,309.0,309.989990234375,308.1499938964844,308.75,46484600,SPY
2019-11-13,284.31683349609375,309.1000061035156,309.5400085449219,307.6600036621094,307.9100036621094,53917700,SPY
2019-11-14,284.730712890625,309.54998779296875,309.6400146484375,308.0899963378906,308.7900085449219,51219900,SPY
2019-11-15,286.79119873046875,311.7900085449219,311.8399963378906,310.260009765625,311.0199890136719,62023600,SPY
2019-11-18,287.0027160644531,312.0199890136719,312.2799987792969,311.0299987792969,311.5299987792969,49228000,SPY
2019-11-19,286.91986083984375,311.92999267578125,312.69000244140625,311.2200012207031,312.67999267578125,67804700,SPY
2019-11-20,285.85296630859375,310.7699890136719,311.8500061035156,309.05999755859375,311.2799987792969,79406200,SPY
2019-11-21,285.3930358886719,310.2699890136719,311.010009765625,309.3900146484375,310.8900146484375,54664700,SPY
2019-11-22,286.0277404785156,310.9599914550781,311.239990234375,309.8500061035156,311.0899963378906,44850200,SPY
2019-11-25,288.2445068359375,313.3699951171875,313.3699951171875,311.9800109863281,311.9800109863281,48647200,SPY
2019-11-26,288.8974609375,314.0799865722656,314.2799987792969,313.05999755859375,313.4100036621094,37569000,SPY
2019-11-27,290.1853332519531,315.4800109863281,315.4800109863281,314.3699951171875,314.6099853515625,44444600,SPY
2019-11-29,289.1089782714844,314.30999755859375,315.1300048828125,314.05999755859375,314.8599853515625,36592700,SPY
2019-12-02,286.6531982421875,311.6400146484375,314.6600036621094,311.1700134277344,314.5899963378906,75767800,SPY
2019-12-03,284.730712890625,309.54998779296875,309.6400146484375,307.1300048828125,308.6499938964844,73941700,SPY
2019-12-04,286.48760986328125,311.4599914550781,312.1199951171875,310.32000732421875,310.70001220703125,49080000,SPY
2019-12-05,287.0027160644531,312.0199890136719,312.25,310.5799865722656,312.2300109863281,40709000,SPY
2019-12-06,289.6241760253906,314.8699951171875,315.30999755859375,314.1099853515625,314.1199951171875,48927000,SPY
2019-12-09,288.7135925292969,313.8800048828125,315.17999267578125,313.79998779296875,314.44000244140625,34838500,SPY
2019-12-10,288.3916320800781,313.5299987792969,314.54998779296875,312.80999755859375,313.82000732421875,52649800,SPY
2019-12-11,289.2102966308594,314.4200134277344,314.70001220703125,313.44000244140625,314.0299987792969,53429100,SPY
2019-12-12,291.7030334472656,317.1300048828125,317.989990234375,314.1700134277344,314.42999267578125,96389600,SPY
2019-12-13,291.8777160644531,317.32000732421875,318.6700134277344,316.0199890136719,316.8699951171875,81503900,SPY
2019-12-16,293.883056640625,319.5,320.1499938964844,317.25,319.2200012207031,82749700,SPY
2019-12-17,293.9473571777344,319.57000732421875,320.25,319.4800109863281,319.9200134277344,61097700,SPY
2019-12-18,293.9657287597656,319.5899963378906,320.25,319.5299987792969,320.0,48133000,SPY
2019-12-19,295.17071533203125,320.8999938964844,320.9800109863281,319.5199890136719,319.79998779296875,85310500,SPY
2019-12-20,296.4648132324219,320.7300109863281,321.9700012207031,319.3900146484375,320.4599914550781,147142100,SPY
2019-12-23,296.9176940917969,321.2200012207031,321.6499938964844,321.05999755859375,321.5899963378906,52990000,SPY
2019-12-24,296.9269714355469,321.2300109863281,321.5199890136719,320.8999938964844,321.4700012207031,20270000,SPY
2019-12-26,298.5075988769531,322.94000244140625,322.95001220703125,321.6400146484375,321.6499938964844,30911200,SPY
2019-12-27,298.4336242675781,322.8599853515625,323.79998779296875,322.2799987792969,323.739990234375,42528800,SPY
2019-12-30,296.78826904296875,321.0799865722656,323.1000061035156,320.54998779296875,322.95001220703125,49729100,SPY
2019-12-31,297.50927734375,321.8599853515625,322.1300048828125,320.1499938964844,320.5299987792969,57077300,SPY
2020-01-02,300.2915954589844,324.8699951171875,324.8900146484375,322.5299987792969,323.5400085449219,59151200,SPY
2020-01-03,298.01776123046875,322.4100036621094,323.6400146484375,321.1000061035156,321.1600036621094,77709700,SPY
2020-01-06,299.15460205078125,323.6400146484375,323.7300109863281,320.3599853515625,320.489990234375,55653900,SPY
2020-01-07,298.3134765625,322.7300109863281,323.5400085449219,322.239990234375,323.0199890136719,40496400,SPY
2020-01-08,299.9034118652344,324.45001220703125,325.7799987792969,322.6700134277344,322.94000244140625,68296000,SPY
2020-01-09,301.9368591308594,326.6499938964844,326.7300109863281,325.5199890136719,326.1600036621094,48473300,SPY
2020-01-10,301.06793212890625,325.7099914550781,327.4599914550781,325.20001220703125,327.2900085449219,53029300,SPY
2020-01-13,303.13848876953125,327.95001220703125,327.9599914550781,325.9200134277344,326.3900146484375,47086800,SPY
2020-01-14,302.6763610839844,327.45001220703125,328.6199951171875,326.8399963378906,327.4700012207031,62832800,SPY
2020-01-15,303.36041259765625,328.19000244140625,329.0199890136719,327.260009765625,327.3500061035156,72056600,SPY
2020-01-16,305.8838806152344,330.9200134277344,330.9200134277344,329.45001220703125,329.70001220703125,54050300,SPY
2020-01-17,306.8359375,331.95001220703125,332.17999267578125,330.8500061035156,331.70001220703125,95846000,SPY
2020-01-21,306.2350769042969,331.29998779296875,332.17999267578125,330.82000732421875,330.8999938964844,77742400,SPY
2020-01-22,306.2720031738281,331.3399963378906,332.95001220703125,331.1700134277344,332.239990234375,48914900,SPY
2020-01-23,306.6233215332031,331.7200012207031,332.1700134277344,329.4100036621094,330.6300048828125,51963000,SPY
2020-01-24,303.896484375,328.7699890136719,332.5299987792969,327.3599853515625,332.44000244140625,87578400,SPY
2020-01-27,299.0252380371094,323.5,325.1199951171875,322.6600036621094,323.0299987792969,84062500,SPY
2020-01-28,302.15875244140625,326.8900146484375,327.8500061035156,323.6000061035156,325.05999755859375,63834000,SPY
2020-01-29,301.9091491699219,326.6199951171875,328.6300048828125,326.3999938964844,328.3800048828125,53888900,SPY
2020-01-30,302.88897705078125,327.67999267578125,327.9100036621094,323.5400085449219,324.3599853515625,75491800,SPY
2020-01-31,297.3891296386719,321.7300109863281,327.1700134277344,320.7300109863281,327.0,113845600,SPY
2020-02-03,299.59832763671875,324.1199951171875,326.1600036621094,323.2200012207031,323.3500061035156,69083000,SPY
2020-02-04,304.1645812988281,329.05999755859375,330.010009765625,327.7200012207031,328.07000732421875,62573200,SPY
2020-02-05,307.6770324707031,332.8599853515625,333.0899963378906,330.6700134277344,332.2699890136719,65951100,SPY
2020-02-06,308.7123718261719,333.9800109863281,334.19000244140625,332.79998779296875,333.9100036621094,50359700,SPY
2020-02-07,307.0669860839844,332.20001220703125,333.989990234375,331.6000061035156,332.82000732421875,64139400,SPY
2020-02-10,309.359375,334.67999267578125,334.75,331.19000244140625,331.2300109863281,42070000,SPY
2020-02-11,309.8954772949219,335.260009765625,337.0199890136719,334.67999267578125,336.1600036621094,54864500,SPY
2020-02-12,311.89208984375,337.4200134277344,337.6499938964844,336.42999267578125,336.8299865722656,43992700,SPY
2020-02-13,311.5592956542969,337.05999755859375,338.1199951171875,335.55999755859375,335.8599853515625,54501900,SPY
2020-02-14,312.0585632324219,337.6000061035156,337.7300109863281,336.20001220703125,337.510009765625,64582200,SPY
2020-02-18,311.2542724609375,336.7300109863281,337.6700134277344,335.2099914550781,336.510009765625,57226200,SPY
2020-02-19,312.742431640625,338.3399963378906,339.0799865722656,337.4800109863281,337.7900085449219,48814700,SPY
2020-02-20,311.4576110839844,336.95001220703125,338.6400146484375,333.67999267578125,337.739990234375,74163400,SPY
2020-02-21,308.2502136230469,333.4800109863281,335.80999755859375,332.5799865722656,335.4700012207031,113788200,SPY
2020-02-24,298.02703857421875,322.4200134277344,333.55999755859375,321.239990234375,323.1400146484375,161088400,SPY
2020-02-25,288.9961242675781,312.6499938964844,324.6099853515625,311.69000244140625,323.94000244140625,218913200,SPY
2020-02-26,287.93316650390625,311.5,318.1099853515625,310.70001220703125,314.17999267578125,194773800,SPY
2020-02-27,275.0015563964844,297.510009765625,311.55999755859375,297.510009765625,305.4599914550781,284353500,SPY
2020-02-28,273.84613037109375,296.260009765625,297.8900146484375,285.5400085449219,288.70001220703125,384975800,SPY
2020-03-02,285.7054138183594,309.0899963378906,309.1600036621094,294.4599914550781,298.2099914550781,238703600,SPY
2020-03-03,277.52496337890625,300.239990234375,313.8399963378906,297.57000732421875,309.5,300139100,SPY
2020-03-04,289.190185546875,312.8599853515625,313.1000061035156,303.3299865722656,306.1199951171875,176613400,SPY
2020-03-05,279.57708740234375,302.4599914550781,308.4700012207031,300.010009765625,304.9800109863281,186366800,SPY
2020-03-06,274.9553527832031,297.4599914550781,298.7799987792969,290.2300109863281,293.1499938964844,228667200,SPY
2020-03-09,253.48275756835938,274.2300109863281,284.19000244140625,273.45001220703125,275.29998779296875,309417300,SPY
2020-03-10,266.59930419921875,288.4200134277344,288.5199890136719,273.5,284.6400146484375,276444100,SPY
2020-03-11,253.60296630859375,274.3599853515625,281.94000244140625,270.8800048828125,280.70001220703125,255316300,SPY
2020-03-12,229.33895874023438,248.11000061035156,266.6600036621094,247.67999267578125,256.0,392220700,SPY
2020-03-13,248.94427490234375,269.32000732421875,271.4800109863281,248.52000427246094,263.0899963378906,329566100,SPY
2020-03-16,221.703857421875,239.85000610351562,256.8999938964844,237.36000061035156,241.17999267578125,297240000,SPY
2020-03-17,233.67408752441406,252.8000030517578,256.1700134277344,237.07000732421875,245.0399932861328,262070500,SPY
2020-03-18,221.84251403808594,240.0,248.3699951171875,228.02000427246094,236.25,327597100,SPY
2020-03-19,222.31393432617188,240.50999450683594,247.3800048828125,232.22000122070312,239.25,289322000,SPY
2020-03-20,212.73348999023438,228.8000030517578,244.47000122070312,228.5,242.52999877929688,347158800,SPY
2020-03-23,207.29428100585938,222.9499969482422,229.67999267578125,218.25999450683594,228.19000244140625,326025200,SPY
2020-03-24,226.07582092285156,243.14999389648438,244.10000610351562,233.8000030517578,234.4199981689453,235494500,SPY
2020-03-25,229.460205078125,246.7899932861328,256.3500061035156,239.75,244.8699951171875,299430300,SPY
2020-03-26,242.8583526611328,261.20001220703125,262.79998779296875,249.0500030517578,249.52000427246094,257632800,SPY
2020-03-27,235.6246337890625,253.4199981689453,260.80999755859375,251.0500030517578,253.27000427246094,224341200,SPY
2020-03-30,243.27671813964844,261.6499938964844,262.42999267578125,253.52999877929688,255.6999969482422,171369500,SPY
2020-03-31,239.65060424804688,257.75,263.3299865722656,256.2200012207031,260.55999755859375,194881100,SPY
2020-04-01,228.86514282226562,246.14999389648438,257.6600036621094,243.89999389648438,247.97999572753906,189554600,SPY
2020-04-02,234.1462860107422,251.8300018310547,252.67999267578125,244.58999633789062,245.19000244140625,177660400,SPY
2020-04-03,230.76190185546875,248.19000244140625,253.32000732421875,245.22000122070312,250.75999450683594,135561200,SPY
2020-04-06,246.26136779785156,264.8599853515625,267.0,248.1699981689453,257.8399963378906,188061200,SPY
2020-04-07,246.5124053955078,265.1300048828125,275.0299987792969,264.8900146484375,274.2099914550781,201427200,SPY
2020-04-08,254.787353515625,274.0299987792969,276.0,265.25,267.9599914550781,153774500,SPY
2020-04-09,258.66455078125,278.20001220703125,281.20001220703125,275.4700012207031,277.5799865722656,189999200,SPY
2020-04-13,256.3028564453125,275.6600036621094,277.510009765625,271.4100036621094,277.1400146484375,114839100,SPY
2020-04-14,263.862060546875,283.7900085449219,284.8999938964844,275.510009765625,280.9800109863281,134143400,SPY
2020-04-15,258.2554931640625,277.760009765625,283.94000244140625,275.4599914550781,277.57000732421875,121775000,SPY
2020-04-16,259.50140380859375,279.1000061035156,280.0299987792969,275.760009765625,279.1499938964844,131798300,SPY
2020-04-17,266.5119323730469,286.6400146484375,287.29998779296875,282.3999938964844,285.3800048828125,146684800,SPY
2020-04-20,261.8165283203125,281.5899963378906,286.7900085449219,281.3500061035156,282.6099853515625,100109300,SPY
2020-04-21,253.86691284179688,273.0400085449219,278.0400085449219,272.0199890136719,276.7300109863281,126385700,SPY
2020-04-22,259.50140380859375,279.1000061035156,281.0,276.9100036621094,278.3500061035156,92951600,SPY
2020-04-23,259.48284912109375,279.0799865722656,283.94000244140625,278.75,280.489990234375,104709700,SPY
2020-04-24,263.0996398925781,282.9700012207031,283.70001220703125,278.5,280.7300109863281,85063200,SPY
2020-04-27,266.8930969238281,287.04998779296875,288.2699890136719,284.6199951171875,285.1199951171875,77896600,SPY
2020-04-28,265.6658630371094,285.7300109863281,291.3999938964844,285.3999938964844,291.0199890136719,105270000,SPY
2020-04-29,272.62054443359375,293.2099914550781,294.8800048828125,290.4100036621094,291.5299987792969,118745600,SPY
2020-04-30,270.0822448730469,290.4800109863281,293.32000732421875,288.5899963378906,291.7099914550781,122901700,SPY
2020-05-01,262.932373046875,282.7900085449219,290.6600036621094,281.5199890136719,285.30999755859375,125180000,SPY
2020-05-04,263.65753173828125,283.57000732421875,283.8999938964844,279.1300048828125,280.739990234375,80873200,SPY
2020-05-05,266.09356689453125,286.19000244140625,289.25,283.7099914550781,286.6400146484375,79569900,SPY
2020-05-06,264.28973388671875,284.25,288.4599914550781,283.7799987792969,288.0400085449219,73632600,SPY
2020-05-07,267.4788513183594,287.67999267578125,289.7799987792969,287.1300048828125,287.75,75250400,SPY
2020-05-08,271.90460205078125,292.44000244140625,292.95001220703125,289.8599853515625,291.0899963378906,76452400,SPY
2020-05-11,271.9604187011719,292.5,294.0,289.8800048828125,290.3399963378906,79514200,SPY
2020-05-12,266.5398254394531,286.6700134277344,294.239990234375,286.5199890136719,293.7900085449219,95870800,SPY
2020-05-13,261.8258056640625,281.6000061035156,287.19000244140625,278.9599914550781,286.05999755859375,144721100,SPY
2020-05-14,264.9591979980469,284.9700012207031,285.1099853515625,272.989990234375,278.95001220703125,121977900,SPY
2020-05-15,266.17718505859375,286.2799987792969,286.3299865722656,281.3399963378906,282.3699951171875,111146300,SPY
2020-05-18,274.284912109375,295.0,296.75,292.70001220703125,293.04998779296875,119703800,SPY
2020-05-19,271.4676818847656,291.9700012207031,296.2099914550781,291.95001220703125,294.3500061035156,95189300,SPY
2020-05-20,276.07940673828125,296.92999267578125,297.8699951171875,295.57000732421875,295.82000732421875,85861700,SPY
2020-05-21,274.1733703613281,294.8800048828125,297.6700134277344,293.69000244140625,296.7900085449219,78293900,SPY
2020-05-22,274.6939697265625,295.44000244140625,295.6300048828125,293.2200012207031,294.57000732421875,63958200,SPY
2020-05-26,278.0783996582031,299.0799865722656,302.19000244140625,295.4599914550781,301.92999267578125,88951400,SPY
2020-05-27,282.2158508300781,303.5299987792969,303.57000732421875,296.8699951171875,302.1199951171875,104817400,SPY
2020-05-28,281.69525146484375,302.9700012207031,306.8399963378906,302.239990234375,304.6499938964844,90405200,SPY
2020-05-29,282.9504089355469,304.32000732421875,304.9599914550781,299.4700012207031,302.4599914550781,119090800,SPY
2020-06-01,284.09405517578125,305.54998779296875,306.2099914550781,303.05999755859375,303.6199951171875,55758300,SPY
2020-06-02,286.44635009765625,308.0799865722656,308.1300048828125,305.1000061035156,306.54998779296875,74267200,SPY
2020-06-03,290.25848388671875,312.17999267578125,313.2200012207031,309.94000244140625,310.239990234375,92567600,SPY
2020-06-04,289.49603271484375,311.3599853515625,313.0,309.0799865722656,311.1099853515625,75794400,SPY
2020-06-05,296.91571044921875,319.3399963378906,321.2699890136719,317.1600036621094,317.2300109863281,150524700,SPY
2020-06-08,300.5046691894531,323.20001220703125,323.4100036621094,319.6300048828125,320.2200012207031,73641200,SPY
2020-06-09,298.2638854980469,320.7900085449219,323.2799987792969,319.3599853515625,320.29998779296875,77479200,SPY
2020-06-10,296.5995788574219,319.0,322.3900146484375,318.2200012207031,321.4200134277344,95000800,SPY
2020-06-11,279.50091552734375,300.6099853515625,312.1499938964844,300.010009765625,311.4599914550781,209243600,SPY
2020-06-12,282.8480224609375,304.2099914550781,309.0799865722656,298.6000061035156,308.239990234375,194678900,SPY
2020-06-15,285.4886474609375,307.04998779296875,308.2799987792969,296.739990234375,298.0199890136719,135782700,SPY
2020-06-16,290.9837341308594,312.9599914550781,315.6400146484375,307.6700134277344,315.4800109863281,137627500,SPY
2020-06-17,289.7750549316406,311.6600036621094,314.3900146484375,310.8599853515625,314.07000732421875,83398900,SPY
2020-06-18,289.8865051269531,311.7799987792969,312.29998779296875,309.510009765625,310.010009765625,80828700,SPY
2020-06-19,288.22991943359375,308.6400146484375,314.3800048828125,306.5299987792969,314.1700134277344,135549600,SPY
2020-06-22,290.0789794921875,310.6199951171875,311.04998779296875,306.75,307.989990234375,74649400,SPY
2020-06-23,291.4143371582031,312.04998779296875,314.5,311.6099853515625,313.489990234375,68471200,SPY
2020-06-24,283.9807434082031,304.0899963378906,310.510009765625,302.1000061035156,309.8399963378906,132813500,SPY
2020-06-25,287.0251159667969,307.3500061035156,307.6400146484375,301.2799987792969,303.4700012207031,89468000,SPY
2020-06-26,280.2079772949219,300.04998779296875,306.3900146484375,299.4200134277344,306.1600036621094,127961000,SPY
2020-06-29,284.3263244628906,304.4599914550781,304.6099853515625,298.92999267578125,301.4100036621094,79773300,SPY
2020-06-30,287.9684143066406,308.3599853515625,310.20001220703125,303.82000732421875,303.989990234375,113394800,SPY
2020-07-01,289.9854736328125,310.5199890136719,311.8900146484375,309.07000732421875,309.57000732421875,72396500,SPY
2020-07-02,291.5824890136719,312.2300109863281,315.70001220703125,311.510009765625,314.239990234375,69344200,SPY
2020-07-06,296.083740234375,317.04998779296875,317.67999267578125,315.55999755859375,316.3699951171875,61713800,SPY
2020-07-07,293.0299987792969,313.7799987792969,317.5199890136719,313.3699951171875,315.3800048828125,82910000,SPY
2020-07-08,295.2712707519531,316.17999267578125,316.29998779296875,312.70001220703125,314.6099853515625,54638600,SPY
2020-07-09,293.5903625488281,314.3800048828125,317.1000061035156,310.67999267578125,316.8399963378906,83354200,SPY
2020-07-10,296.5880126953125,317.5899963378906,317.8800048828125,312.760009765625,314.30999755859375,57550400,SPY
2020-07-13,294.01983642578125,314.8399963378906,322.7099914550781,314.1300048828125,320.1300048828125,102997500,SPY
2020-07-14,297.830078125,318.9200134277344,319.760009765625,312.0,313.29998779296875,93657000,SPY
2020-07-15,300.56634521484375,321.8500061035156,323.0400085449219,319.2699890136719,322.4100036621094,87196500,SPY
2020-07-16,299.576416015625,320.7900085449219,321.2799987792969,319.0899963378906,319.7900085449219,54622500,SPY
2020-07-17,300.44488525390625,321.7200012207031,322.57000732421875,319.739990234375,321.8800048828125,62774900,SPY
2020-07-20,302.8729553222656,324.32000732421875,325.1300048828125,320.6199951171875,321.42999267578125,56308800,SPY
2020-07-21,303.517333984375,325.010009765625,326.92999267578125,323.94000244140625,326.45001220703125,57292200,SPY
2020-07-22,305.2450256347656,326.8599853515625,327.20001220703125,324.5,324.6199951171875,57792900,SPY
2020-07-23,301.60284423828125,322.9599914550781,327.2300109863281,321.4800109863281,326.4700012207031,75738000,SPY
2020-07-24,299.66046142578125,320.8800048828125,321.989990234375,319.25,320.95001220703125,73766600,SPY
2020-07-27,301.8457336425781,323.2200012207031,323.4100036621094,320.7699890136719,321.6300048828125,48293000,SPY
2020-07-28,299.93133544921875,321.1700134277344,323.6400146484375,320.8500061035156,322.42999267578125,57495000,SPY
2020-07-29,303.6199951171875,325.1199951171875,325.7300109863281,322.0799865722656,322.1199951171875,48454200,SPY
2020-07-30,302.5367431640625,323.9599914550781,324.4100036621094,319.6400146484375,321.8999938964844,61861700,SPY
2020-07-31,304.927490234375,326.5199890136719,326.6300048828125,321.3299865722656,325.8999938964844,84986800,SPY
2020-08-03,307.0473937988281,328.7900085449219,329.6199951171875,327.7300109863281,328.32000732421875,53077900,SPY
2020-08-04,308.2333984375,330.05999755859375,330.05999755859375,327.8599853515625,327.8599853515625,41917900,SPY
2020-08-05,310.1478576660156,332.1099853515625,332.3900146484375,331.17999267578125,331.4700012207031,42697700,SPY
2020-08-06,312.2210388183594,334.3299865722656,334.4599914550781,331.1300048828125,331.4800109863281,43679400,SPY
2020-08-07,312.4451904296875,334.57000732421875,334.8800048828125,332.29998779296875,333.2799987792969,57308300,SPY
2020-08-10,313.3790283203125,335.57000732421875,335.7699890136719,332.9599914550781,335.05999755859375,44282100,SPY
2020-08-11,310.792236328125,332.79998779296875,337.5400085449219,332.010009765625,336.8500061035156,69601100,SPY
2020-08-12,315.12542724609375,337.44000244140625,338.2799987792969,335.4100036621094,335.44000244140625,53774400,SPY
2020-08-13,314.55572509765625,336.8299865722656,338.25,335.8299865722656,336.6099853515625,41816100,SPY
2020-08-14,314.5650329589844,336.8399963378906,337.4200134277344,335.6199951171875,336.4100036621094,47260400,SPY
2020-08-17,315.5643005371094,337.9100036621094,338.3399963378906,336.8500061035156,337.94000244140625,35481000,SPY
2020-08-18,316.24603271484375,338.6400146484375,339.1000061035156,336.6099853515625,338.3399963378906,38733900,SPY
2020-08-19,314.92919921875,337.2300109863281,339.6099853515625,336.6199951171875,339.04998779296875,68054200,SPY
2020-08-20,315.9098815917969,338.2799987792969,338.79998779296875,335.2200012207031,335.3599853515625,42207800,SPY
2020-08-21,317.0304870605469,339.4800109863281,339.7200012207031,337.54998779296875,337.9200134277344,55106600,SPY
2020-08-24,320.2430114746094,342.9200134277344,343.0,339.45001220703125,342.1199951171875,48588700,SPY
2020-08-25,321.36358642578125,344.1199951171875,344.2099914550781,342.2699890136719,343.5299987792969,38463400,SPY
2020-08-26,324.58544921875,347.57000732421875,347.8599853515625,344.1700134277344,344.760009765625,50790200,SPY
2020-08-27,325.2951354980469,348.3299865722656,349.8999938964844,346.5299987792969,348.510009765625,58034100,SPY
2020-08-28,327.3964538574219,350.5799865722656,350.7200012207031,348.1499938964844,349.44000244140625,48588900,SPY
2020-08-31,326.21038818359375,349.30999755859375,351.29998779296875,349.05999755859375,350.3500061035156,66099200,SPY
2020-09-01,329.2828063964844,352.6000061035156,352.7099914550781,349.239990234375,350.2099914550781,54908700,SPY
2020-09-02,334.0455322265625,357.70001220703125,358.75,353.42999267578125,354.6700134277344,69540000,SPY
2020-09-03,322.549560546875,345.3900146484375,356.3800048828125,342.5899963378906,355.8699951171875,148011100,SPY
2020-09-04,319.9161682128906,342.57000732421875,347.8299865722656,334.8699951171875,346.1300048828125,139156300,SPY
2020-09-08,311.17510986328125,333.2099914550781,342.6400146484375,332.8800048828125,336.7099914550781,114465300,SPY
2020-09-09,317.3199157714844,339.7900085449219,342.4599914550781,336.6099853515625,337.54998779296875,91462300,SPY
2020-09-10,311.81011962890625,333.8900146484375,342.5299987792969,332.8500061035156,341.82000732421875,90569500,SPY
2020-09-11,311.9689025878906,334.05999755859375,336.9700012207031,331.0,335.82000732421875,84680200,SPY
2020-09-14,316.0779113769531,338.4599914550781,340.3800048828125,334.2200012207031,337.489990234375,65605700,SPY
2020-09-15,317.6747741699219,340.1700134277344,342.0199890136719,338.4700012207031,341.1199951171875,52920900,SPY
2020-09-16,316.41412353515625,338.82000732421875,343.05999755859375,338.5199890136719,341.510009765625,82096000,SPY
2020-09-17,313.6311950683594,335.8399963378906,337.70001220703125,332.989990234375,333.55999755859375,91523300,SPY
2020-09-18,310.0204162597656,330.6499938964844,335.489990234375,327.9700012207031,335.3699951171875,105877900,SPY
2020-09-21,306.5700378417969,326.9700012207031,327.1300048828125,321.7300109863281,325.70001220703125,99450800,SPY
2020-09-22,309.6922302246094,330.29998779296875,330.8999938964844,325.8599853515625,328.57000732421875,63612100,SPY
2020-09-23,302.51019287109375,322.6400146484375,331.20001220703125,322.1000061035156,330.8999938964844,93112200,SPY
2020-09-24,303.31646728515625,323.5,326.79998779296875,319.79998779296875,321.2200012207031,76681300,SPY
2020-09-25,308.2202453613281,328.7300109863281,329.5799865722656,321.6400146484375,322.5799865722656,71069400,SPY
2020-09-28,313.3396301269531,334.19000244140625,334.9599914550781,332.1499938964844,333.2200012207031,64584600,SPY
2020-09-29,311.633056640625,332.3699951171875,334.7699890136719,331.6199951171875,333.9700012207031,51304000,SPY
2020-09-30,313.9959411621094,334.8900146484375,338.2900085449219,332.8800048828125,333.0899963378906,104081100,SPY
2020-10-01,316.01177978515625,337.0400085449219,338.739990234375,335.010009765625,337.69000244140625,88698700,SPY
2020-10-02,313.0113830566406,333.8399963378906,337.010009765625,331.19000244140625,331.70001220703125,89431100,SPY
2020-10-05,318.56207275390625,339.760009765625,339.9599914550781,336.010009765625,336.05999755859375,45713100,SPY
2020-10-06,314.03338623046875,334.92999267578125,342.1700134277344,334.3800048828125,339.9100036621094,90128900,SPY
2020-10-07,319.49969482421875,340.760009765625,341.6300048828125,338.0899963378906,338.1199951171875,56999600,SPY
2020-10-08,322.33123779296875,343.7799987792969,343.8500061035156,341.8599853515625,342.8500061035156,45242500,SPY
2020-10-09,325.2097473144531,346.8500061035156,347.3500061035156,344.8900146484375,345.55999755859375,59528600,SPY
2020-10-12,330.4415588378906,352.42999267578125,354.0199890136719,349.05999755859375,349.5899963378906,80388500,SPY
2020-10-13,328.2850646972656,350.1300048828125,352.4700012207031,349.0899963378906,352.2799987792969,73255500,SPY
2020-10-14,326.2223205566406,347.92999267578125,351.92999267578125,347.1400146484375,350.75,57727900,SPY
2020-10-15,325.8191833496094,347.5,348.0199890136719,343.1300048828125,343.7099914550781,60357700,SPY
2020-10-16,325.6222229003906,347.2900085449219,350.75,347.1000061035156,348.9599914550781,89501900,SPY
2020-10-19,320.67169189453125,342.010009765625,349.3299865722656,341.0400085449219,348.6499938964844,68425600,SPY
2020-10-20,321.9561462402344,343.3800048828125,346.8800048828125,342.6400146484375,343.4599914550781,60051900,SPY
2020-10-21,321.3466796875,342.7300109863281,345.6700134277344,342.3999938964844,343.3299865722656,63575000,SPY
2020-10-22,323.1094665527344,344.6099853515625,345.239990234375,340.6499938964844,342.9599914550781,55399300,SPY
2020-10-23,324.2065124511719,345.7799987792969,345.989990234375,343.1300048828125,345.92999267578125,49143900,SPY
2020-10-26,318.215087890625,339.3900146484375,342.9800109863281,335.6199951171875,342.1300048828125,91473000,SPY
2020-10-27,317.11810302734375,338.2200012207031,340.1199951171875,337.989990234375,339.760009765625,65994100,SPY
2020-10-28,306.27935791015625,326.6600036621094,338.25,326.1300048828125,332.1000061035156,127094300,SPY
2020-10-29,309.3922119140625,329.9800109863281,333.3999938964844,325.0899963378906,326.9100036621094,90597700,SPY
2020-10-30,306.16680908203125,326.5400085449219,329.69000244140625,322.6000061035156,328.2799987792969,120287300,SPY
2020-11-02,309.5984802246094,330.20001220703125,332.3599853515625,327.239990234375,330.20001220703125,86068300,SPY
2020-11-03,315.06475830078125,336.0299987792969,338.25,330.2900085449219,333.69000244140625,93294200,SPY
2020-11-04,322.1061706542969,343.5400085449219,347.94000244140625,339.5899963378906,340.8599853515625,126959700,SPY
2020-11-05,328.3881530761719,350.239990234375,352.19000244140625,348.8599853515625,349.239990234375,82039700,SPY
2020-11-06,328.3132019042969,350.1600036621094,351.510009765625,347.6499938964844,349.92999267578125,74973000,SPY
2020-11-09,332.43865966796875,354.55999755859375,364.3800048828125,354.05999755859375,363.9700012207031,172304200,SPY
2020-11-10,331.95111083984375,354.0400085449219,355.17999267578125,350.510009765625,353.489990234375,85552000,SPY
2020-11-11,334.4170227050781,356.6700134277344,357.55999755859375,355.05999755859375,356.3999938964844,58649000,SPY
2020-11-12,331.1729431152344,353.2099914550781,356.7200012207031,351.260009765625,355.5799865722656,67546200,SPY
2020-11-13,335.75775146484375,358.1000061035156,358.8999938964844,354.7099914550781,355.2699890136719,62892200,SPY
2020-11-16,339.9488830566406,362.57000732421875,362.7799987792969,359.5899963378906,360.9800109863281,74541100,SPY
2020-11-17,338.1205139160156,360.6199951171875,361.9200134277344,358.3399963378906,359.9700012207031,66111000,SPY
2020-11-18,334.05133056640625,356.2799987792969,361.5,356.239990234375,360.9100036621094,70591300,SPY
2020-11-19,335.4577331542969,357.7799987792969,358.17999267578125,354.1499938964844,355.6000061035156,59940900,SPY
2020-11-20,333.16064453125,355.3299865722656,357.7200012207031,355.25,357.5,70417300,SPY
2020-11-23,335.1577453613281,357.4599914550781,358.82000732421875,354.8699951171875,357.2799987792969,63230600,SPY
2020-11-24,340.55841064453125,363.2200012207031,363.80999755859375,359.2900085449219,360.2099914550781,62415900,SPY
2020-11-25,340.0332946777344,362.6600036621094,363.1600036621094,361.4800109863281,363.1300048828125,45330900,SPY
2020-11-27,340.9803161621094,363.6700134277344,364.17999267578125,362.5799865722656,363.8399963378906,28514100,SPY
2020-11-30,339.4707336425781,362.05999755859375,363.1199951171875,359.1700134277344,362.8299865722656,83872700,SPY
2020-12-01,343.1836853027344,366.0199890136719,367.67999267578125,364.92999267578125,365.57000732421875,74231400,SPY
2020-12-02,343.9056091308594,366.7900085449219,366.9599914550781,364.20001220703125,364.82000732421875,45927000,SPY
2020-12-03,343.81195068359375,366.69000244140625,368.19000244140625,365.5,366.67999267578125,62882000,SPY
2020-12-04,346.7746887207031,369.8500061035156,369.8500061035156,367.2200012207031,367.32000732421875,50749900,SPY
2020-12-07,346.0621337890625,369.0899963378906,369.6199951171875,367.7200012207031,369.0199890136719,48944300,SPY
2020-12-08,347.0747375488281,370.1700134277344,370.7799987792969,367.6700134277344,367.7200012207031,42458900,SPY
2020-12-09,343.9618835449219,366.8500061035156,371.04998779296875,365.95001220703125,370.8800048828125,74098300,SPY
2020-12-10,343.84942626953125,366.7300109863281,367.8599853515625,364.42999267578125,365.3699951171875,57735400,SPY
2020-12-11,343.4461669921875,366.29998779296875,366.739990234375,363.260009765625,364.8999938964844,57698600,SPY
2020-12-14,341.9085693359375,364.6600036621094,369.79998779296875,364.4700012207031,368.6400146484375,69216200,SPY
2020-12-15,346.53094482421875,369.5899963378906,369.5899963378906,365.9200134277344,367.3999938964844,63865300,SPY
2020-12-16,347.0747375488281,370.1700134277344,371.1600036621094,368.8699951171875,369.82000732421875,58420500,SPY
2020-12-17,349.0155944824219,372.239990234375,372.4599914550781,371.04998779296875,371.94000244140625,64119500,SPY
2020-12-18,347.6220397949219,369.17999267578125,371.1499938964844,367.0199890136719,370.9700012207031,136542300,SPY
2020-12-21,346.3790588378906,367.8599853515625,378.4599914550781,362.0299987792969,364.9700012207031,96386700,SPY
2020-12-22,345.79522705078125,367.239990234375,368.3299865722656,366.0299987792969,368.2099914550781,47949000,SPY
2020-12-23,346.10601806640625,367.57000732421875,369.6199951171875,367.2200012207031,368.2799987792969,46201400,SPY
2020-12-24,347.4524841308594,369.0,369.0299987792969,367.45001220703125,368.0799865722656,26457900,SPY
2020-12-28,350.4374694824219,372.1700134277344,372.5899963378906,371.07000732421875,371.739990234375,39000400,SPY
2020-12-29,349.76885986328125,371.4599914550781,374.0,370.8299865722656,373.80999755859375,53680500,SPY
2020-12-30,350.2679748535156,371.989990234375,373.1000061035156,371.57000732421875,372.3399963378906,49455300,SPY
2020-12-31,352.0475158691406,373.8800048828125,374.6600036621094,371.2300109863281,371.7799987792969,78520700,SPY
2021-01-04,347.2547912597656,368.7900085449219,375.45001220703125,364.82000732421875,375.30999755859375,110210800,SPY
2021-01-05,349.6464538574219,371.3299865722656,372.5,368.04998779296875,368.1000061035156,66426200,SPY
2021-01-06,351.7368469238281,373.54998779296875,376.9800109863281,369.1199951171875,369.7099914550781,107997700,SPY
2021-01-07,356.9627990722656,379.1000061035156,379.8999938964844,375.9100036621094,376.1000061035156,68766800,SPY
2021-01-08,358.9966125488281,381.260009765625,381.489990234375,377.1000061035156,380.5899963378906,71677200,SPY
2021-01-11,356.5766906738281,378.69000244140625,380.5799865722656,377.7200012207031,377.8500061035156,51034700,SPY
2021-01-12,356.65203857421875,378.7699890136719,379.8599853515625,376.3599853515625,378.8900146484375,52547700,SPY
2021-01-13,357.6123962402344,379.7900085449219,380.8599853515625,377.8500061035156,378.69000244140625,45303600,SPY
2021-01-14,356.3600769042969,378.4599914550781,381.1300048828125,378.1000061035156,380.5899963378906,49989100,SPY
2021-01-15,353.7612609863281,375.70001220703125,377.5799865722656,373.70001220703125,376.7200012207031,107160000,SPY
2021-01-19,356.5390319824219,378.6499938964844,379.2300109863281,376.75,378.3399963378906,51233300,SPY
2021-01-20,361.4731140136719,383.8900146484375,384.7900085449219,380.69000244140625,381.1099853515625,61836100,SPY
2021-01-21,361.80255126953125,384.239990234375,384.95001220703125,383.25,384.489990234375,47840100,SPY
2021-01-22,360.52197265625,382.8800048828125,384.1300048828125,381.8399963378906,382.25,52860500,SPY
2021-01-25,361.94378662109375,384.3900146484375,384.7699890136719,378.4599914550781,383.6700134277344,70402000,SPY
2021-01-26,361.3788757324219,383.7900085449219,385.8500061035156,383.5400085449219,385.4100036621094,42665300,SPY
2021-01-27,352.5466003417969,374.4100036621094,380.32000732421875,372.010009765625,380.2200012207031,123351100,SPY
2021-01-28,355.57855224609375,377.6300048828125,381.92999267578125,375.8900146484375,376.3599853515625,94198100,SPY
2021-01-29,348.46002197265625,370.07000732421875,376.6700134277344,368.2699890136719,375.6300048828125,126765100,SPY
2021-02-01,354.2603454589844,376.2300109863281,377.3399963378906,370.3800048828125,373.7200012207031,75817600,SPY
2021-02-02,359.26971435546875,381.54998779296875,383.2200012207031,376.32000732421875,379.6499938964844,64450700,SPY
2021-02-03,359.55218505859375,381.8500061035156,383.70001220703125,380.4800109863281,382.44000244140625,52427100,SPY
2021-02-04,363.63873291015625,386.19000244140625,386.239990234375,381.9700012207031,382.9599914550781,47142600,SPY
2021-02-05,365.0699157714844,387.7099914550781,388.4700012207031,386.1400146484375,388.20001220703125,48669800,SPY
2021-02-08,367.7064514160156,390.510009765625,390.55999755859375,388.3500061035156,389.2699890136719,38365200,SPY
2021-02-09,367.4616394042969,390.25,390.8900146484375,389.1700134277344,389.6099853515625,35551100,SPY
2021-02-10,367.3016052246094,390.0799865722656,392.2799987792969,387.5,392.1199951171875,59154400,SPY
2021-02-11,367.894775390625,390.7099914550781,391.69000244140625,388.1000061035156,391.239990234375,42913300,SPY
2021-02-12,369.71209716796875,392.6400146484375,392.8999938964844,389.7699890136719,389.8500061035156,50593300,SPY
2021-02-16,369.3918762207031,392.29998779296875,394.1700134277344,391.5299987792969,393.9599914550781,50972400,SPY
2021-02-17,369.4767150878906,392.3900146484375,392.6600036621094,389.3299865722656,390.4200134277344,52290600,SPY
2021-02-18,367.9041748046875,390.7200012207031,391.5199890136719,387.739990234375,389.5899963378906,59712800,SPY
2021-02-19,367.25445556640625,390.0299987792969,392.3800048828125,389.54998779296875,392.07000732421875,83241000,SPY
2021-02-22,364.4296569824219,387.0299987792969,389.6199951171875,386.739990234375,387.05999755859375,67414200,SPY
2021-02-23,364.8721923828125,387.5,388.95001220703125,380.20001220703125,384.6600036621094,107284100,SPY
2021-02-24,368.8929138183594,391.7699890136719,392.2300109863281,385.2699890136719,386.3299865722656,72433900,SPY
2021-02-25,360.0041198730469,382.3299865722656,391.8800048828125,380.7799987792969,390.4100036621094,146670500,SPY
2021-02-26,358.1491394042969,380.3599853515625,385.5799865722656,378.2300109863281,384.3500061035156,152701600,SPY
2021-03-01,366.83074951171875,389.5799865722656,390.9200134277344,380.57000732421875,385.5899963378906,105348800,SPY
2021-03-02,363.9682922363281,386.5400085449219,390.07000732421875,386.0,389.82000732421875,79595300,SPY
2021-03-03,359.1472473144531,381.4200134277344,386.8299865722656,381.30999755859375,385.7900085449219,119940200,SPY
2021-03-04,354.7028503417969,376.70001220703125,384.0,371.8800048828125,381.2200012207031,183433000,SPY
2021-03-05,361.22821044921875,383.6300048828125,384.760009765625,372.6400146484375,380.4599914550781,152039600,SPY
2021-03-08,359.4297180175781,381.7200012207031,387.67999267578125,381.4200134277344,384.6600036621094,123149200,SPY
2021-03-09,364.56146240234375,387.1700134277344,389.9100036621094,385.30999755859375,385.8500061035156,113633600,SPY
2021-03-10,366.83074951171875,389.5799865722656,391.3999938964844,388.1700134277344,389.69000244140625,109899400,SPY
2021-03-11,370.5501403808594,393.5299987792969,395.6499938964844,391.739990234375,392.2300109863281,86245000,SPY
2021-03-12,371.0491638183594,394.05999755859375,394.2099914550781,391.20001220703125,392.07000732421875,64653600,SPY
2021-03-15,373.261962890625,396.4100036621094,396.69000244140625,392.0299987792969,394.3299865722656,73427200,SPY
2021-03-16,372.7911376953125,395.9100036621094,397.8299865722656,395.0799865722656,397.07000732421875,73722500,SPY
2021-03-17,374.0623779296875,397.260009765625,398.1199951171875,393.29998779296875,394.5299987792969,97959300,SPY
2021-03-18,368.6198425292969,391.4800109863281,396.7200012207031,390.75,394.4800109863281,115349100,SPY
2021-03-19,367.937744140625,389.4800109863281,391.57000732421875,387.1499938964844,389.8800048828125,113624500,SPY
2021-03-22,370.8757629394531,392.5899963378906,394.07000732421875,389.9700012207031,390.0299987792969,73778600,SPY
2021-03-23,367.9566650390625,389.5,393.4599914550781,388.6600036621094,391.9100036621094,90686600,SPY
2021-03-24,366.08612060546875,387.5199890136719,392.75,387.4700012207031,391.0,97588600,SPY
2021-03-25,368.1455383300781,389.70001220703125,390.54998779296875,383.8999938964844,385.9800109863281,116128600,SPY
2021-03-26,374.0782470703125,395.9800109863281,396.4100036621094,390.2900085449219,390.92999267578125,114409100,SPY
2021-03-29,373.88934326171875,395.7799987792969,396.75,392.80999755859375,394.3999938964844,108107600,SPY
2021-03-30,372.89739990234375,394.7300109863281,395.45001220703125,393.0199890136719,394.4200134277344,76262200,SPY
2021-03-31,374.40887451171875,396.3299865722656,398.0,395.30999755859375,395.3399963378906,112734200,SPY
2021-04-01,378.4521789550781,400.6099853515625,400.6700134277344,398.17999267578125,398.3999938964844,99682900,SPY
2021-04-05,383.8840637207031,406.3599853515625,406.94000244140625,403.3800048828125,403.4599914550781,91684800,SPY
2021-04-06,383.65740966796875,406.1199951171875,407.239990234375,405.3999938964844,405.760009765625,62021000,SPY
2021-04-07,384.10137939453125,406.5899963378906,406.9599914550781,405.45001220703125,405.94000244140625,55836300,SPY
2021-04-08,385.92462158203125,408.5199890136719,408.5799865722656,406.92999267578125,407.92999267578125,57863100,SPY
2021-04-09,388.7303466796875,411.489990234375,411.6700134277344,408.260009765625,408.3900146484375,61104600,SPY
2021-04-12,388.8720703125,411.6400146484375,411.92999267578125,410.20001220703125,410.8500061035156,56704900,SPY
2021-04-13,390.0245666503906,412.8599853515625,413.5299987792969,411.1199951171875,411.5299987792969,56551000,SPY
2021-04-14,388.6925964355469,411.45001220703125,413.9599914550781,410.8699951171875,412.8299865722656,61659900,SPY
2021-04-15,392.86810302734375,415.8699951171875,416.1600036621094,413.69000244140625,413.739990234375,60229800,SPY
2021-04-16,394.1812744140625,417.260009765625,417.9100036621094,415.7300109863281,417.25,82037300,SPY
2021-04-19,392.2446594238281,415.2099914550781,416.739990234375,413.7900085449219,416.260009765625,78498500,SPY
2021-04-20,389.3727722167969,412.1700134277344,415.0899963378906,410.5899963378906,413.9100036621094,81851800,SPY
2021-04-21,393.0570983886719,416.07000732421875,416.2900085449219,411.3599853515625,411.510009765625,66793000,SPY
2021-04-22,389.4671936035156,412.2699890136719,416.7799987792969,411.1300048828125,415.8900146484375,97582800,SPY
2021-04-23,393.6900634765625,416.739990234375,418.25,412.7900085449219,412.8699951171875,73209200,SPY
2021-04-26,394.5118408203125,417.6099853515625,418.2200012207031,416.80999755859375,417.44000244140625,52182400,SPY
2021-04-27,394.4268493652344,417.5199890136719,418.1400146484375,416.29998779296875,417.92999267578125,51303100,SPY
2021-04-28,394.3134460449219,417.3999938964844,419.010009765625,416.8999938964844,417.80999755859375,51238900,SPY
2021-04-29,396.82635498046875,420.05999755859375,420.7200012207031,416.44000244140625,420.32000732421875,78544300,SPY
2021-04-30,394.21905517578125,417.29998779296875,418.5400085449219,416.3399963378906,417.6300048828125,85527000,SPY
2021-05-03,395.0693054199219,418.20001220703125,419.8399963378906,417.6700134277344,419.42999267578125,68128300,SPY
2021-05-04,392.6319580078125,415.6199951171875,416.6000061035156,411.6700134277344,416.07000732421875,101591200,SPY
2021-05-05,392.75482177734375,415.75,417.6300048828125,415.1499938964844,417.3800048828125,60162200,SPY
2021-05-06,395.89111328125,419.07000732421875,419.2099914550781,413.67999267578125,415.8299865722656,74321400,SPY
2021-05-07,398.7724609375,422.1199951171875,422.82000732421875,419.1600036621094,419.8900146484375,67733800,SPY
2021-05-10,394.8236083984375,417.94000244140625,422.739990234375,417.80999755859375,422.5,81852400,SPY
2021-05-11,391.2999267578125,414.2099914550781,415.2699890136719,410.05999755859375,413.1000061035156,116888000,SPY
2021-05-12,382.9866638183594,405.4100036621094,412.5899963378906,404.0,411.2300109863281,134811000,SPY
2021-05-13,387.5872802734375,410.2799987792969,412.3500061035156,407.0199890136719,407.07000732421875,106394000,SPY
2021-05-14,393.53875732421875,416.5799865722656,417.489990234375,413.17999267578125,413.2099914550781,82201600,SPY
2021-05-17,392.5375061035156,415.5199890136719,416.3900146484375,413.3599853515625,415.3900146484375,65129200,SPY
2021-05-18,389.1555480957031,411.94000244140625,416.05999755859375,411.7699890136719,415.79998779296875,59810200,SPY
2021-05-19,388.13519287109375,410.8599853515625,411.04998779296875,405.3299865722656,406.9200134277344,106467100,SPY
2021-05-20,392.310791015625,415.2799987792969,416.6300048828125,411.6700134277344,411.79998779296875,78022200,SPY
2021-05-21,391.98956298828125,414.94000244140625,418.20001220703125,414.45001220703125,416.8699951171875,76578700,SPY
2021-05-24,395.985595703125,419.1700134277344,420.32000732421875,417.0799865722656,417.3399963378906,51376700,SPY
2021-05-25,395.1070556640625,418.239990234375,420.7099914550781,417.6199951171875,420.3299865722656,57451400,SPY
2021-05-26,395.89111328125,419.07000732421875,419.6099853515625,417.760009765625,418.8699951171875,43088600,SPY
2021-05-27,396.0989990234375,419.2900085449219,420.7200012207031,418.989990234375,420.1700134277344,56707700,SPY
2021-05-28,396.8074951171875,420.0400085449219,421.25,419.7900085449219,420.9700012207031,58520200,SPY
2021-06-01,396.45794677734375,419.6700134277344,422.7200012207031,419.20001220703125,422.57000732421875,54216600,SPY
2021-06-02,397.0814514160156,420.3299865722656,421.2300109863281,419.2900085449219,420.3699951171875,49097100,SPY
2021-06-03,395.6077575683594,418.7699890136719,419.989990234375,416.2799987792969,417.8500061035156,58138800,SPY
2021-06-04,399.2259216308594,422.6000061035156,422.9200134277344,418.8399963378906,420.75,55938800,SPY
2021-06-07,398.83856201171875,422.19000244140625,422.7799987792969,421.19000244140625,422.5899963378906,51555000,SPY
2021-06-08,398.9235534667969,422.2799987792969,423.2099914550781,420.32000732421875,423.1099853515625,47134300,SPY
2021-06-09,398.32843017578125,421.6499938964844,423.260009765625,421.4100036621094,423.17999267578125,48436300,SPY
2021-06-10,400.17999267578125,423.6099853515625,424.6300048828125,421.54998779296875,422.9599914550781,51020100,SPY
2021-06-11,400.8412780761719,424.30999755859375,424.42999267578125,422.82000732421875,424.20001220703125,45570800,SPY
2021-06-14,401.73876953125,425.260009765625,425.3699951171875,423.1000061035156,424.42999267578125,42358500,SPY
2021-06-15,401.00189208984375,424.4800109863281,425.4599914550781,423.5400085449219,425.4200134277344,51508500,SPY
2021-06-16,398.76300048828125,422.1099853515625,424.8699951171875,419.9200134277344,424.6300048828125,80386100,SPY
2021-06-17,398.63079833984375,421.9700012207031,423.0199890136719,419.32000732421875,421.6700134277344,90949700,SPY
2021-06-18,393.2530517578125,414.9200134277344,417.8299865722656,414.70001220703125,417.0899963378906,118676300,SPY
2021-06-21,398.88287353515625,420.8599853515625,421.05999755859375,415.92999267578125,416.79998779296875,72822000,SPY
2021-06-22,401.0152893066406,423.1099853515625,424.0,420.0799865722656,420.8500061035156,57700300,SPY
2021-06-23,400.5319519042969,422.6000061035156,424.04998779296875,422.510009765625,423.19000244140625,49445400,SPY
2021-06-24,402.9013977050781,425.1000061035156,425.54998779296875,424.6199951171875,424.8900146484375,45110300,SPY
2021-06-25,404.3326110839844,426.6099853515625,427.0899963378906,425.54998779296875,425.8999938964844,58129500,SPY
2021-06-28,405.1476745605469,427.4700012207031,427.6499938964844,425.8900146484375,427.1700134277344,53159600,SPY
2021-06-29,405.36572265625,427.70001220703125,428.55999755859375,427.1300048828125,427.8800048828125,35970500,SPY
2021-06-30,405.7068786621094,428.05999755859375,428.7799987792969,427.17999267578125,427.2099914550781,64827900,SPY
2021-07-01,407.9530944824219,430.42999267578125,430.6000061035156,428.79998779296875,428.8699951171875,53441000,SPY
2021-07-02,411.07122802734375,433.7200012207031,434.1000061035156,430.5199890136719,431.6700134277344,57697700,SPY
2021-07-06,410.3226013183594,432.92999267578125,434.010009765625,430.010009765625,433.7799987792969,68710400,SPY
2021-07-07,411.7726135253906,434.4599914550781,434.760009765625,431.510009765625,433.6600036621094,63549500,SPY
2021-07-08,408.4175109863281,430.9200134277344,431.7300109863281,427.5199890136719,428.7799987792969,97595200,SPY
2021-07-09,412.77728271484375,435.5199890136719,435.8399963378906,430.7099914550781,432.5299987792969,76238600,SPY
2021-07-12,414.25579833984375,437.0799865722656,437.3500061035156,434.9700012207031,435.42999267578125,52889600,SPY
2021-07-13,412.8436279296875,435.5899963378906,437.8399963378906,435.30999755859375,436.239990234375,52911300,SPY
2021-07-14,413.4597473144531,436.239990234375,437.9200134277344,434.9100036621094,437.3999938964844,64130400,SPY
2021-07-15,412.04754638671875,434.75,435.5299987792969,432.7200012207031,434.80999755859375,55126400,SPY
2021-07-16,408.8155822753906,431.3399963378906,436.05999755859375,430.9200134277344,436.010009765625,75874700,SPY
2021-07-19,402.7782287597656,424.9700012207031,431.4100036621094,421.9700012207031,426.19000244140625,147987000,SPY
2021-07-20,408.55023193359375,431.05999755859375,432.4200134277344,424.8299865722656,425.67999267578125,99608200,SPY
2021-07-21,411.8578796386719,434.54998779296875,434.70001220703125,431.010009765625,432.3399963378906,64724400,SPY
2021-07-22,412.7203674316406,435.4599914550781,435.7200012207031,433.69000244140625,434.739990234375,47878500,SPY
2021-07-23,416.9665222167969,439.94000244140625,440.29998779296875,436.7900085449219,437.5199890136719,63766600,SPY
2021-07-26,417.99005126953125,441.0199890136719,441.0299987792969,439.260009765625,439.30999755859375,43719200,SPY
2021-07-27,416.0850524902344,439.010009765625,439.94000244140625,435.989990234375,439.9100036621094,67397100,SPY
2021-07-28,415.9144287109375,438.8299865722656,440.29998779296875,437.30999755859375,439.67999267578125,52472400,SPY
2021-07-29,417.6394348144531,440.6499938964844,441.79998779296875,439.80999755859375,439.82000732421875,47435300,SPY
2021-07-30,415.6111755371094,438.510009765625,440.05999755859375,437.7699890136719,437.9100036621094,68951200,SPY
2021-08-02,414.7391662597656,437.5899963378906,440.92999267578125,437.2099914550781,440.3399963378906,58783300,SPY
2021-08-03,418.1133117675781,441.1499938964844,441.2799987792969,436.1000061035156,438.44000244140625,58053900,SPY
2021-08-04,416.05657958984375,438.9800109863281,441.1199951171875,438.7300109863281,439.7799987792969,46732200,SPY
2021-08-05,418.69146728515625,441.760009765625,441.8500061035156,439.8800048828125,440.2200012207031,38969700,SPY
2021-08-06,419.38330078125,442.489990234375,442.94000244140625,441.79998779296875,442.1000061035156,46930000,SPY
2021-08-09,419.0421447753906,442.1300048828125,442.79998779296875,441.30999755859375,442.4599914550781,41222600,SPY
2021-08-10,419.5633850097656,442.67999267578125,443.44000244140625,441.8800048828125,442.6099853515625,43339300,SPY
2021-08-11,420.60595703125,443.7799987792969,443.8800048828125,442.6199951171875,443.82000732421875,44034300,SPY
2021-08-12,421.8664855957031,445.1099853515625,445.260009765625,442.6600036621094,443.6199951171875,38909400,SPY
2021-08-13,422.63421630859375,445.9200134277344,445.94000244140625,445.07000732421875,445.5899963378906,39470300,SPY
2021-08-16,423.6293640136719,446.9700012207031,447.1099853515625,442.8699951171875,444.5299987792969,73740000,SPY
2021-08-17,420.8523254394531,444.0400085449219,444.9599914550781,440.8500061035156,444.239990234375,92673900,SPY
2021-08-18,416.2462158203125,439.17999267578125,444.6300048828125,438.9200134277344,442.9599914550781,89351900,SPY
2021-08-19,416.89068603515625,439.8599853515625,441.1400146484375,436.1199951171875,436.2699890136719,92812200,SPY
2021-08-20,420.2078857421875,443.3599853515625,443.7099914550781,439.7099914550781,440.2300109863281,72008700,SPY
2021-08-23,423.90423583984375,447.260009765625,448.2300109863281,443.44000244140625,445.1600036621094,54973000,SPY
2021-08-24,424.5771179199219,447.9700012207031,448.5400085449219,447.4200134277344,447.9700012207031,38744700,SPY
2021-08-25,425.4681091308594,448.9100036621094,449.4599914550781,447.7699890136719,448.1700134277344,40529700,SPY
2021-08-26,422.9565124511719,446.260009765625,448.8599853515625,446.1600036621094,448.6099853515625,57829600,SPY
2021-08-27,426.73809814453125,450.25,450.6499938964844,447.05999755859375,447.1199951171875,77235100,SPY
2021-08-30,428.6147155761719,452.2300109863281,453.07000732421875,450.7099914550781,450.9700012207031,48357400,SPY
2021-08-31,427.9797058105469,451.55999755859375,452.489990234375,450.9200134277344,452.1300048828125,59300200,SPY
2021-09-01,428.2071838378906,451.79998779296875,453.1099853515625,451.54998779296875,452.55999755859375,48721400,SPY
2021-09-02,429.5245666503906,453.19000244140625,454.04998779296875,451.9100036621094,453.32000732421875,42501000,SPY
2021-09-03,429.4202880859375,453.0799865722656,453.6300048828125,451.54998779296875,451.9800109863281,47170500,SPY
2021-09-07,427.8849182128906,451.4599914550781,452.80999755859375,450.739990234375,452.7099914550781,51671500,SPY
2021-09-08,427.3636474609375,450.9100036621094,451.6700134277344,448.8599853515625,450.8900146484375,56181900,SPY
2021-09-09,425.5344543457031,448.9800109863281,452.57000732421875,448.7200012207031,450.70001220703125,57970400,SPY
2021-09-10,422.1792907714844,445.44000244140625,451.489990234375,445.30999755859375,451.0400085449219,89948200,SPY
2021-09-13,423.2597351074219,446.5799865722656,448.9200134277344,444.1099853515625,448.6400146484375,83738600,SPY
2021-09-14,420.9756164550781,444.1700134277344,448.3399963378906,443.2200012207031,448.1199951171875,78197100,SPY
2021-09-15,424.49188232421875,447.8800048828125,448.4100036621094,443.44000244140625,444.6199951171875,78792200,SPY
2021-09-16,423.8189697265625,447.1700134277344,448.3599853515625,444.0199890136719,447.32000732421875,77786700,SPY
2021-09-17,419.6905212402344,441.3999938964844,445.3699951171875,441.0199890136719,444.9200134277344,118425000,SPY
2021-09-20,412.6924743652344,434.0400085449219,436.55999755859375,428.8599853515625,434.8800048828125,166445500,SPY
2021-09-21,412.30267333984375,433.6300048828125,437.9100036621094,433.07000732421875,436.5299987792969,92526100,SPY
2021-09-22,416.3246154785156,437.8599853515625,440.0299987792969,433.75,436.04998779296875,102350100,SPY
2021-09-23,421.38299560546875,443.17999267578125,444.8900146484375,439.6000061035156,439.8500061035156,76396000,SPY
2021-09-24,422.0770263671875,443.9100036621094,444.6700134277344,441.2099914550781,441.44000244140625,62094800,SPY
2021-09-27,420.86956787109375,442.6400146484375,444.04998779296875,441.8999938964844,442.80999755859375,61371100,SPY
2021-09-28,412.38818359375,433.7200012207031,440.0400085449219,432.94000244140625,439.69000244140625,130436300,SPY
2021-09-29,413.0823059082031,434.45001220703125,437.0400085449219,433.8500061035156,435.19000244140625,82329200,SPY
2021-09-30,408.0335388183594,429.1400146484375,436.7699890136719,428.7799987792969,436.0199890136719,140506000,SPY
2021-10-01,412.8826599121094,434.239990234375,436.0299987792969,427.2300109863281,430.9800109863281,129240100,SPY
2021-10-04,407.55810546875,428.6400146484375,433.9599914550781,426.3599853515625,433.0,128570000,SPY
2021-10-05,411.79876708984375,433.1000061035156,435.489990234375,429.3900146484375,430.239990234375,90682500,SPY
2021-10-06,413.5102233886719,434.8999938964844,435.1199951171875,427.5400085449219,429.2699890136719,113032200,SPY
2021-10-07,417.0852966308594,438.6600036621094,441.67999267578125,438.20001220703125,438.3900146484375,72437500,SPY
2021-10-08,416.3246154785156,437.8599853515625,439.8900146484375,437.19000244140625,439.4800109863281,74557400,SPY
2021-10-11,413.3105773925781,434.69000244140625,440.260009765625,434.6199951171875,437.1600036621094,65233300,SPY
2021-10-12,412.2931213378906,433.6199951171875,436.1000061035156,432.7799987792969,435.6700134277344,71181200,SPY
2021-10-13,413.7763977050781,435.17999267578125,436.04998779296875,431.5400085449219,434.7099914550781,72974000,SPY
2021-10-14,420.73638916015625,442.5,442.6600036621094,438.5799865722656,439.0799865722656,70236800,SPY
2021-10-15,423.9405822753906,445.8699951171875,446.260009765625,444.0899963378906,444.75,66260200,SPY
2021-10-18,425.19573974609375,447.19000244140625,447.54998779296875,443.2699890136719,443.9700012207031,62213200,SPY
2021-10-19,428.4761047363281,450.6400146484375,450.7099914550781,448.2699890136719,448.9200134277344,46996800,SPY
2021-10-20,430.1590270996094,452.4100036621094,452.7300109863281,451.010009765625,451.1300048828125,49571600,SPY
2021-10-21,431.2809753417969,453.5899963378906,453.8299865722656,451.30999755859375,451.7699890136719,41305400,SPY
2021-10-22,430.8340759277344,453.1199951171875,454.6700134277344,451.04998779296875,453.1300048828125,58845100,SPY
2021-10-25,433.14453125,455.54998779296875,455.8999938964844,452.3900146484375,454.2799987792969,45214500,SPY
2021-10-26,433.5343933105469,455.9599914550781,458.489990234375,455.55999755859375,457.20001220703125,56075100,SPY
2021-10-27,431.6138000488281,453.94000244140625,457.1600036621094,453.8599853515625,456.45001220703125,72438000,SPY
2021-10-28,435.77838134765625,458.32000732421875,458.3999938964844,455.45001220703125,455.4599914550781,51437900,SPY
2021-10-29,436.66259765625,459.25,459.55999755859375,455.55999755859375,455.8699951171875,70162400,SPY
2021-11-01,437.4137268066406,460.0400085449219,460.70001220703125,458.20001220703125,460.29998779296875,48433600,SPY
2021-11-02,439.18231201171875,461.8999938964844,462.2300109863281,460.0799865722656,460.2200012207031,48908400,SPY
2021-11-03,441.8635559082031,464.7200012207031,465.1499938964844,460.8299865722656,461.29998779296875,52509800,SPY
2021-11-04,443.9458312988281,466.9100036621094,467.0,464.989990234375,465.3599853515625,52847100,SPY
2021-11-05,445.48614501953125,468.5299987792969,470.6499938964844,466.9200134277344,469.2799987792969,66390600,SPY
2021-11-08,445.8664855957031,468.92999267578125,470.2300109863281,468.20001220703125,469.70001220703125,50405200,SPY
2021-11-09,444.3927001953125,467.3800048828125,469.57000732421875,465.8800048828125,469.32000732421875,51149100,SPY
2021-11-10,440.8176574707031,463.6199951171875,467.3800048828125,462.0400085449219,465.5799865722656,69429700,SPY
2021-11-11,440.96026611328125,463.7699890136719,465.2900085449219,463.75,465.2099914550781,34848500,SPY
2021-11-12,444.2881164550781,467.2699890136719,467.8599853515625,464.1099853515625,465.1199951171875,53466700,SPY
2021-11-15,444.44024658203125,467.42999267578125,468.80999755859375,466.2300109863281,468.6400146484375,46980500,SPY
2021-11-16,446.19927978515625,469.2799987792969,470.489990234375,467.07000732421875,467.1499938964844,48857500,SPY
2021-11-17,445.1153869628906,468.1400146484375,469.19000244140625,467.4800109863281,469.0,47858300,SPY
2021-11-18,446.62713623046875,469.7300109863281,470.010009765625,466.3399963378906,469.239990234375,50625600,SPY
2021-11-19,445.8284912109375,468.8900146484375,470.94000244140625,468.5,469.6099853515625,57315600,SPY
2021-11-22,444.5733642578125,467.57000732421875,473.5400085449219,467.3500061035156,470.8900146484375,72762000,SPY
2021-11-23,445.1628723144531,468.19000244140625,469.1000061035156,464.45001220703125,467.2200012207031,73206500,SPY
2021-11-24,446.3514099121094,469.44000244140625,469.57000732421875,465.19000244140625,466.05999755859375,61858800,SPY
2021-11-26,436.3963317871094,458.9700012207031,463.8999938964844,457.7699890136719,462.3399963378906,112669600,SPY
2021-11-29,441.74945068359375,464.6000061035156,466.55999755859375,461.7300109863281,464.07000732421875,86268800,SPY
2021-11-30,433.1540222167969,455.55999755859375,464.0299987792969,455.29998779296875,462.0,148559600,SPY
2021-12-01,428.3429260253906,450.5,464.6700134277344,450.2900085449219,461.6400146484375,131939200,SPY
2021-12-02,434.9035949707031,457.3999938964844,459.07000732421875,450.30999755859375,450.7300109863281,127637800,SPY
2021-12-03,431.1193542480469,453.4200134277344,460.29998779296875,448.9200134277344,459.1700134277344,137331600,SPY
2021-12-06,436.2251892089844,458.7900085449219,460.7900085449219,453.55999755859375,456.1300048828125,98977500,SPY
2021-12-07,445.24847412109375,468.2799987792969,468.8800048828125,458.6499938964844,464.4100036621094,95484700,SPY
2021-12-08,446.4274597167969,469.5199890136719,470.0,466.8299865722656,468.70001220703125,72238800,SPY
2021-12-09,443.4133605957031,466.3500061035156,469.6300048828125,466.1400146484375,468.1499938964844,61272600,SPY
2021-12-10,447.58746337890625,470.739990234375,470.8999938964844,466.510009765625,469.2300109863281,77159800,SPY
2021-12-13,443.6225280761719,466.57000732421875,470.55999755859375,466.2699890136719,470.19000244140625,87724700,SPY
2021-12-14,440.5704345703125,463.3599853515625,465.739990234375,460.25,463.0899963378906,97264100,SPY
2021-12-15,447.45440673828125,470.6000061035156,470.8599853515625,460.739990234375,463.4200134277344,116899300,SPY
2021-12-16,443.5084533691406,466.45001220703125,472.8699951171875,464.79998779296875,472.57000732421875,116568600,SPY
2021-12-17,438.7882080078125,459.8699951171875,464.739990234375,458.05999755859375,461.54998779296875,135511600,SPY
2021-12-20,434.1224365234375,454.9800109863281,455.3999938964844,451.1400146484375,454.4800109863281,107134800,SPY
2021-12-21,441.8320007324219,463.05999755859375,463.2099914550781,456.30999755859375,458.6099853515625,69806300,SPY
2021-12-22,446.2497863769531,467.69000244140625,467.80999755859375,462.5799865722656,462.7900085449219,58890200,SPY
2021-12-23,449.0263671875,470.6000061035156,472.19000244140625,468.6400146484375,468.75,56439700,SPY
2021-12-27,455.381103515625,477.260009765625,477.30999755859375,472.010009765625,472.05999755859375,56808600,SPY
2021-12-28,455.0089416503906,476.8699951171875,478.80999755859375,476.05999755859375,477.7200012207031,47274600,SPY
2021-12-29,455.5909423828125,477.4800109863281,478.55999755859375,475.9200134277344,476.9800109863281,54503000,SPY
2021-12-30,454.3314514160156,476.1600036621094,479.0,475.6700134277344,477.92999267578125,55329000,SPY
2021-12-31,453.1865234375,474.9599914550781,476.8599853515625,474.6700134277344,475.6400146484375,65237400,SPY
2022-01-03,455.8104553222656,477.7099914550781,477.8500061035156,473.8500061035156,476.29998779296875,72668200,SPY
2022-01-04,455.65771484375,477.54998779296875,479.9800109863281,475.5799865722656,479.2200012207031,71178700,SPY
2022-01-05,446.90814208984375,468.3800048828125,477.9800109863281,468.2799987792969,477.1600036621094,104538900,SPY
2022-01-06,446.4883117675781,467.94000244140625,470.82000732421875,465.42999267578125,467.8900146484375,86858900,SPY
2022-01-07,444.7231750488281,466.0899963378906,469.20001220703125,464.6499938964844,467.95001220703125,85111600,SPY
2022-01-10,444.169677734375,465.510009765625,465.739990234375,456.6000061035156,462.70001220703125,119362000,SPY
2022-01-11,448.21533203125,469.75,469.8500061035156,462.04998779296875,465.2300109863281,74303100,SPY
2022-01-12,449.4270935058594,471.0199890136719,473.20001220703125,468.94000244140625,471.5899963378906,67605400,SPY
2022-01-13,443.23468017578125,464.5299987792969,472.8800048828125,463.44000244140625,472.19000244140625,91173100,SPY
2022-01-14,443.4159240722656,464.7200012207031,465.0899963378906,459.8999938964844,461.19000244140625,95890900,SPY
2022-01-18,435.5632629394531,456.489990234375,459.9599914550781,455.30999755859375,459.739990234375,109709100,SPY
2022-01-19,431.0404357910156,451.75,459.6099853515625,451.4599914550781,458.1300048828125,109357600,SPY
2022-01-20,426.2697448730469,446.75,458.739990234375,444.5,453.75,122379700,SPY
2022-01-21,417.9017333984375,437.9800109863281,448.05999755859375,437.95001220703125,445.55999755859375,202271200,SPY
2022-01-24,419.6764831542969,439.8399963378906,440.3800048828125,420.760009765625,432.0299987792969,251783900,SPY
2022-01-25,414.5526428222656,434.4700012207031,439.7200012207031,427.1499938964844,433.05999755859375,167997300,SPY
2022-01-26,413.5126037597656,433.3800048828125,444.0400085449219,428.8599853515625,440.7200012207031,186391100,SPY
2022-01-27,411.4707336425781,431.239990234375,441.5899963378906,429.45001220703125,438.260009765625,149878300,SPY
2022-01-28,421.6897888183594,441.95001220703125,442.0,427.82000732421875,432.67999267578125,164457400,SPY
2022-01-31,429.284912109375,449.9100036621094,450.2799987792969,439.80999755859375,441.239990234375,152251400,SPY
2022-02-01,432.1855163574219,452.95001220703125,453.6300048828125,446.94000244140625,450.67999267578125,123155400,SPY
2022-02-02,436.3837890625,457.3500061035156,458.1199951171875,453.04998779296875,455.5,117361000,SPY
2022-02-03,426.1266784667969,446.6000061035156,452.9700012207031,445.7099914550781,450.95001220703125,118024400,SPY
2022-02-04,428.13037109375,448.70001220703125,452.7799987792969,443.8299865722656,446.3500061035156,118454400,SPY
2022-02-07,426.75634765625,447.260009765625,450.989990234375,445.8500061035156,449.510009765625,84472900,SPY
2022-02-08,430.26763916015625,450.94000244140625,451.9200134277344,445.2200012207031,446.7300109863281,81012000,SPY
2022-02-09,436.5650634765625,457.5400085449219,457.8800048828125,455.010009765625,455.2200012207031,92589900,SPY
2022-02-10,428.72186279296875,449.32000732421875,457.7099914550781,447.20001220703125,451.3399963378906,140103700,SPY
2022-02-11,420.26806640625,440.4599914550781,451.6099853515625,438.94000244140625,449.4100036621094,153214600,SPY
2022-02-14,418.89404296875,439.0199890136719,441.6000061035156,435.3399963378906,439.9200134277344,123006300,SPY
2022-02-15,425.6495361328125,446.1000061035156,446.2799987792969,443.17999267578125,443.7300109863281,88482700,SPY
2022-02-16,426.1266784667969,446.6000061035156,448.05999755859375,441.94000244140625,443.92999267578125,84863600,SPY
2022-02-17,417.02392578125,437.05999755859375,446.57000732421875,436.4200134277344,443.2200012207031,102259100,SPY
2022-02-18,414.3236999511719,434.2300109863281,438.6600036621094,431.82000732421875,437.3299865722656,132642900,SPY
2022-02-22,409.8772888183594,429.57000732421875,435.5,425.8599853515625,431.8900146484375,124391800,SPY
2022-02-23,402.6065673828125,421.95001220703125,433.260009765625,421.3500061035156,432.6600036621094,132578000,SPY
2022-02-24,408.66552734375,428.29998779296875,428.760009765625,410.6400146484375,411.0199890136719,213942900,SPY
2022-02-25,417.6823425292969,437.75,437.8399963378906,427.8599853515625,429.6099853515625,121804500,SPY
2022-02-28,416.6136779785156,436.6300048828125,438.20001220703125,430.70001220703125,432.0299987792969,145615000,SPY
2022-03-01,410.2685241699219,429.9800109863281,437.1700134277344,427.1099853515625,435.0400085449219,137785900,SPY
2022-03-02,417.8158874511719,437.8900146484375,439.7200012207031,431.57000732421875,432.3699951171875,117726500,SPY
2022-03-03,415.7358093261719,435.7099914550781,441.1099853515625,433.79998779296875,440.4700012207031,105501700,SPY
2022-03-04,412.358154296875,432.1700134277344,433.3699951171875,427.8800048828125,431.75,113978200,SPY
2022-03-07,400.2021179199219,419.42999267578125,432.29998779296875,419.3599853515625,431.54998779296875,137896600,SPY
2022-03-08,397.16796875,416.25,427.2099914550781,415.1199951171875,419.6199951171875,164772700,SPY
2022-03-09,407.81634521484375,427.4100036621094,429.510009765625,422.82000732421875,425.1400146484375,116990800,SPY
2022-03-10,405.97479248046875,425.4800109863281,426.42999267578125,420.44000244140625,422.5199890136719,93972700,SPY
2022-03-11,400.8127746582031,420.07000732421875,428.7699890136719,419.5299987792969,428.1199951171875,95636300,SPY
2022-03-14,397.883544921875,417.0,424.54998779296875,415.7900085449219,420.8900146484375,95729200,SPY
2022-03-15,406.63323974609375,426.1700134277344,426.8399963378906,418.4200134277344,419.7699890136719,106219100,SPY
2022-03-16,415.64996337890625,435.6199951171875,435.67999267578125,424.79998779296875,429.8900146484375,144954800,SPY
2022-03-17,420.8501892089844,441.07000732421875,441.07000732421875,433.19000244140625,433.5899963378906,102676900,SPY
2022-03-18,425.4595642089844,444.5199890136719,444.8599853515625,437.2200012207031,438.0,106345500,SPY
2022-03-21,425.3351745605469,444.3900146484375,446.4599914550781,440.67999267578125,444.3399963378906,88349800,SPY
2022-03-22,430.312255859375,449.5899963378906,450.5799865722656,445.8599853515625,445.8599853515625,74650400,SPY
2022-03-23,424.7704772949219,443.79998779296875,448.489990234375,443.7099914550781,446.9100036621094,79426100,SPY
2022-03-24,431.1736145019531,450.489990234375,450.5,444.760009765625,445.94000244140625,64736900,SPY
2022-03-25,433.27923583984375,452.69000244140625,452.9800109863281,448.42999267578125,451.1600036621094,77101300,SPY
2022-03-28,436.3612060546875,455.9100036621094,455.9100036621094,450.05999755859375,452.05999755859375,68529800,SPY
2022-03-29,441.7593994140625,461.54998779296875,462.07000732421875,457.17999267578125,460.0199890136719,86581500,SPY
2022-03-30,439.0315856933594,458.70001220703125,461.20001220703125,456.4700012207031,460.3399963378906,79666900,SPY
2022-03-31,432.27435302734375,451.6400146484375,458.760009765625,451.1600036621094,457.8900146484375,121699900,SPY
2022-04-01,433.49945068359375,452.9200134277344,453.4599914550781,449.1400146484375,453.30999755859375,89048800,SPY
2022-04-04,437.2131042480469,456.79998779296875,456.9100036621094,452.260009765625,453.1300048828125,59601000,SPY
2022-04-05,431.6904602050781,451.0299987792969,457.8299865722656,449.82000732421875,455.2200012207031,74214500,SPY
2022-04-06,427.3738708496094,446.5199890136719,448.92999267578125,443.4700012207031,446.8900146484375,106898000,SPY
2022-04-07,429.5273742675781,448.7699890136719,450.69000244140625,443.5299987792969,445.5899963378906,78097200,SPY
2022-04-08,428.37884521484375,447.57000732421875,450.6300048828125,445.94000244140625,447.9700012207031,79272700,SPY
2022-04-11,421.056884765625,439.9200134277344,445.0,439.3900146484375,444.1099853515625,89770500,SPY
2022-04-12,419.49676513671875,438.2900085449219,445.75,436.6499938964844,443.0799865722656,84363600,SPY
2022-04-13,424.301513671875,443.30999755859375,444.1099853515625,437.8399963378906,438.0299987792969,74070400,SPY
2022-04-14,419.0181884765625,437.7900085449219,444.7300109863281,437.67999267578125,443.54998779296875,97869500,SPY
2022-04-18,419.1904296875,437.9700012207031,439.75,435.6099853515625,436.80999755859375,66002500,SPY
2022-04-19,425.957275390625,445.0400085449219,445.79998779296875,437.67999267578125,437.8599853515625,77821000,SPY
2022-04-20,425.6414489746094,444.7099914550781,447.57000732421875,443.4800109863281,446.9200134277344,65224400,SPY
2022-04-21,419.2765808105469,438.05999755859375,450.010009765625,437.1000061035156,448.5400085449219,85417300,SPY
2022-04-22,407.7720031738281,426.0400085449219,438.0799865722656,425.44000244140625,436.9100036621094,132471800,SPY
2022-04-25,410.13604736328125,428.510009765625,428.69000244140625,418.8399963378906,423.6700134277344,119647700,SPY
2022-04-26,398.2582092285156,416.1000061035156,426.0400085449219,416.07000732421875,425.8299865722656,103996300,SPY
2022-04-27,399.3780517578125,417.2699890136719,422.9200134277344,415.010009765625,417.239990234375,122030000,SPY
2022-04-28,409.466064453125,427.80999755859375,429.6400146484375,417.6000061035156,422.2900085449219,105449100,SPY
2022-04-29,394.3340148925781,412.0,425.8699951171875,411.2099914550781,423.5899963378906,145491100,SPY
2022-05-02,396.70770263671875,414.4800109863281,415.9200134277344,405.0199890136719,412.07000732421875,158312500,SPY
2022-05-03,398.5262145996094,416.3800048828125,418.92999267578125,413.3599853515625,415.010009765625,100028200,SPY
2022-05-04,410.6625061035156,429.05999755859375,429.6600036621094,413.7099914550781,417.0799865722656,144247900,SPY
2022-05-05,396.0663757324219,413.80999755859375,425.0,409.44000244140625,424.54998779296875,172929100,SPY
2022-05-06,393.7023620605469,411.3399963378906,414.79998779296875,405.7300109863281,411.1000061035156,151770800,SPY
2022-05-09,381.0970458984375,398.1700134277344,406.4100036621094,396.5,405.1000061035156,155586100,SPY
2022-05-10,381.97760009765625,399.0899963378906,406.0799865722656,394.82000732421875,404.489990234375,132497200,SPY
2022-05-11,375.90936279296875,392.75,404.0400085449219,391.9599914550781,398.07000732421875,142361000,SPY
2022-05-12,375.51702880859375,392.3399963378906,395.79998779296875,385.1499938964844,389.3699951171875,125090800,SPY
2022-05-13,384.4948425292969,401.7200012207031,403.17999267578125,395.6099853515625,396.7099914550781,104174400,SPY
2022-05-16,382.9347229003906,400.0899963378906,403.9700012207031,397.6000061035156,399.9800109863281,78622400,SPY
2022-05-17,390.8117980957031,408.32000732421875,408.57000732421875,402.5799865722656,406.5299987792969,83029700,SPY
2022-05-18,375.0575256347656,391.8599853515625,403.79998779296875,390.54998779296875,403.5,117674500,SPY
2022-05-19,372.760498046875,389.4599914550781,394.1400146484375,387.1099853515625,388.6199951171875,98510700,SPY
2022-05-20,372.9232177734375,389.6300048828125,397.0299987792969,380.5400085449219,393.25,131432200,SPY
2022-05-23,379.900634765625,396.9200134277344,397.7300109863281,390.3800048828125,392.8299865722656,76414900,SPY
2022-05-24,377.0005798339844,393.8900146484375,395.1499938964844,386.9599914550781,392.55999755859375,91448800,SPY
2022-05-25,380.331298828125,397.3699951171875,399.45001220703125,391.8900146484375,392.30999755859375,91472900,SPY
2022-05-26,387.9308776855469,405.30999755859375,407.0400085449219,398.45001220703125,398.6700134277344,82168300,SPY
2022-05-27,397.4542541503906,415.260009765625,415.3800048828125,407.70001220703125,407.9100036621094,84768700,SPY
2022-05-31,395.2241516113281,412.92999267578125,416.4599914550781,410.0299987792969,413.54998779296875,95937000,SPY
2022-06-01,392.0273742675781,409.5899963378906,416.239990234375,406.92999267578125,415.1700134277344,86585800,SPY
2022-06-02,399.492919921875,417.3900146484375,417.44000244140625,407.0400085449219,409.4200134277344,79609600,SPY
2022-06-03,392.93658447265625,410.5400085449219,414.0400085449219,409.510009765625,412.3999938964844,71874300,SPY
2022-06-06,394.1330261230469,411.7900085449219,416.6099853515625,410.54998779296875,414.7799987792969,57508900,SPY
2022-06-07,397.91363525390625,415.739990234375,416.2200012207031,407.6099853515625,408.1000061035156,59272400,SPY
2022-06-08,393.5874938964844,411.2200012207031,415.82000732421875,410.3800048828125,413.92999267578125,64350000,SPY
2022-06-09,384.2267761230469,401.44000244140625,411.739990234375,401.44000244140625,409.3399963378906,86289800,SPY
2022-06-10,373.0859375,389.79998779296875,395.7799987792969,389.75,394.8800048828125,132893900,SPY
2022-06-13,358.92047119140625,375.0,381.80999755859375,373.29998779296875,379.8500061035156,170004900,SPY
2022-06-14,357.8390197753906,373.8699951171875,377.94000244140625,370.5899963378906,376.8500061035156,104011800,SPY
2022-06-15,362.9404296875,379.20001220703125,383.8999938964844,372.1199951171875,377.3599853515625,125666800,SPY
2022-06-16,350.9285583496094,366.6499938964844,370.94000244140625,364.0799865722656,370.510009765625,134473300,SPY
2022-06-17,351.68505859375,365.8599853515625,369.3800048828125,362.1700134277344,365.510009765625,111113900,SPY
2022-06-21,360.5381774902344,375.07000732421875,376.5299987792969,371.80999755859375,371.8900146484375,76811900,SPY
2022-06-22,359.88458251953125,374.3900146484375,378.7200012207031,370.17999267578125,370.6199951171875,90059400,SPY
2022-06-23,363.41241455078125,378.05999755859375,378.8299865722656,372.8900146484375,376.6400146484375,79292100,SPY
2022-06-24,374.9667053222656,390.0799865722656,390.0899963378906,381.3699951171875,381.3999938964844,98050300,SPY
2022-06-27,373.5344543457031,388.5899963378906,391.3599853515625,387.44000244140625,391.04998779296875,66009600,SPY
2022-06-28,365.9020080566406,380.6499938964844,393.1600036621094,380.5299987792969,390.2300109863281,86548900,SPY
2022-06-29,365.6040954589844,380.3399963378906,382.2699890136719,378.4200134277344,381.2300109863281,65676000,SPY
2022-06-30,362.6337585449219,377.25,380.6600036621094,372.55999755859375,376.239990234375,112508300,SPY
2022-07-01,366.46917724609375,381.239990234375,381.70001220703125,373.79998779296875,376.55999755859375,74839700,SPY
2022-07-05,367.16131591796875,381.9599914550781,381.9800109863281,372.8999938964844,375.8800048828125,81438000,SPY
2022-07-06,368.4012756347656,383.25,385.8699951171875,379.6000061035156,382.1099853515625,70426200,SPY
2022-07-07,373.9189453125,388.989990234375,389.8299865722656,383.2699890136719,385.1199951171875,64525900,SPY
2022-07-08,373.611328125,388.6700134277344,390.6400146484375,385.6600036621094,387.2699890136719,72397800,SPY
2022-07-11,369.3433532714844,384.2300109863281,386.8699951171875,383.5,385.8500061035156,58366900,SPY
2022-07-12,366.0750427246094,380.8299865722656,386.1600036621094,378.989990234375,383.6499938964844,62219200,SPY
2022-07-13,364.1525573730469,378.8299865722656,381.9200134277344,374.6600036621094,375.1000061035156,84224600,SPY
2022-07-14,363.2681579589844,377.9100036621094,379.04998779296875,371.0400085449219,373.6099853515625,89704800,SPY
2022-07-15,370.2085266113281,385.1300048828125,385.25,380.5400085449219,382.54998779296875,79060400,SPY
2022-07-18,367.15167236328125,381.95001220703125,389.0899963378906,380.6600036621094,388.3800048828125,63203600,SPY
2022-07-19,377.07183837890625,392.2699890136719,392.8699951171875,385.3900146484375,386.0799865722656,78506000,SPY
2022-07-20,379.4749755859375,394.7699890136719,396.260009765625,391.0299987792969,392.4700012207031,71843800,SPY
2022-07-21,383.3392639160156,398.7900085449219,398.8399963378906,391.6300048828125,394.1600036621094,64903900,SPY
2022-07-22,379.7825622558594,395.0899963378906,400.17999267578125,392.75,398.9200134277344,72197300,SPY
2022-07-25,380.2440185546875,395.57000732421875,396.4700012207031,393.2099914550781,395.75,53631500,SPY
2022-07-26,375.7453308105469,390.8900146484375,394.05999755859375,389.95001220703125,393.8399963378906,52946400,SPY
2022-07-27,385.50201416015625,401.0400085449219,402.8800048828125,394.04998779296875,394.3599853515625,82342100,SPY
2022-07-28,390.3371887207031,406.07000732421875,406.79998779296875,398.1499938964844,401.8900146484375,73966600,SPY
2022-07-29,396.02783203125,411.989990234375,413.0299987792969,406.7699890136719,407.5799865722656,87003700,SPY
2022-08-01,394.8551025390625,410.7699890136719,413.4100036621094,408.3999938964844,409.1499938964844,69997500,SPY
2022-08-02,392.2500915527344,408.05999755859375,413.0,406.82000732421875,409.1199951171875,63435400,SPY
2022-08-03,398.39251708984375,414.45001220703125,415.67999267578125,410.0,410.29998779296875,67820600,SPY
2022-08-04,398.12335205078125,414.1700134277344,415.0899963378906,412.44000244140625,414.3699951171875,45656600,SPY
2022-08-05,397.450439453125,413.4700012207031,414.1499938964844,409.6000061035156,409.6600036621094,56814900,SPY
2022-08-08,396.9890441894531,412.989990234375,417.6199951171875,411.8299865722656,415.25,53886100,SPY
2022-08-09,395.41265869140625,411.3500061035156,412.75,410.2200012207031,412.2200012207031,44931800,SPY
2022-08-10,403.7178649902344,419.989990234375,420.1400146484375,416.7200012207031,418.7799987792969,68665700,SPY
2022-08-11,403.7178649902344,419.989990234375,424.95001220703125,419.2099914550781,422.989990234375,59489700,SPY
2022-08-12,410.5523986816406,427.1000061035156,427.2099914550781,421.0299987792969,422.0299987792969,61694500,SPY
2022-08-15,412.2441711425781,428.8599853515625,429.4100036621094,424.7099914550781,424.7699890136719,54048300,SPY
2022-08-16,413.05169677734375,429.70001220703125,431.7300109863281,426.8800048828125,427.7300109863281,59289000,SPY
2022-08-17,410.11981201171875,426.6499938964844,429.5,424.5400085449219,425.9100036621094,63563400,SPY
2022-08-18,411.3118591308594,427.8900146484375,428.6099853515625,425.5,426.8599853515625,49023200,SPY
2022-08-19,405.7845764160156,422.1400146484375,425.260009765625,421.2200012207031,424.9800109863281,68016900,SPY
2022-08-22,397.33514404296875,413.3500061035156,417.2300109863281,412.3999938964844,417.04998779296875,77695600,SPY
2022-08-23,396.3738098144531,412.3500061035156,415.4200134277344,411.7699890136719,412.8999938964844,49105200,SPY
2022-08-24,397.6427001953125,413.6700134277344,415.1099853515625,411.3900146484375,412.1099853515625,49177800,SPY
2022-08-25,403.2564697265625,419.510009765625,419.55999755859375,414.0899963378906,415.239990234375,50942300,SPY
2022-08-26,389.60662841796875,405.30999755859375,419.9599914550781,405.25,419.3900146484375,103087000,SPY
2022-08-29,387.0304870605469,402.6300048828125,405.8399963378906,401.20001220703125,402.20001220703125,65370800,SPY
2022-08-30,382.78167724609375,398.2099914550781,404.1000061035156,396.0,403.8500061035156,85652400,SPY
2022-08-31,379.86907958984375,395.17999267578125,401.239990234375,395.0400085449219,399.92999267578125,76029700,SPY
2022-09-01,381.0611267089844,396.4200134277344,396.7799987792969,390.0400085449219,392.8900146484375,78740100,SPY
2022-09-02,377.04302978515625,392.239990234375,401.55999755859375,390.3299865722656,400.2799987792969,99632100,SPY
2022-09-06,375.620361328125,390.760009765625,394.1199951171875,388.4200134277344,393.1300048828125,76637400,SPY
2022-09-07,382.3683776855469,397.7799987792969,398.5899963378906,390.20001220703125,390.42999267578125,70964200,SPY
2022-09-08,384.8676452636719,400.3800048828125,400.8599853515625,394.1199951171875,395.3900146484375,80821700,SPY
2022-09-09,390.8466491699219,406.6000061035156,407.510009765625,402.4599914550781,402.739990234375,76706900,SPY
2022-09-12,395.04730224609375,410.9700012207031,411.7300109863281,408.4599914550781,408.7799987792969,69256300,SPY
2022-09-13,377.8697204589844,393.1000061035156,403.1000061035156,391.9200134277344,401.8299865722656,122947100,SPY
2022-09-14,379.31158447265625,394.6000061035156,396.20001220703125,391.1199951171875,394.4700012207031,85023700,SPY
2022-09-15,375.0051574707031,390.1199951171875,395.9599914550781,388.7799987792969,392.9599914550781,87633800,SPY
2022-09-16,372.144287109375,385.55999755859375,386.25,382.1099853515625,384.1400146484375,103084800,SPY
2022-09-19,375.0301818847656,388.54998779296875,388.54998779296875,382.17999267578125,382.260009765625,73278500,SPY
2022-09-20,370.72540283203125,384.0899963378906,386.1199951171875,381.20001220703125,385.05999755859375,77274900,SPY
2022-09-21,364.2585754394531,377.3900146484375,389.30999755859375,377.3800048828125,386.1099853515625,106746600,SPY
2022-09-22,361.1988220214844,374.2200012207031,378.29998779296875,373.44000244140625,376.5799865722656,89472600,SPY
2022-09-23,355.14697265625,367.95001220703125,370.6199951171875,363.2900085449219,370.5799865722656,122346900,SPY
2022-09-26,351.6336975097656,364.30999755859375,370.2099914550781,363.0299987792969,366.4100036621094,92581200,SPY
2022-09-27,350.7360534667969,363.3800048828125,370.3999938964844,360.8699951171875,368.0199890136719,108294100,SPY
2022-09-28,357.63720703125,370.5299987792969,372.29998779296875,362.6000061035156,364.3800048828125,110802200,SPY
2022-09-29,350.16656494140625,362.7900085449219,367.1099853515625,359.70001220703125,366.80999755859375,112952300,SPY
2022-09-30,344.7517395019531,357.17999267578125,365.9100036621094,357.0400085449219,361.79998779296875,153711200,SPY
2022-10-03,353.8536376953125,366.6099853515625,368.54998779296875,359.2099914550781,361.0799865722656,89756500,SPY
2022-10-04,364.8183288574219,377.9700012207031,378.0,366.57000732421875,372.3999938964844,103602800,SPY
2022-10-05,363.9690246582031,377.0899963378906,379.4599914550781,370.95001220703125,373.3900146484375,88065700,SPY
2022-10-06,360.21435546875,373.20001220703125,378.7200012207031,372.67999267578125,375.6199951171875,82333500,SPY
2022-10-07,350.16656494140625,362.7900085449219,373.2900085449219,360.94000244140625,368.9700012207031,107789500,SPY
2022-10-10,347.492919921875,360.0199890136719,364.2099914550781,357.6700134277344,363.9599914550781,76042800,SPY
2022-10-11,345.2922668457031,357.739990234375,363.0299987792969,355.7099914550781,358.239990234375,92482800,SPY
2022-10-12,344.1533203125,356.55999755859375,359.82000732421875,356.29998779296875,358.1700134277344,76991800,SPY
2022-10-13,353.23590087890625,365.9700012207031,367.510009765625,348.1099853515625,349.2099914550781,147254500,SPY
2022-10-14,345.18609619140625,357.6300048828125,370.260009765625,356.9599914550781,368.54998779296875,123737000,SPY
2022-10-17,354.056396484375,366.82000732421875,367.9800109863281,357.2799987792969,364.010009765625,93168200,SPY
2022-10-18,358.2163391113281,371.1300048828125,375.45001220703125,367.5199890136719,375.1300048828125,97162900,SPY
2022-10-19,355.6778869628906,368.5,371.8500061035156,365.54998779296875,368.989990234375,79746900,SPY
2022-10-20,352.6954345703125,365.4100036621094,372.6700134277344,364.6099853515625,368.0299987792969,88283100,SPY
2022-10-21,361.26641845703125,374.2900085449219,374.79998779296875,363.5400085449219,365.1199951171875,131038400,SPY
2022-10-24,365.6870422363281,378.8699951171875,380.05999755859375,373.1099853515625,375.8900146484375,85436900,SPY
2022-10-25,371.52655029296875,384.9200134277344,385.25,378.6700134277344,378.7900085449219,78846300,SPY
2022-10-26,368.72747802734375,382.0199890136719,387.5799865722656,381.3500061035156,381.6199951171875,104087300,SPY
2022-10-27,366.7583923339844,379.9800109863281,385.0,379.3299865722656,383.07000732421875,81971800,SPY
2022-10-28,375.4838562011719,389.0199890136719,389.5199890136719,379.67999267578125,379.8699951171875,100302000,SPY
2022-10-31,372.7716369628906,386.2099914550781,388.3999938964844,385.260009765625,386.44000244140625,96631300,SPY
2022-11-01,371.1404724121094,384.5199890136719,390.3900146484375,383.2900085449219,390.1400146484375,85407600,SPY
2022-11-02,361.8262023925781,374.8699951171875,388.6300048828125,374.760009765625,383.8999938964844,126990400,SPY
2022-11-03,358.1005554199219,371.010009765625,374.20001220703125,368.7900085449219,371.4700012207031,87100100,SPY
2022-11-04,363.25469970703125,376.3500061035156,378.8699951171875,370.0,377.0,103505200,SPY
2022-11-07,366.72943115234375,379.95001220703125,380.57000732421875,375.5299987792969,377.7099914550781,68286900,SPY
2022-11-08,368.7081298828125,382.0,385.1199951171875,377.7200012207031,381.1099853515625,84641100,SPY
2022-11-09,361.1120300292969,374.1300048828125,381.1400146484375,373.6099853515625,379.92999267578125,78495500,SPY
2022-11-10,380.95660400390625,394.69000244140625,395.0400085449219,385.6400146484375,388.04998779296875,141455800,SPY
2022-11-11,384.64373779296875,398.510009765625,399.3500061035156,393.6099853515625,395.5899963378906,93839900,SPY
2022-11-14,381.3716125488281,395.1199951171875,400.17999267578125,394.8299865722656,396.6600036621094,71903500,SPY
2022-11-15,384.6243591308594,398.489990234375,402.30999755859375,394.489990234375,401.1499938964844,93194500,SPY
2022-11-16,381.6900939941406,395.45001220703125,397.7799987792969,394.7900085449219,396.7799987792969,68508500,SPY
2022-11-17,380.522216796875,394.239990234375,394.95001220703125,390.1400146484375,390.4599914550781,74496300,SPY
2022-11-18,382.24993896484375,396.0299987792969,397.80999755859375,393.0400085449219,397.739990234375,92922500,SPY
2022-11-21,380.8600769042969,394.5899963378906,395.82000732421875,392.6600036621094,394.6400146484375,51243200,SPY
2022-11-22,385.98529052734375,399.8999938964844,400.07000732421875,395.1499938964844,396.6300048828125,60429000,SPY
2022-11-23,388.4176330566406,402.4200134277344,402.92999267578125,399.30999755859375,399.54998779296875,68261600,SPY
2022-11-25,388.33074951171875,402.3299865722656,402.9100036621094,401.5400085449219,401.8299865722656,30545400,SPY
2022-11-28,382.13409423828125,395.9100036621094,400.80999755859375,395.1099853515625,399.0899963378906,67881600,SPY
2022-11-29,381.477783203125,395.2300109863281,397.29998779296875,393.29998779296875,396.04998779296875,52310000,SPY
2022-11-30,393.49462890625,407.67999267578125,407.67999267578125,393.4800109863281,395.489990234375,144566700,SPY
2022-12-01,393.2050476074219,407.3800048828125,410.0,404.75,408.7699890136719,76398200,SPY
2022-12-02,392.75140380859375,406.9100036621094,407.8599853515625,402.1400146484375,402.25,85342700,SPY
2022-12-05,385.68609619140625,399.5899963378906,404.92999267578125,398.1700134277344,403.95001220703125,77289800,SPY
2022-12-06,380.12652587890625,393.8299865722656,399.989990234375,391.6400146484375,399.4200134277344,77972200,SPY
2022-12-07,379.4798278808594,393.1600036621094,395.6400146484375,391.9700012207031,392.94000244140625,65927900,SPY
2022-12-08,382.45263671875,396.239990234375,397.3599853515625,393.2699890136719,395.1400146484375,60737900,SPY
2022-12-09,379.59564208984375,393.2799987792969,397.6199951171875,393.1499938964844,394.94000244140625,81447700,SPY
2022-12-12,385.068359375,398.95001220703125,398.95001220703125,393.4100036621094,394.1099853515625,75405800,SPY
2022-12-13,387.9832763671875,401.9700012207031,410.489990234375,399.07000732421875,410.2200012207031,123782500,SPY
2022-12-14,385.502685546875,399.3999938964844,405.5,396.30999755859375,401.6099853515625,108111300,SPY
2022-12-15,376.0726318359375,389.6300048828125,395.25,387.8900146484375,394.29998779296875,117705900,SPY
2022-12-16,371.6327209472656,383.2699890136719,386.5799865722656,381.0400085449219,385.17999267578125,119858000,SPY
2022-12-19,368.48138427734375,380.0199890136719,383.82000732421875,378.2799987792969,383.4700012207031,79878100,SPY
2022-12-20,368.985595703125,380.5400085449219,382.2300109863281,377.8500061035156,379.2300109863281,74427200,SPY
2022-12-21,374.5028381347656,386.2300109863281,387.4100036621094,382.69000244140625,383.25,78167400,SPY
2022-12-22,369.1601257324219,380.7200012207031,386.2099914550781,374.7699890136719,383.04998779296875,100120900,SPY
2022-12-23,371.2835998535156,382.9100036621094,383.05999755859375,378.0299987792969,379.6499938964844,59857300,SPY
2022-12-27,369.8194274902344,381.3999938964844,383.1499938964844,379.6499938964844,382.7900085449219,51638200,SPY
2022-12-28,365.223388671875,376.6600036621094,383.3900146484375,376.4200134277344,381.3299865722656,70911500,SPY
2022-12-29,371.79754638671875,383.44000244140625,384.3500061035156,379.0799865722656,379.6300048828125,66970900,SPY
2022-12-30,370.8182373046875,382.42999267578125,382.5799865722656,378.42999267578125,380.6400146484375,84022200,SPY
2023-01-03,369.2571105957031,380.82000732421875,386.42999267578125,377.8299865722656,384.3699951171875,74850700,SPY
2023-01-04,372.1077880859375,383.760009765625,385.8800048828125,380.0,383.17999267578125,85934100,SPY
2023-01-05,367.86083984375,379.3800048828125,381.8399963378906,378.760009765625,381.7200012207031,76970500,SPY
2023-01-06,376.296630859375,388.0799865722656,389.25,379.4100036621094,382.6099853515625,104189600,SPY
2023-01-09,376.08331298828125,387.8599853515625,393.70001220703125,387.6700134277344,390.3699951171875,73978100,SPY
2023-01-10,378.7207336425781,390.5799865722656,390.6499938964844,386.2699890136719,387.25,65358100,SPY
2023-01-11,383.5107116699219,395.5199890136719,395.6000061035156,391.3800048828125,392.2300109863281,68881100,SPY
2023-01-12,384.9069519042969,396.9599914550781,398.489990234375,392.4200134277344,396.6700134277344,90157700,SPY
2023-01-13,386.4002380371094,398.5,399.1000061035156,393.3399963378906,393.6199951171875,63903900,SPY
2023-01-17,385.6923828125,397.7699890136719,400.2300109863281,397.05999755859375,398.4800109863281,62677300,SPY
2023-01-18,379.6030578613281,391.489990234375,400.1199951171875,391.2799987792969,399.010009765625,99632300,SPY
2023-01-19,376.8396301269531,388.6400146484375,391.0799865722656,387.260009765625,389.3599853515625,86958900,SPY
2023-01-20,383.85980224609375,395.8800048828125,396.0400085449219,388.3800048828125,390.1000061035156,91806400,SPY
2023-01-23,388.465576171875,400.6300048828125,402.6499938964844,395.7200012207031,396.7200012207031,84178800,SPY
2023-01-24,388.04864501953125,400.20001220703125,401.1499938964844,397.6400146484375,398.8800048828125,59524900,SPY
2023-01-25,388.194091796875,400.3500061035156,400.70001220703125,393.55999755859375,395.95001220703125,84800300,SPY
2023-01-26,392.46051025390625,404.75,404.9200134277344,400.0299987792969,403.1300048828125,72287400,SPY
2023-01-27,393.36224365234375,405.67999267578125,408.1600036621094,403.44000244140625,403.6600036621094,68346200,SPY
2023-01-30,388.4267883300781,400.5899963378906,405.1300048828125,400.2799987792969,402.79998779296875,74202000,SPY
2023-01-31,394.1379699707031,406.4800109863281,406.5299987792969,400.7699890136719,401.1300048828125,86811800,SPY
2023-02-01,398.3267517089844,410.79998779296875,413.6700134277344,402.3500061035156,405.2099914550781,101459200,SPY
2023-02-02,404.1252136230469,416.7799987792969,418.30999755859375,412.8800048828125,414.8599853515625,101654500,SPY
2023-02-03,399.8296813964844,412.3500061035156,416.9700012207031,411.0899963378906,411.5899963378906,94736800,SPY
2023-02-06,397.3861999511719,409.8299865722656,411.2900085449219,408.1000061035156,409.7900085449219,60295300,SPY
2023-02-07,402.58349609375,415.19000244140625,416.489990234375,407.57000732421875,408.8699951171875,90990700,SPY
2023-02-08,398.18133544921875,410.6499938964844,414.5299987792969,409.92999267578125,413.1300048828125,76227500,SPY
2023-02-09,394.7294006347656,407.0899963378906,414.57000732421875,405.80999755859375,414.4100036621094,78694900,SPY
2023-02-10,395.650634765625,408.0400085449219,408.44000244140625,405.010009765625,405.8599853515625,70769700,SPY
2023-02-13,400.2951354980469,412.8299865722656,412.9700012207031,408.239990234375,408.7200012207031,64913500,SPY
2023-02-14,400.1109619140625,412.6400146484375,415.04998779296875,408.510009765625,411.239990234375,88389300,SPY
2023-02-15,401.4102783203125,413.9800109863281,414.05999755859375,409.4700012207031,410.3500061035156,61555700,SPY
2023-02-16,395.8832702636719,408.2799987792969,412.9100036621094,408.1400146484375,408.7900085449219,76431500,SPY
2023-02-17,394.894287109375,407.260009765625,407.510009765625,404.04998779296875,406.05999755859375,89257800,SPY
2023-02-21,386.9723205566406,399.0899963378906,404.1600036621094,398.82000732421875,403.05999755859375,82655900,SPY
2023-02-22,386.4390563964844,398.5400085449219,401.1300048828125,397.0199890136719,399.5199890136719,83742300,SPY
2023-02-23,388.4946594238281,400.6600036621094,402.20001220703125,396.25,401.55999755859375,96242400,SPY
2023-02-24,384.34466552734375,396.3800048828125,397.25,393.6400146484375,395.4200134277344,108194400,SPY
2023-02-27,385.6535949707031,397.7300109863281,401.2900085449219,396.75,399.8699951171875,80444700,SPY
2023-02-28,384.22833251953125,396.260009765625,399.2799987792969,396.1499938964844,397.2300109863281,96438600,SPY
2023-03-01,382.7544250488281,394.739990234375,396.69000244140625,393.3800048828125,395.4100036621094,99706800,SPY
2023-03-02,385.7311706542969,397.80999755859375,398.69000244140625,392.3299865722656,392.67999267578125,85127800,SPY
2023-03-03,391.9175109863281,404.19000244140625,404.45001220703125,399.0299987792969,399.7099914550781,90120000,SPY
2023-03-06,392.1889953613281,404.4700012207031,407.45001220703125,404.010009765625,405.04998779296875,72795900,SPY
2023-03-07,386.1772155761719,398.2699890136719,404.6700134277344,397.6300048828125,404.4200134277344,108310600,SPY
2023-03-08,386.8074645996094,398.9200134277344,399.7099914550781,396.5899963378906,398.3900146484375,74746600,SPY
2023-03-09,379.67095947265625,391.55999755859375,401.4800109863281,390.5299987792969,399.739990234375,111945300,SPY
2023-03-10,374.1925354003906,385.9100036621094,393.1600036621094,384.32000732421875,390.989990234375,189253000,SPY
2023-03-13,373.6592102050781,385.3599853515625,390.3900146484375,380.6499938964844,381.80999755859375,157790000,SPY
2023-03-14,379.8358154296875,391.7300109863281,393.45001220703125,387.04998779296875,390.5,149752400,SPY
2023-03-15,377.460205078125,389.2799987792969,389.489990234375,383.7099914550781,385.8900146484375,172996900,SPY
2023-03-16,384.0827941894531,396.1099853515625,396.4700012207031,386.2900085449219,386.82000732421875,143254200,SPY
2023-03-17,379.59185791015625,389.989990234375,394.3999938964844,388.54998779296875,393.2200012207031,140553400,SPY
2023-03-20,383.24188232421875,393.739990234375,394.1700134277344,390.07000732421875,390.79998779296875,93055800,SPY
2023-03-21,388.2740478515625,398.9100036621094,399.4100036621094,395.5799865722656,397.239990234375,91524200,SPY
2023-03-22,381.6553649902344,392.1099853515625,402.489990234375,392.07000732421875,398.7300109863281,111746600,SPY
2023-03-23,382.68707275390625,393.1700134277344,399.2900085449219,390.3500061035156,395.0899963378906,119351300,SPY
2023-03-24,385.1982727050781,395.75,395.8399963378906,389.3999938964844,391.8399963378906,107682400,SPY
2023-03-27,385.91851806640625,396.489990234375,398.9200134277344,395.55999755859375,398.1199951171875,74010400,SPY
2023-03-28,385.0522766113281,395.6000061035156,396.489990234375,393.69000244140625,395.7699890136719,62871700,SPY
2023-03-29,390.6489562988281,401.3500061035156,401.6000061035156,398.67999267578125,399.92999267578125,77497900,SPY
2023-03-30,392.9363708496094,403.70001220703125,404.3500061035156,401.760009765625,404.0899963378906,69840000,SPY
2023-03-31,398.474609375,409.3900146484375,409.70001220703125,404.54998779296875,404.6600036621094,112062600,SPY
2023-04-03,399.9930419921875,410.95001220703125,411.3699951171875,408.44000244140625,408.8500061035156,67391100,SPY
2023-04-04,397.7738037109375,408.6700134277344,411.9200134277344,407.239990234375,411.6199951171875,66601500,SPY
2023-04-05,396.73236083984375,407.6000061035156,408.70001220703125,405.8800048828125,407.9100036621094,65200200,SPY
2023-04-06,398.27996826171875,409.19000244140625,409.4800109863281,405.67999267578125,406.7699890136719,63743300,SPY
2023-04-10,398.688720703125,409.6099853515625,409.69000244140625,405.9700012207031,406.6099853515625,63681000,SPY
2023-04-11,398.7958068847656,409.7200012207031,411.17999267578125,408.9200134277344,410.260009765625,59297900,SPY
2023-04-12,397.1703186035156,408.04998779296875,412.1700134277344,407.44000244140625,411.8699951171875,86420400,SPY
2023-04-13,402.44580078125,413.4700012207031,413.8399963378906,407.989990234375,409.17999267578125,85814800,SPY
2023-04-14,401.4627685546875,412.4599914550781,415.0899963378906,410.05999755859375,412.80999755859375,78161500,SPY
2023-04-17,402.9032897949219,413.94000244140625,413.9599914550781,411.0899963378906,412.3699951171875,66436400,SPY
2023-04-18,403.1661071777344,414.2099914550781,415.7200012207031,412.7799987792969,415.5799865722656,63560000,SPY
2023-04-19,403.09796142578125,414.1400146484375,415.0799865722656,412.1600036621094,412.2200012207031,55227300,SPY
2023-04-20,400.8982238769531,411.8800048828125,413.70001220703125,410.2699890136719,411.2099914550781,75840400,SPY
2023-04-21,401.2096862792969,412.20001220703125,412.67999267578125,410.1700134277344,412.19000244140625,73457400,SPY
2023-04-24,401.62823486328125,412.6300048828125,413.07000732421875,410.6000061035156,411.989990234375,64332100,SPY
2023-04-25,395.25286865234375,406.0799865722656,411.1600036621094,406.0199890136719,410.5799865722656,97766700,SPY
2023-04-26,393.5787048339844,404.3599853515625,407.8399963378906,403.7799987792969,406.7200012207031,80447000,SPY
2023-04-27,401.41412353515625,412.4100036621094,412.69000244140625,406.739990234375,407.0,92968400,SPY
2023-04-28,404.8402099609375,415.92999267578125,415.94000244140625,411.42999267578125,411.489990234375,89335600,SPY
2023-05-01,404.431396484375,415.510009765625,417.6199951171875,415.2699890136719,415.4700012207031,62122300,SPY
2023-05-02,399.8859558105469,410.8399963378906,414.82000732421875,407.82000732421875,414.7699890136719,103998500,SPY
2023-05-03,397.14111328125,408.0199890136719,413.8699951171875,407.7699890136719,411.3599853515625,91531800,SPY
2023-05-04,394.3281555175781,405.1300048828125,407.2699890136719,403.739990234375,406.92999267578125,94901900,SPY
2023-05-05,401.62823486328125,412.6300048828125,413.7200012207031,408.6400146484375,408.9100036621094,87844000,SPY
2023-05-08,401.73529052734375,412.739990234375,413.239990234375,411.2799987792969,412.9700012207031,50046800,SPY
2023-05-09,399.97357177734375,410.92999267578125,412.0899963378906,410.69000244140625,411.1300048828125,49220100,SPY
2023-05-10,401.8423767089844,412.8500061035156,414.5400085449219,408.8699951171875,413.8800048828125,96142900,SPY
2023-05-11,401.14154052734375,412.1300048828125,412.42999267578125,409.9700012207031,411.95001220703125,70157100,SPY
2023-05-12,400.615966796875,411.5899963378906,413.6400146484375,409.07000732421875,413.4200134277344,70439400,SPY
2023-05-15,401.99810791015625,413.010009765625,413.42999267578125,410.2300109863281,412.2200012207031,54289400,SPY
2023-05-16,399.3116455078125,410.25,412.82000732421875,410.239990234375,411.8599853515625,57705500,SPY
2023-05-17,404.1589050292969,415.2300109863281,415.8599853515625,410.6400146484375,412.3500061035156,87287000,SPY
2023-05-18,408.0522766113281,419.2300109863281,419.6700134277344,414.6700134277344,414.8999938964844,97177200,SPY
2023-05-19,407.4584655761719,418.6199951171875,420.7200012207031,417.3500061035156,420.1700134277344,103679700,SPY
2023-05-22,407.6240234375,418.7900085449219,420.3900146484375,417.3500061035156,418.6400146484375,60745400,SPY
2023-05-23,403.04925537109375,414.0899963378906,418.7200012207031,413.67999267578125,417.0799865722656,86383500,SPY
2023-05-24,400.1292724609375,411.0899963378906,412.82000732421875,409.8800048828125,412.4200134277344,89213700,SPY
2023-05-25,403.5943603515625,414.6499938964844,416.1600036621094,412.4100036621094,414.739990234375,90961600,SPY
2023-05-26,408.8211669921875,420.0199890136719,420.7699890136719,415.25,415.3299865722656,93830000,SPY
2023-05-30,408.9769287109375,420.17999267578125,422.5799865722656,418.739990234375,422.0299987792969,72216000,SPY
2023-05-31,406.70904541015625,417.8500061035156,419.2200012207031,416.2200012207031,418.2799987792969,110811800,SPY
2023-06-01,410.57318115234375,421.82000732421875,422.9200134277344,416.7900085449219,418.0899963378906,88865000,SPY
2023-06-02,416.5105895996094,427.9200134277344,428.739990234375,423.95001220703125,424.5,91366700,SPY
2023-06-05,415.7124328613281,427.1000061035156,429.6199951171875,426.3699951171875,428.2799987792969,65460200,SPY
2023-06-06,416.61761474609375,428.0299987792969,428.5799865722656,425.989990234375,426.6700134277344,64022200,SPY
2023-06-07,415.17706298828125,426.54998779296875,429.6199951171875,426.1099853515625,428.44000244140625,85373300,SPY
2023-06-08,417.68829345703125,429.1300048828125,429.6000061035156,425.82000732421875,426.6199951171875,61952800,SPY
2023-06-09,418.437744140625,429.8999938964844,431.989990234375,428.8699951171875,429.9599914550781,85742800,SPY
2023-06-12,422.2337341308594,433.79998779296875,433.8800048828125,430.1700134277344,430.9200134277344,76104300,SPY
2023-06-13,425.01751708984375,436.6600036621094,437.3299865722656,434.6300048828125,435.32000732421875,95899700,SPY
2023-06-14,425.523681640625,437.17999267578125,439.05999755859375,433.5899963378906,437.010009765625,100612100,SPY
2023-06-15,430.79913330078125,442.6000061035156,443.8999938964844,436.2300109863281,436.3299865722656,110303100,SPY
2023-06-16,429.33172607421875,439.4599914550781,443.6099853515625,438.9700012207031,443.0199890136719,114121300,SPY
2023-06-20,427.1043395996094,437.17999267578125,438.3699951171875,435.0299987792969,437.45001220703125,76160400,SPY
2023-06-21,424.9159240722656,434.94000244140625,436.989990234375,434.3299865722656,436.1600036621094,76982300,SPY
2023-06-22,426.4497375488281,436.510009765625,436.6199951171875,433.6000061035156,433.95001220703125,70637200,SPY
2023-06-23,423.225830078125,433.2099914550781,435.05999755859375,432.4700012207031,432.92999267578125,92074500,SPY
2023-06-26,421.49658203125,431.44000244140625,434.6099853515625,431.19000244140625,432.6199951171875,72823600,SPY
2023-06-27,426.1175537109375,436.1700134277344,436.80999755859375,431.8800048828125,432.3500061035156,72813700,SPY
2023-06-28,426.3324890136719,436.3900146484375,437.44000244140625,434.4100036621094,435.04998779296875,75636000,SPY
2023-06-29,428.0128479003906,438.1099853515625,438.2799987792969,435.5400085449219,435.9599914550781,67882300,SPY
2023-06-30,433.063720703125,443.2799987792969,444.29998779296875,441.1099853515625,441.44000244140625,104921500,SPY
2023-07-03,433.5619812011719,443.7900085449219,444.0799865722656,442.6300048828125,442.9200134277344,32793400,SPY
2023-07-05,432.91717529296875,443.1300048828125,443.8900146484375,441.8999938964844,441.9100036621094,58418400,SPY
2023-07-06,429.5271301269531,439.6600036621094,440.1000061035156,437.05999755859375,439.4200134277344,80658300,SPY
2023-07-07,428.4427185058594,438.54998779296875,442.6400146484375,438.29998779296875,438.6300048828125,86076100,SPY
2023-07-10,429.5271301269531,439.6600036621094,439.8399963378906,437.5899963378906,438.17999267578125,62443500,SPY
2023-07-11,432.2626037597656,442.4599914550781,442.9700012207031,439.44000244140625,440.45001220703125,64463800,SPY
2023-07-12,435.7406005859375,446.0199890136719,447.4800109863281,444.9100036621094,446.3900146484375,91924500,SPY
2023-07-13,439.198974609375,449.55999755859375,450.3800048828125,447.45001220703125,447.8999938964844,72425200,SPY
2023-07-14,438.9254455566406,449.2799987792969,451.3599853515625,448.489990234375,450.4800109863281,69761800,SPY
2023-07-17,440.4494934082031,450.8399963378906,451.92999267578125,449.0799865722656,449.1300048828125,52680200,SPY
2023-07-18,443.7222595214844,454.19000244140625,454.8599853515625,450.04998779296875,450.5,80744400,SPY
2023-07-19,444.7089538574219,455.20001220703125,456.42999267578125,454.1099853515625,455.010009765625,65891700,SPY
2023-07-20,441.75860595703125,452.17999267578125,455.1000061035156,451.44000244140625,454.1700134277344,70591600,SPY
2023-07-21,441.75860595703125,452.17999267578125,454.1700134277344,452.1700134277344,453.9599914550781,71245400,SPY
2023-07-24,443.7320556640625,454.20001220703125,455.0400085449219,452.29998779296875,453.3699951171875,54023400,SPY
2023-07-25,444.9434814453125,455.44000244140625,456.739990234375,453.8699951171875,453.9200134277344,55191200,SPY
2023-07-26,445.0118408203125,455.510009765625,456.989990234375,453.3800048828125,454.4700012207031,71052900,SPY
2023-07-27,442.0614013671875,452.489990234375,459.44000244140625,451.54998779296875,459.0199890136719,92194400,SPY
2023-07-28,446.3893737792969,456.9200134277344,457.7799987792969,452.489990234375,455.8800048828125,80011800,SPY
2023-07-31,447.2392883300781,457.7900085449219,458.1600036621094,456.04998779296875,457.4100036621094,62040400,SPY
2023-08-01,445.9595031738281,456.4800109863281,457.25,455.489990234375,456.2699890136719,55291500,SPY
2023-08-02,439.7558288574219,450.1300048828125,453.5199890136719,449.3500061035156,453.25,93933400,SPY
2023-08-03,438.4955749511719,448.8399963378906,450.7900085449219,447.3699951171875,448.0400085449219,64276100,SPY
2023-08-04,436.5123291015625,446.80999755859375,452.8999938964844,446.2699890136719,450.7200012207031,100052300,SPY
2023-08-07,440.3224792480469,450.7099914550781,450.8699951171875,447.989990234375,448.7099914550781,58357500,SPY
2023-08-08,438.40765380859375,448.75,450.70001220703125,445.2699890136719,448.0799865722656,71361300,SPY
2023-08-09,435.4767761230469,445.75,449.20001220703125,444.9599914550781,449.0299987792969,78789600,SPY
2023-08-10,435.63311767578125,445.9100036621094,451.70001220703125,444.70001220703125,448.19000244140625,93005500,SPY
2023-08-11,435.37908935546875,445.6499938964844,446.70001220703125,443.3500061035156,443.9700012207031,68664600,SPY
2023-08-14,437.7824401855469,448.1099853515625,448.1099853515625,444.3800048828125,444.70001220703125,47867400,SPY
2023-08-15,432.68267822265625,442.8900146484375,446.6400146484375,442.29998779296875,446.2699890136719,75707500,SPY
2023-08-16,429.5075988769531,439.6400146484375,444.17999267578125,439.5299987792969,442.4599914550781,80107200,SPY
2023-08-17,426.2347717285156,436.2900085449219,441.42999267578125,435.75,441.1600036621094,95711300,SPY
2023-08-18,426.43994140625,436.5,437.57000732421875,433.010009765625,433.3699951171875,98758400,SPY
2023-08-21,429.2145080566406,439.3399963378906,440.1099853515625,435.32000732421875,437.54998779296875,68719000,SPY
2023-08-22,428.0519714355469,438.1499938964844,441.17999267578125,437.57000732421875,441.17999267578125,65062900,SPY
2023-08-23,432.8194885253906,443.0299987792969,443.6700134277344,439.1000061035156,439.25,68441000,SPY
2023-08-24,426.8210144042969,436.8900146484375,445.2200012207031,436.8599853515625,444.69000244140625,88517300,SPY
2023-08-25,429.8299560546875,439.9700012207031,441.29998779296875,435.0,438.67999267578125,102325100,SPY
2023-08-28,432.5556945800781,442.760009765625,443.3999938964844,439.9700012207031,442.239990234375,61595400,SPY
2023-08-29,438.80816650390625,449.1600036621094,449.45001220703125,442.4599914550781,442.6499938964844,83081900,SPY
2023-08-30,440.6156005859375,451.010009765625,451.6700134277344,448.7799987792969,449.510009765625,69053900,SPY
2023-08-31,439.9707336425781,450.3500061035156,452.8299865722656,450.1600036621094,451.6499938964844,66084600,SPY
2023-09-01,440.7914123535156,451.19000244140625,453.6700134277344,449.67999267578125,453.1700134277344,58875700,SPY
2023-09-05,438.8863525390625,449.239990234375,451.05999755859375,449.1700134277344,450.7300109863281,55166200,SPY
2023-09-06,435.9359436035156,446.2200012207031,448.510009765625,443.80999755859375,448.3999938964844,70758500,SPY
2023-09-07,434.5975036621094,444.8500061035156,445.54998779296875,442.75,443.1099853515625,70355400,SPY
2023-09-08,435.2520446777344,445.5199890136719,447.1099853515625,444.5299987792969,444.8999938964844,61659700,SPY
2023-09-11,438.1145935058594,448.45001220703125,448.7699890136719,446.4700012207031,448.239990234375,60180100,SPY
2023-09-12,435.71124267578125,445.989990234375,448.5299987792969,445.3900146484375,446.95001220703125,67565400,SPY
2023-09-13,436.21929931640625,446.510009765625,447.7099914550781,445.0799865722656,446.2200012207031,60199300,SPY
2023-09-14,439.9804992675781,450.3599853515625,451.0799865722656,447.7200012207031,449.07000732421875,83430800,SPY
2023-09-15,434.6795349121094,443.3699951171875,447.4800109863281,442.9200134277344,447.1400146484375,111761400,SPY
2023-09-18,434.9344177246094,443.6300048828125,444.9700012207031,442.55999755859375,443.04998779296875,55752200,SPY
2023-09-19,434.0324401855469,442.7099914550781,443.2900085449219,439.94000244140625,442.67999267578125,66514600,SPY
2023-09-20,430.042236328125,438.6400146484375,444.44000244140625,438.42999267578125,444.010009765625,82562600,SPY
2023-09-21,422.934326171875,431.3900146484375,435.9700012207031,431.2300109863281,435.70001220703125,103976100,SPY
2023-09-22,421.9833679199219,430.4200134277344,434.1000061035156,429.989990234375,432.45001220703125,100829700,SPY
2023-09-25,423.75787353515625,432.2300109863281,432.2699890136719,428.7200012207031,429.1700134277344,70874500,SPY
2023-09-26,417.5323181152344,425.8800048828125,429.82000732421875,425.0199890136719,429.0899963378906,96168400,SPY
2023-09-27,417.698974609375,426.04998779296875,427.6700134277344,422.2900085449219,427.0899963378906,104705800,SPY
2023-09-28,420.1205749511719,428.5199890136719,430.25,424.8699951171875,425.4800109863281,92258300,SPY
2023-09-29,419.1009826660156,427.4800109863281,431.8500061035156,425.9100036621094,431.6700134277344,115078500,SPY
2023-10-02,418.934326171875,427.30999755859375,428.6000061035156,424.4599914550781,426.6199951171875,83798600,SPY
2023-10-03,413.326416015625,421.5899963378906,427.3699951171875,420.17999267578125,425.05999755859375,103760600,SPY
2023-10-04,416.33624267578125,424.6600036621094,425.42999267578125,420.55999755859375,422.07000732421875,87453000,SPY
2023-10-05,416.1793518066406,424.5,425.3699951171875,421.1700134277344,424.3599853515625,70142700,SPY
2023-10-06,421.1206359863281,429.5400085449219,431.1300048828125,420.6000061035156,421.9700012207031,113202700,SPY
2023-10-09,423.8166809082031,432.2900085449219,432.8800048828125,427.010009765625,427.5799865722656,80374400,SPY
2023-10-10,426.0226135253906,434.5400085449219,437.2200012207031,432.5299987792969,432.94000244140625,78607300,SPY
2023-10-11,427.7677001953125,436.32000732421875,436.5799865722656,433.17999267578125,435.6400146484375,62451700,SPY
2023-10-12,425.1598205566406,433.6600036621094,437.3399963378906,431.2300109863281,436.95001220703125,81154200,SPY
2023-10-13,423.04217529296875,431.5,436.45001220703125,429.8800048828125,435.2099914550781,95143100,SPY
2023-10-16,427.4931640625,436.0400085449219,437.1400146484375,433.57000732421875,433.82000732421875,75433200,SPY
2023-10-17,427.4735412597656,436.0199890136719,438.1400146484375,432.45001220703125,432.80999755859375,75324700,SPY
2023-10-18,421.7774658203125,430.2099914550781,435.17999267578125,429.0899963378906,434.19000244140625,93559800,SPY
2023-10-19,418.071533203125,426.42999267578125,432.82000732421875,425.7300109863281,430.95001220703125,121323000,SPY
2023-10-20,412.9342346191406,421.19000244140625,426.5400085449219,421.0799865722656,425.9800109863281,123845800,SPY
2023-10-23,412.21856689453125,420.4599914550781,424.45001220703125,417.79998779296875,419.6099853515625,92035100,SPY
2023-10-24,415.3264465332031,423.6300048828125,424.82000732421875,420.739990234375,422.6499938964844,78564200,SPY
2023-10-25,409.3656005859375,417.54998779296875,421.9200134277344,417.0199890136719,421.8900146484375,94223200,SPY
2023-10-26,404.4635925292969,412.54998779296875,417.3299865722656,411.6000061035156,416.45001220703125,115156800,SPY
2023-10-27,402.6302490234375,410.67999267578125,414.6000061035156,409.2099914550781,414.19000244140625,107367700,SPY
2023-10-30,407.4440612792969,415.5899963378906,416.67999267578125,412.2200012207031,413.55999755859375,86562700,SPY
2023-10-31,410.00286865234375,418.20001220703125,418.5299987792969,414.2099914550781,416.17999267578125,79665200,SPY
2023-11-01,414.3754577636719,422.6600036621094,423.5,418.6499938964844,419.20001220703125,98068100,SPY
2023-11-02,422.31671142578125,430.760009765625,430.9200134277344,426.55999755859375,426.5799865722656,94938900,SPY
2023-11-03,426.1696472167969,434.69000244140625,436.2900085449219,433.010009765625,433.1400146484375,100110800,SPY
2023-11-06,427.1500549316406,435.69000244140625,436.1499938964844,433.67999267578125,435.4700012207031,67831700,SPY
2023-11-07,428.3657531738281,436.92999267578125,437.5899963378906,434.510009765625,435.69000244140625,64256100,SPY
2023-11-08,428.6794738769531,437.25,438.0899963378906,434.8699951171875,437.54998779296875,61746000,SPY
2023-11-09,425.3362731933594,433.8399963378906,438.4700012207031,433.3999938964844,438.42999267578125,83174400,SPY
2023-11-10,431.97357177734375,440.6099853515625,440.92999267578125,433.8299865722656,435.9800109863281,89462200,SPY
2023-11-13,431.5617980957031,440.19000244140625,441.3299865722656,438.4200134277344,439.2300109863281,52236100,SPY
2023-11-14,439.9344482421875,448.7300109863281,450.05999755859375,446.0899963378906,446.32000732421875,97176900,SPY
2023-11-15,440.8658142089844,449.67999267578125,451.3800048828125,448.79998779296875,450.1099853515625,77327600,SPY
2023-11-16,441.40509033203125,450.2300109863281,450.55999755859375,448.1199951171875,449.2200012207031,66665800,SPY
2023-11-17,441.9541015625,450.7900085449219,451.4200134277344,449.2900085449219,450.239990234375,83133200,SPY
2023-11-20,445.3560485839844,454.260009765625,455.1300048828125,450.5199890136719,450.5299987792969,69936200,SPY
2023-11-21,444.3854675292969,453.2699890136719,454.1300048828125,451.9599914550781,453.17999267578125,49244600,SPY
2023-11-22,446.10113525390625,455.0199890136719,456.3800048828125,453.8900146484375,454.9800109863281,59394900,SPY
2023-11-24,446.3756408691406,455.29998779296875,455.5,454.7300109863281,455.07000732421875,29737400,SPY
2023-11-27,445.57171630859375,454.4800109863281,455.489990234375,454.0799865722656,454.6499938964844,50506000,SPY
2023-11-28,446.012939453125,454.92999267578125,456.2699890136719,453.5,454.0799865722656,62115000,SPY
2023-11-29,445.6991882324219,454.6099853515625,458.32000732421875,454.20001220703125,457.1499938964844,63146000,SPY
2023-11-30,447.4540710449219,456.3999938964844,456.760009765625,453.3399963378906,455.4800109863281,79752700,SPY
2023-12-01,450.1011962890625,459.1000061035156,459.6499938964844,455.1600036621094,455.7699890136719,89097900,SPY
2023-12-04,447.7383728027344,456.69000244140625,459.1199951171875,454.3399963378906,455.6000061035156,72430900,SPY
2023-12-05,447.6501770019531,456.6000061035156,457.5899963378906,454.8699951171875,455.260009765625,69793500,SPY
2023-12-06,445.84625244140625,454.760009765625,458.8399963378906,454.30999755859375,458.80999755859375,69124700,SPY
2023-12-07,449.2482604980469,458.2300109863281,458.8999938964844,456.2900085449219,456.9100036621094,66995400,SPY
2023-12-08,451.17962646484375,460.20001220703125,460.75,457.2099914550781,457.4599914550781,83080900,SPY
2023-12-11,452.9345397949219,461.989990234375,462.1700134277344,459.4700012207031,459.69000244140625,65002200,SPY
2023-12-12,455.003173828125,464.1000061035156,464.20001220703125,460.6000061035156,461.6300048828125,68327600,SPY
2023-12-13,461.2777404785156,470.5,470.760009765625,464.1199951171875,464.489990234375,93278000,SPY
2023-12-14,462.7581481933594,472.010009765625,473.7300109863281,469.25,472.5,119026000,SPY
2023-12-15,461.9962158203125,469.3299865722656,470.70001220703125,467.42999267578125,469.489990234375,141319300,SPY
2023-12-18,464.594970703125,471.9700012207031,472.9800109863281,469.8900146484375,470.9800109863281,70375300,SPY
2023-12-19,467.4201354980469,474.8399963378906,474.9200134277344,472.45001220703125,472.5299987792969,55761800,SPY
2023-12-20,460.94293212890625,468.260009765625,475.8999938964844,467.82000732421875,473.9599914550781,102921000,SPY
2023-12-21,465.3135681152344,472.70001220703125,472.9800109863281,468.8399963378906,471.3299865722656,86667500,SPY
2023-12-22,466.2486877441406,473.6499938964844,475.3800048828125,471.70001220703125,473.8599853515625,67126600,SPY
2023-12-26,468.2174377441406,475.6499938964844,476.5799865722656,473.989990234375,474.07000732421875,55387000,SPY
2023-12-27,469.0640563964844,476.510009765625,476.6600036621094,474.8900146484375,475.44000244140625,68000300,SPY
2023-12-28,469.2412109375,476.69000244140625,477.54998779296875,476.260009765625,476.8800048828125,77158100,SPY
2023-12-29,467.8827819824219,475.30999755859375,477.0299987792969,473.29998779296875,476.489990234375,122234100,SPY
2024-01-02,465.26434326171875,472.6499938964844,473.6700134277344,470.489990234375,472.1600036621094,123623700,SPY
2024-01-03,461.46466064453125,468.7900085449219,471.19000244140625,468.1700134277344,470.42999267578125,103585900,SPY
2024-01-04,459.9782409667969,467.2799987792969,470.9599914550781,467.04998779296875,468.29998779296875,84232200,SPY
2024-01-05,460.6082763671875,467.9200134277344,470.44000244140625,466.42999267578125,467.489990234375,86060800,SPY
2024-01-08,467.18389892578125,474.6000061035156,474.75,468.29998779296875,468.42999267578125,74879100,SPY
2024-01-09,466.47515869140625,473.8800048828125,474.92999267578125,471.3500061035156,471.8699951171875,65931400,SPY
2024-01-10,469.1132507324219,476.55999755859375,477.45001220703125,473.8699951171875,474.1600036621094,67310600,SPY
2024-01-11,468.90655517578125,476.3500061035156,478.1199951171875,472.260009765625,477.5899963378906,77940700,SPY
2024-01-12,469.2313537597656,476.67999267578125,478.6000061035156,475.2300109863281,477.8399963378906,57944000,SPY
2024-01-16,467.50872802734375,474.92999267578125,476.6099853515625,473.05999755859375,475.260009765625,85014900,SPY
2024-01-17,464.90997314453125,472.2900085449219,472.7900085449219,469.8699951171875,471.82000732421875,68843900,SPY
2024-01-18,469.0443420410156,476.489990234375,477.05999755859375,472.4200134277344,474.010009765625,91856200,SPY
2024-01-19,474.89154052734375,482.42999267578125,482.7200012207031,476.5400085449219,477.6499938964844,110733300,SPY
2024-01-22,475.8955993652344,483.45001220703125,485.2200012207031,482.7799987792969,484.010009765625,75844900,SPY
2024-01-23,477.2835388183594,484.8599853515625,485.1099853515625,482.8900146484375,484.010009765625,49945300,SPY
2024-01-24,477.8052978515625,485.3900146484375,488.7699890136719,484.8800048828125,487.80999755859375,81765000,SPY
2024-01-25,480.404052734375,488.0299987792969,488.30999755859375,485.3900146484375,487.5799865722656,72525000,SPY
2024-01-26,479.7937316894531,487.4100036621094,489.1199951171875,486.5400085449219,487.5899963378906,76641600,SPY
2024-01-29,483.5933837890625,491.2699890136719,491.4200134277344,487.1700134277344,487.7300109863281,61322800,SPY
2024-01-30,483.21929931640625,490.8900146484375,491.6199951171875,490.1099853515625,490.55999755859375,58618400,SPY
2024-01-31,475.3345031738281,482.8800048828125,489.0799865722656,482.8599853515625,488.6199951171875,126011100,SPY
2024-02-01,481.5557556152344,489.20001220703125,489.2300109863281,483.79998779296875,484.6300048828125,91891600,SPY
2024-02-02,486.6252746582031,494.3500061035156,496.04998779296875,489.29998779296875,489.6499938964844,99147700,SPY
2024-02-05,484.8533935546875,492.54998779296875,494.3800048828125,490.2300109863281,493.70001220703125,75757100,SPY
2024-02-06,486.2610778808594,493.9800109863281,494.32000732421875,492.04998779296875,493.5199890136719,55918600,SPY
2024-02-07,490.316650390625,498.1000061035156,498.5299987792969,495.3599853515625,496.2900085449219,70556500,SPY
2024-02-08,490.5332336425781,498.32000732421875,498.7099914550781,497.260009765625,498.1000061035156,52343600,SPY
2024-02-09,493.3682556152344,501.20001220703125,501.6499938964844,498.489990234375,498.8399963378906,63979400,SPY
2024-02-12,493.15167236328125,500.9800109863281,503.5,500.239990234375,501.1700134277344,56502300,SPY
2024-02-13,486.3594665527344,494.0799865722656,497.0899963378906,490.7200012207031,494.5299987792969,113099200,SPY
2024-02-14,490.7793273925781,498.57000732421875,499.07000732421875,494.3999938964844,496.7900085449219,68387800,SPY
2024-02-15,494.1655578613281,502.010009765625,502.20001220703125,498.79998779296875,499.2900085449219,61683000,SPY
2024-02-16,491.7046203613281,499.510009765625,502.8699951171875,498.75,501.70001220703125,75461200,SPY
2024-02-20,488.9976501464844,496.760009765625,498.4100036621094,494.45001220703125,497.7200012207031,71736700,SPY
2024-02-21,489.4405822753906,497.2099914550781,497.3699951171875,493.55999755859375,495.4200134277344,59603800,SPY
2024-02-22,499.5697937011719,507.5,508.489990234375,503.0199890136719,504.010009765625,76402500,SPY
2024-02-23,499.9143371582031,507.8500061035156,510.1300048828125,507.1000061035156,509.2699890136719,61321800,SPY
2024-02-26,498.0833740234375,505.989990234375,508.75,505.8599853515625,508.29998779296875,50386700,SPY
2024-02-27,499.0086364746094,506.92999267578125,507.1600036621094,504.75,506.70001220703125,48854500,SPY
2024-02-28,498.34918212890625,506.260009765625,506.8599853515625,504.9599914550781,505.3299865722656,56506600,SPY
2024-02-29,500.1407470703125,508.0799865722656,509.739990234375,505.3500061035156,508.07000732421875,83924800,SPY
2024-03-01,504.836181640625,512.8499755859375,513.2899780273438,508.55999755859375,508.9800109863281,76805900,SPY
2024-03-04,504.29473876953125,512.2999877929688,514.2000122070312,512.0,512.030029296875,49799300,SPY
2024-03-05,499.2547607421875,507.17999267578125,510.70001220703125,504.9100036621094,510.239990234375,72855600,SPY
2024-03-06,501.78460693359375,509.75,512.0700073242188,508.4200134277344,510.54998779296875,68382400,SPY
2024-03-07,506.76556396484375,514.8099975585938,515.8900146484375,509.80999755859375,513.1400146484375,58652100,SPY
2024-03-08,503.7238464355469,511.7200012207031,518.219970703125,511.1300048828125,515.4600219726562,86425500,SPY
2024-03-11,503.29071044921875,511.2799987792969,511.8800048828125,508.5,510.4800109863281,62557200,SPY
2024-03-12,508.7048034667969,516.780029296875,517.3800048828125,510.8599853515625,513.4500122070312,73114400,SPY
2024-03-13,507.9073791503906,515.969970703125,517.2899780273438,514.489990234375,517.1099853515625,55104100,SPY
2024-03-14,506.90338134765625,514.9500122070312,517.1300048828125,511.82000732421875,516.969970703125,110171800,SPY
2024-03-15,503.42266845703125,509.8299865722656,511.70001220703125,508.1199951171875,510.2099914550781,107585800,SPY
2024-03-18,506.4145812988281,512.8599853515625,515.47998046875,512.4400024414062,514.0,88893300,SPY
2024-03-19,509.2288513183594,515.7100219726562,516.0,511.1199951171875,512.1500244140625,60755300,SPY
2024-03-20,513.9387817382812,520.47998046875,520.6199951171875,515.0800170898438,515.77001953125,69594600,SPY
2024-03-21,515.63720703125,522.2000122070312,524.1099853515625,521.9099731445312,523.3900146484375,60256100,SPY
2024-03-22,514.65966796875,521.2100219726562,522.6099853515625,520.969970703125,522.1099853515625,79023000,SPY
2024-03-25,513.2377319335938,519.77001953125,520.9500122070312,519.6099853515625,519.7999877929688,48512100,SPY
2024-03-26,512.289794921875,518.8099975585938,521.5800170898438,518.4000244140625,521.22998046875,65463700,SPY
2024-03-27,516.5950317382812,523.1699829101562,523.2100219726562,519.489990234375,521.7100219726562,82999800,SPY
2024-03-28,516.4962768554688,523.0700073242188,524.6099853515625,522.780029296875,523.2100219726562,96294900,SPY
2024-04-01,515.59765625,522.1599731445312,524.3800048828125,520.969970703125,523.8300170898438,62477500,SPY
2024-04-02,512.3195190429688,518.8400268554688,518.97998046875,516.47998046875,518.239990234375,74230300,SPY
2024-04-03,512.8822021484375,519.4099731445312,520.9500122070312,517.6699829101562,517.719970703125,59155800,SPY
2024-04-04,506.6219482421875,513.0700073242188,523.8699951171875,512.760009765625,523.52001953125,96858100,SPY
2024-04-05,511.91455078125,518.4299926757812,520.4400024414062,514.010009765625,514.4600219726562,74482100,SPY
2024-04-08,512.200927734375,518.719970703125,520.1799926757812,517.8900146484375,519.1500244140625,48401800,SPY
2024-04-09,512.79345703125,519.3200073242188,520.75,514.3499755859375,520.5,68124400,SPY
2024-04-10,507.65875244140625,514.1199951171875,516.1599731445312,512.0900268554688,513.47998046875,82652800,SPY
2024-04-11,511.4900817871094,518.0,519.47998046875,512.0800170898438,515.6799926757812,70099000,SPY
2024-04-12,504.4298400878906,510.8500061035156,515.8200073242188,509.0799865722656,514.3699951171875,92469100,SPY
2024-04-15,498.11029052734375,504.45001220703125,515.2999877929688,503.5799865722656,515.1300048828125,92101400,SPY
2024-04-16,497.20184326171875,503.5299987792969,506.5,502.2099914550781,504.94000244140625,73484000,SPY
2024-04-17,494.25927734375,500.54998779296875,506.2200012207031,499.1199951171875,506.04998779296875,75910300,SPY
2024-04-18,493.24224853515625,499.5199890136719,504.1300048828125,498.55999755859375,501.9800109863281,74548100,SPY
2024-04-19,488.9370422363281,495.1600036621094,500.4599914550781,493.8599853515625,499.44000244140625,102129100,SPY
2024-04-22,493.43975830078125,499.7200012207031,502.3800048828125,495.42999267578125,497.8299865722656,67961000,SPY
2024-04-23,499.29522705078125,505.6499938964844,506.0899963378906,499.5299987792969,501.7799987792969,64633600,SPY
2024-04-24,499.0582275390625,505.4100036621094,507.3699951171875,503.1300048828125,506.55999755859375,55928100,SPY
2024-04-25,497.1623229980469,503.489990234375,504.2699890136719,497.489990234375,499.17999267578125,69122400,SPY
2024-04-26,501.8724365234375,508.260009765625,509.8800048828125,505.70001220703125,506.3500061035156,64306100,SPY
2024-04-29,503.6498107910156,510.05999755859375,510.75,507.25,510.0899963378906,46415400,SPY
2024-04-30,495.67132568359375,501.9800109863281,509.55999755859375,501.9800109863281,508.55999755859375,77483600,SPY
2024-05-01,494.06182861328125,500.3500061035156,508.19000244140625,499.8699951171875,501.3800048828125,80242800,SPY
2024-05-02,498.6829833984375,505.0299987792969,505.8900146484375,499.54998779296875,504.1499938964844,62550200,SPY
2024-05-03,504.86431884765625,511.2900085449219,512.5499877929688,508.55999755859375,511.1600036621094,72756700,SPY
2024-05-06,510.0779724121094,516.5700073242188,516.6099853515625,513.2999877929688,513.75,47264700,SPY
2024-05-07,510.6408386230469,517.1400146484375,518.5700073242188,516.4500122070312,517.5599975585938,52561300,SPY
2024-05-08,510.6901550292969,517.1900024414062,517.739990234375,515.1400146484375,515.260009765625,42047200,SPY
2024-05-09,513.6326293945312,520.1699829101562,520.2100219726562,516.7100219726562,517.3800048828125,43643700,SPY
2024-05-10,514.2943115234375,520.8400268554688,522.6400146484375,519.5900268554688,521.8099975585938,52233200,SPY
2024-05-13,514.3634643554688,520.9099731445312,522.6699829101562,519.739990234375,522.5599975585938,36716400,SPY
2024-05-14,516.723388671875,523.2999877929688,523.8300170898438,520.5599975585938,521.1099853515625,57535900,SPY
2024-05-15,523.1220092773438,529.780029296875,530.0800170898438,525.1799926757812,525.8300170898438,59504900,SPY
2024-05-16,522.0455932617188,528.6900024414062,531.52001953125,528.5399780273438,529.8800048828125,50244800,SPY
2024-05-17,522.796142578125,529.4500122070312,529.52001953125,527.3200073242188,528.8099975585938,59187600,SPY
2024-05-20,523.3984375,530.0599975585938,531.5599975585938,529.1699829101562,529.5700073242188,37764200,SPY
2024-05-21,524.6820678710938,531.3599853515625,531.52001953125,529.0700073242188,529.280029296875,33437000,SPY
2024-05-22,523.17138671875,529.8300170898438,531.3800048828125,527.5999755859375,530.6500244140625,48390000,SPY
2024-05-23,519.3499755859375,525.9600219726562,533.0700073242188,524.719970703125,532.9600219726562,57211200,SPY
2024-05-24,522.7861938476562,529.4400024414062,530.27001953125,526.8800048828125,527.8499755859375,41258400,SPY
2024-05-28,523.151611328125,529.8099975585938,530.510009765625,527.1099853515625,530.27001953125,36269600,SPY
2024-05-29,519.4882202148438,526.0999755859375,527.3099975585938,525.3699951171875,525.6799926757812,45190300,SPY
2024-05-30,516.0420532226562,522.6099853515625,525.2000122070312,521.3300170898438,524.52001953125,46468500,SPY
2024-05-31,520.7422485351562,527.3699951171875,527.5,518.3599853515625,523.5900268554688,90785800,SPY
2024-06-03,521.1668701171875,527.7999877929688,529.3099975585938,522.5999755859375,529.02001953125,46835700,SPY
2024-06-04,521.7494506835938,528.3900146484375,529.1500244140625,524.9600219726562,526.4600219726562,34632700,SPY
2024-06-05,527.9505004882812,534.6699829101562,534.6900024414062,528.72998046875,530.77001953125,47610400,SPY
2024-06-06,527.9406127929688,534.6599731445312,535.4199829101562,532.6799926757812,534.97998046875,30808500,SPY
2024-06-07,527.298828125,534.010009765625,536.8900146484375,532.5399780273438,533.6599731445312,43224500,SPY
2024-06-10,528.9280395507812,535.6599731445312,535.989990234375,532.5700073242188,533.1799926757812,35729300,SPY
2024-06-11,530.2017822265625,536.9500122070312,537.010009765625,532.0499877929688,534.0700073242188,36383400,SPY
2024-06-12,534.5564575195312,541.3599853515625,544.1199951171875,540.2999877929688,541.6300048828125,63251300,SPY
2024-06-13,535.6326904296875,542.4500122070312,543.3300170898438,539.5900268554688,543.1500244140625,44760900,SPY
2024-06-14,535.9586181640625,542.780029296875,542.8099975585938,539.8499755859375,540.8800048828125,40089900,SPY
2024-06-17,540.2242431640625,547.0999755859375,548.530029296875,541.6099853515625,542.0800170898438,55839500,SPY
2024-06-18,541.5968017578125,548.489990234375,548.6199951171875,546.72998046875,547.1599731445312,41376400,SPY
2024-06-20,540.1255493164062,547.0,550.1199951171875,545.1799926757812,549.4400024414062,70328200,SPY
2024-06-21,539.4014282226562,544.510009765625,545.6500244140625,543.02001953125,544.4000244140625,64513900,SPY
2024-06-24,537.6480102539062,542.739990234375,546.9500122070312,542.6199951171875,544.3300170898438,45528700,SPY
2024-06-25,539.7184448242188,544.8300170898438,545.2000122070312,542.4400024414062,543.989990234375,38273300,SPY
2024-06-26,540.3920288085938,545.510009765625,546.239990234375,543.030029296875,543.6900024414062,38550600,SPY
2024-06-27,541.2439575195312,546.3699951171875,546.9600219726562,544.6099853515625,545.3699951171875,35041500,SPY
2024-06-28,539.1140747070312,544.219970703125,550.280029296875,542.9500122070312,547.1599731445312,76144500,SPY
2024-07-01,540.2236328125,545.3400268554688,545.8800048828125,542.52001953125,545.6300048828125,40297800,SPY
2024-07-02,543.8592529296875,549.010009765625,549.010009765625,543.6500244140625,543.7000122070312,40434800,SPY
2024-07-03,546.2862548828125,551.4600219726562,551.8300170898438,548.6500244140625,548.6900024414062,32789900,SPY
2024-07-05,549.4363403320312,554.6400146484375,555.0499877929688,551.1199951171875,551.77001953125,41488400,SPY
2024-07-08,550.0704345703125,555.280029296875,556.25,554.1900024414062,555.4400024414062,36110500,SPY
2024-07-09,550.6052856445312,555.8200073242188,557.1799926757812,555.52001953125,556.260009765625,27289700,SPY
2024-07-10,556.0537109375,561.3200073242188,561.6699829101562,556.77001953125,557.0700073242188,38701200,SPY
2024-07-11,551.2590942382812,556.47998046875,562.3300170898438,555.8300170898438,561.4400024414062,53054200,SPY
2024-07-12,554.7361450195312,559.989990234375,563.6699829101562,557.1500244140625,557.6300048828125,53084400,SPY
2024-07-15,556.26171875,561.530029296875,564.8400268554688,559.6300048828125,562.030029296875,40584300,SPY
2024-07-16,559.5604858398438,564.8599853515625,565.1599731445312,562.0999755859375,562.8699951171875,36475300,SPY
2024-07-17,551.71484375,556.9400024414062,560.510009765625,556.6099853515625,558.7999877929688,57119000,SPY
2024-07-18,547.4749145507812,552.6599731445312,559.52001953125,550.4299926757812,558.510009765625,56270400,SPY
2024-07-19,543.8394165039062,548.989990234375,554.0800170898438,547.9099731445312,552.4199829101562,65509100,SPY
2024-07-22,549.4463500976562,554.6500244140625,555.27001953125,551.02001953125,553.0,43346700,SPY
2024-07-23,548.5844116210938,553.780029296875,556.739990234375,553.280029296875,554.5399780273438,34439600,SPY
2024-07-24,536.1521606445312,541.22998046875,549.1699829101562,540.2899780273438,548.8599853515625,74515300,SPY
2024-07-25,533.3585815429688,538.4099731445312,547.4600219726562,537.4500122070312,541.3499755859375,61158300,SPY
2024-07-26,539.3320922851562,544.4400024414062,547.1900024414062,541.489990234375,542.280029296875,53763800,SPY
2024-07-29,539.6490478515625,544.760009765625,547.0499877929688,542.719970703125,546.02001953125,39515800,SPY
2024-07-30,536.9149780273438,542.0,547.3400268554688,538.52001953125,546.260009765625,46853600,SPY
2024-07-31,545.642333984375,550.8099975585938,553.5,547.5800170898438,548.97998046875,65663400,SPY
2024-08-01,537.9154663085938,543.010009765625,554.8699951171875,539.4299926757812,552.5700073242188,76428700,SPY
2024-08-02,527.900390625,532.9000244140625,536.989990234375,528.5999755859375,535.75,82789100,SPY
2024-08-05,512.5259399414062,517.3800048828125,523.5800170898438,510.2699890136719,511.6400146484375,146267400,SPY
2024-08-06,517.251220703125,522.1500244140625,529.75,517.8699951171875,519.219970703125,84826300,SPY
2024-08-07,513.7938842773438,518.6599731445312,531.5900268554688,518.0499877929688,528.469970703125,70698300,SPY
2024-08-08,525.6715087890625,530.6500244140625,531.2899780273438,521.8400268554688,523.9099731445312,63276600,SPY
2024-08-09,527.9894409179688,532.989990234375,534.510009765625,528.5599975585938,529.8099975585938,45619600,SPY
2024-08-12,528.2669067382812,533.27001953125,535.72998046875,530.9500122070312,534.2100219726562,42542100,SPY
2024-08-13,536.95458984375,542.0399780273438,542.280029296875,536.280029296875,536.530029296875,52333100,SPY
2024-08-14,538.6485595703125,543.75,544.9600219726562,540.1199951171875,542.8499755859375,42446900,SPY
2024-08-15,547.881103515625,553.0700073242188,553.3599853515625,548.8800048828125,549.5,60846800,SPY
2024-08-16,549.1094360351562,554.3099975585938,555.02001953125,551.260009765625,551.4199829101562,44430700,SPY
2024-08-19,554.3597412109375,559.6099853515625,559.6099853515625,553.8599853515625,554.72998046875,39121800,SPY
2024-08-20,553.458251953125,558.7000122070312,560.8400268554688,557.3300170898438,559.1500244140625,33732300,SPY
2024-08-21,555.3602294921875,560.6199951171875,562.1099853515625,554.72998046875,559.77001953125,41514600,SPY
2024-08-22,551.0015258789062,556.219970703125,563.1799926757812,554.97998046875,562.5599975585938,56121500,SPY
2024-08-23,556.8560791015625,562.1300048828125,563.0900268554688,557.2899780273438,559.530029296875,50639400,SPY
2024-08-26,555.5286254882812,560.7899780273438,563.9099731445312,559.0499877929688,563.1799926757812,35788600,SPY
2024-08-27,556.2914428710938,561.5599975585938,562.0599975585938,558.3200073242188,559.489990234375,32693900,SPY
2024-08-28,553.06201171875,558.2999877929688,561.6500244140625,555.0399780273438,561.2100219726562,41066000,SPY
2024-08-29,553.1115112304688,558.3499755859375,563.6799926757812,557.1799926757812,560.3099975585938,38715200,SPY
2024-08-30,558.3914794921875,563.6799926757812,564.2000122070312,557.1400146484375,560.77001953125,62700100,SPY
2024-09-03,546.9004516601562,552.0800170898438,560.8099975585938,549.510009765625,560.469970703125,60600100,SPY
2024-09-04,545.781005859375,550.9500122070312,554.4299926757812,549.4600219726562,550.2000122070312,47224900,SPY
2024-09-05,544.4535522460938,549.6099853515625,553.7999877929688,547.0999755859375,550.8900146484375,44264300,SPY
2024-09-06,535.290283203125,540.3599853515625,551.5999755859375,539.4400024414062,549.9400024414062,68493800,SPY
2024-09-09,541.2835083007812,546.4099731445312,547.7100219726562,542.6799926757812,544.6500244140625,40445800,SPY
2024-09-10,543.6412963867188,548.7899780273438,549.1500244140625,543.3800048828125,548.3599853515625,36394600,SPY
2024-09-11,549.2183837890625,554.4199829101562,555.3599853515625,539.9600219726562,548.7000122070312,75248600,SPY
2024-09-12,553.8446655273438,559.0900268554688,559.4000244140625,552.739990234375,555.010009765625,51892700,SPY
2024-09-13,556.7372436523438,562.010009765625,563.030029296875,559.4500122070312,559.7100219726562,39310500,SPY
2024-09-16,557.5594482421875,562.8400268554688,563.1099853515625,559.9000244140625,561.739990234375,36656100,SPY
2024-09-17,557.7872924804688,563.0700073242188,566.5800170898438,560.7899780273438,565.0999755859375,49321000,SPY
2024-09-18,556.1329956054688,561.4000244140625,568.6900024414062,560.8300170898438,563.739990234375,59044900,SPY
2024-09-19,565.623046875,570.97998046875,572.8800048828125,568.0800170898438,571.010009765625,75315500,SPY
2024-09-20,564.6453247070312,568.25,569.3099975585938,565.1699829101562,567.8400268554688,77503100,SPY
2024-09-23,566.0562744140625,569.6699829101562,570.3300170898438,568.0999755859375,569.3400268554688,44116900,SPY
2024-09-24,567.6759033203125,571.2999877929688,571.3599853515625,567.5999755859375,570.47998046875,46805700,SPY
2024-09-25,566.4239501953125,570.0399780273438,571.8900146484375,568.9099731445312,571.1400146484375,38428600,SPY
2024-09-26,568.6696166992188,572.2999877929688,574.7100219726562,569.9000244140625,574.3800048828125,48336000,SPY
2024-09-27,567.8448486328125,571.469970703125,574.219970703125,570.4199829101562,573.3900146484375,42100900,SPY
2024-09-30,570.120361328125,573.760009765625,574.3800048828125,568.0800170898438,570.4199829101562,63557400,SPY
2024-10-01,565.012939453125,568.6199951171875,574.0599975585938,566.0,573.4000244140625,72668800,SPY
2024-10-02,565.25146484375,568.8599853515625,569.9000244140625,565.27001953125,567.7100219726562,38097800,SPY
2024-10-03,564.2180786132812,567.8200073242188,569.7999877929688,565.489990234375,567.3599853515625,40846500,SPY
2024-10-04,569.3452758789062,572.97998046875,573.3599853515625,568.0999755859375,572.3499755859375,42939100,SPY
2024-10-07,564.1981811523438,567.7999877929688,571.9600219726562,566.6300048828125,571.2999877929688,49964700,SPY
2024-10-08,569.5341186523438,573.1699829101562,573.780029296875,569.530029296875,570.4199829101562,37398700,SPY
2024-10-09,573.4789428710938,577.1400146484375,577.7100219726562,572.5499877929688,573.1599731445312,37912200,SPY
2024-10-10,572.475341796875,576.1300048828125,577.5800170898438,574.489990234375,575.77001953125,44138100,SPY
2024-10-11,575.9034423828125,579.5800170898438,580.3300170898438,575.9099731445312,576.0499877929688,42268000,SPY
2024-10-14,580.6134033203125,584.3200073242188,585.27001953125,580.72998046875,581.219970703125,36217200,SPY
2024-10-15,576.1021728515625,579.780029296875,584.9000244140625,578.5399780273438,584.5900268554688,54203600,SPY
2024-10-16,578.606201171875,582.2999877929688,582.8300170898438,578.9600219726562,579.780029296875,30725400,SPY
2024-10-17,578.6558227539062,582.3499755859375,586.1199951171875,582.1599731445312,585.9099731445312,34393700,SPY
2024-10-18,580.8816528320312,584.5900268554688,585.3900146484375,582.5800170898438,584.0700073242188,37416800,SPY
2024-10-21,579.927734375,583.6300048828125,584.8499755859375,580.5999755859375,583.8499755859375,36439000,SPY
2024-10-22,579.6197509765625,583.3200073242188,584.5,580.3800048828125,581.0499877929688,34183800,SPY
2024-10-23,574.3235473632812,577.989990234375,581.7100219726562,574.4199829101562,581.260009765625,49314600,SPY
2024-10-24,575.5655517578125,579.239990234375,580.0599975585938,576.5700073242188,579.97998046875,34979900,SPY
2024-10-25,575.3668212890625,579.0399780273438,584.4600219726562,578.0800170898438,581.510009765625,47268200,SPY
2024-10-28,577.1455688476562,580.8300170898438,582.7100219726562,580.52001953125,582.5800170898438,30174700,SPY
2024-10-29,578.0795288085938,581.77001953125,582.9099731445312,578.4299926757812,579.8499755859375,42899700,SPY
2024-10-30,576.3307495117188,580.010009765625,583.3200073242188,579.2899780273438,581.2899780273438,41435800,SPY
2024-10-31,565.0328979492188,568.6400146484375,575.6300048828125,568.4400024414062,575.5599975585938,60182500,SPY
2024-11-01,567.4176025390625,571.0399780273438,575.5499877929688,570.6199951171875,571.3200073242188,45667500,SPY
2024-11-04,566.1953735351562,569.8099975585938,572.5,567.8900146484375,571.1799926757812,38217000,SPY
2024-11-05,573.041748046875,576.7000122070312,576.739990234375,570.52001953125,570.739990234375,39478300,SPY
2024-11-06,587.290771484375,591.0399780273438,591.9299926757812,585.3900146484375,589.2000122070312,68182000,SPY
2024-11-07,591.8317260742188,595.6099853515625,596.6500244140625,593.0,593.0800170898438,47233200,SPY
2024-11-08,594.3953857421875,598.1900024414062,599.6400146484375,596.1699829101562,596.1699829101562,46444900,SPY
2024-11-11,594.9617309570312,598.760009765625,600.1699829101562,597.0,599.8099975585938,37586800,SPY
2024-11-12,593.1136474609375,596.9000244140625,599.2899780273438,594.3699951171875,598.6799926757812,43006100,SPY
2024-11-13,593.4017333984375,597.1900024414062,599.22998046875,594.9600219726562,597.3699951171875,47388600,SPY
2024-11-14,589.5860595703125,593.3499755859375,597.8099975585938,592.6500244140625,597.3200073242188,38904100,SPY
2024-11-15,582.0343017578125,585.75,590.2000122070312,583.8599853515625,589.719970703125,75988800,SPY
2024-11-18,584.4190673828125,588.1500244140625,589.489990234375,585.3400268554688,586.219970703125,37084100,SPY
2024-11-19,586.555419921875,590.2999877929688,591.0399780273438,584.030029296875,584.7100219726562,49412000,SPY
2024-11-20,586.754150390625,590.5,590.7899780273438,584.6300048828125,590.3800048828125,50032600,SPY
2024-11-21,589.904052734375,593.6699829101562,595.1199951171875,587.4500122070312,593.4000244140625,46750300,SPY
2024-11-22,591.732421875,595.510009765625,596.1500244140625,593.1500244140625,593.6599731445312,38226400,SPY
2024-11-25,593.7396240234375,597.530029296875,600.8599853515625,595.2000122070312,599.52001953125,42441400,SPY
2024-11-26,596.8397827148438,600.6500244140625,601.3300170898438,598.0700073242188,598.7999877929688,45621300,SPY
2024-11-27,595.0313110351562,598.8300170898438,600.8499755859375,597.280029296875,600.4600219726562,34000200,SPY
2024-11-29,598.7277221679688,602.5499877929688,603.3499755859375,599.3800048828125,599.6599731445312,30177400,SPY
2024-12-02,599.8009033203125,603.6300048828125,604.3200073242188,602.469970703125,602.969970703125,31746000,SPY
2024-12-03,600.0790405273438,603.9099731445312,604.1599731445312,602.3400268554688,603.3900146484375,26906600,SPY
2024-12-04,603.8052978515625,607.6599731445312,607.9099731445312,604.9500122070312,605.6300048828125,42787600,SPY
2024-12-05,602.8116455078125,606.6599731445312,608.47998046875,606.2999877929688,607.6599731445312,28762200,SPY
2024-12-06,603.954345703125,607.8099975585938,609.0700073242188,607.02001953125,607.4400024414062,31241500,SPY
2024-12-09,600.8441772460938,604.6799926757812,607.8599853515625,604.0800170898438,607.6900024414062,34742700,SPY
2024-12-10,598.9761352539062,602.7999877929688,605.7999877929688,602.1300048828125,605.3699951171875,37234500,SPY
2024-12-11,603.6065673828125,607.4600219726562,608.4299926757812,605.5,605.780029296875,28677700,SPY
2024-12-12,600.4964599609375,604.3300170898438,607.1599731445312,604.3300170898438,606.5800170898438,31543800,SPY
2024-12-13,600.3772583007812,604.2100219726562,607.1300048828125,602.8099975585938,606.4000244140625,35904700,SPY
2024-12-16,602.9407958984375,606.7899780273438,607.780029296875,605.2100219726562,606.0,43695200,SPY
2024-12-17,600.4566650390625,604.2899780273438,605.1699829101562,602.8900146484375,604.1900024414062,55773500,SPY
2024-12-18,582.5609741210938,586.280029296875,606.4099731445312,585.8900146484375,603.97998046875,108248700,SPY
2024-12-19,582.3820190429688,586.0999755859375,593.0,585.8499755859375,591.3599853515625,85919500,SPY
2024-12-20,589.3770751953125,591.1500244140625,595.75,580.9099731445312,581.77001953125,125716700,SPY
2024-12-23,592.9064331054688,594.6900024414062,595.2999877929688,587.6599731445312,590.8900146484375,57635800,SPY
2024-12-24,599.49658203125,601.2999877929688,601.3400268554688,595.469970703125,596.0599975585938,33160100,SPY
2024-12-26,599.5364990234375,601.3400268554688,602.47998046875,598.0800170898438,599.5,41219100,SPY
2024-12-27,593.2254638671875,595.010009765625,597.780029296875,590.760009765625,597.5399780273438,64969300,SPY
2024-12-30,586.455810546875,588.219970703125,591.739990234375,584.4099731445312,587.8900146484375,56578800,SPY
2024-12-31,584.322265625,586.0800170898438,590.6400146484375,584.4199829101562,589.9099731445312,57052700,SPY
2025-01-02,582.8865966796875,584.6400146484375,591.1300048828125,580.5,589.3900146484375,50204000,SPY
2025-01-03,590.1746215820312,591.9500122070312,592.5999755859375,586.4299926757812,587.530029296875,37888500,SPY
2025-01-06,593.5744018554688,595.3599853515625,599.7000122070312,593.5999755859375,596.27001953125,47679400,SPY
2025-01-07,586.8646240234375,588.6300048828125,597.75,586.780029296875,597.4199829101562,60393100,SPY
2025-01-08,587.7219848632812,589.489990234375,590.5800170898438,585.2000122070312,588.7000122070312,47304700,SPY
2025-01-10,578.7489624023438,580.489990234375,585.9500122070312,578.5499877929688,585.8800048828125,73105000,SPY
2025-01-13,579.6463012695312,581.3900146484375,581.75,575.3499755859375,575.77001953125,47910100,SPY
2025-01-14,580.4439086914062,582.1900024414062,585.0,578.3499755859375,584.3599853515625,48420600,SPY
2025-01-15,591.002197265625,592.780029296875,593.9400024414062,589.2000122070312,590.3300170898438,56900200,SPY
2025-01-16,589.8656005859375,591.6400146484375,594.3499755859375,590.9299926757812,594.1699829101562,43319700,SPY
2025-01-17,595.7877807617188,597.5800170898438,599.3599853515625,595.6099853515625,596.9600219726562,58070600,SPY
2025-01-21,601.2413330078125,603.0499877929688,603.0599975585938,598.6699829101562,600.6699829101562,42532900,SPY
2025-01-22,604.6211547851562,606.4400024414062,607.8200073242188,605.3599853515625,605.9199829101562,48196000,SPY
2025-01-23,607.9212646484375,609.75,609.75,605.52001953125,605.7999877929688,41152100,SPY
2025-01-24,606.1465454101562,607.969970703125,610.780029296875,606.7999877929688,609.8099975585938,34604700,SPY
2025-01-27,597.5723876953125,599.3699951171875,599.6900024414062,594.6400146484375,594.8099975585938,70361100,SPY
2025-01-28,602.7069702148438,604.52001953125,605.3699951171875,597.25,600.6199951171875,44433300,SPY
2025-01-29,600.0050659179688,601.8099975585938,604.1300048828125,599.219970703125,603.719970703125,37177400,SPY
2025-01-30,603.225341796875,605.0399780273438,606.5999755859375,600.719970703125,603.9600219726562,39281300,SPY
2025-01-31,600.0150146484375,601.8200073242188,609.9600219726562,601.0499877929688,607.5,66671500,SPY
2025-02-03,595.9771728515625,597.77001953125,600.2899780273438,590.489990234375,592.6699829101562,65857200,SPY
2025-02-04,599.9751586914062,601.780029296875,602.2999877929688,597.280029296875,597.8300170898438,33457800,SPY
2025-02-05,602.4077758789062,604.219970703125,604.3699951171875,598.5800170898438,600.6400146484375,30653100,SPY
2025-02-06,604.5015258789062,606.3200073242188,606.4500122070312,602.6300048828125,605.989990234375,35771500,SPY
2025-02-07,598.9682006835938,600.77001953125,608.1300048828125,600.0499877929688,606.8900146484375,50788500,SPY
2025-02-10,603.035888671875,604.8499755859375,605.5,602.739990234375,604.030029296875,26048700,SPY
2025-02-11,603.4945678710938,605.3099975585938,605.8599853515625,602.4299926757812,602.5499877929688,30056700,SPY
2025-02-12,601.5504150390625,603.3599853515625,604.5499877929688,598.510009765625,599.2000122070312,45076100,SPY
2025-02-13,607.9013061523438,609.72998046875,609.9400024414062,603.2000122070312,604.47998046875,40921300,SPY
2025-02-14,607.8713989257812,609.7000122070312,610.989990234375,609.0700073242188,609.9400024414062,26910400,SPY
2025-02-18,609.656005859375,611.489990234375,611.489990234375,608.3800048828125,610.8800048828125,26749000,SPY
2025-02-19,611.0916748046875,612.9299926757812,613.22998046875,609.5599975585938,610.0800170898438,31011100,SPY
2025-02-20,608.5493774414062,610.3800048828125,611.6799926757812,607.02001953125,611.5399780273438,36554000,SPY
2025-02-21,598.1406860351562,599.9400024414062,610.2999877929688,599.469970703125,610.1599731445312,76519800,SPY
2025-02-24,595.4188842773438,597.2100219726562,603.030029296875,596.489990234375,602.02001953125,50737200,SPY
2025-02-25,592.457763671875,594.239990234375,597.8900146484375,589.5599975585938,597.1500244140625,58266500,SPY
2025-02-26,592.7568359375,594.5399780273438,599.5800170898438,591.8599853515625,595.9299926757812,43321600,SPY
2025-02-27,583.2952880859375,585.0499877929688,598.02001953125,584.6500244140625,596.8499755859375,74196700,SPY
2025-02-28,592.39794921875,594.1799926757812,594.719970703125,582.4400024414062,585.5599975585938,88744100,SPY
2025-03-03,582.0191650390625,583.77001953125,597.3400268554688,579.9000244140625,596.1799926757812,74249200,SPY
2025-03-04,575.1298828125,576.8599853515625,585.3900146484375,572.25,579.7100219726562,109648200,SPY
2025-03-05,581.311279296875,583.0599975585938,584.8800048828125,573.0800170898438,576.6900024414062,71230500,SPY
2025-03-06,570.9923706054688,572.7100219726562,580.1699829101562,570.1199951171875,575.47998046875,80094900,SPY
2025-03-07,574.1926879882812,575.9199829101562,577.3900146484375,565.6300048828125,570.9000244140625,81158800,SPY
2025-03-10,558.8987426757812,560.5800170898438,569.5399780273438,555.5900268554688,567.5900268554688,99326600,SPY
2025-03-11,554.252685546875,555.9199829101562,564.02001953125,552.02001953125,559.4000244140625,88102100,SPY
2025-03-12,557.19384765625,558.8699951171875,563.1099853515625,553.6900024414062,562.1699829101562,69588200,SPY
2025-03-13,549.7661743164062,551.4199829101562,559.1099853515625,549.6799926757812,558.489990234375,74079400,SPY
2025-03-14,561.1220092773438,562.8099975585938,563.8300170898438,551.489990234375,556.1099853515625,62660300,SPY
2025-03-17,565.4490356445312,567.1500244140625,569.7100219726562,562.3499755859375,562.7899780273438,49008700,SPY
2025-03-18,559.33740234375,561.02001953125,565.02001953125,559.0599975585938,564.7999877929688,66041400,SPY
2025-03-19,565.4290771484375,567.1300048828125,570.9500122070312,561.6300048828125,562.8300170898438,66556000,SPY
2025-03-20,563.7940063476562,565.489990234375,570.5700073242188,562.5999755859375,563.3300170898438,62958200,SPY
2025-03-21,563.97998046875,563.97998046875,564.8900146484375,558.030029296875,559.280029296875,83763000,SPY
2025-03-24,574.0800170898438,574.0800170898438,575.1500244140625,570.2000122070312,570.7999877929688,58766800,SPY
2025-03-25,575.4600219726562,575.4600219726562,576.4099731445312,573.6900024414062,575.2999877929688,38355700,SPY
2025-03-26,568.5900268554688,568.5900268554688,576.3300170898438,567.1900024414062,575.1900024414062,51848300,SPY
2025-03-27,567.0800170898438,567.0800170898438,570.9000244140625,564.9400024414062,567.1799926757812,42164200,SPY
2025-03-28,555.6599731445312,555.6599731445312,566.27001953125,555.0700073242188,565.530029296875,71662700,SPY
2025-03-31,559.3900146484375,559.3900146484375,560.7100219726562,546.8699951171875,549.8300170898438,95328200,SPY
2025-04-01,560.969970703125,560.969970703125,562.9400024414062,553.6799926757812,557.4500122070312,54609600,SPY
2025-04-02,564.52001953125,564.52001953125,567.4199829101562,554.8099975585938,555.0499877929688,76014500,SPY
2025-04-03,536.7000122070312,536.7000122070312,547.969970703125,536.7000122070312,545.1099853515625,125986000,SPY
2025-04-04,505.2799987792969,505.2799987792969,525.8699951171875,505.05999755859375,523.6699829101562,217965100,SPY
2025-04-07,504.3800048828125,504.3800048828125,523.1699829101562,481.79998779296875,489.19000244140625,256611400,SPY
2025-04-08,496.4800109863281,496.4800109863281,524.97998046875,489.1600036621094,521.8599853515625,165816600,SPY
2025-04-09,548.6199951171875,548.6199951171875,548.6199951171875,493.04998779296875,493.44000244140625,241867300,SPY
2025-04-10,524.5800170898438,524.5800170898438,533.5,509.32000732421875,532.1699829101562,162331200,SPY
2025-04-11,533.9400024414062,533.9400024414062,536.4299926757812,520.0700073242188,523.010009765625,97866300,SPY
2025-04-14,539.1199951171875,539.1199951171875,544.280029296875,533.8599853515625,544.0499877929688,68034000,SPY
2025-04-15,537.6099853515625,537.6099853515625,543.22998046875,536.8099975585938,539.6699829101562,56892900,SPY
2025-04-16,525.6599731445312,525.6599731445312,537.8900146484375,520.2899780273438,531.6799926757812,83484800,SPY
2025-04-17,526.4099731445312,526.4099731445312,531.1699829101562,523.9099731445312,527.6400146484375,79741000,SPY
2025-04-21,513.8800048828125,513.8800048828125,521.7000122070312,508.4599914550781,521.1599731445312,69368100,SPY
2025-04-22,527.25,527.25,529.2999877929688,519.1900024414062,520.1400146484375,75948100,SPY
2025-04-23,535.4199829101562,535.4199829101562,545.4299926757812,533.8800048828125,540.4299926757812,90590700,SPY
2025-04-24,546.6900024414062,546.6900024414062,547.4299926757812,535.4500122070312,536.719970703125,64150400,SPY
2025-04-25,550.6400146484375,550.6400146484375,551.0499877929688,543.6900024414062,546.6500244140625,61119600,SPY
2025-04-28,550.8499755859375,550.8499755859375,553.5499877929688,545.02001953125,551.3900146484375,47613800,SPY
2025-04-29,554.3200073242188,554.3200073242188,555.4500122070312,548.5499877929688,548.9099731445312,47775100,SPY
2025-04-30,554.5399780273438,554.5399780273438,556.52001953125,541.52001953125,547.5700073242188,93101500,SPY
2025-05-01,558.469970703125,558.469970703125,564.0700073242188,557.8599853515625,560.3699951171875,63186100,SPY
2025-05-02,566.760009765625,566.760009765625,568.3800048828125,562.3800048828125,564.72998046875,60717300,SPY
2025-05-05,563.510009765625,563.510009765625,566.6500244140625,561.7000122070312,562.5700073242188,38659200,SPY
2025-05-06,558.7999877929688,558.7999877929688,563.3499755859375,556.9600219726562,557.9299926757812,48264700,SPY
2025-05-07,561.1500244140625,561.1500244140625,563.8200073242188,556.0399780273438,560.1500244140625,55588000,SPY
2025-05-08,565.0599975585938,565.0599975585938,570.3099975585938,561.7000122070312,565.239990234375,65130800,SPY
2025-05-09,564.3400268554688,564.3400268554688,567.5,562.760009765625,566.47998046875,37517500,SPY
