Date,Close,High,Low,Open,Volume,SEC_ID
2005-04-25,57.57848358154297,57.6863068088058,57.54074504068173,57.66474134071475,129300,TIP
2005-04-26,57.38981246948242,57.605463133792526,57.281989193924524,57.59468245151446,73100,TIP
2005-04-27,57.38981246948242,57.51381293824888,57.271208511646456,57.46528958501181,86400,TIP
2005-04-28,57.83189392089844,57.831893920898445,57.39520431196101,57.43833526704463,142500,TIP
2005-04-29,57.63243865966797,57.92895481485975,57.57852700537814,57.788785336345335,80900,TIP
2005-05-02,57.664344787597656,57.7509419934906,57.485732630633585,57.664344787597656,113300,TIP
2005-05-03,57.642677307128906,57.69138744669559,57.48030191648449,57.6426773071289,87900,TIP
2005-05-04,57.50736999511719,57.57773046712336,57.31793477865593,57.37205853630514,125200,TIP
2005-05-05,57.566917419433594,57.59939085381789,57.40995560427826,57.49114331961774,106500,TIP
2005-05-06,57.366661071777344,57.39913863901248,57.24758629379995,57.269236628830306,102000,TIP
2005-05-09,57.39372253417969,57.39372253417968,57.26382465900938,57.31794842954876,113900,TIP
2005-05-10,57.58858108520508,57.58858108520508,57.426205616932535,57.45326957143786,126200,TIP
2005-05-11,57.648094177246094,57.80505596256673,57.61020713453959,57.67515399096334,104700,TIP
2005-05-12,57.63725662231445,57.64267023583921,57.37204737088222,57.54524583927961,145700,TIP
2005-05-13,57.65349197387695,57.79963062995861,57.48029350956409,57.74550688411904,141300,TIP
2005-05-16,57.63187026977539,57.72929470543808,57.610219936363805,57.70223075632888,112900,TIP
2005-05-17,57.75634765625,57.913309457782475,57.71846060963032,57.76176127130377,132100,TIP
2005-05-18,57.66973114013672,57.96741379830228,57.66973114013672,57.92952676437659,97700,TIP
2005-05-19,57.6102294921875,57.69682671081886,57.53445537736771,57.56151520158647,141500,TIP
2005-05-20,57.8213005065918,57.8213005065918,57.63186526740675,57.70763936308077,80700,TIP
2005-05-23,57.891658782958984,58.021556637829114,57.859185351586035,57.859185351586035,185900,TIP
2005-05-24,58.07027816772461,58.156875371995284,57.94038029662915,58.10275160315375,114700,TIP
2005-05-25,57.85920333862305,58.14606308327082,57.85920333862305,58.097348791688944,93900,TIP
2005-05-26,57.66973114013672,57.859166309765165,57.64266720331394,57.799628952256654,86700,TIP
2005-05-27,57.81586456298828,57.886225016261506,57.64266610699679,57.66973004330484,75800,TIP
2005-05-31,58.07027816772461,58.12981555226395,57.94038029662915,57.95120339864591,119600,TIP
2005-06-01,58.6374626159668,58.637462615966804,58.24552941708084,58.24552941708084,141500,TIP
2005-06-02,58.46328353881836,58.56670737874139,58.40884928311138,58.49049859013811,118300,TIP
2005-06-03,58.272804260253906,58.735502002355084,58.218365811595675,58.691952904656716,116700,TIP
2005-06-06,58.272804260253906,58.35445362710017,58.15304631811866,58.30546400699241,146500,TIP
2005-06-07,58.381656646728516,58.59939792171247,58.33266704021855,58.561293510070485,142900,TIP
2005-06-08,58.21835708618164,58.38166410153978,58.19114201900189,58.37621942687586,116700,TIP
2005-06-09,58.174800872802734,58.256450211586845,58.02782375685311,58.1312517900718,102700,TIP
2005-06-10,57.820960998535156,58.03325754569354,57.7883012691472,58.03325754569354,88900,TIP
2005-06-13,57.646766662597656,57.68487106312496,57.54333865270859,57.63043679852426,157000,TIP
2005-06-14,57.532474517822266,57.635898412496154,57.48348075460226,57.61956854244605,131500,TIP
2005-06-15,57.54878234863281,57.56511221242913,57.3255964685682,57.3528156769408,124100,TIP
2005-06-16,57.755638122558594,57.810072389921515,57.488907305332404,57.57056078291098,126700,TIP
2005-06-17,57.78828811645508,57.97336541162077,57.782843445106856,57.80461797743236,96800,TIP
2005-06-20,57.79376983642578,57.83187425689354,57.66857137763329,57.75022074072824,106700,TIP
2005-06-21,57.864505767822266,57.957044429581906,57.81006735213492,57.837286559978594,86600,TIP
2005-06-22,58.05503845214844,58.153021804130326,57.94616575379702,58.05503845214844,161800,TIP
2005-06-23,58.136661529541016,58.16387657509257,57.98423983157247,58.04956341641613,105100,TIP
2005-06-24,58.245574951171875,58.300009237334706,58.13670637884621,58.191140665009044,209400,TIP
2005-06-27,58.40884780883789,58.46328206317092,58.24554089277138,58.31630500809759,106600,TIP
2005-06-28,58.278202056884766,58.310865932746786,58.163888874036424,58.24554233409024,141100,TIP
2005-06-29,58.12578201293945,58.3544083689334,58.08223294901661,58.3544083689334,97400,TIP
2005-06-30,58.37074279785156,58.37074279785157,58.08223336211127,58.22376574433346,212200,TIP
2005-07-01,57.98561477661133,58.31981037023571,57.876044232407544,58.275984660463195,115400,TIP
2005-07-05,57.66236114501953,57.85959140826437,57.607575889639755,57.760976276641955,141400,TIP
2005-07-06,57.77742385864258,57.78290363931294,57.66785332432303,57.68976826715654,92100,TIP
2005-07-07,57.815757751464844,57.963682529149246,57.76097249966747,57.941767592460934,76500,TIP
2005-07-08,57.54730224609375,57.848623195530536,57.47060206406646,57.848623195530536,104000,TIP
2005-07-11,57.66236114501953,57.67331652415667,57.366515750152274,57.41582540588701,140100,TIP
2005-07-12,57.54730224609375,57.63495780561932,57.525387311250746,57.54730224609375,107300,TIP
2005-07-13,57.4048957824707,57.514470530218475,57.3665456657213,57.503510965519084,172800,TIP
2005-07-14,57.03782653808594,57.20766216262384,56.95016674487347,57.15287688179055,203200,TIP
2005-07-15,56.950138092041016,56.950138092041016,56.813172868943425,56.83508780622066,187200,TIP
2005-07-18,56.75293731689453,56.92277712405529,56.65432631769347,56.87346744460569,141700,TIP
2005-07-19,56.99399185180664,57.004951414961674,56.747456018850755,56.747456018850755,162900,TIP
2005-07-20,57.158355712890625,57.16931109693542,56.86798996744087,56.98851591132933,162800,TIP
2005-07-21,56.889869689941406,57.08162433479806,56.81316950393741,57.07614455584159,158400,TIP
2005-07-22,57.114505767822266,57.29530088996293,57.054240727108706,57.054240727108706,218600,TIP
2005-07-25,56.93922424316406,57.18028454918932,56.840609043412826,57.13645464266656,155300,TIP
2005-07-26,56.99399185180664,56.99399185180664,56.69267074262152,56.818676459963896,183400,TIP
2005-07-27,56.97206115722656,57.098071019586165,56.87892579539632,56.95014621682283,77800,TIP
2005-07-28,57.09807586669922,57.185731455907835,56.99398093590664,57.00494049696262,94000,TIP
2005-07-29,56.928245544433594,57.059731030308846,56.862500711571855,57.02685652395385,108700,TIP
2005-08-01,56.84166717529297,57.00709441286746,56.74240914990971,56.98503660643824,145300,TIP
2005-08-02,56.73686981201172,56.78650090740209,56.62106953222705,56.74238531307613,429300,TIP
2005-08-03,56.996055603027344,57.01259790258936,56.84716649277808,56.86922429455928,112100,TIP
2005-08-04,57.007118225097656,57.045718350698195,56.89131784829605,56.963006800910016,129200,TIP
2005-08-05,56.687259674072266,56.75894438071289,56.659686367697326,56.75894438071289,144400,TIP
2005-08-08,56.676246643066406,56.792046993793676,56.65970433683354,56.72036226441886,113500,TIP
2005-08-09,56.632118225097656,56.70380714537083,56.466690993051806,56.69829164217376,179600,TIP
2005-08-10,56.59903335571289,56.76446479408222,56.54940644845984,56.73689148532192,107200,TIP
2005-08-11,56.89129638671875,56.90232739392797,56.55492218747954,56.66521122408879,104300,TIP
2005-08-12,57.122920989990234,57.156009818386984,56.97403598704904,56.985062791782404,108600,TIP
2005-08-15,57.122920989990234,57.16703662312034,57.023667126095,57.10086738052352,183400,TIP
2005-08-16,57.282806396484375,57.45375333174581,57.23317949105421,57.332437509010624,172200,TIP
2005-08-17,57.155967712402344,57.43168390570183,57.100825315161494,57.40411060353379,98400,TIP
2005-08-18,57.326904296875,57.36550439153966,57.21661951414592,57.28278870094545,111800,TIP
2005-08-19,57.43172073364258,57.44274753732356,57.24423141428237,57.29386254859163,110200,TIP
2005-08-22,57.3489875793457,57.4041299952142,57.21664493984196,57.31590297124393,132600,TIP
2005-08-23,57.503360748291016,57.525418545594015,57.293817984554515,57.293817984554515,179000,TIP
2005-08-24,57.59709930419922,57.61915709999818,57.486814532298744,57.486814532298744,108800,TIP
2005-08-25,57.68535614013672,57.69638293939264,57.564040312840284,57.65778283135253,105200,TIP
2005-08-26,57.65778732299805,57.73498754509231,57.5750758043946,57.707418441256685,141300,TIP
2005-08-29,57.75149154663086,57.82869171190021,57.707375964450236,57.81766071280832,85800,TIP
2005-08-30,58.049278259277344,58.09339385441593,57.79561989787258,57.86179329058045,169100,TIP
2005-08-31,58.369136810302734,58.37465231400086,58.07136271705312,58.12099383614304,119100,TIP
2005-09-01,58.52246856689453,58.62765645830625,58.361920183484195,58.361920183484195,108700,TIP
2005-09-02,58.54459762573242,58.683000929812174,58.439409763037055,58.51691527542302,140600,TIP
2005-09-06,58.217994689941406,58.59998511313363,58.19031232687235,58.54462461073112,701900,TIP
2005-09-07,58.14046859741211,58.22904875537915,58.00206526838941,58.21244103169393,176400,TIP
2005-09-08,58.234561920166016,58.31760050415437,58.15705642595511,58.24563232345358,144100,TIP
2005-09-09,58.389610290527344,58.52801365075947,58.33978288450139,58.37853565641697,128400,TIP
2005-09-12,58.179256439208984,58.262299331439394,58.0851431324251,58.262299331439394,128700,TIP
2005-09-13,58.3785285949707,58.51693193846161,58.256737200635975,58.37299550232016,129500,TIP
2005-09-14,58.339786529541016,58.467119487353834,58.24567325239951,58.34532384694217,99100,TIP
2005-09-15,58.223541259765625,58.33979960884028,58.12942796152469,58.284439093624236,97900,TIP
2005-09-16,58.12940979003906,58.2013780149487,58.057441565129416,58.19584492177236,238700,TIP
2005-09-19,58.32317352294922,58.38960865454396,58.068511854105566,58.1404800788651,134100,TIP
2005-09-20,58.162620544433594,58.19584021948368,58.035291831902114,58.05743687402388,127600,TIP
2005-09-21,58.48927307128906,58.5280258512829,58.389622462199746,58.450520291295234,179000,TIP
2005-09-22,58.505836486816406,58.6331693667683,58.467083736175915,58.59441239239478,173900,TIP
2005-09-23,58.217994689941406,58.42282897120425,58.12941450710891,58.40622124285705,161300,TIP
2005-09-26,58.085147857666016,58.1405083824109,57.9135289638357,57.92459937928976,139900,TIP
2005-09-27,58.20138168334961,58.23460136317771,58.018692451104904,58.12941345390385,207700,TIP
2005-09-28,58.42839431762695,58.43393163764422,58.15712476910728,58.190340241735676,130800,TIP
2005-09-29,58.372962951660156,58.3951079811181,58.262237804370464,58.32313557944668,93600,TIP
2005-09-30,58.27888488769531,58.43390019861314,58.12941111755087,58.41175515419631,150600,TIP
2005-10-03,57.8918342590332,58.24164910491115,57.858515533476684,58.23609527793027,147400,TIP
2005-10-04,57.84741973876953,57.930710209143456,57.764129268395614,57.88628806010012,343100,TIP
2005-10-05,57.83635330200195,58.03069503292293,57.81969180820987,57.930747251830425,116000,TIP
2005-10-06,57.68086242675781,57.74749567761885,57.569811244987115,57.714181170353854,171000,TIP
2005-10-07,57.77524948120117,57.84743231183846,57.46985243556223,57.5198241868503,99000,TIP
2005-10-10,57.84187316894531,57.94737472707902,57.7030571130135,57.79190142224818,88500,TIP
2005-10-11,57.664215087890625,57.75305943764788,57.61424331840099,57.747505606705104,111000,TIP
2005-10-12,57.47541809082031,57.708628117477836,57.45320700690087,57.68641703355839,267700,TIP
2005-10-13,57.44765090942383,57.514284158552194,57.22554431532685,57.31994247734144,184000,TIP
2005-10-14,57.56982421875,57.63090365338787,57.336614142677384,57.62534982214843,108400,TIP
2005-10-17,57.68086242675781,57.70862734036601,57.58646849861962,57.64199408950496,134600,TIP
2005-10-18,57.719764709472656,57.79750142969594,57.66423908593223,57.7697407360925,166400,TIP
2005-10-19,57.72528839111328,57.91408049613928,57.66420896622234,57.76971056127603,231100,TIP
2005-10-20,57.6863899230957,57.74746931608635,57.55868154599096,57.63641818501013,138000,TIP
2005-10-21,57.86967086791992,57.87522469947676,57.69754021664801,57.73085473332458,126200,TIP
2005-10-24,57.619789123535156,57.77526672538507,57.497634505150316,57.703079636871884,267400,TIP
2005-10-25,57.3199577331543,57.69198394139191,57.275535555245675,57.60869341689625,188300,TIP
2005-10-26,57.147830963134766,57.28109751577354,57.08120192314804,57.203356575234594,183700,TIP
2005-10-27,57.38101577758789,57.44209519486878,57.258861179356906,57.28662185500136,166900,TIP
2005-10-28,57.35878372192383,57.51980658435074,57.275493258935796,57.48093826646684,145200,TIP
2005-10-31,57.51429748535156,57.58648034471813,57.40324204440465,57.464321477842475,104500,TIP
2005-11-01,57.50984191894531,57.62135823604579,57.437356738237476,57.62135823604579,166400,TIP
2005-11-02,57.3983154296875,57.59347107706517,57.32025317073643,57.4819505256536,121800,TIP
2005-11-03,57.309120178222656,57.470821847002,57.22548079725739,57.454094821624075,162200,TIP
2005-11-04,57.26448059082031,57.43733635126941,57.16969132952218,57.33139290977544,140000,TIP
2005-11-07,57.44852066040039,57.50985592596684,57.37603546203817,57.4485206604004,94300,TIP
2005-11-08,57.5544319152832,57.632494163339885,57.515400791254855,57.587885949000786,150100,TIP
2005-11-09,57.2589225769043,57.342557679656466,57.192010240628164,57.27564959745473,239000,TIP
2005-11-10,57.387176513671875,57.43736183867591,57.19202081437879,57.26450600152331,208000,TIP
2005-11-11,57.465206146240234,57.543268381608726,57.38157107554026,57.387143910871735,122300,TIP
2005-11-14,57.06929016113281,57.37596611832114,57.02468197571074,57.370389031625706,341900,TIP
2005-11-15,57.23666763305664,57.32587990398679,57.013630574614176,57.07496587203781,169600,TIP
2005-11-16,57.57115936279297,57.593463470129365,57.29236440219834,57.37042665083895,129900,TIP
2005-11-17,57.63805389404297,57.771874242682365,57.543260403604215,57.59902278177014,124400,TIP
2005-11-18,57.532108306884766,57.65477872769987,57.43174198567895,57.5432582296534,280800,TIP
2005-11-21,57.59346389770508,57.68825316403333,57.56000986348887,57.6213408415274,150200,TIP
2005-11-22,57.822086334228516,57.82208633422851,57.60462655561537,57.66038896373112,148600,TIP
2005-11-23,57.5990104675293,57.86107402014982,57.51537117223406,57.85550118678241,119800,TIP
2005-11-25,57.79421615600586,57.79421615600587,57.71057678810666,57.7161538803866,38700,TIP
2005-11-28,57.91691207885742,57.98939729400727,57.721752050087275,57.77193739448089,111800,TIP
2005-11-29,57.62691116333008,57.92801019813077,57.57115302816099,57.91128318298735,115200,TIP
2005-11-30,57.61577606201172,57.626925990285116,57.48752848946001,57.60462187966421,124500,TIP
2005-12-01,57.48040008544922,57.773723094663865,57.33937849755736,57.71731532023458,284600,TIP
2005-12-02,57.50299072265625,57.50862849016754,57.33940508840324,57.367606836877634,117300,TIP
2005-12-05,57.46909713745117,57.51422506367814,57.36756145525846,57.51422506367814,134300,TIP
2005-12-06,57.638362884521484,57.683490840637994,57.480419341752494,57.519905227444745,150000,TIP
2005-12-07,57.4183235168457,57.57062486727907,57.367553530944356,57.57062486727907,172600,TIP
2005-12-08,57.660919189453125,57.689120930543965,57.45784771759101,57.50861343373744,125300,TIP
2005-12-09,57.457847595214844,57.649634927321586,57.42400378452264,57.57630523627575,127100,TIP
2005-12-12,57.48040008544922,57.5706516638086,57.36758023295334,57.54808769330942,151800,TIP
2005-12-13,57.58753204345703,57.677787860376625,57.463436750643936,57.615738062152964,180000,TIP
2005-12-14,57.818870544433594,57.92040629412059,57.70041288707189,57.790664495883235,151300,TIP
2005-12-15,57.818870544433594,57.818870544433594,57.64964286040901,57.76810482140948,225900,TIP
2005-12-16,57.858333587646484,57.91474135883853,57.79064168003379,57.81884771744835,196200,TIP
2005-12-19,57.90351104736328,57.959918866797466,57.77941126242363,57.847103227929104,154500,TIP
2005-12-20,57.87527084350586,57.92604086359443,57.73424922629282,57.79065701245039,155600,TIP
2005-12-21,57.818870544433594,57.847076592983946,57.7173347947466,57.818870544433594,114300,TIP
2005-12-22,57.94292449951172,58.01625414272071,57.869590552667354,57.89779657893602,193100,TIP
2005-12-23,58.185508728027344,58.23063666957103,57.80192983218079,57.80192983218079,154500,TIP
2005-12-27,58.25318145751953,58.287029556850406,58.072674041087865,58.11215990394366,302700,TIP
2005-12-28,58.12636184692383,58.27922408829111,58.10371542896709,58.14334558055073,104800,TIP
2005-12-29,58.22829055786133,58.25093698437045,58.058448838089284,58.19998576424809,218200,TIP
2005-12-30,58.2112922668457,58.36981289342017,58.14901568935385,58.313199000981164,128300,TIP
2006-01-03,58.33583450317383,58.39811106900944,58.09239092382436,58.137683757043405,257000,TIP
2006-01-04,58.341468811035156,58.392419984103206,58.20559037746659,58.31882240544039,162400,TIP
2006-01-05,58.171661376953125,58.25658437422275,58.12636853582758,58.18298242755297,169200,TIP
2006-01-06,58.14337158203125,58.21697355314576,58.058452875921425,58.15469695575556,315500,TIP
2006-01-09,58.2112922668457,58.2112922668457,58.04710895521839,58.109385532710235,288300,TIP
2006-01-10,58.08103942871094,58.17162505440006,58.001779165913135,58.05839734164903,209700,TIP
2006-01-11,57.990501403808594,58.182989523021654,57.97918035182813,58.143359362044635,687800,TIP
2006-01-12,58.21693420410156,58.27354807636408,58.013120808467214,58.05841363402186,667800,TIP
2006-01-13,58.37546157836914,58.4547218726475,58.250908453256855,58.29620128409079,141800,TIP
2006-01-17,58.511356353759766,58.53966546283934,58.31320554829363,58.318868233982265,591500,TIP
2006-01-18,58.48306655883789,58.517034042951586,58.34718798365365,58.517034042951586,133700,TIP
2006-01-19,58.437767028808594,58.47739719553838,58.28490472901925,58.34152295523114,437700,TIP
2006-01-20,58.54528045654297,58.590568947068455,58.38675562194349,58.539617775467256,227900,TIP
2006-01-23,58.454742431640625,58.534002753795455,58.31320552502648,58.40379121855406,179100,TIP
2006-01-24,58.313209533691406,58.47173018889837,58.20564009507359,58.31320953369141,122000,TIP
2006-01-25,57.945194244384766,58.22260530270186,57.88858035973919,58.1716541023296,162100,TIP
2006-01-26,57.88860321044922,57.89992426410215,57.752728969792884,57.86029409727054,157900,TIP
2006-01-27,58.041439056396484,58.109378310497235,57.89424381822208,58.098057261161735,129600,TIP
2006-01-30,58.030128479003906,58.103726111372325,57.94520547589367,58.030128479003906,159200,TIP
2006-01-31,58.22829055786133,58.27924609734789,58.007493298602725,58.058448838089284,158800,TIP
2006-02-01,58.052799224853516,58.25661278996925,57.945229754552116,58.177352439020375,257300,TIP
2006-02-02,58.05842208862305,58.13768238520496,58.00180388875407,58.11503596912981,370800,TIP
2006-02-03,58.341468811035156,58.341468811035156,57.95082587340591,58.00177704647396,160000,TIP
2006-02-06,58.38114547729492,58.42643400522426,58.245266935415955,58.25659230692103,151700,TIP
2006-02-07,58.109371185302734,58.392444896969,58.09238745370069,58.352814750110205,118300,TIP
2006-02-08,58.00181198120117,58.143348861896506,57.95086077744501,58.10938139272572,112500,TIP
2006-02-09,58.132049560546875,58.194326156901006,57.94521977148449,57.973528885959794,157100,TIP
2006-02-10,57.89423751831055,58.25657152869439,57.89423751831055,58.17164855015021,172100,TIP
2006-02-13,57.86592102050781,57.95084398819408,57.80364446549532,57.92253489251147,152400,TIP
2006-02-14,57.605525970458984,57.71875377779046,57.57155849213233,57.605525970458984,187100,TIP
2006-02-15,57.662078857421875,57.78663190530568,57.57149757128055,57.69038793898071,159500,TIP
2006-02-16,57.83761978149414,57.8885709736051,57.66211115237878,57.69042024979275,120700,TIP
2006-02-17,58.154693603515625,58.15469360351563,58.01881936220767,58.058449529229335,122700,TIP
2006-02-21,58.030128479003906,58.16600269236228,57.979177268755784,58.11505148211415,140400,TIP
2006-02-22,58.194332122802734,58.222636920815326,58.0584578619936,58.10374640268673,124600,TIP
2006-02-23,58.05842208862305,58.092389553054666,57.9451900082473,58.05842208862305,112500,TIP
2006-02-24,58.11506652832031,58.19998955341744,58.04146455753271,58.1716804385969,135400,TIP
2006-02-27,58.01314926147461,58.21130007125886,57.95087267563332,58.19431633318645,146200,TIP
2006-02-28,58.22829055786133,58.245274297902114,57.97352581852115,58.01315598507105,162200,TIP
2006-03-01,58.109371185302734,58.19995684632973,58.030110891585146,58.15466401581623,136100,TIP
2006-03-02,58.06975555419922,58.0810766049765,57.83763729867832,58.05277181835173,161400,TIP
2006-03-03,58.02444076538086,58.030103448309234,57.86025751535007,57.96216421125327,158700,TIP
2006-03-06,57.62247848510742,57.89988948630063,57.53755551594495,57.89988948630063,133700,TIP
2006-03-07,57.62247848510742,57.62247848510742,57.435648816822315,57.435648816822315,151000,TIP
2006-03-08,57.40171432495117,57.60552784025452,57.362084159162414,57.56589767446576,130800,TIP
2006-03-09,57.30545425415039,57.43566576851702,57.220531259923554,57.38471456359866,172800,TIP
2006-03-10,57.23754119873047,57.29415511434572,57.05071138977172,57.096004250009884,154500,TIP
2006-03-13,57.26583480834961,57.26583480834961,57.107314159809114,57.25450943667459,216900,TIP
2006-03-14,57.543270111083984,57.60554672336118,57.31115172662258,57.31115172662258,184600,TIP
2006-03-15,57.435691833496094,57.52061486626199,57.35077312009508,57.46966363822138,156400,TIP
2006-03-16,57.7470588684082,57.81499813969491,57.44133862666358,57.50927789795028,153400,TIP
2006-03-17,57.68477249145508,57.75271175120972,57.59419113114516,57.74138638156914,153000,TIP
2006-03-20,57.65079879760742,57.831965818032444,57.599843278451566,57.747042832347674,480400,TIP
2006-03-21,57.36774826049805,57.6111919475947,57.28848792696559,57.59986657459621,124100,TIP
2006-03-22,57.45269012451172,57.492320304276305,57.33379526585232,57.43004369045115,216300,TIP
2006-03-23,57.390377044677734,57.51492587382373,57.35074689009426,57.49228377351565,92100,TIP
2006-03-24,57.66777801513672,57.68476174707125,57.42433444556347,57.45264354502911,135300,TIP
2006-03-27,57.4809684753418,57.57721253628434,57.39038710014988,57.57721253628434,119900,TIP
2006-03-28,57.20353698730469,57.37337862510839,57.12993937619263,57.32242742957591,135600,TIP
2006-03-29,57.09600067138672,57.20923281488504,57.045049446335945,57.13563084176998,190900,TIP
2006-03-30,56.971435546875,57.05069587104923,56.795931160398304,57.033712132920996,244200,TIP
2006-03-31,56.98278045654297,57.08468723961744,56.846906185565416,56.977117768770725,138900,TIP
2006-04-03,56.90592956542969,57.0197396879294,56.71813895588508,56.769356550114466,194000,TIP
2006-04-04,56.860416412353516,57.05389887348205,56.76367735257867,56.9343969158345,125300,TIP
2006-04-05,57.053890228271484,57.10510348454073,56.87747888188386,56.905933585307785,904600,TIP
2006-04-06,56.89456558227539,56.95147065882054,56.803513986539926,56.94577884869231,107500,TIP
2006-04-07,56.66691970825195,56.76365873630015,56.56448887220757,56.66122790025577,219100,TIP
2006-04-10,56.7067756652832,56.76368074257397,56.598652979325365,56.678320955848264,733000,TIP
2006-04-11,56.93438720703125,56.95714575944418,56.80919346086963,56.90593250414794,230800,TIP
2006-04-12,56.73521041870117,56.92869283813526,56.678305357071594,56.8774752435641,110100,TIP
2006-04-13,56.38239288330078,56.536036974189074,56.33686710023105,56.3937721582794,239900,TIP
2006-04-17,56.67831039428711,56.72383618426799,56.45068578596099,56.45068578596099,171000,TIP
2006-04-18,56.86610794067383,56.95715519013502,56.73522236394852,56.75229779345264,173000,TIP
2006-04-19,56.92302322387695,56.951477936575245,56.67832745604235,56.79782943453186,145800,TIP
2006-04-20,56.729522705078125,56.94007186635028,56.68968872795276,56.917308973481795,159200,TIP
2006-04-21,56.93438720703125,56.93438720703125,56.64985754451051,56.735212970004255,145700,TIP
2006-04-24,56.87748336791992,57.002677126334376,56.82057829816204,56.84903300383024,135300,TIP
2006-04-25,56.45640563964844,56.78076945662693,56.39950054469406,56.65557564277901,140900,TIP
2006-04-26,56.39377975463867,56.42223445828457,56.285661432256354,56.291348899722955,122900,TIP
2006-04-27,56.64414596557617,56.666908851622466,56.27425666508302,56.28564027889446,231800,TIP
2006-04-28,56.84901809692383,56.905923151760106,56.62139353600131,56.683990398794435,133300,TIP
2006-05-01,56.66314697265625,56.85187266814202,56.66314697265625,56.85187266814202,165300,TIP
2006-05-02,56.78898239135742,56.78898239135743,56.56022429557154,56.60025663509423,162000,TIP
2006-05-03,56.62884521484375,56.73750628543156,56.5030324148759,56.70891425220148,183100,TIP
2006-05-04,56.41154861450195,56.64030678220892,56.400112669556215,56.63458662813648,177100,TIP
2006-05-05,56.73175048828125,56.78322309687056,56.59449747070104,56.70315847301587,172500,TIP
2006-05-08,56.73175048828125,56.78894324520154,56.62309384916119,56.78894324520154,129800,TIP
2006-05-09,56.81758499145508,56.85190154828261,56.703208103892855,56.76039654767397,139400,TIP
2006-05-10,56.95480728149414,57.04059208230262,56.8175542181183,56.84043045588031,156200,TIP
2006-05-11,56.98344421386719,56.98344421386719,56.81759464448592,56.87478309798308,168900,TIP
2006-05-12,56.78898239135742,56.931955655823884,56.760385993185025,56.78898239135743,182600,TIP
2006-05-15,56.76034927368164,56.869010280604265,56.62309625028117,56.6631285639061,124500,TIP
2006-05-16,56.97774124145508,56.98346139748952,56.76042330735295,56.7661434633874,143000,TIP
2006-05-17,56.78898239135742,56.86904707040282,56.663165220515296,56.81757442633206,416100,TIP
2006-05-18,57.1378288269043,57.13782882690429,56.94910309930712,56.98913543274921,198800,TIP
2006-05-19,57.09210968017578,57.269395208485925,56.94341619919327,56.960572300229785,269200,TIP
2006-05-22,57.17788314819336,57.257947845866546,57.10353424092627,57.17788314819336,159700,TIP
2006-05-23,57.12638854980469,57.154984943646376,56.96053906455651,57.01201170083213,187200,TIP
2006-05-24,57.1035270690918,57.30368878813574,57.103527069091804,57.217908310829934,164600,TIP
2006-05-25,57.097816467285156,57.235073980330775,57.034912227804625,57.15500927932032,113000,TIP
2006-05-26,57.24644470214844,57.26932092825911,57.0462831776726,57.057719109130936,227300,TIP
2006-05-30,57.097816467285156,57.160725069964656,57.05206832613559,57.074944578309854,146000,TIP
2006-05-31,57.017730712890625,57.23505284670207,56.94338619317465,57.189300359247305,195500,TIP
2006-06-01,57.060302734375,57.09480665308659,56.916530556305155,57.02004670001859,255900,TIP
2006-06-02,57.49739456176758,57.53765061235144,57.34211808981522,57.39387837632616,134800,TIP
2006-06-05,57.35353469848633,57.543310425530855,57.29602238188171,57.50880654562708,198200,TIP
2006-06-06,57.27306365966797,57.33057602178889,57.221307798851804,57.27881577339551,363100,TIP
2006-06-07,57.077545166015625,57.106301351860914,57.02578929658763,57.083297280700265,441400,TIP
2006-06-08,57.117774963378906,57.296050948531544,57.08901879073935,57.10052301482555,284900,TIP
2006-06-09,57.34782409667969,57.37657588821831,57.152291731363256,57.2213039286944,172700,TIP
2006-06-12,57.3363151550293,57.3363151550293,57.22129922317916,57.22705133604463,179600,TIP
2006-06-13,57.376564025878906,57.399568086899976,57.22704421060601,57.37656402587891,213100,TIP
2006-06-14,57.158042907714844,57.278810960381904,57.11203477691495,57.26155900822616,224800,TIP
2006-06-15,57.03727340698242,57.20980169931341,57.02002145526466,57.15804145658342,221900,TIP
2006-06-16,57.054508209228516,57.19252816906116,57.03150415132717,57.16377638736604,162800,TIP
2006-06-19,56.933780670166016,57.01429273626906,56.847516488604604,56.94528051350422,272300,TIP
2006-06-20,56.88203430175781,56.92803807037882,56.830274029137684,56.88203430175781,145600,TIP
2006-06-21,56.90502166748047,56.94527769854202,56.85326579364917,56.933777855772284,234400,TIP
2006-06-22,56.78421401977539,56.893482194076725,56.76120996268167,56.87047813698301,280900,TIP
2006-06-23,56.709468841552734,56.830236881953766,56.64620876502223,56.77272891808324,205200,TIP
2006-06-26,56.64620590209961,56.72096581259527,56.55994176686544,56.70371386306367,127900,TIP
2006-06-27,56.73821258544922,56.81872459474237,56.65769618858063,56.75546453207269,331900,TIP
2006-06-28,56.61173629760742,56.75550848090076,56.53122422596947,56.73250440506436,246600,TIP
2006-06-29,56.956764221191406,56.96251633457711,56.65771575121177,56.69797176975784,235700,TIP
2006-06-30,57.261573791503906,57.26732590623313,56.8360094406787,56.8360094406787,150000,TIP
2006-07-03,57.14359664916992,57.17829872733996,56.993237155224755,57.12624781619285,114000,TIP
2006-07-05,56.923805236816406,56.96428729495372,56.79657465060957,56.95850288315884,295200,TIP
2006-07-06,57.12043380737305,57.13200263150796,56.91802350714834,56.958505567193285,134100,TIP
2006-07-07,57.28816604614258,57.369130193913676,57.23611955638194,57.2823860443126,155900,TIP
2006-07-10,57.2939453125,57.2939453125,57.166714688229526,57.230330000364766,144400,TIP
2006-07-11,57.334415435791016,57.46164603355004,57.28236896155168,57.345984260431194,145600,TIP
2006-07-12,57.322872161865234,57.34600540746243,57.143590611540816,57.18407268828205,178400,TIP
2006-07-13,57.548423767089844,57.57155701589319,57.32288010652727,57.33444452482092,277300,TIP
2006-07-14,57.588890075683594,57.65828539087001,57.51370593461185,57.56575683321651,282500,TIP
2006-07-17,57.62934875488281,57.62934875488282,57.48476935731021,57.559949055651266,133500,TIP
2006-07-18,57.340232849121094,57.47324352353799,57.299750764009474,57.467463520105156,112600,TIP
2006-07-19,57.704551696777344,57.71612052408242,57.195633600724854,57.22454684455787,196500,TIP
2006-07-20,57.88378143310547,57.88956584202356,57.60040716707617,57.61775598161922,508400,TIP
2006-07-21,57.710330963134766,57.953223368299305,57.66406448247072,57.912741300771884,135700,TIP
2006-07-24,57.664058685302734,57.76237163766925,57.606227796393846,57.70454074876036,190700,TIP
2006-07-25,57.77397537231445,57.79710862429892,57.600478188539284,57.60626260458957,154500,TIP
2006-07-26,57.96482849121094,57.98217732926991,57.7739824481279,57.7739824481279,117300,TIP
2006-07-27,57.976375579833984,58.03420649348041,57.92432908121696,58.02264207563748,153000,TIP
2006-07-28,58.14982223510742,58.248135144152045,58.07463814166337,58.12090459728862,131600,TIP
2006-07-31,58.12671661376953,58.161414265861616,57.98791718097292,58.12093220101614,111600,TIP
2006-08-01,58.226749420166016,58.23256192145596,58.04645982862821,58.04645982862821,140000,TIP
2006-08-02,58.360511779785156,58.360511779785156,58.16859273602369,58.18604355211269,112300,TIP
2006-08-03,58.331451416015625,58.42450027469059,58.21513479639023,58.30237115185294,196400,TIP
2006-08-04,58.7269172668457,58.7269172668457,58.53499817805588,58.62223453087173,370300,TIP
2006-08-07,58.7094841003418,58.726934925772525,58.66296187693951,58.703671595558106,227900,TIP
2006-08-08,58.80251693725586,58.860673024019874,58.63386117972271,58.709463648813426,136500,TIP
2006-08-09,58.825767517089844,58.953713542471235,58.73853118732762,58.76179450439914,189100,TIP
2006-08-10,58.7269172668457,58.814149182636335,58.59315426759137,58.79670279947821,128800,TIP
2006-08-11,58.58731460571289,58.64547067269381,58.56405129151582,58.58731460571289,200200,TIP
2006-08-14,58.44778823852539,58.52339074538473,58.38963212270843,58.51757823972209,185600,TIP
2006-08-15,58.65133285522461,58.70948896706823,58.5640964689457,58.581547295823015,381100,TIP
2006-08-16,58.761837005615234,58.90141257197248,58.73857367171782,58.89559562924131,137100,TIP
2006-08-17,58.692020416259766,58.88975644629916,58.65131070963772,58.85485924274794,162400,TIP
2006-08-18,58.895572662353516,58.9130234837419,58.732733825599404,58.732733825599404,123600,TIP
2006-08-21,59.04677963256836,59.04677963256836,58.89557024591831,58.92465051001363,114100,TIP
2006-08-22,59.134033203125,59.168925980577214,59.02935043374173,59.06424321119395,130500,TIP
2006-08-23,59.04677963256836,59.12819904760484,58.971177157756,59.11075266395778,145100,TIP
2006-08-24,58.94209671020508,59.09912303659051,58.88975755942681,59.09912303659051,134000,TIP
2006-08-25,59.07583236694336,59.08746180494689,58.94206942627477,58.959515801791696,80500,TIP
2006-08-28,58.895572662353516,58.947916252467635,58.83741656880212,58.930469868104765,154700,TIP
2006-08-29,58.913002014160156,58.92463145382212,58.662926909700715,58.790868494078,249600,TIP
2006-08-30,58.965335845947266,58.976969721587004,58.82576039743488,58.96533584594726,111700,TIP
2006-08-31,59.093299865722656,59.13982650841455,59.00024658033885,59.02932684127751,159700,TIP
2006-09-01,59.07109832763672,59.14128341717071,58.98336808125564,59.018462857095486,316300,TIP
2006-09-05,58.819583892822266,58.95994955380393,58.78449359311283,58.9307091247607,178200,TIP
2006-09-06,58.79035186767578,58.79035186767578,58.64998617597563,58.68507648336445,158200,TIP
2006-09-07,58.69673538208008,58.76107054228739,58.63240022187277,58.67919024059478,154200,TIP
2006-09-08,58.66168212890625,58.77865278740643,58.66168212890625,58.77280291583804,131700,TIP
2006-09-11,58.50959777832031,58.679208301786595,58.43941272863467,58.66750856243407,188400,TIP
2006-09-12,58.620750427246094,58.64999086502624,58.4335946693012,58.46868497949548,176200,TIP
2006-09-13,58.7494010925293,58.80204100626348,58.66167533987913,58.71431079146923,159500,TIP
2006-09-14,58.761112213134766,58.87223747086932,58.696777007303695,58.79035264896574,104100,TIP
2006-09-15,58.57393264770508,58.772783594211816,58.52129274518421,58.749388577774,245500,TIP
2006-09-18,58.533023834228516,58.54471911763974,58.36926309359817,58.392653660420635,127900,TIP
2006-09-19,58.667545318603516,58.743580285602555,58.61490984496967,58.66754531860351,223100,TIP
2006-09-20,58.585636138916016,58.69091149657487,58.55054584041099,58.69091149657487,181200,TIP
2006-09-21,58.92484664916992,58.92484664916992,58.573930340710156,58.573930340710156,137800,TIP
2006-09-22,59.11199951171875,59.12954465698939,59.00087430881438,59.041814468493456,90900,TIP
2006-09-25,59.27578353881836,59.33426886684456,59.135417859126576,59.1705081635134,172000,TIP
2006-09-26,59.182193756103516,59.31670953218697,59.14125359005941,59.264074088191734,210600,TIP
2006-09-27,59.17047882080078,59.42196962252891,59.15878354585305,59.41027434758118,197300,TIP
2006-09-28,59.182193756103516,59.19973890410193,59.08276381387344,59.18803916400736,162900,TIP
2006-09-29,59.15879440307617,59.27576502258995,59.035973913943764,59.23482485954582,123000,TIP
2006-10-02,59.22110366821289,59.326855815141414,59.115351521284374,59.16822535357229,278600,TIP
2006-10-03,59.01544952392578,59.28570839727233,59.00957764406901,59.256331068584345,256100,TIP
2006-10-04,59.24456787109375,59.291569795745254,59.08006561716374,59.10356657948949,126100,TIP
2006-10-05,59.150550842285156,59.30917668768183,59.068299739879635,59.30917668768183,100200,TIP
2006-10-06,58.98021697998047,59.050719899341296,58.82159101435899,59.02721892622102,156200,TIP
2006-10-09,58.86269760131836,58.944948739520136,58.77457010114477,58.91557141201199,94900,TIP
2006-10-10,58.62770080566406,58.756953893407605,58.57482250506374,58.756953893407605,193000,TIP
2006-10-11,58.457332611083984,58.68058513203225,58.36920508253651,58.63358766817892,195300,TIP
2006-10-12,58.46321105957031,58.53958586311353,58.375083527880484,58.46321105957032,172900,TIP
2006-10-13,58.36330795288086,58.40443800294084,58.23993124975302,58.38680891762198,206200,TIP
2006-10-16,58.41029357910156,58.4572954954648,58.35154342482224,58.45141913533203,144700,TIP
2006-10-17,58.404457092285156,58.63945785180431,58.357455147440454,58.57483129823089,181500,TIP
2006-10-18,58.28107833862305,58.486710735452995,58.28107833862305,58.416207815195385,251000,TIP
2006-10-19,58.298702239990234,58.36332430819915,58.19295011019533,58.228199326009644,161200,TIP
2006-10-20,58.292816162109375,58.3104407670794,58.22231325987806,58.292816162109375,110700,TIP
2006-10-23,58.122432708740234,58.14005731225432,57.987303277880855,58.01080424334992,276700,TIP
2006-10-24,58.210548400878906,58.210548400878906,58.05779439749099,58.05779439749099,182600,TIP
2006-10-25,58.48080825805664,58.53955842419474,58.19880118530325,58.2340548708664,178700,TIP
2006-10-26,58.76869201660156,58.809817584497026,58.62181434806768,58.62181434806768,443500,TIP
2006-10-27,58.89795684814453,58.96845975677144,58.8098293329488,58.89795684814453,168800,TIP
2006-10-30,58.792198181152344,58.85094835729174,58.75107260961966,58.83920011500431,124500,TIP
2006-10-31,59.115352630615234,59.115352630615234,58.79221981939414,58.809844430487516,249200,TIP
2006-11-01,59.31797790527344,59.36524430741249,59.03438400001135,59.14073115103811,152200,TIP
2006-11-02,59.164363861083984,59.19981140860798,59.099373685575216,59.19390648906875,130500,TIP
2006-11-03,58.83351135253906,58.88668267679709,58.727164196450566,58.87486832948612,179100,TIP
2006-11-06,59.00483322143555,59.016647565649755,58.744872573010625,58.78622953911721,160300,TIP
2006-11-07,59.2175407409668,59.30025469170561,59.1289173630117,59.187998112457684,152100,TIP
2006-11-08,59.323883056640625,59.32388305664063,59.17026951454658,59.18799328717822,156700,TIP
2006-11-09,59.43614959716797,59.43614959716797,59.294354874003275,59.31798807912622,128400,TIP
2006-11-10,59.412506103515625,59.512948334787694,59.39478232963591,59.483405706606696,136800,TIP
2006-11-13,59.27663040161133,59.312077955093386,59.12892625200555,59.30026360645701,234300,TIP
2006-11-14,59.347530364990234,59.377073000358045,59.27663525222478,59.30617338001929,163400,TIP
2006-11-15,59.17027282714844,59.27661997646395,59.15845397301776,59.229353575085476,203600,TIP
2006-11-16,58.839385986328125,59.13479410034541,58.81575730386844,59.12888918351553,289400,TIP
2006-11-17,58.95758819580078,59.05802593451973,58.81579347598738,58.81579347598738,335900,TIP
2006-11-20,58.97530746459961,59.046207072873585,58.93395048666625,59.046207072873585,200500,TIP
2006-11-21,59.06983947753906,59.11710137484396,58.91031648797105,58.998939870223005,219300,TIP
2006-11-22,59.14664840698242,59.18800538743514,59.08165822233203,59.099381998587084,206400,TIP
2006-11-24,59.288429260253906,59.400685827048925,59.247072289472335,59.247072289472335,131100,TIP
2006-11-27,59.382965087890625,59.424322060784476,59.19980891572756,59.21162776945265,214000,TIP
2006-11-28,59.58974075317383,59.58974075317383,59.382955920627026,59.51293624610538,276100,TIP
2006-11-29,59.512977600097656,59.67840558108662,59.46571117479383,59.560239517827064,162000,TIP
2006-11-30,59.74928283691406,59.814273025370795,59.56022169983258,59.58976433370312,155700,TIP
2006-12-01,59.93833541870117,60.056501429743854,59.672469782106894,59.761093163495794,275400,TIP
2006-12-04,59.95607376098633,59.967888110286694,59.867450364727425,59.90880734863848,164600,TIP
2006-12-05,59.91468811035156,60.03284957711256,59.79061271041019,60.03284957711256,223800,TIP
2006-12-06,59.70790100097656,59.83197189795753,59.70199608271879,59.78471001403943,227000,TIP
2006-12-07,59.62519836425781,59.70791231124669,59.613384017933136,59.70200739187037,175100,TIP
2006-12-08,59.442081451416016,59.67249965382978,59.406633884144576,59.66068530059753,133500,TIP
2006-12-11,59.57792282104492,59.595651099169444,59.477485116196085,59.58974167312794,172200,TIP
2006-12-12,59.58384704589844,59.63702287833654,59.49522366354991,59.63702287833654,150900,TIP
2006-12-13,59.347530364990234,59.48342017707953,59.27663525222478,59.43615376352036,219000,TIP
2006-12-14,59.288429260253906,59.365238282828074,59.247072289472335,59.30024811337535,188200,TIP
2006-12-15,58.993064880371094,59.41254432649402,58.993064880371094,59.34755410874222,231200,TIP
2006-12-18,58.88669204711914,59.01667242608509,58.798068651681156,58.98712979174805,221500,TIP
2006-12-19,58.84535217285156,58.93988502415696,58.83353782022561,58.863075955577706,198500,TIP
2006-12-20,58.809871673583984,58.85122864597638,58.74488150159994,58.7980528200022,200100,TIP
2006-12-21,58.939842224121094,58.96347541978585,58.75078116637422,58.80986190175052,575700,TIP
2006-12-22,58.6976203918457,58.85123394924803,58.6503539884031,58.85123394924803,248500,TIP
2006-12-26,58.66218185424805,58.78625280166441,58.63854864889641,58.66809128247922,188000,TIP
2006-12-27,58.449485778808594,58.6917182382204,58.19543446328524,58.638546908437156,386900,TIP
2006-12-28,58.34315872192383,58.49086292121984,58.14818809703523,58.49086292121984,490700,TIP
2006-12-29,58.37269592285156,58.4435910470566,58.26634872896997,58.34906271225854,284200,TIP
2007-01-03,58.62672805786133,58.727165789232174,58.473114493217814,58.69762315879485,521800,TIP
2007-01-04,58.668094635009766,58.77444181138276,58.603104443472205,58.697632762707485,274800,TIP
2007-01-05,58.502620697021484,58.56761084246691,58.313559685063,58.36673548932293,150300,TIP
2007-01-08,58.54397964477539,58.567612835520706,58.360828050962056,58.50262268786366,239500,TIP
2007-01-09,58.502620697021484,58.52034897015485,58.39627359607171,58.502620697021484,180500,TIP
2007-01-10,58.35490417480469,58.396261121474375,58.28991855081156,58.37263244415094,237700,TIP
2007-01-11,58.159969329833984,58.307673433570805,58.02407957106463,58.26040703855786,451500,TIP
2007-01-12,57.92364501953125,58.02408273372959,57.76412205456046,58.02408273372959,259600,TIP
2007-01-16,58.0240478515625,58.06540479769771,57.95905772084017,58.000414666975374,343100,TIP
2007-01-17,58.01820373535156,58.130460361607184,57.94730860935781,58.065470157730154,161800,TIP
2007-01-18,58.059532165527344,58.15997439056262,57.95909444806399,58.01227027397348,178300,TIP
2007-01-19,58.159969329833984,58.17178367480146,57.988632028590686,58.07134596607759,168000,TIP
2007-01-22,58.2545280456543,58.33724202635269,58.20135670416557,58.24271369451476,152300,TIP
2007-01-23,58.24857711791992,58.331295547260616,58.171772621296526,58.22494843247478,152400,TIP
2007-01-24,58.32538986206055,58.38447059460313,58.20722388940442,58.26630912951796,132400,TIP
2007-01-25,58.14813232421875,58.384459717933694,58.035880305571,58.384459717933694,175900,TIP
2007-01-26,58.10089874267578,58.213155332263966,58.02409421207857,58.041817987787724,207200,TIP
2007-01-29,58.041839599609375,58.16000566095718,57.988668252683624,58.136372448687624,252900,TIP
2007-01-30,58.2072639465332,58.224992235310104,58.059559759744054,58.059559759744054,188200,TIP
2007-01-31,58.508575439453125,58.508575439453125,58.19544331844383,58.21316709773513,131500,TIP
2007-02-01,58.31358337402344,58.715338751088176,58.27813582849687,58.55582028864672,242600,TIP
2007-02-02,58.41994857788086,58.41994857788086,58.31360140085352,58.319510829458736,177300,TIP
2007-02-05,58.449485778808594,58.51447596470337,58.372681244375165,58.490842760053184,164000,TIP
2007-02-06,58.449485778808594,58.490842760053184,58.313595978963264,58.3667718163194,147600,TIP
2007-02-07,58.54991912841797,58.57946175890912,58.46720517212982,58.56173798364345,176300,TIP
2007-02-08,58.49082946777344,58.54991021218611,58.43174872336077,58.473105695206826,368600,TIP
2007-02-09,58.34315872192383,58.47904856860892,58.26635416101671,58.47904856860892,425300,TIP
2007-02-12,58.19541931152344,58.33721399493397,58.17178611302639,58.26631890701456,164200,TIP
2007-02-13,58.201351165771484,58.26043193099485,58.13636097175376,58.26043193099485,182800,TIP
2007-02-14,58.585365295410156,58.60899398834001,58.33131402447937,58.3490377979628,144900,TIP
2007-02-15,58.567657470703125,58.715361644750914,58.532209911355224,58.715361644750914,265800,TIP
2007-02-16,58.76259231567383,58.81576812992131,58.53217430493356,58.608978805990006,227300,TIP
2007-02-20,58.768558502197266,58.768558502197266,58.60313048933194,58.67402563337406,173600,TIP
2007-02-21,58.851226806640625,58.88667435113425,58.75669401122858,58.798050982328405,213200,TIP
2007-02-22,58.81581115722656,58.81581115722657,58.70946395850315,58.79808286779414,140200,TIP
2007-02-23,58.98712158203125,59.14664457313212,58.928040829153055,58.93395025671263,170800,TIP
2007-02-26,59.235267639160156,59.30025781925004,59.13482540147512,59.13482540147512,450700,TIP
2007-02-27,59.7610969543457,59.92652487272669,59.317984526865494,59.359341506460744,275400,TIP
2007-02-28,59.66655731201172,59.67246673915561,59.15845475936957,59.625200337148854,395900,TIP
2007-03-01,59.75425338745117,59.831269932894386,59.078863619670415,59.81942297206296,280800,TIP
2007-03-02,59.872745513916016,59.94976658508403,59.71278667074908,59.83720010877135,166000,TIP
2007-03-05,59.83127212524414,60.009008184337226,59.807573682697345,60.00308244369659,321900,TIP
2007-03-06,59.748313903808594,59.83718190965753,59.689070073247485,59.71869424853531,172100,TIP
2007-03-07,59.83721923828125,59.89053736304366,59.68910730947363,59.83721923828125,166800,TIP
2007-03-08,59.78385925292969,59.819404644549124,59.67129281944923,59.78385925292969,150600,TIP
2007-03-09,59.51132583618164,59.641664957409965,59.44023505733995,59.63574373918243,155400,TIP
2007-03-12,59.564674377441406,59.606145523162084,59.48765782682183,59.4995047884495,98600,TIP
2007-03-13,59.80165481567383,59.88459710784408,59.64169145219126,59.65946415479689,115900,TIP
2007-03-14,59.807621002197266,59.98535720191437,59.724678647667766,59.83131946349417,154400,TIP
2007-03-15,59.789791107177734,59.872733382386656,59.72462153094001,59.86681216273959,112900,TIP
2007-03-16,59.82534408569336,59.93790602494108,59.76609572607166,59.7897941659173,108800,TIP
2007-03-19,59.81939697265625,59.837169666186604,59.67721090439982,59.80754549696027,130600,TIP
2007-03-20,59.83127212524414,59.955685558603,59.777954019525666,59.943838597337475,116100,TIP
2007-03-21,60.056419372558594,60.133435939166255,59.70094716971263,59.73649710200732,140400,TIP
2007-03-22,59.878684997558594,60.086040775186014,59.81351539315898,60.062342326311885,99500,TIP
2007-03-23,59.83721923828125,60.00902961810018,59.77797537076167,59.91423581405497,157200,TIP
2007-03-26,60.050479888916016,60.12157521721955,59.783880317805405,59.83719842402122,200100,TIP
2007-03-27,60.032718658447266,60.09196251667984,59.93792486926183,59.9912475056828,190800,TIP
2007-03-28,59.94973373413086,60.22818464188911,59.8608657499507,60.139316657708946,176800,TIP
2007-03-29,59.872745513916016,59.955687805930864,59.8312743679086,59.91421665992344,96800,TIP
2007-03-30,59.860836029052734,60.00894775581108,59.75419540498628,59.91415408108036,139500,TIP
2007-04-02,59.88409423828125,60.64520602679399,59.77111514772311,60.16356596550355,168400,TIP
2007-04-03,59.622398376464844,59.836461411517675,59.59267017172825,59.836461411517675,181600,TIP
2007-04-04,59.81269836425781,59.830540737628866,59.55106919703632,59.723509180307914,129500,TIP
2007-04-05,59.800819396972656,59.866227835405105,59.7770340978534,59.85433745413645,79700,TIP
2007-04-09,59.53321838378906,59.68781595999196,59.49159526149134,59.65808775068221,128000,TIP
2007-04-10,59.67593765258789,59.735398619813004,59.59863884885335,59.61052922766597,120700,TIP
2007-04-11,59.58081817626953,59.75920567949811,59.5689277931262,59.675959387746815,154400,TIP
2007-04-12,59.58081817626953,59.74136783649178,58.98025629100414,59.699744690616136,210100,TIP
2007-04-13,59.43214797973633,59.86622170519575,59.426205058001514,59.65810602994047,109800,TIP
2007-04-16,59.622398376464844,59.634293287622995,59.42617770814925,59.53915214467535,216400,TIP
2007-04-17,59.65815353393555,59.75329025984327,59.61058290268914,59.61058290268914,145700,TIP
2007-04-18,59.85434341430664,59.85434341430664,59.70568868244506,59.73541690686794,169600,TIP
2007-04-19,59.82462692260742,59.89003538534094,59.72354276623148,59.89003538534094,121500,TIP
2007-04-20,59.848392486572266,59.854339945745146,59.68189992238873,59.81271226811713,150300,TIP
2007-04-23,59.98515701293945,60.02678015726152,59.77704129132913,59.84244973763273,127000,TIP
2007-04-24,60.08626174926758,60.139775290600205,59.98517305466647,60.00301543836104,149100,TIP
2007-04-25,60.09218978881836,60.79978779283257,60.00300057535655,60.056514103433635,226800,TIP
2007-04-26,59.92569351196289,60.10408100104853,59.86623252779511,60.08624315945642,188200,TIP
2007-04-27,59.9376220703125,60.07438195699568,59.93762207031249,60.04465371651817,144700,TIP
2007-04-30,60.25869369506836,60.2646411559445,60.09220108320377,60.11598639012492,422600,TIP
2007-05-01,60.25034713745117,60.33987739416906,60.065307314398396,60.32794154458322,178800,TIP
2007-05-02,60.244346618652344,60.32791118548954,60.16675225056847,60.32791118548954,283500,TIP
2007-05-03,60.09511947631836,60.18465423587338,60.041396799014535,60.18465423587338,110200,TIP
2007-05-04,60.12502670288086,60.24440346703073,60.10115043926456,60.196650939798126,115200,TIP
2007-05-07,60.08321762084961,60.13693577461317,59.975776759392865,60.09515347037608,140200,TIP
2007-05-08,60.15481948852539,60.196601777247416,60.07125491108132,60.196601777247416,164100,TIP
2007-05-09,59.963844299316406,60.184696253214085,59.94593824568988,60.17872605069517,129800,TIP
2007-05-10,60.09511947631836,60.14883759969515,60.011554915114225,60.08318363354365,130500,TIP
2007-05-11,59.98767852783203,60.23837221082675,59.98170832949586,60.184654087582324,115300,TIP
2007-05-14,59.892189025878906,60.095134836337365,59.89218902587891,60.07722879063507,129000,TIP
2007-05-15,59.7310676574707,59.82657269990144,59.62959696533634,59.80866208899737,167200,TIP
2007-05-16,59.67133331298828,59.77877412598649,59.65939291491762,59.74295748570204,232900,TIP
2007-05-17,59.647464752197266,59.70118288865042,59.581806216135746,59.65343495200144,111500,TIP
2007-05-18,59.49228286743164,59.689258513469056,59.432594519703976,59.62957016574139,116300,TIP
2007-05-21,59.64146041870117,59.64146041870117,59.40867285277562,59.468361154872454,139100,TIP
2007-05-22,59.40867233276367,59.61758366523676,59.33704819244461,59.593707433821905,195100,TIP
2007-05-23,59.4027099609375,59.45046243005715,59.2475212671878,59.42658619549733,233800,TIP
2007-05-24,59.47439193725586,59.510204044210305,59.26548039013794,59.46245608624776,247800,TIP
2007-05-25,59.55796813964844,59.58184440023854,59.444557040328235,59.474403504548626,194500,TIP
2007-05-29,59.37887191772461,59.50421880472663,59.31917902054669,59.49227840371957,249600,TIP
2007-05-30,59.432594299316406,59.5221290975404,59.343059501092405,59.51615889661107,137000,TIP
2007-05-31,59.46841812133789,59.528111034541794,59.27741263930317,59.528111034541794,181100,TIP
2007-06-01,59.26874923706055,59.388668522252225,59.24476538002221,59.35269044946823,207300,TIP
2007-06-04,59.424617767333984,59.47857799280746,59.29870600011144,59.358663331010106,174500,TIP
2007-06-05,59.208778381347656,59.352676916314,59.148821039649334,59.328693064744286,156200,TIP
2007-06-06,59.25676345825195,59.29873406719153,59.17282224037281,59.22078538312283,143200,TIP
2007-06-07,58.741092681884766,59.130822184786425,58.711111729949636,59.12482507950919,396800,TIP
2007-06-08,58.84903335571289,58.92098034037012,58.675153852037525,58.71112734436615,287400,TIP
2007-06-11,58.723148345947266,58.84306309137918,58.669183508384876,58.699164481970016,185800,TIP
2007-06-12,58.35737991333008,58.57323003140347,58.28542834915476,58.531259429247676,313100,TIP
2007-06-13,58.573246002197266,58.66917687280199,58.411356082274445,58.411356082274445,362200,TIP
2007-06-14,58.609195709228516,58.81904869201823,58.56122800617602,58.6391766672493,235900,TIP
2007-06-15,58.78304672241211,58.7830467224121,58.51323195430219,58.59717768119952,262600,TIP
2007-06-18,58.735084533691406,58.8130285898369,58.609172793248625,58.76506547998976,185900,TIP
2007-06-19,59.046897888183594,59.136831620795924,58.84903452753183,58.891005127568356,483200,TIP
2007-06-20,58.82506561279297,58.932990693787936,58.747121499917405,58.90900683418311,247600,TIP
2007-06-21,58.80106735229492,58.91498951390393,58.759096751878815,58.759096751878815,149500,TIP
2007-06-22,59.04088592529297,59.094846151282866,58.69912410400345,58.74709179896192,183200,TIP
2007-06-25,59.17879867553711,59.2507502317688,59.058883989603,59.190792888801745,253700,TIP
2007-06-26,59.05889129638672,59.24476045491599,58.99893394600171,59.23876792199432,173800,TIP
2007-06-27,59.088844299316406,59.28071047443328,59.06486045562049,59.220748577968266,112500,TIP
2007-06-28,58.992950439453125,59.21479771892238,58.992950439453125,59.16682999777438,162800,TIP
2007-06-29,59.34071350097656,59.418657622183424,59.106876562902016,59.268761914471334,147200,TIP
2007-07-02,59.519561767578125,59.56774221720636,59.27264040928889,59.362977603656674,239400,TIP
2007-07-03,59.2786979675293,59.567776235647216,59.272674259200556,59.549705110661,176300,TIP
2007-07-05,59.0317497253418,59.2124241354083,58.9895929756251,59.194357613349865,149400,TIP
2007-07-06,58.90530776977539,58.98360219595668,58.85713188605996,58.941445425991105,103500,TIP
2007-07-09,59.09192657470703,59.11601678156696,59.007613148065815,59.04374616098715,126300,TIP
2007-07-10,59.561744689941406,59.57378751027104,59.314823223129196,59.42925069260242,166300,TIP
2007-07-11,59.30272674560547,59.57373360786955,59.26057002048132,59.50146756179296,100300,TIP
2007-07-12,59.10398483276367,59.381015391973406,59.06182810842172,59.37499168999931,221400,TIP
2007-07-13,59.19435501098633,59.31480154924139,59.043794540797045,59.26662569078391,143600,TIP
2007-07-16,59.375003814697266,59.417165142387134,59.224443397768134,59.254557319049674,100200,TIP
2007-07-17,59.32685470581055,59.393101686689235,59.140156580270016,59.30276447687818,152000,TIP
2007-07-18,59.555667877197266,59.6520287328807,59.387040974489736,59.4111311884106,150600,TIP
2007-07-19,59.6279182434082,59.63996104890442,59.435201192310274,59.44122029768992,121600,TIP
2007-07-20,59.8568000793457,59.92304703158288,59.68214944115126,59.724306174871344,145600,TIP
2007-07-23,59.73035430908203,59.784553876859675,59.6219505787855,59.754444537452514,380300,TIP
2007-07-24,59.91701889038086,59.995313243447235,59.67010220966293,59.79054869858792,252400,TIP
2007-07-25,60.097721099853516,60.11578762210002,59.947160621477714,59.96522714372422,135100,TIP
2007-07-26,60.380760192871094,60.55541085478089,60.26633278806193,60.30848952750636,444900,TIP
2007-07-27,60.47109603881836,60.567452329100824,60.272355159514674,60.35064493254042,308600,TIP
2007-07-30,60.40486145019531,60.579507549271696,60.374747518773404,60.50121776021191,260900,TIP
2007-07-31,60.70595169067383,60.711970798122096,60.380740693665324,60.40483090767393,327600,TIP
2007-08-01,60.45490264892578,60.76945483690255,60.44280182528514,60.64847429116809,261700,TIP
2007-08-02,60.48515319824219,60.55169389142312,60.291581531292024,60.424662917653876,122500,TIP
2007-08-03,60.67271423339844,60.72715413294732,60.533582353803645,60.58197645236838,161000,TIP
2007-08-06,60.27347183227539,60.61827171947774,60.249274782194384,60.61827171947774,238600,TIP
2007-08-07,60.27949905395508,60.58800555488509,60.219008759586,60.41258047063523,130200,TIP
2007-08-08,60.05569076538086,60.23111588140351,59.88631606442504,60.23111588140351,237600,TIP
2007-08-09,60.249244689941406,60.32183580392787,60.06777382764492,60.249244689941406,338600,TIP
2007-08-10,60.116188049316406,60.4549421056669,60.104091832893,60.43074505770508,179900,TIP
2007-08-13,60.382320404052734,60.412567852476414,60.12825845169945,60.12825845169945,287700,TIP
2007-08-14,60.45490264892578,60.49724630144404,60.18268949835528,60.18268949835528,318800,TIP
2007-08-15,60.45490264892578,60.54563575067062,60.29157383556108,60.51539292179301,178600,TIP
2007-08-16,60.58803176879883,60.902584204679926,60.551733884381896,60.606178403449476,268900,TIP
2007-08-17,60.787635803222656,60.908621032427654,60.460982607041046,60.787635803222656,206300,TIP
2007-08-20,60.78157424926758,60.85416075286246,60.67873567731916,60.769473421926165,181700,TIP
2007-08-21,60.993343353271484,61.09617739571534,60.854211413698955,60.95099965255241,171200,TIP
2007-08-22,60.85417175292969,60.96305614311747,60.70899410438405,60.733191148327364,113400,TIP
2007-08-23,60.88441467285156,61.03564272488789,60.79367691860698,60.84811680208539,117600,TIP
2007-08-24,60.96306610107422,61.02355641325612,60.82998464520506,61.00540978111305,109900,TIP
2007-08-27,61.03562545776367,61.077969115750165,60.93279151909826,60.99328179977717,98800,TIP
2007-08-28,61.217105865478516,61.235257106119796,60.98724091693532,60.98724091693532,139700,TIP
2007-08-29,60.96306610107422,61.27762310860407,60.944919468931154,61.108243773333776,119100,TIP
2007-08-30,61.22922134399414,61.319959108459784,61.15663020939874,61.22317092899925,142900,TIP
2007-08-31,61.20504379272461,61.33812527431163,61.150599270659065,61.17479632323088,127700,TIP
2007-09-04,61.25362014770508,61.31437464649207,61.09565474264199,61.31437464649207,154200,TIP
2007-09-05,61.539188385009766,61.58171700943216,61.338694311901705,61.399448827466216,128300,TIP
2007-09-06,61.40553283691406,61.56349830403759,61.36300420752768,61.51489283180374,90700,TIP
2007-09-07,62.110294342041016,62.12244339169301,61.64247481316751,61.64247481316751,174200,TIP
2007-09-10,62.34115219116211,62.40798354044831,62.09205268286413,62.09205268286413,362700,TIP
2007-09-11,62.34115219116211,62.42620942929513,62.201412651216835,62.201412651216835,136200,TIP
2007-09-12,62.316856384277344,62.341159117197044,62.16496777998348,62.32293322632536,108700,TIP
2007-09-13,61.988746643066406,62.18924061681668,61.909766275499685,62.18316377768997,132300,TIP
2007-09-14,62.092071533203125,62.34117111712448,61.95233658610798,62.34117111712448,139800,TIP
2007-09-17,62.316856384277344,62.335082275149034,62.0313050665613,62.11636231414408,144500,TIP
2007-09-18,62.35940933227539,62.35940933227539,62.000954311251924,62.122463387974484,225700,TIP
2007-09-19,62.18317413330078,62.231779583868665,61.92800247072575,62.08596786743591,313100,TIP
2007-09-20,61.48448181152344,61.95837797055777,61.44803004362487,61.921921567388615,154000,TIP
2007-09-21,61.72751235961914,61.794343699550424,61.599926520278835,61.64853197391453,158600,TIP
2007-09-24,61.630279541015625,61.72748577114525,61.59382314885647,61.636351743651154,201300,TIP
2007-09-25,61.514888763427734,61.76398831569693,61.48450918647253,61.68500326972247,221100,TIP
2007-09-26,61.575645446777344,61.66677954557413,61.38730504179737,61.42983366986616,157500,TIP
2007-09-27,61.94014358520508,62.00090270827106,61.69712563402234,61.751803282457374,133700,TIP
2007-09-28,61.988746643066406,62.20138965979997,61.83078127266284,62.146712013469966,203100,TIP
2007-10-01,62.126033782958984,62.126033782958984,61.8820232250293,61.98572817756972,240200,TIP
2007-10-02,62.18701171875,62.248014329433666,61.9307933071572,61.973495600055855,199000,TIP
2007-10-03,62.07111358642578,62.296828402252636,61.94300668691376,62.21752080669643,139000,TIP
2007-10-04,62.162620544433594,62.1809208653983,61.967409363807256,62.016213322514254,123300,TIP
2007-10-05,61.796607971191406,61.85150894102286,61.601396765898066,61.81490829446856,230100,TIP
2007-10-08,61.906429290771484,62.02233291716423,61.63801207431874,62.02233291716423,127200,TIP
2007-10-09,61.69289779663086,61.772205402348646,61.60139618111375,61.73560010193959,141900,TIP
2007-10-10,61.735595703125,61.833203624991405,61.54038451359409,61.54648617226121,224500,TIP
2007-10-11,61.63192367553711,61.753933642998284,61.47331304493977,61.503816700356154,135000,TIP
2007-10-12,61.55257797241211,61.7477891306772,61.4976723616057,61.55257797241211,139500,TIP
2007-10-15,61.55257797241211,61.644084220955364,61.479372042737275,61.50987567698541,163000,TIP
2007-10-16,61.72948455810547,61.77828385365819,61.6318766585984,61.67457895108254,156600,TIP
2007-10-17,62.10163497924805,62.223640255322394,61.81491746085007,61.857619772896385,106600,TIP
2007-10-18,62.284645080566406,62.35174938102464,62.1565381399288,62.21144377403241,188300,TIP
2007-10-19,62.815406799316406,62.821508462409845,62.44328447210641,62.47988514225649,193600,TIP
2007-10-22,62.662845611572266,62.83365480228489,62.55303903837109,62.748250206928574,139800,TIP
2007-10-23,62.6872444152832,62.71164639189249,62.50423191781419,62.614038485455374,183200,TIP
2007-10-24,62.92518615722656,63.08379674938903,62.7238732503515,62.77267722550968,138700,TIP
2007-10-25,63.10206985473633,63.22407508579634,62.9617596502362,63.065464562057336,143200,TIP
2007-10-26,63.04716491699219,63.217974103983195,62.95565866561807,62.97396363925392,138100,TIP
2007-10-29,63.321693420410156,63.321693420410156,62.955668358558796,63.02887430176947,199800,TIP
2007-10-30,63.01060485839844,63.05940884445569,62.8702945620349,62.992304527178035,160300,TIP
2007-10-31,62.711666107177734,63.25459745836771,62.68726412289696,62.92517765188122,224900,TIP
2007-11-01,63.28690719604492,63.3419842877651,62.938101177607514,62.938101177607514,160800,TIP
2007-11-02,63.64179611206055,63.788660488150455,63.22567648919385,63.23791324189537,177100,TIP
2007-11-05,63.67243194580078,63.87436882933228,63.592876666505084,63.71526760821498,124400,TIP
2007-11-06,63.67851638793945,63.9416509461018,63.64180145801649,63.69687385290094,179900,TIP
2007-11-07,63.71527862548828,63.86826382752618,63.67244295566718,63.807066011720735,212500,TIP
2007-11-08,63.91109085083008,64.10079098169646,63.78869990451529,63.82541952277834,1582500,TIP
2007-11-09,64.4679183959961,64.63314491384799,64.07627692449215,64.17418962673544,342700,TIP
2007-11-12,64.67599487304688,64.67599487304688,64.46793266908257,64.5597246805746,195400,TIP
2007-11-13,64.05793762207031,64.29047335272604,64.00898125706829,64.27211588303426,251000,TIP
2007-11-14,64.06404876708984,64.06404876708984,63.84986586937758,63.84986586937758,350100,TIP
2007-11-15,64.19865417480469,64.39447486898968,64.03954840180013,64.03954840180013,250500,TIP
2007-11-16,64.32716369628906,64.48626480706139,64.20477283946364,64.21701425951309,215100,TIP
2007-11-19,64.85347747802734,64.95138556234113,64.32720810222179,64.39452195275996,222400,TIP
2007-11-20,64.78614807128906,65.01868380084362,64.66375715936357,64.89017684487379,342500,TIP
2007-11-21,65.33074951171875,65.41642078254961,65.0492575263125,65.0492575263125,250100,TIP
2007-11-23,65.28793334960938,66.08957390951647,65.13494822481883,66.08957390951647,201400,TIP
2007-11-26,66.02837371826172,66.76270037107743,64.97583542548688,64.97583542548688,672900,TIP
2007-11-27,65.43476867675781,65.82641004864028,65.15939744203007,65.82641004864028,405600,TIP
2007-11-28,64.94528198242188,65.41035834463898,64.79229676697109,65.3246869974856,220900,TIP
2007-11-29,65.34300231933594,65.6428518409204,65.26957245128642,65.27568849446703,168400,TIP
2007-11-30,65.2940673828125,65.33078699761928,64.95750281678494,64.95750281678494,384600,TIP
2007-12-03,65.51215362548828,65.72104786455614,65.35241621094875,65.55516057361905,144800,TIP
2007-12-04,65.39543914794922,65.67191178389955,65.16196878323773,65.62890482525378,243100,TIP
2007-12-05,64.70114135742188,65.15579144885157,64.67656529674424,65.09434895345537,283900,TIP
2007-12-06,64.50454711914062,64.78716482771158,64.44925448997468,64.77487913925414,527800,TIP
2007-12-07,64.17273712158203,64.46149983737176,64.05600674837068,64.44306897251745,335000,TIP
2007-12-10,64.08676147460938,64.20349660476941,63.89015765336369,64.17277535344155,147900,TIP
2007-12-11,64.78717041015625,64.79946078707768,64.17892799989606,64.32637971111558,288800,TIP
2007-12-12,64.53528594970703,64.73803502001758,64.11135692767705,64.27109904556471,254300,TIP
2007-12-13,64.14207458496094,64.46155411538247,64.1174985153276,64.4001162850021,207800,TIP
2007-12-14,64.09907531738281,64.2711031380282,64.01920190964991,64.2711031380282,329200,TIP
2007-12-17,64.56602478027344,64.56602478027344,64.20353815452425,64.21582385056325,209900,TIP
2007-12-18,64.63358306884766,64.7564634192073,64.48613133582218,64.60286649681231,321100,TIP
2007-12-19,65.03909301757812,65.11282124119718,64.52915001754525,64.86091999272061,363700,TIP
2007-12-20,64.96533966064453,65.19266474663557,64.87318058862627,64.98991572567641,211800,TIP
2007-12-21,64.5721435546875,64.86705170045956,64.51070572481173,64.83633044181869,271800,TIP
2007-12-24,64.37552642822266,64.47383068570247,64.25879129431662,64.33866467537023,97300,TIP
2007-12-26,64.09292602539062,64.49227897627655,63.982336049566925,64.28952990603206,192300,TIP
2007-12-27,64.51964569091797,64.51964569091797,64.22940534578257,64.4517168990187,369900,TIP
2007-12-28,64.90868377685547,65.01366291610617,64.65549380542862,64.76047765606697,314000,TIP
2007-12-31,65.33477020263672,65.4088708943262,65.0383533017184,65.124807249614,303700,TIP
2008-01-02,65.8534927368164,65.89671971000723,65.27301220135098,65.47062189470714,379500,TIP
2008-01-03,66.07579803466797,66.07579803466797,65.62499846104765,65.73615419759881,271200,TIP
2008-01-04,66.05728149414062,66.21784084822175,65.9584742881255,66.21784084822175,344800,TIP
2008-01-07,66.04491424560547,66.08814121123243,65.87818301001178,66.08814121123243,433400,TIP
2008-01-08,66.0943603515625,66.16846578804041,65.79177139754167,66.02025962647352,358600,TIP
2008-01-09,66.04491424560547,66.29192749692486,66.02021716072085,66.11901963441706,291100,TIP
2008-01-10,65.7485122680664,66.09432804649366,65.65588169559149,66.03875252984069,265500,TIP
2008-01-11,66.2363510131836,66.29192652043423,65.853480243709,65.87818203961567,377100,TIP
2008-01-14,66.51427459716797,66.52045122739216,66.19933241517266,66.24873603418926,400200,TIP
2008-01-15,66.8539047241211,66.8539047241211,66.56984104076905,66.72422378463783,290700,TIP
2008-01-16,66.45867156982422,66.89094127894747,66.38456617195175,66.89094127894747,443500,TIP
2008-01-17,66.94034576416016,67.00209790751188,66.42779402270632,66.48954616605806,414500,TIP
2008-01-18,67.00212860107422,67.02065378142744,66.38459746189382,66.87244762721298,508800,TIP
2008-01-22,67.50849151611328,67.52084006361207,67.00211626368198,67.5146681455566,628900,TIP
2008-01-23,67.34796905517578,68.28044273407406,67.19358621416436,68.25574091414538,664200,TIP
2008-01-24,66.89100646972656,67.2244740180645,66.7798506202806,67.21212075068657,358200,TIP
2008-01-25,67.43441772460938,67.43441772460938,66.69338203104269,66.71808384901358,338400,TIP
2008-01-28,67.35411834716797,67.50232449518877,67.17503375892309,67.29854280843085,439100,TIP
2008-01-29,67.32939910888672,67.36644945845423,67.03915880690853,67.28617213059553,322600,TIP
2008-01-30,67.34176635742188,67.92841900059902,67.00829900787053,67.25531238287763,550600,TIP
2008-01-31,67.66903686523438,67.8295915063537,67.55170448708907,67.71844046775733,729700,TIP
2008-02-01,67.7069320678711,67.96142026982506,67.5952042696482,67.9117671538853,384200,TIP
2008-02-04,67.31585693359375,67.44000151554964,67.2351665070461,67.36551476637611,544600,TIP
2008-02-05,67.63861846923828,67.79379562283913,67.4524039906649,67.70689679567313,1598100,TIP
2008-02-06,67.55791473388672,67.60136887757885,67.30963510817931,67.48964115175839,519000,TIP
2008-02-07,66.75102233886719,67.53932040070374,66.6330861560257,67.49587097580932,603000,TIP
2008-02-08,67.42135620117188,67.4585971942382,67.04892732798923,67.11720563903073,306900,TIP
2008-02-11,67.59515380859375,67.75653933791244,67.46480559724667,67.57653331206271,319900,TIP
2008-02-12,67.4710464477539,67.50208378282657,67.14207153276638,67.30966556514687,380400,TIP
2008-02-13,66.85655975341797,67.37174931320837,66.8069019013731,67.24140100331563,610800,TIP
2008-02-14,66.40956115722656,66.71991522061194,66.22335156057166,66.6826742484064,414000,TIP
2008-02-15,66.74480438232422,66.83170321968875,66.57721512044448,66.70756337649127,281400,TIP
2008-02-19,66.35999298095703,66.7324173862269,66.2358483554449,66.6020690811641,505900,TIP
2008-02-20,66.58341217041016,66.664107322525,66.3661650986221,66.44065183850559,972300,TIP
2008-02-21,66.99931335449219,67.0800037984423,66.67654210742651,66.86275665270537,554800,TIP
2008-02-22,66.81307220458984,67.17929273497577,66.75100229275701,66.98066617573228,883800,TIP
2008-02-25,66.47789764404297,66.93101705705367,66.47789764404297,66.80066880456242,420600,TIP
2008-02-26,66.91863250732422,66.96829036145182,66.63310694954093,66.75104316918558,603700,TIP
2008-02-27,67.03031921386719,67.21032527298976,66.69513600746284,67.1606674493082,570800,TIP
2008-02-28,67.91795349121094,67.94899082442731,67.52070025132848,67.73174369880913,525800,TIP
2008-02-29,68.63176727294922,68.63797568651435,68.1662357038366,68.26555137835066,720300,TIP
2008-03-03,68.60429382324219,68.76019849666062,68.38602823202298,68.71654537841678,1382900,TIP
2008-03-04,68.44842529296875,68.89743175075813,68.32993615609779,68.6604534770162,1354000,TIP
2008-03-05,68.40477752685547,68.84130897409983,68.24263523594931,68.84130897409983,450600,TIP
2008-03-06,68.772705078125,68.9535551656904,68.57314718112794,68.74152698168407,439000,TIP
2008-03-07,69.02841186523438,69.32151365513661,68.6480037665745,69.28409326721405,613800,TIP
2008-03-10,69.54598999023438,69.72684007430473,69.16558677085902,69.25912581620966,721400,TIP
2008-03-11,68.87250518798828,69.2591460425797,68.71036286563618,69.22173041351263,853700,TIP
2008-03-12,69.53351593017578,69.57093154628564,68.87248133711365,69.02214855938834,648800,TIP
2008-03-13,69.08452606201172,69.91394064201253,68.9286212804102,69.91394064201253,888800,TIP
2008-03-14,69.24041748046875,69.77673020629852,68.81635636604139,69.0907502512107,664800,TIP
2008-03-17,68.49830627441406,69.29654256300643,68.42347504205259,69.22794409478493,788600,TIP
2008-03-18,68.42350006103516,69.05958955786922,68.39231719759242,68.62929554094855,661700,TIP
2008-03-19,68.71037292480469,68.79144171893074,68.05557077324694,68.1802974847919,723700,TIP
2008-03-20,68.86002349853516,68.99098294547639,68.57315926840151,68.61681241738194,485900,TIP
2008-03-24,67.64391326904297,68.40472875565345,67.55036952337515,68.40472875565345,804000,TIP
2008-03-25,67.53170013427734,67.84974714730325,67.46933918764203,67.643951741355,375700,TIP
2008-03-26,67.73125457763672,67.787377999407,67.47556852423432,67.66265611247194,672500,TIP
2008-03-27,67.86843872070312,68.06799655690105,67.6938262087592,67.73124181622316,449500,TIP
2008-03-28,68.37364196777344,68.39234979161996,67.91840239471054,68.10548539101504,214000,TIP
2008-03-31,68.53573608398438,68.59809703881612,68.37983131798707,68.52949856115043,1296400,TIP
2008-04-01,67.94112396240234,68.31745862656743,67.80313346895902,68.31745862656743,694200,TIP
2008-04-02,67.94112396240234,68.12929368716233,67.82822308461733,67.92858154725063,422800,TIP
2008-04-03,68.3145751953125,68.52908597155613,68.18839578347696,68.52908597155613,288300,TIP
2008-04-04,68.70578002929688,68.7688697728227,68.53543242699438,68.59221656557484,391100,TIP
2008-04-07,68.54804229736328,68.59220559210995,68.22627839938721,68.5228054413026,286100,TIP
2008-04-08,68.42816925048828,68.79409644757494,68.37138993375319,68.78778603012499,320500,TIP
2008-04-09,68.88245391845703,68.98339657571854,68.45974721513385,68.52914739788127,527000,TIP
2008-04-10,68.58592987060547,69.03387346205005,68.44082389164878,68.89507309021978,753300,TIP
2008-04-11,69.09693145751953,69.16002600729817,68.91397266616416,68.98967842439718,831200,TIP
2008-04-14,68.88245391845703,69.13481778177129,68.84460102366401,69.02756470423084,479400,TIP
2008-04-15,68.63008117675781,68.91399229129809,68.60484431234714,68.77519194375925,341600,TIP
2008-04-16,68.20733642578125,68.63635325422365,67.98020958640369,68.56064270328545,575200,TIP
2008-04-17,67.92340850830078,68.22624098809708,67.79722429718942,68.21362497370367,429400,TIP
2008-04-18,67.86035919189453,67.90452249183795,67.31147315166032,67.51336321046436,650200,TIP
2008-04-21,67.88558959960938,67.97391619110236,67.64584668176245,67.72786285573787,578300,TIP
2008-04-22,68.05593872070312,68.1064076216726,67.7594116653551,67.82250140164571,704900,TIP
2008-04-23,67.84776306152344,67.98025300019872,67.66479938998899,67.9487057138017,347000,TIP
2008-04-24,67.2357406616211,67.48810435623743,67.07801395416553,67.42501463594262,443600,TIP
2008-04-25,67.14115142822266,67.28626222020333,67.03389834609463,67.16007787642872,464500,TIP
2008-04-28,67.25468444824219,67.32408460250302,67.03386796352062,67.11588413972054,389600,TIP
2008-04-29,67.26101684570312,67.48183340258385,67.20423269482527,67.35565388820626,366500,TIP
2008-04-30,67.57646179199219,67.5890778164385,67.0338812854536,67.36195086889029,353400,TIP
2008-05-01,67.52828979492188,67.87039824380162,67.40792179449163,67.8577297087204,733100,TIP
2008-05-02,67.35726165771484,67.57899735061217,67.24322546801399,67.31291451913538,614700,TIP
2008-05-05,67.51567840576172,67.63605134155067,67.28126922382481,67.49667317031673,419800,TIP
2008-05-06,67.46492767333984,67.80703607263003,67.37623344020608,67.71834183949626,300100,TIP
2008-05-07,67.62968444824219,67.65502636201039,67.26223394881707,67.38260683084705,449800,TIP
2008-05-08,68.13013458251953,68.13013458251953,67.69933197964275,67.78168952376888,384700,TIP
2008-05-09,68.31387329101562,68.48492509617404,68.1935004589021,68.46591987709797,693600,TIP
2008-05-12,68.2061767578125,68.54828038282815,68.19350338890138,68.34554998151657,544000,TIP
2008-05-13,67.6930160522461,67.95276696358907,67.6423322402561,67.91475168785941,385500,TIP
2008-05-14,67.7563705444336,68.03512668572459,67.56631349366886,67.9907795571987,342800,TIP
2008-05-15,68.24417877197266,68.24417877197266,67.79437090064323,67.84504986960863,286400,TIP
2008-05-16,68.24417877197266,68.66230805840947,68.10480073200257,68.10480073200257,751400,TIP
2008-05-19,68.45958709716797,68.53561281128181,68.15549390766081,68.40890812123284,291800,TIP
2008-05-20,68.87139892578125,68.90940937401308,68.63698988357636,68.75102606174697,584000,TIP
2008-05-21,68.94741821289062,69.09312813981344,68.64965684029879,68.68766728497872,451600,TIP
2008-05-22,68.46595764160156,68.7700558149748,68.22521667806026,68.7700558149748,412800,TIP
2008-05-23,68.73201751708984,68.80170655779817,68.57363421247545,68.75735942584514,409000,TIP
2008-05-27,68.25685119628906,68.51660207348807,68.14281505103867,68.51660207348807,529000,TIP
2008-05-28,67.642333984375,67.88941636582854,67.54097119125576,67.87040631073636,492200,TIP
2008-05-29,67.3825912475586,67.4966274164049,67.06582464892715,67.4966274164049,445800,TIP
2008-05-30,67.64866638183594,67.70568687654956,67.53463022588286,67.68034497150731,960100,TIP
2008-06-02,67.87598419189453,67.99729547968948,67.55036684753452,67.69721273903254,460700,TIP
2008-06-03,67.87598419189453,68.1122206809803,67.56313414938604,67.74190560224804,398200,TIP
2008-06-04,67.52487182617188,68.0611865378287,67.39717436780599,68.0611865378287,364300,TIP
2008-06-05,67.31410217285156,67.51841301502483,67.23748378035357,67.35879501735339,548700,TIP
2008-06-06,68.13775634765625,68.18883529452111,67.56951645946495,67.68444165433264,588500,TIP
2008-06-09,67.78020477294922,68.09944084319598,67.67804689231544,67.85043222694011,323100,TIP
2008-06-10,67.4162826538086,67.79298381494966,67.29497623848918,67.72275147763789,482500,TIP
2008-06-11,67.5439682006836,67.8504320996985,67.39073625117614,67.58227497027148,337000,TIP
2008-06-12,66.9118881225586,67.19281257655211,66.87357647839326,67.16089188942999,463900,TIP
2008-06-13,66.90548706054688,67.35880163392375,66.82886866052274,67.0395656072227,379700,TIP
2008-06-16,67.071533203125,67.24391862229761,66.8672222128072,67.08430050888813,884600,TIP
2008-06-17,67.2630386352539,67.35881043000165,67.10980668635099,67.21195969523433,366400,TIP
2008-06-18,67.6269760131836,67.6397481853632,67.27581921674752,67.35881885128919,387600,TIP
2008-06-19,67.20561218261719,67.58230859406248,67.16730052281248,67.42269047982465,265300,TIP
2008-06-20,67.422607421875,67.67799706427252,67.33960785833553,67.6077647908344,331800,TIP
2008-06-23,67.422607421875,67.62691816156256,67.32045448760735,67.50561185656674,266900,TIP
2008-06-24,67.83130645751953,67.9015388112592,67.54399582579018,67.64614887685654,354000,TIP
2008-06-25,67.8823471069336,67.9270399548933,67.43541862733652,67.92065387056904,473500,TIP
2008-06-26,68.46974182128906,68.57189968825404,68.04835279794662,68.22712419398009,490700,TIP
2008-06-27,68.79534149169922,69.00603837021703,68.60379798920056,68.84003432612842,1065100,TIP
2008-06-30,68.85923767089844,69.08270200520475,68.73154515733974,68.91031662478478,739400,TIP
2008-07-01,68.87661743164062,69.32657936650581,68.79947899814204,69.32657936650581,678000,TIP
2008-07-02,69.3072738647461,69.33298666770604,68.93444557815047,69.14014309761431,388200,TIP
2008-07-03,69.48726654052734,69.51940877396287,69.10158426038241,69.36513684274814,429100,TIP
2008-07-07,69.4551010131836,69.73793195488113,69.12726900125983,69.48723832935539,576600,TIP
2008-07-08,69.40371704101562,69.44871323401007,68.94089625352004,69.15944778971672,633400,TIP
2008-07-09,69.80862426757812,69.80862426757812,69.35223329138408,69.53864733589373,726400,TIP
2008-07-10,69.80220031738281,69.8150591651645,69.43580162302091,69.71863742365589,363700,TIP
2008-07-11,69.17224884033203,70.02718069698108,69.08868595295182,70.00146790758413,467300,TIP
2008-07-14,69.68653869628906,69.74438883069628,69.25585533298737,69.4679823009129,546100,TIP
2008-07-15,69.64151000976562,70.1750394797616,69.61580211858336,69.86006631852902,644900,TIP
2008-07-16,69.2879867553711,69.78294469908867,69.24942000511699,69.75723189751413,696100,TIP
2008-07-17,68.83799743652344,69.41009850095956,68.71586779949415,69.33296012161435,593700,TIP
2008-07-18,68.52302551269531,69.02441272675429,68.46517540532571,68.94084982581577,497600,TIP
2008-07-21,68.53592681884766,68.58734753362614,68.26594477123011,68.5552101999167,362700,TIP
2008-07-22,68.20806884765625,68.57446766213256,68.06665090097853,68.5359009145714,446100,TIP
2008-07-23,67.7452392578125,68.06664185601987,67.5973968089972,68.00236231722128,675000,TIP
2008-07-24,68.22736358642578,68.29164314447345,67.82239795693107,67.84811076099332,522900,TIP
2008-07-25,67.75811004638672,68.1566461996846,67.75811004638672,68.11807945045328,439900,TIP
2008-07-28,68.33663940429688,68.49091622884823,68.1373713028546,68.29807265026699,661100,TIP
2008-07-29,67.87379455566406,68.23376878047596,67.81594444523122,68.15663039568466,426600,TIP
2008-07-30,68.15657806396484,68.31084981088092,67.65519120832974,67.82874631058404,448900,TIP
2008-07-31,68.43949127197266,68.61304657097469,68.35592343182475,68.51662478076646,590400,TIP
2008-08-01,68.70791625976562,68.74034292887244,68.22803223219816,68.35124763766598,895900,TIP
2008-08-04,68.51338195800781,68.79223453467675,68.48095528375633,68.59119806002604,407200,TIP
2008-08-05,68.14374542236328,68.53932712749224,68.09186471895904,68.53932712749224,584500,TIP
2008-08-06,67.96861267089844,68.07886034314657,67.61194415926644,68.07886034314657,617600,TIP
2008-08-07,68.66903686523438,68.7274039044557,68.20212034193227,68.31236314670718,337700,TIP
2008-08-08,68.57825469970703,68.79874033050449,68.35128274223388,68.74037823327608,420900,TIP
2008-08-11,67.96221923828125,68.532892563895,67.76766892738434,68.532892563895,601200,TIP
2008-08-12,68.27991485595703,68.41609796435235,68.1826397934989,68.1826397934989,401100,TIP
2008-08-13,68.27346801757812,68.59771511488624,68.19565188069974,68.47449963467137,365000,TIP
2008-08-14,68.62364196777344,68.74037109773087,68.51988548982077,68.67552268055832,344300,TIP
2008-08-15,68.79222106933594,68.87003715612249,68.70791371183067,68.83112911272922,354700,TIP
2008-08-18,68.85711669921875,68.93493778701189,68.75984157638187,68.7857819389796,386800,TIP
2008-08-19,68.78578186035156,68.9997861408244,68.72741975528712,68.98681348573123,515800,TIP
2008-08-20,69.07109069824219,69.21376015617228,68.95436159153721,69.02569632050225,464600,TIP
2008-08-21,69.18780517578125,69.38883667074941,68.96731471079661,69.38883667074941,421400,TIP
2008-08-22,68.92192840576172,69.16187292121866,68.83113965885707,69.16187292121866,485000,TIP
2008-08-25,69.18130493164062,69.34991467121677,69.12942425059966,69.34991467121677,345700,TIP
2008-08-26,69.2072982788086,69.2072982788086,69.03220208309068,69.14244985164626,497800,TIP
2008-08-27,69.38887023925781,69.39535656573456,68.96734807538368,69.06462318206502,318500,TIP
2008-08-28,69.17487335205078,69.28511617579441,69.03220384009174,69.28511617579441,478000,TIP
2008-08-29,68.97386169433594,69.207320063702,68.88955920725019,69.12949895804017,306000,TIP
2008-09-02,68.9378662109375,68.9378662109375,68.21901561678804,68.70914170177454,449100,TIP
2008-09-03,68.82025909423828,68.85293617198259,68.6307430121298,68.761446337285,484300,TIP
2008-09-04,68.71565246582031,68.95091329767406,68.65030334270949,68.92477265126603,444800,TIP
2008-09-05,68.73532104492188,69.01632702457499,68.5850134338326,68.91830075524052,426200,TIP
2008-09-08,69.00323486328125,69.00323486328125,68.52618146444053,68.77451028946571,298900,TIP
2008-09-09,69.12085723876953,69.15353431082917,68.64380389595422,68.81371569618626,509900,TIP
2008-09-10,69.08821105957031,69.16662808460478,68.71571523318741,68.85948642684802,568700,TIP
2008-09-11,69.14048767089844,69.41495721139134,69.04246141048733,69.32346736456037,574200,TIP
2008-09-12,68.65032196044922,69.20579713626195,68.53269151262135,69.1273751757701,525200,TIP
2008-09-15,69.0555191040039,69.17968601466629,68.65688269318238,68.95096143120031,928100,TIP
2008-09-16,68.36934661865234,69.65674072250216,68.29092462323212,69.48029746508423,851400,TIP
2008-09-17,68.61766815185547,69.04244518995984,68.3039851893998,68.80718421457347,1120800,TIP
2008-09-18,67.70932006835938,68.57847863548508,67.47405902784682,68.51966088244548,825400,TIP
2008-09-19,68.05567169189453,68.2386513837482,66.82055378605959,67.42831061161509,1403200,TIP
2008-09-22,68.29093170166016,68.76145375130751,67.73545622086858,68.76145375130751,1033000,TIP
2008-09-23,67.5916519165039,68.29089823488282,67.24529696242185,68.29089823488282,815700,TIP
2008-09-24,67.25837707519531,67.96415993263123,67.17996008158315,67.82692520798886,768800,TIP
2008-09-25,67.2322998046875,67.48063381412145,66.98397078107931,67.31072185806019,706300,TIP
2008-09-26,67.08848571777344,67.34335097735872,66.99045946735859,67.24532472694388,484800,TIP
2008-09-29,67.35643768310547,68.49352954326596,66.99047823059948,67.22573930316008,621800,TIP
2008-09-30,66.19973754882812,67.80081504224334,66.15399262003979,67.57209039830164,946900,TIP
2008-10-01,67.07576751708984,67.14163685109357,66.38412694628055,66.85839419192028,557100,TIP
2008-10-02,66.93746948242188,67.30634193346951,66.89136042604092,67.30634193346951,459800,TIP
2008-10-03,67.09554290771484,67.29315597968666,66.61468711285501,67.05602230352416,375800,TIP
2008-10-06,67.04283142089844,67.58296800927174,66.8320465333749,66.99013394264053,865400,TIP
2008-10-07,66.46979522705078,66.72010083308474,66.19972428786019,66.56201334640596,820400,TIP
2008-10-08,64.50687408447266,66.19974293155256,63.36731410935099,66.02847850786986,1954700,TIP
2008-10-09,64.11825561523438,64.50689365315945,63.69668538713792,64.31586885831675,967900,TIP
2008-10-10,62.82709884643555,62.998363056790204,55.42327753005921,62.570205043656436,1831500,TIP
2008-10-13,61.91814041137695,62.82714959972215,60.179163252928,62.57684403277458,1030300,TIP
2008-10-14,63.33434295654297,63.41997260293633,62.00375906329894,62.5702444791539,796100,TIP
2008-10-15,63.55168914794922,63.808583002804646,62.94567836357871,63.22233753654413,613700,TIP
2008-10-16,63.14332580566406,63.63076504945695,62.89960367101287,63.51878664658052,594300,TIP
2008-10-17,62.886474609375,63.13678033183391,62.42537877261857,62.85353739763778,591900,TIP
2008-10-20,63.749324798583984,64.01280720729257,62.912773553356324,63.22894842339948,700700,TIP
2008-10-21,63.84812927246094,64.41461467400065,63.84812927246094,64.32239658775082,696200,TIP
2008-10-22,64.32242584228516,64.81645368281652,63.795460802180614,63.99307394859758,1455200,TIP
2008-10-23,63.670310974121094,64.63860132734474,63.63078532923668,64.63860132734474,615200,TIP
2008-10-24,62.14870071411133,63.788871721179596,61.95109259517561,63.670309865124786,809600,TIP
2008-10-27,61.4899787902832,62.135510516231314,61.45045818325908,61.99059492313014,853800,TIP
2008-10-28,61.12114334106445,61.753498563291046,61.12114334106445,61.70080103839402,748200,TIP
2008-10-29,61.52290344238281,62.10914911281729,61.28576979754319,61.72051146274349,987000,TIP
2008-10-30,61.180397033691406,62.01695353585889,61.180397033691406,61.7468826102033,1130700,TIP
2008-10-31,60.844482421875,61.7798407748083,60.63369737015042,61.7798407748083,1406600,TIP
2008-11-03,61.35826110839844,61.45706768532564,60.84447293899048,61.13429919899602,1223300,TIP
2008-11-04,62.3067626953125,62.39239736807107,61.39116521703284,61.753454158298446,898200,TIP
2008-11-05,62.74806594848633,62.840283991079325,62.313319440113844,62.39236563041059,883900,TIP
2008-11-06,62.48460388183594,62.87982491012962,62.392385809417675,62.510952620456585,540400,TIP
2008-11-07,62.214561462402344,62.43852333009531,62.08282273470789,62.43852333009531,576100,TIP
2008-11-10,62.431888580322266,62.58997594140427,61.93127274047155,62.24745248814216,523400,TIP
2008-11-11,62.57681655883789,63.215759595151454,62.45824975802189,62.70855521507451,394300,TIP
2008-11-12,62.675636291503906,63.06426892727843,62.570241323864856,62.57682976571946,516700,TIP
2008-11-13,62.287010192871094,62.70858009066812,62.08940213012788,62.67564792629905,976500,TIP
2008-11-14,62.91936111450195,62.97205860481658,62.280422890096894,62.280422890096894,633700,TIP
2008-11-17,62.9786376953125,63.29481253923053,62.57682818597242,62.754675907487744,601600,TIP
2008-11-18,62.33967971801758,62.998383015989454,62.33967971801758,62.68220824724706,521800,TIP
2008-11-19,62.3265266418457,62.83372612287662,62.082804538981634,62.57683216130775,672700,TIP
2008-11-20,61.575653076171875,62.72838509386182,61.29241015080469,62.22776863903575,896600,TIP
2008-11-21,60.9498291015625,61.312118007346825,60.5677798964642,61.173790886640575,1039500,TIP
2008-11-24,59.76417541503906,60.949838791961724,59.71147792481781,60.93007848950607,1006000,TIP
2008-11-25,60.85761260986328,60.9168985348614,60.106691063277815,60.34382471225308,773100,TIP
2008-11-26,61.18696594238281,61.22648654307636,60.85102575996148,61.14744534168927,710200,TIP
2008-11-28,61.37797164916992,61.58875649712375,60.77196583949107,61.20670738973644,353200,TIP
2008-12-01,62.609779357910156,62.629539661881545,61.50974052357627,61.746874222252224,605900,TIP
2008-12-02,63.163082122802734,63.380455497380446,62.267244905309006,62.76786100344002,771300,TIP
2008-12-03,63.999664306640625,64.05894523703105,62.90621357466802,63.33437205436225,662900,TIP
2008-12-04,64.50687408447266,64.50687408447266,63.83499830773591,63.96014863324341,606700,TIP
2008-12-05,64.0589599609375,64.54639948305977,63.479302286670794,64.5068788537157,721300,TIP
2008-12-08,63.23554229736328,63.96011521441869,63.23554229736328,63.87448556007439,660200,TIP
2008-12-09,63.61100769042969,63.74933484606382,63.110391537532564,63.26189557970884,799000,TIP
2008-12-10,63.195980072021484,63.525331637916096,62.90614908587227,63.28160966997189,562600,TIP
2008-12-11,63.89422607421875,63.920574811743286,63.209173975104335,63.66368090276386,687100,TIP
2008-12-12,63.6373291015625,63.78224463821689,62.9654488908026,63.67026627825943,616100,TIP
2008-12-15,63.36729049682617,63.78886043994648,63.23555177416738,63.47268549536132,535500,TIP
2008-12-16,65.40267181396484,65.45536930064769,63.235536672844816,63.235536672844816,927300,TIP
2008-12-17,66.65423583984375,66.69375645772928,65.68594049756089,65.85720488424973,986900,TIP
2008-12-18,67.0230712890625,67.31948581035878,66.53563217773888,66.73324018343368,772000,TIP
2008-12-19,65.87698364257812,67.0033667973668,65.70571920792528,66.94408082842405,681400,TIP
2008-12-22,66.35118103027344,66.6080748974618,66.08769872339877,66.09428213757806,546500,TIP
2008-12-23,66.18651580810547,66.65419459053204,65.77152947508027,66.06136056157307,659000,TIP
2008-12-24,66.1997299194336,66.7332783733073,66.12068365661449,66.14044899145253,494900,TIP
2008-12-26,66.35118103027344,66.52244025806101,66.21943736408261,66.35118103027344,291300,TIP
2008-12-29,66.13382720947266,66.46317893359802,66.04160912875824,66.4236533093572,802200,TIP
2008-12-30,65.17215728759766,66.30512865736196,64.70447818040635,66.14045270304764,786100,TIP
2008-12-31,65.36975860595703,65.52785112399371,64.74399205497186,65.23143142180801,690000,TIP
2009-01-02,64.14456176757812,65.5014947491901,64.04576023719028,65.5014947491901,525200,TIP
2009-01-05,63.90742492675781,64.40804110018452,63.808623401188676,64.11162647245723,834100,TIP
2009-01-06,64.38166046142578,64.69784026316383,63.67026470215324,63.92715859240589,997200,TIP
2009-01-07,64.46072387695312,64.67150879254807,64.13137213224175,64.4870726195911,875000,TIP
2009-01-08,64.97454071044922,65.00088946481326,64.5529706916467,64.63201695473882,564400,TIP
2009-01-09,65.54759979248047,65.75838475358758,64.96135396235414,64.96135396235414,556600,TIP
2009-01-12,65.87698364257812,65.91650427153172,64.8889277146394,65.5410432199355,840100,TIP
2009-01-13,65.8637466430664,66.44340880812807,65.837397905972,65.98890188788795,750300,TIP
2009-01-14,65.94282531738281,66.41050432365026,65.88353937335754,65.88353937335754,645400,TIP
2009-01-15,65.94282531738281,66.1470218485039,65.76497251081717,65.96917406744848,1478300,TIP
2009-01-16,65.67274475097656,65.73861912921883,65.06015022209363,65.06015022209363,653900,TIP
2009-01-20,65.63323974609375,65.81109256881004,64.98771290015118,65.21166975778127,953000,TIP
2009-01-21,64.63202667236328,65.2643817956436,64.58591760167133,65.2314445913586,1017900,TIP
2009-01-22,64.74398803710938,64.88231521267413,64.55296335880269,64.6320096129156,974200,TIP
2009-01-23,64.98111724853516,64.98111724853516,64.50684980790744,64.73739508445978,871000,TIP
2009-01-26,64.76374816894531,65.02723065643131,64.54637473985608,65.02723065643131,799700,TIP
2009-01-27,65.3236312866211,65.63981120881141,64.81643175317029,65.07991418407732,840600,TIP
2009-01-28,65.36317443847656,65.74521878891414,65.04699443153402,65.60689160634887,956200,TIP
2009-01-29,65.04039764404297,65.63323194007134,64.8954820355127,65.60688319074673,1151600,TIP
2009-01-30,65.34341430664062,65.46198119049406,65.11286898401204,65.33024244199518,986700,TIP
2009-02-02,65.58057403564453,65.6991409664349,65.01408814692533,65.52788153069234,1078100,TIP
2009-02-03,65.34341430664062,65.39611181624461,65.10628053893376,65.39611181624461,1570800,TIP
2009-02-04,65.211669921875,65.35658554800531,65.05358243223769,65.28412773494016,1455800,TIP
2009-02-05,65.13919830322266,65.40268074711622,64.99428270780571,65.40268074711622,1570800,TIP
2009-02-06,65.5146255493164,65.52121398904961,64.9876659573222,65.1259930386772,1401200,TIP
2009-02-09,66.1997299194336,66.2721877373067,65.40928739328656,65.52785427475972,1480500,TIP
2009-02-10,66.50275421142578,66.529102974081,65.97579403485945,66.1997509791598,1588900,TIP
2009-02-11,66.32487487792969,66.54883171597497,66.08115270813607,66.54224327205887,908400,TIP
2009-02-12,66.08770751953125,66.3972988944019,65.7649392635342,66.3972988944019,1083200,TIP
2009-02-13,65.81108093261719,66.16677646413716,65.61346783687517,66.16677646413716,985800,TIP
2009-02-17,66.2128677368164,66.36437173960448,65.93621349747308,66.2128677368164,1384700,TIP
2009-02-18,65.79791259765625,66.21948256622113,65.71886634398392,65.96917696785775,1140500,TIP
2009-02-19,65.61351013183594,65.95603402300448,65.47518288585367,65.83088367217081,1193000,TIP
2009-02-20,65.84400939941406,66.31827678214486,65.6134641510059,66.25899084654877,1499800,TIP
2009-02-23,65.77814483642578,66.12725695593947,65.47514176995145,65.65957798210889,1151900,TIP
2009-02-24,65.211669921875,65.95600333503174,65.1787327248415,65.8572017949526,1089100,TIP
2009-02-25,64.82300567626953,65.62661962354609,64.76371975547794,65.30385635637306,1024300,TIP
2009-02-26,64.30267333984375,64.86915906780527,64.08529985749561,64.86915906780527,1020500,TIP
2009-02-27,63.90742492675781,64.55295670503251,63.90742492675781,64.12479833402979,1155100,TIP
2009-03-02,64.30924987792969,64.48710271736722,64.09846486395601,64.09846486395601,1033200,TIP
2009-03-03,64.16435241699219,64.58592253135649,64.07871768951956,64.329028399963,1079700,TIP
2009-03-04,64.03912353515625,64.15110186888539,63.861270863462764,64.05888382634299,726800,TIP
2009-03-05,64.63202667236328,64.65178698472957,64.21704001062396,64.21704001062396,904300,TIP
2009-03-06,64.20384216308594,64.71763017874402,64.0852753113564,64.46073617091498,911500,TIP
2009-03-09,63.96013259887695,64.30924477945135,63.87450292125838,64.20385479357547,714800,TIP
2009-03-10,63.55168914794922,63.933733197793984,63.46605451265957,63.92714978393075,950200,TIP
2009-03-11,63.86790466308594,64.14455898720057,63.38046537409683,63.597838782548315,1077500,TIP
2009-03-12,64.83619689941406,64.8757175080741,64.11820734719493,64.21701389435476,734800,TIP
2009-03-13,64.81645202636719,65.14580391163784,64.72423390053227,64.84280078025014,930700,TIP
2009-03-16,64.7505874633789,64.93502372874663,64.5529743073356,64.5529743073356,715200,TIP
2009-03-17,64.6846694946289,65.18528546738898,64.65173734114302,64.90863125566943,938500,TIP
2009-03-18,67.07576751708984,67.17457403084946,64.8954558753576,65.19846385768925,1243100,TIP
2009-03-19,67.38538360595703,67.8530625819084,67.11531270442335,67.8530625819084,1321200,TIP
2009-03-20,67.04946899414062,67.76087039539428,66.80574674773563,67.60277784477448,1044000,TIP
2009-03-23,67.03630065917969,67.35906922209517,66.97043126743596,67.24050230675147,1223800,TIP
2009-03-24,67.4183349609375,67.74109842554186,66.937483986702,67.01652522876192,1234000,TIP
2009-03-25,67.31948852539062,67.46440408404956,67.08235488858661,67.41829504497701,1307300,TIP
2009-03-26,68.07046508789062,68.16268826613289,67.2668504748894,67.41834957201169,1407100,TIP
2009-03-27,67.89913940429688,68.19555388797416,67.74104698919533,68.103335825252,1374900,TIP
2009-03-30,68.02433776855469,68.27464842356014,67.76744369405723,68.16925340555551,1184000,TIP
2009-03-31,67.68180084228516,68.0375014205759,67.59617117595057,68.00456422748024,1144600,TIP
2009-04-01,67.92266845703125,68.06163667873561,67.79693314028917,68.04178479689213,872600,TIP
2009-04-02,67.50578308105469,67.92930684406684,67.36019584086897,67.8498942452015,1060200,TIP
2009-04-03,67.06241607666016,67.4594741032693,66.8506541519098,67.43962221169934,974700,TIP
2009-04-06,67.00946807861328,67.24108185586392,66.83740996602636,67.24108185586392,962700,TIP
2009-04-07,66.91683959960938,67.08227877529677,66.75801435581133,67.08227877529677,1054200,TIP
2009-04-08,67.24768829345703,67.24768829345703,66.93004299475162,66.93666197252485,861700,TIP
2009-04-09,67.0425796508789,67.12199228428062,66.78449490332792,67.03596571803153,1614000,TIP
2009-04-13,67.34696197509766,67.34696197509766,67.11534819200354,67.16167094862236,950000,TIP
2009-04-14,67.37999725341797,67.3998491260627,67.24102909610706,67.35352640695908,885800,TIP
2009-04-15,67.41973114013672,67.52561457330975,67.10209093821757,67.30061480221704,872800,TIP
2009-04-16,67.16829681396484,67.60505860583545,67.05579940047174,67.34035494853227,996800,TIP
2009-04-17,66.50651550292969,68.06164197010378,66.47342566475133,67.01606568879336,1072600,TIP
2009-04-20,66.56608581542969,66.88373116598727,66.50653015215102,66.88373116598727,936400,TIP
2009-04-21,66.34107208251953,66.89033104813173,66.32122020042755,66.82415642489173,1267700,TIP
2009-04-22,66.50651550292969,66.59916099126853,66.21534108312161,66.53298636371228,1271100,TIP
2009-04-23,66.85725402832031,66.9896083489721,66.34770377801392,66.50652391399498,1006700,TIP
2009-04-24,67.00282287597656,67.06237851733135,66.76459021295801,66.76459021295801,613000,TIP
2009-04-27,67.06897735595703,67.28073909852439,66.81751186440773,67.04912548146606,974900,TIP
2009-04-28,67.06897735595703,67.36677061971619,66.84398271332843,67.30059097301536,919700,TIP
2009-04-29,66.79105377197266,67.3270746807968,66.71826018573738,67.22781024058514,1113100,TIP
2009-04-30,66.46682739257812,67.02270045354847,66.1756529041832,66.57270581184797,1489200,TIP
2009-05-01,65.82289123535156,66.24905826484878,65.68305565507701,66.24240305648694,1985300,TIP
2009-05-04,65.94274139404297,66.20909701863548,65.85617797518258,65.85617797518258,1559700,TIP
2009-05-05,65.96275329589844,66.1891574788825,65.85621403591058,66.18249718753522,1440000,TIP
2009-05-06,66.22905731201172,66.50872836628545,65.92275019347719,66.0426099424959,993600,TIP
2009-05-07,66.29571533203125,66.5487556710579,66.22912764082457,66.25576373337027,1137200,TIP
2009-05-08,66.32231903076172,66.48213042766409,66.22243500258045,66.37559118983341,1395900,TIP
2009-05-11,66.65525817871094,66.76845769932719,66.39556277009135,66.52208286978738,978400,TIP
2009-05-12,66.86170959472656,66.96824886258365,66.62864510318055,66.741849743191,1013900,TIP
2009-05-13,66.84835052490234,67.12136644967391,66.84835052490234,67.0814098019566,1209400,TIP
2009-05-14,67.2212142944336,67.2212142944336,66.90825202723745,66.92156751678051,1748100,TIP
2009-05-15,67.36112213134766,67.40773401175012,66.95493071056305,67.22128140982632,1109800,TIP
2009-05-18,67.34111785888672,67.57418226023455,67.19462705731587,67.53422560497688,803300,TIP
2009-05-19,67.47430419921875,67.5342315669274,67.23458456775892,67.33446859425261,1149400,TIP
2009-05-20,67.83386993408203,67.96704522227775,67.38106684178038,67.38106684178038,1362600,TIP
2009-05-21,67.16800689697266,67.98038456847078,67.04814706342155,67.91379690101203,1567000,TIP
2009-05-22,67.28787231445312,67.43436316289366,67.02817683359363,67.20130376729075,898700,TIP
2009-05-26,67.0015640258789,67.42773137741487,67.0015640258789,67.24793900954828,924700,TIP
2009-05-27,66.84835052490234,67.34110515071865,66.7085149586698,67.28117779960951,1646500,TIP
2009-05-28,66.92161560058594,67.24789867207144,66.33563711379182,67.187971305606,1202500,TIP
2009-05-29,67.79396057128906,67.84057246270164,66.90167434130123,66.9482862327138,1078300,TIP
2009-06-01,67.25324249267578,67.5874034999712,67.10621593253535,67.46710533338916,1303300,TIP
2009-06-02,67.73441314697266,67.82797779069776,67.2933234121101,67.54059921385902,1682200,TIP
2009-06-03,67.7077407836914,67.98844006714755,67.52729597901521,67.86145717936728,1597400,TIP
2009-06-04,67.02604675292969,67.51391919601286,66.9324820351084,67.46713683710223,1770100,TIP
2009-06-05,66.765380859375,67.06612377405017,66.67849572041625,66.79211435606284,1536700,TIP
2009-06-08,66.5047378540039,66.94582781680275,66.37107036611539,66.94582781680275,1289900,TIP
2009-06-09,66.95246887207031,67.0326693125836,66.62499266303185,66.74529077435679,1370300,TIP
2009-06-10,66.9859390258789,67.1329656326825,66.70523981550457,66.93247202400819,1315000,TIP
2009-06-11,67.11292266845703,67.3468344485414,66.75871267305864,66.90574439165293,1684700,TIP
2009-06-12,66.9859390258789,67.34682854127145,66.91910272409353,67.12628608161911,1460800,TIP
2009-06-15,66.91242218017578,67.29336563978782,66.86563982895655,67.19311628749121,1018000,TIP
2009-06-16,67.13294982910156,67.19978611515319,66.85225578369857,67.0059721031675,1098000,TIP
2009-06-17,66.6918716430664,67.16637978390135,66.65845349416372,66.97925038739108,1211300,TIP
2009-06-18,66.5247802734375,66.62502960494236,66.39111279846675,66.59829610994821,1330700,TIP
2009-06-19,66.94580841064453,67.03269352730925,66.47130043869994,66.53145206553643,900000,TIP
2009-06-22,67.05939483642578,67.13959527352168,66.7720214093341,67.02598181180315,1060100,TIP
2009-06-23,67.38690185546875,67.49383071352713,67.09952321978001,67.16635439342797,1135900,TIP
2009-06-24,67.03939056396484,67.57405030222102,66.97255937140612,67.32676928097125,1158000,TIP
2009-06-25,67.42703247070312,67.6676288924545,67.09287134037001,67.23321840324262,1183800,TIP
2009-06-26,67.42703247070312,67.48718412558807,67.2666365558336,67.46713017469695,752600,TIP
2009-06-29,67.47383117675781,67.65428108624909,67.33348407987317,67.4470976679852,921800,TIP
2009-06-30,67.92826080322266,68.00177664534529,67.43370385531024,67.58073553955552,1010200,TIP
2009-07-01,67.78667449951172,67.94768654349937,67.62566245552406,67.75312797771069,929800,TIP
2009-07-02,67.61894989013672,67.91414289308075,67.5451516394007,67.69274814087272,711000,TIP
2009-07-06,67.45794677734375,67.52503470912238,67.22313133839694,67.32376579530542,613700,TIP
2009-07-07,67.56531524658203,67.6659497463895,67.3707565785498,67.39759278639734,801500,TIP
2009-07-08,67.80683135986328,67.91417618390969,67.53176920558951,67.70619686694052,752500,TIP
2009-07-09,67.25672149658203,67.59216649157744,66.99507480996435,67.49153196938194,956600,TIP
2009-07-10,67.52506256103516,67.65923847993564,67.26341593624097,67.49151602206844,527000,TIP
2009-07-13,67.24998474121094,67.61226580768509,67.19631745314553,67.61226580768509,580300,TIP
2009-07-14,67.19632720947266,67.4043014169385,67.08898238079148,67.2499945053301,974100,TIP
2009-07-15,67.01519012451172,67.350635066618,67.00177457896027,67.20303847313386,1032100,TIP
2009-07-16,67.43110656738281,67.55857209463102,67.28351005516626,67.3237617881414,785800,TIP
2009-07-17,67.40426635742188,67.5049008023459,67.19629225813125,67.23654398870866,1232700,TIP
2009-07-20,67.79342651367188,67.92760244641946,67.35063672233413,67.35063672233413,862100,TIP
2009-07-21,67.94768524169922,68.08857141729926,67.53173704282682,67.63907669726856,916800,TIP
2009-07-22,67.76655578613281,67.86719024367662,67.56528687104522,67.84035404709952,760800,TIP
2009-07-23,67.43785858154297,67.82697599863353,67.32380851330467,67.82026566565352,1258100,TIP
2009-07-24,67.47138977050781,67.53177251661516,67.33721385235421,67.4848053149299,745700,TIP
2009-07-27,67.34390258789062,67.39086465960222,67.10909222933267,67.22314224370625,839300,TIP
2009-07-28,67.28353118896484,67.60555539087554,67.1090984271485,67.38416567149284,1205900,TIP
2009-07-29,67.24998474121094,67.55859340113727,67.07555709765414,67.39758129997624,1336200,TIP
2009-07-30,67.63241577148438,67.67937786432122,67.21646726878213,67.31039145445581,1017200,TIP
2009-07-31,67.98797607421875,68.0953209088782,67.75987597829258,67.91418289849467,1045700,TIP
2009-08-03,67.63695526123047,67.74475644263819,67.39440774330633,67.68411699303553,1255700,TIP
2009-08-04,67.3943862915039,67.79863031262448,67.22595085435019,67.7716800258509,1591300,TIP
2009-08-05,67.44829559326172,67.91317910484196,67.35397214746895,67.42808416062645,1334000,TIP
2009-08-06,67.34050750732422,67.56284358996639,67.27313433871112,67.47525898479368,1374900,TIP
2009-08-07,67.42810821533203,67.45505851520755,67.11818747712965,67.20577209654203,1368300,TIP
2009-08-10,67.55611419677734,67.81213946972115,67.39441754140084,67.54264161726431,929600,TIP
2009-08-11,67.85258483886719,67.90648545527321,67.61003720528579,67.87279628495803,957200,TIP
2009-08-12,67.58979034423828,67.94687274539808,67.37419313182616,67.94687274539808,1126600,TIP
2009-08-13,67.81211853027344,67.91318083626861,67.49545903693505,67.67063335797717,1304500,TIP
2009-08-14,67.73800659179688,68.11530038501341,67.63694428568746,67.91991463059986,923000,TIP
2009-08-17,67.98054504394531,68.04791819232501,67.8121096028752,68.00075647443505,1345900,TIP
2009-08-18,68.12879180908203,68.21637641720413,67.8997168597915,67.9603563117556,2119900,TIP
2009-08-19,68.47237396240234,68.54648596802706,68.21635394130719,68.27025451635093,790300,TIP
2009-08-20,68.88335418701172,68.95746618976949,68.45215988382553,68.62733417582041,910200,TIP
2009-08-21,68.60714721679688,69.03834167378136,68.49261231358861,68.99117994068129,1386900,TIP
2009-08-24,68.84969329833984,68.90358874915074,68.4050211325077,68.48587201908899,1118400,TIP
2009-08-25,68.64757537841797,68.75537657108922,68.39155525618945,68.7216874133185,1152100,TIP
2009-08-26,68.84294891357422,68.84968777197591,68.58692883698173,68.72167516355822,908700,TIP
2009-08-27,68.59364318847656,68.99115347805743,68.52627004421039,68.78229004851843,1320700,TIP
2009-08-28,68.62061309814453,68.82273772898748,68.45217761918971,68.53976735800167,945800,TIP
2009-08-31,68.55994415283203,68.73511326146522,68.43193160862752,68.62057842730344,909500,TIP
2009-09-01,68.65514373779297,68.77752387657162,68.32879497200402,68.51916292407356,1290100,TIP
2009-09-02,68.76393127441406,68.83871943395535,68.53277164465975,68.68234277660405,814500,TIP
2009-09-03,68.85232543945312,69.05629412156202,68.63476126586855,68.75714143770607,941000,TIP
2009-09-04,68.83876037597656,69.11751735226515,68.75037667446965,69.00873262381849,757900,TIP
2009-09-08,68.98148345947266,69.34862385528062,68.96108763533955,69.23983921038759,969100,TIP
2009-09-09,69.1990737915039,69.23307030270344,68.9135217711294,69.05629778131664,1411800,TIP
2009-09-10,69.36224365234375,69.51862033739992,69.20587215442676,69.34864816053586,1169600,TIP
2009-09-11,69.51858520507812,69.77014576707691,69.3758092711231,69.61376916104814,1205100,TIP
2009-09-14,69.36224365234375,69.6545960040355,69.34864816053586,69.52542067687345,1072400,TIP
2009-09-15,69.40302276611328,69.48460607039034,69.2670419470884,69.34863043850332,1452300,TIP
2009-09-16,69.53901672363281,69.55261740268841,69.14468002524781,69.52542123171642,1647100,TIP
2009-09-17,69.62740325927734,69.66139458150688,69.28745891414772,69.50502308754513,1506000,TIP
2009-09-18,69.30784606933594,69.53220536681174,69.21945723089726,69.42342588729899,1840900,TIP
2009-09-21,69.23307037353516,69.49822656231696,69.06989334417763,69.34184987263417,1865100,TIP
2009-09-22,69.39627075195312,69.47785930018162,69.23989399796719,69.28069086565218,1734900,TIP
2009-09-23,69.54578399658203,69.54578399658203,69.14464714939572,69.33502025568392,1619800,TIP
2009-09-24,69.47781372070312,69.62058969608168,69.4098207148807,69.61378935807183,978800,TIP
2009-09-25,69.57979583740234,69.65458399730203,69.3350407170759,69.4914121880383,1050000,TIP
2009-09-28,69.72260284423828,69.79059069103197,69.46424176442598,69.69540666809277,996100,TIP
2009-09-29,69.69539642333984,69.81097626461367,69.52542423777028,69.59341207457021,1298000,TIP
2009-09-30,69.94692993164062,69.99452192114121,69.66817833231937,69.70896998413765,1653000,TIP
2009-10-01,70.14218139648438,70.22380202344597,69.95852460679903,70.1013658934927,1462700,TIP
2009-10-02,70.00613403320312,70.56389743744278,69.97892542939746,70.31222693388388,1332100,TIP
2009-10-05,70.04698944091797,70.17622389573427,69.88373772507606,70.17622389573427,876200,TIP
2009-10-06,70.04016876220703,70.12859286107154,69.89052398758076,70.10138424845655,1047800,TIP
2009-10-07,70.34620666503906,70.4006238516625,70.12854310805388,70.1965619965789,1503300,TIP
2009-10-08,70.27818298339844,70.48904308029746,70.08092458747333,70.44823278786751,1296400,TIP
2009-10-09,69.91770935058594,70.18979019674893,69.73405257388394,70.12176609307531,1079600,TIP
2009-10-12,70.08772277832031,70.162545101838,69.74081975014802,69.9448815760159,765500,TIP
2009-10-13,70.48226928710938,70.48906754520173,70.20338502002275,70.26460566942396,911700,TIP
2009-10-14,70.17620086669922,70.40066801018554,70.08097332513141,70.25102324786133,1227400,TIP
2009-10-15,70.23055267333984,70.33258356984656,69.99928748479775,70.12171833319746,1477400,TIP
2009-10-16,70.45504760742188,70.47545275693108,70.23738403014202,70.36661837353664,1075900,TIP
2009-10-19,70.90400695800781,70.90400695800781,70.38705898309355,70.49588822378188,1447000,TIP
2009-10-20,70.9651870727539,71.27807809652441,70.8971681875009,71.27807809652441,1179500,TIP
2009-10-21,70.68632507324219,70.76795087485921,70.49587005897907,70.76114742734697,1099100,TIP
2009-10-22,70.33946990966797,70.3802802405635,70.1830216587133,70.35987507511574,1172400,TIP
2009-10-23,70.18978118896484,70.35983104730461,70.12175709402106,70.2237880469269,1089000,TIP
2009-10-26,69.87010955810547,70.10137495039,69.76127512208107,70.00614741362442,1354000,TIP
2009-10-27,70.4278335571289,70.44823870505778,69.9788995446591,69.98570299047161,1041600,TIP
2009-10-28,70.48226928710938,70.62511054969886,70.36663143590931,70.50267444040644,1270200,TIP
2009-10-29,70.48907470703125,70.48907470703125,70.0605508757239,70.33943517114572,1153600,TIP
2009-10-30,70.74755859375,70.87679298293597,70.5162880418457,70.66593277728185,1792800,TIP
2009-11-02,70.88541412353516,70.99460238518164,70.63290813311652,70.86493644325975,1208300,TIP
2009-11-03,70.74208068847656,70.95363646243497,70.59876300207226,70.94681057102773,1119300,TIP
2009-11-04,70.87858581542969,70.94000323427014,70.6533781997528,70.6806765658922,1245400,TIP
2009-11-05,71.01506042480469,71.09012961732974,70.89904629331329,70.9126980773888,1058400,TIP
2009-11-06,71.19247436523438,71.2129468281593,70.85807865532755,71.13787765968229,907900,TIP
2009-11-09,71.56102752685547,71.60197247170652,71.39724254082046,71.46548585111582,1028600,TIP
2009-11-10,71.43814086914062,71.73841748645347,71.2880025604842,71.65652244356066,1110200,TIP
2009-11-11,71.69749450683594,71.82033451436946,71.4518144917689,71.5268836745188,743800,TIP
2009-11-12,71.36315155029297,71.4450466848036,70.88544294889739,71.39044992846318,1259500,TIP
2009-11-13,71.39043426513672,71.46550348697602,70.9946156784626,71.41773263731756,1063700,TIP
2009-11-16,71.92951965332031,72.03870786596744,71.56099967320723,71.62241706657834,1094000,TIP
2009-11-17,72.12061309814453,72.12743898946881,71.7384464900577,71.8339881420794,1156200,TIP
2009-11-18,72.10017395019531,72.35267477295591,71.99780635954257,72.27761076021795,979600,TIP
2009-11-19,72.10697174072266,72.30487574378373,72.0523750194362,72.13426489473598,991300,TIP
2009-11-20,72.10697174072266,72.19568750784072,71.95683336049986,72.14791667837255,806900,TIP
2009-11-23,72.16841888427734,72.22301562806045,71.95003711577696,72.02510633682073,1125200,TIP
2009-11-24,72.24348449707031,72.3185537143647,72.12747032729966,72.23665860278034,1084600,TIP
2009-11-25,72.53013610839844,72.55743448891201,72.17526757498946,72.26398340668328,920900,TIP
2009-11-27,72.68708038330078,72.70755286136311,72.42774844349188,72.61201115931739,496300,TIP
2009-11-30,72.72803497314453,72.73486086894691,72.33904221853659,72.59154829689481,1039100,TIP
2009-12-01,72.603515625,72.78129928582206,72.56932465363852,72.74710831446059,1181200,TIP
2009-12-02,72.5283203125,72.740289788228,72.48045606905137,72.59669705788212,1120400,TIP
2009-12-03,72.28904724121094,72.35742403213338,72.1864794464199,72.3232330282648,1193300,TIP
2009-12-04,71.70098876953125,71.96766187361806,71.62577274357712,71.94714936050586,1255700,TIP
2009-12-07,71.81725311279297,71.8309316038466,71.659986983387,71.71468529715405,835000,TIP
2009-12-08,71.78302001953125,72.0291753113259,71.70780401874508,71.9471252863318,897400,TIP
2009-12-09,71.46846771240234,71.83087440129924,71.33855345174508,71.76933167419914,1464300,TIP
2009-12-10,71.23603820800781,71.359118536088,70.96936503330332,71.33176677242402,1309600,TIP
2009-12-11,71.26336669921875,71.31123096579583,70.97618109975625,71.2428541873734,884300,TIP
2009-12-14,71.509521484375,71.53687323689188,71.34541096927376,71.40011447430751,831200,TIP
2009-12-15,71.502685546875,71.61892658783431,71.41379625969675,71.46849455044526,1263500,TIP
2009-12-16,71.62579345703125,71.8446023548622,71.5300648902812,71.61895421174464,1486900,TIP
2009-12-17,71.93341827392578,72.01547348318736,71.76247383390523,71.824016545054,998000,TIP
2009-12-18,71.82402801513672,72.00864574444529,71.70778702939387,71.87189225731383,1029700,TIP
2009-12-21,71.4889907836914,71.70096029074445,71.40693554701988,71.66676930459496,1060800,TIP
2009-12-22,71.25653076171875,71.48217883611237,71.11293795532663,71.44798783690823,1861200,TIP
2009-12-23,71.1539306640625,71.40693037954861,71.11974489719897,71.37273939587342,1245700,TIP
2009-12-24,70.9625015258789,71.15395858925153,70.9625015258789,71.11977280897139,515400,TIP
2009-12-28,70.94193267822266,71.04450037123983,70.83936498520548,70.90774170828041,1300000,TIP
2009-12-29,71.16060638427734,71.20858115691108,71.00297200056187,71.05780180610273,1020100,TIP
2009-12-30,71.27025604248047,71.31823081193428,71.126331734119,71.2291363054794,1220500,TIP
2009-12-31,71.20854187011719,71.23595675776242,70.81788887166911,71.10573734866134,812600,TIP
2010-01-04,71.39363098144531,71.41419085296937,71.1263421939156,71.27026652344249,3583200,TIP
2010-01-05,71.62667083740234,71.68835046556138,71.47589144120074,71.53072126324852,1738200,TIP
2010-01-06,71.44161224365234,71.64722143527574,71.31139796922588,71.64722143527574,1233900,TIP
2010-01-07,71.55126190185547,71.66091628760948,71.44845732037106,71.46216215776849,982100,TIP
2010-01-08,71.7020263671875,71.83909562812944,71.55124704283708,71.83224059642521,866700,TIP
2010-01-11,71.54439544677734,71.80482914661623,71.5101255154676,71.7020298104018,1076700,TIP
2010-01-12,71.87333679199219,72.00355096911439,71.7979471599901,71.81165198905637,1073000,TIP
2010-01-13,71.55126190185547,71.83225551379742,71.48272725715194,71.73630596544083,1187500,TIP
2010-01-14,71.73628997802734,71.8733644657437,71.63348541945433,71.70887508048406,1495900,TIP
2010-01-15,71.96932983398438,72.07213441518584,71.89394015636051,71.97617963823512,1254600,TIP
2010-01-19,71.91448974609375,71.96246451328165,71.80483014746002,71.90763471396478,1649700,TIP
2010-01-20,72.02408599853516,72.16116038621989,71.93499156818001,72.0652109292672,1020500,TIP
2010-01-21,72.16120910644531,72.23659876335854,71.95560000052616,71.98986992779828,1013000,TIP
2010-01-22,72.09265899658203,72.1132188569867,71.87334510417269,72.04468424601923,828000,TIP
2010-01-25,71.90764617919922,72.09269547418424,71.90764617919922,71.98303585806596,1131500,TIP
2010-01-26,72.1269760131836,72.1269760131836,71.92137203112279,72.11327117258999,1100400,TIP
2010-01-27,71.93506622314453,72.28459973842361,71.88023641116769,72.21606508788187,1118900,TIP
2010-01-28,72.03099822998047,72.07897299655693,71.78426936505656,71.78426936505656,894200,TIP
2010-01-29,72.29826354980469,72.30511857962642,71.95558526269745,72.01041504355997,1402400,TIP
2010-02-01,72.26946258544922,72.31753214482569,72.03598336538896,72.21452968843971,1088100,TIP
2010-02-02,72.3999252319336,72.42739429467669,72.29004898096116,72.34498710644738,1267600,TIP
2010-02-03,72.10462951660156,72.2488381469323,72.09776094205611,72.22823766248324,1286900,TIP
2010-02-04,72.29691314697266,72.34498269404428,72.13897259481779,72.18017356682554,1045500,TIP
2010-02-05,72.16639709472656,72.37928089220864,72.06339472083101,72.28314185044957,1490100,TIP
2010-02-08,72.05657958984375,72.1664506165458,71.994772880483,72.07031150348573,920700,TIP
2010-02-09,71.80937194824219,72.11152647693385,71.79564003293319,71.9810497051462,1331400,TIP
2010-02-10,71.59647369384766,71.96729817640129,71.4453964706753,71.92609196332559,1369100,TIP
2010-02-11,71.42478942871094,71.58272997357761,71.31491318951025,71.56899806327125,1004600,TIP
2010-02-12,71.42478942871094,71.6101990333778,71.42478942871094,71.57586663801816,1036600,TIP
2010-02-16,71.63082122802734,71.69949651793534,71.3286719570261,71.34927244832288,1029800,TIP
2010-02-17,71.49345397949219,71.74067025956009,71.34924535598374,71.54152352066166,1021700,TIP
2010-02-18,71.431640625,71.56898590066007,71.24623105184212,71.55524875350078,1079000,TIP
2010-02-19,71.30803680419922,71.32177395218837,71.01275623186201,71.17069675942903,1450000,TIP
2010-02-22,71.1295166015625,71.2943257513362,71.06770989590461,71.26685668650919,1573700,TIP
2010-02-23,71.3492202758789,71.41789027638454,71.16380551140996,71.17754265502221,2013600,TIP
2010-02-24,71.21194458007812,71.4797615110253,71.10894209832178,71.39735952562022,1188600,TIP
2010-02-25,71.21194458007812,71.36302187224122,71.10207351980792,71.35615853291768,1360100,TIP
2010-02-26,71.35614013671875,71.44541067762302,71.23253195128801,71.23253195128801,956900,TIP
2010-03-01,71.36575317382812,71.43442586962902,71.29708047802723,71.41382458482784,820400,TIP
2010-03-02,71.4206771850586,71.46187974529144,71.25586170473755,71.30393310480576,1154700,TIP
2010-03-03,71.39323425292969,71.48250824722788,71.26275244331633,71.37263296496793,965700,TIP
2010-03-04,71.46869659423828,71.60604185469383,71.36568502920369,71.40689279884903,1317500,TIP
2010-03-05,71.31079864501953,71.4481492485146,71.18032212093647,71.42067912781559,1359600,TIP
2010-03-08,71.24896240234375,71.30390261875758,71.22149229413684,71.27643251055066,1150900,TIP
2010-03-09,71.37258911132812,71.42066050016616,71.242107381887,71.42066050016616,895500,TIP
2010-03-10,71.2970962524414,71.35203651699395,71.21468585561261,71.27649496308221,845900,TIP
2010-03-11,71.37948608398438,71.4000873674081,71.20093289532797,71.28334326841335,950600,TIP
2010-03-12,71.56490325927734,71.64731363280617,71.38635006966012,71.43442147770432,908400,TIP
2010-03-15,71.55118560791016,71.59925702589176,71.4207037993637,71.5649180533085,790000,TIP
2010-03-16,71.81900787353516,71.86021044627941,71.57178195828719,71.59238324465932,834100,TIP
2010-03-17,71.97004699707031,71.99064827085829,71.78462505420237,71.81209516571569,776100,TIP
2010-03-18,71.68160247802734,71.9150957704703,71.68160247802734,71.82581661186539,809700,TIP
2010-03-19,71.5443115234375,71.80526988201831,71.5443115234375,71.5443115234375,765400,TIP
2010-03-22,71.70906829833984,71.71593713460356,71.64039565386348,71.6472644901272,758200,TIP
2010-03-23,71.65415954589844,71.75717117753247,71.61295698900051,71.66789722445723,979300,TIP
2010-03-24,71.0772933959961,71.3657217349324,70.89187667507663,71.29018023101263,2156500,TIP
2010-03-25,70.98113250732422,71.11161420614903,70.7819781604711,71.01547145103197,1128300,TIP
2010-03-26,71.07041931152344,71.16656208407204,70.9330739905649,70.9330739905649,1088000,TIP
2010-03-29,70.98113250732422,71.11161420614903,70.84378721126761,71.0635428285905,848000,TIP
2010-03-30,71.04296112060547,71.04296112060547,70.80947298791855,70.87814565992124,613900,TIP
2010-03-31,71.35200500488281,71.35887384476631,71.00176752228033,71.09791032309047,1926900,TIP
2010-04-01,71.33961486816406,71.33961486816406,71.12581314546259,71.24306128827648,1129100,TIP
2010-04-05,70.83612060546875,70.96715980296419,70.54645999584282,70.90508666560257,1868700,TIP
2010-04-06,71.11888885498047,71.1257817778072,70.96716036442179,71.03612642510124,1041600,TIP
2010-04-07,71.6223373413086,71.68441047180131,71.11888042244743,71.14646789580281,1380900,TIP
2010-04-08,71.55333709716797,71.75334223709294,71.50506035730815,71.69816731674743,1672700,TIP
2010-04-09,71.62924194335938,71.68441689501402,71.41544558291386,71.51889204005008,679600,TIP
2010-04-12,71.82927703857422,71.87065563861962,71.69823778939683,71.73961638944225,852400,TIP
2010-04-13,71.89132690429688,71.99477864023413,71.77408405906245,71.98788045469863,674600,TIP
2010-04-14,71.8016586303711,71.9189014545267,71.7120032816238,71.88442105659601,645600,TIP
2010-04-15,72.00859069824219,72.06376040922333,71.73961402149968,71.73961402149968,946100,TIP
2010-04-16,72.1740951538086,72.29823618547651,71.99477916100518,72.1189201926731,1131600,TIP
2010-04-19,72.00167846679688,72.18788738630884,71.97409098579992,72.15340698139315,784800,TIP
2010-04-20,72.1740951538086,72.1740951538086,71.96029349485202,71.99477916100518,669900,TIP
2010-04-21,72.39476013183594,72.4154494183577,72.20854602959655,72.25682278540458,845300,TIP
2010-04-22,72.1878890991211,72.48444794965738,72.13271413581803,72.46375865386226,1003700,TIP
2010-04-23,72.19479370117188,72.24307048290905,72.02927405832654,72.1189294353314,907400,TIP
2010-04-26,72.25685119628906,72.41547789161308,72.13960835205218,72.36030293134614,1125000,TIP
2010-04-27,72.67757415771484,72.82930271578253,72.3948116045868,72.47756880951428,1136300,TIP
2010-04-28,72.53270721435547,72.61546963932737,72.3809787327934,72.52581429193744,900300,TIP
2010-04-29,72.91202545166016,72.97409332153407,72.64994708079882,72.67064163252942,829100,TIP
2010-04-30,73.14652252197266,73.20859566332318,72.93272614328703,73.0154885778299,1329500,TIP
2010-05-03,73.01737213134766,73.06572322216525,72.94829989730448,73.06572322216525,801400,TIP
2010-05-04,73.12786865234375,73.2867342131045,73.08642110920758,73.23147433550425,2792800,TIP
2010-05-05,73.16239929199219,73.39034232586764,73.01043726940856,73.15549575996332,1439000,TIP
2010-05-06,73.49395751953125,74.3642821637665,73.12787004573009,73.29364441181754,1636600,TIP
2010-05-07,73.33511352539062,73.8393508803678,73.14170914919357,73.348931135047,1719000,TIP
2010-05-10,73.12786865234375,73.2452919398403,72.83775692987844,72.8584833363825,888000,TIP
2010-05-11,73.2660140991211,73.34890391667845,73.09333093161399,73.29364403830688,773200,TIP
2010-05-12,73.35579681396484,73.38342674914485,73.14858020492176,73.19693127401894,993500,TIP
2010-05-13,73.41799926757812,73.63212477641008,73.20387375874617,73.5492402026035,992100,TIP
2010-05-14,73.63212585449219,73.82553022270423,73.51470252663114,73.5561448141412,1044200,TIP
2010-05-17,73.37654113769531,73.77025858788885,73.33509358986738,73.61829654222247,1030400,TIP
2010-05-18,73.75643920898438,73.86695897403867,73.41107284799841,73.50777500748468,815900,TIP
2010-05-19,73.2867431640625,73.86696140998676,73.19694980439907,73.65973947861252,1757600,TIP
2010-05-20,73.27985382080078,73.29367143049379,72.59602969746989,72.87923272756215,2042400,TIP
2010-05-21,73.32818603515625,73.36962831083872,72.88611225842993,73.26601735176025,1557900,TIP
2010-05-24,73.25221252441406,73.4317992506929,73.1693226946811,73.32128474758845,730500,TIP
2010-05-25,73.01045227050781,73.32128518144104,72.95519765356505,73.21767421112996,928100,TIP
2010-05-26,73.14861297607422,73.17624292363266,72.89994871792196,73.05191079455652,1010500,TIP
2010-05-27,72.87922668457031,73.0795398495171,72.78252450423375,72.94829891768593,759600,TIP
2010-05-28,73.2867431640625,73.32128190924908,72.9620979308501,73.13478111703775,548100,TIP
2010-06-01,73.14856719970703,73.43321623327688,73.03748103263977,73.43321623327688,1168900,TIP
2010-06-02,73.07223510742188,73.30828539091837,72.98198152200547,73.23192023210926,544700,TIP
2010-06-03,73.10699462890625,73.27361876973295,72.96813676414573,73.06533462103512,625000,TIP
2010-06-04,73.57203674316406,73.59286406473862,73.31515408436414,73.46095063226335,2220100,TIP
2010-06-07,73.63459014892578,73.67625012937116,73.39159566667136,73.48184924668516,627000,TIP
2010-06-08,73.44712829589844,73.59292496444749,73.39158519448499,73.47489984660517,818400,TIP
2010-06-09,73.52347564697266,73.52347564697266,73.25270973371491,73.25270973371491,626800,TIP
2010-06-10,72.98194122314453,73.3360164528775,72.94722547267824,73.24576291729691,1092400,TIP
2010-06-11,73.40546417236328,73.4193472974893,73.08609402877376,73.18329709217993,592700,TIP
2010-06-14,73.40546417236328,73.40546417236328,73.00278468425563,73.13469291203634,719000,TIP
2010-06-15,73.3082275390625,73.46791253773301,73.18326357950981,73.40543055795668,637600,TIP
2010-06-16,73.53739929199219,73.53739929199219,73.34994790139639,73.41937414617695,715200,TIP
2010-06-17,73.89141845703125,73.94001731757142,73.58593687827677,73.59982529379027,754900,TIP
2010-06-18,73.7665023803711,73.85675595875884,73.71095927203294,73.84981704287834,551000,TIP
2010-06-21,73.8081283569336,73.84978832042555,73.41933734354394,73.46793622021765,816200,TIP
2010-06-22,73.981689453125,74.09277561596983,73.74563930239941,73.835892837051,583600,TIP
2010-06-23,73.99559783935547,74.09973982090487,73.84285697266716,73.98170941681222,602400,TIP
2010-06-24,73.78730010986328,74.08583757627055,73.76647277681538,74.00252294719867,660700,TIP
2010-06-25,74.044189453125,74.08584412290166,73.78730663011399,73.91227593632465,503300,TIP
2010-06-28,74.2177505493164,74.2177505493164,74.0302939594687,74.17609058663903,573200,TIP
2010-06-29,74.28028869628906,74.28723291146444,74.11366461026942,74.17614665619523,612400,TIP
2010-06-30,74.22473907470703,74.29416532477963,74.12753596834538,74.23862220596821,628200,TIP
2010-07-01,73.80076599121094,74.21146912365954,73.7938087917811,74.04440605307602,790100,TIP
2010-07-02,73.6615982055664,73.87043117024945,73.6267909411716,73.65463569051887,460100,TIP
2010-07-06,73.74505615234375,73.77290087288112,73.41788732457644,73.57798782911955,736700,TIP
2010-07-07,73.43877410888672,73.65456406793764,73.41092938661599,73.65456406793764,495800,TIP
2010-07-08,73.55020141601562,73.64765535269814,73.25087709310753,73.39009548527078,517600,TIP
2010-07-09,73.60584259033203,73.69633927213262,73.4457420639494,73.45269926190473,475200,TIP
2010-07-12,73.55717468261719,73.76600762731154,73.54325496469735,73.68943590164643,507600,TIP
2010-07-13,73.47362518310547,73.61284356669667,73.44578044421905,73.60588105426484,436000,TIP
2010-07-14,73.68238067626953,73.82856142928641,73.51531771722678,73.57796433530442,622200,TIP
2010-07-15,73.77290344238281,73.9956559036028,73.73113370470323,73.863394804153,437100,TIP
2010-07-16,73.5988998413086,73.8842990278124,73.5988998413086,73.82165236888687,438100,TIP
2010-07-19,73.3134994506836,73.55017701184025,73.28565471932167,73.51536976992797,519300,TIP
2010-07-20,73.39704132080078,73.50145243577823,73.26478016070932,73.41096103251778,484800,TIP
2010-07-21,73.77991485595703,73.8634490818628,73.42490634525092,73.42490634525092,482400,TIP
2010-07-22,73.71027374267578,73.78684542222635,73.61281984340035,73.71027374267578,482000,TIP
2010-07-23,73.52232360839844,73.75899583079973,73.40398218635895,73.69634917575428,643400,TIP
2010-07-26,73.55020141601562,73.56412113089544,73.37617577039094,73.47362970707347,529700,TIP
2010-07-27,73.44578552246094,73.64765591021468,73.4388230095477,73.44578552246094,537600,TIP
2010-07-28,73.68939971923828,73.71724445224824,73.38311296696845,73.43880243298838,440100,TIP
2010-07-29,73.77991485595703,73.92609576816099,73.55716223104983,73.55716223104983,548700,TIP
2010-07-30,74.04444885253906,74.12102057724165,73.8913054031339,74.03052382395187,1074200,TIP
2010-08-02,74.17833709716797,74.23412196793367,73.96215143633603,73.99004653194162,900400,TIP
2010-08-03,74.56879425048828,74.58273912618513,74.22708893128573,74.26195378074831,822600,TIP
2010-08-04,74.3177719116211,74.54092724989488,74.25501196668922,74.54092724989488,1365600,TIP
2010-08-05,74.5897216796875,74.61761675431032,74.3595913043804,74.44327652824884,699900,TIP
2010-08-06,74.65949249267578,74.79199283053536,74.59673253502272,74.79199283053536,578400,TIP
2010-08-09,74.62458801269531,74.63853288906834,74.45024779560585,74.48511264675902,534700,TIP
2010-08-10,75.08488464355469,75.12672993653078,74.54094371886252,74.66646895690258,750200,TIP
2010-08-11,75.0779037475586,75.17553388264321,74.95237852810075,75.02908335957295,790600,TIP
2010-08-12,74.58279418945312,75.14766050036434,74.51305911860275,75.14766050036434,1197200,TIP
2010-08-13,74.77804565429688,74.91751576954618,74.54094007384045,74.54094007384045,769500,TIP
2010-08-16,75.0221176147461,75.16856282525127,74.98724742729283,75.03606249746123,602500,TIP
2010-08-17,74.8547592163086,75.06396973400601,74.79199925326606,75.06396973400601,676400,TIP
2010-08-18,74.81292724609375,75.08489775593515,74.72227218296163,75.05700266256102,668200,TIP
2010-08-19,74.81987762451172,74.95934772484789,74.69435240603185,74.69435240603185,790400,TIP
2010-08-20,74.7292251586914,74.90356545032279,74.68040476940888,74.85474506104028,525000,TIP
2010-08-23,74.7292251586914,74.77106512614102,74.4711996117173,74.67343498846293,590600,TIP
2010-08-24,74.98023223876953,75.1127324957205,74.81286713344883,74.88260215062905,630700,TIP
2010-08-25,74.98023223876953,75.10575739787025,74.84773730225933,75.01510240758003,623900,TIP
2010-08-26,75.3847427368164,75.3847427368164,75.05698212988932,75.07093233298268,1086700,TIP
2010-08-27,74.93840026855469,75.44747605699087,74.85471504676698,75.30103090919339,1150600,TIP
2010-08-30,75.27317810058594,75.30804297224284,75.09186267845935,75.09186267845935,560700,TIP
2010-08-31,75.48240661621094,75.5312217079701,75.33596134093342,75.42662174023329,756600,TIP
2010-09-01,75.16149139404297,75.20334295769872,74.72900572256725,75.16846842862495,1331400,TIP
2010-09-02,75.02200317382812,75.14058618459775,74.91736891412336,75.09175757299147,686700,TIP
2010-09-03,74.90342712402344,75.01503843852275,74.75694126518339,74.88250133303492,770500,TIP
2010-09-07,75.32194519042969,75.37077379769939,75.11965372547834,75.20335686827266,754200,TIP
2010-09-08,75.09872436523438,75.29403878501661,75.01501590450536,75.1963815751255,1101300,TIP
2010-09-09,74.93131256103516,75.03594681361247,74.84760941650862,74.89643802478882,526200,TIP
2010-09-10,75.00804138183594,75.17545298698369,74.90340713289898,74.93130995407677,534000,TIP
2010-09-13,75.51725006103516,75.51725006103516,74.98710716212393,75.0150099801633,834300,TIP
2010-09-14,75.44053649902344,75.62887391297151,75.44053649902344,75.54517076095887,690300,TIP
2010-09-15,75.28009033203125,75.46145601618657,75.20335890111629,75.34287301274314,629300,TIP
2010-09-16,75.12659454345703,75.14054860946348,74.86152583042004,75.11962283237068,672000,TIP
2010-09-17,74.9103775024414,75.19637740262351,74.9034004672881,75.11266894653933,559100,TIP
2010-09-20,75.20333099365234,75.23123380562316,74.97314210824821,75.07079928918748,527400,TIP
2010-09-21,76.16598510742188,76.19388792881776,75.23823625320497,75.36379628852696,625600,TIP
2010-09-22,76.2706298828125,76.66824117888052,76.26365816745421,76.49385250036092,1046600,TIP
2010-09-23,76.21477508544922,76.43799222156122,75.99852965971337,76.43799222156122,640000,TIP
2010-09-24,75.83114624023438,76.07528924178396,75.81022045751845,75.91485469301635,669300,TIP
2010-09-27,76.05433654785156,76.12409090619538,75.8311194080015,75.8659992481316,767100,TIP
2010-09-28,76.5844955444336,76.70307851103881,76.23571835659406,76.23571835659406,1024200,TIP
2010-09-29,76.24273681640625,76.54268557379984,76.20087991221894,76.51478274498179,613500,TIP
2010-09-30,76.07527923583984,76.38220486708651,75.74045611258674,76.22176501750278,1078600,TIP
2010-10-01,76.2813491821289,76.30230090647433,75.90420215836379,75.98801438426132,792800,TIP
2010-10-04,76.40006256103516,76.45593736615152,76.17656866908442,76.32323603612883,929500,TIP
2010-10-05,76.88896942138672,76.90992647395339,76.45595291495931,76.45595291495931,751700,TIP
2010-10-06,77.56640625,78.06926874246575,77.45466198973743,77.65720412300912,1123800,TIP
2010-10-07,77.39179992675781,77.6711685644554,77.25211827216579,77.59434205587573,978300,TIP
2010-10-08,77.90164947509766,77.90164947509766,77.56640603819801,77.6083147981315,709100,TIP
2010-10-11,77.90164947509766,78.02736509787081,77.80387124944227,77.90164947509766,447000,TIP
2010-10-12,77.66419219970703,77.97149827088994,77.55943361045304,77.87372003524341,924200,TIP
2010-10-13,78.13212585449219,78.13212585449219,77.57338859169339,77.5943403065585,671200,TIP
2010-10-14,78.3765640258789,78.57212045088349,78.16703623993804,78.16703623993804,1056900,TIP
2010-10-15,77.87373352050781,78.25786617600606,77.85976748236021,78.17405396157504,865900,TIP
2010-10-18,78.0483169555664,78.1600665442408,77.92958701398511,78.04133127414583,545500,TIP
2010-10-19,78.09025573730469,78.25788019619726,77.69914265692084,77.73406575131914,689300,TIP
2010-10-20,78.06925964355469,78.1670378580811,77.95751539631583,78.09021135687992,501300,TIP
2010-10-21,78.06925964355469,78.25085003989503,78.01338485567874,78.06227396294193,546400,TIP
2010-10-22,78.09025573730469,78.15311624151842,77.88771351252988,77.88771351252988,546800,TIP
2010-10-25,78.32769775390625,78.41849031240845,78.25785691440343,78.34864947290565,559300,TIP
2010-10-26,77.90164947509766,78.14609503923612,77.86672639657202,78.09022024500057,856200,TIP
2010-10-27,77.41971588134766,77.6292436337188,77.34987507339464,77.6082919241841,1188200,TIP
2010-10-28,77.69912719726562,77.70611288045858,77.4686476085335,77.66420410981591,743200,TIP
2010-10-29,77.95752716064453,77.99244491195155,77.78292241856789,77.86672928451581,701200,TIP
2010-11-01,78.08003997802734,78.35304668131953,77.92603510115161,78.26204622712736,725300,TIP
2010-11-02,78.26902770996094,78.36702982378827,78.16402925994211,78.26203137376945,538500,TIP
2010-11-03,78.12906646728516,78.60507926856029,77.84205631413045,78.56307986691517,849900,TIP
2010-11-04,78.31803894042969,78.73805415792378,78.1710357505929,78.58404929027132,752200,TIP
2010-11-05,78.052001953125,78.24100445099008,78.02400059404995,78.16400738942515,922500,TIP
2010-11-08,78.15705871582031,78.29706026542286,78.0310551848913,78.16406039551546,932300,TIP
2010-11-09,77.45000457763672,78.25502648594255,77.43600656511346,78.17102238865967,931600,TIP
2010-11-10,77.63899230957031,77.70199136064478,76.93197269458281,77.52698687559828,964900,TIP
2010-11-11,77.64603424072266,77.83504218636571,77.58303515265243,77.7790394364925,474700,TIP
2010-11-12,77.00897979736328,77.62499369968354,77.00197812213425,77.51299359958593,757400,TIP
2010-11-15,76.04299926757812,76.75001936927669,75.95199879536612,76.72201799150758,1495000,TIP
2010-11-16,76.18297576904297,76.32997893815747,75.72796290804214,76.18997210515705,1077500,TIP
2010-11-17,76.19697570800781,76.40698329245949,76.14797465039771,76.18297769471124,684000,TIP
2010-11-18,76.32299041748047,76.32999209551605,76.04298204392786,76.27398935266243,932000,TIP
2010-11-19,76.54002380371094,76.64502765176196,76.28802204539305,76.386024212716,1008800,TIP
2010-11-22,76.80601501464844,76.89701547843624,76.6520101215335,76.89701547843624,684800,TIP
2010-11-23,76.83402252197266,77.19802974689168,76.83402252197266,77.0930259167769,632700,TIP
2010-11-24,76.4280014038086,76.68000842960465,76.315995907581,76.58900796945674,756200,TIP
2010-11-26,76.6519775390625,76.7779810034402,76.50497438740751,76.66597555034271,189200,TIP
2010-11-29,76.7359848022461,76.92498733627173,76.70798343781374,76.86198827183458,1577600,TIP
2010-11-30,76.63801574707031,77.0580257132556,76.59601101195025,77.02302265744162,669700,TIP
2010-12-01,76.13948059082031,76.41994757160175,76.04131794996621,76.36385845501563,712400,TIP
2010-12-02,76.1114273071289,76.31476035454051,75.9922252472638,76.01326468097781,704200,TIP
2010-12-03,76.10443878173828,76.31478504176657,75.99224983015228,76.18156734858775,629500,TIP
2010-12-06,76.40592956542969,76.48305812184452,76.17454389618518,76.17454389618518,515500,TIP
2010-12-07,75.6486587524414,76.22361359016304,75.51543574814643,76.22361359016304,1152000,TIP
2010-12-08,74.91243743896484,75.5014185958784,74.68806493858405,75.44532413341761,2058300,TIP
2010-12-09,74.82124328613281,75.05262879356465,74.57583684618655,74.98251343207417,1335200,TIP
2010-12-10,74.45667266845703,74.77219460749797,74.42161229769181,74.59690345259489,1369800,TIP
2010-12-13,74.9054183959961,74.99656787171175,74.38655272033647,74.4777075455137,1860600,TIP
2010-12-14,74.19023132324219,74.71610482079726,73.95885104990896,74.66702350833727,1637600,TIP
2010-12-15,74.42163848876953,74.59692970536254,74.21830003558604,74.39359125217905,1312600,TIP
2010-12-16,74.75116729736328,74.814269551104,74.32345641269178,74.58989706647813,760300,TIP
2010-12-17,75.25599670410156,75.39622748227144,74.88438032743619,74.88438032743619,639900,TIP
2010-12-20,75.24898529052734,75.48037089434298,75.05266005679094,75.3120928867777,872700,TIP
2010-12-21,75.37519836425781,75.43830061375142,75.09473143998684,75.28404888739095,599900,TIP
2010-12-22,75.3191146850586,75.37520914783028,75.15083664620593,75.2840596579231,769200,TIP
2010-12-23,75.03865051269531,75.30509654604353,75.0246295712119,75.20693390727186,561600,TIP
2010-12-27,75.19991302490234,75.29106250882316,74.91944607892637,75.08772410672714,383800,TIP
2010-12-28,74.63970947265625,75.24419383302121,74.59050750670153,75.24419383302121,554800,TIP
2010-12-29,75.12472534179688,75.29342245274198,74.52024076744522,74.71705406354785,526600,TIP
2010-12-30,75.054443359375,75.1528473337226,74.86466579816586,75.11067573403488,429500,TIP
2010-12-31,75.57456970214844,75.57456970214844,75.13175187451536,75.18095385536348,533400,TIP
2011-01-03,75.25825500488281,75.49723983112312,75.019275541255,75.18796724279302,1217300,TIP
2011-01-04,75.44801330566406,75.66591228410765,75.30743781724529,75.33555398745128,1049900,TIP
2011-01-05,75.15980529785156,75.49719385809173,74.99813871713853,75.41987575809105,869400,TIP
2011-01-06,75.37771606445312,75.44800379980681,75.13873669172851,75.2160548094007,827900,TIP
2011-01-07,75.61673736572266,75.8908634199883,75.39883830936333,75.5042726446839,979300,TIP
2011-01-10,75.8346176147461,75.8557034055493,75.64484013490518,75.72215827625833,639600,TIP
2011-01-11,75.86274719238281,75.98223693645213,75.64485349877253,75.88383298691116,567700,TIP
2011-01-12,75.84165954589844,75.93303310749438,75.56753349849768,75.56753349849768,534300,TIP
2011-01-13,76.07361602783203,76.08767143667706,75.6870252519307,75.778398815956,858200,TIP
2011-01-14,75.74324035644531,76.15091147143056,75.74324035644531,76.12982568166034,713500,TIP
2011-01-18,75.75730895996094,75.8838290832355,75.49724369067245,75.63078883668636,1125500,TIP
2011-01-19,75.78539276123047,76.01734711523892,75.75727659444668,75.85568049688472,569400,TIP
2011-01-20,75.06843566894531,75.63074281485451,75.06843566894531,75.60262665316763,793100,TIP
2011-01-21,75.20906829833984,75.26530066446867,75.03334617614746,75.1247197491466,537400,TIP
2011-01-24,75.15980529785156,75.43393115690516,75.11763373880001,75.25820917737802,797300,TIP
2011-01-25,75.45506286621094,75.65187074506154,75.15985104793502,75.16688143292612,589600,TIP
2011-01-26,75.32852935791016,75.44099404732424,75.18092347501282,75.43396366358297,652300,TIP
2011-01-27,75.27931213378906,75.39177680040054,75.10359011416648,75.25822634945203,641700,TIP
2011-01-28,75.56751251220703,75.63076987667982,75.07548755054684,75.15983606578867,649600,TIP
2011-01-31,75.58860778808594,75.70809751105138,75.40585533009565,75.49020385592473,798100,TIP
2011-02-01,75.52099609375,75.63363252252185,75.31684659470143,75.45060101116786,934500,TIP
2011-02-02,75.31690216064453,75.72520145996934,75.20427101957824,75.59848806951697,704500,TIP
2011-02-03,74.92264556884766,75.18311333697861,74.9156044478707,75.14087198191851,826300,TIP
2011-02-04,74.50028991699219,74.88042999132055,74.4369305525359,74.83818862474865,1221500,TIP
2011-02-07,74.48619842529297,74.51435754257783,74.27501310186021,74.41580331748204,1016300,TIP
2011-02-08,74.0990219116211,74.55659816405506,74.04270367761023,74.50731568119376,1186000,TIP
2011-02-09,74.31021881103516,74.40877305050842,73.99343809427155,74.16942857487427,926200,TIP
2011-02-10,73.85261535644531,74.22571415179817,73.84557423649501,74.19051392284754,858100,TIP
2011-02-11,74.2327651977539,74.28908342735981,74.01453877153351,74.15532897474628,688000,TIP
2011-02-14,74.28907012939453,74.32427035929777,74.1341977111019,74.18347481048583,561400,TIP
2011-02-15,74.38059997558594,74.42283596130049,74.19756841948642,74.26796351927797,898400,TIP
2011-02-16,74.2750015258789,74.43690971152989,74.14124708232247,74.40171484851089,708700,TIP
2011-02-17,74.55658721923828,74.563622969355,74.21868323557946,74.40171478384472,914200,TIP
2011-02-18,74.94380187988281,74.94380187988281,74.47918970307786,74.47918970307786,869100,TIP
2011-02-22,75.53508758544922,75.59140043593268,75.23238385954573,75.26757871974775,832000,TIP
2011-02-23,75.80965423583984,75.90820846633353,75.53510954077845,75.54918641479065,700100,TIP
2011-02-24,76.0842056274414,76.27427298275006,75.97156914221908,76.02788738483025,816200,TIP
2011-02-25,76.3376235961914,76.3376235961914,76.00676067228865,76.1545920140915,677700,TIP
2011-02-28,76.13347625732422,76.34466159290959,76.13347625732422,76.33762584128534,821400,TIP
2011-03-01,76.5738525390625,76.58091154463658,76.00925055089564,76.07277083217514,1050500,TIP
2011-03-02,76.34801483154297,76.68677711025414,76.34801483154297,76.36212745861921,881100,TIP
2011-03-03,76.14337158203125,76.27040680493805,76.05867963861155,76.1998328776444,666100,TIP
2011-03-04,76.6514892578125,76.70795053632492,76.24215306526338,76.29155533785077,758700,TIP
2011-03-07,76.58798217773438,76.8067683235794,76.30568650539014,76.4680059785436,731500,TIP
2011-03-08,76.63736724853516,76.72205916188622,76.52445008184402,76.63031362742194,866400,TIP
2011-03-09,76.74320220947266,76.88435534581559,76.55971120888924,76.67968733644953,754300,TIP
2011-03-10,77.1807861328125,77.23724739998885,76.79262165152869,76.85614192321277,687300,TIP
2011-03-11,77.05374145507812,77.17371759467451,76.926706311846,77.13137434174453,1253200,TIP
2011-03-14,77.16668701171875,77.25843793944867,77.01142656564527,77.01142656564527,884100,TIP
2011-03-15,77.1455078125,77.4278088053544,77.11022355367044,77.39252454652484,851100,TIP
2011-03-16,77.69599914550781,77.9853591713101,77.47015940672432,77.49133642535998,1425400,TIP
2011-03-17,77.85124206542969,77.92182133789028,77.57600013304942,77.68892266143236,949700,TIP
2011-03-18,77.79480743408203,77.8865529751201,77.62542359524315,77.63954160736839,630900,TIP
2011-03-21,77.46309661865234,77.66776469902565,77.37134570208711,77.64658768289588,1268100,TIP
2011-03-22,77.27256774902344,77.38549033612424,77.20905283211322,77.38549033612424,545100,TIP
2011-03-23,77.1455078125,77.49132908635734,77.03259064602439,77.49132908635734,647700,TIP
2011-03-24,77.21607971191406,77.22313333233902,76.91966073633087,77.02552427157893,988300,TIP
2011-03-25,76.85615539550781,77.36429612028242,76.79263511268913,77.25137356613529,764500,TIP
2011-03-28,76.89846801757812,76.9902135179299,76.76437388407494,76.84200676300398,725900,TIP
2011-03-29,76.74320220947266,76.93375759742521,76.62322608191236,76.84906571561946,653700,TIP
2011-03-30,77.0113754272461,77.0254880459018,76.71495659107096,76.72201559261909,709700,TIP
2011-03-31,77.03958892822266,77.25836946762918,76.86315161981369,77.25131046764982,856800,TIP
2011-04-01,77.23978424072266,77.37459728038043,76.84953881713892,76.99854013887762,905700,TIP
2011-04-04,77.58739471435547,77.69382569522902,77.32487109661253,77.45258719099988,578000,TIP
2011-04-05,77.44554901123047,77.5874534843469,77.41007018629703,77.55198007272212,895400,TIP
2011-04-06,77.02690124511719,77.36038262339969,77.01980981265258,77.35328577762785,824100,TIP
2011-04-07,77.16168975830078,77.24683564061716,76.95592460268197,77.0836407195038,761100,TIP
2011-04-08,77.32489776611328,77.41003824953359,77.06236864451901,77.07655692065359,650300,TIP
2011-04-11,77.26811981201172,77.445503004687,77.26102296857918,77.36745396684545,562400,TIP
2011-04-12,77.65836334228516,77.77898803324804,77.33907574535597,77.49517382858559,822400,TIP
2011-04-13,77.82868194580078,77.85706391738276,77.48810370012468,77.5732496148706,724400,TIP
2011-04-14,77.72933197021484,77.92090347286315,77.6938531596139,77.92090347286315,834500,TIP
2011-04-15,78.2969741821289,78.2969741821289,77.97058961539776,77.97058961539776,917500,TIP
2011-04-18,78.3182601928711,78.39630926550433,78.04863956860673,78.24730796683393,911700,TIP
2011-04-19,78.59490966796875,78.63748529740337,78.28271906083289,78.3962414416178,540800,TIP
2011-04-20,78.32535552978516,78.60916984177128,78.26150015157485,78.60916984177128,635600,TIP
2011-04-21,78.18342590332031,78.34661542617827,78.10537685732528,78.13375882071493,618900,TIP
2011-04-25,78.39627075195312,78.39627075195312,78.16212906238752,78.33951224699173,900600,TIP
2011-04-26,78.66590881347656,78.66590881347656,78.36080947227745,78.50271387656754,696700,TIP
2011-04-27,78.47432708740234,78.58075809072814,78.31822900429863,78.52399416718029,843900,TIP
2011-04-28,78.70842742919922,78.8432403141686,78.56652311798065,78.64456669983913,628400,TIP
2011-04-29,78.87163543701172,78.97806098155607,78.62329473093253,78.73682252951768,933000,TIP
2011-05-02,79.0029067993164,79.11704453660919,78.83883516255473,78.95297289984752,757600,TIP
2011-05-03,79.13129425048828,79.13129425048828,78.93155868992427,78.99575707336878,823400,TIP
2011-05-04,79.20263671875,79.45944116686029,79.18837222380452,79.2739700782503,788000,TIP
2011-05-05,79.10992431640625,79.29539545289218,78.96725211819097,79.29539545289218,880600,TIP
2011-05-06,79.13845825195312,79.3025244758708,78.78891545034311,78.874518768727,600500,TIP
2011-05-09,79.30255126953125,79.3096862424042,79.12421504443522,79.23121786797077,596000,TIP
2011-05-10,79.08850860595703,79.24543982818523,79.0599741721737,79.1812414339628,1336700,TIP
2011-05-11,78.8388442993164,79.117053705613,78.8388442993164,79.0029159550926,695500,TIP
2011-05-12,78.74612426757812,78.93873039231356,78.55352358523109,78.88166150777059,809000,TIP
2011-05-13,78.7318344116211,78.81030274199942,78.56776278199732,78.81030274199942,1341800,TIP
2011-05-16,78.75325775146484,78.90305948876981,78.62485548486227,78.90305948876981,637800,TIP
2011-05-17,78.81743621826172,78.82457118748638,78.553502223205,78.553502223205,660600,TIP
2011-05-18,78.77468872070312,78.9387604656736,78.6676858820172,78.86742161162267,926300,TIP
2011-05-19,78.56778717041016,78.76039329290307,78.48218384459238,78.60345658343131,970400,TIP
2011-05-20,78.53925323486328,78.6105866189772,78.37518699564009,78.55352317711908,731900,TIP
2011-05-23,78.54635620117188,78.68902291126815,78.52495673889605,78.59629009394419,635900,TIP
2011-05-24,78.94586181640625,78.94586181640625,78.70332721485849,78.70332721485849,589100,TIP
2011-05-25,78.9672622680664,79.07426506988426,78.76752660728032,79.07426506988426,583000,TIP
2011-05-26,79.15985870361328,79.18125817287793,78.99578703527105,79.06712041361588,863400,TIP
2011-05-27,79.28826904296875,79.28826904296875,79.06712847245596,79.15273180062754,504100,TIP
2011-05-31,79.08137512207031,79.33104461937985,79.08137512207031,79.09563961803649,1510100,TIP
2011-06-01,79.64958190917969,79.65678503738897,79.26789852974231,79.3471164569135,1316400,TIP
2011-06-02,79.36150360107422,79.49113241471304,79.2318747874354,79.37590985502077,809300,TIP
2011-06-03,79.48395538330078,79.57757408071397,79.34712340722366,79.46954912562032,639600,TIP
2011-06-06,79.51993560791016,79.57754963217639,79.28948500522097,79.28948500522097,608000,TIP
2011-06-07,79.6351547241211,79.67115936446719,79.3254862463939,79.50552593124982,511100,TIP
2011-06-08,79.6279525756836,79.88000703870065,79.58474480898788,79.72157123498273,671400,TIP
2011-06-09,79.53437042236328,79.8224296583865,79.43354859087961,79.77201874264466,621400,TIP
2011-06-10,79.50557708740234,79.78643873694196,79.4479630325279,79.6063989362433,773600,TIP
2011-06-13,79.49835968017578,79.68560257770226,79.397537849441,79.42634487170488,554300,TIP
2011-06-14,79.2823257446289,79.44796478244665,79.18150389356725,79.35434606199763,599400,TIP
2011-06-15,79.6927719116211,79.89441548757986,79.45511819950882,79.47672208345077,513400,TIP
2011-06-16,79.6351547241211,79.90160994130775,79.6351547241211,79.72157025645184,498900,TIP
2011-06-17,79.59195709228516,79.71438827775292,79.4767345284273,79.51994230307696,673200,TIP
2011-06-20,79.37593841552734,79.71441407817092,79.31112123819784,79.71441407817092,467800,TIP
2011-06-21,79.57038116455078,79.6351983436771,79.37594061592817,79.39034138107948,590900,TIP
2011-06-22,79.39031219482422,79.67837684135274,79.32550053390278,79.63516906740512,517100,TIP
2011-06-23,79.96646118164062,80.0456791163048,79.53436685262177,79.53436685262177,676200,TIP
2011-06-24,80.2761459350586,80.38417091263166,80.02409131697382,80.03849208327355,556900,TIP
2011-06-27,80.14647674560547,80.37692735113019,79.9952440508276,80.30491256709918,590100,TIP
2011-06-28,79.82964324951172,80.10330725172707,79.70721750871982,80.08169786125339,668400,TIP
2011-06-29,79.8584213256836,79.93043611802052,79.69278785274629,79.87282758077686,669600,TIP
2011-06-30,79.67839050292969,79.9376481798198,79.43353908274295,79.89444039846381,4825300,TIP
2011-07-01,79.76904296875,80.08083927957696,79.50800393958656,79.88505724163998,1451600,TIP
2011-07-05,79.8560562133789,80.00832806584992,79.75454164506489,79.7762939765423,599900,TIP
2011-07-06,80.08806610107422,80.16058122692455,79.95029953263885,80.06631377617008,896300,TIP
2011-07-07,80.05911254882812,80.10986984672176,79.8488307340886,79.97935029040518,543400,TIP
2011-07-08,80.42161560058594,80.52313013243037,80.32734815521106,80.41436298198931,1451300,TIP
2011-07-11,80.87120056152344,80.97271512121742,80.53765193222488,80.66091882154919,900000,TIP
2011-07-12,81.19750213623047,81.19750213623047,80.85670088620344,81.05973000567607,711700,TIP
2011-07-13,81.34976959228516,81.40052686941824,80.87119623749177,81.16124019202155,1399100,TIP
2011-07-14,80.86396789550781,81.1685171818711,80.79871089051352,81.06700259712665,702700,TIP
2011-07-15,81.11775970458984,81.20476904438391,80.68269087709976,80.78421099374275,934900,TIP
2011-07-18,81.19026184082031,81.21201417376186,80.99447978008752,81.17575659743966,1108200,TIP
2011-07-19,81.5963134765625,81.64707075999003,81.26276482373457,81.29902239709523,685800,TIP
2011-07-20,81.13224792480469,81.36428201827114,80.44339826573744,81.34252968640385,811800,TIP
2011-07-21,80.96548461914062,81.04524133341442,80.79870750426151,80.90747470682356,762500,TIP
2011-07-22,81.23377227783203,81.31353452570391,81.03074311311444,81.19752023106379,433400,TIP
2011-07-25,81.32078552246094,81.45130505890339,80.79870737669117,80.8422120447954,2195600,TIP
2011-07-26,81.34976959228516,81.53104637235023,81.32076464361936,81.39327424921971,838200,TIP
2011-07-27,81.5020751953125,81.53832724707013,81.25553579555992,81.25553579555992,1217800,TIP
2011-07-28,81.83560943603516,81.84286205795307,81.531065701038,81.6398273691587,1250100,TIP
2011-07-29,82.78549194335938,82.92326408870863,82.03863237418453,82.1473995661903,1316100,TIP
2011-08-01,83.01215362548828,83.27452786228743,82.67689889189504,82.82265988548323,1461100,TIP
2011-08-02,83.55876159667969,83.64621596437608,83.01214955687641,83.31096124721444,1112400,TIP
2011-08-03,83.04131317138672,83.91589031943384,82.96114295076603,83.60978887365994,1435700,TIP
2011-08-04,83.7701187133789,83.8138458971196,82.82265562254574,83.16520005631504,1454100,TIP
2011-08-05,82.8154067993164,83.83575088703782,82.80812263871285,83.2599852549634,1921600,TIP
2011-08-08,83.81388854980469,83.90134852221944,82.93202134622767,83.04134492163911,3026800,TIP
2011-08-09,84.51353454589844,85.40269129068956,83.73370135439632,84.17099000712544,2672200,TIP
2011-08-10,86.07318115234375,86.43029948796962,85.18402461184921,85.23504151693862,2136300,TIP
2011-08-11,84.28030395507812,85.56302200926352,83.7045384964405,85.49014150218593,2414100,TIP
2011-08-12,84.76133728027344,84.9435413539108,84.52082656856962,84.62286040497239,1359400,TIP
2011-08-15,84.3313217163086,84.78318976142744,84.229287893286,84.71030925361507,1247300,TIP
2011-08-16,84.52081298828125,84.65200012263888,84.19284237217408,84.20742180956168,1114400,TIP
2011-08-17,84.95808410644531,84.95808410644531,84.39689821183627,84.53536947597746,1002000,TIP
2011-08-18,84.30943298339844,85.8107921263276,84.19281975732547,85.28604372984857,1371300,TIP
2011-08-19,84.59368896484375,84.89250625060336,84.30945111569116,84.33131471017583,1790300,TIP
2011-08-22,84.57182312011719,84.81961793158487,84.46249959017673,84.52080621420174,1382400,TIP
2011-08-23,84.04706573486328,84.60825164057509,83.84299813278625,84.49164396528471,1287900,TIP
2011-08-24,82.80806732177734,83.91586508014085,82.79348788945359,83.90857536397897,1760500,TIP
2011-08-25,83.45674133300781,83.60979206173064,83.03402661914888,83.10690712419411,1262200,TIP
2011-08-26,83.70455169677734,84.12726648908692,83.40573990250826,83.85031829434641,1665100,TIP
2011-08-29,83.20894622802734,83.34742308870638,83.12149184058919,83.28911645679663,775000,TIP
2011-08-30,83.69721221923828,83.8138254279676,83.56603070005357,83.58789428658436,1261400,TIP
2011-08-31,83.31828308105469,83.8503214514665,83.2891297604432,83.8503214514665,1874000,TIP
2011-09-01,84.07627868652344,84.36054134630156,83.3401085763977,83.52232851527656,2585400,TIP
2011-09-02,84.99468231201172,85.06027883124868,84.58651136321616,84.82703749466377,1007500,TIP
2011-09-06,84.49175262451172,85.32996558152678,84.3678443820684,85.20605733908346,1110200,TIP
2011-09-07,84.26581573486328,84.49905710824717,84.06901502427854,84.36785848816167,675100,TIP
2011-09-08,84.76874542236328,84.80518608547065,84.22208542753526,84.3532840487305,610600,TIP
2011-09-09,84.8707504272461,85.0238144904077,84.6520843022092,84.71039601034045,1157300,TIP
2011-09-12,84.57921600341797,84.9290752071403,84.57192564807448,84.82703247597864,693100,TIP
2011-09-13,84.21472930908203,84.60103451402368,84.20014860649441,84.55001317678438,597300,TIP
2011-09-14,84.11277770996094,84.21482049492909,83.91597693829758,84.01801972326572,703900,TIP
2011-09-15,83.94509887695312,84.14189956905425,83.8649216410471,83.95967958943375,530600,TIP
2011-09-16,83.9742431640625,84.2074844833849,83.79931356479862,83.82117906959265,949000,TIP
2011-09-19,84.18560791015625,84.55004777123918,84.16374240823703,84.50631676740073,505000,TIP
2011-09-20,84.55006408691406,84.55006408691406,84.1418931432277,84.22207037301068,542400,TIP
2011-09-21,84.69585418701172,85.00198801479259,84.36786040978386,84.55008041066891,728900,TIP
2011-09-22,84.49905395507812,85.02384841583687,84.41158635798075,84.82704771259596,1001700,TIP
2011-09-23,84.01063537597656,84.46253701366145,83.73365766420004,84.33862885887095,1280800,TIP
2011-09-26,83.60977935791016,84.03253086613705,83.5077366574292,83.86488610911256,803000,TIP
2011-09-27,83.76287841796875,83.76287841796875,83.2307991946329,83.34012673304954,4817700,TIP
2011-09-28,83.72640991210938,83.87218362212346,83.46401278535558,83.51503413995157,790600,TIP
2011-09-29,83.46402740478516,83.86490795799678,83.37655982690968,83.71184386739834,2919800,TIP
2011-09-30,83.31098175048828,83.83577065113964,83.31098175048828,83.75559897148497,945600,TIP
2011-10-03,84.13074493408203,84.26944382288725,83.57595494820296,83.67815237068834,2661200,TIP
2011-10-04,84.1891098022461,84.554102035254,84.01390952047785,84.3132058248273,1700000,TIP
2011-10-05,84.13074493408203,84.4446386086705,83.80225401457072,84.34974259331746,635300,TIP
2011-10-06,84.12346649169922,84.20376528405008,83.97017031612305,84.10156783366595,1512100,TIP
2011-10-07,83.83872985839844,84.15262345790757,83.70733240815413,83.90443136819083,976800,TIP
2011-10-10,83.26205444335938,83.8241457902606,83.0503582086224,83.79494573346847,658600,TIP
2011-10-11,83.45913696289062,83.78032638553151,83.3642354047106,83.55403295173039,748100,TIP
2011-10-12,83.1087646484375,83.34235955121444,82.85327109373486,83.24746353642254,1126600,TIP
2011-10-13,83.15985107421875,83.43724880920904,83.01385637005406,83.24745123832216,608700,TIP
2011-10-14,83.0357437133789,83.15983975195725,82.78755163622222,82.8532475733495,716000,TIP
2011-10-17,83.34966278076172,83.45916161212614,83.08686781322386,83.08686781322386,545600,TIP
2011-10-18,83.75118255615234,83.75847839631693,83.34968857335429,83.5394862351628,648900,TIP
2011-10-19,83.61978912353516,83.80958122528722,83.34969265195026,83.48839159267547,525700,TIP
2011-10-20,83.6343765258789,83.89717155665386,83.36428008609818,83.51028041949718,599800,TIP
2011-10-21,83.54674530029297,83.94823910636423,83.54674530029297,83.63434546780157,525500,TIP
2011-10-24,83.79495239257812,83.87525116280243,83.67815215612757,83.7073522152402,636500,TIP
2011-10-25,84.54680633544922,84.56870497981285,83.70002719379625,83.70002719379625,883700,TIP
2011-10-26,84.47381591796875,84.67821070789336,84.30591701519336,84.40811441015566,711100,TIP
2011-10-27,83.99207305908203,84.45926301765773,83.76577948927482,84.08697467429947,880400,TIP
2011-10-28,84.28399658203125,84.31319662580674,83.91900438884593,84.26209794153435,679100,TIP
2011-10-31,85.03594207763672,85.07974496014768,84.70014968154852,84.72934974677484,975600,TIP
2011-11-01,86.07572174072266,86.07572174072266,85.45330670929205,85.59975960529027,1865300,TIP
2011-11-02,86.10498046875,86.1855281403279,85.52650986247963,85.67295712720035,1203400,TIP
2011-11-03,85.5045394897461,86.00246802120499,85.5045394897461,85.87066324562454,801900,TIP
2011-11-04,85.96587371826172,86.22948331456277,85.6510070108247,85.70226412196067,873100,TIP
2011-11-07,86.39791870117188,86.63956182251188,86.06108537442863,86.11966654080334,620100,TIP
2011-11-08,85.82676696777344,86.44185804631043,85.80480042686276,86.31005321423875,2446600,TIP
2011-11-09,85.81210327148438,86.43451265216812,85.81210327148438,86.32467438814012,779700,TIP
2011-11-10,85.98048400878906,86.00245053581887,85.57775131116652,85.73884103825311,860700,TIP
2011-11-11,85.71690368652344,85.87067501467497,85.55580831800108,85.87067501467497,557900,TIP
2011-11-14,85.83406829833984,85.95122501439936,85.72423003624237,85.88532540910452,516500,TIP
2011-11-15,85.5045394897461,85.91460189522147,85.24825397795222,85.86334479286269,816000,TIP
2011-11-16,85.2629623413086,85.45334280661693,85.21170520270879,85.44602434868061,655300,TIP
2011-11-17,85.25559997558594,85.31418113239978,84.87483362950918,84.95537573686997,719100,TIP
2011-11-18,85.27759552001953,85.42404846187027,85.16043875314743,85.39475787350013,660700,TIP
2011-11-21,85.123779296875,85.59974133069477,85.0578796976997,85.37274078701132,656800,TIP
2011-11-22,85.38739013671875,85.38739013671875,85.0212663493515,85.04323288273663,558000,TIP
2011-11-23,85.7461929321289,85.8120981212327,85.29952144873447,85.336136063415,774900,TIP
2011-11-25,85.47526550292969,85.60707029546845,85.47526550292969,85.58509817454042,421900,TIP
2011-11-28,85.75350189208984,85.8120830306345,85.28486395694237,85.29218799591168,589700,TIP
2011-11-29,85.7315444946289,85.95853944741475,85.49722550209356,85.66563931009419,1123000,TIP
2011-11-30,85.4825668334961,85.8633386408266,85.4606003035741,85.73153387468984,869100,TIP
2011-12-01,85.45399475097656,85.52736989394262,85.24854211140578,85.49801871712329,2561600,TIP
2011-12-02,85.84284210205078,85.84284210205078,85.21180613359095,85.21180613359095,1398300,TIP
2011-12-05,85.82820892333984,85.87223288623746,85.2998989759118,85.65944106862537,976700,TIP
2011-12-06,85.6154556274414,85.8135691477838,85.49805087600393,85.57876524307552,686200,TIP
2011-12-07,85.4686508178711,85.68877618928234,85.43196045688767,85.6374130428034,610400,TIP
2011-12-08,85.50533294677734,85.75481507782074,85.33657072704361,85.60805923657082,508100,TIP
2011-12-09,85.05039978027344,85.52000725356285,85.05039978027344,85.38792980181505,803600,TIP
2011-12-12,85.44662475585938,85.6447437284318,85.28520173878884,85.37324963934321,965500,TIP
2011-12-13,85.68141174316406,85.92355461869246,85.32186982378524,85.32920901345133,478500,TIP
2011-12-14,85.85022735595703,85.98964404649476,85.70347706982807,85.74016184227803,780200,TIP
2011-12-15,85.63740539550781,85.98961379574244,85.57136946943028,85.74013167929238,646000,TIP
2011-12-16,85.82820892333984,85.98229839164566,85.63008989397224,85.63008989397224,1066400,TIP
2011-12-19,86.17303466796875,86.26842173875085,85.72543927755198,85.79147518851775,549300,TIP
2011-12-20,86.22440338134766,86.2464153530949,85.90154620062353,85.90888539059317,635500,TIP
2011-12-21,85.88689422607422,86.4005256851496,85.88689422607422,86.24643624742698,598200,TIP
2011-12-22,85.84284210205078,86.22440159831845,85.75479421688253,86.15102649462439,573100,TIP
2011-12-23,85.74016571044922,85.82088005091096,85.4539987208721,85.61542740179557,675400,TIP
2011-12-27,85.50533294677734,86.07033313880439,85.38059468033711,85.91623810595124,574300,TIP
2011-12-28,85.7254638671875,85.87221411020192,85.55669604937427,85.55669604937427,609700,TIP
2011-12-29,85.65208435058594,85.78416180178677,85.59338201712721,85.72545946832804,605700,TIP
2011-12-30,85.62275695800781,85.91625751047002,85.58606658986794,85.70347128938418,758400,TIP
2012-01-03,85.5934066772461,85.7108057798245,85.40996603095888,85.43931720614455,1242000,TIP
2012-01-04,85.67412567138672,85.79886397409018,85.49068501511766,85.52003619190046,711100,TIP
2012-01-05,85.83551788330078,86.12901833012617,85.8208395020622,85.90889299500714,2192900,TIP
2012-01-06,86.12167358398438,86.25375100721523,86.04829288361944,86.11433439431559,614000,TIP
2012-01-09,86.20973205566406,86.4298629874725,86.0923329973518,86.0923329973518,634900,TIP
2012-01-10,85.94561004638672,86.23911620166108,85.87223490710919,86.1363898870397,657100,TIP
2012-01-11,86.16571044921875,86.18038323259556,85.85019242407557,85.94557951143055,604900,TIP
2012-01-12,86.03365325927734,86.18774271273821,85.84287344149378,86.15839154091276,754600,TIP
2012-01-13,86.27580261230469,86.45190405812458,86.25379063134771,86.31248738117833,1052100,TIP
2012-01-17,86.36384582519531,86.51060168717673,86.28313150064645,86.36384582519531,983600,TIP
2012-01-18,86.29779052734375,86.67934448657667,86.15837388927669,86.6720108937455,732700,TIP
2012-01-19,85.98225402832031,86.16569457663145,85.85017660960985,86.11433144703078,784100,TIP
2012-01-20,85.80615997314453,86.02628529095793,85.7547968391719,85.99693412895047,662900,TIP
2012-01-23,85.63006591796875,85.69610744198803,85.47597649280723,85.4833156839566,741100,TIP
2012-01-24,85.63740539550781,85.75481006164023,85.47597677865706,85.60805422897471,805500,TIP
2012-01-25,86.29779052734375,86.57661820531541,85.5787009603524,85.72545678941312,1116200,TIP
2012-01-26,86.69403839111328,86.90683018272979,86.56196092039143,86.86280062704687,951500,TIP
2012-01-27,86.87748718261719,86.97287429893514,86.58398104250134,86.95086231810515,785300,TIP
2012-01-30,87.16365051269531,87.36176393010808,87.09760897478188,87.24436483783185,1165800,TIP
2012-01-31,87.58187103271484,87.59654381593514,87.19297789851147,87.25901382024614,1983500,TIP
2012-02-01,87.530517578125,87.55252955447185,87.21499952144026,87.449803266078,1974200,TIP
2012-02-02,87.530517578125,87.55986874597508,87.36174976252778,87.50850560177815,1353100,TIP
2012-02-03,86.7967529296875,87.08291981111493,86.70136583526592,87.00954469247043,1090000,TIP
2012-02-06,87.18565368652344,87.25902881155537,86.75273653012077,86.87013561053922,1064500,TIP
2012-02-07,86.86279296875,87.16363824704474,86.8261082067726,87.11227510174601,1571300,TIP
2012-02-08,86.84078216552734,87.0095499870257,86.75273425706129,86.8481213572872,1327600,TIP
2012-02-09,86.51058959960938,86.83344125453108,86.35650016468158,86.83344125453108,1965800,TIP
2012-02-10,86.91413879394531,87.0095314720354,86.60595998356622,86.79673974158456,600200,TIP
2012-02-13,87.09026336669922,87.10493615189831,86.79675727925034,86.80409647093138,601500,TIP
2012-02-14,87.09026336669922,87.24435280302322,86.98019788413552,87.08292417501818,677900,TIP
2012-02-15,87.2516860961914,87.36174597315168,87.13428142988361,87.18564457185262,566500,TIP
2012-02-16,87.03157806396484,87.37644736435513,86.826125441987,87.17832833733071,727200,TIP
2012-02-17,86.82608795166016,87.03887967487495,86.68667133344593,86.8187487617116,653800,TIP
2012-02-21,86.77476501464844,86.98755683643388,86.72340185753914,86.92151529262807,722500,TIP
2012-02-22,87.26636505126953,87.26636505126953,86.89948384035831,86.93617420071463,1396200,TIP
2012-02-23,87.29573059082031,87.39111770602148,87.19300428270708,87.29573059082031,1532500,TIP
2012-02-24,87.31771087646484,87.31771087646484,87.17096066047503,87.31037168621678,647600,TIP
2012-02-27,87.45716857910156,87.60391886402014,87.32509108340902,87.56722849370823,813200,TIP
2012-02-28,87.4718246459961,87.64059247973653,87.38377113297976,87.60390211643886,1382900,TIP
2012-02-29,87.07556915283203,87.55251575845628,87.04621798960694,87.51582540488444,2663900,TIP
2012-03-01,86.86279296875,86.94350728252844,86.65000119589438,86.8261082067726,3684100,TIP
2012-03-02,86.87010955810547,87.04621092500177,86.85543677676473,86.86277036835435,656300,TIP
2012-03-05,86.47390747070312,86.9875445675158,86.45923468424034,86.9875445675158,1089400,TIP
2012-03-06,86.72335815429688,86.88478673762293,86.62796548333432,86.62796548333432,1576400,TIP
2012-03-07,86.91413879394531,86.91413879394531,86.72336463408885,86.87745403927839,2018300,TIP
2012-03-08,86.87748718261719,86.92151114427718,86.71605852564527,86.84079681579121,740500,TIP
2012-03-09,87.03157806396484,87.03157806396484,86.66469678238609,86.78209588144597,513500,TIP
2012-03-12,87.1416015625,87.18562550365573,87.07556005260503,87.17828631407598,450800,TIP
2012-03-13,86.92884063720703,87.16364440346602,86.88481668045952,87.09760287018139,857500,TIP
2012-03-14,86.12167358398438,86.68666802892878,86.0409592921121,86.68666802892878,1383500,TIP
2012-03-15,86.2391128540039,86.37852953193428,86.05567221384882,86.05567221384882,833600,TIP
2012-03-16,86.29042053222656,86.39314677681641,85.945551454749,86.09230723142055,824500,TIP
2012-03-19,86.06298828125,86.34181596402384,85.857535715189,86.18038734835804,812300,TIP
2012-03-20,85.98225402832031,86.15102179595752,85.75478953982612,85.99692680899425,1089600,TIP
2012-03-21,86.14371490478516,86.2170900319882,85.96761347986512,86.08501256375736,635500,TIP
2012-03-22,86.2391128540039,86.33450556970956,86.02632103964432,86.29047600932077,847600,TIP
2012-03-23,86.51795196533203,86.56197593048537,86.29048174965607,86.40788645428424,929400,TIP
2012-03-26,86.26846313476562,86.51060612082195,86.09236168952647,86.51060612082195,1142500,TIP
2012-03-27,86.57664489746094,86.62800805392716,86.26846595866354,86.31982911512978,1090700,TIP
2012-03-28,86.46654510498047,86.64265208431718,86.36381883278172,86.43719953991966,529500,TIP
2012-03-29,86.6133041381836,86.73070319727331,86.52525064524465,86.66466727619076,592500,TIP
2012-03-30,86.32711029052734,86.71600329928896,86.20237207982277,86.59126508858436,997200,TIP
2012-04-02,86.76424407958984,86.80839524018602,86.52143234399841,86.67595298564751,1030200,TIP
2012-04-03,86.12409210205078,87.0879737547484,86.11673264131204,86.90402653164588,1186300,TIP
2012-04-04,86.13880157470703,86.41104547368208,86.05050489064455,86.30067602200984,619400,TIP
2012-04-05,86.36685180664062,86.4845806607663,86.27120132287907,86.40364347696008,884500,TIP
2012-04-09,86.76424407958984,87.03648805103707,86.75689023084465,87.02912858866686,3113800,TIP
2012-04-10,87.26456451416016,87.38964728289606,86.9408212076451,87.0585445153895,904000,TIP
2012-04-11,87.40434265136719,87.46320709618871,87.00701606925556,87.13209880428447,833800,TIP
2012-04-12,87.2424545288086,87.49262557318606,87.21302231102173,87.47790665748185,1176700,TIP
2012-04-13,87.6103744506836,87.6545199834626,87.41906778593587,87.4485000123296,526100,TIP
2012-04-16,87.55884552001953,87.70600099813392,87.47790832297011,87.55884552001953,709800,TIP
2012-04-17,87.75019073486328,87.7869768137637,87.49266572806381,87.54417072942371,1584100,TIP
2012-04-18,87.64717102050781,87.7501810118137,87.58094710402631,87.67660324854143,485500,TIP
2012-04-19,87.41902923583984,87.64712748639863,87.41902923583984,87.62504911612206,1008000,TIP
2012-04-20,87.63980102539062,87.64716048492026,87.32341162909012,87.38227607808157,1013200,TIP
2012-04-23,87.7354507446289,87.86789294684037,87.71337797986412,87.8531796415381,493700,TIP
2012-04-24,87.75751495361328,87.85317107643186,87.7060099696426,87.75751495361328,669800,TIP
2012-04-25,87.720703125,87.7501353377141,87.42638661147964,87.55146930529911,721600,TIP
2012-04-26,88.05181884765625,88.05181884765625,87.79429396496377,87.83108563975759,1195800,TIP
2012-04-27,87.9635238647461,88.12539263116332,87.86786776002094,88.02238268270636,858600,TIP
2012-04-30,87.86785888671875,88.06652491983864,87.86785888671875,87.94879606856455,1005600,TIP
2012-05-01,87.90184783935547,88.12337129169309,87.76893151446544,88.04953014091389,1679000,TIP
2012-05-02,87.99781799316406,88.09381653467396,87.94612863762688,88.0421271791368,766700,TIP
2012-05-03,87.8870849609375,88.13815165899379,87.8870849609375,87.96831192498048,565100,TIP
2012-05-04,88.07166290283203,88.08643451002901,87.8353678911376,87.99044159811852,534900,TIP
2012-05-07,88.06433868408203,88.18986925642406,88.03480108463901,88.12340824924702,545000,TIP
2012-05-08,88.22674560546875,88.36704208583994,88.18243641307748,88.27104916414196,776200,TIP
2012-05-09,88.12336730957031,88.52211626622176,88.07167794298874,88.46304672849884,783100,TIP
2012-05-10,88.10861206054688,88.13076384410469,87.94615813616409,88.02738509835548,492400,TIP
2012-05-11,88.15290832519531,88.24152108580512,88.09383878517409,88.21936930408233,837300,TIP
2012-05-14,88.56643676757812,88.56643676757812,88.27106650638444,88.27845231218706,1140500,TIP
2012-05-15,88.66980743408203,88.69195921575218,88.45566415507297,88.5664286971423,921900,TIP
2012-05-16,88.49256896972656,88.58118171716463,88.38919024790773,88.44826541286645,1052700,TIP
2012-05-17,88.78060150146484,89.00951083314168,88.27847362631658,88.31539139680481,1004500,TIP
2012-05-18,88.98733520507812,89.34916080776743,88.66242736298707,88.72150254040707,853300,TIP
2012-05-21,89.10547637939453,89.27531609928691,88.9208706825944,88.96517988075519,763800,TIP
2012-05-22,88.9208984375,89.01689703538015,88.82490547334038,89.00951122776155,702400,TIP
2012-05-23,88.92827606201172,89.11288179944563,88.92089025507276,89.00950303718024,611000,TIP
2012-05-24,88.80271911621094,88.92086382351594,88.73625814095573,88.82487089672323,532300,TIP
2012-05-25,88.8913345336914,88.92087212170372,88.79534159794053,88.81010757508726,549400,TIP
2012-05-29,88.6329116821289,88.8987444125072,88.5959939124055,88.8987444125072,662200,TIP
2012-05-30,89.1498031616211,89.17933512126153,88.79535767501712,88.85443286173776,1540800,TIP
2012-05-31,89.5780258178711,89.66663854021782,89.23096636415839,89.23096636415839,1411200,TIP
2012-06-01,89.95272064208984,90.25006156332451,89.66281480349531,89.67767929746917,3270200,TIP
2012-06-04,89.78173065185547,90.00473771809061,89.69253236240564,89.84119995902554,1643400,TIP
2012-06-05,89.7074203491211,89.94529196879787,89.64051594320529,89.75201950552713,1289400,TIP
2012-06-06,89.2837142944336,89.90812518994177,89.26141471549501,89.90069577783355,6265800,TIP
2012-06-07,89.26883697509766,89.49927917204882,89.18707374930963,89.25397248076524,875900,TIP
2012-06-08,89.3357162475586,89.64048650174588,89.172178499373,89.58102286983696,1036400,TIP
2012-06-11,89.32832336425781,89.52903093958967,89.13505654447373,89.17965570729966,573100,TIP
2012-06-12,89.13502502441406,89.37289659421516,89.0235214854717,89.20192374499614,463000,TIP
2012-06-13,89.3357162475586,89.43978469253034,89.09784470600817,89.23164780258683,563800,TIP
2012-06-14,89.21678161621094,89.41005402461474,89.06811402285734,89.35801979981046,1362700,TIP
2012-06-15,89.78173065185547,89.78916573307805,89.47696037739308,89.47696037739308,614000,TIP
2012-06-18,89.73715209960938,89.82635040952803,89.56617922008763,89.77431617163995,1141100,TIP
2012-06-19,89.6405258178711,89.67026048251957,89.41752433996867,89.51415774659564,665700,TIP
2012-06-20,89.52157592773438,89.79661727032075,89.35803813869957,89.55131058676855,749100,TIP
2012-06-21,89.14244842529297,89.46952393845969,89.1201488532689,89.42492479441157,1465000,TIP
2012-06-22,88.71131896972656,89.0235300430382,88.71131896972656,88.94919623369967,1224600,TIP
2012-06-25,89.12019348144531,89.1424930646362,88.95665564296812,88.978955226159,713400,TIP
2012-06-26,89.06071472167969,89.14248363226613,88.86744790693666,88.94178173347686,891100,TIP
2012-06-27,89.14991760253906,89.20195184759787,89.02354953186872,89.1350531059397,637700,TIP
2012-06-28,89.18707275390625,89.4026391115061,89.10530385772434,89.26883597878174,1219400,TIP
2012-06-29,88.97891998291016,88.99379014668625,88.60724528678888,88.87485152170066,1011000,TIP
2012-07-02,89.16828918457031,89.38450060454895,89.01918060643978,89.04154632434658,3269400,TIP
2012-07-03,89.32484436035156,89.33975862928176,89.17573579981142,89.17573579981142,620000,TIP
2012-07-05,89.51869201660156,89.60816056777776,89.31739488661398,89.31739488661398,717400,TIP
2012-07-06,89.65290069580078,89.7647349735874,89.54852355336732,89.69018068443887,502100,TIP
2012-07-09,89.82440948486328,89.92132952302372,89.71257517121389,89.75730662142185,1305300,TIP
2012-07-10,90.0555419921875,90.1971991882384,89.87661047852814,89.9287990736842,498500,TIP
2012-07-11,89.96604919433594,90.23444923670218,89.95859774569651,90.0927920787509,432600,TIP
2012-07-12,90.14495086669922,90.15240231240573,90.02565947787708,90.1300365990332,430200,TIP
2012-07-13,90.18968963623047,90.2120553514239,89.89892396246199,90.07039823769625,430600,TIP
2012-07-16,90.2940673828125,90.5550102087303,90.2940673828125,90.33134736714089,485200,TIP
2012-07-17,90.1748046875,90.32391898415199,89.99587321964643,90.28663898795679,713200,TIP
2012-07-18,90.19715881347656,90.29407882163082,90.17478740716923,90.29407882163082,446800,TIP
2012-07-19,90.27919006347656,90.29410433856287,90.0629842678891,90.13008144138949,400800,TIP
2012-07-20,90.56248474121094,90.62958190013973,90.3984618796587,90.42828473522529,424900,TIP
2012-07-23,90.48792266845703,90.68176268078624,90.48046553317434,90.65939696306576,428300,TIP
2012-07-24,90.54013061523438,90.59977064587639,90.37610773267899,90.38356486955755,497300,TIP
2012-07-25,90.4432144165039,90.60723731631754,90.32392865453998,90.5401401417371,1313200,TIP
2012-07-26,90.31646728515625,90.40593586853427,90.10771294540338,90.26427870021804,637800,TIP
2012-07-27,90.0555419921875,90.174827771917,89.66785040977356,90.15991918249966,657200,TIP
2012-07-30,90.30899810791016,90.36118668589063,89.98095805551648,89.99586664002732,592800,TIP
2012-07-31,90.54013061523438,90.59977064587639,90.34628487329357,90.54758206398411,614700,TIP
2012-08-01,90.57740020751953,90.76378880287758,90.4208344699942,90.48793732214993,806900,TIP
2012-08-02,90.56248474121094,90.93526190360129,90.51775330192508,90.80851903353931,523200,TIP
2012-08-03,90.3984603881836,90.40591752398423,90.12260324483996,90.31644895876057,548800,TIP
2012-08-06,90.45809936523438,90.62957365898967,90.3984536595249,90.47300794759796,340700,TIP
2012-08-07,90.26424407958984,90.28660979482375,90.16732408420062,90.25678694513623,1396000,TIP
2012-08-08,89.9958724975586,90.2717296780548,89.92877533070016,90.22699254535375,1390400,TIP
2012-08-09,89.82440948486328,89.99588383608017,89.69020944610989,89.94369524812771,509200,TIP
2012-08-10,89.8840103149414,89.96602172996889,89.83927888424532,89.91383316478112,415700,TIP
2012-08-13,89.7647705078125,90.10026778585443,89.7647705078125,90.04807919397835,339700,TIP
2012-08-14,89.36963653564453,89.63803666046763,89.36963653564453,89.54856805614978,514400,TIP
2012-08-15,88.7060546875,89.06391757248508,88.653866113101,88.99682041459837,876600,TIP
2012-08-16,88.48986053466797,88.87754635046495,88.40039195188601,88.72098059669334,1660700,TIP
2012-08-17,88.60911560058594,88.71349273361612,88.48237275163888,88.48237275163888,1491500,TIP
2012-08-20,88.56440734863281,88.67624164561461,88.51967590509153,88.51967590509153,730400,TIP
2012-08-21,88.6240234375,88.67621200022717,88.29597779285677,88.46745774931847,616300,TIP
2012-08-22,89.34722900390625,89.41433185205399,88.91481181148113,88.91481181148113,551400,TIP
2012-08-23,89.7647705078125,89.83932482647405,89.6156561823595,89.71258191593643,784400,TIP
2012-08-24,89.7498550415039,89.9660665444473,89.69021500024319,89.88405508856775,1581300,TIP
2012-08-27,90.04061126708984,90.0704341286071,89.89895978504443,89.92132550915007,491300,TIP
2012-08-28,90.27171325683594,90.36863326515488,90.12259898850559,90.18224469583772,476700,TIP
2012-08-29,89.96604919433594,90.20462637775829,89.91386061321631,90.20462637775829,636300,TIP
2012-08-30,89.89896392822266,90.17481545574428,89.83931820243926,90.13754114322677,950200,TIP
2012-08-31,90.31646728515625,90.33883300896846,89.71256998970985,89.71256998970985,1460500,TIP
2012-09-04,90.19715881347656,90.39099882978509,90.11514738806615,90.2120673962204,1809600,TIP
2012-09-05,90.34627532958984,90.37609818582493,90.18225246436097,90.20461818450524,1653300,TIP
2012-09-06,89.85417938232422,90.1374935862527,89.85417938232422,90.06293931242338,1033500,TIP
2012-09-07,90.14495086669922,90.51772792457862,90.14495086669922,90.39097940192349,795700,TIP
2012-09-10,90.37606811523438,90.45807952056137,90.18222245826817,90.28659957629773,880100,TIP
2012-09-11,90.28662109375,90.39845537204198,90.18224395084486,90.28662109375,702700,TIP
2012-09-12,89.84673309326172,90.09276164220628,89.76472168090459,90.01075591797597,769800,TIP
2012-09-13,90.59977722167969,90.67433721961926,89.67529126614714,89.99587991764791,1288500,TIP
2012-09-14,90.90547180175781,91.21860336583792,90.21210580236321,91.15150618273367,1306700,TIP
2012-09-17,90.82344055175781,91.10674918779537,90.68924052666024,90.80853196591536,1963100,TIP
2012-09-18,90.70415496826172,90.90545216221562,90.6892406942628,90.7787092738695,1245100,TIP
2012-09-19,90.81597137451172,90.93526279795135,90.64449706347744,90.74141707892603,612300,TIP
2012-09-20,90.51026153564453,91.14398133161339,90.38351871407595,91.05451279914539,1310800,TIP
2012-09-21,90.58486938476562,90.58486938476562,90.39102362715083,90.44321221326298,876200,TIP
2012-09-24,90.52519989013672,90.7637770337341,90.48046845325214,90.59975418098695,816700,TIP
2012-09-25,90.64449310302734,90.7190473953556,90.52520168479981,90.67431595758423,1157200,TIP
2012-09-26,90.8532485961914,90.95762574445448,90.77123716710928,90.88307145114199,843900,TIP
2012-09-27,90.83833312988281,91.0769159663495,90.73395598299258,90.83833312988281,928600,TIP
2012-09-28,90.77871704101562,91.01729425225086,90.67433986660829,90.94273994026412,1538500,TIP
2012-10-01,90.95762634277344,90.9874491979202,90.66686061525252,90.86070632964247,1715000,TIP
2012-10-02,91.33040618896484,91.35277190895144,90.76378330074925,90.76378330074925,849300,TIP
2012-10-03,91.42733764648438,91.5168062257553,91.29313762164243,91.29313762164243,6434400,TIP
2012-10-04,91.5615463256836,91.70320350088639,91.41989483861023,91.47208342608556,457700,TIP
2012-10-05,91.37516784667969,91.5690136308818,91.27079066013934,91.47954503322005,1001200,TIP
2012-10-08,91.59137725830078,91.6584801270411,91.39008002833964,91.39008002833964,492000,TIP
2012-10-09,91.36022186279297,91.80755329174266,91.31549042633631,91.42731901747794,685400,TIP
2012-10-10,91.2633056640625,91.30803710238638,91.04709423195041,91.16637996352344,654900,TIP
2012-10-11,91.18128967285156,91.24838682698024,91.00980968764327,91.06945539450943,497700,TIP
2012-10-12,91.10675048828125,91.36024195625235,91.03965331883916,91.26332192657077,893200,TIP
2012-10-15,91.09930419921875,91.27077854514691,91.0545670622611,91.15149278556157,460400,TIP
2012-10-16,90.71160888671875,91.0545632523545,90.67433457696454,91.00983180539781,660700,TIP
2012-10-17,90.4432144165039,90.62960304117769,90.33883724173694,90.51777441687695,573900,TIP
2012-10-18,90.43570709228516,90.56244991360563,90.27913573874115,90.3387814269364,483300,TIP
2012-10-19,90.74142456054688,90.92781315894291,90.49539024551326,90.49539024551326,566400,TIP
2012-10-22,90.5923080444336,90.82342806605669,90.58485090847307,90.72650805108238,410800,TIP
2012-10-23,90.7861557006836,90.93526999177945,90.72651567237384,90.74142425741913,566600,TIP
2012-10-24,90.64449310302734,90.78614455201267,90.60721311279927,90.76377883312698,507800,TIP
2012-10-25,90.37606811523438,90.48044523326395,90.21204530458037,90.31642242260995,417100,TIP
2012-10-26,90.82344055175781,90.82344055175781,90.56995477553401,90.56995477553401,436900,TIP
2012-10-31,91.3453140258789,91.39005115361438,90.95762827698289,90.9725368608093,947500,TIP
2012-11-01,91.24220275878906,91.3767233979415,91.17494529007197,91.18988949365857,2064900,TIP
2012-11-02,91.18988037109375,91.25714353480015,91.00304648550153,91.01052143740617,826100,TIP
2012-11-05,91.30946350097656,91.36177676471586,91.16746791294786,91.1749428654015,980300,TIP
2012-11-06,91.07032775878906,91.30947495183347,91.00306458170719,91.30947495183347,447000,TIP
2012-11-07,91.59342956542969,91.69805607073651,91.43648980746947,91.6083794671689,610200,TIP
2012-11-08,92.08667755126953,92.10162175191815,91.52617594861374,91.62332750712257,1113400,TIP
2012-11-09,91.75035095214844,92.01939211241476,91.68309351293975,91.93718477446029,1660000,TIP
2012-11-12,91.99701690673828,92.02691101679245,91.75039477508021,91.75039477508021,812400,TIP
2012-11-13,91.89241790771484,91.99704447339626,91.76537217820457,91.92978698190971,1520000,TIP
2012-11-14,91.80269622802734,91.82512108397097,91.49629161741106,91.54112992586278,538800,TIP
2012-11-15,91.7354736328125,91.79526186795135,91.56358388221828,91.68316035249599,672300,TIP
2012-11-16,91.79521179199219,91.90731324629417,91.54858973287119,91.5560646836158,581200,TIP
2012-11-19,91.62329864501953,91.69803102815555,91.50372797234498,91.50372797234498,1234000,TIP
2012-11-20,91.36178588867188,91.56356401132622,91.33189177758999,91.40662420443536,1320500,TIP
2012-11-21,91.14508056640625,91.24970713039889,91.09276728440993,91.23476292199427,448800,TIP
2012-11-23,91.0777816772461,91.24966565351103,91.07030672558142,91.24219070184635,681200,TIP
2012-11-26,91.33186340332031,91.47385896141552,91.24965604881434,91.24965604881434,548600,TIP
2012-11-27,91.33186340332031,91.42901495786514,91.28702510148685,91.3393383541982,824200,TIP
2012-11-28,91.54859161376953,91.62332401760065,91.45890930814203,91.58596066654356,1119400,TIP
2012-11-29,91.7130126953125,91.72048764673004,91.4589156625721,91.50375966936001,541100,TIP
2012-11-30,91.85499572753906,91.95962222623618,91.72047512896899,91.81762667726872,670900,TIP
2012-12-03,92.12886047363281,92.13636503757405,91.76871582041929,91.82123631939783,2222000,TIP
2012-12-04,92.15889739990234,92.21141791278326,91.98632672940418,91.98632672940418,1463300,TIP
2012-12-05,92.3239517211914,92.35395853245937,92.18139360829221,92.22640954950002,1839500,TIP
2012-12-06,92.51152038574219,92.61656139197814,92.39897481497351,92.39897481497351,550900,TIP
2012-12-07,92.39895629882812,92.49649272098571,92.32392784145273,92.42896882663916,532500,TIP
2012-12-10,92.51152038574219,92.51901922596939,92.36145771661545,92.42898734879887,1448100,TIP
2012-12-11,92.24139404296875,92.43646688563841,92.21138151541088,92.35393386593036,1500300,TIP
2012-12-12,91.956298828125,92.4139799600458,91.956298828125,92.32394808117981,964200,TIP
2012-12-13,91.70121002197266,91.91129205936221,91.5736610313156,91.76123509674287,2336300,TIP
2012-12-14,91.7987289428711,91.85875400617729,91.61115491326804,91.61115491326804,437300,TIP
2012-12-17,91.45359802246094,91.83625066493342,91.37106498733344,91.83625066493342,788900,TIP
2012-12-18,91.19103240966797,91.40111450251965,91.04096968312555,91.3936099351156,2142200,TIP
2012-12-19,91.26605224609375,91.51365142815119,91.2060271611755,91.23603970363462,1212000,TIP
2012-12-20,91.31101989746094,91.4760859315187,91.27350853245953,91.28851193359927,1556300,TIP
2012-12-21,91.566162109375,91.6787077004291,91.4686256500916,91.49113362344112,2052300,TIP
2012-12-24,91.46109008789062,91.60364244556182,91.40856959310553,91.58113447984029,531100,TIP
2012-12-26,91.58042907714844,91.68547785923741,91.46037005491574,91.46037005491574,1440800,TIP
2012-12-27,91.6854476928711,91.86553044224,91.5053592187748,91.5053592187748,1164300,TIP
2012-12-28,91.65545654296875,91.84304445823282,91.59542703614932,91.69297069118424,752900,TIP
2012-12-31,91.10020446777344,91.53540411168757,90.95013068993299,91.50538935611948,1517900,TIP
2013-01-02,91.04766845703125,91.06267869620808,90.89009529404794,90.9201100476727,2805000,TIP
2013-01-03,90.42483520507812,90.98759867036412,90.32728587393724,90.9350743092598,3622300,TIP
2013-01-04,90.38734436035156,90.41735910843373,90.16974173030168,90.32731486418722,940600,TIP
2013-01-07,90.69497680664062,90.75500056852839,90.4098396075843,90.42484984160144,1237600,TIP
2013-01-08,90.82251739501953,90.91256160731679,90.77749815123381,90.77749815123381,899300,TIP
2013-01-09,90.98758697509766,91.08513056897458,90.83001391203865,90.83001391203865,692300,TIP
2013-01-10,90.90510559082031,90.98764473215849,90.81506132988898,90.92761522487092,1017900,TIP
2013-01-11,90.98758697509766,90.98758697509766,90.66493573415057,90.74747482309462,691100,TIP
2013-01-14,91.0176773071289,91.05519146298225,90.90512339010881,91.04018694558691,709200,TIP
2013-01-15,91.07769012451172,91.24276841961482,91.07019072908291,91.11521000057309,654100,TIP
2013-01-16,91.05516815185547,91.13770728822394,90.98763925376957,91.07767778455077,968600,TIP
2013-01-17,90.89757537841797,90.9500997516127,90.79252663202853,90.94259463409136,596900,TIP
2013-01-18,91.04766845703125,91.07768321065602,90.89760041363635,90.9201100476727,892000,TIP
2013-01-22,91.03266906738281,91.1077030933044,90.8750958955287,90.89010041082133,634700,TIP
2013-01-23,91.04766845703125,91.1677274715303,91.03266394258333,91.07768321065602,1156300,TIP
2013-01-24,90.99515533447266,91.07769448597678,90.80756739464138,91.01767069602528,947300,TIP
2013-01-25,90.61248779296875,90.83009050871338,90.51493839210352,90.79257062765289,1141600,TIP
2013-01-28,90.49238586425781,90.49238586425781,90.28979348684861,90.32730762539907,1373900,TIP
2013-01-29,90.32732391357422,90.59745094864844,90.31231940039383,90.5149118143353,807100,TIP
2013-01-30,90.35735321044922,90.41738272229118,90.13225112813589,90.23729991149465,1540300,TIP
2013-01-31,90.62744903564453,90.68747852678499,90.37233228538861,90.46237079737193,1657800,TIP
2013-02-01,90.18476867675781,90.90510559001541,90.17726355716471,90.83007156827108,4125100,TIP
2013-02-04,90.77005004882812,90.80006480511295,90.48491272648687,90.48491272648687,2899100,TIP
2013-02-05,90.5074234008789,90.51492279601476,90.37235986695528,90.46239840641829,978800,TIP
2013-02-06,90.61248779296875,90.6725115880434,90.48492363220114,90.552458273164,3383300,TIP
2013-02-07,90.52993774414062,90.81506934181817,90.52993774414062,90.52993774414062,826400,TIP
2013-02-08,90.49991607666016,90.58996033865903,90.349848031391,90.57495009929472,1400100,TIP
2013-02-11,90.43238067626953,90.55994481086019,90.40987104214439,90.40987104214439,733600,TIP
2013-02-12,90.42483520507812,90.4848589572502,90.31978648286949,90.34229610552477,749900,TIP
2013-02-13,90.16976928710938,90.28982831612934,90.07222561957785,90.17727440760552,1108600,TIP
2013-02-14,90.32732391357422,90.41736816684177,90.1922603960371,90.28980976825905,633400,TIP
2013-02-15,90.07972717285156,90.1922753521888,89.96717326878496,90.13975096025497,917900,TIP
2013-02-19,90.03467559814453,90.22226347463648,90.01216596892193,90.1847493341747,1096300,TIP
2013-02-20,90.05716705322266,90.21474587543577,89.95962343803377,89.98213306271379,1117900,TIP
2013-02-21,90.16976928710938,90.25981355887436,90.09473525633669,90.17727440760552,1253000,TIP
2013-02-22,90.36482238769531,90.39483713167782,90.26727876329744,90.27477815574778,758900,TIP
2013-02-25,90.8150405883789,90.83005082413702,90.16973784424249,90.1847480800006,770200,TIP
2013-02-26,90.59745025634766,90.83756253849789,90.57494062438488,90.61246049414176,768900,TIP
2013-02-27,90.59745025634766,90.83756253849789,90.53742647935638,90.83756253849789,1033200,TIP
2013-02-28,90.8000259399414,90.8000259399414,90.62744259635686,90.64995222275333,1255100,TIP
2013-03-01,91.18272399902344,91.18272399902344,90.73251418354496,90.74752442140701,4043700,TIP
2013-03-04,90.89757537841797,91.0176343598501,90.8600555155386,90.9500997516127,964500,TIP
2013-03-05,90.87507629394531,90.92760067323394,90.77753265376015,90.84506154510495,3379200,TIP
2013-03-06,90.67247009277344,90.77752456671975,90.60494120744453,90.69498544594389,665000,TIP
2013-03-07,90.33480072021484,90.50738405370528,90.30478597853273,90.469864195421,594000,TIP
2013-03-08,90.04215240478516,90.20723060015007,89.9596133071027,90.0496575204088,2900200,TIP
2013-03-11,89.99715423583984,90.15472735248126,89.98964911845867,90.0646831180888,1062100,TIP
2013-03-12,90.16222381591797,90.25226231694116,90.13220907400135,90.16972320785212,1150700,TIP
2013-03-13,90.18476867675781,90.24479245931593,90.04220002813335,90.05720454259065,961900,TIP
2013-03-14,90.34232330322266,90.42486242762455,90.07970141863832,90.09470593001697,900500,TIP
2013-03-15,90.4623794555664,90.49989932230207,90.32731594993706,90.33482106822977,741800,TIP
2013-03-18,90.657470703125,90.76251945827785,90.61995083711564,90.67998033283949,829400,TIP
2013-03-19,90.74752044677734,90.89008335185227,90.72501081569858,90.7550198406515,701600,TIP
2013-03-20,90.49238586425781,90.70248335926807,90.45487172570735,90.6349544750408,1002900,TIP
2013-03-21,90.53742218017578,90.65747545318597,90.49990231220053,90.60495107285749,701000,TIP
2013-03-22,90.69497680664062,90.74750117624674,90.49237872049777,90.63494732002593,1041300,TIP
2013-03-25,90.7025146484375,90.82257367256086,90.57495622885345,90.62748062072508,639400,TIP
2013-03-26,90.75498962402344,90.76249474012694,90.50737803987043,90.58991714283019,666000,TIP
2013-03-27,91.03266906738281,91.07768833798991,90.86759077551777,90.95763504146122,636400,TIP
2013-03-28,90.99515533447266,91.01016557550774,90.830082756194,90.95764118134416,1139100,TIP
2013-04-01,91.03270721435547,91.16035558401647,90.86751992415465,90.86751992415465,4659200,TIP
2013-04-02,90.98758697509766,91.12273958593674,90.8974833250367,91.0776906251586,1313900,TIP
2013-04-03,91.22039794921875,91.31801172281347,91.04770635187211,91.06272077092092,803300,TIP
2013-04-04,91.64836120605469,91.66338135044954,91.31799249995439,91.31799249995439,2745400,TIP
2013-04-05,92.03133392333984,92.21153563335416,91.97877485256446,92.12143764260153,886300,TIP
2013-04-08,91.6258773803711,92.12143925220559,91.61086295781968,92.05386002945127,874800,TIP
2013-04-09,91.543212890625,91.77597922385513,91.46061930923766,91.70088998368136,1076200,TIP
2013-04-10,91.03270721435547,91.37059187026873,90.97264379578993,91.3630817947571,976600,TIP
2013-04-11,91.28794860839844,91.3555220657481,91.14528589376329,91.18283052240604,714000,TIP
2013-04-12,91.66340637207031,91.7384899290204,91.55828824663855,91.64088187783611,614400,TIP
2013-04-15,91.64836120605469,91.7084303266208,91.54324310931733,91.60331222988343,1087400,TIP
2013-04-16,91.49066925048828,91.55824843231213,91.3705367573097,91.37804109978568,585400,TIP
2013-04-17,91.4756851196289,91.55827874225268,91.33302236627739,91.43814048079716,621000,TIP
2013-04-18,90.83747100830078,91.53575893535492,90.77740187449857,91.46817972770044,912100,TIP
2013-04-19,91.19039154052734,91.28049526816612,90.99517539007442,91.0477344657363,870600,TIP
2013-04-22,91.43060302734375,91.45313324100043,91.31047053037096,91.40807854219297,596300,TIP
2013-04-23,91.4756851196289,91.75349482435648,91.40060157047301,91.49820961152491,550300,TIP
2013-04-24,91.61083221435547,91.63335670487824,91.42312048865598,91.42312048865598,488400,TIP
2013-04-25,91.67839050292969,91.75347403507332,91.6258314575785,91.6258314575785,872300,TIP
2013-04-26,92.01629638671875,92.0388208787488,91.89615812454835,91.89615812454835,809900,TIP
2013-04-29,91.76852416992188,92.0763684708708,91.76852416992188,92.03131948256319,660600,TIP
2013-04-30,91.71593475341797,91.87361188881852,91.55825761801744,91.77600387028664,678300,TIP
2013-05-01,91.6941146850586,91.76939562511902,91.52850580593271,91.76939562511902,2321400,TIP
2013-05-02,91.59624481201172,91.61129755206049,91.4833291606958,91.51344038392196,506600,TIP
2013-05-03,90.9714584350586,91.3026761786673,90.89618324145547,91.26503571030116,1425800,TIP
2013-05-06,90.83599853515625,91.0091367212052,90.72308282626621,91.0091367212052,821100,TIP
2013-05-07,90.82845306396484,90.85103505165459,90.73059012646911,90.74564861368236,768300,TIP
2013-05-08,90.63274383544922,90.72307179707488,90.58757411150556,90.67790781626205,782600,TIP
2013-05-09,90.59510803222656,90.7832989528349,90.58757878732553,90.75318771636184,679800,TIP
2013-05-10,90.33914184570312,90.51980346283342,90.09825777515299,90.48969223612349,654500,TIP
2013-05-13,90.06816101074219,90.22624066900529,90.04557902286605,90.15848896224671,834400,TIP
2013-05-14,89.68423461914062,90.18106123979992,89.68423461914062,90.12083878702985,965800,TIP
2013-05-15,89.71435546875,89.84232388726606,89.53369383419029,89.76704868479366,985700,TIP
2013-05-16,89.97029876708984,90.06816170614891,89.63908670379901,89.65413944812259,1047300,TIP
2013-05-17,89.51864624023438,89.82728207399404,89.50359349516025,89.82728207399404,835400,TIP
2013-05-20,89.49607849121094,89.60899419819032,89.3681100367623,89.5337189745812,1281000,TIP
2013-05-21,89.68423461914062,89.71434584552566,89.27021243525789,89.43582130881099,1008300,TIP
2013-05-22,88.8787841796875,89.91759571836894,88.84867295120156,89.69177011941885,1543400,TIP
2013-05-23,88.9013900756836,89.16485621688385,88.59275995117218,89.10463948684604,1696500,TIP
2013-05-24,88.97664642333984,89.11214408766493,88.90890046274227,88.96159367980592,792300,TIP
2013-05-28,88.17117309570312,88.96910618802829,88.17117309570312,88.91641298087625,1264300,TIP
2013-05-29,88.11099243164062,88.37445857517189,87.96043624738618,88.23143163591298,1974600,TIP
2013-05-30,87.78726196289062,88.22386033125748,87.6893990539974,88.15611438798845,1562800,TIP
2013-05-31,87.8700942993164,87.99806272822374,87.32810360849673,87.93784026410373,3125700,TIP
2013-06-03,87.78929901123047,88.10625374566997,87.16293197109107,87.47234427679096,5215700,TIP
2013-06-04,87.6233139038086,87.92517816252744,87.58557871237555,87.67613971726576,1703000,TIP
2013-06-05,87.72894287109375,87.84969084642587,87.645930077448,87.7968592890328,1543700,TIP
2013-06-06,87.63085174560547,87.80441978750505,87.2459747172481,87.3063487133789,1286700,TIP
2013-06-07,87.11770629882812,87.49503523358385,87.04978409662912,87.31391319944161,1275200,TIP
2013-06-10,86.51395416259766,87.11013440822066,86.48376716512017,86.92146999217216,2052200,TIP
2013-06-11,86.46868133544922,86.47622376705064,85.87250105679843,85.93287505509807,2558500,TIP
2013-06-12,85.8045654296875,86.491306598223,85.7819266232664,86.34037738369544,2283100,TIP
2013-06-13,86.46114349365234,86.47623411624255,85.66875050448742,86.01589815746513,2234400,TIP
2013-06-14,86.38570404052734,86.77058124093462,86.38570404052734,86.77058124093462,1083500,TIP
2013-06-17,86.10645294189453,86.56679465576121,86.03098831418797,86.49887821809992,1590000,TIP
2013-06-18,86.34038543701172,86.49131466561707,86.10643764781813,86.10643764781813,1267100,TIP
2013-06-19,85.19329071044922,86.66487063598971,85.16310371741503,86.56676722681375,2040800,TIP
2013-06-20,84.33297729492188,85.0121702098869,83.96319672472201,84.8763316268939,3001500,TIP
2013-06-21,83.34440612792969,84.32545777634284,83.33685793809167,84.18207671491173,2374200,TIP
2013-06-24,83.02748107910156,83.26897143919975,82.11434547505576,82.19735832611305,3696700,TIP
2013-06-25,83.17081451416016,83.45003990261259,83.05007229049197,83.23873669300778,1629600,TIP
2013-06-26,83.54817199707031,83.76702347001903,83.36705572060963,83.62363663246371,1148400,TIP
2013-06-27,84.24241638183594,84.48390655649074,83.96319678595441,83.96319678595441,1227000,TIP
2013-06-28,84.52920532226562,84.52920532226562,83.82737347469221,83.95566389387915,1407800,TIP
2013-07-01,84.64936065673828,84.68714611013078,84.14306786668296,84.15818435414025,1048000,TIP
2013-07-02,84.92139434814453,85.11031007252528,84.80049128247104,84.80049128247104,909700,TIP
2013-07-03,84.76271057128906,85.15565852851425,84.73248336186785,85.00452248140815,772700,TIP
2013-07-05,83.60652923583984,84.03725678837633,83.58386027495627,83.89367901578102,1234200,TIP
2013-07-08,84.1355209350586,84.22620257624239,83.84837105252055,83.84837105252055,1845500,TIP
2013-07-09,84.09774780273438,84.30177430475065,84.06752058664826,84.30177430475065,921900,TIP
2013-07-10,83.81059265136719,84.24132036444034,83.79547616164442,84.10530078319347,1062800,TIP
2013-07-11,84.39246368408203,84.52848328630411,83.99196312344274,84.42269090293722,1469400,TIP
2013-07-12,84.42266845703125,84.79294170036883,84.30931785777456,84.67959110111215,830800,TIP
2013-07-15,84.83073425292969,84.8685139456756,84.51335139540559,84.51335139540559,810600,TIP
2013-07-16,85.1707534790039,85.22364964438326,84.95161057521811,85.00450674059746,814600,TIP
2013-07-17,85.40502166748047,85.6392810957548,85.31434580579419,85.45036536357424,615400,TIP
2013-07-18,85.09521484375,85.26901411328204,84.92140980896653,85.18589648345242,795800,TIP
2013-07-19,85.70729064941406,85.75263434691372,85.34457566092158,85.35212813946252,641200,TIP
2013-07-22,85.67707824707031,85.80554535272972,85.63174030698569,85.78287061743562,639500,TIP
2013-07-23,85.4806137084961,85.52595165054949,85.2992504097784,85.4806137084961,719700,TIP
2013-07-24,84.78539276123047,84.97430852564074,84.51335359925955,84.89874337292694,753000,TIP
2013-07-25,84.83073425292969,84.91385764832272,84.50579891600728,84.64181849344577,850600,TIP
2013-07-26,84.8533935546875,84.99697136041861,84.77782841255299,84.91384797449541,1068200,TIP
2013-07-29,84.79295349121094,84.82318070623268,84.67205039637574,84.72494658135085,694000,TIP
2013-07-30,84.75515747070312,84.93651496064845,84.69470305230446,84.86094982027545,692900,TIP
2013-07-31,85.29170227050781,85.29170227050781,84.34712332797417,84.41513024451547,1334900,TIP
2013-08-01,84.69432830810547,85.00433936013222,84.618716278501,84.95141036252627,1367000,TIP
2013-08-02,85.12532043457031,85.1631235637204,84.86823261974146,84.98165354484749,768200,TIP
2013-08-05,85.13290405273438,85.14802992415683,84.92875093916867,85.04217189951837,626300,TIP
2013-08-06,85.33702850341797,85.3521485999101,85.15555850137562,85.3521485999101,614000,TIP
2013-08-07,85.54121398925781,85.62438897358982,85.39755282718126,85.44291890269706,762700,TIP
2013-08-08,85.63195037841797,85.81342044606687,85.52609235822032,85.52609235822032,573100,TIP
2013-08-09,85.71510314941406,85.76046921236296,85.53363312879053,85.54119029339671,419500,TIP
2013-08-12,85.48824310302734,85.94192671127314,85.44287704973345,85.94192671127314,557500,TIP
2013-08-13,84.73969268798828,85.1933706254268,84.71700965644055,85.1933706254268,699500,TIP
2013-08-14,84.55823516845703,84.76995118597472,84.5431092993036,84.596038303683,685700,TIP
2013-08-15,83.95333862304688,84.17261760467288,83.78698865292856,83.93821852068594,929100,TIP
2013-08-16,83.56013488769531,83.95332092331056,83.31060998512474,83.89282898896103,940700,TIP
2013-08-19,83.06109619140625,83.37111306978899,82.9930470827832,83.30305819233679,912100,TIP
2013-08-20,83.57526397705078,83.62063004827877,83.28793591122519,83.34086491726751,719400,TIP
2013-08-21,82.98546600341797,83.65085991828465,82.98546600341797,83.44670686822337,959800,TIP
2013-08-22,83.02326965332031,83.03082681737341,82.72837872807918,82.87960277272629,1111600,TIP
2013-08-23,83.60551452636719,83.64332343368055,82.98548652070146,83.12159051066854,617600,TIP
2013-08-26,83.90042114257812,83.96847603462962,83.74163408623183,83.77944300057491,484700,TIP
2013-08-27,84.41455841064453,84.49017044110691,84.19527948412393,84.24065131746387,564300,TIP
2013-08-28,84.10453033447266,84.2557543647935,83.9835464951544,84.24819143262937,474000,TIP
2013-08-29,83.99114990234375,84.16505704413524,83.76430797872122,83.80211688893489,661000,TIP
2013-08-30,83.73406219482422,84.14237419697591,83.6206412327549,84.05919920938038,1035000,TIP
2013-09-03,83.29736328125,83.45629813874658,83.00976769733239,83.38818567447665,1211300,TIP
2013-09-04,82.87352752685547,83.3730419712358,82.83568342378445,83.3730419712358,783900,TIP
2013-09-05,82.27562713623047,82.76000163345785,82.21507888052717,82.76000163345785,976500,TIP
2013-09-06,82.61621856689453,82.92651831693097,82.54053034933415,82.65405690147442,567300,TIP
2013-09-09,82.767578125,83.0021954165716,82.74487397087371,82.91894300197524,652000,TIP
2013-09-10,82.6313247680664,82.85080782143694,82.51779825436464,82.54050240226532,762400,TIP
2013-09-11,83.1005630493164,83.14597134405366,82.77512346390364,82.85837585372073,754600,TIP
2013-09-12,83.138427734375,83.44116326842015,83.0324711635892,83.42602909010792,946300,TIP
2013-09-13,83.13085174560547,83.19896997858393,82.9794868766305,83.07030926253526,868100,TIP
2013-09-16,83.35791015625,83.81201056642645,83.30493187129942,83.78930641204764,519400,TIP
2013-09-17,83.683349609375,83.72119371603443,83.52441475496533,83.69091958554688,554400,TIP
2013-09-18,84.7958984375,84.97753744423976,83.39575311940618,83.59252630412429,859900,TIP
2013-09-19,84.5234146118164,84.86398838085644,84.43259224544649,84.84128423281356,778200,TIP
2013-09-20,84.758056640625,84.87915316455093,84.44775690291496,84.53857352165933,470900,TIP
2013-09-23,85.05323791503906,85.0910820293083,84.8564646886022,84.97755546070172,703900,TIP
2013-09-24,85.06836700439453,85.12891526981086,84.9851145829972,85.12134529308372,559100,TIP
2013-09-25,85.14405059814453,85.18945891071938,84.9245674636986,85.07593812928225,459000,TIP
2013-09-26,85.02291870117188,85.08346694222085,84.88669382010879,85.00021455432802,449900,TIP
2013-09-27,85.0456314086914,85.18942626814649,85.00778731324633,85.14401797297101,360400,TIP
2013-09-30,85.20457458496094,85.20457458496094,84.84129086527993,85.06834391185541,1100100,TIP
2013-10-01,85.09632873535156,85.19475643418264,85.00546839877583,85.18718907192729,1383500,TIP
2013-10-02,85.23258209228516,85.37644278988483,85.15686806387852,85.27800935400712,423700,TIP
2013-10-03,85.29318237304688,85.44461047734704,85.12660799234956,85.23260882068206,480300,TIP
2013-10-04,85.11144256591797,85.25529748988866,85.05086903129336,85.25529748988866,377300,TIP
2013-10-07,85.20231628417969,85.36889065361531,85.16446214896982,85.32346338071888,405300,TIP
2013-10-08,84.97515106201172,85.27043980885483,84.97515106201172,85.19472000577922,614800,TIP
2013-10-09,84.98271179199219,85.20985963028062,84.92214404151017,85.20985963028062,859000,TIP
2013-10-10,84.91459655761719,84.99031060104866,84.77830896879604,84.86159614955403,516000,TIP
2013-10-11,84.8994140625,85.1492754981761,84.8994140625,85.03570159317707,641600,TIP
2013-10-14,84.52843475341797,84.95243795435363,84.50572112145504,84.86915078608264,303800,TIP
2013-10-15,84.69502258300781,84.88431058166881,84.64959531184478,84.83888331050578,517700,TIP
2013-10-16,84.86915588378906,84.98272982703594,84.52843983065912,84.57386709731358,493600,TIP
2013-10-17,85.20231628417969,85.30074974427065,85.11146173838681,85.29317660658407,503600,TIP
2013-10-18,85.32345581054688,85.37645621642753,85.24773599362223,85.34616944497986,493500,TIP
2013-10-21,85.25529479980469,85.30072783764469,85.17958077221805,85.27800843041967,391100,TIP
2013-10-22,85.6869125366211,85.7020588154269,85.54305754764286,85.64905839283222,484300,TIP
2013-10-23,85.6490249633789,85.87616706729534,85.64145182693186,85.77773939992595,369100,TIP
2013-10-24,85.67930603027344,85.74744692393017,85.48244493202593,85.71716015676823,435300,TIP
2013-10-25,85.86861419677734,85.90646833217892,85.75504023734958,85.84589478360256,538800,TIP
2013-10-28,85.83072662353516,85.93672741107643,85.80801299429199,85.82315348825088,385300,TIP
2013-10-29,85.77774047851562,85.85345451410649,85.71716693939868,85.71716693939868,409400,TIP
2013-10-30,85.66417694091797,85.96703889667526,85.58846289613147,85.80046453217818,476600,TIP
2013-10-31,85.49755096435547,85.87612673636548,85.40669647610208,85.86855938008293,1095000,TIP
2013-11-01,84.92007446289062,85.37483985635399,84.89733706061583,85.29146552624253,951100,TIP
2013-11-04,84.96551513671875,85.09436421962103,84.95035880217576,85.05647049193686,586000,TIP
2013-11-05,84.63204193115234,84.8366842960802,84.59414241266532,84.77604737956281,506200,TIP
2013-11-06,85.11709594726562,85.18530811751471,84.91244787121316,84.92760998637026,723800,TIP
2013-11-07,85.23078918457031,85.3672193177846,85.13983961752949,85.23078918457031,524400,TIP
2013-11-08,84.50315856933594,84.62443236151435,84.4046279501805,84.57895179812111,653800,TIP
2013-11-11,84.34398651123047,84.5410535215798,84.34398651123047,84.5410535215798,809100,TIP
2013-11-12,84.38948822021484,84.53349944096435,84.35917554678211,84.52591838127906,751500,TIP
2013-11-13,84.5334701538086,84.70021871318868,84.51073276528444,84.68506238172331,413100,TIP
2013-11-14,84.9958267211914,85.04888256178529,84.69264801094653,84.7002290689322,415200,TIP
2013-11-15,85.03376770019531,85.07924250498199,84.86701903910317,85.07924250498199,565800,TIP
2013-11-18,85.2611312866211,85.2611312866211,84.98069566691261,85.04890786111586,413100,TIP
2013-11-19,84.92762756347656,85.10953250444147,84.85182853730852,85.0640577148637,531900,TIP
2013-11-20,84.40463256835938,84.92761570610149,84.29852088572373,84.79876084919849,748000,TIP
2013-11-21,84.54867553710938,84.58656927649163,84.03327326373815,84.20001612579942,814500,TIP
2013-11-22,84.7835922241211,84.86696650305515,84.6850616138591,84.73811744748512,465500,TIP
2013-11-25,84.83668518066406,84.94279689434858,84.73057346697956,84.82910412035669,372400,TIP
2013-11-26,84.8291244506836,84.98071677988861,84.8291244506836,84.93523618979907,418700,TIP
2013-11-27,84.66236114501953,84.79121604823376,84.46529982510147,84.76089758763365,333800,TIP
2013-11-29,84.5941162109375,84.6623283839009,84.48042347334567,84.5713788199497,584300,TIP
2013-12-02,84.22242736816406,84.51826358927028,84.18450306054426,84.50309502368634,550300,TIP
2013-12-03,84.26795959472656,84.41208704619052,84.23762245609124,84.38933129855334,670700,TIP
2013-12-04,83.79761505126953,83.99484107357056,83.73692923097408,83.94174242764163,670300,TIP
2013-12-05,83.69905090332031,83.82800979802185,83.60802790390974,83.76732394020017,680900,TIP
2013-12-06,83.69148254394531,83.82043567140538,83.52459930260977,83.73699405073761,809600,TIP
2013-12-09,83.75972747802734,83.83558189823651,83.66111731048758,83.75214608713134,581700,TIP
2013-12-10,83.97969818115234,84.07830833558013,83.80523361660161,84.04038402417892,1088900,TIP
2013-12-11,83.84317779541016,84.03281675931449,83.79766629601613,83.94937515221083,1103600,TIP
2013-12-12,83.6080093383789,83.78247390672317,83.57766641620586,83.75971816192354,754900,TIP
2013-12-13,83.85071563720703,83.8583028117491,83.71417543204241,83.76727407919985,557200,TIP
2013-12-16,83.91141510009766,84.1162225474802,83.82797352852565,84.1162225474802,563500,TIP
2013-12-17,84.16175079345703,84.16175079345703,83.89625746162024,83.9266003834474,1164000,TIP
2013-12-18,83.79005432128906,84.16933213685925,83.68385699591502,83.92659456638714,1143500,TIP
2013-12-19,83.47904968261719,83.66868859076733,83.44870676283475,83.61558992797809,855300,TIP
2013-12-20,83.75972747802734,83.79765758179258,83.5473327865132,83.73697173069674,783000,TIP
2013-12-23,83.61558532714844,83.74453838863822,83.5700680563192,83.72178264688354,579700,TIP
2013-12-24,83.3349380493164,83.5094026369697,83.3349380493164,83.47147832054655,297600,TIP
2013-12-26,83.29700469970703,83.35769054840483,83.2287374604128,83.29700469970703,470300,TIP
2013-12-27,83.25146484375,83.43351654049883,83.2438776684174,83.33490641045135,466500,TIP
2013-12-30,83.48662567138672,83.57765442484548,83.3652597874282,83.42594562306736,633200,TIP
2013-12-31,83.36527252197266,83.50939416948135,83.19838934213244,83.45629550201589,1010000,TIP
2014-01-02,83.63837432861328,83.72181593977515,83.40321806655606,83.43356099673512,681500,TIP
2014-01-03,83.60042572021484,83.75214033753923,83.55491422867797,83.55491422867797,389700,TIP
2014-01-06,83.88107299804688,83.97209595895794,83.68384693720708,83.69143411305616,1406700,TIP
2014-01-07,83.8962631225586,83.95694897030769,83.79006578265817,83.86592019868405,392600,TIP
2014-01-08,83.84317779541016,83.85835215342277,83.69146893921545,83.72939325960319,386500,TIP
2014-01-09,84.16175079345703,84.17692514803089,83.91901320616046,83.9721118725278,740000,TIP
2014-01-10,84.60926055908203,84.63960346617074,84.44996463735461,84.50306327793042,1542300,TIP
2014-01-13,84.64720916748047,84.73823791489474,84.54101185582353,84.5713547716283,650000,TIP
2014-01-14,84.35897064208984,84.59412103467878,84.3286277225106,84.51068523998606,586300,TIP
2014-01-15,84.28311157226562,84.36655314966055,84.1769142532757,84.21483856016077,809800,TIP
2014-01-16,84.3513412475586,84.50305576952177,84.30582978462827,84.41202705634386,506900,TIP
2014-01-17,84.51068115234375,84.51068115234375,84.23760067665916,84.35137938542785,392900,TIP
2014-01-21,84.3513412475586,84.48788142366682,84.27548688023565,84.39685849780618,1651400,TIP
2014-01-22,84.20730590820312,84.35142761749206,84.17696297274146,84.20730590820312,1110400,TIP
2014-01-23,84.57134246826172,84.6927141138237,84.41204652395055,84.41963369862782,669100,TIP
2014-01-24,84.81411743164062,84.8217046096689,84.61689710147463,84.69275151979394,780000,TIP
2014-01-27,84.51828002929688,84.86721497879965,84.51828002929688,84.82170348587526,1517800,TIP
2014-01-28,84.68515014648438,84.68515014648438,84.52585415851934,84.66239440353512,770700,TIP
2014-01-29,85.00375366210938,85.0644395097593,84.70791738896726,84.82170190648061,633400,TIP
2014-01-30,84.95065307617188,84.99617035454314,84.80653142540523,84.82928717093044,472400,TIP
2014-01-31,85.11753845214844,85.1630499443711,85.00375393427078,85.0947827060371,737000,TIP
2014-02-03,85.61820220947266,85.62578360121927,85.0644538839068,85.1478954916951,670600,TIP
2014-02-04,85.24651336669922,85.38305366565096,85.13273460700816,85.38305366565096,1405400,TIP
2014-02-05,84.87480926513672,85.18581992569054,84.8520535167687,85.17064556856415,796300,TIP
2014-02-06,84.88997650146484,84.88997650146484,84.73826187953499,84.85963357707888,353100,TIP
2014-02-07,85.13273620605469,85.22375921551722,84.93551004001492,84.9734343648501,495500,TIP
2014-02-10,85.20856475830078,85.24648907161529,85.04168157521865,85.10236742130685,411100,TIP
2014-02-11,84.93546295166016,85.05682882609895,84.86718994509134,84.9885616068495,1149300,TIP
2014-02-12,84.72310638427734,84.8672280631982,84.6548333470437,84.82171656325708,409000,TIP
2014-02-13,85.0113296508789,85.04167257071019,84.86720222851037,84.9127195019174,375700,TIP
2014-02-14,84.83687591552734,84.95824761861104,84.76860867303378,84.92790469284012,336700,TIP
2014-02-18,84.99617004394531,85.1327103039185,84.89755409726862,84.9203098427107,401700,TIP
2014-02-19,84.82927703857422,85.11752609299872,84.76100402283255,85.11752609299872,500400,TIP
2014-02-20,84.57134246826172,84.82925432142164,84.48031952140882,84.71546985053692,512600,TIP
2014-02-21,84.72310638427734,84.76103070512096,84.54863598896647,84.54863598896647,292000,TIP
2014-02-24,84.72310638427734,84.81412938415957,84.62449041797564,84.76103070512096,354800,TIP
2014-02-25,85.04924774169922,85.05682913009667,84.86719024841129,84.86719024841129,328700,TIP
2014-02-26,85.24651336669922,85.276856298391,85.01895005999464,85.06446156387106,366100,TIP
2014-02-27,85.36788177490234,85.45891056643903,85.27685298336566,85.33753884439011,317300,TIP
2014-02-28,85.48921203613281,85.53472930656854,85.17820725597448,85.32233466893459,928000,TIP
2014-03-03,85.88367462158203,85.90643036590635,85.66369278091273,85.67127995812767,7719800,TIP
2014-03-04,85.32994079589844,85.58026560024715,85.30718504774337,85.58026560024715,933100,TIP
2014-03-05,85.45127868652344,85.45886586201313,85.20854115672638,85.27680837417593,1138100,TIP
2014-03-06,85.2389144897461,85.33752465702521,85.10995560967797,85.13271714426972,308800,TIP
2014-03-07,85.05681610107422,85.12508909742897,84.96579315569255,85.00371745382876,426400,TIP
2014-03-10,85.09479522705078,85.1251381554376,85.01135362081747,85.04169654920429,358600,TIP
2014-03-11,85.072021484375,85.13270732831324,84.95823697382093,85.01892281775918,510000,TIP
2014-03-12,85.25406646728516,85.36785096881486,85.16303770859737,85.23889790116394,435500,TIP
2014-03-13,85.60299682617188,85.61817117880933,85.02649295966505,85.07201023025759,543000,TIP
2014-03-14,85.58784484863281,85.74714085828025,85.51199043270368,85.70162936618698,391100,TIP
2014-03-17,85.39061737060547,85.52715763202082,85.36027444725529,85.46647178532046,430500,TIP
2014-03-18,85.55752563476562,85.55752563476562,85.33754371648442,85.40581097354277,542200,TIP
2014-03-19,84.76860046386719,85.49681324988367,84.70033322798476,85.42854601400124,560100,TIP
2014-03-20,84.50312805175781,84.56381391245252,84.44244219106311,84.53347098210517,643100,TIP
2014-03-21,84.8216781616211,84.8520210769519,84.60169636596228,84.61687071728736,300500,TIP
2014-03-24,84.92788696289062,85.00374136782153,84.67756221803052,84.69273657140877,352200,TIP
2014-03-25,84.9051513671875,84.95825004197087,84.80654119611025,84.88239561904055,369700,TIP
2014-03-26,85.20099639892578,85.20099639892578,84.90516006805593,84.92032863926784,376300,TIP
2014-03-27,85.23130798339844,85.36784822337891,85.12511066200474,85.17820932270159,230500,TIP
2014-03-28,85.01890563964844,85.27681174329503,84.92787689213347,85.27681174329503,303400,TIP
2014-03-31,85.03410339355469,85.03410339355469,84.77619720137668,84.82170869709716,407700,TIP
2014-04-01,84.7382583618164,84.90514154535093,84.72308979391364,84.88997297744817,6684900,TIP
2014-04-02,84.54865264892578,84.68519296297579,84.50314114001681,84.57140840338026,867400,TIP
2014-04-03,84.64720916748047,84.75341226645683,84.60169768743305,84.61687203899514,1901600,TIP
2014-04-04,85.03410339355469,85.10995781552931,84.80654012763081,84.80654012763081,410200,TIP
2014-04-07,85.16303253173828,85.29957276780993,85.10993387256153,85.14027679027964,583400,TIP
2014-04-08,85.20856475830078,85.25407624920652,85.00375147458332,85.14029173462136,337900,TIP
2014-04-09,85.269287109375,85.33755437495978,85.0189622275842,85.0189622275842,347200,TIP
2014-04-10,85.56507873535156,85.73195611524805,85.32992255094602,85.32992255094602,428700,TIP
2014-04-11,85.78504943847656,85.8684910168906,85.67885211818958,85.82297953314472,509800,TIP
2014-04-14,85.61820220947266,85.76232388784359,85.58785928052036,85.70922520900757,244600,TIP
2014-04-15,85.83056640625,85.94435090253252,85.63334033184829,85.68643899180415,324500,TIP
2014-04-16,85.88367462158203,85.94436046466056,85.67127995812767,85.6788613480221,359500,TIP
2014-04-17,85.77748107910156,85.96712000660897,85.65610938758286,85.92918990617918,688900,TIP
2014-04-21,85.77748107910156,86.01263149726809,85.7471381562219,85.83816692486093,321500,TIP
2014-04-22,85.77748107910156,85.83057974731081,85.60301071937361,85.61059789692374,324000,TIP
2014-04-23,86.0429458618164,86.10363168743366,85.91399282286889,85.9974343862629,868400,TIP
2014-04-24,86.09607696533203,86.12641988957809,85.9367809535311,85.99746680202318,617000,TIP
2014-04-25,86.13398742675781,86.36155062573144,86.10364450943071,86.1794989090886,259000,TIP
2014-04-28,85.8760986328125,86.11883624943142,85.85334288552343,86.08091193305673,297600,TIP
2014-04-29,85.82296752929688,85.85331044332344,85.64850300779301,85.69401448517331,372200,TIP
2014-04-30,86.15679931640625,86.16438071018902,85.80786422072283,85.91406160691676,757000,TIP
2014-05-01,86.4669418334961,86.58097958202222,86.21604718574689,86.23125028538509,559700,TIP
2014-05-02,86.69508361816406,86.79392413650883,86.24651935967593,86.30733760115744,1284500,TIP
2014-05-05,86.51258850097656,86.77108189262006,86.46697338492136,86.75587878743431,332900,TIP
2014-05-06,86.48214721679688,86.62660276940564,86.44413076595373,86.62660276940564,583700,TIP
2014-05-07,86.53535461425781,86.60378305606586,86.36809153483276,86.49733816875386,274900,TIP
2014-05-08,86.65704345703125,86.75587814124738,86.48217584595879,86.55820297231719,283300,TIP
2014-05-09,86.60381317138672,86.67223583649266,86.5277802539394,86.57340116450723,230600,TIP
2014-05-12,86.36808776855469,86.53535084068585,86.26925313524761,86.53535084068585,817700,TIP
2014-05-13,86.5886001586914,86.5886001586914,86.40613392657052,86.4973641423825,475500,TIP
2014-05-14,87.08277130126953,87.19681485346567,86.88509619749598,86.88509619749598,267600,TIP
2014-05-15,87.4857406616211,87.61498734416861,87.29566996358155,87.29566996358155,568100,TIP
2014-05-16,87.39449310302734,87.62258023076812,87.38689445246683,87.53894867062961,573500,TIP
2014-05-19,87.13602447509766,87.54657794112492,87.11321691595697,87.51616592877124,503700,TIP
2014-05-20,87.30325317382812,87.37167582423565,87.05996297155251,87.14359452238125,434800,TIP
2014-05-21,87.25004577636719,87.26524887841006,87.09038710268152,87.20442486924502,410300,TIP
2014-05-22,87.38687896728516,87.43249406455156,87.10557233298601,87.1663963296716,396300,TIP
2014-05-23,87.59219360351562,87.66062208186104,87.47815000660549,87.52377092566852,426200,TIP
2014-05-27,87.64537811279297,87.66058701322909,87.41729681071493,87.58455411204044,538700,TIP
2014-05-28,88.12437438964844,88.1547805945392,87.8582707926303,87.8582707926303,366600,TIP
2014-05-29,88.08636474609375,88.45129723797909,88.07876029403441,88.15478741313574,329800,TIP
2014-05-30,87.88107299804688,88.0635450192677,87.87347434753511,87.98751791067399,804700,TIP
2014-06-02,87.52554321289062,87.84668034483214,87.44143503544589,87.7625721673874,2089800,TIP
2014-06-03,87.01324462890625,87.34967147588632,86.95972177823535,87.34202952118562,780600,TIP
2014-06-04,86.78385925292969,87.01324623635875,86.74562614450707,86.96736533954096,827800,TIP
2014-06-05,87.00560760498047,87.1050055303659,86.82210149905588,86.85268098874836,880600,TIP
2014-06-06,87.00560760498047,87.27322189144425,86.94443695848763,87.25028435739792,518300,TIP
2014-06-09,86.99791717529297,87.05144000635245,86.85263841946676,86.92910460688122,304500,TIP
2014-06-10,86.85267639160156,86.93678456768886,86.79151158190012,86.8450344363599,673300,TIP
2014-06-11,86.93677520751953,87.01324142013233,86.86031482845974,86.92148546512877,244600,TIP
2014-06-12,87.1967544555664,87.2885104178928,86.95972551149838,87.01324836446707,794800,TIP
2014-06-13,87.05146026611328,87.16615374037688,86.86795420742295,86.91382926370743,316600,TIP
2014-06-16,87.13558197021484,87.19675261047139,87.00559873483468,87.09735469521951,369200,TIP
2014-06-17,87.01324462890625,87.18145513561969,86.95972177823535,87.16616539266509,275400,TIP
2014-06-18,87.44136047363281,87.47194576967368,87.11257583312937,87.12022361552678,282200,TIP
2014-06-19,87.31907653808594,87.7013842389244,87.21203084853538,87.65550918156062,339600,TIP
2014-06-20,87.64020538330078,87.64020538330078,87.34964784379368,87.35729562997851,377200,TIP
2014-06-23,87.56376647949219,87.80080125668523,87.54082894734042,87.74727840381328,372500,TIP
2014-06-24,87.96136474609375,87.96901253422142,87.65551739007135,87.77785866590156,374900,TIP
2014-06-25,87.99957275390625,88.16014710166718,87.95369770228989,88.0913286906908,466800,TIP
2014-06-26,88.1678237915039,88.28251729928434,88.09136339750167,88.14488625665865,315400,TIP
2014-06-27,88.1983642578125,88.35129080159213,88.16013699703096,88.31305770725943,212200,TIP
2014-06-30,88.20603942871094,88.27485201961264,88.12957904985807,88.27485201961264,358100,TIP
2014-07-01,87.8563461303711,88.05574241321071,87.81800451701835,88.00973013678679,495000,TIP
2014-07-02,87.44220733642578,87.67995105438341,87.43454252529877,87.65694491900061,596700,TIP
2014-07-03,87.51121520996094,87.53422134103658,87.2734773875128,87.3194896496641,308900,TIP
2014-07-07,87.6799087524414,87.76426844214551,87.60321972116441,87.61088452859349,466400,TIP
2014-07-08,87.96370697021484,88.0404018945299,87.84867628574476,87.84867628574476,324400,TIP
2014-07-09,88.1784439086914,88.24746231885827,87.86401110415028,87.93303536531835,517300,TIP
2014-07-10,88.28579711914062,88.45451071457492,88.21677286787174,88.43917524262648,346900,TIP
2014-07-11,88.41614532470703,88.52351115246513,88.38546853806204,88.43915145194109,804400,TIP
2014-07-14,88.23977661132812,88.36248378759358,88.17842887419559,88.33947765479385,331300,TIP
2014-07-15,88.04804992675781,88.34714135138437,87.97903152922866,88.17075710147647,356800,TIP
2014-07-16,88.02503967285156,88.08639325733827,87.96368608836485,88.03271033366237,511700,TIP
2014-07-17,88.57720947265625,88.60788626463689,88.14774608692694,88.27811806459479,542900,TIP
2014-07-18,88.40847778320312,88.5388497427931,88.2934412919771,88.5388497427931,390900,TIP
2014-07-21,88.56954956054688,88.69225674336094,88.49286049678835,88.52353729249187,670800,TIP
2014-07-22,88.49285888671875,88.52353568186412,88.35481623406478,88.50820020979164,289300,TIP
2014-07-23,88.48519134521484,88.60022786831613,88.4621852107947,88.52353880324881,426800,TIP
2014-07-24,88.32415008544922,88.34715622183128,88.18610741615568,88.26279648776296,290200,TIP
2014-07-25,88.70758056640625,88.71525122707493,88.5311963280249,88.58487925070615,226300,TIP
2014-07-28,88.60790252685547,88.71526839299266,88.49286599856536,88.6309086623133,844400,TIP
2014-07-29,88.7382583618164,88.76126449308292,88.54653279992907,88.75359968332728,291200,TIP
2014-07-30,88.15540313720703,88.49284196829277,88.14006766806645,88.45449451894237,673400,TIP
2014-07-31,88.12474060058594,88.33947229502199,87.92534437675252,87.97902730036154,585800,TIP
2014-08-01,88.46014404296875,88.53707142438596,88.0139628830758,88.29859478123774,687300,TIP
2014-08-04,88.32938385009766,88.56786053898809,88.30630621816428,88.50632214356044,822300,TIP
2014-08-05,88.42936706542969,88.50630031180941,88.08319093345163,88.2216625600794,540700,TIP
2014-08-06,88.43704986572266,88.68322096170006,88.42935536826596,88.63706571532363,470800,TIP
2014-08-07,88.82169342041016,88.83708241547089,88.39858996315098,88.50628945184837,329200,TIP
2014-08-08,88.74475860595703,89.02170180199218,88.66013674776954,88.83707496102923,349900,TIP
2014-08-11,88.75250244140625,88.8525074797757,88.68326366931609,88.80635221117205,348500,TIP
2014-08-12,88.48320770263672,88.73707330350328,88.4755190741368,88.71399567963942,626500,TIP
2014-08-13,88.73707580566406,88.76015343017865,88.498599193437,88.56014343826406,351600,TIP
2014-08-14,88.82941436767578,88.94480838826311,88.70632584726698,88.9140362581609,458400,TIP
2014-08-15,89.04478454589844,89.34480538066542,88.86015769431457,88.86784632246012,514800,TIP
2014-08-18,88.69861602783203,88.92939814469254,88.63707178232964,88.89862602194135,514300,TIP
2014-08-19,88.537109375,88.86790253915007,88.44479882540449,88.86790253915007,424300,TIP
2014-08-20,88.27552795410156,88.51400462642701,88.19860056327242,88.46784936576627,409600,TIP
2014-08-21,88.44478607177734,88.52171347507593,88.2601591300238,88.2601591300238,397300,TIP
2014-08-22,88.40629577636719,88.5986171677372,88.19089675710205,88.52168978502581,406200,TIP
2014-08-25,88.51400756835938,88.52170206845314,88.36015278158743,88.46785230616457,249200,TIP
2014-08-26,88.44478607177734,88.60633537945978,88.39093630254986,88.57556324430341,658300,TIP
2014-08-27,88.60630798339844,88.66015773597618,88.48321948083053,88.59861348469222,467100,TIP
2014-08-28,88.74475860595703,88.8832302039746,88.66013674776954,88.86784121020517,243900,TIP
2014-08-29,88.6601791381836,88.80634530297118,88.60632937260672,88.72172340432408,430500,TIP
2014-09-02,88.18550872802734,88.32421388482996,88.17780125290471,88.32421388482996,1123900,TIP
2014-09-03,88.3472900390625,88.37040657478065,88.08528891640753,88.12382039532329,1067500,TIP
2014-09-04,88.01594543457031,88.4089442063637,87.99282889724341,88.26253163118841,312100,TIP
2014-09-05,87.9234848022461,88.26254307119697,87.89266078878879,88.20089504428238,327800,TIP
2014-09-08,87.70772552490234,88.1084259551099,87.65378496931518,88.06990034630742,320800,TIP
2014-09-09,87.45343017578125,87.6614907999181,87.44572858161285,87.54590221751756,542000,TIP
2014-09-10,87.12208557128906,87.23767416191036,87.07585248667252,87.19144107729382,1861100,TIP
2014-09-11,87.16059875488281,87.37636094321684,87.16059875488281,87.25307078377398,808100,TIP
2014-09-12,86.81387329101562,87.00651901813495,86.80616581578816,86.92175442787597,690800,TIP
2014-09-15,86.91402435302734,87.0141979886128,86.89090781243682,86.96025743420842,650800,TIP
2014-09-16,86.89090728759766,87.04502147665664,86.86008327396996,86.96796438212715,485400,TIP
2014-09-17,86.30528259277344,86.86010320723706,86.30528259277344,86.81387011572536,648700,TIP
2014-09-18,86.08179473876953,86.39002900184445,86.05097072455408,86.36691246095275,493400,TIP
2014-09-19,86.33609771728516,86.3669217348104,86.0740965078606,86.20510005211298,391100,TIP
2014-09-22,86.27446746826172,86.44399666006002,86.19741034810288,86.42088011192051,1131400,TIP
2014-09-23,86.59808349609375,86.61349844269625,86.38232127629517,86.40543781711938,571300,TIP
2014-09-24,86.52101135253906,86.72136446996917,86.4516617421278,86.62889244367561,927000,TIP
2014-09-25,86.83702850341797,86.8601450603124,86.65208429009522,86.69061580430838,672800,TIP
2014-09-26,86.39002227783203,86.613491954191,86.35149079329186,86.613491954191,338900,TIP
2014-09-29,86.45167541503906,86.56725811733801,86.41314392821977,86.51331756323867,3329800,TIP
2014-09-30,86.35919189453125,86.58266155440288,86.35148442237603,86.40542496930514,609400,TIP
2014-10-01,86.97566223144531,87.08354332766545,86.66742800835401,86.66742800835401,1272600,TIP
2014-10-02,86.75994873046875,87.01424256539653,86.73683217803578,86.92177635566462,2814300,TIP
2014-10-03,86.62120819091797,86.73679089807447,86.52102867260938,86.6828503417082,631600,TIP
2014-10-06,86.6982650756836,86.78302964677655,86.58267648973138,86.65973358733962,1593600,TIP
2014-10-07,87.06044006347656,87.15290622914668,86.81385382322341,86.88320344747599,501800,TIP
2014-10-08,87.53820037841797,87.58443934180193,86.89091368184148,87.0527353559856,753400,TIP
2014-10-09,87.44570922851562,87.76164501280407,87.42258681388927,87.65376392752721,254200,TIP
2014-10-10,87.68463134765625,87.69233882301438,87.49969309262909,87.53051123589934,307000,TIP
2014-10-13,88.093017578125,88.13925066068232,87.63066911531276,87.82331479807449,410900,TIP
2014-10-14,87.88494873046875,87.96971328761374,87.68459560639161,87.86182631381934,411500,TIP
2014-10-15,87.98514556884766,89.58025175197773,87.79249986615524,88.64013978218586,909900,TIP
2014-10-16,87.87726593017578,88.3781459414535,87.80791041891314,88.33961444863199,455000,TIP
2014-10-17,87.846435546875,88.02367217029985,87.7077304134799,87.83872807305306,359900,TIP
2014-10-20,87.87726593017578,88.0544966873618,87.77709227955239,88.0544966873618,271400,TIP
2014-10-21,87.70004272460938,87.82333881725592,87.63069308180667,87.70004272460938,573000,TIP
2014-10-22,87.6614990234375,87.81561322837595,87.59985098983007,87.75396519476854,389600,TIP
2014-10-23,87.34549713134766,87.52273363618828,87.2299086176756,87.49961710926908,448900,TIP
2014-10-24,87.29933166503906,87.45344588320036,87.18374306187779,87.3224482098552,409400,TIP
2014-10-27,87.2530746459961,87.38407228341478,87.21454316248285,87.2530746459961,364100,TIP
2014-10-28,87.21453094482422,87.33011950009248,87.08353332575665,87.19141440958619,437900,TIP
2014-10-29,87.09896850585938,87.32243821196374,86.82155824166635,87.26849765387509,326100,TIP
2014-10-30,87.06814575195312,87.26079144493059,87.06044415717162,87.09896976831912,297200,TIP
2014-10-31,87.13750457763672,87.28391131210186,87.04503252501645,87.19144513856182,430300,TIP
2014-11-03,87.13750457763672,87.13750457763672,86.84467935054599,87.07585654255654,2289200,TIP
2014-11-04,87.106689453125,87.2608036774793,86.98339337037692,87.08357290737995,1765900,TIP
2014-11-05,87.19143676757812,87.19143676757812,86.93714305659653,86.95255212434708,370400,TIP
2014-11-06,87.0450439453125,87.17604162773459,87.006518327643,87.0758679668967,1014200,TIP
2014-11-07,87.55363464355469,87.56133623991803,87.18375225027242,87.19145972571695,693100,TIP
2014-11-10,87.24536895751953,87.55360319469153,87.19142840694536,87.53818824933944,444800,TIP
2014-11-11,87.22996520996094,87.24538015729186,87.09896755304725,87.1914395997933,200800,TIP
2014-11-12,87.106689453125,87.35327573954035,87.04504141175096,87.26851115242125,451800,TIP
2014-11-13,87.00651550292969,87.11439663543146,86.93715998684667,87.05274859426451,269100,TIP
2014-11-14,87.22996520996094,87.24538015729186,86.85238130747096,86.90632186496953,462000,TIP
2014-11-17,86.92942810058594,87.25307728628553,86.90631156141006,87.22995486803052,417400,TIP
2014-11-18,87.00651550292969,87.00651550292969,86.89092689551185,86.96798400743015,565000,TIP
2014-11-19,86.63660430908203,86.90630705060036,86.55954722280235,86.73677793333775,375700,TIP
2014-11-20,86.86006164550781,86.98335179023942,86.67512348887139,86.96023525554462,306900,TIP
2014-11-21,87.12208557128906,87.14520211359734,86.99108791215555,86.99108791215555,379200,TIP
2014-11-24,87.19143676757812,87.20684583532869,86.9756745445924,86.9756745445924,446800,TIP
2014-11-25,87.26849365234375,87.33014168135541,87.06814049759562,87.13749600000367,484700,TIP
2014-11-26,87.31473541259766,87.41491493946818,87.28391139502828,87.35326690432943,421800,TIP
2014-11-28,87.27618408203125,87.39177264408555,87.16059551997697,87.19141952846334,484100,TIP
2014-12-01,87.06803131103516,87.47665568175975,87.06803131103516,87.40726930131024,3262700,TIP
2014-12-02,86.57459259033203,86.95237658783945,86.56688103220463,86.95237658783945,1226000,TIP
2014-12-03,86.68256378173828,86.69798102165039,86.49752749180486,86.5823370168155,1013100,TIP
2014-12-04,86.85218811035156,86.89073415357336,86.63631144527602,86.65172868612515,332500,TIP
2014-12-05,86.35098266601562,86.69022055164845,86.19678683556101,86.68250899546756,425400,TIP
2014-12-08,86.42040252685547,86.84445004828305,86.2199490459953,86.2816297549659,376100,TIP
2014-12-09,86.79046630859375,86.82901821576864,86.61313577066245,86.62855888641049,370100,TIP
2014-12-10,86.96781158447266,87.02178073434627,86.62086200768849,86.72109463045102,1044100,TIP
2014-12-11,86.85218811035156,86.913868838144,86.63631144527602,86.85989967187511,309000,TIP
2014-12-12,86.9524154663086,87.06035379957248,86.55150249735672,86.85218869462012,407500,TIP
2014-12-15,86.61312866210938,86.79045918548671,86.54374229352347,86.64396900887911,369500,TIP
2014-12-16,87.15283203125,87.20680117134062,86.7596249350497,86.9138266797337,410500,TIP
2014-12-17,86.74420928955078,87.3147410498375,86.69794582420117,87.05260690236894,771200,TIP
2014-12-18,86.19681549072266,86.49750157760458,86.14284634390272,86.49750157760458,433300,TIP
2014-12-19,86.6208724975586,86.6208724975586,86.19683080639876,86.2045364843166,349400,TIP
2014-12-22,86.70567321777344,86.76735392804127,86.54376576496756,86.56689456076893,574500,TIP
2014-12-23,86.0811767578125,86.62857985546682,86.05804796078715,86.55918758219416,464500,TIP
2014-12-24,85.98863983154297,86.0040629481803,85.7265056706633,85.7958920489448,412100,TIP
2014-12-26,86.01947021484375,86.13512004744047,85.92694917232741,86.01947021484375,303300,TIP
2014-12-29,86.15056610107422,86.31247356799652,85.980947074147,86.15827766107913,1033000,TIP
2014-12-30,86.12743377685547,86.3356047130871,86.09659342029536,86.22766052402842,413300,TIP
2014-12-31,86.35871887207031,86.47436871901883,86.12741917817328,86.14284229493738,493100,TIP
2015-01-02,86.91382598876953,86.93695477973948,86.52061889569524,86.52061889569524,714500,TIP
2015-01-05,86.98324584960938,87.15286489161787,86.87530752873076,86.93698824986063,866400,TIP
2015-01-06,86.99092102050781,87.53832395660343,86.91382309244553,87.1528284340971,1043400,TIP
2015-01-07,87.06034088134766,87.09118124087517,86.62858761235671,86.8059123268935,682500,TIP
2015-01-08,86.92151641845703,87.02174900467298,86.81357815806604,86.91381074428197,567600,TIP
2015-01-09,87.18367004394531,87.26076797312378,86.82130330639208,86.82901486396841,467400,TIP
2015-01-12,87.16053771972656,87.2376356457793,86.99862442816269,87.0911454687428,421600,TIP
2015-01-13,87.02180480957031,87.0911912148057,86.73653586291884,86.79821658903772,345300,TIP
2015-01-14,87.5383529663086,87.6462912778049,87.3147647832957,87.3147647832957,450900,TIP
2015-01-15,88.23226928710938,88.2476865289674,87.65402566116036,87.6694429030184,691300,TIP
2015-01-16,87.73878479003906,88.22450703919237,87.73878479003906,88.09343997100426,1520200,TIP
2015-01-20,87.94695281982422,88.17054094031008,87.8158857471172,87.84672609637683,654800,TIP
2015-01-21,87.58460998535156,88.13972465921863,87.53064082995876,87.97010563307072,664300,TIP
2015-01-22,87.60771942138672,87.869859462644,87.214518182794,87.86214790437882,676100,TIP
2015-01-23,88.13970184326172,88.15511907701298,87.87756769412354,87.89298492787479,727100,TIP
2015-01-26,87.99319458007812,88.17823664236242,87.862127530939,88.04716371102919,368100,TIP
2015-01-27,88.2707748413086,88.36329589661061,88.13970775794414,88.247646048032,368700,TIP
2015-01-28,88.61003875732422,88.71797707899663,88.2399603100207,88.286223792307,426200,TIP
2015-01-29,88.50978088378906,88.56375002565424,88.25535240834093,88.4403886258508,309700,TIP
2015-01-30,89.14969635009766,89.2113770481465,88.84901029985342,89.03405239399997,1206900,TIP
2015-02-02,89.08804321289062,89.249950673021,88.9569702270928,89.0417797369987,1182900,TIP
2015-02-03,88.67940521240234,88.78734939199418,88.5791784740194,88.76421471495561,1465900,TIP
2015-02-04,88.86441802978516,88.9183871606851,88.32472083859173,88.44037065686133,531700,TIP
2015-02-05,88.47894287109375,88.71794823678235,88.41726216956268,88.68710788601682,341500,TIP
2015-02-06,87.78504180908203,88.0317587108777,87.65397474173324,87.90069164352889,556300,TIP
2015-02-09,87.630859375,87.92383390257568,87.630859375,87.87757631458895,360200,TIP
2015-02-10,87.33785247802734,87.70021915988296,87.26846611709024,87.66166726012187,457700,TIP
2015-02-11,87.17597198486328,87.37643133752276,86.96780695562926,87.35330254340741,1501500,TIP
2015-02-12,87.03719329833984,87.41497732717556,87.01406450423502,87.17597194516462,464000,TIP
2015-02-13,86.85985565185547,87.08343788294654,86.82901530358895,87.04489185925962,506800,TIP
2015-02-17,86.42040252685547,86.85987316662379,86.30475855028082,86.74422330785298,639800,TIP
2015-02-18,86.78274536132812,86.99862190088254,86.40496141710788,86.5668688217737,586100,TIP
2015-02-19,86.71337127685547,86.80588644565742,86.52833505705618,86.62085022585813,606600,TIP
2015-02-20,86.72107696533203,87.12198972812755,86.5900040147419,86.9215304056323,505900,TIP
2015-02-23,86.88301086425781,86.96010881727267,86.75964943367661,86.8136185890067,290100,TIP
2015-02-24,87.40729522705078,87.45355282773752,86.6748498837252,86.81362856798287,504300,TIP
2015-02-25,87.55374908447266,87.6077182272024,87.21451699396943,87.37642442215866,419800,TIP
2015-02-26,87.49205017089844,87.88525129584576,87.48433861486208,87.76960148407558,532700,TIP
2015-02-27,88.00092315673828,88.0086347147068,87.53061811797744,87.79275814915007,599500,TIP
2015-03-02,87.2839126586914,87.93154832255856,87.25307230496477,87.93154832255856,960100,TIP
2015-03-03,87.40729522705078,87.49210474977477,87.25309342109924,87.26851654279312,3945400,TIP
2015-03-04,87.49205017089844,87.66166322834175,87.35327157321298,87.53830774272899,445200,TIP
2015-03-05,87.33785247802734,87.54602332522671,87.14510474361002,87.46891952570455,429600,TIP
2015-03-06,86.32787322998047,86.82901861458008,86.29703288053793,86.79817826513754,494000,TIP
2015-03-09,86.19681549072266,86.5591764009732,86.18910393197814,86.51291881289778,660800,TIP
2015-03-10,86.29704284667969,86.38956390569223,86.18139299346298,86.26620249367551,708500,TIP
2015-03-11,86.44352722167969,86.48978480696762,86.2661966744168,86.42039254684023,360900,TIP
2015-03-12,86.2507553100586,86.69021989393333,86.18907462546716,86.60541042316856,366300,TIP
2015-03-13,85.9732437133789,86.25080105906802,85.9732437133789,86.11972806423924,291200,TIP
2015-03-16,86.0965576171875,86.29701691036928,85.96549056795845,86.28159967959874,305400,TIP
2015-03-17,86.181396484375,86.19681960259977,85.96551988679721,86.05032939044507,287700,TIP
2015-03-18,87.49979400634766,87.54605748054905,86.2199516092383,86.32788991204765,518700,TIP
2015-03-19,87.4458236694336,87.65399459502683,87.0680396147225,87.42269487374463,390400,TIP
2015-03-20,87.70796203613281,87.73109083137096,87.53063146898008,87.65399288651174,370700,TIP
2015-03-23,87.66943359375,87.78508348309907,87.53836646418,87.71569119661055,402200,TIP
2015-03-24,88.09346008300781,88.14742923412395,87.7773508534731,87.84674312330601,323300,TIP
2015-03-25,88.07032775878906,88.36330229851124,88.02406428668846,88.30933314955726,369400,TIP
2015-03-26,87.60001373291016,88.07031878969724,87.52290991466009,88.07031878969724,502800,TIP
2015-03-27,87.63854217529297,87.80816112989655,87.55373269799118,87.70793442135547,522400,TIP
2015-03-30,87.3764419555664,87.63857616365625,87.33017847951787,87.63857616365625,385500,TIP
2015-03-31,87.57691192626953,87.64630421229883,87.14515861656781,87.28393730642874,450300,TIP
2015-04-01,88.2553482055664,88.29389422952292,87.90069302131334,87.95466216060849,910600,TIP
2015-04-02,87.93155670166016,88.23994850392141,87.90842202251363,88.16285055335611,1088300,TIP
2015-04-06,88.2784652709961,88.57915127601609,88.15510389345239,88.5020533561484,708600,TIP
2015-04-07,88.47124481201172,88.48666204864917,88.10887798797015,88.16284713949572,360100,TIP
2015-04-08,88.2553482055664,88.32473457800515,87.97007939375209,88.16282716011973,966400,TIP
2015-04-09,87.93923950195312,88.25534866389128,87.86985312915405,88.23992554847256,369200,TIP
2015-04-10,87.85443878173828,88.09345003702167,87.79276396049333,88.03176933358108,399100,TIP
2015-04-13,87.8775863647461,87.9238439580231,87.7156730238836,87.73109614310694,305700,TIP
2015-04-14,88.10888671875,88.35560370477091,88.04720600169553,88.21682503249684,328400,TIP
2015-04-15,88.37869262695312,88.44808487287908,88.22449678608653,88.29388314981821,477900,TIP
2015-04-16,88.47894287109375,88.50207166361903,88.06260695905216,88.27848353221547,362700,TIP
2015-04-17,89.04176330566406,89.11886124166126,88.5483294566474,88.56375257316412,7973900,TIP
2015-04-20,88.80278015136719,88.9415588237526,88.71025907571126,88.89530122702311,806100,TIP
2015-04-21,88.48666381835938,88.7410923444383,88.40956586923753,88.64857715837067,2082000,TIP
2015-04-22,88.07805633544922,88.42500599652644,88.00866993255234,88.40187719556081,360900,TIP
2015-04-23,88.30160522460938,88.45580696603807,88.11656901708994,88.1396978077555,545200,TIP
2015-04-24,88.67940521240234,88.6871167714152,88.46352861761075,88.47895173563646,405400,TIP
2015-04-27,88.69483947753906,88.81048934848252,88.54834924886424,88.67171067978973,875900,TIP
2015-04-28,88.18595123291016,88.59458141679131,88.16282244333465,88.42496245031134,1152900,TIP
2015-04-29,88.0240707397461,88.20911287732184,87.75422497519376,87.94697279018779,583800,TIP
2015-04-30,88.17052459716797,88.22449372781988,87.72334843908406,87.9238077310172,674700,TIP
2015-05-01,87.80819702148438,88.07033711725626,87.67712991469679,88.00865640269855,939700,TIP
2015-05-04,87.46893310546875,87.92382088805698,87.36099482801289,87.86214019174078,1155200,TIP
2015-05-05,87.43045806884766,87.57694248878921,87.1606121561135,87.56923680713948,516400,TIP
2015-05-06,86.72879791259766,87.29162407333494,86.62857117479885,87.28391251436703,1082200,TIP
2015-05-07,86.9524154663086,87.12974608935527,86.74425036135624,86.86760593557297,353400,TIP
2015-05-08,87.31478118896484,87.57691545693808,87.2453947823359,87.48440024809949,650700,TIP
2015-05-11,86.5206298828125,87.03719255405568,86.4897895302045,87.02948099535473,656700,TIP
2015-05-12,86.60547637939453,86.76738388810574,86.38188813911763,86.47440923646617,477800,TIP
2015-05-13,86.47441864013672,86.96014121909029,86.47441864013672,86.91388360648489,391100,TIP
2015-05-14,86.63626098632812,86.8367144116079,86.52832271665609,86.60542064039404,493800,TIP
2015-05-15,87.23766326904297,87.27620930317735,86.8136157181888,86.85987919422526,289500,TIP
2015-05-18,86.77509307861328,86.96784094783969,86.70570078694873,86.94470626248608,463400,TIP
2015-05-19,86.35871887207031,86.65169338643707,86.27390937645444,86.2816209348365,393200,TIP
2015-05-20,86.59001159667969,86.86756887299332,86.45123295852287,86.54375401135924,391400,TIP
2015-05-21,86.92151641845703,86.99861433556575,86.7133514540441,86.7133514540441,498800,TIP
2015-05-22,87.06803131103516,87.12200045656112,86.8598662874909,87.09887166307796,468900,TIP
2015-05-26,87.13740539550781,87.27618401901947,86.9677923065001,87.0063383294676,408200,TIP
2015-05-27,87.06034088134766,87.1066043617375,86.84446424685218,86.99095448405859,377300,TIP
2015-05-28,87.00636291503906,87.05262639074563,86.80590353950136,86.944682202228,377300,TIP
2015-05-29,87.2839126586914,87.47666045783582,87.15284556700026,87.19139159751153,561300,TIP
2015-06-01,86.74420928955078,87.20680276768041,86.6825285905481,87.16825086025494,1019100,TIP
2015-06-02,86.38959503173828,86.55150253169836,86.3433315444654,86.5360794085414,1524800,TIP
2015-06-03,85.85757446289062,86.1120029527198,85.68024391119876,86.05032224933171,564500,TIP
2015-06-04,86.0965576171875,86.26617656663407,85.95777901147612,85.99633091169366,304400,TIP
2015-06-05,85.85757446289062,86.02719345611008,85.64169788322792,85.71879582136522,295100,TIP
2015-06-08,85.9732437133789,86.08118202756945,85.88843419762962,86.05034166891545,288500,TIP
2015-06-09,85.7804946899414,85.92697903876366,85.6648448171472,85.87300988241927,311100,TIP
2015-06-10,85.47209930419922,85.77278545228765,85.38728978733356,85.71881629448195,417900,TIP
2015-06-11,85.89612579345703,85.9115430281022,85.57230504395237,85.68795489147578,427900,TIP
2015-06-12,85.94239044189453,86.1736842737523,85.78818867179328,85.80361178990145,376300,TIP
2015-06-15,86.21992492675781,86.2584709474344,85.97320804208843,86.18137302388669,298800,TIP
2015-06-16,86.72879791259766,86.72879791259766,86.28162748979099,86.35872543288207,374400,TIP
2015-06-17,86.82902526855469,86.85215406186022,86.18910120352193,86.56688521930214,867000,TIP
2015-06-18,86.6208724975586,86.63629561778804,86.3278979173647,86.44354779029806,394900,TIP
2015-06-19,86.82132720947266,86.92155395677894,86.62857939236294,86.62857939236294,446200,TIP
2015-06-22,86.4358139038086,86.69024238210373,86.36642164509385,86.57459253904273,373800,TIP
2015-06-23,86.24307250976562,86.48207788950613,86.0888766290677,86.15826301072302,407400,TIP
2015-06-24,86.39727020263672,86.52063161553919,86.23536275984917,86.32017226067063,502800,TIP
2015-06-25,86.30474090576172,86.42809641628739,86.18909107063487,86.31244658116054,402100,TIP
2015-06-26,85.91925048828125,86.081157914213,85.865281346304,86.01176565613065,370300,TIP
2015-06-29,86.55147552490234,86.66712538370113,86.10429920805167,86.23536630299876,564800,TIP
2015-06-30,86.38959503173828,86.79050800084923,86.38959503173828,86.41272383427572,384600,TIP
2015-07-01,86.07345581054688,86.30475551996716,86.05803857494364,86.12742495845215,1317500,TIP
2015-07-02,86.45121765136719,86.5899962649517,86.27389301757248,86.36640817183252,850300,TIP
2015-07-06,86.79046630859375,86.93695649722416,86.54374939638184,86.79817786646777,634400,TIP
2015-07-07,87.0757064819336,87.34555209679893,86.98318546446838,87.14509283338758,995200,TIP
2015-07-08,87.18367004394531,87.2299276250134,87.00633951285938,87.20679883447936,1842700,TIP
2015-07-09,86.6208724975586,86.9446874360145,86.59003213929657,86.88301260168734,461300,TIP
2015-07-10,86.21222686767578,86.42039188206567,86.08115978890453,86.21993842589627,699500,TIP
2015-07-13,85.91152954101562,86.19679833583014,85.90381798380587,85.97321023430439,410400,TIP
2015-07-14,86.05030822753906,86.13511771032918,85.93465839808029,86.01175632365458,359600,TIP
2015-07-15,86.289306640625,86.37411611661297,85.9654918498678,86.04258976925844,361100,TIP
2015-07-16,86.39727020263672,86.48207970345818,86.09658411143185,86.20452240662355,716700,TIP
2015-07-17,86.36643981933594,86.4512493299476,86.2662130714297,86.2662130714297,228400,TIP
2015-07-20,86.13512420654297,86.25077404472393,86.02718592615945,86.17367023113988,355200,TIP
2015-07-21,86.33560943603516,86.3972842703327,86.034917413674,86.08118089214327,679900,TIP
2015-07-22,86.37413787841797,86.59001445997914,86.3432975264527,86.36642631987773,320300,TIP
2015-07-23,86.5206298828125,86.59772782323455,86.28162450284537,86.3201705319585,321000,TIP
2015-07-24,86.4281005859375,86.62855991768204,86.28161627775845,86.6131368017504,632000,TIP
2015-07-27,86.60547637939453,86.69799159454476,86.4512745504803,86.63631674517738,397000,TIP
2015-07-28,86.39727020263672,86.54376040990941,86.35101261389624,86.41269332034749,389000,TIP
2015-07-29,86.38959503173828,86.51295060600395,86.21226440862125,86.36646034700284,382700,TIP
2015-07-30,86.5129165649414,86.62856641432076,86.42810706754294,86.49749933004881,290600,TIP
2015-07-31,86.85218811035156,86.89844571509691,86.6979862908705,86.77509014171001,299000,TIP
2015-08-03,86.77509307861328,86.87531985301968,86.67486042200872,86.80592756135512,1030500,TIP
2015-08-04,86.289306640625,86.73648280816258,86.26617785302723,86.6748021197724,2022400,TIP
2015-08-05,86.01947021484375,86.25076988003718,85.99634142476337,86.21992953253174,424000,TIP
2015-08-06,86.17366027832031,86.18908339213384,85.95007806777407,86.0425932218775,372200,TIP
2015-08-07,86.4126968383789,86.51292357879565,86.1197164119057,86.19682023920676,475800,TIP
2015-08-10,86.289306640625,86.3509873290152,86.21992027783169,86.28160096622187,486700,TIP
2015-08-11,86.64399719238281,86.73651826278723,86.4281205769691,86.45896093377058,1401500,TIP
2015-08-12,86.44352722167969,86.99863589172132,86.38955807811195,86.7365017321624,461400,TIP
2015-08-13,86.21222686767578,86.28161912726937,85.99635029506538,86.13512893205713,447700,TIP
2015-08-14,86.11973571777344,86.32019512574101,86.04263775538514,86.0889012385761,1885400,TIP
2015-08-17,86.11201477050781,86.42040656537992,86.10430321097708,86.32789137979687,393200,TIP
2015-08-18,85.90385437011719,86.10431376711695,85.8807255708859,85.94240629030078,394900,TIP
2015-08-19,86.19681549072266,86.28162499032483,85.62627778754519,85.69567005185417,500500,TIP
2015-08-20,86.4358139038086,86.48207148815486,86.05031834840216,86.16596819146316,552300,TIP
2015-08-21,86.46666717529297,86.51292476655175,86.24307901388178,86.38185766985437,586300,TIP
2015-08-24,86.16595458984375,86.99862038761377,86.07343355356066,86.79816696562541,960300,TIP
2015-08-25,85.95783996582031,86.15058783920097,85.76509209243966,86.05036106263441,1027200,TIP
2015-08-26,85.44125366210938,86.09659507557068,85.4027017451189,85.7033937568119,562100,TIP
2015-08-27,85.85757446289062,86.04261069085929,85.6494035595047,85.68024391119876,601600,TIP
2015-08-28,86.10430908203125,86.35102606406929,86.05805148608563,86.13514944006062,452700,TIP
2015-08-31,86.02720642089844,86.26621182980224,85.8730046391891,86.24308303309498,3113900,TIP
2015-09-01,85.87103271484375,86.04112123624655,85.73960282047915,85.95607697554516,831300,TIP
2015-09-02,85.60042572021484,85.87101836884091,85.60042572021484,85.7937070261588,2281900,TIP
2015-09-03,85.60813903808594,85.76276168807466,85.57721332839299,85.69317736664654,478000,TIP
2015-09-04,85.7473373413086,85.8555744208811,85.57724881670083,85.70094580829291,358200,TIP
2015-09-08,85.36077880859375,85.51540153022268,85.32212017894715,85.49220871182621,415900,TIP
2015-09-09,85.55406951904297,85.63910789630651,85.19069959513757,85.21389241607122,429400,TIP
2015-09-10,85.57725524902344,85.5849822563748,85.4148996174614,85.46901816131542,576200,TIP
2015-09-11,85.8169174194336,85.89422877795359,85.68548752010174,85.77053178401731,1127600,TIP
2015-09-14,85.65457153320312,85.94835708836462,85.6313787128587,85.87877862733133,461600,TIP
2015-09-15,85.07469940185547,85.5694990677834,85.02058087272201,85.50764763492307,316300,TIP
2015-09-16,85.05152130126953,85.29892117702846,84.98193695264574,85.05924830785571,438800,TIP
2015-09-17,85.71638488769531,85.73184479489365,84.88140833554624,85.02830399707523,380800,TIP
2015-09-18,85.98699951171875,86.02565223884658,85.67001529748877,85.73959964388384,348400,TIP
2015-09-21,85.44581604003906,85.77826019575028,85.39169749834089,85.77826019575028,398500,TIP
2015-09-22,85.65457153320312,85.72414999423641,85.38397879838607,85.50767580638276,409400,TIP
2015-09-23,85.59269714355469,85.73959283101118,85.52311870116644,85.60043004775704,254500,TIP
2015-09-24,85.60042572021484,85.8942111817978,85.57723290725794,85.77051421320189,459500,TIP
2015-09-25,85.144287109375,85.48446412866352,85.144287109375,85.39941987384138,436700,TIP
2015-09-28,85.16748046875,85.45353303655178,85.13655475089729,85.19840028812514,475600,TIP
2015-09-29,85.40716552734375,85.49993680210486,85.3066554483808,85.36850689720741,373100,TIP
2015-09-30,85.57725524902344,85.5849822563748,85.3994338058009,85.4535523496549,537900,TIP
2015-10-01,85.88821411132812,86.08934100848639,85.84953972073339,85.94236297958795,529700,TIP
2015-10-02,86.38330078125,86.60763351809608,86.26726579298001,86.48386719191684,771300,TIP
2015-10-05,86.12027740478516,86.42970201454402,86.1125401665507,86.38328448692089,617600,TIP
2015-10-06,86.36782836914062,86.48386335225896,86.10481534728675,86.12028982598754,481200,TIP
2015-10-07,86.35233306884766,86.42969364012936,86.18215515666367,86.24403535119285,458100,TIP
2015-10-08,86.3214340209961,86.55350404956744,86.19766766706778,86.3755888092106,427000,TIP
2015-10-09,86.08160400390625,86.33687977001902,86.02745513549907,86.18217040365106,607500,TIP
2015-10-12,86.23629760742188,86.3136522711725,86.13573123294177,86.22856037051206,287700,TIP
2015-10-13,86.18988037109375,86.2827095089692,86.02743380614862,86.16667456207053,395500,TIP
2015-10-14,86.48387145996094,86.49160279825173,86.16670953648975,86.25180147196811,466400,TIP
2015-10-15,86.3214340209961,86.52256098563886,86.25955379492493,86.49935516313892,1843800,TIP
2015-10-16,86.08931732177734,86.25176388186112,86.05837427674484,86.25176388186112,467700,TIP
2015-10-19,85.9423828125,86.01200617449192,85.80314199030154,85.95785729373614,326600,TIP
2015-10-20,85.84178924560547,85.84952648324499,85.67160542823474,85.74896009928058,420300,TIP
2015-10-21,85.89593505859375,86.07385020550984,85.89593505859375,85.95782115394843,371800,TIP
2015-10-22,86.18988037109375,86.25950369994598,85.88045581329146,85.96554771423165,368400,TIP
2015-10-23,86.06611633300781,86.1279965247556,85.97328719271206,86.06611633300781,304000,TIP
2015-10-26,86.04291534423828,86.21309325830791,86.04291534423828,86.17441887402151,256300,TIP
2015-10-27,86.23629760742188,86.32912084320962,86.17441151570836,86.25176617945898,312300,TIP
2015-10-28,85.80313110351562,86.1976476999855,85.74124498999396,86.16670464322466,387500,TIP
2015-10-29,85.57105255126953,85.69481885558612,85.46275482182365,85.62520141599246,478200,TIP
2015-10-30,85.83406829833984,85.84954277655577,85.6406786331304,85.74123913439699,807300,TIP
2015-11-02,85.79537200927734,85.80310334462786,85.57877068202603,85.64065677552641,1377000,TIP
2015-11-03,85.6484146118164,85.86501008937803,85.57879126443781,85.75671235059721,653700,TIP
2015-11-04,85.53235626220703,85.8108377720577,85.3544352246648,85.67933425401225,533200,TIP
2015-11-05,85.26158142089844,85.4240279264399,85.11460348178836,85.40082212590261,547900,TIP
2015-11-06,84.90579986572266,85.0450406600883,84.79750212585873,85.0450406600883,455800,TIP
2015-11-09,84.87483215332031,85.02954147909846,84.78974025360759,84.78974025360759,549900,TIP
2015-11-10,84.84388732910156,85.1068943577671,84.82841875756104,84.93671646369182,856000,TIP
2015-11-11,84.83615112304688,84.85935693153075,84.71238484387202,84.77426503256824,439200,TIP
2015-11-12,84.83615112304688,84.89029997677008,84.72785341560046,84.75105922408434,569400,TIP
2015-11-13,84.95222473144531,85.06825972845802,84.90581309335427,84.99090503104458,564500,TIP
2015-11-16,84.90579986572266,85.10692086730757,84.82844518036046,85.10692086730757,544300,TIP
2015-11-17,85.06050109863281,85.17653606646705,84.84390563962684,84.86711145283697,810100,TIP
2015-11-18,85.18424224853516,85.21518528879538,84.94443516196371,84.98311543773437,558900,TIP
2015-11-19,85.48595428466797,85.5014228583896,85.2848274155877,85.3621820877622,504000,TIP
2015-11-20,85.55561065673828,85.62523402463022,85.47051870808474,85.48599319063223,445600,TIP
2015-11-23,85.6561279296875,85.72574535583996,85.43952661083183,85.53235574748426,533200,TIP
2015-11-24,85.74896240234375,85.84952878900917,85.6561391553089,85.72575659058504,578100,TIP
2015-11-25,85.70255279541016,85.7644388960784,85.55557478176891,85.66387250704665,567100,TIP
2015-11-27,85.74896240234375,85.81084850155582,85.70255077882632,85.7644368780384,309000,TIP
2015-11-30,85.71025848388672,85.86496777682616,85.60969213187298,85.77987589517511,1383700,TIP
2015-12-01,86.0274429321289,86.12027207985189,85.70254976777328,85.72575557925822,1398600,TIP
2015-12-02,85.7334976196289,85.84953258533687,85.65614294308477,85.81858953436252,838600,TIP
2015-12-03,85.19975280761719,85.59426938814185,85.10692364108657,85.59426938814185,1903800,TIP
2015-12-04,85.41633605957031,85.57878265139215,85.26162670596385,85.34671862098246,950500,TIP
2015-12-07,85.38541412353516,85.57107247591478,85.24617331014294,85.26938503052914,456200,TIP
2015-12-08,85.40863800048828,85.54014159246923,85.27712850672151,85.38542627679826,375500,TIP
2015-12-09,85.24617767333984,85.4318360352221,85.17656021397296,85.29259521470306,531100,TIP
2015-12-10,85.06050109863281,85.26936522109116,85.01408947221256,85.21521635633967,392700,TIP
2015-12-11,85.33895874023438,85.46273091170656,85.16877495535111,85.32349016969134,361700,TIP
2015-12-14,84.72784423828125,85.0914176032347,84.68916986225794,85.02180018532367,645100,TIP
2015-12-15,84.68147277832031,84.78977052538613,84.61958666520138,84.70467859529376,1634600,TIP
2015-12-16,84.43392944335938,84.69693655653519,84.30242588677146,84.57317023909488,505100,TIP
2015-12-17,84.72784423828125,84.83614193399737,84.41068838705027,84.41068838705027,1722200,TIP
2015-12-18,84.95994567871094,85.0682434146782,84.78976183596694,84.82070488935531,825900,TIP
2015-12-21,84.80523681640625,84.95221485565499,84.7433566067402,84.89032874420452,519700,TIP
2015-12-22,84.689208984375,84.7356206177555,84.58090533684631,84.66599726590024,758800,TIP
2015-12-23,84.76655578613281,84.83617322972543,84.495811446966,84.495811446966,846900,TIP
2015-12-24,84.91352844238281,84.96767731055434,84.78976213018389,84.96767731055434,302700,TIP
2015-12-28,84.93675994873047,85.08373210984904,84.82072494653184,84.8903424067798,1357000,TIP
2015-12-29,84.61183166503906,84.97540512606557,84.54995146669377,84.90578768975837,682900,TIP
2015-12-30,84.70467376708984,84.78202845318695,84.48034104615924,84.50354686180995,574500,TIP
2015-12-31,84.84388732910156,85.02180836162064,84.7742640027133,84.82841875756104,553300,TIP
2016-01-04,85.1765365600586,85.37766344535122,85.08370740489654,85.26162847684456,1356200,TIP
2016-01-05,85.12239074707031,85.19200818960026,84.95220690739642,84.99861853574971,648000,TIP
2016-01-06,85.39312744140625,85.41633325350651,85.13785170473663,85.1842692307205,418200,TIP
2016-01-07,85.3235092163086,85.4240697017412,85.1919997793173,85.33897779030465,877600,TIP
2016-01-08,85.39312744140625,85.42407049146772,85.17653199275931,85.19200056689837,587300,TIP
2016-01-11,84.94444274902344,85.27707308430395,84.92123694220093,85.16877538461094,758400,TIP
2016-01-12,85.1765365600586,85.36992620697512,84.9676724363899,85.02182720323884,799100,TIP
2016-01-13,85.3544921875,85.54788192608156,85.09148497588657,85.10695355818706,544600,TIP
2016-01-14,85.27708435058594,85.43953092158688,85.18426111103271,85.30029016047425,1006200,TIP
2016-01-15,85.27708435058594,85.59424615714691,85.25387854069763,85.4936797785872,851400,TIP
2016-01-19,85.19202423095703,85.40088840144298,85.13014401542878,85.23844176983445,967900,TIP
2016-01-20,85.23841094970703,85.57877266829341,85.16105038014467,85.45500638020278,784300,TIP
2016-01-21,84.92897033691406,85.42404719934086,84.92897033691406,85.33895531031922,1344300,TIP
2016-01-22,85.05276489257812,85.1455940483289,84.91352410984382,84.91352410984382,1215200,TIP
2016-01-25,85.21522521972656,85.26163685097417,85.13013329458315,85.16107044755871,810600,TIP
2016-01-26,85.43184661865234,85.52466990930726,85.26939995822019,85.33901742621138,415100,TIP
2016-01-27,85.6484146118164,85.70256348120681,85.01409675533561,85.3080469174858,567200,TIP
2016-01-28,85.82632446289062,85.90368504445608,85.61746623730168,85.68708367857008,1020500,TIP
2016-01-29,86.17444610595703,86.29048109905045,86.0352052946019,86.18218334597256,1017200,TIP
2016-02-01,86.01968383789062,86.18213628057457,85.89591757415724,86.06610135084962,1366700,TIP
2016-02-02,86.28271484375,86.36780674995136,86.19762293754866,86.23630322283397,1061800,TIP
2016-02-03,86.39102935791016,86.8242203087754,86.31367467408194,86.41423517288021,822800,TIP
2016-02-04,86.406494140625,86.56894664185171,86.30593364624144,86.45291167031141,608200,TIP
2016-02-05,86.16670989990234,86.34463101168522,86.11256102271363,86.2363332573078,554800,TIP
2016-02-08,86.22855377197266,86.50703526159049,86.17440492131264,86.22855377197266,782400,TIP
2016-02-09,86.0351791381836,86.22083152962009,85.80310922255065,86.18215714487,652100,TIP
2016-02-10,86.35233306884766,86.41421916515982,86.13573763353804,86.15121210850758,795300,TIP
2016-02-11,86.65402221679688,86.80100022315519,86.37554658115533,86.53025592337653,1290400,TIP
2016-02-12,86.32915496826172,86.74687739977567,86.21311997587704,86.5148074150063,626700,TIP
2016-02-16,85.97330474853516,86.27499213887278,85.93462445673435,86.15895716525432,1349900,TIP
2016-02-17,85.82632446289062,86.0738629792623,85.81859312616109,86.05839440401947,718600,TIP
2016-02-18,86.06611633300781,86.22082566505135,85.71028014788152,85.86498947992504,987400,TIP
2016-02-19,86.13575744628906,86.32140987614594,86.00425388771478,86.12028886954447,659400,TIP
2016-02-22,86.3446273803711,86.36783319793531,86.14350045850665,86.22859239076527,493400,TIP
2016-02-23,86.60759735107422,86.60759735107422,86.07384016899812,86.07384016899812,497400,TIP
2016-02-24,86.8010025024414,87.11816433464118,86.70044201753534,86.75459087891295,708600,TIP
2016-02-25,87.15685272216797,87.28062494050566,86.83969674079998,86.84742807810794,1431300,TIP
2016-02-26,86.93250274658203,87.00212608102274,86.77005616859778,86.81647369215258,860800,TIP
2016-02-29,87.2264404296875,87.28058927763897,86.91701591205839,87.01757637203059,1823600,TIP
2016-03-01,86.98667907714844,87.40440151036437,86.81650110964704,87.31157823750631,3510600,TIP
2016-03-02,87.17232513427734,87.17232513427734,86.80875162875769,86.80875162875769,2099800,TIP
2016-03-03,87.3501968383789,87.4507631887842,87.12586423595782,87.15680727440706,1068800,TIP
2016-03-04,87.07946014404297,87.40435322312615,86.92475084022668,87.30379276582373,2049500,TIP
2016-03-07,86.73139953613281,86.986669409908,86.66951342658187,86.97893807255231,807400,TIP
2016-03-08,87.06404113769531,87.13365859350958,86.92480032428179,87.00215502022597,763800,TIP
2016-03-09,87.00988006591797,87.15685219707828,86.82422173952996,86.83969621762104,664000,TIP
2016-03-10,86.70814514160156,87.16454759767149,86.5921161205325,87.06398714548452,1119700,TIP
2016-03-11,86.67725372314453,86.7855514677866,86.51480120439697,86.7855514677866,580500,TIP
2016-03-14,86.57667541503906,86.7700650612852,86.56120684012417,86.66176733153004,752000,TIP
2016-03-15,86.406494140625,86.7081815255595,86.37555698987916,86.60762103117594,828100,TIP
2016-03-16,87.3270263671875,87.33476360537556,86.57667361110171,86.6076166620704,823500,TIP
2016-03-17,87.5204086303711,87.80662740136202,87.41211091200329,87.5049400570827,1926700,TIP
2016-03-18,87.81436920166016,88.01549608907499,87.55136211193467,87.91493559625943,1320200,TIP
2016-03-21,87.83753967285156,88.03866056404622,87.59000127448965,87.72150475760483,1011700,TIP
2016-03-22,87.61324310302734,87.96134209012203,87.59003729079215,87.96134209012203,1029000,TIP
2016-03-23,87.7060775756836,87.83758703148455,87.60551707586792,87.60551707586792,753500,TIP
2016-03-24,87.50494384765625,87.7988939671333,87.50494384765625,87.62097290680293,1225500,TIP
2016-03-28,87.61324310302734,87.68286053973293,87.47400232783279,87.52815119030937,877500,TIP
2016-03-29,88.53378295898438,88.57246325124873,87.76796156677877,87.83758491249782,1761200,TIP
2016-03-30,88.58795166015625,88.60342614124002,88.34041307888378,88.42550501948857,752100,TIP
2016-03-31,88.68075561523438,88.75811029329302,88.54151483401537,88.6498125636542,1702800,TIP
2016-04-01,88.7503662109375,88.86639526047026,88.50282773562968,88.7967778307506,2303600,TIP
2016-04-04,88.85865783691406,88.93601249856357,88.75809146516556,88.8509206002144,2679600,TIP
2016-04-05,88.95147705078125,89.04430618163548,88.79676773447301,88.9592142871313,1817000,TIP
2016-04-06,88.71946716308594,88.9205882165413,88.48739714536272,88.8045591094654,2744100,TIP
2016-04-07,89.02885437011719,89.06753465993089,88.88188225274907,88.94376835573755,1217300,TIP
2016-04-08,88.8509521484375,88.95151265410954,88.75039164276545,88.95151265410954,769500,TIP
2016-04-11,88.62661743164062,88.86641873305821,88.54926274425925,88.68850354225947,686000,TIP
2016-04-12,88.25529479980469,88.44868444314035,88.20888317397487,88.44868444314035,1314400,TIP
2016-04-13,88.33262634277344,88.42544956392119,88.11603095771989,88.17017980398327,809600,TIP
2016-04-14,88.12376403808594,88.60337233005355,88.04640938500258,88.09282099649626,1222500,TIP
2016-04-15,88.44094848632812,88.51056592143588,88.09284360543963,88.13926113062804,541600,TIP
2016-04-18,88.42546844482422,88.4332056821658,88.20887301352246,88.2707591086895,755000,TIP
2016-04-19,88.58019256591797,88.62660419105615,88.43321455060243,88.50283789009318,619600,TIP
2016-04-20,88.20886993408203,88.80451325115033,88.19340136172173,88.58791192562742,631500,TIP
2016-04-21,88.1005630493164,88.20886074991074,87.93037926215902,88.07735724230078,838000,TIP
2016-04-22,88.04644012451172,88.2552983509333,88.04644012451172,88.18568090938737,743300,TIP
2016-04-25,87.94583892822266,88.23978893723499,87.94583892822266,88.13149125487355,1148000,TIP
2016-04-26,87.90716552734375,88.04640625866234,87.86848525128465,88.03866902309423,816800,TIP
2016-04-27,88.44094848632812,88.51056592143588,87.98454588297207,88.23208437743838,677700,TIP
2016-04-28,88.90508270263672,88.92828851441158,88.51056619711427,88.54924648459455,1822300,TIP
2016-04-29,88.86640167236328,89.02884825521276,88.60339460540219,88.74263537667076,798600,TIP
2016-05-02,88.57245635986328,88.73490295152325,88.417747006411,88.69622856405194,4130100,TIP
2016-05-03,88.61114501953125,88.82774049553797,88.61114501953125,88.82774049553797,2645800,TIP
2016-05-04,88.71167755126953,88.75035783198382,88.52602518776186,88.72714612248592,1321300,TIP
2016-05-05,88.99790954589844,89.01337811941985,88.61886162411794,88.71169077059577,2363900,TIP
2016-05-06,88.6884765625,88.97468940892125,88.63432770762712,88.97468940892125,1271900,TIP
2016-05-09,88.74263000488281,88.82772191005077,88.61112647936247,88.7967788625549,1020600,TIP
2016-05-10,89.01338958740234,89.02112682605143,88.71170219971056,88.97470929594078,1118100,TIP
2016-05-11,88.99790954589844,89.28412241941798,88.92054897294202,89.02884669294127,3774200,TIP
2016-05-12,88.93601989746094,88.97469428061196,88.74263027635722,88.85866522937602,1327900,TIP
2016-05-13,89.15260314941406,89.17580895649104,88.92827051136655,89.00562516888381,835500,TIP
2016-05-16,89.05205535888672,89.12941002741326,89.00563783634448,89.06752393187887,704500,TIP
2016-05-17,89.11397552490234,89.28415941306682,89.05982664246689,89.08303836504113,781000,TIP
2016-05-18,88.34038543701172,88.94376607298817,88.20114465975308,88.92055435862551,1320600,TIP
2016-05-19,88.30171203613281,88.44095281494651,88.2475631722488,88.29397479792551,795000,TIP
2016-05-20,88.25529479980469,88.45642168137317,88.25529479980469,88.34038671501507,818200,TIP
2016-05-23,88.30171203613281,88.36359813822413,87.69060005699401,88.18567707015748,748600,TIP
2016-05-24,88.21662902832031,88.28624647386458,88.06191375747063,88.1934232131389,456700,TIP
2016-05-25,88.28624725341797,88.34039612324744,88.18568675281583,88.27077867708847,546400,TIP
2016-05-26,88.54151916503906,88.67302271434963,88.44869000575775,88.49510753629036,1096900,TIP
2016-05-27,88.42546844482422,88.80451635138515,88.37905682434038,88.5801836827418,532800,TIP
2016-05-31,88.2939682006836,88.43320896909336,88.18567048100746,88.2475565784747,588700,TIP
2016-06-01,88.15933990478516,88.4301696630889,88.15160022493477,88.4146962070341,5882800,TIP
2016-06-02,88.46111297607422,88.53075827995421,88.19028324686384,88.25992264709852,1874200,TIP
2016-06-03,89.03374481201172,89.18850890817357,88.98731853498647,89.1420767275017,580400,TIP
2016-06-06,89.13432312011719,89.19622284116406,88.88670652499376,88.90991965834199,543800,TIP
2016-06-07,89.37417602539062,89.43608163345154,89.2503648092688,89.2503648092688,1030600,TIP
2016-06-08,89.5831527709961,89.59863213393903,89.45934738568856,89.57541899317182,1086500,TIP
2016-06-09,89.61408233642578,89.72241423432308,89.53670325273423,89.72241423432308,535500,TIP
2016-06-10,89.61408233642578,89.76110672799169,89.55991638747713,89.64503515063153,662600,TIP
2016-06-13,89.49800109863281,89.59085362145696,89.42835580287006,89.52894800381111,650500,TIP
2016-06-14,89.27365112304688,89.52900161737205,89.27365112304688,89.48257532815805,659100,TIP
2016-06-15,89.69145202636719,89.69145202636719,89.08788110776601,89.30455077025202,1116500,TIP
2016-06-16,89.51347351074219,89.79204288326589,89.47478102425211,89.66823164941333,567100,TIP
2016-06-17,89.2890853881836,89.55218135341305,89.17301381245429,89.54444167405893,747900,TIP
2016-06-20,89.03374481201172,89.18076922745382,88.94089225796121,89.11886358898909,955400,TIP
2016-06-21,88.76287841796875,88.95632903065815,88.73966528902909,88.90216309525088,1413800,TIP
2016-06-22,89.00276947021484,89.0956279044137,88.62360786194847,88.80158505158501,3495300,TIP
2016-06-23,89.03374481201172,89.20398236596645,88.97957885426672,89.03374481201172,510300,TIP
2016-06-24,89.59086608886719,89.83074301107021,89.47479451553991,89.58312640967324,1366100,TIP
2016-06-27,89.85397338867188,89.95456561630651,89.63730366941495,89.76111493756176,826100,TIP
2016-06-28,90.1634750366211,90.17121471552868,89.83073968733835,89.91585844438593,729800,TIP
2016-06-29,90.10929107666016,90.31048136251785,90.03191201398998,90.24857575092409,792200,TIP
2016-06-30,90.27953338623047,90.42655774571972,90.12477525261133,90.17894118974246,1322400,TIP
2016-07-01,90.98057556152344,91.24483113372538,90.6619212320146,90.93394466687974,2362500,TIP
2016-07-05,91.12828826904297,91.19046677584384,90.94952654440765,91.05834189614357,691400,TIP
2016-07-06,91.34587860107422,91.36142618775591,91.10494437451042,91.30702149370386,791300,TIP
2016-07-07,91.15937042236328,91.36144758889267,91.1049657155671,91.33035833791367,1912700,TIP
2016-07-08,91.36144256591797,91.36144256591797,91.06609766268937,91.24485936357343,1047800,TIP
2016-07-11,90.91840362548828,91.26814719700867,90.90285604072469,91.22928416476587,904600,TIP
2016-07-12,90.61530303955078,90.81738017400042,90.57644592924682,90.81738017400042,894100,TIP
2016-07-13,90.80957794189453,91.05051804086203,90.73185781595829,90.86398855268196,813200,TIP
2016-07-14,90.57644653320312,90.70079758853926,90.41323243763652,90.63085123172533,860500,TIP
2016-07-15,90.47543334960938,90.49874880765817,90.32776087574183,90.4132548417,2211600,TIP
2016-07-18,90.41323852539062,90.59199429128505,90.327744574861,90.49873247592024,928200,TIP
2016-07-19,90.42101287841797,90.56091154117148,90.36660817232872,90.53759608565726,1040100,TIP
2016-07-20,90.25780487060547,90.32775717155211,90.04795982710282,90.21117395642014,789600,TIP
2016-07-21,90.29664611816406,90.36659247255461,89.98575959609367,90.06347974419447,645900,TIP
2016-07-22,90.21891784667969,90.30441178079279,89.89248969624788,90.1334239125666,820600,TIP
2016-07-25,90.0246353149414,90.23448033733693,90.0246353149414,90.20339108778425,770000,TIP
2016-07-26,90.18002319335938,90.19557077392882,89.94686285179907,90.16448154245452,928800,TIP
2016-07-27,90.52981567382812,90.52981567382812,90.14120898999924,90.28887549768038,714200,TIP
2016-07-28,90.65418243408203,90.6852716857343,90.3666113035498,90.51428376648101,1113300,TIP
2016-07-29,90.85624694824219,90.9961455963546,90.80184224784666,90.8951040601432,971500,TIP
2016-08-01,90.31863403320312,90.64635464586479,90.30303084109075,90.60734368901153,3330800,TIP
2016-08-02,89.87384796142578,90.19376392783809,89.87384796142578,90.02210504152649,1182500,TIP
2016-08-03,90.13136291503906,90.17037387057347,89.81924550504161,90.02992133373183,968500,TIP
2016-08-04,90.50591278076172,90.79462247062763,90.45909724575738,90.5293205482639,591000,TIP
2016-08-05,90.28739929199219,90.48247188728726,90.2327792034353,90.40444403979787,628500,TIP
2016-08-08,90.34982299804688,90.51368326198882,90.22497368086648,90.34201842743732,881300,TIP
2016-08-09,90.56831359863281,90.59172135996718,90.29521312782566,90.3498332219871,633000,TIP
2016-08-10,90.59172058105469,90.7009607684383,90.5449050587885,90.6541452461721,883800,TIP
2016-08-11,90.34982299804688,90.59951567926457,90.28739833945667,90.57610792057902,690800,TIP
2016-08-12,90.58392333984375,90.7789959692635,90.57612472093079,90.7321804432089,1798200,TIP
2016-08-15,90.34982299804688,90.63853257916922,90.34982299804688,90.55270016189347,604700,TIP
2016-08-16,90.22496795654297,90.29519718128704,90.09232003031198,90.12353235762681,800300,TIP
2016-08-17,90.49809265136719,90.54490817524471,90.21718760181412,90.28741088763041,509500,TIP
2016-08-18,90.65414428710938,90.7789876628797,90.53709952953842,90.63073652622391,895700,TIP
2016-08-19,90.50591278076172,90.56053288931523,90.32644926114818,90.5137173543109,501300,TIP
2016-08-22,90.69316101074219,90.75557972193168,90.55270849256443,90.65414410724806,576600,TIP
2016-08-23,90.81803894042969,90.85705585876886,90.68539094311,90.80243574498158,1067800,TIP
2016-08-24,90.67753601074219,90.93503324122854,90.67753601074219,90.93503324122854,914200,TIP
2016-08-25,90.63075256347656,90.7634005340622,90.52151235791841,90.60734479844906,1819600,TIP
2016-08-26,90.27964782714844,91.10676016587514,90.2172290843258,90.88827968312921,1004500,TIP
2016-08-29,90.60733032226562,90.60733032226562,90.38104537457845,90.45907322991863,696200,TIP
2016-08-30,90.52928161621094,90.61511402890362,90.47466153114675,90.60731541185358,579500,TIP
2016-08-31,90.54491424560547,90.64634987185526,90.39665713919517,90.41226628363012,690900,TIP
2016-09-01,90.62165069580078,90.70779342637846,90.31623773272199,90.35538971728819,3705600,TIP
2016-09-02,90.51985168457031,90.59816761107423,90.32407381764322,90.59033482349056,1089300,TIP
2016-09-06,90.95059967041016,91.0602348392489,90.47290101704047,90.55904378893787,1670800,TIP
2016-09-07,91.06802368164062,91.17765879757101,91.00537333691877,91.16199919872341,811800,TIP
2016-09-08,90.74696350097656,91.09153449197609,90.67648632990861,91.02105732090816,668000,TIP
2016-09-09,90.12047576904297,90.33191325202903,90.12047576904297,90.32408046386901,863400,TIP
2016-09-12,90.15179443359375,90.2614295612457,89.9325182036235,90.04215930594181,776100,TIP
2016-09-13,89.7524185180664,90.24577666179627,89.56447341207415,90.19879187896501,1087800,TIP
2016-09-14,89.89337158203125,89.98734711477213,89.74457848219154,89.79156923589534,688100,TIP
2016-09-15,89.869873046875,89.94035021061113,89.64277000594805,89.76023792017459,698300,TIP
2016-09-16,90.01866912841797,90.14396984265152,89.93252638104913,90.13613705434518,1003200,TIP
2016-09-19,89.90900421142578,90.09695522052358,89.86985223219577,90.08912243481161,517700,TIP
2016-09-20,89.89337158203125,90.08914946090806,89.85421361638922,89.95602193719185,485200,TIP
2016-09-21,90.31625366210938,90.33974605192569,89.8385551536219,89.8855399332545,842600,TIP
2016-09-22,90.76261138916016,90.84092133330745,90.48852359731178,90.50418319627494,746900,TIP
2016-09-23,91.0132064819336,91.07585682690205,90.82526142169392,90.88790579199664,768400,TIP
2016-09-26,91.0523681640625,91.16200926676751,90.98189099946612,91.13068409094699,813700,TIP
2016-09-27,91.13067626953125,91.13067626953125,90.9035732453237,91.0601931363178,953100,TIP
2016-09-28,91.24028778076172,91.38907484630937,91.20112983081194,91.20896261573475,1517400,TIP
2016-09-29,91.22469329833984,91.37348645449984,91.03674813638494,91.09939851525957,973200,TIP
2016-09-30,91.22469329833984,91.29517646824104,91.02891534535837,91.24035888039299,1450200,TIP
2016-10-03,91.13853454589844,91.33431246456311,91.10720936195193,91.33431246456311,2319400,TIP
2016-10-04,90.6921157836914,91.21680488411245,90.676456186882,91.21680488411245,3761700,TIP
2016-10-05,90.54336547851562,90.76263577089732,90.51204029750862,90.76263577089732,1071600,TIP
2016-10-06,90.5903091430664,90.71560383555487,90.49633364270157,90.62946709521792,820100,TIP
2016-10-07,90.56682586669922,90.73911131402299,90.41020001701159,90.66862818799724,990100,TIP
2016-10-10,90.44156646728516,90.56686720422641,90.35542370430504,90.56686720422641,912500,TIP
2016-10-11,90.37107849121094,90.56685638829993,90.34758609950703,90.50420602731131,839600,TIP
2016-10-12,90.33976745605469,90.41807743221855,90.23796508450849,90.33193466603784,627100,TIP
2016-10-13,90.48070526123047,90.6294983611402,90.33974494938619,90.42588769410585,727700,TIP
2016-10-14,90.3945541381836,90.60599159901932,90.37106175083142,90.37106175083142,753500,TIP
2016-10-17,90.80175018310547,90.83307535114692,90.62163793519824,90.63729753188652,616600,TIP
2016-10-18,90.85655212402344,90.90354285534488,90.68427269139104,90.71559187938685,945300,TIP
2016-10-19,90.98187255859375,90.98970534462788,90.73127717748848,90.7626023469598,910900,TIP
2016-10-20,90.84095001220703,91.07588589348497,90.84095001220703,91.07588589348497,824400,TIP
2016-10-21,90.9427490234375,91.00539938609225,90.81745427279543,91.00539938609225,690400,TIP
2016-10-24,90.80175018310547,90.94271045195954,90.67645548560455,90.94271045195954,947700,TIP
2016-10-25,90.9427490234375,90.96624739043361,90.7391443068107,90.77829630246934,1259600,TIP
2016-10-26,90.84877014160156,90.92708009955906,90.66865186109916,90.75479460725246,926100,TIP
2016-10-27,90.45722961425781,90.6921595277032,90.41023885183448,90.6921595277032,1716500,TIP
2016-10-28,90.55903625488281,90.63734622972855,90.42590870017824,90.48855906992208,2316500,TIP
2016-10-31,90.73127746582031,90.73127746582031,90.58248440402507,90.6607943406196,2417300,TIP
2016-11-01,90.73912048339844,90.817430428823,90.44936711319507,90.52767705861964,6073500,TIP
2016-11-02,90.77827453613281,90.88008284470259,90.68430498934964,90.80959970994921,4758700,TIP
2016-11-03,90.51985168457031,90.69996995099643,90.47286690840104,90.68431035049545,2431000,TIP
2016-11-04,90.75477600097656,90.77044157415644,90.55116537229725,90.61381571568559,1724100,TIP
2016-11-07,90.70777893066406,90.7391040981105,90.56681866448751,90.60597064279696,1905000,TIP
2016-11-08,90.55116271972656,90.73128095802532,90.4806855664784,90.71561538530435,1208200,TIP
2016-11-09,89.8776626586914,90.69209895898335,89.83851068659874,90.69209895898335,2309200,TIP
2016-11-10,89.72107696533203,90.30057775494797,89.72107696533203,89.97950517307947,3905900,TIP
2016-11-11,89.47048950195312,89.85421246673536,89.4313315368121,89.84638565344048,2395200,TIP
2016-11-14,88.78134155273438,89.39216748867676,88.73435080597017,89.39216748867676,2709700,TIP
2016-11-15,88.83615112304688,89.25119917170119,88.83615112304688,89.11023889341621,1920000,TIP
2016-11-16,89.02411651611328,89.1024264720219,88.68737832850624,88.76568828441486,1426000,TIP
2016-11-17,88.87535095214844,89.25908001191732,88.84402576514678,89.21992203449813,1901100,TIP
2016-11-18,88.7421875,89.04760048141786,88.59339441558295,89.00061570725083,2542800,TIP
2016-11-21,88.95362091064453,89.03193683024733,88.85181857969306,88.95362091064453,2991800,TIP
2016-11-22,89.03195190429688,89.11026186249254,88.90665119145032,89.10242907427292,3390500,TIP
2016-11-23,88.734375,88.85184293694024,88.42113513438267,88.734375,1824200,TIP
2016-11-25,88.58556365966797,88.8439858807492,88.49158814085108,88.82832628161263,1007600,TIP
2016-11-28,88.71871185302734,88.94581492879631,88.64040188975082,88.85967217679196,1351000,TIP
2016-11-29,88.80484008789062,88.85182486324238,88.35846679805024,88.43677674852525,1593400,TIP
2016-11-30,88.85181427001953,88.96928216906022,88.48375097453594,88.56206091567455,2367600,TIP
2016-12-01,88.5959701538086,88.80786926439131,88.39192071075834,88.5645774712207,8524300,TIP
2016-12-02,88.64305877685547,89.0354583393693,88.61167208089145,88.82356521013038,1330600,TIP
2016-12-05,88.7686538696289,89.09826815557891,88.50966865029228,88.67447579326729,1701500,TIP
2016-12-06,88.94129180908203,88.96483482629063,88.70584966191095,88.7921780500375,2123100,TIP
2016-12-07,89.01976013183594,89.20811023504882,88.98051778270992,89.10608850987973,1835400,TIP
2016-12-08,88.93343353271484,89.01976191248544,88.79216945559403,89.01976191248544,1227600,TIP
2016-12-09,88.52532958984375,88.94911578078273,88.4390012208455,88.91772908982082,2218800,TIP
2016-12-12,88.50963592529297,88.61166363384758,88.40761420427992,88.61166363384758,2026900,TIP
2016-12-13,88.47827911376953,88.70587164910275,88.3213216351127,88.69802197890671,1867500,TIP
2016-12-14,87.77980041503906,88.74510618754151,87.7484077245669,88.72156316657326,1320200,TIP
2016-12-15,87.2304458618164,87.56006014013664,87.20690284015691,87.43449536210478,2909000,TIP
2016-12-16,87.18336486816406,87.4031137357409,87.03425704959601,87.33247867427653,1240800,TIP
2016-12-19,87.54434204101562,87.56788505601993,87.34814226592374,87.45016399345641,1320400,TIP
2016-12-20,87.63066101074219,87.73268272731914,87.37167589842224,87.41876192337448,2541000,TIP
2016-12-21,87.85042572021484,87.9445977936413,87.77194100896904,87.93675411255096,1438300,TIP
2016-12-22,88.12511444091797,88.14080779245678,87.74056445901014,87.77980083162893,1563800,TIP
2016-12-23,88.22709655761719,88.3448175976729,88.16431120458205,88.16431120458205,1777200,TIP
2016-12-27,88.18785858154297,88.25063794588327,88.05443821191062,88.09368055372144,1666900,TIP
2016-12-28,88.41548156738281,88.47826095343355,88.20358242839039,88.28206115161089,1290600,TIP
2016-12-29,88.52532958984375,88.58026528033889,88.38406553035036,88.51747992333267,1297600,TIP
2016-12-30,88.81574249267578,88.83928551556377,88.4861281971559,88.49397786729989,1024200,TIP
2017-01-03,88.90203857421875,88.99621661906878,88.6352097617897,88.65090310882714,2957500,TIP
2017-01-04,89.0982666015625,89.11396594112085,88.83143770450751,88.86283039608051,2976200,TIP
2017-01-05,89.40434265136719,89.40434265136719,88.97270659107927,89.09042170635706,1775600,TIP
2017-01-06,89.03545379638672,89.23165356763265,89.01191078184391,89.13748150946138,978200,TIP
2017-01-09,89.17672729492188,89.25521200174758,89.07470555860793,89.23951266536545,1691600,TIP
2017-01-10,89.24739074707031,89.32586949133866,89.05119089262725,89.05119089262725,2508700,TIP
2017-01-11,89.52986907958984,89.85948321419538,89.35721234597521,89.52201941327797,1169100,TIP
2017-01-12,89.60840606689453,89.95371975873701,89.56916369735063,89.86739133577639,1014300,TIP
2017-01-13,89.451416015625,89.55343775675414,89.20028050954018,89.4592596966438,1920400,TIP
2017-01-17,89.7339096069336,89.89087299039907,89.52201652368126,89.89087299039907,1440800,TIP
2017-01-18,89.29442596435547,89.69467511608583,89.26303328700986,89.50632503955312,1267200,TIP
2017-01-19,89.22381591796875,89.34153099863856,88.9569810975186,89.19242323394272,2081100,TIP
2017-01-20,89.2395248413086,89.35724593006668,89.06686804280251,89.24737451057068,2925600,TIP
2017-01-23,89.6004867553711,89.68681511123481,89.2316303235062,89.3650506837303,4172500,TIP
2017-01-24,89.451416015625,89.60052379303794,89.32584526881121,89.46710936520535,1582900,TIP
2017-01-25,89.16104888916016,89.2316779520895,88.83927830236608,89.08257015672417,2934800,TIP
2017-01-26,89.29442596435547,89.31796897547943,89.00405417710525,89.2002539198596,1958900,TIP
2017-01-27,89.44355773925781,89.50634310662242,89.3493796882109,89.42785840364557,2023000,TIP
2017-01-30,89.4200439453125,89.56130807427603,89.34940888705866,89.4906730160222,1922800,TIP
2017-01-31,89.60840606689453,89.66334179172902,89.42789954955552,89.46714191909942,7613100,TIP
2017-02-01,89.4200439453125,89.60054445104448,89.28662349917617,89.4278876281397,1777700,TIP
2017-02-02,89.42787170410156,89.68685689234235,89.38863533431976,89.66331387296465,3938800,TIP
2017-02-03,89.33370208740234,89.74179507212433,89.19243797970181,89.60053096442378,1376800,TIP
2017-02-06,89.55342864990234,89.60051468139788,89.34937920085147,89.50634261840682,1786400,TIP
2017-02-07,89.51422882080078,89.65549296993458,89.45144941149853,89.57701421764803,1462300,TIP
2017-02-08,89.72606658935547,89.84378763093652,89.56910320473376,89.77315261097154,1456400,TIP
2017-02-09,89.55342864990234,89.72608541544216,89.52988563415458,89.72608541544216,1045300,TIP
2017-02-10,89.62405395507812,89.69468898691436,89.52203222858347,89.5926672604197,1585600,TIP
2017-02-13,89.48280334472656,89.57698140549991,89.46710999503574,89.53773904995865,1002400,TIP
2017-02-14,89.2708969116211,89.61621042887506,89.09039048554509,89.60836076142604,1012100,TIP
2017-02-15,89.38861083984375,89.42000351959274,89.20026074889125,89.2630401208478,1131900,TIP
2017-02-16,89.38861083984375,89.76531102174874,89.38861083984375,89.54556825104726,1171100,TIP
2017-02-17,89.59269714355469,89.67117588146071,89.55345478082974,89.67117588146071,983000,TIP
2017-02-21,89.58482360839844,89.68684534174362,89.5063448913989,89.58482360839844,1061100,TIP
2017-02-22,89.74964141845703,89.75749108735623,89.4514198632608,89.74179174955783,1082600,TIP
2017-02-23,89.96154022216797,89.97723956095126,89.85951847025012,89.95369654031971,1042100,TIP
2017-02-24,90.22052764892578,90.29116270010559,90.0635701824828,90.1185058944922,2409100,TIP
2017-02-27,89.97724151611328,90.22052738465031,89.93799915584572,90.2048340330694,2523800,TIP
2017-02-28,89.97724151611328,90.09496260937244,89.86737009241634,89.96154217698884,1599700,TIP
2017-03-01,89.43572998046875,89.4671226718413,89.28661619333505,89.38864393718174,3412200,TIP
2017-03-02,89.15316772460938,89.30228145484095,89.08253868663108,89.27088877544792,1967200,TIP
2017-03-03,89.35723114013672,89.38077415648296,89.0276169362047,89.2552094067889,2882500,TIP
2017-03-06,89.26306915283203,89.42003260262787,89.20813344228932,89.42003260262787,1553600,TIP
2017-03-07,89.10610961914062,89.23167438851493,89.051173909875,89.23167438851493,1545200,TIP
2017-03-08,88.72156524658203,88.89421606691133,88.6901725553739,88.82358700235075,1357200,TIP
2017-03-09,88.4861068725586,88.69015633431987,88.44686451883979,88.64306431234878,1098300,TIP
2017-03-10,88.65093231201172,88.76865340996822,88.44688280805671,88.73726071801023,2424500,TIP
2017-03-13,88.44684600830078,88.69013777286371,88.44684600830078,88.54887371159988,1040300,TIP
2017-03-14,88.38407897949219,88.51749339277578,88.37622931178666,88.41547166277223,951400,TIP
2017-03-15,89.1845703125,89.23950601065587,88.48609958414295,88.66660601382199,1990000,TIP
2017-03-16,89.12179565429688,89.25521606945557,89.05901626853468,89.25521606945557,2883700,TIP
2017-03-17,89.3179931640625,89.33369250075741,89.21597142571605,89.23951444321581,1115400,TIP
2017-03-20,89.451416015625,89.451416015625,89.23166720870086,89.23951687726242,791600,TIP
2017-03-21,89.51422882080078,89.63979961449527,89.45144941149853,89.45144941149853,1479300,TIP
2017-03-22,89.663330078125,89.72611546617499,89.4749799015192,89.63193738410001,824500,TIP
2017-03-23,89.56127166748047,89.70253573901994,89.48278697075943,89.65544372347898,913100,TIP
2017-03-24,89.82024383544922,90.00859990790585,89.55341504744753,89.5691083930483,1379100,TIP
2017-03-27,89.99287414550781,90.07920248981208,89.89085246021163,90.07135282554637,1078200,TIP
2017-03-28,89.69471740722656,90.04003103330302,89.60838900070745,90.04003103330302,1658800,TIP
2017-03-29,89.93014526367188,89.99293064213452,89.7731878050585,89.83597318352115,933900,TIP
2017-03-30,89.71039581298828,89.91444528417738,89.64761642669708,89.85165991034337,996200,TIP
2017-03-31,89.97724151611328,89.97724151611328,89.7025629568709,89.75749866871938,899400,TIP
2017-04-03,90.19332122802734,90.31120165151786,89.99685585409227,90.0204367353083,3097500,TIP
2017-04-04,90.09115600585938,90.23261130646154,90.0518605351627,90.16188665398397,1064900,TIP
2017-04-05,90.26410675048828,90.35055204722022,90.0283457601919,90.0755015556418,1460600,TIP
2017-04-06,90.21691131591797,90.28763597984133,90.05187510880079,90.21691131591797,774500,TIP
2017-04-07,89.86328887939453,90.38196050633833,89.86328887939453,90.23264485694858,858500,TIP
2017-04-10,89.91043853759766,90.11475825946414,89.91043853759766,90.11475825946414,752800,TIP
2017-04-11,90.08332824707031,90.23264389486802,90.00474327294228,90.05975335439682,1540900,TIP
2017-04-12,90.42125701904297,90.47626710535668,90.17764177903214,90.2483664632999,1050500,TIP
2017-04-13,90.5548095703125,90.73555433037964,90.50765381041307,90.6098196271564,2870500,TIP
2017-04-17,90.34266662597656,90.51555717136257,90.26408164961457,90.50769687503156,954400,TIP
2017-04-18,90.53913116455078,90.61771614013148,90.38981551399296,90.53913116455078,1609700,TIP
2017-04-19,90.37407684326172,90.49195727305639,90.30335218277355,90.42908691107954,1057800,TIP
2017-04-20,90.27980041503906,90.34267079729126,90.20121543504862,90.2247903294808,1082500,TIP
2017-04-21,90.15403747558594,90.37407774906262,90.11474200004463,90.34264256775913,700500,TIP
2017-04-24,90.1304702758789,90.23263012709279,90.03616472392497,90.13832457513885,949300,TIP
2017-04-25,89.98114776611328,90.18547344855571,89.94971258453384,90.1618985612831,926600,TIP
2017-04-26,90.16979217529297,90.24837716568186,89.98904729696356,89.98904729696356,819100,TIP
2017-04-27,90.24832916259766,90.25618945615079,90.09115926541855,90.12259444398383,2010300,TIP
2017-04-28,90.3819580078125,90.42910779235879,90.18549257800416,90.24835695884951,2351000,TIP
2017-05-01,90.07782745361328,90.3693181360643,89.97541473244944,90.2432721723618,1221700,TIP
2017-05-02,90.07782745361328,90.17236643425686,90.0069277259973,90.06995371309301,1102100,TIP
2017-05-03,89.88089752197266,90.10148853023732,89.77848477600328,90.10148853023732,908000,TIP
2017-05-04,89.54216766357422,89.58155441658694,89.34521586703512,89.56580091748022,865000,TIP
2017-05-05,89.61305236816406,89.62880586462381,89.44761360812788,89.589419118229,632800,TIP
2017-05-08,89.2663803100586,89.50272473764137,89.21123407835441,89.46333199621475,1983400,TIP
2017-05-09,89.18762969970703,89.29004244587416,89.13248345015695,89.26640919756564,1319100,TIP
2017-05-10,89.2191390991211,89.40033734632219,89.16399285179732,89.3924575937073,3910100,TIP
2017-05-11,89.48701477050781,89.53428728848414,89.22704296885107,89.25067622259334,1350300,TIP
2017-05-12,89.6288070678711,89.69183307553789,89.4791278127761,89.55790731711413,778600,TIP
2017-05-15,89.3924789428711,89.64457699234288,89.3924789428711,89.64457699234288,733300,TIP
2017-05-16,89.45547485351562,89.5657673373872,89.36881561468944,89.40820235293525,651300,TIP
2017-05-17,89.9754409790039,90.07785373004236,89.71546321426315,89.71546321426315,1044200,TIP
2017-05-18,90.11726379394531,90.11726379394531,89.84153248012294,89.96757850480236,2719600,TIP
2017-05-19,90.27479553222656,90.27479553222656,90.05421054786402,90.125116298832,712700,TIP
2017-05-22,90.1330337524414,90.24332629075624,90.03849471510331,90.17242051012953,697600,TIP
2017-05-23,89.99906158447266,90.23540606657672,89.93604159833612,90.22752631437595,822300,TIP
2017-05-24,90.05421447753906,90.05421447753906,89.8336294835509,89.9518017333275,677200,TIP
2017-05-25,89.91241455078125,90.03058680787967,89.87302780540888,89.98332030923657,1758400,TIP
2017-05-26,90.1251220703125,90.1566350715952,89.99907006518168,90.06997582069037,780800,TIP
2017-05-30,90.32207489013672,90.33782838571942,90.16450988185717,90.2354156382056,687000,TIP
2017-05-31,90.34571075439453,90.42449025556984,90.19602549481799,90.19602549481799,1304700,TIP
2017-06-01,90.30464935302734,90.3836064827334,90.1072535167408,90.1072535167408,1431000,TIP
2017-06-02,90.66783905029297,90.75469368301746,90.52571383529303,90.60467094939484,1158700,TIP
2017-06-05,90.43099212646484,90.52574430970921,90.39151656814579,90.43888964774612,586700,TIP
2017-06-06,90.53362274169922,90.68363947015004,90.509930182851,90.62047136130631,2650300,TIP
2017-06-07,90.32044219970703,90.54942210239527,90.296755662195,90.47835646581605,750500,TIP
2017-06-08,90.22569274902344,90.31254740521798,90.09936253713165,90.28886086699099,737400,TIP
2017-06-09,90.14673614501953,90.24938584333275,90.14673614501953,90.17832020418949,879600,TIP
2017-06-12,89.9572525024414,90.20202147092084,89.9572525024414,90.15464838645238,620800,TIP
2017-06-13,90.10726928710938,90.10726928710938,89.86249431092494,89.90197589470938,685800,TIP
2017-06-14,90.123046875,90.38361083722194,89.98881914562863,90.15463093321263,1067900,TIP
2017-06-15,89.68087005615234,89.84668182145339,89.67297253664972,89.69665907111525,1040100,TIP
2017-06-16,89.75981903076172,89.8387761464933,89.70454844734545,89.71244596613113,825000,TIP
2017-06-19,89.65718078613281,89.83878156085589,89.61769921386667,89.81509502711307,608500,TIP
2017-06-20,89.7519302368164,89.83878487977687,89.63349153968464,89.70455716758065,530200,TIP
2017-06-21,89.8940658569336,89.90986089786574,89.7598381292257,89.78352466658085,726400,TIP
2017-06-22,90.18622589111328,90.19412341263171,89.870391294859,89.96514348094844,759600,TIP
2017-06-23,90.25727081298828,90.25727081298828,90.13883812971973,90.23358427633457,670600,TIP
2017-06-26,90.39936065673828,90.43094470125594,90.31250604032485,90.35988511912161,738100,TIP
2017-06-27,89.97300720214844,90.23357111542079,89.92563413575057,90.23357111542079,751000,TIP
2017-06-28,90.0440673828125,90.08354292774385,89.8387740674279,90.0440673828125,1458800,TIP
2017-06-29,89.68875885009766,89.82299258142963,89.64138578259353,89.77561348988334,899000,TIP
2017-06-30,89.56243133544922,89.79141120862437,89.47557669307099,89.79141120862437,1673500,TIP
2017-07-03,89.39775085449219,89.6194037460489,89.36608529290004,89.6194037460489,980000,TIP
2017-07-05,89.53236389160156,89.64319038556897,89.42945530137209,89.42945530137209,2477900,TIP
2017-07-06,89.30282592773438,89.45323595625985,89.27116034069779,89.43740618253814,1459300,TIP
2017-07-07,89.0257339477539,89.18406183733218,88.97032069629937,89.1761439329554,1962000,TIP
2017-07-10,88.98615264892578,89.17614006859536,88.98615264892578,89.10489101147478,1374600,TIP
2017-07-11,89.2710952758789,89.29484897853845,88.97028147766785,88.97819937855436,1104400,TIP
2017-07-12,89.53236389160156,89.69860363255268,89.48486854835579,89.67485596092979,743900,TIP
2017-07-13,89.50067901611328,89.54026248667618,89.38194068360389,89.5165148201743,710800,TIP
2017-07-14,89.49275970458984,89.69066496175206,89.437346474168,89.6194159285873,903600,TIP
2017-07-17,89.67485046386719,89.73818161070665,89.53235840327372,89.58777164686059,733000,TIP
2017-07-18,89.92813110351562,90.0231277837301,89.86479998337265,89.9439669033454,1951300,TIP
2017-07-19,89.99942779541016,90.0390052367723,89.93609664172126,89.94401454583019,729000,TIP
2017-07-20,89.77775573730469,90.22897954225871,89.76983783487674,90.22106163983076,987400,TIP
2017-07-21,89.91232299804688,90.00731366155117,89.88065743034895,89.9835659956751,529000,TIP
2017-07-24,89.91232299804688,89.97565413344273,89.82524419677495,89.95190042797717,1042200,TIP
2017-07-25,89.56403350830078,89.74610906494345,89.56403350830078,89.7144434881538,730000,TIP
2017-07-26,89.82525634765625,89.90441725781463,89.46111132925553,89.60360338337671,726100,TIP
2017-07-27,89.76192474365234,89.841085653405,89.65901616493292,89.76984264650469,598700,TIP
2017-07-28,89.9756851196289,90.03109837228634,89.87277047927111,89.88860628836842,464100,TIP
2017-07-31,89.9756851196289,89.98359698458599,89.88860628836842,89.94401954102585,787000,TIP
2017-08-01,90.05261993408203,90.13193228665735,89.81467682521144,89.81467682521144,2164200,TIP
2017-08-02,90.00502014160156,90.1239856269279,89.95742789632732,90.00502014160156,2737200,TIP
2017-08-03,90.2508773803711,90.2508773803711,90.00500734413102,90.06052657977048,649000,TIP
2017-08-04,90.1240005493164,90.14779970146596,89.94158274084948,90.0605542970184,506800,TIP
2017-08-07,90.22709655761719,90.25088965453527,90.06053882804686,90.11605807123696,631200,TIP
2017-08-08,90.29051208496094,90.29844513161628,90.15568054752816,90.25879200062279,1252000,TIP
2017-08-09,90.45712280273438,90.57608830866066,90.42539665077244,90.51264205588156,1047900,TIP
2017-08-10,90.68710327148438,90.68710327148438,90.48881941155777,90.5205455552832,831600,TIP
2017-08-11,90.63158416748047,90.63158416748047,90.38571411717179,90.449166404717,629000,TIP
2017-08-14,90.27468872070312,90.4809056595351,90.19537637535053,90.42538641267389,658400,TIP
2017-08-15,90.00502014160156,90.13985172573389,89.94156784866503,89.96536094573031,801000,TIP
2017-08-16,90.16361999511719,90.32224463263552,89.9732692198668,90.01292235367535,918600,TIP
2017-08-17,90.38568878173828,90.47293413987195,90.1001596189629,90.1715449352275,833200,TIP
2017-08-18,90.40159606933594,90.52849461553872,90.30641762132565,90.44918226776895,649900,TIP
2017-08-21,90.43331146240234,90.46503761008843,90.31434597250943,90.38572526644518,549000,TIP
2017-08-22,90.32225799560547,90.4332964685246,90.25881176189665,90.40157637724165,480200,TIP
2017-08-23,90.56815338134766,90.56815338134766,90.36193643721823,90.42538873558793,751800,TIP
2017-08-24,90.33812713623047,90.52054489739699,90.33812713623047,90.42537251805555,521100,TIP
2017-08-25,90.48880004882812,90.52052618576484,90.3301754152865,90.36983459924285,483600,TIP
2017-08-28,90.56019592285156,90.59192206348536,90.44122440826044,90.48088359683835,404300,TIP
2017-08-29,90.70293426513672,90.89328500267678,90.60775587079628,90.81397269963016,483200,TIP
2017-08-30,90.6791763305664,90.7188294718906,90.55227175558537,90.66331023312219,726200,TIP
2017-08-31,90.90917205810547,90.91709905443955,90.70295518171689,90.70295518171689,663100,TIP
2017-09-01,90.70015716552734,90.88295289049343,90.66836528647217,90.88295289049343,2215900,TIP
2017-09-05,91.28829956054688,91.32009144231557,90.92270201572906,90.92270201572906,2288600,TIP
2017-09-06,91.17700958251953,91.38365373362056,91.09753292861299,91.27237914173539,1877900,TIP
2017-09-07,91.55852508544922,91.55852508544922,91.25651129221012,91.29625266191496,676900,TIP
2017-09-08,91.57440185546875,91.60619373078795,91.43134144837241,91.51876758958018,819800,TIP
2017-09-11,91.2247085571289,91.36776898189358,91.2247085571289,91.31213470913404,531300,TIP
2017-09-12,91.07373046875,91.18500511683058,90.99425377470652,91.13731424945803,794800,TIP
2017-09-13,90.90679168701172,91.05780159062863,90.89884826532291,91.04985210525915,614500,TIP
2017-09-14,91.04984283447266,91.07368522447278,90.91473191535185,90.91473191535185,534300,TIP
2017-09-15,91.00218963623047,91.05782392009834,90.90681397945032,91.05782392009834,524300,TIP
2017-09-18,90.96243286132812,91.04985901598617,90.89885516458867,90.96243286132812,525200,TIP
2017-09-19,90.85912322998047,91.02602607064894,90.84323032006614,90.98629076402221,412500,TIP
2017-09-20,90.60478973388672,90.89886009401853,90.40609501955802,90.8591187256802,731000,TIP
2017-09-21,90.39812469482422,90.65245362799048,90.39018127393282,90.5809264578875,823500,TIP
2017-09-22,90.62860870361328,90.69219245104681,90.54118256681217,90.64450767231162,663500,TIP
2017-09-25,90.88296508789062,90.98629022460742,90.68427036488968,90.73196122171349,920200,TIP
2017-09-26,90.81141662597656,90.85115192305987,90.71604099835204,90.80346714108778,716600,TIP
2017-09-27,90.53324127197266,90.61271792629083,90.41402325865539,90.55708366190011,588500,TIP
2017-09-28,90.46968078613281,90.52531506482914,90.35046274216019,90.3981475342766,677300,TIP
2017-09-29,90.2709732055664,90.59682934473642,90.25507423467182,90.59682934473642,1030600,TIP
2017-10-02,90.15010070800781,90.35683222444175,90.12624823808152,90.35683222444175,3499100,TIP
2017-10-03,90.23759460449219,90.28530562687104,90.08652688798865,90.09447366984706,1376500,TIP
2017-10-04,90.3171157836914,90.36482681182665,90.21375301085014,90.34892111369943,800800,TIP
2017-10-05,90.22167205810547,90.37274580248176,90.18191389392933,90.37274580248176,1818700,TIP
2017-10-06,90.15010070800781,90.28527481466286,89.99903304306007,90.0864961436189,810300,TIP
2017-10-09,90.18192291259766,90.23758070826382,90.15807043820428,90.17397613196304,447600,TIP
2017-10-10,90.34095001220703,90.53177587464077,90.32504431836142,90.32504431836142,850200,TIP
2017-10-11,90.45225524902344,90.53176551041463,90.4124970852058,90.49200734659698,663600,TIP
2017-10-12,90.6192398071289,90.66694475660522,90.44431357072261,90.48407173944945,653000,TIP
2017-10-13,90.74642944335938,90.7623351328637,90.6112614137883,90.71462413059386,817700,TIP
2017-10-16,90.53974151611328,90.69876207957246,90.45227838633704,90.6669567536315,1520700,TIP
2017-10-17,90.3727798461914,90.46023692108476,90.34097451611817,90.35687414803157,656000,TIP
2017-10-18,90.26142120361328,90.34888430894455,90.23756873238548,90.26142120361328,570600,TIP
2017-10-19,90.38069915771484,90.49996759267611,90.3011888898222,90.45226264518945,1560100,TIP
2017-10-20,90.17393493652344,90.2852504770019,90.08647185954152,90.1898345567738,748300,TIP
2017-10-23,90.18192291259766,90.31709097832336,90.16602328508365,90.18987575947705,843400,TIP
2017-10-24,90.05471801757812,90.13422829675268,89.99906021553139,90.07857049470594,980400,TIP
2017-10-25,89.95926666259766,90.00697159809135,89.80024616678996,89.84795110228366,770100,TIP
2017-10-26,89.91954040527344,90.04676170004693,89.87978830034064,90.03880885256228,675800,TIP
2017-10-27,90.20575714111328,90.24551530122356,89.98312600348015,90.0308370088612,731800,TIP
2017-10-30,90.44429779052734,90.46815026110386,90.03084081263219,90.03084081263219,551100,TIP
2017-10-31,90.48407745361328,90.52382955860564,90.43636643487912,90.50792992985775,1142300,TIP
2017-11-01,90.57805633544922,90.67365541928442,90.48246332950099,90.53025983247511,2406300,TIP
2017-11-02,90.71351623535156,90.78521101063433,90.63384727007465,90.65775160639096,2208600,TIP
2017-11-03,90.77725219726562,90.79318842310892,90.57809191944988,90.76929016223332,744200,TIP
2017-11-06,90.92855834960938,90.93652645748318,90.79313090518211,90.80906104304422,944600,TIP
2017-11-07,91.0560531616211,91.08791344763148,90.94452392692239,90.9843523233791,1139800,TIP
2017-11-08,91.00030517578125,91.11979646487745,90.96843880605941,91.09589820705821,929800,TIP
2017-11-09,90.98435974121094,91.07199072960258,90.89672875281931,90.91266497501121,799700,TIP
2017-11-10,90.58602142333984,90.73738511489108,90.5541550631245,90.70551875467574,715300,TIP
2017-11-13,90.57805633544922,90.73738814184121,90.55415808396216,90.73738814184121,590200,TIP
2017-11-14,90.6895523071289,90.70548852086812,90.57006109350839,90.57802312249326,593400,TIP
2017-11-15,90.94451904296875,91.0002836573234,90.72145450766301,90.9046845707638,1284400,TIP
2017-11-16,90.75332641601562,90.8807918725515,90.73739627289238,90.80112900116032,921200,TIP
2017-11-17,90.91264343261719,90.96840804129913,90.81704435578249,90.90467532340934,731900,TIP
2017-11-20,90.77725219726562,90.87285131865735,90.72148756259278,90.77725219726562,569200,TIP
2017-11-21,90.76924896240234,90.90467643115359,90.64178352506948,90.90467643115359,558300,TIP
2017-11-22,91.04011535644531,91.04808346675297,90.82502500123724,90.84892325427286,581500,TIP
2017-11-24,90.92855834960938,91.06398579403665,90.91262821174725,91.04805565617453,429600,TIP
2017-11-27,90.91264343261719,91.01620454077323,90.84094260551953,90.96043993209128,2403500,TIP
2017-11-28,90.90471649169922,91.0162457595717,90.82505359720304,90.93658286507554,743700,TIP
2017-11-29,90.65775299072266,90.69758139608057,90.57808402422921,90.65775299072266,755100,TIP
2017-11-30,90.56211853027344,90.6895778867143,90.39482470613369,90.60991502920297,1108600,TIP
2017-12-01,90.90702819824219,91.19508898039865,90.61096403191654,90.73899375944983,3198300,TIP
2017-12-04,90.9389877319336,90.94699111188734,90.75494662173858,90.80296079667087,1814100,TIP
2017-12-05,91.03507232666016,91.06707976575316,90.85103718286886,90.90704867508293,965500,TIP
2017-12-06,91.13104248046875,91.24306540077487,91.09903505969682,91.20306070340342,646600,TIP
2017-12-07,91.01100158691406,91.2270501162876,90.89097530446102,91.20304608075506,602700,TIP
2017-12-08,90.97099304199219,91.04300514553904,90.87497079913965,91.01099773125486,1173000,TIP
2017-12-11,90.89901733398438,91.07505514245975,90.87501328824553,90.97103557599381,728100,TIP
2017-12-12,90.97099304199219,90.98699369673925,90.77894855628712,90.85096676462403,792400,TIP
2017-12-13,91.13104248046875,91.32308090030907,90.86698583769375,90.97101148140037,961300,TIP
2017-12-14,91.13104248046875,91.21105798000293,90.90699663985649,91.05903036232536,1072200,TIP
2017-12-15,91.13104248046875,91.17105328263149,90.94700744201924,90.96300810000956,1892500,TIP
2017-12-18,90.97099304199219,91.09901659433883,90.92297886817089,91.06700918005465,660800,TIP
2017-12-19,90.69895935058594,90.86699374566884,90.5549289969732,90.80298500334571,941200,TIP
2017-12-20,90.3948974609375,90.61894331975165,90.38689407889647,90.4749129669723,749700,TIP
2017-12-21,90.6320571899414,90.6641088674603,90.3756498830227,90.39968711285377,1139000,TIP
2017-12-22,90.68818664550781,90.70420943481511,90.58402323192252,90.68818664550781,690700,TIP
2017-12-26,90.76830291748047,90.82439184379052,90.67215396565435,90.7122139911704,648200,TIP
2017-12-27,91.14488220214844,91.16891943472183,90.80834871965492,90.85642318480167,827600,TIP
2017-12-28,91.17691802978516,91.1849324769938,91.06474022179242,91.11281467858015,741800,TIP
2017-12-29,91.4093246459961,91.46541357242145,91.17695448988115,91.18496894029462,963200,TIP
2018-01-02,91.18496704101562,91.32919657928164,91.03272305250306,91.32919657928164,1525000,TIP
2018-01-03,91.2730941772461,91.3371914300512,91.17693912818824,91.2730941772461,3322400,TIP
2018-01-04,91.29715728759766,91.32119452836663,91.08080989420641,91.14491327841384,1946500,TIP
2018-01-05,91.28112030029297,91.3292008908077,91.1849713457328,91.28913475091787,1691200,TIP
2018-01-08,91.18496704101562,91.34521936654038,91.08079752751362,91.34521936654038,1198100,TIP
2018-01-09,90.88847351074219,91.08879193017755,90.86443627852724,91.08879193017755,1752700,TIP
2018-01-10,90.8564453125,90.89651145203564,90.5920234633278,90.64811239073694,2013500,TIP
2018-01-11,90.76029205322266,90.89651326241619,90.65612864688381,90.78433540536366,1440000,TIP
2018-01-12,90.84843444824219,90.87247780085346,90.71221934961919,90.76830827924248,1428300,TIP
2018-01-16,91.00067901611328,91.09683408745349,90.92055284661387,91.08881963653309,1171900,TIP
2018-01-17,90.9365463256836,91.08879027792749,90.84039739856777,90.96058355746254,1237400,TIP
2018-01-18,90.8564453125,90.92856314101724,90.69619298082662,90.77631914666331,2098900,TIP
2018-01-19,90.70418548583984,90.82437777023276,90.65611101737609,90.75226606753712,1452100,TIP
2018-01-22,90.65609741210938,90.82436413971331,90.6320601814849,90.80032690908884,876300,TIP
2018-01-23,90.79235076904297,90.89652029667796,90.70421014407576,90.79235076904297,1297200,TIP
2018-01-24,90.72824096679688,90.7683009914629,90.60003421610317,90.68016037866957,1050400,TIP
2018-01-25,90.89649200439453,90.96058925540927,90.60803297851166,90.76828527589846,1039800,TIP
2018-01-26,90.84038543701172,90.88845989423935,90.72019318071057,90.88845989423935,1435500,TIP
2018-01-29,90.62406921386719,90.76028429818707,90.59201752698588,90.75227596139239,984600,TIP
2018-01-30,90.40770721435547,90.51988503607063,90.34360385530887,90.49584780473634,1638300,TIP
2018-01-31,90.6320571899414,90.6320571899414,90.4477615725159,90.57596828259146,4950600,TIP
2018-02-01,90.16803741455078,90.64087370340762,90.14399572045538,90.64087370340762,4574600,TIP
2018-02-02,90.05585479736328,90.08791243331987,89.8795408567864,90.03180698461918,3662900,TIP
2018-02-05,90.3924331665039,90.55271520064474,89.83944975429301,89.9356226433981,4035300,TIP
2018-02-06,90.02381134033203,90.30430805616999,89.99976963817018,90.22416701084055,2055500,TIP
2018-02-07,89.82342529296875,90.16803717427591,89.7352683386087,90.12796360797853,1862700,TIP
2018-02-08,89.63909912109375,89.85548660497776,89.54293234102798,89.67917268903317,1650000,TIP
2018-02-09,89.35865020751953,89.6712046383782,89.3185766181802,89.48688080190836,2755000,TIP
2018-02-12,89.42273712158203,89.71925957683904,89.39067948316004,89.57500326112478,1125000,TIP
2018-02-13,89.48685455322266,89.55897965563186,89.40670739805313,89.47082267644096,1446900,TIP
2018-02-14,89.40666961669922,89.5990153705815,89.30248691912149,89.5990153705815,1386300,TIP
2018-02-15,89.45478820800781,89.65514384769344,89.45478820800781,89.4948556673236,1438800,TIP
2018-02-16,89.59903717041016,89.74329346373659,89.53492190351655,89.65513650034997,1563900,TIP
2018-02-20,89.52691650390625,89.5429483797008,89.38266019360081,89.46280122946625,1047400,TIP
2018-02-21,89.27043151855469,89.51887048055305,89.18227457441971,89.47880303327072,987900,TIP
2018-02-22,89.35057830810547,89.47079288646393,89.31852067958538,89.39065187234743,922600,TIP
2018-02-23,89.67920684814453,89.67920684814453,89.46281928183778,89.51891862970058,678400,TIP
2018-02-26,89.79135131835938,89.92759163598268,89.77531944901155,89.81539300801447,822100,TIP
2018-02-27,89.56700897216797,89.91963082723132,89.41473669184515,89.91963082723132,2236800,TIP
2018-02-28,89.69519805908203,89.74328756327463,89.54293195318141,89.65513060568418,840900,TIP
2018-03-01,89.96770477294922,90.03982987364327,89.6230928027714,89.74330741829749,3639500,TIP
2018-03-02,89.89558410644531,89.99977297216604,89.76735965204216,89.87955834253368,961900,TIP
2018-03-05,89.8394546508789,90.0798838295621,89.71123023945107,90.06385195665364,765700,TIP
2018-03-06,89.81544494628906,89.9997748641831,89.79140324273119,89.93565957844864,875300,TIP
2018-03-07,89.81544494628906,89.9997748641831,89.74331983561544,89.9997748641831,2200500,TIP
2018-03-08,89.903564453125,90.03178885676462,89.8554810660561,89.93562208262681,818000,TIP
2018-03-09,89.76734924316406,89.87153198243435,89.67919226594715,89.81543264369353,853800,TIP
2018-03-12,89.83145904541016,89.85550686021547,89.67117696625772,89.85550686021547,3274200,TIP
2018-03-13,89.903564453125,89.95966377616126,89.79938174301984,89.93562208262681,1162500,TIP
2018-03-14,90.05585479736328,90.12797989248898,89.88755679436778,89.90358255516165,1555500,TIP
2018-03-15,90.06388092041016,90.20012742647593,89.9997717512633,90.07189685944226,3265100,TIP
2018-03-16,89.91161346435547,89.9917545104072,89.85551412068226,89.98373857149106,1821100,TIP
2018-03-19,89.8554916381836,90.04783132345695,89.80740213108899,89.80740213108899,1968000,TIP
2018-03-20,89.7192611694336,89.85550766373785,89.7192611694336,89.8154340864067,1045900,TIP
2018-03-21,89.91161346435547,89.96771280802866,89.57501128794637,89.71926761658744,980000,TIP
2018-03-22,90.17607879638672,90.28026765975474,90.03983840591921,90.12799539136758,1004800,TIP
2018-03-23,90.22415924072266,90.28827451721253,90.08791886395868,90.10394462589649,1075900,TIP
2018-03-26,90.06388092041016,90.28026847368699,90.04785515671594,90.13601214295909,1430200,TIP
2018-03-27,90.40848541259766,90.47260069078594,90.152030414214,90.152030414214,1120600,TIP
2018-03-28,90.40848541259766,90.54473190734012,90.27224503222466,90.51267426824599,1476800,TIP
2018-03-29,90.60083770751953,90.69700451728974,90.44856543955684,90.45658137849433,1146000,TIP
2018-04-02,90.69084167480469,90.81939819574426,90.49799769808844,90.63459704748027,1599900,TIP
2018-04-03,90.63453674316406,90.67470794726496,90.50597417755989,90.60239610176302,2938800,TIP
2018-04-04,90.58634948730469,90.75508330687634,90.5301048807808,90.75508330687634,896600,TIP
2018-04-05,90.32923889160156,90.48190546515889,90.29709823768408,90.41762415732391,1069200,TIP
2018-04-06,90.69084167480469,90.69084167480469,90.44175307076402,90.53817505912214,1170900,TIP
2018-04-09,90.67474365234375,90.67474365234375,90.5140465122612,90.59439508230247,1463300,TIP
2018-04-10,90.63453674316406,90.69078133306576,90.55418207456118,90.66667125436457,874800,TIP
2018-04-11,90.89971160888672,90.92382169429897,90.75508174742444,90.8273997432567,772000,TIP
2018-04-12,90.75508117675781,90.86757038716534,90.68276931158249,90.81132578196157,791600,TIP
2018-04-13,90.88362884521484,90.89969610254656,90.73096231465813,90.73096231465813,567700,TIP
2018-04-16,90.80330657958984,90.81133714547941,90.65867670093898,90.65867670093898,778200,TIP
2018-04-17,90.93989562988281,90.97203628258954,90.75508840936978,90.79526575780386,913100,TIP
2018-04-18,90.75508117675781,90.95595564251443,90.74705061187314,90.92382112257131,881500,TIP
2018-04-19,90.61045837402344,90.66670298360819,90.50600585056678,90.63456846116206,640200,TIP
2018-04-20,90.29708862304688,90.48993252601818,90.29708862304688,90.4818958308438,730200,TIP
2018-04-23,90.27298736572266,90.33726866863427,90.18460210676979,90.32120140800758,1036000,TIP
2018-04-24,90.02389526367188,90.24083697483162,89.99175461568493,90.19262906795207,1033200,TIP
2018-04-25,89.8873062133789,90.02389937591164,89.79892095992783,89.95158138208708,684400,TIP
2018-04-26,90.12033081054688,90.17657542046327,90.03997611334971,90.08015346194829,848900,TIP
2018-04-27,90.40960693359375,90.44174759443365,90.30515438351728,90.30515438351728,708100,TIP
2018-04-30,90.48191833496094,90.62654823305975,90.40960032080963,90.43371041232926,2127900,TIP
2018-05-01,90.22284698486328,90.4165431147697,90.1986357383111,90.37619308967905,868600,TIP
2018-05-02,90.3358383178711,90.41654452680174,90.2389871726609,90.31969953908059,2014000,TIP
2018-05-03,90.4488296508789,90.52953586106679,90.39233468799847,90.44075718261337,811700,TIP
2018-05-04,90.47301483154297,90.56986595035764,90.35195247239646,90.5617934844179,672000,TIP
2018-05-07,90.48919677734375,90.54569174705597,90.44076811938335,90.49726308909557,522800,TIP
2018-05-08,90.3277359008789,90.4084420830508,90.20667354887756,90.35194713978177,1428300,TIP
2018-05-09,90.2712631225586,90.36811425943762,90.21476816541795,90.21476816541795,721500,TIP
2018-05-10,90.4488296508789,90.46496842992083,90.31970094607613,90.40040715626401,659100,TIP
2018-05-11,90.4488296508789,90.5214695502904,90.36812344069102,90.5214695502904,580100,TIP
2018-05-14,90.22284698486328,90.34390937511314,90.21477451684957,90.34390937511314,1333600,TIP
2018-05-15,89.93229675292969,90.0533591391972,89.80316189891401,90.02107542569328,1059800,TIP
2018-05-16,89.80313873291016,89.98876849829966,89.80313873291016,89.95648479312378,874900,TIP
2018-05-17,89.63370513916016,89.87582998764955,89.61756635608985,89.82740748094795,719100,TIP
2018-05-18,89.87577056884766,89.88384303379127,89.68207451260716,89.69014082006417,697400,TIP
2018-05-21,89.90808868408203,89.9403723987267,89.78702629353677,89.83544878675929,673800,TIP
2018-05-22,89.86774444580078,89.97266807171367,89.85967197669444,89.94038435277815,1301900,TIP
2018-05-23,90.1259765625,90.17440520273405,90.00491419814634,90.0614091471797,1330800,TIP
2018-05-24,90.23091888427734,90.3277638698758,90.1824902339892,90.23091888427734,932900,TIP
2018-05-25,90.36003875732422,90.37618369167276,90.24704884683761,90.2793325580464,547000,TIP
2018-05-29,90.8927001953125,91.07832381633523,90.50530186330676,90.5860080532074,1573500,TIP
2018-05-30,90.72322845458984,90.84428467818405,90.60216607350715,90.75550600922264,2219000,TIP
2018-05-31,90.77972412109375,90.98955901528974,90.66672804904168,90.7474404087201,2374200,TIP
2018-06-01,90.64698028564453,90.75221209591878,90.52555516551999,90.59840653203182,1556700,TIP
2018-06-04,90.46076965332031,90.63076230484505,90.45267300059919,90.54171765272211,1710800,TIP
2018-06-05,90.66313171386719,90.71979592415093,90.54170664156325,90.57408707257335,1207300,TIP
2018-06-06,90.46888732910156,90.5579320019166,90.37174600168392,90.5579320019166,769000,TIP
2018-06-07,90.74410247802734,90.86552758080607,90.46078135550182,90.50125844840716,3077200,TIP
2018-06-08,90.59030151367188,90.73600422331084,90.55792107510638,90.68743665343119,1771400,TIP
2018-06-11,90.59030151367188,90.59030151367188,90.42030266721875,90.44459262809573,791600,TIP
2018-06-12,90.5174331665039,90.58219403589628,90.4607689497697,90.50124603712403,635700,TIP
2018-06-13,90.46076965332031,90.63885895756617,90.24220943734178,90.53362100000099,692600,TIP
2018-06-14,90.69552612304688,90.7036227760312,90.54172059602804,90.6307652510456,820300,TIP
2018-06-15,90.7279281616211,90.87363707034929,90.71983150670893,90.84935328155095,1102300,TIP
2018-06-18,90.8007583618164,90.82504214495405,90.72790701240346,90.8007583618164,645800,TIP
2018-06-19,90.94645690917969,91.03550155453077,90.89788934841947,90.96265021339043,2233800,TIP
2018-06-20,90.69552612304688,90.96266008809958,90.67124234003056,90.96266008809958,668500,TIP
2018-06-21,90.857421875,90.88170565794893,90.70362252434461,90.70362252434461,738500,TIP
2018-06-22,90.9869384765625,91.01122225813904,90.78456539550962,90.84122961116698,1630400,TIP
2018-06-25,91.02743530273438,91.16505373074192,90.98696438056352,91.01124816905364,2901400,TIP
2018-06-26,91.15695190429688,91.15695190429688,90.98695921857211,91.0193396600346,934100,TIP
2018-06-27,91.45645141601562,91.46454189310633,91.32692967132368,91.35931010749667,990100,TIP
2018-06-28,91.33502960205078,91.48073848208985,91.26217207406279,91.48073848208985,1883000,TIP
2018-06-29,91.36741638183594,91.50502861810963,91.31075215655045,91.34312642019584,744300,TIP
2018-07-02,91.40074920654297,91.4820075207446,91.36824464093992,91.47387982944085,2468800,TIP
2018-07-03,91.59575653076172,91.62826109144281,91.48199366818345,91.5063705387915,996000,TIP
2018-07-05,91.70137023925781,91.750130168672,91.58760740330735,91.63636113311195,831900,TIP
2018-07-06,91.83142852783203,91.86393309509032,91.73391482605714,91.81517314439674,671300,TIP
2018-07-09,91.6445083618164,91.69326210201632,91.6038823115201,91.65263605172002,901700,TIP
2018-07-10,91.50637817382812,91.6851501726848,91.48200130118613,91.62014104589845,944300,TIP
2018-07-11,91.60388946533203,91.66077089987773,91.50637577770593,91.66077089987773,652300,TIP
2018-07-12,91.53073120117188,91.57136344473085,91.43321753639631,91.4900989576129,1028100,TIP
2018-07-13,91.7094955444336,91.75012778462137,91.56322815921084,91.56322815921084,1342000,TIP
2018-07-16,91.46572875976562,91.49823331706061,91.3357167301961,91.47385644899197,967700,TIP
2018-07-17,91.34384155273438,91.49010275655601,91.32758617479185,91.48198126719495,781700,TIP
2018-07-18,91.19759368896484,91.32760574231004,91.16508912572566,91.32760574231004,2352400,TIP
2018-07-19,91.32759857177734,91.38448000307703,91.23008488971603,91.2463402698651,1103300,TIP
2018-07-20,91.10821533203125,91.40075022610993,91.09195994924241,91.32761340278424,671600,TIP
2018-07-23,90.67750549316406,91.01880022688555,90.65312862638612,91.01880022688555,802600,TIP
2018-07-24,90.72628784179688,90.76691389659412,90.64502953259078,90.69378327819211,794600,TIP
2018-07-25,90.74251556396484,90.97004125577867,90.7018895187753,90.88878296578946,845100,TIP
2018-07-26,90.65312194824219,90.89690299728319,90.64500045965454,90.84814926731883,768500,TIP
2018-07-27,90.7912826538086,90.88066244011453,90.73440122637174,90.86441326067998,749200,TIP
2018-07-30,90.74251556396484,90.83190154283601,90.68563414101139,90.71001100804713,930800,TIP
2018-07-31,90.88068389892578,90.90506697325088,90.81568096622843,90.88068389892578,1370700,TIP
2018-08-01,90.65870666503906,90.72398895697305,90.58526875585984,90.6668685079463,2501500,TIP
2018-08-02,90.7076644897461,90.78110239325231,90.61790290168636,90.72398194863807,2167600,TIP
2018-08-03,90.88717651367188,90.91981765534807,90.78925931430452,90.78925931430452,758000,TIP
2018-08-06,90.90350341796875,91.08302659071752,90.87086227513612,90.99326500434313,772900,TIP
2018-08-07,90.78111267089844,90.88719172985974,90.78111267089844,90.87903611232119,1549200,TIP
2018-08-08,90.7892837524414,90.83824236530349,90.72400145151673,90.7811219084101,1605800,TIP
2018-08-09,91.00142669677734,91.0095885394458,90.87903018505959,90.93615063241515,1095300,TIP
2018-08-10,91.29520416259766,91.41760691792483,91.22992808866421,91.24624555073189,710000,TIP
2018-08-13,91.27888488769531,91.31152603684515,91.21360258939565,91.26256120028908,1604600,TIP
2018-08-14,91.16463470458984,91.26255191641587,91.11567609867681,91.26255191641587,845200,TIP
2018-08-15,91.34417724609375,91.36865655423648,91.25441563246157,91.26257125140026,943100,TIP
2018-08-16,91.28704833984375,91.3196894895687,91.14832189709699,91.30336580187486,861700,TIP
2018-08-17,91.32782745361328,91.40942719932066,91.23806586563671,91.34415113815169,639100,TIP
2018-08-20,91.50736236572266,91.54816535664024,91.4339244528658,91.45840375715142,611400,TIP
2018-08-21,91.45024871826172,91.46656618044547,91.36864895601738,91.44208687433844,743100,TIP
2018-08-22,91.64608001708984,91.66240370326642,91.54000095959071,91.64608001708984,1539900,TIP
2018-08-23,91.71952056884766,91.74399987149364,91.64607643524782,91.70319688330906,718600,TIP
2018-08-24,91.80928802490234,91.80928802490234,91.55632068819597,91.59712367898605,855800,TIP
2018-08-27,91.67057800292969,91.75218399911937,91.64609869433815,91.71138100102453,906000,TIP
2018-08-28,91.4910659790039,91.55634206358062,91.43394551395943,91.51554528892815,740100,TIP
2018-08-29,91.4910659790039,91.53186275365638,91.40945997837143,91.4910659790039,945900,TIP
2018-08-30,91.57266235351562,91.64610028056128,91.52370373548517,91.58082419840854,1451000,TIP
2018-08-31,91.466552734375,91.6950407509981,91.44207343186658,91.6950407509981,1978700,TIP
2018-09-04,91.3404541015625,91.42233582084354,91.27494622726776,91.36501799262935,6260200,TIP
2018-09-05,91.25037384033203,91.30769166320967,91.19305601745441,91.25037384033203,2167600,TIP
2018-09-06,91.33226776123047,91.3650216997068,91.23400594580146,91.27494993069062,1579100,TIP
2018-09-07,91.07025909423828,91.1111968394116,90.97199726090527,91.10301303868262,1453400,TIP
2018-09-10,91.09480285644531,91.13574683974508,91.0456750742254,91.08661281035042,1832700,TIP
2018-09-11,90.90650177001953,90.99657356773159,90.86556401926303,90.9556358169751,2553400,TIP
2018-09-12,90.98834991455078,91.08660547107371,90.9801598691158,91.04566773824723,1251600,TIP
2018-09-13,90.85736846923828,90.98838425695139,90.85736846923828,90.98838425695139,1556800,TIP
2018-09-14,90.69358825683594,90.81641397337236,90.66083431594785,90.70996210369225,1328700,TIP
2018-09-17,90.7099609375,90.7590887246128,90.63626925683081,90.65264310347662,1468200,TIP
2018-09-18,90.52161407470703,90.66900365144745,90.48886014130093,90.6526235611574,891400,TIP
2018-09-19,90.42335510253906,90.49704676962702,90.29233936481707,90.49704676962702,986300,TIP
2018-09-20,90.54620361328125,90.64445919415978,90.41518784254217,90.4397517377618,1030500,TIP
2018-09-21,90.55437469482422,90.61169877185301,90.48887306583045,90.48887306583045,788600,TIP
2018-09-24,90.46432495117188,90.60352452692575,90.4561349034287,90.49707264779255,1388500,TIP
2018-09-25,90.43157196044922,90.44794580893213,90.35787402433597,90.39062796847786,873000,TIP
2018-09-26,90.58712768554688,90.636261715747,90.40699039872923,90.4561181817545,1131700,TIP
2018-09-27,90.61988830566406,90.62807835249717,90.51344268553497,90.55438042534986,1064300,TIP
2018-09-28,90.57894897460938,90.68539459286849,90.51344109544597,90.6526406532868,2204400,TIP
2018-10-01,90.30931091308594,90.5060079020815,90.30111338145313,90.48961909170043,5181400,TIP
2018-10-02,90.45684814453125,90.5470022467217,90.39128038786811,90.39947792067235,3800200,TIP
2018-10-03,90.02244567871094,90.38306200428094,89.93229785020242,90.35847566442554,2775700,TIP
2018-10-04,89.80116271972656,89.97327335227422,89.73559497793202,89.90770561047968,2102800,TIP
2018-10-05,89.5552749633789,89.76016943970967,89.48971348314429,89.63723775621776,2703600,TIP
2018-10-08,89.51432037353516,89.60447446405195,89.51432037353516,89.57169058996541,870000,TIP
2018-10-09,89.76838684082031,89.76838684082031,89.58807866127468,89.62086253509067,2233600,TIP
2018-10-10,89.67823028564453,89.69462534854408,89.46514449102555,89.57988491978482,2276900,TIP
2018-10-11,89.82575225830078,89.89132000243013,89.58807387549506,89.66183915086164,3359300,TIP
2018-10-12,89.68641662597656,89.8585272476394,89.6700278180064,89.70280543394671,1746800,TIP
2018-10-15,89.74382019042969,89.82577676651043,89.70283877594635,89.76840653796532,1768600,TIP
2018-10-16,89.75199890136719,89.78478277550133,89.65364727896475,89.6946286848536,1114400,TIP
2018-10-17,89.53889465332031,89.75198667973292,89.53889465332031,89.71100527942458,1396900,TIP
2018-10-18,89.47332000732422,89.66182568015414,89.46512873020188,89.4897150673355,1005600,TIP
2018-10-19,89.3913803100586,89.48153439845859,89.34220762652568,89.44055299359151,1180700,TIP
2018-10-22,89.34220123291016,89.46513918582909,89.34220123291016,89.42415778389477,832800,TIP
2018-10-23,89.3667984008789,89.67823583350878,89.34221205789297,89.58808174063714,1228600,TIP
2018-10-24,89.661865234375,89.661865234375,89.48155701200797,89.54712477521163,1121900,TIP
2018-10-25,89.28484344482422,89.55529947541568,89.26025710139635,89.53891066409207,985300,TIP
2018-10-26,89.735595703125,89.76837957428721,89.47333098671137,89.47333098671137,2203900,TIP
2018-10-29,89.64543151855469,89.74378312095813,89.51430230156679,89.67002410881807,1368500,TIP
2018-10-30,89.40775299072266,89.55527726759186,89.39136418346312,89.51430212300134,1281100,TIP
2018-10-31,89.20289611816406,89.37501305781421,89.1865073039948,89.26027259997143,1723100,TIP
2018-11-01,89.08885955810547,89.26931861108116,89.0560482522811,89.08885955810547,2582200,TIP
2018-11-02,88.81818389892578,88.99043858597389,88.76897006208848,88.92482222289671,1195600,TIP
2018-11-05,88.98224639892578,89.07246968645157,88.96583761347162,88.96583761347162,1233000,TIP
2018-11-06,88.94941711425781,89.09706486292349,88.9412127231884,89.0642535567626,827500,TIP
2018-11-07,89.01505279541016,89.2283232027029,88.96583895454187,89.15450244140048,1101500,TIP
2018-11-08,88.8919906616211,89.09705661255008,88.20296581227927,89.07244344162102,1232100,TIP
2018-11-09,89.10529327392578,89.13810459123599,88.94944733935087,88.94944733935087,1232400,TIP
2018-11-12,89.29395294189453,89.37597810258134,89.2365347036019,89.277544154886,1111100,TIP
2018-11-13,89.22010040283203,89.26111610050572,89.1216727414021,89.18729535443326,871900,TIP
2018-11-14,89.22830200195312,89.40055666218232,89.10526117089896,89.12987434360309,926800,TIP
2018-11-15,89.3021240234375,89.37594476308303,89.17087880880152,89.31032215576504,2124600,TIP
2018-11-16,89.6712646484375,89.72047848826497,89.46619863833239,89.49080555824612,1218000,TIP
2018-11-19,89.63021850585938,89.68763671886558,89.55639777118678,89.55639777118678,1502200,TIP
2018-11-20,89.4990005493164,89.63023952777606,89.47439363198755,89.55641877578951,1094700,TIP
2018-11-21,89.45796966552734,89.49078096910284,89.2611081021906,89.38414892606967,1251600,TIP
2018-11-23,89.31854248046875,89.48259276991371,89.31033808856128,89.45798585230871,364700,TIP
2018-11-26,89.22010040283203,89.31032993122068,89.21190226979076,89.26932049166382,1226800,TIP
2018-11-27,88.98224639892578,89.26113317046627,88.98224639892578,89.16269923209538,1154000,TIP
2018-11-28,89.08885955810547,89.26931861108116,88.90019611414452,88.91660489611506,1494600,TIP
2018-11-29,89.61383819580078,89.61383819580078,89.37596089492479,89.40877220450604,940800,TIP
2018-11-30,89.63021850585938,89.70404549864784,89.56460216107791,89.64662728564164,1270700,TIP
2018-12-03,89.79862976074219,89.79862976074219,89.59327248391402,89.64255622491062,1250200,TIP
2018-12-04,90.06970977783203,90.29149289633241,89.91363623003093,89.92185227649604,2015000,TIP
2018-12-06,90.07791137695312,90.27505259144644,89.99576345949187,90.102553245389,1503600,TIP
2018-12-07,90.20934295654297,90.2175590022543,90.03684359864461,90.10255943032207,1221900,TIP
2018-12-10,89.98756408691406,90.22577302067668,89.91363220605119,90.16827323200864,1282400,TIP
2018-12-11,89.62614440917969,90.02042693279397,89.5440027390107,89.91364338827505,1499000,TIP
2018-12-12,89.49468231201172,89.61789790889904,89.45361462438635,89.5932560429227,1876200,TIP
2018-12-13,89.51113891601562,89.61792245349424,89.47828099671283,89.51935496259316,1542500,TIP
2018-12-14,89.57684326171875,89.67541073997343,89.56041117067197,89.6261270008461,1231000,TIP
2018-12-17,89.7328872680664,89.74931935485439,89.60146190878689,89.60146190878689,1578100,TIP
2018-12-18,89.96659851074219,89.9830583279113,89.78558446494843,89.81849782170573,1194900,TIP
2018-12-19,90.1229248046875,90.32862855208342,90.08178782175642,90.09001145179454,2779100,TIP
2018-12-20,89.86785888671875,90.14761298463175,89.82671562404659,90.11469963001014,2968400,TIP
2018-12-21,89.82670593261719,90.0324096686235,89.81025239587181,89.97481287364492,1960400,TIP
2018-12-24,89.95838165283203,89.98306510286322,89.85141166592166,89.89255493436126,861700,TIP
2018-12-26,89.77735137939453,90.05710548556047,89.74443802380195,89.90899852418417,1441300,TIP
2018-12-27,89.77735137939453,90.05710548556047,89.7691214711012,89.97482523536935,1467200,TIP
2018-12-28,90.04063415527344,90.04063415527344,89.85138396740551,89.92544057225103,2067600,TIP
2018-12-31,90.10648345947266,90.1311669080873,89.89254977551076,89.9172332241254,1496100,TIP
2019-01-02,90.2463607788086,90.287504045005,90.09825380911502,90.15585061524136,1435200,TIP
2019-01-03,90.77291870117188,90.83874538469581,90.3779648776063,90.3779648776063,1213900,TIP
2019-01-04,90.5837173461914,90.59194725545926,90.39447337610092,90.53435044574718,1236700,TIP
2019-01-07,90.526123046875,90.68245993939237,90.46030260365123,90.63309303757914,1237700,TIP
2019-01-08,90.60016632080078,90.6577631236191,90.55079942626527,90.60016632080078,792600,TIP
2019-01-09,90.70712280273438,90.71535271036254,90.50964896272,90.54256231565242,1079200,TIP
2019-01-10,90.49320983886719,90.73182069986808,90.44383666281426,90.69891361927438,1346300,TIP
2019-01-11,90.7318115234375,90.7318115234375,90.56725102678753,90.56725102678753,879400,TIP
2019-01-14,90.56726837158203,90.77297217057968,90.53435501043259,90.70714544828081,975700,TIP
2019-01-15,90.48499298095703,90.5672732494713,90.41093634498672,90.5672732494713,930800,TIP
2019-01-16,90.47674560546875,90.50142905349999,90.32040873116298,90.38623544430024,1793000,TIP
2019-01-17,90.4027099609375,90.56727049295745,90.33688323709676,90.45207686502711,1975400,TIP
2019-01-18,90.29570007324219,90.38621020914094,90.16405296130345,90.27101663210237,1702600,TIP
2019-01-22,90.35330200195312,90.45204204970884,90.29570521015717,90.42735860716478,3260300,TIP
2019-01-23,90.2463607788086,90.32041112486486,90.2052175126122,90.26281431873852,921000,TIP
2019-01-24,90.38619995117188,90.47671007679858,90.35328660752775,90.41911329481599,851000,TIP
2019-01-25,90.2463607788086,90.31218749369042,90.18053406392677,90.26281431873852,576600,TIP
2019-01-28,90.1229248046875,90.18052160285515,90.09824135941282,90.14760824996218,1318900,TIP
2019-01-29,90.38619995117188,90.38619995117188,90.15581282324148,90.17226635627432,632200,TIP
2019-01-30,90.87992858886719,90.93752539685849,90.39447067545213,90.41092421591482,947100,TIP
2019-01-31,91.39005279541016,91.42296614547726,91.07738538614214,91.07738538614214,1430700,TIP
2019-02-01,91.06916809082031,91.37361191291676,91.06916809082031,91.32423874218891,1474800,TIP
2019-02-04,90.88813018798828,90.95395688449781,90.81407986259954,90.93749707158078,973000,TIP
2019-02-05,91.01156616210938,91.04447951488012,90.90460247378954,90.9539693641556,1024600,TIP
2019-02-06,90.95398712158203,91.15969090837476,90.93752730319304,91.11854763998366,3779300,TIP
2019-02-07,91.0938491821289,91.12676253590298,90.95397213677434,91.05271219809657,916700,TIP
2019-02-08,91.13500213623047,91.20082257319848,91.10208877895596,91.19259894206562,832700,TIP
2019-02-11,90.94573974609375,91.01979635945875,90.87168941030895,90.99510663661697,653200,TIP
2019-02-12,90.96221160888672,91.01980841465232,90.86347153718242,91.01980841465232,658700,TIP
2019-02-13,90.94573974609375,90.99510663661697,90.89637285557055,90.92928620844607,642200,TIP
2019-02-14,91.2007827758789,91.233696118791,91.09381911959827,91.2007827758789,1780700,TIP
2019-02-15,91.2007827758789,91.2501559290362,91.13496236763297,91.13496236763297,664200,TIP
2019-02-19,91.41474914550781,91.42297905358149,91.25018864951748,91.2913256347248,602400,TIP
2019-02-20,91.44766235351562,91.49702924671742,91.35715219759199,91.38183564419288,819800,TIP
2019-02-21,91.29132080078125,91.32423415375263,91.18435711180939,91.24195391011426,959700,TIP
2019-02-22,91.52993774414062,91.62867780288488,91.3736071647708,91.38183079481435,550100,TIP
2019-02-25,91.46408081054688,91.48876424598619,91.40647775775157,91.43939109752989,556100,TIP
2019-02-26,91.59576416015625,91.66982077337516,91.52993745453503,91.60399406775394,561100,TIP
2019-02-27,91.38182830810547,91.52171162358167,91.29131815944794,91.5052518087821,825600,TIP
2019-02-28,91.23372650146484,91.40651690111238,91.15967616343606,91.40651690111238,1155000,TIP
2019-03-01,91.0527114868164,91.29955222182319,91.01156822552512,91.18435862330396,1334600,TIP
2019-03-04,91.18437957763672,91.2748897512127,91.11032922339187,91.15969612622177,916700,TIP
2019-03-05,91.15145111083984,91.15145111083984,90.95397725466407,91.0774007688667,973600,TIP
2019-03-06,91.2584457397461,91.26666937268872,91.09387891715751,91.09387891715751,1891700,TIP
2019-03-07,91.51349639892578,91.56286329608503,91.38184296972643,91.38184296972643,1168000,TIP
2019-03-08,91.59576416015625,91.63690742056455,91.45588711889629,91.49702410172442,793500,TIP
2019-03-11,91.57929229736328,91.64511271223355,91.5134656049141,91.59574583168613,620400,TIP
2019-03-12,91.75209045410156,91.81791087456536,91.53815682425073,91.54638673090099,632400,TIP
2019-03-13,91.85907745361328,91.86730736235316,91.7685672902178,91.7685672902178,607600,TIP
2019-03-14,91.83439636230469,91.95781988624682,91.76033973690693,91.87553962947914,2511100,TIP
2019-03-15,92.15526580810547,92.17171934343631,91.99892897335562,92.00715887981069,2015900,TIP
2019-03-18,92.14703369140625,92.23754382750315,92.08121327408236,92.08121327408236,975900,TIP
2019-03-19,92.06475067138672,92.138807270303,92.00715388448691,92.04829713694919,746400,TIP
2019-03-20,92.67366027832031,92.72303345191679,92.08123869339059,92.08123869339059,1213000,TIP
2019-03-21,92.66543579101562,92.7477160428082,92.60783898700275,92.6736594218883,808900,TIP
2019-03-22,92.94519805908203,93.01925468650079,92.78063754105581,92.879371340839,1196700,TIP
2019-03-25,92.92052459716797,93.22496849358068,92.83824432931056,92.91229468710762,1160000,TIP
2019-03-26,92.75595092773438,92.99456178746033,92.75595092773438,92.84645481525526,991900,TIP
2019-03-27,92.79707336425781,92.93695040563178,92.71479312095431,92.73947656618735,1237800,TIP
2019-03-28,92.87114715576172,92.87114715576172,92.66544337066419,92.74772362918694,893300,TIP
2019-03-29,93.03567504882812,93.05212858373054,92.8793382181492,92.8793382181492,998200,TIP
2019-04-01,92.69013977050781,92.9452104908395,92.62431304346022,92.9040734946214,3808200,TIP
2019-04-02,92.78064727783203,92.78064727783203,92.66545364760853,92.68190719010529,1183200,TIP
2019-04-03,92.49261474609375,92.69008854051017,92.49261474609375,92.56666506490788,1168700,TIP
2019-04-04,92.55844116210938,92.60781432209966,92.49262074475425,92.51730418595982,1860500,TIP
2019-04-05,92.66543579101562,92.66543579101562,92.50909891830318,92.51732882675668,668500,TIP
2019-04-08,92.57489776611328,92.67363152751358,92.53375451381054,92.62426464681343,786000,TIP
2019-04-09,92.66543579101562,92.78062939904137,92.64074606565512,92.73125622590119,1135400,TIP
2019-04-10,93.0027847290039,93.03569808453722,92.90405093998467,92.91227457068248,1665200,TIP
2019-04-11,92.78886413574219,92.90406403513694,92.76418068500816,92.86292076552586,757500,TIP
2019-04-12,92.6160659790039,92.74771940871449,92.60784234783277,92.65720924518372,1097200,TIP
2019-04-15,92.66543579101562,92.69834914724882,92.60783898700275,92.61606261787543,563100,TIP
2019-04-16,92.45147705078125,92.59958397488853,92.42679360969322,92.55021709271247,991200,TIP
2019-04-17,92.43502807617188,92.50085477851076,92.40212100258228,92.41857453937708,1896900,TIP
2019-04-18,92.6983642578125,92.75596107121412,92.64076116682905,92.6489910766241,872400,TIP
2019-04-22,92.60784912109375,92.72304274172515,92.57493576125884,92.69012938189024,7154100,TIP
2019-04-23,92.82177734375,92.83000725317504,92.70658372212564,92.72304354097574,967800,TIP
2019-04-24,93.14262390136719,93.15908371123008,93.00274690542314,93.00274690542314,577700,TIP
2019-04-25,93.14262390136719,93.23313402287877,93.11794046415096,93.15908371123008,7567000,TIP
2019-04-26,93.34835815429688,93.34835815429688,93.24139446546864,93.30722117132302,769500,TIP
2019-04-29,93.08505249023438,93.15087919246932,93.06036904629123,93.1344256557005,811000,TIP
2019-04-30,93.24141693115234,93.26610038239996,93.06039658522766,93.06039658522766,1004600,TIP
2019-05-01,93.03975677490234,93.46775005872068,93.03152432342875,93.22905920215102,2289100,TIP
2019-05-02,92.6611328125,92.80928552091099,92.56236224705279,92.77636199909524,1103000,TIP
2019-05-03,92.91629028320312,92.99036978356739,92.84221706235911,92.84221706235911,1040400,TIP
2019-05-06,93.05618286132812,93.13849478824265,93.04795669225138,93.08087392759514,588700,TIP
2019-05-07,93.10558319091797,93.21257991827672,93.07265967184162,93.08088584197131,1479000,TIP
2019-05-08,92.86693572998047,93.20439096885114,92.84224464902921,93.17969988789989,2586100,TIP
2019-05-09,93.02328491210938,93.11382303298329,92.95744414380843,93.02328491210938,781800,TIP
2019-05-10,93.22905731201172,93.26198083771803,93.0315224372943,93.08913703740023,881100,TIP
2019-05-13,93.42655181884766,93.59116308566918,93.40186075677616,93.42655181884766,952600,TIP
2019-05-14,93.492431640625,93.50889654190038,93.39366735105244,93.43481704520103,667700,TIP
2019-05-15,93.68172454833984,93.69818316732298,93.51711324043289,93.67349209908883,505500,TIP
2019-05-16,93.53357696533203,93.5994240038969,93.47596237646759,93.5994240038969,373600,TIP
2019-05-17,93.44307708740234,93.63238583084811,93.4348446343338,93.62415337777956,589500,TIP
2019-05-20,93.31959533691406,93.50890403964053,93.30313671383892,93.42659836522398,415400,TIP
2019-05-21,93.36900329589844,93.38546192241634,93.2702326982257,93.35253838985876,788600,TIP
2019-05-22,93.40190887451172,93.51713807655273,93.35252044540803,93.41836749786592,725100,TIP
2019-05-23,93.5994644165039,93.7146936439843,93.42662057528332,93.44307920227112,780800,TIP
2019-05-24,93.75584411621094,93.76407028946002,93.63238244273744,93.76407028946002,487500,TIP
2019-05-28,93.80520629882812,93.86282089691105,93.71466817619493,93.82989737236078,4731600,TIP
2019-05-29,93.96981048583984,94.17557778896878,93.96981048583984,93.96981048583984,1725100,TIP
2019-05-30,94.28255462646484,94.29901324315648,93.97801684176657,94.04386386756912,700700,TIP
2019-05-31,94.87522888183594,94.91638487314738,94.54600606943487,94.55423224407905,1622200,TIP
2019-06-03,95.13092803955078,95.30473530742101,94.89090667500888,94.95712077168054,7087400,TIP
2019-06-04,94.94058990478516,95.03163273383245,94.75023221825028,94.88265413307556,1603800,TIP
2019-06-05,94.99853515625,95.21372789315605,94.94887772255096,95.08129965059042,1182800,TIP
2019-06-06,94.94058990478516,95.21371839192706,94.74195387528447,95.05646144820436,759100,TIP
2019-06-07,95.28820037841797,95.28820037841797,95.12267141347562,95.23854295184032,770500,TIP
2019-06-10,94.77507019042969,95.05647073349961,94.75024147363247,95.05647073349961,1606600,TIP
2019-06-11,94.6509017944336,94.77505166868337,94.63434511012034,94.69228719069181,640900,TIP
2019-06-12,94.7005844116211,94.8247343188986,94.65092697452073,94.67575569307091,506500,TIP
2019-06-13,94.73367309570312,94.86610132164779,94.71712272472273,94.80816555142835,1625200,TIP
2019-06-14,94.58467864990234,94.77504261416854,94.44397841930628,94.64261441041391,609600,TIP
2019-06-17,94.40260314941406,94.51020265513324,94.31983867045508,94.40260314941406,1652400,TIP
2019-06-18,94.7916030883789,95.04817486735196,94.75022400618728,94.97368873069203,860700,TIP
2019-06-19,95.33783721923828,95.3543875852526,94.61777316440748,94.6508802109596,1191800,TIP
2019-06-20,95.87581634521484,95.99169417385056,95.75167280475502,95.78477985371894,873800,TIP
2019-06-21,95.44542694091797,95.75166237458333,95.34610580484517,95.75166237458333,1174700,TIP
2019-06-24,95.62753295898438,95.63581130072284,95.5199397744829,95.60270424829362,528900,TIP
2019-06-25,95.46200561523438,95.71858371421223,95.43717690248413,95.62754089111124,678900,TIP
2019-06-26,95.37096405029297,95.51166429143484,95.32957865488665,95.4702788960285,1477300,TIP
2019-06-27,95.55303955078125,95.6192536549733,95.37096023603988,95.42061765692166,462300,TIP
2019-06-28,95.5861587524414,95.6440945223423,95.43718015633549,95.46200886993225,2422700,TIP
2019-07-01,95.38812255859375,95.70430560791287,95.25499519241487,95.67102852749184,1708400,TIP
2019-07-02,95.43804168701172,95.5545305095132,95.33819775239029,95.38811971970101,3109600,TIP
2019-07-03,95.68766021728516,95.72926608708019,95.59613238226764,95.60445482585953,560500,TIP
2019-07-05,95.39647674560547,95.45472117797027,95.06364869716361,95.27998788087586,708200,TIP
2019-07-08,95.41307830810547,95.62109496423102,95.41307830810547,95.58781153747118,639700,TIP
2019-07-09,95.51294708251953,95.59615249144787,95.3631748071822,95.49630219183439,436400,TIP
2019-07-10,95.67935180664062,95.76255721026968,95.56286297192686,95.68767425145315,1635700,TIP
2019-07-11,95.37979125976562,95.77086357413893,95.37147516451485,95.75422503547306,884700,TIP
2019-07-12,95.54620361328125,95.61277046094735,95.32154208944914,95.32154208944914,809100,TIP
2019-07-15,95.78752899169922,95.82912852136235,95.55454496328991,95.55454496328991,2156000,TIP
2019-07-16,95.62942504882812,95.6793470188744,95.56285818998971,95.60446406380498,1411400,TIP
2019-07-17,95.82913208007812,95.870737959452,95.72928812664628,95.72928812664628,505800,TIP
2019-07-18,96.02880859375,96.0454471324261,95.6543748178123,95.80414705855452,599800,TIP
2019-07-19,95.87904357910156,96.04545437106172,95.87904357910156,95.87904357910156,1135200,TIP
2019-07-22,95.90400695800781,96.03713432526746,95.90400695800781,95.98721235606571,939700,TIP
2019-07-23,95.87904357910156,95.96224897508164,95.79583183495667,95.87904357910156,377200,TIP
2019-07-24,95.90400695800781,96.00385089641131,95.8540786406411,95.89568451375253,662200,TIP
2019-07-25,95.74591827392578,95.8707295529373,95.68767385680913,95.83744612198987,669500,TIP
2019-07-26,95.67935180664062,95.84576896206411,95.60446884782408,95.83744651725159,472600,TIP
2019-07-29,95.59614562988281,95.77087888054031,95.59614562988281,95.76255643579509,620600,TIP
2019-07-30,95.73759460449219,95.7958390208638,95.63775066109244,95.73759460449219,924200,TIP
2019-07-31,95.88736724853516,96.15362834560062,95.66271202682832,95.77087841532935,1327500,TIP
2019-08-01,96.2376480102539,96.33773278490433,95.67885566870324,95.73723686314773,2549100,TIP
2019-08-02,96.30436706542969,96.32938666725163,96.00411911742101,96.26266348701132,2097600,TIP
2019-08-05,96.63796997070312,96.67966718318687,96.37941925578605,96.43780044372107,3091200,TIP
2019-08-06,96.99659729003906,96.99659729003906,96.55456103177602,96.59626460655981,2889600,TIP
2019-08-07,97.04664611816406,97.64714202142729,96.94656134659594,97.47199844348764,2157800,TIP
2019-08-08,97.2968521118164,97.32187171323214,96.78809900612136,96.91319701319999,1248300,TIP
2019-08-09,97.1968002319336,97.57210710630866,97.13841902118469,97.38028585516575,678100,TIP
2019-08-12,97.5887680053711,97.71387238826311,97.39694043652688,97.52204481941891,543200,TIP
2019-08-13,97.43030548095703,97.76391505946278,97.28852347809097,97.74723108084709,1379100,TIP
2019-08-14,97.61381530761719,97.7889589481344,97.53875011135264,97.73891972600806,619300,TIP
2019-08-15,98.04745483398438,98.23928236221626,97.60542495601268,97.73887129966477,772700,TIP
2019-08-16,97.7638931274414,97.83061630078879,97.54704599559841,97.73887352820414,548500,TIP
2019-08-19,97.39690399169922,97.58873148876374,97.3468648024958,97.3468648024958,600000,TIP
2019-08-20,97.52202606201172,97.68882763173629,97.49700646286023,97.63044644602549,607000,TIP
2019-08-21,97.42195129394531,97.79726440892578,97.3552344770562,97.42195129394531,938100,TIP
2019-08-22,97.33856201171875,97.50536998134977,97.07167562338253,97.33022002246884,961300,TIP
2019-08-23,97.89734649658203,97.99743127028772,97.29685694356662,97.35523813746005,756500,TIP
2019-08-26,97.78890991210938,98.03911862342454,97.7055091293616,97.9390338662841,1263700,TIP
2019-08-27,98.24764251708984,98.25597814280559,97.84730977517732,97.92237494813038,954200,TIP
2019-08-28,98.439453125,98.5979190795699,98.4060915365078,98.52285391469434,628600,TIP
2019-08-29,98.49783325195312,98.53119484008558,98.23928889776695,98.38941286282686,1308700,TIP
2019-08-30,98.12252807617188,98.45613759971218,98.11418608823845,98.4227760110509,955000,TIP
2019-09-03,98.0048599243164,98.41373962604047,97.95479562053977,98.0549305943575,5779500,TIP
2019-09-04,98.24686431884766,98.24686431884766,98.02156854817352,98.04660070421892,1538400,TIP
2019-09-05,97.80459594726562,97.92141689978148,97.54592189044689,97.85466025083971,1541700,TIP
2019-09-06,97.8880386352539,97.9464491115476,97.72115337906178,97.72949955175072,1216900,TIP
2019-09-09,97.38742065429688,97.57934451557101,97.3707346676183,97.55431235241946,1059600,TIP
2019-09-10,96.82833099365234,97.49587857154651,96.82833099365234,97.39574993630882,834000,TIP
2019-09-11,96.71983337402344,97.0202255751615,96.71983337402344,96.90340461742316,1774100,TIP
2019-09-12,96.64476013183594,97.27058961111297,96.58634963508742,97.17045460257263,1058200,TIP
2019-09-13,96.07734680175781,96.58635531748394,96.07734680175781,96.44450215507293,953300,TIP
2019-09-16,96.6530990600586,96.76157386981012,96.49455356665806,96.60302837640957,1516500,TIP
2019-09-17,96.77822875976562,96.93676782553416,96.60299098422274,96.65306164849089,2191700,TIP
2019-09-18,96.47785949707031,97.12037485927628,96.41110283531067,97.04527838949593,941800,TIP
2019-09-19,96.66976928710938,96.82831475466786,96.63639095887258,96.74487211720844,1742100,TIP
2019-09-20,97.2038345336914,97.21218070944005,96.8366855622193,96.8366855622193,630000,TIP
2019-09-23,97.33734130859375,97.53760494917232,97.20382797069713,97.24555248035641,691600,TIP
2019-09-24,97.55428314208984,97.62103343508474,97.37904531996514,97.39573766791293,533600,TIP
2019-09-25,97.04525756835938,97.43743854795679,96.94512259720395,97.4207525692297,736600,TIP
2019-09-26,97.10368347167969,97.27056875052344,97.05361279501432,97.1370618007015,931500,TIP
2019-09-27,96.95350646972656,97.15377012364493,96.92012813302904,97.05363511355236,675600,TIP
2019-09-30,97.03693389892578,97.09534438741255,96.63640028768381,96.81163175314411,2129700,TIP
2019-10-01,97.22582244873047,97.24253659998087,96.60729682025682,96.65744565102106,3965000,TIP
2019-10-02,97.22582244873047,97.38463558216802,97.10880425893852,97.18402750508488,2123800,TIP
2019-10-03,97.53509521484375,97.76913161065644,97.31777297144046,97.31777297144046,1389300,TIP
2019-10-04,97.83601379394531,97.92795758677836,97.5936171016595,97.61869152206592,792900,TIP
2019-10-07,97.56853485107422,97.86943424881729,97.56853485107422,97.72734162657481,635000,TIP
2019-10-08,97.4765853881836,97.75241035146738,97.37628134343547,97.71898204689813,839100,TIP
2019-10-09,97.27598571777344,97.40972445567915,97.11717893777792,97.37628977120272,1180600,TIP
2019-10-10,96.96672821044922,97.1840440988755,96.82462920399922,97.1840440988755,776900,TIP
2019-10-11,96.66582489013672,96.91657547019203,96.565520831906,96.69925957621362,2313100,TIP
2019-10-14,96.8246078491211,96.9249118826669,96.70758966515734,96.9249118826669,772600,TIP
2019-10-15,96.49862670898438,96.85804152085751,96.46519840849575,96.7995324294834,1165000,TIP
2019-10-16,96.6490707397461,96.79116970039819,96.44010880721243,96.5069781561061,981200,TIP
2019-10-17,96.78282928466797,96.88313332857771,96.53207236340032,96.57386730928273,1122200,TIP
2019-10-18,96.93328857421875,97.00851182936705,96.81627037042327,96.87477947232101,525000,TIP
2019-10-21,96.6240005493164,96.85803690365637,96.61564028608645,96.69086990113136,1151000,TIP
2019-10-22,96.91657257080078,96.91657257080078,96.69925668332368,96.84134931213889,1075700,TIP
2019-10-23,96.98345947265625,97.13391239419154,96.94167089151689,97.03360832082959,946600,TIP
2019-10-24,97.04194641113281,97.217473716642,96.97507704417299,97.04194641113281,928100,TIP
2019-10-25,97.05868530273438,97.12554830532937,96.9165862768093,97.06703919242436,807700,TIP
2019-10-28,96.5905990600586,96.78284691832611,96.57388490486838,96.74105196482874,1007800,TIP
2019-10-29,96.34820556640625,96.6323972302164,96.34820556640625,96.59060227532777,776500,TIP
2019-10-30,96.70759582519531,96.71595608944318,96.45684529087771,96.49863385809074,738500,TIP
2019-10-31,97.00851440429688,97.25091108345406,96.91657061644366,96.91657061644366,1396700,TIP
2019-11-01,97.15062713623047,97.25930379740454,96.95835255275998,97.05030580260718,7946400,TIP
2019-11-04,97.083740234375,97.13390408713612,96.96670187478614,97.0085040224017,1705200,TIP
2019-11-05,96.89983367919922,96.97506989607278,96.75771019491694,96.89983367919922,967000,TIP
2019-11-06,97.20914459228516,97.20914459228516,97.0001466012016,97.0001466012016,1009800,TIP
2019-11-07,96.66575622558594,96.9750755731036,96.4818433364243,96.96671386692393,1245500,TIP
2019-11-08,96.60723876953125,96.68248137027044,96.47348335882502,96.48184506515452,742200,TIP
2019-11-11,96.65739440917969,96.74099233102564,96.59051352045788,96.7242689197889,530200,TIP
2019-11-12,96.64065551757812,96.7409768345909,96.57377463956962,96.65737892613605,1609600,TIP
2019-11-13,96.72425842285156,96.81621804033605,96.6657392460989,96.7995010090261,614600,TIP
2019-11-14,96.94998931884766,97.05866597830864,96.88310843081973,96.92491058036532,1247400,TIP
2019-11-15,96.83296203613281,96.97507915587269,96.75771943396195,96.78279817531448,813300,TIP
2019-11-18,97.02522277832031,97.0586632213844,96.86638864640629,96.87474397358805,613900,TIP
2019-11-19,97.20079040527344,97.22587552375832,97.0503115849292,97.05867329109084,437300,TIP
2019-11-20,97.57701110839844,97.57701110839844,97.32621089585754,97.32621089585754,666100,TIP
2019-11-21,97.35962677001953,97.44322469372327,97.2175096619119,97.31783099722404,803500,TIP
2019-11-22,97.39306640625,97.47666432925944,97.30110677750581,97.37634937289319,2323700,TIP
2019-11-25,97.50174713134766,97.55191098973386,97.42651091093781,97.45158965107441,818000,TIP
2019-11-26,97.71076202392578,97.71912373145412,97.62716408298455,97.62716408298455,620200,TIP
2019-11-27,97.51846313476562,97.61877808769088,97.49338439653431,97.56862061122825,510800,TIP
2019-11-29,97.29273223876953,97.5184536170461,97.18405559100307,97.49337488126245,1013000,TIP
2019-12-02,97.15386199951172,97.16223118526598,96.86936713823133,96.94467704238312,2283500,TIP
2019-12-03,97.75630950927734,97.87345256714849,97.41324313707048,97.41324313707048,1277600,TIP
2019-12-04,97.6893539428711,97.76465744698895,97.56384171885777,97.64751440692768,773500,TIP
2019-12-05,97.54710388183594,97.5889370314524,97.43832364843678,97.48016318186976,679800,TIP
2019-12-06,97.48019409179688,97.52203363849674,97.30447948653082,97.35468183551583,524000,TIP
2019-12-09,97.50528717041016,97.66426977408703,97.45508482559346,97.62243023086111,493200,TIP
2019-12-10,97.48019409179688,97.56386680137805,97.36305102161951,97.53876562688555,432700,TIP
2019-12-11,97.8232421875,97.85670615801317,97.6056880762603,97.67262878492133,860700,TIP
2019-12-12,97.34629821777344,97.78977564206316,97.16222083751181,97.71446574593186,1439800,TIP
2019-12-13,97.73955535888672,97.75629372663327,97.26261401917927,97.43832857761709,1093900,TIP
2019-12-16,97.5136489868164,97.67263157847913,97.46344664579344,97.6056908679035,852800,TIP
2019-12-17,97.64751434326172,97.64751434326172,97.4885381511776,97.51363931920052,1612300,TIP
2019-12-18,97.53878784179688,97.66430012666393,97.49694828556787,97.6057285782353,1277000,TIP
2019-12-19,97.69705200195312,97.81430470209725,97.3871662145477,97.43741554609721,1410000,TIP
2019-12-20,97.64680480957031,97.76406390974935,97.6300571608553,97.69706053530233,1218100,TIP
2019-12-23,97.47928619384766,97.64678821169998,97.40391220275184,97.63841758366205,1067600,TIP
2019-12-24,97.5965347290039,97.64678405426169,97.36202935807806,97.37877700323328,340800,TIP
2019-12-26,97.66353607177734,97.68028371658662,97.52952935413526,97.60490973025694,385800,TIP
2019-12-27,97.69705200195312,97.73892431498007,97.65517329913327,97.65517329913327,657900,TIP
2019-12-30,97.73058319091797,97.73058319091797,97.48770069878144,97.54632706655268,932600,TIP
2019-12-31,97.63005828857422,97.78081268792465,97.5211825961853,97.5546842837958,1277000,TIP
2020-01-02,98.10742950439453,98.1493082042485,97.93155046663426,97.93155046663426,2150700,TIP
2020-01-03,98.55970001220703,98.68532973139177,98.40894562714395,98.45919495890067,1259900,TIP
2020-01-06,98.30844116210938,98.69370095073309,98.2665688486592,98.69370095073309,917500,TIP
2020-01-07,98.0069580078125,98.2079681681693,98.0069580078125,98.18284349557337,810500,TIP
2020-01-08,97.91480255126953,98.14093091639866,97.7891728418456,98.03205524278722,2121500,TIP
2020-01-09,97.90644073486328,97.92318838348366,97.64680425779655,97.70543700245149,1814000,TIP
2020-01-10,98.19959259033203,98.2163402423772,98.00695944794153,98.0320905107014,1609300,TIP
2020-01-13,98.18280029296875,98.21629558182822,98.03204593393373,98.13254458009585,1422700,TIP
2020-01-14,98.31681060791016,98.35031228996564,98.19955791561223,98.22468257970571,3290000,TIP
2020-01-15,98.3922119140625,98.49271059180847,98.38383489431905,98.49271059180847,1601600,TIP
2020-01-16,98.23307037353516,98.36707072666401,98.22469335465424,98.35032307869535,1205800,TIP
2020-01-17,98.07392883300781,98.14930921556318,98.00692546846804,98.09905349726209,920500,TIP
2020-01-21,98.3922119140625,98.44246125293549,98.24145750764967,98.24982813759927,1109700,TIP
2020-01-22,98.32518768310547,98.484312685721,98.3168106651386,98.45081739343851,1154700,TIP
2020-01-23,98.52619934082031,98.61832737651686,98.49269765604039,98.50945169332687,2230200,TIP
2020-01-24,98.74397277832031,98.80259913854725,98.60996601791928,98.60996601791928,963300,TIP
2020-01-27,98.97007751464844,99.02870386084545,98.90307415048254,98.94495285053435,1111600,TIP
2020-01-28,98.81932067871094,99.0035767306813,98.81932067871094,98.98682908495324,743100,TIP
2020-01-29,99.179443359375,99.25482373020343,98.92819036612717,98.936560993048,1096400,TIP
2020-01-30,99.28834533691406,99.53959838059467,99.1292139363947,99.22971898774264,1199500,TIP
2020-01-31,99.7154769897461,99.74897867338147,99.41396822682059,99.43072226353468,2343900,TIP
2020-02-03,99.47821044921875,99.5033619438815,99.24345463687817,99.40274956861434,3061900,TIP
2020-02-04,99.05060577392578,99.20990708607276,98.9416138426026,99.20990708607276,1635700,TIP
2020-02-05,98.75717163085938,98.9164729600927,98.74878566705335,98.8158605842691,1443800,TIP
2020-02-06,98.94163513183594,98.97517259406288,98.76556825260711,98.76556825260711,1222400,TIP
2020-02-07,99.34407043457031,99.3524563991588,99.14285206076396,99.17638952250114,1071900,TIP
2020-02-10,99.49495697021484,99.55364591208664,99.36919312431387,99.4195025006432,627100,TIP
2020-02-11,99.20149993896484,99.33564973036034,99.16796249111596,99.33564973036034,600200,TIP
2020-02-12,99.10088348388672,99.15119285187984,98.98350561959252,99.01704306605,1242900,TIP
2020-02-13,99.3105239868164,99.35244740934868,99.23506950219775,99.28537249194352,1314600,TIP
2020-02-14,99.38600158691406,99.4698420494662,99.36085008781015,99.37761562167367,817500,TIP
2020-02-18,99.60396575927734,99.66265470731882,99.46981593711651,99.51173935569567,1078500,TIP
2020-02-19,99.56205749511719,99.60398092007755,99.48660300612842,99.57044345943257,787100,TIP
2020-02-20,99.75489044189453,99.7632700091017,99.5955891123315,99.62074060718541,809600,TIP
2020-02-21,99.93932342529297,100.0483217504851,99.8387174594114,99.8387174594114,930200,TIP
2020-02-24,100.40048217773438,100.4675571039389,100.32502768321704,100.40886814266419,1489600,TIP
2020-02-25,100.2327880859375,100.55138434861256,100.20763019445435,100.29985660671065,1462300,TIP
2020-02-26,100.18248748779297,100.42562928719605,99.97288315002653,100.04834403786316,2459700,TIP
2020-02-27,100.47592163085938,100.58491996877878,100.30824073706715,100.45077013645215,3634200,TIP
2020-02-28,100.6352310180664,101.02090222197205,100.5430046001089,100.76099489679177,5021700,TIP
2020-03-02,100.86997985839844,101.15504505686731,100.67714746811363,100.82806283280512,12076100,TIP
2020-03-03,101.8928451538086,102.42943167041348,100.81128615722864,100.86997510758805,7529700,TIP
2020-03-04,101.7419204711914,102.26174141002826,101.6413145064338,102.06890264988411,4020600,TIP
2020-03-05,102.06053161621094,102.35397636564483,101.99345670302154,102.22821250256864,3796000,TIP
2020-03-06,102.73966217041016,103.25948322682156,102.27015050437191,103.05825845856229,3888600,TIP
2020-03-09,100.62681579589844,103.2259138784649,100.61005026869746,103.03307513427275,5756500,TIP
2020-03-10,97.74267578125,101.02926957154321,97.49953403294455,100.7609763314502,9542100,TIP
2020-03-11,95.5292739868164,98.75717947393692,95.15198234497635,98.17866946108549,8568300,TIP
2020-03-12,95.3028564453125,99.28533709462519,90.02083331682401,95.05971475386605,12654600,TIP
2020-03-13,95.68016815185547,97.21446668600976,95.32802808488448,96.25029207383794,5230400,TIP
2020-03-16,95.017822265625,95.73886156521426,94.33032042143705,95.34480446001832,5894300,TIP
2020-03-17,92.36006164550781,95.90656358058465,92.36006164550781,94.89207931844095,4496400,TIP
2020-03-18,91.22819519042969,93.35777615270128,90.85929588435842,92.4019808290242,4942100,TIP
2020-03-19,92.99723815917969,93.14815351732513,91.92406512197478,91.92406512197478,3017500,TIP
2020-03-20,97.13899993896484,97.34021823994229,93.20682192697195,94.01170152749617,3326900,TIP
2020-03-23,98.96675872802734,98.98352425610574,96.42635584924825,96.77010354608346,4261400,TIP
2020-03-24,99.02545928955078,99.88902801074687,98.0948156549413,98.38826040535514,3533400,TIP
2020-03-25,99.98124694824219,100.52621938493513,99.36919960314681,99.52850091144876,2921800,TIP
2020-03-26,100.49271392822266,102.05217086373544,100.1741176067911,100.84484771453397,4072700,TIP
2020-03-27,100.8196792602539,100.92029163797324,99.37760049602493,100.61007493746752,2621800,TIP
2020-03-30,99.21829223632812,100.92866415844016,99.17637521266728,100.73583177704543,3484400,TIP
2020-03-31,98.86614990234375,99.77164196969333,98.72362052043185,99.71295302439931,3063200,TIP
2020-04-01,99.46736907958984,100.02994679078509,99.34981571922599,99.71927279818534,8058800,TIP
2020-04-02,100.9871826171875,101.24748486550766,100.13072140377311,100.47498943283139,2813500,TIP
2020-04-03,101.8772201538086,102.09552986461358,101.44058791984398,101.96118591997799,2990600,TIP
2020-04-06,101.8100357055664,102.0451423918982,101.62530719311236,101.99476421802045,2141600,TIP
2020-04-07,101.74288177490234,102.03676519416466,101.32304648847672,101.81005695821318,1655400,TIP
2020-04-08,101.04595947265625,101.86044100014765,100.97039219171957,101.63373275115919,11109900,TIP
2020-04-09,102.04512786865234,102.31382210138717,101.48255031982879,101.63369122612811,3010100,TIP
2020-04-13,102.2298812866211,102.36423163884176,102.07874034346155,102.16270611051077,1462100,TIP
2020-04-14,102.53217315673828,102.66651711586294,102.33065401496229,102.37263369948586,2983400,TIP
2020-04-15,102.64134979248047,102.98561787194875,102.53219490215557,102.9604287746568,1527200,TIP
2020-04-16,101.75126647949219,102.7588684678374,101.54134886473884,102.6245245256074,1914800,TIP
2020-04-17,101.26426696777344,101.96959356042183,101.04595083121824,101.84364169678699,2183500,TIP
2020-04-20,100.9535903930664,101.33983806717794,100.71847726405362,100.79405094278073,2014800,TIP
2020-04-21,101.46580505371094,101.6589321348395,101.26428587797004,101.3566501681386,1280000,TIP
2020-04-22,102.0787353515625,102.0787353515625,101.47417160848893,101.70088621523006,1830300,TIP
2020-04-23,102.01995849609375,102.355827953448,101.89400664881379,102.2550651943886,2614500,TIP
2020-04-24,102.59932708740234,102.63291467177082,102.05354005222375,102.12910731242032,1119600,TIP
2020-04-27,102.39781188964844,102.70849227170078,102.35583220959424,102.54895283143372,2086200,TIP
2020-04-28,102.75048828125,102.81765705705914,102.54057064217378,102.57415823316732,1362200,TIP
2020-04-29,102.62454986572266,102.8260690319155,102.52378707953685,102.70011715072793,1664900,TIP
2020-04-30,101.86043548583984,102.74209215277574,101.86043548583984,102.70010606152047,2968200,TIP
2020-05-01,101.85874938964844,101.95134111268545,101.53047197959108,101.89241969093038,1910900,TIP
2020-05-04,101.95972442626953,102.10282477087975,101.8587199735464,101.99339471782773,1484100,TIP
2020-05-05,102.07757568359375,102.17016738755373,101.77455587839526,101.87556033947743,3873000,TIP
2020-05-06,101.58097839355469,101.8419152117676,101.52205696937907,101.82508327141181,1844900,TIP
2020-05-07,102.22068786621094,102.30486040083487,101.69880787641817,101.77456765294663,1552100,TIP
2020-05-08,102.18700408935547,102.31326608561359,102.06074209309733,102.16175297449422,1113900,TIP
2020-05-11,101.8335189819336,102.12812615063157,101.8335189819336,102.06078553437071,1065800,TIP
2020-05-12,101.92608642578125,102.00184621127643,101.7240710343833,101.90083530460069,1582900,TIP
2020-05-13,102.01866149902344,102.21226409972869,101.87556755438834,102.04391903803473,1563900,TIP
2020-05-14,102.13652038574219,102.18702904975392,101.95134335754406,102.05234784166059,1141500,TIP
2020-05-15,102.31331634521484,102.32172910633328,102.11971366625491,102.23755654146355,1011500,TIP
2020-05-18,102.30487823486328,102.43955302934786,102.09444365064363,102.33012935745703,1561200,TIP
2020-05-19,102.18700408935547,102.33009802153713,102.1533337955565,102.22067438315443,1356200,TIP
2020-05-20,102.49004364013672,102.5489650564595,102.17017901842505,102.17017901842505,880500,TIP
2020-05-21,102.380615234375,102.6752287427438,102.29644269853515,102.44795583182804,1345700,TIP
2020-05-22,102.43956756591797,102.4816570575161,102.25439049996857,102.33856306121007,1358500,TIP
2020-05-26,102.06075286865234,102.37219830271117,102.06075286865234,102.35535994305795,1170900,TIP
2020-05-27,102.16178894042969,102.28804455918406,101.98502465221941,102.06919720537371,1079300,TIP
2020-05-28,102.48162841796875,102.49846035673129,102.13651266478354,102.1870213249771,967800,TIP
2020-05-29,102.52371978759766,102.67523292706515,102.35536828710426,102.50688142657177,2454500,TIP
2020-06-01,102.64997863769531,102.66681699925468,102.4816335538215,102.54897415615234,1528000,TIP
2020-06-02,102.42272186279297,102.63315644860394,102.28804064533607,102.60790532581925,1031900,TIP
2020-06-03,102.08602905273438,102.24596139894743,101.9176839465816,102.23754221705354,1743600,TIP
2020-06-04,101.69880676269531,102.02708413950054,101.67355564477994,101.99341384162915,1541500,TIP
2020-06-05,101.69038391113281,101.71563502813648,101.2274317815099,101.50520049050267,1451600,TIP
2020-06-08,101.90924835205078,101.90924835205078,101.64831155295198,101.65672431153683,1572700,TIP
2020-06-09,102.01026916503906,102.43113832548966,101.98501804292462,102.35537853719259,1943600,TIP
2020-06-10,102.7930679321289,102.81831904979015,102.31327743070757,102.40586914343385,1472000,TIP
2020-06-11,102.82677459716797,103.0708731021938,102.78468510487806,102.91935992068697,1569800,TIP
2020-06-12,102.54898834228516,102.80150600302797,102.49847967257324,102.70050150751253,1450900,TIP
2020-06-15,102.59107208251953,102.75942361274232,102.5405698344298,102.71733412469807,1898700,TIP
2020-06-16,102.5405502319336,102.67523143036506,102.27961343741389,102.44795851350021,2475800,TIP
2020-06-17,102.47319793701172,102.53211934911228,102.33852317590427,102.44794682067608,1574600,TIP
2020-06-18,102.93616485595703,102.99508627285414,102.54054687595377,102.64155777147145,1553800,TIP
2020-06-19,103.1382064819336,103.1382064819336,102.84359932244702,102.86885044726667,1673400,TIP
2020-06-22,103.39913177490234,103.39913177490234,103.18028443629503,103.23078668028845,1612300,TIP
2020-06-23,103.45803833007812,103.49170220450978,103.37385937814184,103.44961915049403,1556800,TIP
2020-06-24,103.31494903564453,103.55063471363523,103.28969791613882,103.44121105512615,1152100,TIP
2020-06-25,103.4075698852539,103.50858081368479,103.31497813968097,103.39915070239594,1291000,TIP
2020-06-26,103.5843276977539,103.6011660624139,103.45807207257641,103.50015514031742,1017400,TIP
2020-06-29,103.70215606689453,103.70215606689453,103.56748127821211,103.6011515808711,959700,TIP
2020-06-30,103.53378295898438,103.83680917896194,103.3738506701207,103.76946859186651,2665300,TIP
2020-07-01,103.60114288330078,103.60114288330078,103.29811660676317,103.41595944519969,1755100,TIP
2020-07-02,103.88734436035156,104.03885751839883,103.50856467621034,103.64323947116686,1557800,TIP
2020-07-06,104.0893325805664,104.12299645197177,103.69371466105933,103.81997023370899,1295700,TIP
2020-07-07,104.11459350585938,104.20718521582862,103.90415896901153,104.13142544314813,1148200,TIP
2020-07-08,103.929443359375,104.11462683860077,103.929443359375,103.99678397399427,1223100,TIP
2020-07-09,104.19876098632812,104.30818462828303,103.95465616478063,103.99674563889134,1168200,TIP
2020-07-10,104.0893325805664,104.29134791875765,104.06407504408466,104.24925844657322,832000,TIP
2020-07-13,104.31663513183594,104.31663513183594,103.87051482889004,103.9546873804348,1041000,TIP
2020-07-14,104.33345794677734,104.57756282027188,104.30820682571816,104.4513007930225,1037600,TIP
2020-07-15,104.27454376220703,104.43447610262203,104.2240415165829,104.24929263939497,1098400,TIP
2020-07-16,104.48497009277344,104.52705957543729,104.36712724765873,104.45129979103304,950900,TIP
2020-07-17,104.6785659790039,104.6785659790039,104.51863366152803,104.60280619948001,1058800,TIP
2020-07-20,104.8216552734375,105.00683870186705,104.7543146772899,104.92266616765892,1543800,TIP
2020-07-21,105.05735778808594,105.10786645427405,104.92268299614304,105.00685554385156,1066500,TIP
2020-07-22,105.05735778808594,105.32671379392548,105.05735778808594,105.32671379392548,1595300,TIP
2020-07-23,105.10785675048828,105.27620183036336,104.9900139101851,105.21728041021176,2465500,TIP
2020-07-24,105.08257293701172,105.20042216980451,105.05732182353881,105.09941129396135,1168000,TIP
2020-07-27,105.08257293701172,105.25934357522515,105.03207071006591,105.2172541048026,1888800,TIP
2020-07-28,105.27619171142578,105.28461089119625,105.09942746796123,105.11625940554963,853200,TIP
2020-07-29,105.52032470703125,105.52032470703125,105.29305174624912,105.30989011028333,1080100,TIP
2020-07-30,105.62971496582031,105.64655332452712,105.50345296332807,105.61288302906571,1497300,TIP
2020-07-31,105.94116973876953,105.99167197544574,105.5287198213573,105.67181377324175,2701700,TIP
2020-08-03,106.08428192138672,106.08428192138672,105.85701539533491,105.93276876336756,3755800,TIP
2020-08-04,106.3199691772461,106.3704778452906,106.17687519868696,106.27788611282197,1536500,TIP
2020-08-05,106.37047576904297,106.44622913670013,106.27788403838166,106.2862967979299,1778700,TIP
2020-08-06,106.48831176757812,106.79975082161526,106.42939034476406,106.60615461320624,1895900,TIP
2020-08-07,106.20211791992188,106.56406563949568,106.1431964968263,106.55564645849532,2206800,TIP
2020-08-10,106.07585144042969,106.40413526613,106.04218756174815,106.38729690483603,1692400,TIP
2020-08-11,105.84017181396484,105.91593160021615,105.69707784454451,105.88226129765486,2608600,TIP
2020-08-12,105.90750122070312,106.01692487599199,105.74756890593618,105.92433315922722,2302200,TIP
2020-08-13,105.63813781738281,106.10109636863041,105.60446752075094,105.97483436174902,1879700,TIP
2020-08-14,105.46138763427734,105.65498383827591,105.46138763427734,105.62131995910917,2057200,TIP
2020-08-17,105.68865966796875,105.7560002737314,105.55398487839707,105.62132548415973,1587400,TIP
2020-08-18,106.16004180908203,106.16845456867969,105.84017712966167,105.8990985566148,1388200,TIP
2020-08-19,105.84017181396484,106.48831389985106,105.80650151140355,106.37888381103846,2010900,TIP
2020-08-20,105.73916625976562,106.18528652577614,105.49506138512803,105.94118165113852,1650300,TIP
2020-08-21,106.10111236572266,106.10111236572266,105.80649883126245,105.89909055547221,2029400,TIP
2020-08-24,106.31155395507812,106.46306711179423,106.27788365114634,106.38730732245926,2014100,TIP
2020-08-25,106.2778549194336,106.35360826633517,105.97482868792308,106.17684403494606,2188200,TIP
2020-08-26,106.48831176757812,106.51356288850509,106.20211741251451,106.32837943910276,1316200,TIP
2020-08-27,106.06741333007812,106.4461928832669,105.99165356626938,106.42094176931454,1804700,TIP
2020-08-28,106.40412902832031,106.57247409967174,106.24419671516948,106.40412902832031,2553500,TIP
2020-08-31,106.88390350341797,107.02699743478473,106.54720698929769,106.60612839762236,3307900,TIP
2020-09-01,106.94286346435547,107.07753826538237,106.75767999373359,106.9344442824306,3560800,TIP
2020-09-02,106.98495483398438,107.13646801062107,106.858692783128,107.09438494163874,3262400,TIP
2020-09-03,106.61457061767578,106.90917772296852,106.53039165448936,106.8839266027939,2666100,TIP
2020-09-04,106.28626251220703,106.68188042978662,106.15158776138628,106.68188042978662,2048300,TIP
2020-09-08,106.38729858398438,106.521979788649,106.33679634321179,106.34520910203834,1821400,TIP
2020-09-09,106.44621276855469,106.74081985628744,106.32836993346159,106.60614508273227,2012100,TIP
2020-09-10,106.53881072998047,106.54722991068144,106.31995698542775,106.44621900812943,1845100,TIP
2020-09-11,106.4798812866211,106.62297523799059,106.42095987005997,106.56405382142945,1634800,TIP
2020-09-14,106.41258239746094,106.57251477164782,106.33682901302836,106.47150383711579,1450000,TIP
2020-09-15,106.48831176757812,106.55564594939888,106.39572004287696,106.4125519828438,1797600,TIP
2020-09-16,106.48831176757812,106.74924857976133,106.45464146569103,106.62298655317308,2265000,TIP
2020-09-17,106.5472412109375,106.58091151535919,106.35363856600124,106.51357090651581,1949700,TIP
2020-09-18,106.45462799072266,106.63139223679012,106.44620881082821,106.62297305689567,1311800,TIP
2020-09-21,106.26103973388672,106.5388149103391,106.23578861274623,106.46306154691763,4146000,TIP
2020-09-22,106.29471588134766,106.38730761192352,106.16845384674838,106.27788394031288,2661200,TIP
2020-09-23,106.18527221679688,106.3788684010381,106.12635080133832,106.31994698557955,2519400,TIP
2020-09-24,106.26103973388672,106.27787809594938,106.13477770623076,106.17686718943392,3391000,TIP
2020-09-25,106.40412902832031,106.40412902832031,106.18527529800119,106.22735835486263,2756300,TIP
2020-09-28,106.62301635742188,106.63985472404896,106.46309040619599,106.5220118454803,2220900,TIP
2020-09-29,106.79973602294922,106.85865743759885,106.65664207622189,106.707144311078,1141400,TIP
2020-09-30,106.4798812866211,106.8165778478073,106.47146210655444,106.8165778478073,6230600,TIP
2020-10-01,106.46046447753906,106.66315444084428,106.35067891314344,106.46891150347501,10675700,TIP
2020-10-02,106.47734832763672,106.53646461713848,106.38445038082077,106.49423593469766,3120100,TIP
2020-10-05,106.15644073486328,106.46046925025804,106.14800015174187,106.46046925025804,2675300,TIP
2020-10-06,106.17333221435547,106.35912812961537,106.02976498645212,106.24089553684873,2184700,TIP
2020-10-07,106.16488647460938,106.24933740715267,106.08043554206608,106.19866813626531,1491200,TIP
2020-10-08,106.58714294433594,106.58714294433594,106.3000084975395,106.36756537471975,1923000,TIP
2020-10-09,106.62093353271484,106.63782114262582,106.40980297126393,106.57026425978852,1912700,TIP
2020-10-12,106.68846893310547,106.69690951425494,106.54490173526388,106.57023636509572,1263600,TIP
2020-10-13,106.68846893310547,106.80670150111521,106.6293526491006,106.65468727893244,1761000,TIP
2020-10-14,106.68846893310547,106.84048315528824,106.62090562475942,106.82358910660587,1135300,TIP
2020-10-15,106.65467834472656,106.73068222785544,106.59556206567373,106.72224164741301,923100,TIP
2020-10-16,106.69695281982422,106.7645161555925,106.62094889948064,106.71384687536346,1468800,TIP
2020-10-19,106.44359588623047,106.62939183085837,106.44359588623047,106.5871631368269,1577600,TIP
2020-10-20,106.35067749023438,106.50269173908296,106.30000822168246,106.45202247053105,2015700,TIP
2020-10-21,106.31689453125,106.45202116999471,106.30844750553027,106.41823951030854,1617500,TIP
2020-10-22,106.15644073486328,106.32534904518994,106.12266551599117,106.32534904518994,2517000,TIP
2020-10-23,106.28309631347656,106.30843094349606,106.11419448455206,106.17331076899481,2846900,TIP
2020-10-26,106.36756134033203,106.43512465814256,106.27466338914073,106.39290241690544,2135600,TIP
2020-10-27,106.57869720458984,106.61247886518404,106.51114032659439,106.51114032659439,1521300,TIP
2020-10-28,106.44359588623047,106.54494088598952,106.35914494136163,106.5280468310993,2275700,TIP
2020-10-29,106.0804443359375,106.38447287285128,106.06355028211247,106.38447287285128,2698400,TIP
2020-10-30,105.75948333740234,106.12262802231221,105.70880764061172,106.08039934885186,3330300,TIP
2020-11-02,106.14727020263672,106.22346758148367,106.00333105437913,106.04566723791278,6642000,TIP
2020-11-03,106.06263732910156,106.07957439265958,105.80863951210499,106.07957439265958,5226500,TIP
2020-11-04,106.24042510986328,106.40975695743651,106.13035359530434,106.34202163456885,4789700,TIP
2020-11-05,106.3250732421875,106.4012706229665,106.2234702748873,106.3250732421875,3977000,TIP
2020-11-06,105.84249114990234,106.0880268575309,105.8086234875126,106.0880268575309,2495900,TIP
2020-11-09,105.53765869140625,105.56305781609005,105.25825540069583,105.50379103862976,3235600,TIP
2020-11-10,105.63929748535156,105.81710434851597,105.52923241445647,105.57156861227597,2641400,TIP
2020-11-11,105.82556915283203,105.82556915283203,105.67316788018242,105.7409032146038,1309000,TIP
2020-11-12,106.12191009521484,106.1303786274697,105.93564760279034,106.00337648203677,1726600,TIP
2020-11-13,106.11344146728516,106.2150380096773,106.02877552875935,106.2150380096773,1362600,TIP
2020-11-16,105.969482421875,106.18115044544737,105.92714623332235,106.0880159983079,2750800,TIP
2020-11-17,106.14727020263672,106.17266932891904,106.03719870928711,106.09646549047741,1310200,TIP
2020-11-18,106.18115234375,106.32508505204952,106.05415023541694,106.25734973299248,1385900,TIP
2020-11-19,106.29121398925781,106.38434843508033,106.1388127560569,106.27427693023806,4095400,TIP
2020-11-20,106.5282974243164,106.5367659551209,106.33355997339093,106.3758961678171,1137500,TIP
2020-11-23,106.44364929199219,106.51138463056057,106.3759139534238,106.46057989683557,1331200,TIP
2020-11-24,106.47747802734375,106.51980775377288,106.37587505664271,106.4436103704434,1662300,TIP
2020-11-25,106.65528106689453,106.72301638240076,106.57907722205123,106.62141340914143,1045600,TIP
2020-11-27,106.91773223876953,106.91773223876953,106.73993190537489,106.73993190537489,1015400,TIP
2020-11-30,107.03629302978516,107.11249688325543,106.86696118144495,106.9685577066107,3271000,TIP
2020-12-01,106.79306030273438,106.93714462581002,106.62355009516303,106.89477030711714,6034200,TIP
2020-12-02,106.86930847167969,106.8947408155587,106.5218107021108,106.6743724333942,3320300,TIP
2020-12-03,107.16595458984375,107.191380465815,106.97101209673458,107.08967049553225,3802200,TIP
2020-12-04,106.9371109008789,107.02186597793524,106.80150407086836,106.98796912023101,1773400,TIP
2020-12-07,107.21684265136719,107.36092697493106,107.16599088220346,107.20836520103991,3853700,TIP
2020-12-08,107.39482116699219,107.47110528064343,107.31006607013477,107.39482116699219,1535400,TIP
2020-12-09,107.25920867919922,107.36938965269457,107.22530534895472,107.36091220353367,2271100,TIP
2020-12-10,107.50497436523438,107.51345181264922,107.31851578689175,107.37784498600026,2169200,TIP
2020-12-11,107.49652862548828,107.58128372034496,107.3863411824153,107.51347705789992,1228400,TIP
2020-12-14,107.49652862548828,107.56433528793332,107.27616020574153,107.36939275000366,1327400,TIP
2020-12-15,107.69144439697266,107.69144439697266,107.49650836218805,107.53888266842912,1766300,TIP
2020-12-16,107.68299865722656,107.74232787298968,107.46263022736375,107.55586277590572,1915400,TIP
2020-12-17,107.744873046875,107.99071185255629,107.6685815904067,107.93985088157741,1410500,TIP
2020-12-18,107.6939926147461,107.86353346575166,107.6600831510312,107.78724202306982,1912000,TIP
2020-12-21,107.67704772949219,107.82116458467972,107.64314472922773,107.77877613299462,1705700,TIP
2020-12-22,107.77877044677734,107.80420092941887,107.68552103204554,107.78724943018096,947600,TIP
2020-12-23,107.82965087890625,107.82965087890625,107.44818063527666,107.60924901117696,1639500,TIP
2020-12-24,107.87201690673828,107.93135685379953,107.83810744162196,107.88896840551185,768900,TIP
2020-12-28,107.94830322265625,107.95678220542467,107.75333189196432,107.83810231694207,1081200,TIP
2020-12-29,107.8974609375,107.90593992173609,107.79573899694688,107.81269049784908,1321500,TIP
2020-12-30,107.98222351074219,107.99070249436059,107.77029419326875,107.81268264379123,2329400,TIP
2020-12-31,108.21110534667969,108.23653582868488,107.99069705668612,108.02460652188275,2360900,TIP
2021-01-04,108.32978057861328,108.43998148508248,108.05003235345812,108.07546283436879,3859900,TIP
2021-01-05,108.29588317871094,108.3382716299966,108.15177279245108,108.24502221122384,3888000,TIP
2021-01-06,107.97374725341797,108.10089966544062,107.77029045904318,108.10089966544062,3917200,TIP
2021-01-07,107.90595245361328,107.9737714002383,107.81270301889656,107.81270301889656,3264000,TIP
2021-01-08,107.48209381103516,107.81270309159166,107.30407392670249,107.7872726034828,2292500,TIP
2021-01-11,107.25318908691406,107.32100802258488,107.11755768314211,107.2023281189458,2786800,TIP
2021-01-12,107.39730072021484,107.4905501353358,107.15146194103862,107.39730072021484,3489100,TIP
2021-01-13,107.6346664428711,107.77877683142282,107.39730663406363,107.47359808650758,2524100,TIP
2021-01-14,107.68550872802734,107.7872371145394,107.53291938204354,107.63464776855561,2214400,TIP
2021-01-15,107.80419158935547,107.86353153290096,107.71094218270272,107.80419158935547,2681100,TIP
2021-01-19,108.05850982666016,108.10089180506289,107.79571957082933,107.95678143686978,2581100,TIP
2021-01-20,108.2195816040039,108.26196358375529,107.99917331956203,108.05851326526918,2619800,TIP
2021-01-21,108.48239135742188,108.48239135742188,108.08396316427958,108.21960104601746,3029400,TIP
2021-01-22,108.31285095214844,108.42305835502142,108.2789479471097,108.37219091232213,1648100,TIP
2021-01-25,108.59259033203125,108.70278478415005,108.41456400916341,108.45695246081189,2102900,TIP
2021-01-26,108.4315414428711,108.63498535108377,108.35524350972051,108.60108234476222,2696200,TIP
2021-01-27,108.39759826660156,108.55018761788968,108.35520982052255,108.48236869119079,2070300,TIP
2021-01-28,108.6095199584961,108.64343588905969,108.43997911109065,108.52475600236214,1823800,TIP
2021-01-29,108.49934387207031,108.73671016732823,108.2874145305534,108.61803025348439,3341300,TIP
2021-02-01,108.261962890625,108.45694069245391,108.261962890625,108.38064278127948,7800000,TIP
2021-02-02,108.42304229736328,108.5247707001251,108.1602455404543,108.23654345941807,3343600,TIP
2021-02-03,108.3636703491211,108.4908291981344,108.3636703491211,108.40605232041372,1888700,TIP
2021-02-04,108.28741455078125,108.4145734492292,108.15178313532162,108.25350508002379,1943800,TIP
2021-02-05,108.261962890625,108.34673331715406,108.17719246409594,108.261962890625,1734000,TIP
2021-02-08,108.3636703491211,108.46539225427757,108.20260204253304,108.28737245268601,2188800,TIP
2021-02-09,108.42304229736328,108.5247707001251,108.37217486219755,108.44847278116133,2434400,TIP
2021-02-10,108.51628112792969,108.54171161076204,108.39760769723522,108.4315171635348,1599000,TIP
2021-02-11,108.3891372680664,108.55867814537547,108.2789363445725,108.55867814537547,1802900,TIP
2021-02-12,108.21110534667969,108.38064620509373,108.13480743309495,108.2958757758867,1995300,TIP
2021-02-16,107.68550872802734,108.0669853267711,107.64312675099043,107.93982646052318,2828100,TIP
2021-02-17,107.6431655883789,107.81270649283367,107.54143716516349,107.77031803293451,2404700,TIP
2021-02-18,107.19387817382812,107.49058448087301,107.18540565525133,107.49058448087301,2611800,TIP
2021-02-19,106.73609161376953,107.07517337009031,106.43091285902487,107.00736089936811,3543500,TIP
2021-02-22,106.72761535644531,106.83781628330817,106.62588694640799,106.69370588643288,2735700,TIP
2021-02-23,106.75301361083984,106.87169348626612,106.57499379770043,106.7445346290042,3199400,TIP
2021-02-24,106.66827392578125,106.77847485112022,106.42243512226815,106.4987265780636,3131500,TIP
2021-02-25,105.36277770996094,106.27831389158108,104.70155929020284,106.21049495940862,7721400,TIP
2021-02-26,106.66827392578125,106.66827392578125,105.37126743669867,105.53232933256795,6399400,TIP
2021-03-01,106.31224822998047,106.63437853180972,106.11727037126089,106.47331014710966,13489200,TIP
2021-03-02,106.74456024169922,106.76999072573986,106.25288265834787,106.25288265834787,3671500,TIP
2021-03-03,106.4732894897461,106.59196939200339,106.34613060373624,106.53262944087474,4606700,TIP
2021-03-04,106.0663833618164,106.61739439357756,105.87140555095083,106.55805444550009,5701600,TIP
2021-03-05,106.17658996582031,106.30374885210767,105.8883691933006,105.91379967704415,2570700,TIP
2021-03-08,105.59164428710938,106.15961968302507,105.59164428710938,106.12571022151008,3776600,TIP
2021-03-09,106.25286865234375,106.25286865234375,105.98159941238552,106.10028576821304,1801500,TIP
2021-03-10,106.73609161376953,106.73609161376953,106.30375396661961,106.30375396661961,1828000,TIP
2021-03-11,106.82931518554688,106.89713411153343,106.61738589251546,106.81236368783462,1612600,TIP
2021-03-12,105.99008178710938,106.20201108972059,105.84597141355032,106.20201108972059,2812300,TIP
2021-03-15,106.30376434326172,106.35462531816056,105.98162758871429,106.04096754861979,2098100,TIP
2021-03-16,106.52417755126953,106.62589950571844,106.34615119584222,106.51569856587517,1831300,TIP
2021-03-17,106.43089294433594,106.58348229315669,106.04093735590722,106.32068557334006,2518500,TIP
2021-03-18,105.67646026611328,105.95620210884826,105.67646026611328,105.84600116883574,4499200,TIP
2021-03-19,105.8799057006836,105.91381517315945,105.57472691597145,105.62558789089996,1474300,TIP
2021-03-22,106.38849639892578,106.40544789525137,106.04092928235312,106.04940826430003,1424600,TIP
2021-03-23,106.60891723632812,106.61738975170655,106.30373852591094,106.38850895267817,2294100,TIP
2021-03-24,106.88867950439453,106.89715848896864,106.57502821842522,106.61741020615528,1482500,TIP
2021-03-25,106.8123779296875,106.99039778346196,106.6936980271712,106.8971483646892,2120500,TIP
2021-03-26,106.83782196044922,107.0412723237647,106.78696098651297,106.79543997135916,1658600,TIP
2021-03-29,106.54957580566406,106.93952493741305,106.44784741441997,106.93952493741305,1629000,TIP
2021-03-30,106.36309051513672,106.43938196759518,106.23593162680291,106.29527157901606,1597100,TIP
2021-03-31,106.38849639892578,106.64281411678716,106.22742807977569,106.44783633741767,2781800,TIP
2021-04-01,106.69442749023438,106.71991890983234,106.44799962900895,106.54147248957953,3026600,TIP
2021-04-05,106.38848876953125,106.43097877943578,106.21004239744973,106.2950159341935,2094900,TIP
2021-04-06,106.447998046875,106.66893448521868,106.447998046875,106.5159794868372,2050100,TIP
2021-04-07,106.5159683227539,106.72840543806976,106.4989762060778,106.56695763891477,1519600,TIP
2021-04-08,106.75390625,106.82188768882001,106.64344127421762,106.70292341241841,1299600,TIP
2021-04-09,106.52447509765625,106.70292150907554,106.44799435958129,106.60944865313209,2891500,TIP
2021-04-12,106.54146575927734,106.58395577796786,106.43100078697529,106.54146575927734,1504700,TIP
2021-04-13,106.932373046875,106.94087234911426,106.65196090366037,106.71993587237017,2062600,TIP
2021-04-14,106.932373046875,106.9748630750032,106.77942450497687,106.81340874779775,1890100,TIP
2021-04-15,107.51017761230469,107.55266763062808,107.25525695156404,107.25525695156404,2047400,TIP
2021-04-16,107.47618103027344,107.5696473903275,107.32322605817416,107.37420888785198,1980900,TIP
2021-04-19,107.28923034667969,107.37420388654007,107.19575750791361,107.32322105923694,1829400,TIP
2021-04-20,107.35721588134766,107.39970589700297,107.10229523661425,107.10229523661425,1262000,TIP
2021-04-21,107.45919799804688,107.46769729857965,107.28925088579199,107.35722584085389,2158300,TIP
2021-04-22,107.586669921875,107.65465136527864,107.38273207473138,107.57817062068273,2036200,TIP
2021-04-23,107.63766479492188,107.64616409706423,107.41673480376484,107.63766479492188,1564200,TIP
2021-04-26,107.69711303710938,107.73110375190934,107.51016734724251,107.5441580620425,1708800,TIP
2021-04-27,107.68864440917969,107.833100117227,107.60366436155901,107.78211079204111,5229700,TIP
2021-04-28,108.0285415649414,108.05403946975196,107.73963014109759,107.89258515462302,2787900,TIP
2021-04-29,107.97752380371094,107.97752380371094,107.74809459914934,107.85855955200263,2167400,TIP
2021-04-30,107.90955352783203,107.96903565983168,107.78208996409964,107.88406211169878,2351500,TIP
2021-05-03,108.1783218383789,108.23804618147066,107.9394244660119,107.98208099138304,6701000,TIP
2021-05-04,108.4257583618164,108.60493139975439,108.30630966985774,108.51107792614894,5103200,TIP
2021-05-05,108.91209411621094,108.92062802603839,108.46842193770637,108.46842193770637,3928200,TIP
2021-05-06,108.78409576416016,109.09978528743217,108.74143273066272,108.92061226377994,4559100,TIP
2021-05-07,109.01448822021484,109.1254095330292,108.84384905976206,108.91210732772987,4880500,TIP
2021-05-10,109.0656509399414,109.45811958389255,109.0229879084869,109.21922223046246,2745000,TIP
2021-05-11,108.77558898925781,108.8694424787916,108.59641592091148,108.75852767728195,2535700,TIP
2021-05-12,108.58788299560547,109.00596000167414,108.57082168347478,108.94623564501671,3611900,TIP
2021-05-13,108.61347198486328,108.73292068416376,108.50255068589435,108.65612851491865,2992400,TIP
2021-05-14,108.9974136352539,109.03154276508188,108.74144841627712,108.77557754610508,2595200,TIP
2021-05-17,109.21070861816406,109.22777643668633,108.95474341605404,109.00594036215534,2225000,TIP
2021-05-18,109.048583984375,109.261886124402,109.02298876908611,109.08271310791508,2486300,TIP
2021-05-19,108.30632781982422,109.00595877973996,108.30632781982422,108.90357137970354,3527000,TIP
2021-05-20,108.4343032836914,108.57935372690771,108.31485457243085,108.4343032836914,2583000,TIP
2021-05-21,108.63053131103516,108.6561265304941,108.44282435571517,108.58786827229306,2021100,TIP
2021-05-24,108.89503479003906,108.92063652151828,108.6817325939773,108.72439563697623,2740200,TIP
2021-05-25,109.20217895507812,109.24483548411143,109.07419634904669,109.14245460685888,1545700,TIP
2021-05-26,108.95475006103516,109.23631049863502,108.87796440139842,109.2107152787561,2570900,TIP
2021-05-27,108.94622802734375,108.94622802734375,108.67320148607637,108.74998714949554,3046600,TIP
2021-05-28,109.01448822021484,109.18513389013434,108.9547638631097,109.01448822021484,3884000,TIP
2021-06-01,109.33271026611328,109.33271026611328,108.95528472250591,109.08395311640355,6261000,TIP
2021-06-02,109.19547271728516,109.40991786673438,109.19547271728516,109.37560585750091,3177900,TIP
2021-06-03,108.82660675048828,109.06678422653061,108.82660675048828,109.04105186043256,3777400,TIP
2021-06-04,109.34988403320312,109.39276914062117,109.15259159716894,109.15259159716894,3445400,TIP
2021-06-07,109.10968017578125,109.3755965887195,109.10968017578125,109.35843731338359,2713000,TIP
2021-06-08,109.2212142944336,109.32414378646338,109.16116990930051,109.2726790404485,1870800,TIP
2021-06-09,109.22978210449219,109.51285128257305,109.1354322561454,109.38418287941386,3332300,TIP
2021-06-10,109.79590606689453,109.81306534205123,109.21261505414031,109.27265942849681,3485000,TIP
2021-06-11,109.51284790039062,109.88170036541725,109.37560640711371,109.83022253478846,2573700,TIP
2021-06-14,109.45278930664062,109.59003732644135,109.25550345860933,109.55572532149117,2169000,TIP
2021-06-15,109.63292694091797,109.65865930960426,109.46137345344536,109.48710582213164,6562100,TIP
2021-06-16,108.63792419433594,110.00179887562697,108.6293445551374,109.69299076360433,3990600,TIP
2021-06-17,109.04963684082031,109.08394884747334,108.46634581641126,108.63790584967634,4873500,TIP
2021-06-18,109.09253692626953,109.15258130647172,108.68937899733484,108.9295565181436,4629400,TIP
2021-06-21,108.90381622314453,109.01532533702161,108.75799510245616,108.91239586093388,2607600,TIP
2021-06-22,109.50425720214844,109.50425720214844,108.96385132131589,108.97243095837473,1933000,TIP
2021-06-23,109.53001403808594,109.55574641066553,109.36703361928575,109.49570202653078,2633100,TIP
2021-06-24,109.3241195678711,109.60718869693895,109.31554647499924,109.5471443251075,2077500,TIP
2021-06-25,109.43566131591797,109.46139368936134,109.17832449278964,109.41850203739087,2426700,TIP
2021-06-28,109.5986328125,109.77019287230388,109.5986328125,109.60721245157697,1780700,TIP
2021-06-29,109.65868377685547,109.71015507005848,109.58148665357226,109.63295140242774,1613100,TIP
2021-06-30,109.80449676513672,109.97606336682716,109.78734403157588,109.80449676513672,2726500,TIP
2021-07-01,109.91069030761719,109.98839305220153,109.7898149801229,109.95385630331583,6201200,TIP
2021-07-02,110.37691497802734,110.3941866452979,110.00565976545336,110.04882575920774,5318400,TIP
2021-07-06,110.66184997558594,110.73955272493667,110.48053697322254,110.49780864233051,5628600,TIP
2021-07-07,110.58415222167969,110.88633398539085,110.50644288160687,110.82590290241822,3739500,TIP
2021-07-08,110.4373779296875,110.58415419028994,110.37693367121484,110.53235235412723,3737400,TIP
2021-07-09,110.4546127319336,110.4805136429143,110.27329976785828,110.34237325528039,2704000,TIP
2021-07-12,110.74818420410156,110.78271436448229,110.45462514317694,110.50642697095908,2775100,TIP
2021-07-13,110.74818420410156,111.08490925910763,110.69638237631942,111.01583576392406,2543200,TIP
2021-07-14,111.04170989990234,111.13668428607373,110.87766203520458,111.09351171519239,1730300,TIP
2021-07-15,111.37844848632812,111.38707773179148,111.0589951367168,111.26620242320175,2419100,TIP
2021-07-16,111.37844848632812,111.46479363864388,111.32664666470689,111.34391833005415,1607200,TIP
2021-07-19,111.42164611816406,111.83607395874799,111.36984428489401,111.68066845893783,4835400,TIP
2021-07-20,111.40436553955078,111.62884452390983,111.27486096673258,111.51661161894154,4167500,TIP
2021-07-21,111.11944580078125,111.2575927990818,111.03311380766057,111.21442021531001,4654800,TIP
2021-07-22,111.43025207519531,111.54249814010187,111.17122978856057,111.22304478542412,3061800,TIP
2021-07-23,111.93103790283203,111.95693881704311,111.50796768001372,111.54251101524338,17991800,TIP
2021-07-26,112.41455078125,112.46635261500865,112.03465310112179,112.16417085994203,6587900,TIP
2021-07-27,112.38864135742188,112.4836157702651,112.2159641998222,112.4145422723407,3591100,TIP
2021-07-28,112.7685317993164,112.7685317993164,112.00010729886519,112.3454615919855,3485700,TIP
2021-07-29,112.5699462890625,112.78579600158216,112.56130386893233,112.6562782694178,3453100,TIP
2021-07-30,112.74263000488281,112.80306107721674,112.63038393200618,112.66492726570131,3894300,TIP
2021-08-02,112.783447265625,113.04400680230805,112.7226412048772,112.8095032192933,10418900,TIP
2021-08-03,112.8876724243164,112.8876724243164,112.54025086908094,112.68790569272015,2642800,TIP
2021-08-04,112.67054748535156,112.99191313465876,112.49683668176077,112.88768930316124,3618200,TIP
2021-08-05,112.27101135253906,112.44473542588385,112.14073155081651,112.4186662122533,2912400,TIP
2021-08-06,112.01911926269531,112.07123117715581,111.8019774502536,111.84540846339883,2789800,TIP
2021-08-09,111.8193588256836,112.1146685265056,111.80198376878664,112.00175053660328,3077000,TIP
2021-08-10,111.92357635498047,112.03649433852125,111.81065837143969,111.88883949642877,2786300,TIP
2021-08-11,112.10597229003906,112.15808420031644,111.73248151091217,111.86276128660562,2780600,TIP
2021-08-12,112.01911926269531,112.10598128898577,111.89752037785934,112.07123117715581,2904100,TIP
2021-08-13,112.30575561523438,112.32313067232049,112.09729469005708,112.14072570612969,1947900,TIP
2021-08-16,112.41864776611328,112.5402598988144,112.35785495304658,112.40128596425643,2545000,TIP
2021-08-17,112.11466979980469,112.54027255225958,112.11466979980469,112.4794664790723,3217300,TIP
2021-08-18,112.13204956054688,112.15810552063859,111.86278255078933,112.12335540499237,4831500,TIP
2021-08-19,112.17545318603516,112.17545318603516,111.95831137711656,112.11466037124576,5415900,TIP
2021-08-20,111.82804870605469,112.17547035217648,111.81067364776273,112.10599662558113,2270000,TIP
2021-08-23,112.08861541748047,112.11467137684572,111.94964146534214,112.02780934343788,2436800,TIP
2021-08-24,112.08861541748047,112.26232623101062,112.04518440077655,112.08861541748047,3136100,TIP
2021-08-25,112.04515838623047,112.15807635278635,111.94093457296808,112.11464534616621,4473400,TIP
2021-08-26,112.06253814697266,112.11465005579292,111.9583010760491,112.0885941013828,2627200,TIP
2021-08-27,112.90508270263672,112.92244450851715,112.08862721450126,112.17547600376416,3107000,TIP
2021-08-30,112.8876724243164,113.10481420965928,112.7486985009091,113.04400814818754,2765400,TIP
2021-08-31,112.55765533447266,112.8182282263107,112.45343147905257,112.77479720212305,4555100,TIP
2021-09-01,112.60662841796875,112.61536975946386,112.30926266042063,112.37047874200546,11817000,TIP
2021-09-02,112.65034484863281,112.65034484863281,112.52789935834694,112.58037409053267,2925300,TIP
2021-09-03,112.49291229248047,112.58912042093766,112.44919224409294,112.55414171311601,3100300,TIP
2021-09-07,112.2130355834961,112.38795580279366,112.15180616668543,112.26551031472962,3480300,TIP
2021-09-08,112.6678466796875,112.72906275520579,112.4666757352003,112.54538783753448,2281400,TIP
2021-09-09,113.2625732421875,113.28881060849861,112.74655391065885,112.81652466934102,3040300,TIP
2021-09-10,112.94769287109375,113.28879192243429,112.88647680831747,113.21882117529323,2426500,TIP
2021-09-13,112.94769287109375,113.23631719846735,112.8777221239527,113.227575859658,3171600,TIP
2021-09-14,113.00894165039062,113.1926032157565,112.86024544625556,112.93021620539038,3987700,TIP
2021-09-15,113.07014465332031,113.28005690645995,112.95644051467515,113.23632351886134,2575600,TIP
2021-09-16,112.88650512695312,112.99145460121456,112.81653436225923,112.9039878089575,1554600,TIP
2021-09-17,112.56289672851562,112.78155037924917,112.51042198762913,112.78155037924917,2162100,TIP
2021-09-20,112.6678466796875,112.7727961494664,112.57163855053743,112.70282538776107,3272700,TIP
2021-09-21,112.58911895751953,112.7378018185557,112.50166551632304,112.70282311118869,2819300,TIP
2021-09-22,112.47543334960938,112.74656171730236,112.35298784982679,112.61536153110478,2912800,TIP
2021-09-23,112.07308197021484,112.33546894361203,111.9681325190783,112.25675685525962,3702000,TIP
2021-09-24,111.79322814941406,111.92442166252138,111.68827200437235,111.85445089916024,3238700,TIP
2021-09-27,111.845703125,111.99439266565557,111.74075365251286,111.74075365251286,3169500,TIP
2021-09-28,111.60079193115234,111.78446014754905,111.58330257982897,111.77571880827641,3809600,TIP
2021-09-29,111.66202545166016,111.88942707748954,111.48710523042446,111.77572960096421,3307000,TIP
2021-09-30,111.67951965332031,111.73199438427818,111.42588066572628,111.5133407749156,3764700,TIP
2021-10-01,112.16393280029297,112.17271050905944,111.87433536529946,111.96209236667416,7280000,TIP
2021-10-04,112.15518951416016,112.2078423889159,111.96212004614682,112.04987706921696,9127100,TIP
2021-10-05,112.26925659179688,112.33945818274987,112.17272187187696,112.27803430145251,6185400,TIP
2021-10-06,112.20783233642578,112.36579094654182,112.16395048110616,112.30436706178408,2864100,TIP
2021-10-07,112.11128234863281,112.11128234863281,111.87433777028447,112.02352534537158,2616400,TIP
2021-10-08,112.13762664794922,112.22538366519355,112.02354319507471,112.1639530835794,2843300,TIP
2021-10-11,112.0674057006836,112.26047513407737,112.04107926802635,112.11128755206599,2967800,TIP
2021-10-12,112.27803039550781,112.41844696339038,112.12006510435518,112.2341485441869,3651800,TIP
2021-10-13,112.78704071044922,112.79581172516998,112.35701995361299,112.39213079422036,4373700,TIP
2021-10-14,113.00641632080078,113.06784019454986,112.80456250068009,112.91865262589094,4197400,TIP
2021-10-15,112.82213592529297,112.98887893771955,112.71683018728119,112.98010792317253,2197100,TIP
2021-10-18,112.58519744873047,112.76072488656068,112.40091238621754,112.63786371459759,2868700,TIP
2021-10-19,112.31314849853516,112.44478737343078,112.21661376997379,112.43600296755808,2126800,TIP
2021-10-20,112.51498413085938,112.65538731093939,112.19026913670008,112.21660226532454,5177800,TIP
2021-10-21,112.76949310302734,112.92745172411769,112.45356246998355,112.62907651259385,8850800,TIP
2021-10-22,112.99765014648438,113.10296927553907,112.73438580100245,112.98010811736019,4742400,TIP
2021-10-25,113.26971435546875,113.36623568999906,112.99765220873564,113.00643661431998,3460700,TIP
2021-10-26,113.66461944580078,113.68216147450032,113.19071685368145,113.3837862962691,4175200,TIP
2021-10-27,114.199951171875,114.27893047723975,113.69972212284044,113.91034699467534,4194800,TIP
2021-10-28,113.20828247070312,113.74360899321461,113.01521301072438,113.62074782694293,7306900,TIP
2021-10-29,112.91865539550781,113.05030094110153,112.45353726096891,112.51497452708468,4994500,TIP
2021-11-01,112.47242736816406,113.09610889537159,112.31431885351921,113.05218539566904,5649200,TIP
2021-11-02,112.92042541503906,112.92920475332716,112.63932574698102,112.67446990727322,4797900,TIP
2021-11-03,112.7623291015625,113.14005519082531,112.63935131975964,112.87652754308407,3335000,TIP
2021-11-04,113.50897216796875,113.57045434821782,113.26301663983041,113.35964298328268,2985500,TIP
2021-11-05,113.90424346923828,114.00086980131337,113.66706730804134,113.77248638166745,3862900,TIP
2021-11-08,114.28199768066406,114.30834910468552,114.00967729315441,114.08874496879153,3581000,TIP
2021-11-09,114.94955444335938,115.02860869136343,114.51034630524529,114.68602687977719,3084900,TIP
2021-11-10,114.59821319580078,115.39756195927377,114.1941357409922,115.3360797791163,6254600,TIP
2021-11-11,114.58065795898438,114.72120782510825,114.54551379066692,114.69485640065665,2426600,TIP
2021-11-12,114.56307983398438,115.02863951284472,114.54550775075221,114.72998111575926,4085300,TIP
2021-11-15,114.58065795898438,114.86174428765918,114.55430653453276,114.67728431649792,4261600,TIP
2021-11-16,114.41376495361328,114.75634689986501,114.31713858910258,114.65972053535432,2772300,TIP
2021-11-17,114.64212799072266,114.66847941237978,114.19414041898011,114.26441534458961,4037100,TIP
2021-11-18,114.71240234375,114.8441728549494,114.57185249323256,114.57185249323256,3099700,TIP
2021-11-19,114.50159454345703,115.03742913714527,114.45767103835368,114.7739015100971,2518200,TIP
2021-11-22,113.5792236328125,113.93058477085032,113.40354306379359,113.69340863071226,3503900,TIP
2021-11-23,113.14002227783203,113.34205427411325,112.81499913195373,113.30692351963485,3859500,TIP
2021-11-24,113.49138641357422,113.52653057254345,112.97312399911795,113.20150741814035,2725300,TIP
2021-11-26,114.05358123779297,114.08872539950858,113.53531878283654,113.66707588034396,2056900,TIP
2021-11-29,113.79004669189453,114.12384918996067,113.7285645180016,113.9218171849273,3803400,TIP
2021-11-30,113.89547729492188,114.38738835013238,113.66708044530915,114.15900490409064,5051400,TIP
2021-12-01,113.54008483886719,113.6808231657861,113.10024568803465,113.61044729091381,7504200,TIP
2021-12-02,113.8743667602539,113.9359506915164,113.38174900146285,113.54009809411838,3391400,TIP
2021-12-03,114.11188507080078,114.34940200124906,113.68083781522094,113.71603246860525,4030700,TIP
2021-12-06,113.59285736083984,114.30539459972147,113.56646808701645,114.22622677825127,6855000,TIP
2021-12-07,113.777587890625,113.95352086573531,113.65443346576522,113.80397716575027,3824700,TIP
2021-12-08,113.58406829833984,113.76001471286162,113.45212191027537,113.74241738684407,3123600,TIP
2021-12-09,113.11782836914062,113.8039763632101,113.09143909420146,113.70721121415797,3774000,TIP
2021-12-10,113.10904693603516,113.38174508431415,113.07385228429331,113.1530335392991,2247700,TIP
2021-12-13,113.22340393066406,113.57526989406294,113.19700123172436,113.32896103511851,3605600,TIP
2021-12-14,112.86276245117188,112.9595276301297,112.61645352706645,112.9331383470348,4148200,TIP
2021-12-15,112.95951080322266,113.02108131366239,112.32614125763524,112.67800726170485,4290800,TIP
2021-12-16,113.19493103027344,113.34539573510473,112.9117005700482,113.30113823239114,3896900,TIP
2021-12-17,113.20376586914062,113.41618699232383,113.14180942684779,113.30997980710511,4022300,TIP
2021-12-20,113.14183044433594,113.28344230184896,113.09757294044292,113.16838224557294,4403300,TIP
2021-12-21,113.38964080810547,113.38964080810547,112.9382399903471,113.15066112404382,3902300,TIP
2021-12-22,113.75255584716797,113.9207262689596,113.28344923652537,113.40736890446217,3170000,TIP
2021-12-23,113.49586486816406,113.73484458774674,113.33655405877174,113.72599848905632,2785500,TIP
2021-12-27,113.87646484375,113.9207223488293,113.48702040784316,113.53127791292246,3388800,TIP
2021-12-28,113.8056640625,114.22166033152001,113.77025265358596,114.15085101918731,2866100,TIP
2021-12-29,113.90301513671875,113.91186123541966,113.31000239189657,113.54012250756819,4320200,TIP
2021-12-30,114.49603271484375,114.49603271484375,114.00922715585949,114.12429397129979,2926000,TIP
2021-12-31,114.35440826416016,114.45176937099122,114.23935496008279,114.37211396690056,3820400,TIP
2022-01-03,113.6994400024414,113.92071400613911,113.62863070059893,113.90300830430515,4573600,TIP
2022-01-04,113.2657470703125,113.69944901391149,113.07987770280461,113.57553610223957,5740700,TIP
2022-01-05,112.34523010253906,113.32768040237363,112.3363772521993,113.30998820718659,6622800,TIP
2022-01-06,111.85843658447266,111.93809874055523,111.5221025158107,111.92039303798266,7615500,TIP
2022-01-07,111.72566986083984,111.88498740925228,111.5574994617527,111.81417810934752,8132900,TIP
2022-01-10,111.86729431152344,111.87614716319558,111.3893416124372,111.54865917879928,6633200,TIP
2022-01-11,112.64618682861328,112.65503968110185,111.83189997110952,111.89385643303378,10839700,TIP
2022-01-12,111.92039489746094,112.55766514572146,111.9026959473413,112.50456154261545,7161900,TIP
2022-01-13,111.94693756103516,112.10625510048537,111.72566357584022,111.80531896919226,4735600,TIP
2022-01-14,111.44245910644531,111.80534501527464,111.38934874575861,111.75224140733565,6159500,TIP
2022-01-18,110.91139221191406,111.19462269912037,110.90254611272611,111.11496728994398,6517400,TIP
2022-01-19,110.68124389648438,111.02643075383529,110.68124389648438,110.96447431156065,7744200,TIP
2022-01-20,110.81402587890625,111.23002211455827,110.7874740770982,111.00874809582822,7190000,TIP
2022-01-21,111.50438690185547,111.5663433461062,111.11494253642456,111.24770827488928,6552400,TIP
2022-01-24,111.76110076904297,111.86731475027263,111.4070676704411,111.56638526591134,11250900,TIP
2022-01-25,111.56636047363281,111.95579814610372,111.48669831722596,111.73452413227481,6601000,TIP
2022-01-26,110.85826873779297,111.76991649407952,110.76090764219477,111.58404715323194,9557800,TIP
2022-01-27,111.30965423583984,111.40701531802797,110.96446739998936,111.14148386610667,17300800,TIP
2022-01-28,111.69908905029297,111.78760403390858,111.40701256369499,111.46896900057882,8506800,TIP
2022-01-31,112.00006866455078,112.00006866455078,111.5840723897735,111.59292524212454,7743300,TIP
2022-02-01,111.2708511352539,111.83928406553898,111.24420690043665,111.82152350107914,18785900,TIP
2022-02-02,111.39519500732422,111.6350066723115,111.23532282275103,111.28861806844544,8558200,TIP
2022-02-03,110.69354248046875,110.97775896601304,110.6668982437389,110.82677044037354,8142200,TIP
2022-02-04,110.05406188964844,110.39156685300554,109.9385944939891,110.20505041723538,9560900,TIP
2022-02-07,110.00965881347656,110.10735887446816,109.67215382403225,110.09847520267179,9979000,TIP
2022-02-08,109.86752319335938,110.036279039382,109.72541835690978,109.82311839658028,5654300,TIP
2022-02-09,110.08071899414062,110.37381241246472,109.97413525713235,110.08959589003234,6164600,TIP
2022-02-10,109.20143127441406,109.90309237913128,109.17478703108738,109.80539230276197,13043800,TIP
2022-02-11,110.17840576171875,110.23169423566338,109.33463319214714,109.8053661153396,14075400,TIP
2022-02-14,109.88532257080078,110.20506701635408,109.6277502798686,109.72545034802414,8381800,TIP
2022-02-15,109.4323501586914,109.68103877721022,109.4234664862424,109.57446181284881,7243800,TIP
2022-02-16,109.64549255371094,109.82313209174323,109.5033876995406,109.65437622467643,5819200,TIP
2022-02-17,109.89420318603516,110.1073638850551,109.30800279340977,109.86755216943327,7624000,TIP
2022-02-18,110.25835418701172,110.2761215316959,110.0629540530249,110.16065412001831,8066300,TIP
2022-02-22,110.59585571289062,110.60473938495284,110.20506223348542,110.3027622974008,4772200,TIP
2022-02-23,110.67577362060547,110.84452947558853,110.19615706664439,110.37378981570183,4752600,TIP
2022-02-24,111.12873840332031,112.35442055170546,110.81787094916966,112.14125991204165,10218600,TIP
2022-02-25,111.03105926513672,111.05770350307829,110.69354751452802,110.9511197750562,4615600,TIP
2022-02-28,112.95840454101562,113.02057668936229,111.75936637932662,111.7682432746219,7282300,TIP
2022-03-01,113.76721954345703,114.15872473751432,113.25114574919597,113.26004544591898,8968800,TIP
2022-03-02,113.02869415283203,113.66043681313921,113.00200185272428,113.5536676127082,5829800,TIP
2022-03-03,112.89523315429688,113.35792234764115,112.85964115569503,113.17996235463197,4892900,TIP
2022-03-04,113.75830078125,114.31885938821931,113.58924730272311,113.58924730272311,4735200,TIP
2022-03-07,114.37225341796875,114.56800599833889,113.79390216130298,113.83839385265219,6720100,TIP
2022-03-08,114.92394256591797,115.20866499318885,114.1854238290242,114.5591296518572,6291000,TIP
2022-03-09,113.78501892089844,114.35448414091246,113.3668281887406,114.1854238355108,8093400,TIP
2022-03-10,113.53585815429688,113.76720271551851,112.80623926596272,113.25112899759277,4035000,TIP
2022-03-11,114.33667755126953,114.42566094123704,113.84729606036645,113.88288805865753,5043700,TIP
2022-03-14,113.07318115234375,113.68712439477855,113.07318115234375,113.68712439477855,3650600,TIP
2022-03-15,112.22787475585938,113.25112243702816,112.21008215455545,113.18883814974718,4662200,TIP
2022-03-16,111.578369140625,112.2723961794338,110.82205779803799,112.04105157033754,5880300,TIP
2022-03-17,113.09986877441406,113.13546076776845,111.96095214098831,112.1389053192816,3732400,TIP
2022-03-18,112.75286102294922,113.32231936844056,112.5393158405097,112.68167703264307,4485100,TIP
2022-03-21,111.75630187988281,112.53041247514196,111.62283359953072,112.21899101330622,3459200,TIP
2022-03-22,111.24024963378906,111.8364071627018,111.18686502672944,111.6228551575032,3683400,TIP
2022-03-23,112.63719177246094,112.6638908617093,111.72961960391709,111.77411129751837,4621600,TIP
2022-03-24,111.94318389892578,112.55713407528657,111.90759189566772,112.32578944834938,5085900,TIP
2022-03-25,111.17797088623047,111.50719181933991,110.98222505440147,111.32033889681198,2761800,TIP
2022-03-28,111.05339813232422,111.55167936230849,111.0445052233546,111.24025104788828,2815400,TIP
2022-03-29,110.65299224853516,111.0800826574933,110.59070794770878,110.6351928548821,3139300,TIP
2022-03-30,111.19576263427734,111.30253184639001,110.69748820847178,110.72418051149995,2728100,TIP
2022-03-31,110.83982849121094,111.68511627372921,110.6440759213279,111.1690493395123,5546400,TIP
2022-04-01,110.22908020019531,110.66788803520612,109.73655041446845,109.92460798708191,5399200,TIP
2022-04-04,110.14849090576172,110.41714849452795,110.05894065358841,110.35446263478201,3284100,TIP
2022-04-05,109.35149383544922,110.12163838520995,109.31567236426883,110.0320881233825,4752300,TIP
2022-04-06,108.8678970336914,109.29774778773971,108.3932745719219,109.06491167795329,4662400,TIP
2022-04-07,108.72461700439453,109.06491067538043,108.53655260405807,108.84103164209463,3109300,TIP
2022-04-08,108.92163848876953,108.92163848876953,108.57238769957793,108.62612332023977,5256300,TIP
2022-04-11,108.73358154296875,108.77836008841183,108.26791609869606,108.36642343287339,4074400,TIP
2022-04-12,108.72461700439453,109.3604326390567,108.70670285567397,109.09177506621538,6454400,TIP
2022-04-13,108.51864624023438,109.0380472417561,108.4649174580928,108.85893991420761,4781400,TIP
2022-04-14,108.50970458984375,108.64403339653772,108.2052323381012,108.49179727066645,4916900,TIP
2022-04-18,108.47386169433594,108.7066977911344,108.37535437769986,108.65296901196767,3969600,TIP
2022-04-19,107.93657684326172,108.42015645750344,107.8470265811237,108.27687740453203,6102300,TIP
2022-04-20,108.73358154296875,108.88581766588032,108.12463021907567,108.19627315888587,6580000,TIP
2022-04-21,109.16340637207031,109.199227833451,108.07087571281708,108.71564835317932,7096200,TIP
2022-04-22,108.73358154296875,109.5664119295836,108.67089567869652,109.05596793986784,4678600,TIP
2022-04-25,108.6529769897461,109.27983556686996,108.60819844898893,109.06491360217693,5231500,TIP
2022-04-26,108.88581848144531,108.98432581636045,108.57238915773658,108.85895408687696,4330300,TIP
2022-04-27,108.70671844482422,108.99328337523522,108.49179645507769,108.96641898054777,6335700,TIP
2022-04-28,109.32463836669922,109.3604598408045,108.617179625677,108.69777281822819,4564500,TIP
2022-04-29,108.4201431274414,109.4678954133557,108.19626408349838,109.11864465138427,8607200,TIP
2022-05-02,106.84798431396484,107.95807283550643,106.72163367061457,107.8948975138313,8579900,TIP
2022-05-03,107.23606872558594,107.98515249621332,107.20899457000081,107.66024885800371,6260800,TIP
2022-05-04,108.07537841796875,108.33710667422909,106.77576414842571,107.18189705045415,5375800,TIP
2022-05-05,106.938232421875,107.56999251613846,106.57722763738067,107.35338551408573,4817100,TIP
2022-05-06,106.65846252441406,107.08264265180739,106.26135655228518,106.44186239670464,4995400,TIP
2022-05-09,106.24330139160156,106.48697565618338,106.06279556080635,106.44185436267962,5652000,TIP
2022-05-10,105.76497650146484,106.47795906419378,105.71082130763148,106.1169542762104,5760700,TIP
2022-05-11,107.04653930664062,107.16386293893262,105.61154713645384,105.91840362293148,5965600,TIP
2022-05-12,106.58624267578125,107.46167694200881,106.51404034987546,107.26312398856427,5169700,TIP
2022-05-13,107.13677978515625,107.16385393759614,106.50502660958138,106.68552554957614,4551800,TIP
2022-05-16,107.17290496826172,107.47073448303205,107.12777678035297,107.38950512191525,3105100,TIP
2022-05-17,106.63138580322266,107.10068721623236,106.5411363259816,107.00141072558908,3363700,TIP
2022-05-18,107.37142944335938,107.56998240043934,107.04652585642722,107.06457299543771,14954600,TIP
2022-05-19,106.99240112304688,107.86782871255747,106.64944343596153,107.7775792264382,8812500,TIP
2022-05-20,107.03751373291016,107.16386438033756,106.75773828297719,106.95629126767564,5597600,TIP
2022-05-23,106.65846252441406,107.12776394871682,106.64041538276908,106.88408966574295,3149600,TIP
2022-05-24,107.23606872558594,107.43462171400226,106.81188859316818,106.85701677620607,3232900,TIP
2022-05-25,107.32630157470703,107.46167921724847,107.03749915056196,107.46167921724847,3612600,TIP
2022-05-26,107.76853942871094,107.96708550769851,107.4526559565544,107.60608762910789,5993700,TIP
2022-05-27,108.11149597167969,108.17467129238399,107.94904416335525,108.06636779163652,3204900,TIP
2022-05-31,107.3443603515625,107.80463471674997,107.19995569030063,107.79561458961604,4760000,TIP
2022-06-01,106.90337371826172,107.45118035182135,106.81207493455202,107.36900657052713,4283200,TIP
2022-06-02,107.3963851928711,107.3963851928711,107.05857902902885,107.27769748201436,5457900,TIP
2022-06-03,108.01725769042969,108.06291057385872,107.10425574706532,107.10425574706532,4692400,TIP
2022-06-06,107.31423950195312,107.80726134242275,107.25032965035436,107.743351490824,3466300,TIP
2022-06-07,107.56986236572266,107.6520361426562,107.3416119357355,107.4329107146003,2638200,TIP
2022-06-08,107.30511474609375,107.58814311282059,107.30511474609375,107.46032340103092,1961100,TIP
2022-06-09,107.28684997558594,107.45119058817963,107.10424542511997,107.23206512762047,2866800,TIP
2022-06-10,106.81204986572266,107.35984940506282,106.76640396740626,107.21377277854168,3241000,TIP
2022-06-13,105.01345825195312,105.78951531220886,104.61174221847371,105.57038987687403,7081800,TIP
2022-06-14,103.57093048095703,104.58436307593534,103.17833941294154,104.5387101978854,12801700,TIP
2022-06-15,105.00432586669922,105.25996522429823,103.79003195245383,103.96350450181748,10128000,TIP
2022-06-16,104.69390869140625,104.97694396971235,103.39744788199302,103.69874013035893,5934500,TIP
2022-06-17,104.74867248535156,104.8399712486067,104.31956063583839,104.63910979005591,5015900,TIP
2022-06-21,104.38349914550781,104.69391641899063,104.29220035716881,104.39262414838598,2628700,TIP
2022-06-22,104.98607635498047,105.11389605133958,104.80347877893918,104.91304150395457,5163300,TIP
2022-06-23,105.29649353027344,105.71647349951908,105.17779884472212,105.48822306195184,5523500,TIP
2022-06-24,105.39691925048828,105.7256004221524,105.25083563390413,105.41517621973618,3581400,TIP
2022-06-27,104.63912963867188,105.27822806833521,104.61174070106495,105.07736657168374,3885600,TIP
2022-06-28,104.27394104003906,104.63001120629283,104.19177421658881,104.60262226514276,3469600,TIP
2022-06-29,104.09135437011719,104.58437625947019,103.79919402446194,104.10961134424785,6274800,TIP
2022-06-30,104.00003814697266,104.77608828209232,103.98177421024931,104.61174767983691,8033400,TIP
2022-07-01,105.674560546875,105.88560078352246,105.05062432595243,105.3258929823843,7041500,TIP
2022-07-05,105.3809585571289,105.83973504801791,105.25250169970988,105.79386159915323,4716100,TIP
2022-07-06,104.42669677734375,105.39930764390206,104.38999382007991,105.35342719722894,2909400,TIP
2022-07-07,104.26153564453125,104.86712393112666,104.12390830700795,104.85794644183403,2511700,TIP
2022-07-08,104.15142822265625,104.42668988340307,103.99543891448958,104.36246146252486,1919900,TIP
2022-07-11,104.31660461425781,104.69279771056962,104.21567322248232,104.44506147644955,2034200,TIP
2022-07-12,104.2798843383789,104.7203057926566,104.26152936089987,104.35329024754945,2604400,TIP
2022-07-13,104.82124328613281,105.09651196140352,104.11473062015205,104.24318746851219,3245600,TIP
2022-07-14,104.56432342529297,104.76618617520847,104.11472448253656,104.27070678915389,5758800,TIP
2022-07-15,105.169921875,105.25249828049807,104.69279041976615,104.77537382563771,4638600,TIP
2022-07-18,105.03227996826172,105.26166818973503,104.84876519085928,105.21578774529118,2302000,TIP
2022-07-19,104.92215728759766,105.21577389241054,104.89463182470459,104.9955631888939,4571400,TIP
2022-07-20,104.83040618896484,105.3442335109098,104.73865231009928,105.23413165642002,2787400,TIP
2022-07-21,105.48189544677734,105.48189544677734,104.60104537837279,104.86713659701178,8560600,TIP
2022-07-22,106.37191772460938,106.54625503170449,105.99571764095647,106.03242060036459,5918500,TIP
2022-07-25,106.1700439453125,106.4269576341708,106.03240961188898,106.05076458987772,11366300,TIP
2022-07-26,106.1700439453125,106.93161452326605,106.16086645631813,106.83986063444137,1796100,TIP
2022-07-27,106.84901428222656,107.0784024683201,106.39941539758733,106.43611834740693,2378500,TIP
2022-07-28,107.9409408569336,107.98682130984469,107.43628387640877,107.8124839892317,3283100,TIP
2022-07-29,108.4822769165039,108.7116651298092,108.06937393233075,108.1978307717519,3256700,TIP
2022-08-01,108.53231048583984,108.70836618845507,108.19873498055546,108.44892014420599,3576300,TIP
2022-08-02,107.25360870361328,108.58791071987966,107.11461773202312,108.31919672663855,3650800,TIP
2022-08-03,107.81881713867188,107.87441069113711,107.01267528105895,107.29992513066728,2442200,TIP
2022-08-04,107.80029296875,107.90221920560667,107.52231810681069,107.62424434366736,2238700,TIP
2022-08-05,106.71617126464844,106.95708845610696,106.63278093070541,106.79030071884704,3098100,TIP
2022-08-08,107.44818115234375,107.48524587855775,107.19800308711636,107.25359664175052,3473200,TIP
2022-08-09,107.1424331665039,107.37408246969399,107.0868395959385,107.28142416229309,1453300,TIP
2022-08-10,106.95710754394531,107.50379646013232,106.94783959317304,107.18875682762626,1950500,TIP
2022-08-11,106.59574127197266,107.27215325983015,106.512343849043,107.13316933723992,3714600,TIP
2022-08-12,107.01270294189453,107.08683241059157,106.70693125492592,107.00344206033883,2563100,TIP
2022-08-15,106.9014892578125,107.17020321306913,106.9014892578125,107.05900903764014,1950800,TIP
2022-08-16,106.9292984008789,107.01268874006477,106.6420485151431,106.92003045117794,2658100,TIP
2022-08-17,106.60499572753906,106.85517382590552,106.46600475316899,106.84590587578096,2086600,TIP
2022-08-18,107.15169525146484,107.37407659092668,106.57720246603185,106.82738765862982,3706400,TIP
2022-08-19,106.96637725830078,107.14242590962579,106.87371188780051,107.02197082510077,3423400,TIP
2022-08-22,106.76252746582031,107.01270559214962,106.74399156349938,106.9941767592041,3771500,TIP
2022-08-23,106.93856048583984,107.21653533725564,106.7439688996627,106.83663425284188,1664900,TIP
2022-08-24,106.92005920410156,106.92932715629486,106.66061309769847,106.7718073158896,1795000,TIP
2022-08-25,107.25360870361328,107.32773816437796,107.04975622119764,107.16095041234466,1468300,TIP
2022-08-26,107.09609985351562,107.32774914006362,106.86445056696765,107.22582288843249,1887800,TIP
2022-08-29,106.67912292480469,106.79031712318341,106.57719667696793,106.77178829147442,2117300,TIP
2022-08-30,106.4937973022461,106.75324334042708,106.27141599371586,106.5123261323843,2144200,TIP
2022-08-31,105.54867553710938,106.52159821806384,105.37261983177612,106.32701368187296,7620800,TIP
2022-09-01,104.74911499023438,105.13387328193494,104.64588558422126,104.95556664250155,5405500,TIP
2022-09-02,105.36848449707031,105.4154095580004,104.85234462563463,105.16202568459241,6140400,TIP
2022-09-06,104.36436462402344,104.99312043534327,104.33621244736136,104.92742963654509,3399100,TIP
2022-09-07,104.79602813720703,104.81480102458998,104.48633993321677,104.645880836937,3352800,TIP
2022-09-08,104.21420288085938,104.70219058161281,104.14851209114721,104.52388394106872,3303200,TIP
2022-09-09,104.2611312866211,104.43005150000828,104.02652027690334,104.22359266589508,1903900,TIP
2022-09-12,103.95143127441406,104.41127395646147,103.71682029124013,104.3549624518636,3090300,TIP
2022-09-13,103.6417465209961,103.67928513613596,103.29451970077149,103.29451970077149,3606700,TIP
2022-09-14,103.9045181274414,103.97020891934521,103.65113424455576,103.67929357802254,1815400,TIP
2022-09-15,103.37899017333984,103.81067353619906,103.3132922227055,103.6699055101069,2617700,TIP
2022-09-16,102.94731140136719,103.39776770432643,102.8910070484073,103.22884748568671,2758100,TIP
2022-09-19,102.47809600830078,102.8065571812124,102.31856222473603,102.60009832730013,1639600,TIP
2022-09-20,102.31855010986328,102.44993169956768,102.02763475548346,102.07455266051524,2118800,TIP
2022-09-21,102.51560974121094,102.74084143247879,101.7742382002448,102.44053967054708,2939000,TIP
2022-09-22,101.35195922851562,102.09333090056208,101.22996407732825,102.01825365686523,3088400,TIP
2022-09-23,100.92027282714844,101.24872680889177,100.77950478932706,100.97657717837306,4059300,TIP
2022-09-26,99.30613708496094,100.77010733493904,99.27798491242429,100.74195516240239,5419000,TIP
2022-09-27,98.7806167602539,99.55951983343942,98.63984872927742,99.44691113646581,5123500,TIP
2022-09-28,100.52611541748047,100.58241976163019,99.29674901205989,99.61582366834578,2881900,TIP
2022-09-29,99.11843872070312,99.85981019673758,99.04336149685601,99.6721171371198,3468800,TIP
2022-09-30,98.4427719116211,99.1090662577938,98.18938803533509,98.98707112165259,5533400,TIP
2022-10-03,99.7096939086914,99.96307068644694,99.01524722173097,99.1090902075752,5368700,TIP
2022-10-04,100.10382843017578,100.4604417633029,99.981833277125,100.31028727361566,3470600,TIP
2022-10-05,99.31552124023438,99.76597030995781,99.08091026149042,99.7284316941877,3467200,TIP
2022-10-06,98.987060546875,99.42812314261721,98.95890121714991,99.33428018947544,3821900,TIP
2022-10-07,99.0152359008789,99.27799909510424,98.66800901721824,98.68678190809723,3308600,TIP
2022-10-10,98.4521484375,99.0152133195364,98.42398910760352,98.94013609266263,2910900,TIP
2022-10-11,99.0152359008789,99.39061496109798,98.70554763921615,98.78062488321198,4508600,TIP
2022-10-12,99.21231079101562,99.36245812302234,98.85569745294924,99.10908136786591,10208100,TIP
2022-10-13,99.09967041015625,99.33428137569155,98.33953317294461,98.33953317294461,4180400,TIP
2022-10-14,99.18415832519531,99.35307854806157,98.80877925663026,99.33430565676521,3884900,TIP
2022-10-17,99.456298828125,99.90674794118615,99.38122158936162,99.70967555925195,2767500,TIP
2022-10-18,99.19351959228516,99.64397582468854,98.95890861201981,99.51259424852066,3003300,TIP
2022-10-19,98.68677520751953,98.81815679571173,98.4615434908247,98.6398501432682,2803800,TIP
2022-10-20,98.5929183959961,98.96829740528322,98.3207687932569,98.61169128432795,15171500,TIP
2022-10-21,98.84632110595703,99.22170018677502,98.40525122297792,98.53663282730015,6788500,TIP
2022-10-24,99.08091735839844,99.34368052785129,98.77122912593212,98.91199715521311,3027900,TIP
2022-10-25,99.48445892333984,99.69091776649691,99.30615225702053,99.45630674650208,3423300,TIP
2022-10-26,99.33429718017578,99.9255214896363,99.20291559135336,99.52199027832182,3923000,TIP
2022-10-27,100.10382843017578,100.2164442974412,99.58768848133622,99.85983812407423,2817100,TIP
2022-10-28,99.98182678222656,100.33843293242812,99.74721577715087,100.0287446873859,3409500,TIP
2022-10-31,99.84105682373047,100.04751564978108,99.48445068039915,99.82229109398021,3145400,TIP
2022-11-01,99.82230377197266,100.49797752518961,99.67214927586193,100.46982534710895,2175700,TIP
2022-11-02,99.59706115722656,100.47920082619434,99.46567956734962,99.92552229167859,2056900,TIP
2022-11-03,98.48970031738281,99.06215176144121,98.45216885592055,98.68677986873924,3149800,TIP
2022-11-04,98.85568237304688,99.00583684190856,98.59291921229806,98.71492150818797,2209000,TIP
2022-11-07,98.97770690917969,99.20293150332094,98.93078183717658,99.13724069837305,2295300,TIP
2022-11-08,99.11843872070312,99.37181540148947,99.00582288493246,99.08090010877957,1681800,TIP
2022-11-09,98.91200256347656,99.26860871869529,98.60231431407726,98.98707980449939,2280600,TIP
2022-11-10,100.55426788330078,100.58242005545787,99.6252104033218,99.6252104033218,4163400,TIP
2022-11-11,100.49795532226562,100.53549393799993,100.23519217188432,100.38534663482156,2465600,TIP
2022-11-14,99.75659942626953,100.2727393271147,99.6909086330798,100.2727393271147,3491700,TIP
2022-11-15,100.40412139892578,100.51673725626385,99.9912109082052,100.09444032082523,2397500,TIP
2022-11-16,100.65751647949219,100.76074590358967,100.47920980882196,100.56367350115639,1985700,TIP
2022-11-17,99.97244262695312,100.2727444339374,99.81290885819018,100.2070536374021,2853300,TIP
2022-11-18,99.46568298339844,100.01936869668963,99.38122645547398,99.8786006570556,1851100,TIP
2022-11-21,99.99120330810547,100.05689409661979,99.5782856890103,99.83166239906299,2194900,TIP
2022-11-22,100.39474487304688,100.53550574888851,100.16951315218085,100.40412415826319,3023400,TIP
2022-11-23,100.94841003417969,100.94841003417969,100.3102678958047,100.34780651097485,1786500,TIP
2022-11-25,100.8545913696289,100.91089572606715,100.75136194298516,100.8639778156221,665300,TIP
2022-11-28,100.61997985839844,100.9671996011261,100.4792118082135,100.87335662092296,3710000,TIP
2022-11-29,100.18827819824219,100.4885799761261,100.12258740807255,100.2915076056172,2090100,TIP
2022-11-30,101.67100524902344,101.69916457926796,100.11319215081049,100.27272589007016,4520200,TIP
2022-12-01,102.7618637084961,102.7712543469117,101.90684249654099,101.92563811022477,9839800,TIP
2022-12-02,103.52294158935547,103.54173003831548,102.02900541785255,102.31088233124636,3393800,TIP
2022-12-05,102.46121215820312,102.86523188551847,102.21691932650782,102.84643626931185,3276700,TIP
2022-12-06,102.44242095947266,102.55517315629267,102.19812811724306,102.45181876798121,4906900,TIP
2022-12-07,102.88400268554688,102.91218893659476,102.37662866140704,102.5739395871682,2900600,TIP
2022-12-08,102.8558349609375,102.93100308955516,102.61154212714374,102.8840212170623,3183900,TIP
2022-12-09,101.87866973876953,102.47060261654005,101.81289941901724,102.34845978512216,2613000,TIP
2022-12-12,101.88805389404297,102.20750764191148,101.85046983515969,102.1417373309723,2735800,TIP
2022-12-13,102.1887435913086,102.70550839535737,102.08538919681324,102.57396774207747,4767700,TIP
2022-12-14,101.93505096435547,102.18874162539188,101.50284494497517,102.08538723288487,2882400,TIP
2022-12-15,101.95296478271484,102.1226281177162,101.5476411465665,102.05664553469495,2669900,TIP
2022-12-16,101.40621948242188,101.77383765523813,101.31195970326185,101.34023691785384,2290100,TIP
2022-12-19,101.05746459960938,101.34025116841535,101.02918738104101,101.3308230317055,2681700,TIP
2022-12-20,101.02920532226562,101.18001957859956,100.85010665077927,100.90666828952165,2942600,TIP
2022-12-21,101.57589721679688,101.70786235535883,101.245984370392,101.65130073057465,6070000,TIP
2022-12-22,101.01976013183594,101.6136104932335,100.97263383099504,101.53819978201456,3674600,TIP
2022-12-23,100.79353332519531,100.96320382651861,100.61443468725373,100.8783649800764,2523500,TIP
2022-12-27,100.33165740966797,100.7935354317608,100.32222927285265,100.6144367900761,2464500,TIP
2022-12-28,100.21853637695312,100.65213715867728,100.19025915946952,100.51074387969832,3091400,TIP
2022-12-29,100.63329315185547,100.70869667176026,100.41648915428085,100.47304359209976,3141300,TIP
2022-12-30,100.33165740966797,100.67099841940674,100.18083598686795,100.28452391715264,4694700,TIP
2023-01-03,100.68984985351562,101.09517344730715,100.54845656422809,101.04803995369082,3740300,TIP
2023-01-04,100.75582885742188,101.14230335500157,100.66156906509256,101.02918728926969,3247800,TIP
2023-01-05,100.78411102294922,100.81238824287988,100.25625040674612,100.37878742363283,2377500,TIP
2023-01-06,101.70787048339844,101.75499678433059,100.8029635217029,100.87836704150659,3855300,TIP
2023-01-09,101.94352722167969,102.13204681529709,101.66074063969207,101.70787413387717,2640200,TIP
2023-01-10,101.52879333496094,101.8021518278566,101.46281074643873,101.67018665081218,2302000,TIP
2023-01-11,101.96238708496094,101.97181522310711,101.56649158156921,101.63247416546784,7551700,TIP
2023-01-12,102.76360321044922,102.77303134831837,101.89640150710144,102.25459883050836,3943700,TIP
2023-01-13,101.96238708496094,102.67877456126187,101.8681272781861,102.51853217058841,2833100,TIP
2023-01-17,101.67017364501953,102.00008654542766,101.6418964237791,101.6796017826203,2711500,TIP
2023-01-18,102.36771392822266,102.55624073923113,102.22632061785693,102.43369651418499,3919000,TIP
2023-01-19,102.9992446899414,103.01810096355125,102.216881932603,102.3771243004804,4591500,TIP
2023-01-20,102.41484069824219,102.6599219406654,102.32058089471388,102.32058089471388,2878100,TIP
2023-01-23,102.320556640625,102.56563063339378,102.30170036945181,102.35825479985071,3170400,TIP
2023-01-24,102.90499114990234,102.92384742465805,102.27344258525851,102.47139032082322,2913900,TIP
2023-01-25,103.11235809326172,103.11235809326172,102.71646265641705,102.88613315671635,2996900,TIP
2023-01-26,103.1029281616211,103.31973214939148,102.93325766427586,103.05580186275688,4193500,TIP
2023-01-27,102.87671661376953,102.9898326905703,102.7541795909068,102.8201621711501,2408700,TIP
2023-01-30,102.37714385986328,102.84845010829592,102.37714385986328,102.68820770980385,2462300,TIP
2023-01-31,102.41484069824219,102.65049380284395,102.1132050120144,102.61278844312024,4134300,TIP
2023-02-01,103.1029281616211,103.20661608730768,102.2168775124279,102.72588900446361,5419300,TIP
2023-02-02,102.9615478515625,103.508257536746,102.91441435849227,103.37629238602294,5030900,TIP
2023-02-03,102.00009155273438,102.59393480262148,101.96238619204217,102.39598705265911,5375200,TIP
2023-02-06,101.5947265625,101.76439702077256,101.51931587181014,101.61358283095211,5195500,TIP
2023-02-07,101.85869598388672,102.32058124842754,101.58533751861624,101.62304287847032,3758700,TIP
2023-02-08,102.38655853271484,102.43368483642254,101.94352956680477,102.06606658631878,2821200,TIP
2023-02-09,101.86811065673828,102.51851544301643,101.85868252013047,102.46195381493065,2648200,TIP
2023-02-10,101.5005111694336,101.95296831982108,101.48166208430023,101.90583481964401,3105600,TIP
2023-02-13,101.67017364501953,101.74558436270192,101.50050312601509,101.52878034725552,2259000,TIP
2023-02-14,101.3308334350586,101.81156777475994,101.0197696157482,101.58533561986405,3037800,TIP
2023-02-15,101.3308334350586,101.54763745227666,101.14231383087396,101.3025562135871,2631900,TIP
2023-02-16,101.08574676513672,101.4816494191521,101.04804140801328,101.22714005645925,4054900,TIP
2023-02-17,101.28367614746094,101.34023776867997,100.88778075672887,100.9349142424847,5304300,TIP
2023-02-21,100.83124542236328,101.10460387008281,100.73698562456107,100.95378244035,2344000,TIP
2023-02-22,100.77469635009766,101.3402623585993,100.69928563121425,101.18944092083248,5106800,TIP
2023-02-23,101.10460662841797,101.21771551224182,100.82182003573476,100.85952539419664,3038100,TIP
2023-02-24,100.44475555419922,100.64270325680558,100.24680785159288,100.60500509669431,3524300,TIP
2023-02-27,100.65215301513672,100.73699187251374,100.52018785171651,100.64272487730327,1614400,TIP
2023-02-28,101.02920532226562,101.10461604621382,100.40707763703669,100.48248836098489,3852500,TIP
2023-03-01,100.65215301513672,100.84067981399564,100.47305435411127,100.74641281878516,5948400,TIP
2023-03-02,100.7275619506836,100.77469544745405,100.52961420905915,100.53904234672562,3979000,TIP
2023-03-03,101.81156158447266,101.81156158447266,100.96320903409895,101.05746883046015,3710700,TIP
2023-03-06,101.26484680175781,101.82098464593889,101.26484680175781,101.79270742559906,3128600,TIP
2023-03-07,100.62386322021484,101.2648398731208,100.5390315649996,101.22713451806032,3565900,TIP
2023-03-08,100.14311981201172,100.88778432562268,100.10541446038529,100.699264759051,4268100,TIP
2023-03-09,100.40705871582031,100.62386270842511,100.29394984277528,100.44476407068902,4310100,TIP
2023-03-10,101.886962890625,101.886962890625,101.08574385163884,101.09517198853834,5856500,TIP
2023-03-13,102.65989685058594,103.34799972057603,102.15088540606106,102.64104057955153,6223200,TIP
2023-03-14,102.09431457519531,102.89554061599745,102.05660922808795,102.70701388046062,5222800,TIP
2023-03-15,103.3386001586914,103.58368140898295,102.71647968218181,102.86729393435658,5923000,TIP
2023-03-16,102.16974639892578,103.69678091055856,102.14146918063722,103.65907555565343,7644200,TIP
2023-03-17,102.38655853271484,102.96155265550516,102.38655853271484,102.53737277276582,4457300,TIP
2023-03-20,102.48079681396484,102.71644985770867,102.2357156348344,102.71644985770867,2988800,TIP
2023-03-21,102.26399993896484,102.65990254548646,102.15089107272496,102.22629458636466,2988900,TIP
2023-03-22,103.66850280761719,103.79103981634236,102.39597046300177,102.46195303563242,5961800,TIP
2023-03-23,103.85701751708984,103.89472286990448,103.45169396378344,103.67791888911052,5372300,TIP
2023-03-24,103.59308624267578,104.16808028233785,103.55538089022376,104.01725887252981,8001000,TIP
2023-03-27,102.7824478149414,103.25375397301163,102.75417059610699,103.18777139854424,6509500,TIP
2023-03-28,103.1029281616211,103.3291602857887,102.81072065735576,102.83899787498648,3953300,TIP
2023-03-29,103.3009033203125,103.31033145921447,102.97099037437202,102.98984665217597,2400900,TIP
2023-03-30,103.40457916259766,103.51769524148438,103.32917563490184,103.36688099453076,2101300,TIP
2023-03-31,103.92298889160156,104.10208750028762,103.461110954609,103.56479886578936,5667300,TIP
2023-04-03,104.10891723632812,104.56189611503007,103.94849006673047,104.16553689622023,6515100,TIP
2023-04-04,104.41090393066406,104.53358226411264,103.92018339701451,103.92961520738001,4266100,TIP
2023-04-05,104.6562728881836,104.99600527410313,104.47696768454396,104.68458272036763,5296400,TIP
2023-04-06,104.89219665527344,104.99600417209574,104.73176947467734,104.82613798091883,3074800,TIP
2023-04-10,104.14667510986328,104.36372195817964,104.13723609911085,104.30710229337635,2572900,TIP
2023-04-11,104.32598876953125,104.34485959270977,104.11837371528641,104.3071107464965,2317600,TIP
2023-04-12,104.36371612548828,104.4486528178019,104.04286177639409,104.17497912012173,3461900,TIP
2023-04-13,104.10891723632812,104.68457444474797,104.07116839644839,104.47695942533687,3396900,TIP
2023-04-14,103.65595245361328,103.95794321371844,103.59933278602156,103.82581865624442,3325700,TIP
2023-04-17,103.18408966064453,103.69368820418586,103.16521884044896,103.6465075537694,4215800,TIP
2023-04-18,103.28788757324219,103.4294439110475,103.16520925373328,103.21239709961986,3523900,TIP
2023-04-19,103.18408966064453,103.28789717135786,103.03310149951474,103.18408966064453,4609500,TIP
2023-04-20,103.51438903808594,103.71256504723824,103.4294523485321,103.46720118834992,3856700,TIP
2023-04-21,103.56156921386719,103.78806225173724,103.39170303539214,103.74087440221723,2523200,TIP
2023-04-24,103.95792388916016,103.98623371769355,103.72199905157566,103.75030888010906,1651400,TIP
2023-04-25,104.57132720947266,104.60907604909407,104.25991188234221,104.25991188234221,3446500,TIP
2023-04-26,104.20328521728516,104.63738607395838,104.13722654778826,104.53357856476967,3114100,TIP
2023-04-27,103.85411071777344,104.16552601450286,103.77861304590085,104.11834536947319,2242800,TIP
2023-04-28,103.97679901123047,104.17497501902024,103.79749382329236,104.07116751019869,4474500,TIP
2023-05-01,103.11262512207031,103.7671602193244,102.97034117678045,103.7292154215037,3140600,TIP
2023-05-02,103.89995574951172,103.96635733150544,103.31182951963294,103.32131029046802,3033700,TIP
2023-05-03,104.37428283691406,104.42171565273502,103.98536124866222,104.02330605387267,3895900,TIP
2023-05-04,104.34580993652344,104.80114029153695,104.13711715869351,104.15609317698558,4109800,TIP
2023-05-05,104.1371078491211,104.23196622040994,103.9568718776114,104.12761984082326,1955000,TIP
2023-05-08,103.74818420410156,103.87149936049673,103.71972017979836,103.78612899927616,2510600,TIP
2023-05-09,103.59642028808594,103.78614429191427,103.49207389528804,103.7387114816495,2162400,TIP
2023-05-10,103.93790435791016,104.04225073876145,103.70075480819901,103.79561318063749,2983400,TIP
2023-05-11,104.16556549072266,104.33631345533429,104.0327623223836,104.26991187116477,5607100,TIP
2023-05-12,103.7956314086914,104.27941860148673,103.76717461568542,104.22250501547475,1924300,TIP
2023-05-15,103.64384460449219,103.78613578639465,103.59641179811466,103.73870298001712,2404800,TIP
2023-05-16,103.3687515258789,103.60590108623478,103.20749156177216,103.49206669186107,4087900,TIP
2023-05-17,103.32130432128906,103.48256426292454,103.23593396532766,103.46359548512063,2766900,TIP
2023-05-18,102.97982025146484,103.18851301742482,102.83753630851946,103.05570984585576,6186100,TIP
2023-05-19,102.7331771850586,103.08415385043749,102.62883081501914,102.7900907551786,3543300,TIP
2023-05-22,102.54346466064453,102.94187417038277,102.4865510841762,102.81855900895808,3120200,TIP
2023-05-23,102.85650634765625,102.89445114531622,102.45809682807179,102.50552239722414,3191000,TIP
2023-05-24,102.53398132324219,103.05571325540336,102.5245005515522,103.01776845695252,2791700,TIP
2023-05-25,102.06916809082031,102.49604163661769,101.98379772399892,102.43912082150662,4197100,TIP
2023-05-26,102.1925048828125,102.25890647876733,101.89843446881441,102.10712726673849,3035100,TIP
2023-05-30,102.60039520263672,102.64782077511377,102.32530082823948,102.42015921042423,4166100,TIP
2023-05-31,102.7331771850586,102.8280355476683,102.4960276599197,102.67625637770942,6155400,TIP
2023-06-01,102.89777374267578,102.94533677415068,102.7074998421547,102.78360940236314,5326300,TIP
2023-06-02,102.3935546875,102.88825957710986,102.36501541660083,102.85972030621069,2367500,TIP
2023-06-05,102.52672576904297,102.72651514858272,102.24132584922599,102.30791988967054,2160500,TIP
2023-06-06,102.58382415771484,102.61236342738079,102.27939318426644,102.46014431155312,2087000,TIP
2023-06-07,102.108154296875,102.69798524823135,102.03204473598798,102.61236743588887,3181600,TIP
2023-06-08,102.61235046386719,102.65040523801646,102.26034924664093,102.26986475472975,2327600,TIP
2023-06-09,102.32695007324219,102.52673220712104,102.3079263140089,102.46965367121466,1903300,TIP
2023-06-12,102.41259765625,102.42211316706239,102.08913561250137,102.41259765625,3835000,TIP
2023-06-13,101.88934326171875,102.54577553627992,101.83226471895946,102.431611192554,2959000,TIP
2023-06-14,102.14620971679688,102.49820373624034,101.9083727811914,102.23182752967537,2879900,TIP
2023-06-15,102.79313659667969,102.91680920242116,102.61237818518921,102.75508181224968,3435000,TIP
2023-06-16,102.52672576904297,102.62186633385467,102.22229483298122,102.44110797055968,2392000,TIP
2023-06-20,102.74554443359375,102.8406777453169,102.59332532827156,102.59332532827156,2826300,TIP
2023-06-21,102.75505828857422,102.85970710724749,102.40305705683629,102.53624514274658,3169900,TIP
2023-06-22,102.3935546875,102.70750118380542,102.35549990689869,102.52674279050099,4519900,TIP
2023-06-23,102.6408920288086,102.96435398721908,102.61235276210894,102.93580746231325,2758200,TIP
2023-06-26,102.6884765625,102.88825871532812,102.62188251155729,102.85020393504554,2912500,TIP
2023-06-27,102.403076171875,102.96437514573415,102.3364821164891,102.82167152470504,3316800,TIP
2023-06-28,102.61235046386719,102.72651478631501,102.42208385132685,102.62186597195601,3616900,TIP
2023-06-29,101.93690490722656,102.09863227013281,101.80371681327944,102.03203822315925,2812800,TIP
2023-06-30,102.3840560913086,102.43161912789023,101.94643696043477,102.03205478120645,6657300,TIP
2023-07-03,102.26361083984375,102.67461546408444,102.2349372857458,102.52168741144251,1851800,TIP
2023-07-05,101.7761459350586,102.19670354950439,101.69011798032194,102.11068288712637,2609300,TIP
2023-07-06,101.24088287353516,101.41293149634986,100.92545918298174,101.32691083112194,3030500,TIP
2023-07-07,101.17396545410156,101.45115527962994,101.15485218339808,101.21219928786667,2395600,TIP
2023-07-10,101.41292572021484,101.49895367290176,101.23132411762414,101.25999767106697,1965300,TIP
2023-07-11,101.29822540283203,101.51806082755337,101.23131801804406,101.47027400548083,1460400,TIP
2023-07-12,102.41653442382812,102.44520797463333,101.73790031612614,101.78568713668224,3071800,TIP
2023-07-13,102.94223022460938,102.94223022460938,102.60769332096814,102.80841546315288,2665700,TIP
2023-07-14,102.39740753173828,102.7988590952678,102.35917370224226,102.70327087534909,2393100,TIP
2023-07-17,102.58859252929688,102.69373375356605,102.3687497988181,102.47389102308728,1768300,TIP
2023-07-18,102.54080200195312,102.80843156678688,102.46433432846956,102.70329033883667,1777500,TIP
2023-07-19,102.89447021484375,102.89447021484375,102.51213910005464,102.62684062219921,1842700,TIP
2023-07-20,102.85620880126953,102.86576908197527,102.39741012804174,102.6841602103538,17993300,TIP
2023-07-21,102.85620880126953,103.06649122265071,102.79886170175013,102.97091029266586,3073400,TIP
2023-07-24,102.90400695800781,102.96135405978177,102.73195836032816,102.84665256387606,2912400,TIP
2023-07-25,102.72239685058594,102.97091310923024,102.54078797399691,102.86577189566371,2052500,TIP
2023-07-26,102.7606430053711,102.84666366731891,102.49301344505534,102.68417533317843,2231400,TIP
2023-07-27,102.00553131103516,102.69372570967023,101.87171654378476,102.58858449363665,2826500,TIP
2023-07-28,102.39740753173828,102.39740753173828,102.04375737052544,102.0628706390948,1584800,TIP
2023-07-31,102.42608642578125,102.56945416821891,102.23491728193571,102.35917175616741,5960700,TIP
2023-08-01,101.8140640258789,102.12055949607405,101.75659110136027,102.06308657155543,2259800,TIP
2023-08-02,101.63207244873047,101.68953806164794,101.27768411840766,101.54586672192637,2257100,TIP
2023-08-03,100.99993896484375,101.22981607117212,100.97120615341,101.1915032201174,2828200,TIP
2023-08-04,101.97688293457031,102.01519577981536,101.38304479441433,101.38304479441433,2067500,TIP
2023-08-07,102.06307983398438,102.14928556135735,101.81405730474678,101.93856856936559,8487200,TIP
2023-08-08,102.04393768310547,102.39832605264125,101.98647206382944,102.23549461897801,1922100,TIP
2023-08-09,101.99606323242188,102.11100179917914,101.93859760275825,102.04395612876156,1383000,TIP
2023-08-10,101.46924591064453,102.19716801492734,101.46924591064453,102.0151911425705,2808000,TIP
2023-08-11,101.32557678222656,101.55544654082848,101.27768389994672,101.31599674428502,1967200,TIP
2023-08-14,101.11487579345703,101.38305843883703,101.08614298251332,101.30643273803445,1688600,TIP
2023-08-15,100.79879760742188,101.25854449271795,100.78922487564508,101.05740751397242,1615700,TIP
2023-08-16,100.50188446044922,100.95205131684868,100.49230442102419,100.78922718376815,2197800,TIP
2023-08-17,100.47314453125,100.66470146160513,100.29116033221268,100.59765580523799,2168400,TIP
2023-08-18,100.64554595947266,100.87541573114459,100.57850030492548,100.58807303598346,1431000,TIP
2023-08-21,100.37735748291016,100.39651025133654,100.15706045515348,100.30073179434889,1499800,TIP
2023-08-22,100.54976654052734,100.56891930988938,100.33904954040382,100.38693511752302,1351000,TIP
2023-08-23,101.45967102050781,101.45967102050781,100.94245856811155,100.94245856811155,5432600,TIP
2023-08-24,100.99993896484375,101.38306016796189,100.85627490767496,101.21065599193018,9117500,TIP
2023-08-25,100.98078918457031,101.20108625780398,100.68387371438654,100.91374352009561,3501800,TIP
2023-08-28,101.03824615478516,101.1531847015094,100.92331491548966,101.1436046624252,1410900,TIP
2023-08-29,101.53630828857422,101.6033539488945,100.85627164606025,100.85627164606025,2281400,TIP
2023-08-30,101.38304901123047,101.62249882340032,101.36389624152535,101.56503320685663,1741200,TIP
2023-08-31,101.59376525878906,101.65123087490494,101.41178106451773,101.478826719129,6068200,TIP
2023-09-01,101.06824493408203,101.54860732888233,101.04903366337935,101.5390053584052,1697100,TIP
2023-09-05,100.86649322509766,101.05864258013773,100.77042221245182,101.04903327994862,1999600,TIP
2023-09-06,100.7127914428711,101.07786426042216,100.67436156790531,101.03943438545639,2037700,TIP
2023-09-07,101.07785034179688,101.11628021147078,100.87609902332002,100.93374016295678,1257400,TIP
2023-09-08,101.30843353271484,101.48136430066658,101.25079238664725,101.31804283364244,1899300,TIP
2023-09-11,101.21236419677734,101.27001267355314,101.06825399946152,101.11629317514983,1660200,TIP
2023-09-12,101.26041412353516,101.31805527668175,101.19316366828083,101.2411955193197,1589300,TIP
2023-09-13,101.3948974609375,101.51978904769301,101.26039657373968,101.27960784487567,2328400,TIP
2023-09-14,101.23157501220703,101.4813581832754,101.1451059685691,101.39489646938601,1817900,TIP
2023-09-15,100.9817886352539,101.16432870058408,100.94335876203972,101.05864838168227,1822200,TIP
2023-09-18,101.1931381225586,101.21234939217437,100.92413636944951,100.95295693874719,1521400,TIP
2023-09-19,100.90493774414062,101.16433757866383,100.89532844255656,101.05865725048764,2313000,TIP
2023-09-20,100.69356536865234,101.22196694803577,100.69356536865234,101.07785676004495,1818500,TIP
2023-09-21,100.16516876220703,100.43417053092786,100.13634819123672,100.29006034632785,6247300,TIP
2023-09-22,100.51103973388672,100.60711075607985,100.22281933755814,100.26124921238522,1641800,TIP
2023-09-25,99.75205993652344,100.11713272984132,99.75205993652344,100.01145241313769,1780100,TIP
2023-09-26,99.50226593017578,99.84812743999306,99.42540618805006,99.8096975689302,2208800,TIP
2023-09-27,99.33893585205078,99.8000796052772,99.14678651341661,99.72322719957134,2139400,TIP
2023-09-28,99.84812927246094,99.86734054347072,99.04111662482707,99.23326598366779,1709800,TIP
2023-09-29,99.64637756347656,100.22281097830617,99.5406972489538,100.10752136344082,5679300,TIP
2023-10-02,99.04108428955078,99.4645036411076,98.98334795683051,99.34902363381399,6662900,TIP
2023-10-03,98.3386001586914,98.9448536719983,98.30010682329609,98.8197558383533,5004600,TIP
2023-10-04,98.7716293334961,98.81012266577359,98.44444702191606,98.5695448454286,2644600,TIP
2023-10-05,98.62728118896484,98.88710934641708,98.61766336228322,98.82936567706523,2283200,TIP
2023-10-06,98.271240234375,98.52143590568042,97.90555721317715,97.96330088812336,2164800,TIP
2023-10-09,99.2431640625,99.30090773431925,98.72351506724314,98.79088390800774,1424000,TIP
2023-10-10,99.28166198730469,99.40676716382077,98.88711814453487,98.97372264348931,3710500,TIP
2023-10-11,99.72432708740234,99.75320259637049,99.45488107185925,99.57036108217198,2106900,TIP
2023-10-12,99.08919525146484,99.70507389310696,98.94484708879973,99.62808722743856,2852600,TIP
2023-10-13,99.73394012451172,99.9456497800708,99.61846012824702,99.86866311589434,2463800,TIP
2023-10-16,99.44525146484375,99.4933699691236,99.27204246988336,99.36827213659012,1538400,TIP
2023-10-17,98.964111328125,99.08921652215462,98.74278379413342,98.89674981666833,1930800,TIP
2023-10-18,98.75238800048828,99.01220882041913,98.57917167325019,98.89672882164288,1575400,TIP
2023-10-19,98.6657943725586,99.01222709096135,98.52144618291513,98.52144618291513,12019700,TIP
2023-10-20,98.964111328125,99.06996618067893,98.762026793755,98.81014530559008,3301500,TIP
2023-10-23,98.98333740234375,99.06032406566382,98.46368843771174,98.5984114275957,2632000,TIP
2023-10-24,99.06995391845703,99.09882942709653,98.68503523883537,98.89673757588601,2951400,TIP
2023-10-25,98.6561508178711,98.79088115379135,98.54067816115736,98.75238782093592,2265400,TIP
2023-10-26,99.18543243408203,99.22392576983528,98.7139019193478,98.76201308264953,1941900,TIP
2023-10-27,99.32978057861328,99.34902357555771,98.9737227293899,99.13731389990345,2640900,TIP
2023-10-30,99.1758041381836,99.27204114545938,98.89673296916011,98.98334480733774,1582200,TIP
2023-10-31,98.92561340332031,99.34902542063925,98.89673789458776,99.21430241396688,5219300,TIP
2023-11-01,99.78778839111328,99.82645172874102,99.03387174306657,99.08220275867065,3244500,TIP
2023-11-02,100.24205780029297,100.50303344512264,100.06807649516534,100.33871244219131,2869700,TIP
2023-11-03,100.75434112548828,101.13129941739773,100.7253454683071,100.96698577718632,3444000,TIP
2023-11-06,100.49337768554688,100.6383633527256,100.34839201836814,100.59003233890691,2356100,TIP
2023-11-07,100.76399230957031,100.89931027045165,100.57068304381862,100.61900667311865,1600400,TIP
2023-11-08,100.98633575439453,101.0056637372217,100.65770105210815,100.69636439204056,1835300,TIP
2023-11-09,100.13573455810547,100.8413274485792,100.06807557197317,100.79299644093766,2328000,TIP
2023-11-10,100.17440032958984,100.3870449695503,100.07774568622871,100.34838163735053,2920900,TIP
2023-11-13,100.10674285888672,100.13573851490682,99.73945225883763,99.84577458042914,1329700,TIP
2023-11-14,100.92832946777344,101.14097413427221,100.79301147532469,100.92832946777344,2794300,TIP
2023-11-15,100.49337768554688,100.59970001652613,100.30006100454945,100.59003233890691,2358300,TIP
2023-11-16,100.86066436767578,100.99598235193538,100.69635072597157,100.69635072597157,2540100,TIP
2023-11-17,100.96698760986328,101.0829776149704,100.79300628934116,101.0443142799347,2073700,TIP
2023-11-20,101.26661682128906,101.28595217548394,100.80267156048934,100.81233923758678,1511500,TIP
2023-11-21,101.05396270751953,101.23760429611087,100.8026547647976,101.16028501504513,7051400,TIP
2023-11-22,101.150634765625,101.1699627456523,100.82200011094496,101.10230375414126,1395400,TIP
2023-11-24,100.72534942626953,100.92832640879074,100.70602144548158,100.87033509214963,498200,TIP
2023-11-27,101.05396270751953,101.06362300873042,100.76399143712686,100.89930939683657,2231700,TIP
2023-11-28,101.45027923583984,101.47927489669111,100.87034389598075,100.88001157435716,3241400,TIP
2023-11-29,101.85623168945312,101.93355836673412,101.59526337147706,101.67259004875805,3617200,TIP
2023-11-30,101.6725845336914,101.75957151020567,101.45993986984216,101.6725845336914,6295600,TIP
2023-12-01,102.19190979003906,102.25004257684547,101.53304443458781,101.53304443458781,5444600,TIP
2023-12-04,101.7656021118164,102.00783195875199,101.66871165149583,101.87218383584953,2523700,TIP
2023-12-05,102.31787872314453,102.48259323341573,102.06595763008593,102.06595763008593,10909800,TIP
2023-12-06,102.42445373535156,102.50196905002919,102.19191518358596,102.26943049826359,3262400,TIP
2023-12-07,102.33727264404297,102.60856890111327,102.29851497985169,102.29851497985169,2956600,TIP
2023-12-08,102.21129608154297,102.23067860743933,101.84310940445691,101.95938238303195,1657400,TIP
2023-12-11,101.99813079833984,102.01751332388427,101.71715070835364,101.94968926901389,1898300,TIP
2023-12-12,101.94000244140625,102.03689289654119,101.77528792845007,101.88186964677887,1860800,TIP
2023-12-13,103.32554626464844,103.34492878894966,101.97874912412918,102.02719804261518,2778900,TIP
2023-12-14,104.45919799804688,104.70142784769806,104.13946021463128,104.14914408618411,4948700,TIP
2023-12-15,104.2847900390625,104.35261409986178,104.01349379586539,104.06194272169411,3080200,TIP
2023-12-18,103.97472381591797,104.15882084153553,103.97472381591797,104.12006318391776,1608200,TIP
2023-12-19,104.04254913330078,104.30416147733374,103.97472507971213,104.10068931656778,1624700,TIP
2023-12-20,104.45919799804688,104.48826439724208,104.11038642316772,104.28479221060729,1843200,TIP
2023-12-21,104.2847900390625,104.55609367452783,104.13945804611276,104.46888708648979,4795900,TIP
2023-12-22,104.08131408691406,104.43012564189614,103.98442363103415,104.42043437862777,1187800,TIP
2023-12-26,104.13943481445312,104.21694272931295,104.05222824586932,104.10067716088994,1307100,TIP
2023-12-27,104.61421203613281,104.65296969299403,104.3235333058073,104.38167348723272,1472400,TIP
2023-12-28,104.27508544921875,104.69172099485219,104.24601166413728,104.46886632949474,2011500,TIP
2023-12-29,104.14913177490234,104.42042799167929,104.02317492918948,104.0425500622732,5159200,TIP
2024-01-02,104.00379180908203,104.07162325515584,103.7421868564767,103.82939343552344,2635700,TIP
2024-01-03,104.16851806640625,104.19758446321644,103.58716795339907,103.62591822096749,1920700,TIP
2024-01-04,103.6840591430664,103.80032473113275,103.61623508593846,103.72281680317779,1897600,TIP
2024-01-05,103.4515151977539,103.91659973588304,103.36431600500542,103.4612064610375,2040600,TIP
2024-01-08,103.73249053955078,103.88752116485011,103.36430389286548,103.36430389286548,1399400,TIP
2024-01-09,103.5290298461914,103.8197086046652,103.5290298461914,103.59685390419958,1535600,TIP
2024-01-10,103.44183349609375,103.74219613377272,103.42245096912008,103.70343847209348,1427300,TIP
2024-01-11,103.9941177368164,104.03287539868134,103.61623977396845,103.72282149603,2352100,TIP
2024-01-12,104.43980407714844,104.4882456030045,104.19757427106698,104.25570705900108,1741200,TIP
2024-01-16,103.90690612792969,104.28478407251552,103.7712580140921,104.15882722174283,2383300,TIP
2024-01-17,103.58717346191406,103.69374779179623,103.43214281432519,103.56779093483138,2933200,TIP
2024-01-18,103.61622619628906,103.6937341175943,103.43212917462138,103.59684367176237,5550300,TIP
2024-01-19,103.6937484741211,103.6937484741211,103.35462817062415,103.5484164813854,1461900,TIP
2024-01-22,103.74219512939453,103.86815198443153,103.66467980678652,103.69374620469752,1443200,TIP
2024-01-23,103.4030532836914,103.45149480602497,103.19958114845083,103.30616284675777,1191300,TIP
2024-01-24,103.16084289550781,103.61623616622963,103.15115163231198,103.59685363983796,1282300,TIP
2024-01-25,103.5096435546875,103.53870994894822,103.30617140259533,103.45150337389894,1717800,TIP
2024-01-26,103.41276550292969,103.53872235724346,103.33525018076676,103.53872235724346,1706300,TIP
2024-01-29,103.86814880371094,103.95535538704146,103.61623510135122,103.67436789539303,1275600,TIP
2024-01-30,103.8197021484375,104.01348304719077,103.68405404085671,103.91659259781413,2152100,TIP
2024-01-31,104.49794006347656,104.50763132585122,103.99410530400365,104.13944467055437,8965800,TIP
2024-02-01,104.68204498291016,105.16650464644144,104.59483839949527,104.77893543716286,2966600,TIP
2024-02-02,103.67435455322266,103.95534200870995,103.480573669843,103.82938517373987,3070100,TIP
2024-02-05,103.09300994873047,103.3933725514924,103.03486976683632,103.29648210469183,1869800,TIP
2024-02-06,103.44183349609375,103.60654801402943,103.18991239131276,103.19960365479959,2163600,TIP
2024-02-07,103.24803924560547,103.52902673240757,103.24803924560547,103.32555456450281,1489700,TIP
2024-02-08,103.1705322265625,103.27710655064928,103.06395051020797,103.13177456677288,1603900,TIP
2024-02-09,103.02518463134766,103.17052399589703,102.96704445016762,103.00580210686526,1506700,TIP
2024-02-12,103.06395721435547,103.09302361302147,102.88955143009122,103.03488342342123,1134700,TIP
2024-02-13,102.40508270263672,102.724820452015,102.3953914398472,102.59886360482159,1771000,TIP
2024-02-14,102.8410873413086,102.95736031109762,102.65699032054276,102.65699032054276,1606700,TIP
2024-02-15,102.967041015625,103.16082929264925,102.95735714597397,103.11238037532647,1894000,TIP
2024-02-16,102.86046600341797,102.88953239670703,102.69574412100191,102.72481051429095,1063600,TIP
2024-02-20,102.9089126586914,103.04456076231433,102.87984626395324,102.92829518336167,1013900,TIP
2024-02-21,102.79264068603516,102.99612023571343,102.68606636838233,102.93798005340508,1772800,TIP
2024-02-22,102.65699768066406,102.95736769275433,102.48259190960987,102.7345129994143,5515200,TIP
2024-02-23,102.9186019897461,103.03486756651702,102.6279232632846,102.6279232632846,1160500,TIP
2024-02-26,102.8798599243164,102.94768398513352,102.72482927543828,102.93799272151159,1413600,TIP
2024-02-27,102.75390625,103.00581997382984,102.72483245823338,102.88955437583712,2781900,TIP
2024-02-28,103.08332824707031,103.10271077358844,102.85078967472816,102.88954733549652,1485700,TIP
2024-02-29,103.4030532836914,103.41274454506471,103.16082349522408,103.1705147565974,6257500,TIP
2024-03-01,103.79063415527344,103.81970055041229,103.11238623554188,103.29648326111102,2949700,TIP
2024-03-04,103.70343780517578,103.7228203320248,103.5096568902939,103.52903202487487,1857200,TIP
2024-03-05,104.1781997680664,104.25571508612482,103.92628607277798,104.01348526139299,1512900,TIP
2024-03-06,104.21694946289062,104.46887053119498,104.1491254128395,104.25570711895799,2931800,TIP
2024-03-07,104.1588363647461,104.313867018322,104.02318823900139,104.3041757544064,2014800,TIP
2024-03-08,104.24602508544922,104.43981338294151,104.18789229233538,104.32354040444613,1313800,TIP
2024-03-11,104.06194305419922,104.28479037227967,104.03287665551639,104.28479037227967,1928900,TIP
2024-03-12,103.85845947265625,104.05224037078638,103.83907694748278,104.0231739752936,2379800,TIP
2024-03-13,103.71311950683594,103.88752527105763,103.64529545365346,103.83907635066984,1696100,TIP
2024-03-14,103.08332824707031,103.47089746248584,103.0348793230429,103.47089746248584,1954300,TIP
2024-03-15,103.0155029296875,103.19959996802004,103.0155029296875,103.13177591057139,1288400,TIP
2024-03-18,102.9186019897461,103.05425009082356,102.85077793920736,103.01549243447757,1908100,TIP
2024-03-19,103.06395721435547,103.26742939728572,103.02519955204473,103.06395721435547,1518000,TIP
2024-03-20,103.47090148925781,103.49996788789826,103.06395712375505,103.12208992103595,1758700,TIP
2024-03-21,103.65499877929688,103.90691249628178,103.57748345456234,103.848779698865,2337500,TIP
2024-03-22,104.01349639892578,104.13946065232557,103.95536360029105,104.13946065232557,2385700,TIP
2024-03-25,103.6840591430664,103.99411303168964,103.66467661687682,103.98442176859484,1902700,TIP
2024-03-26,103.71311950683594,103.81970121787515,103.59684653326568,103.7034282443049,932200,TIP
2024-03-27,104.0328598022461,104.11036772208796,103.81969639008011,103.82938765216049,1758100,TIP
2024-03-28,104.0716323852539,104.20728050476693,103.85846894251398,103.85846894251398,2137800,TIP
2024-04-01,103.39781188964844,103.76622149082374,103.36872789439032,103.75652436015655,1639800,TIP
2024-04-02,103.42691040039062,103.45599439973056,103.02940935142634,103.1845338768986,1899400,TIP
2024-04-03,103.42691040039062,103.4462972677024,103.05850074751075,103.13605561350239,1396200,TIP
2024-04-04,103.81470489501953,103.82439462942374,103.39781701658055,103.60141239022603,1971100,TIP
2024-04-05,103.37842559814453,103.69836436413605,103.36873586347377,103.5044661163046,1608800,TIP
2024-04-08,103.33965301513672,103.39782841169232,103.17483875117588,103.25240101542026,1830200,TIP
2024-04-09,103.61112213134766,103.65959299949925,103.49477873364333,103.54325699853965,1309500,TIP
2024-04-10,102.61251831054688,103.18453073487714,102.60282857555828,103.11666560623567,2194300,TIP
2024-04-11,102.52527618408203,102.83551785869834,102.42832704765412,102.80643385744446,5224100,TIP
2024-04-12,102.88397216796875,103.15543264545327,102.88397216796875,102.98092128182132,5867200,TIP
2024-04-15,102.55433654785156,102.55433654785156,102.24409494474203,102.50586568918202,1793900,TIP
2024-04-16,102.13745880126953,102.39922957159773,102.09867767245261,102.24410505633006,4094600,TIP
2024-04-17,102.53495788574219,102.61251274516592,102.23440599227877,102.25380025469259,2567400,TIP
2024-04-18,102.39923095703125,102.515566948312,102.23440930814336,102.50587721353467,1491900,TIP
2024-04-19,102.55433654785156,102.69006678691552,102.51555542286997,102.60281480326438,1484700,TIP
2024-04-22,102.56404876708984,102.60282989777677,102.37014311365523,102.37014311365523,1561200,TIP
2024-04-23,102.6609878540039,102.82580209574432,102.37983023158246,102.44769535446048,2243100,TIP
2024-04-24,102.44770050048828,102.5446496242205,102.29258338186554,102.50587589212282,1970900,TIP
2024-04-25,102.29258728027344,102.34105814561478,102.04051363156786,102.06959763012152,2417600,TIP
2024-04-26,102.55433654785156,102.68037705322757,102.48647142831958,102.48647142831958,1382600,TIP
2024-04-29,102.8064193725586,102.8839816294708,102.66099199003419,102.7094702497903,1333900,TIP
2024-04-30,102.31197357177734,102.61251808413435,102.27319244167575,102.49618209057383,3238400,TIP
2024-05-01,102.48079681396484,102.8223654434471,102.14898196986942,102.49055059935169,3188300,TIP
2024-05-02,102.85165405273438,102.9297290190393,102.49056291780308,102.51008538219861,2093000,TIP
2024-05-03,103.37864685058594,103.56407303046225,103.12490693796126,103.47623683370666,2388300,TIP
2024-05-06,103.42745208740234,103.48600459183959,103.31033963288894,103.38841460256454,1027400,TIP
2024-05-07,103.40792083740234,103.72997447572577,103.36888335588087,103.72997447572577,2088700,TIP
2024-05-08,103.29081726074219,103.3884146957441,103.24202598888014,103.30057849337015,1508100,TIP
2024-05-09,103.66165924072266,103.6909354900295,103.29080689446754,103.29080689446754,2047100,TIP
2024-05-10,103.49576568603516,103.66166941214473,103.4274519490701,103.6031169077858,1922100,TIP
2024-05-13,103.53480529785156,103.68119401792268,103.48601402158758,103.63240274165871,1492900,TIP
2024-05-14,103.72998046875,103.75925672017298,103.54455428221955,103.58359176599642,1609500,TIP
2024-05-15,104.25696563720703,104.34479438330942,103.9739494903693,104.05202445066344,2707600,TIP
2024-05-16,104.110595703125,104.33505939299727,104.110595703125,104.32529815979255,1492400,TIP
2024-05-17,104.01298522949219,104.15937391618385,104.0032239982093,104.03250024642006,2103100,TIP
2024-05-20,103.97395324707031,104.04226697838644,103.89587828395523,103.91540074755315,2841700,TIP
2024-05-21,104.16912841796875,104.2667183945548,104.13985216955672,104.20816589773077,1827900,TIP
2024-05-22,104.14962005615234,104.21793378869168,104.01299259107367,104.01299259107367,2187700,TIP
2024-05-23,103.74949645996094,104.20817759158865,103.68118272412099,104.20817759158865,1413600,TIP
2024-05-24,103.87635803222656,103.93491052879358,103.72020811386396,103.72020811386396,592900,TIP
2024-05-28,103.56407165527344,104.04226777816218,103.54454919152545,104.0227453144142,1829800,TIP
2024-05-29,103.32009887695312,103.38841261269474,103.11515766972825,103.36889014783212,1883700,TIP
2024-05-30,103.72022247314453,103.75925995813964,103.59335623113968,103.6031174637982,1055200,TIP
2024-05-31,104.1301040649414,104.14962653010241,103.88612536990112,104.04227530863356,1867600,TIP
2024-06-03,104.56932067871094,104.57914887462292,104.16645460692342,104.18610350203042,1880200,TIP
2024-06-04,104.89358520507812,104.94271868863852,104.66758167610419,104.746192251114,1787900,TIP
2024-06-05,105.15888977050781,105.15888977050781,104.72654658804395,104.99184791599411,2253400,TIP
2024-06-06,105.0704574584961,105.12941164263381,104.92306450143457,105.00167507809634,1778500,TIP
2024-06-07,104.20576477050781,104.45141720278461,104.20576477050781,104.45141720278461,2165200,TIP
2024-06-10,104.05836486816406,104.17627322989004,104.01905958201647,104.13697544045924,2040200,TIP
2024-06-11,104.34333038330078,104.4022845685782,104.05837265993105,104.14680393784717,2400400,TIP
2024-06-12,104.50054168701172,105.0508082251589,104.45141569929386,104.92306416431465,1989800,TIP
2024-06-13,104.9132308959961,105.13923441806698,104.72654015694641,104.77566614228924,1906100,TIP
2024-06-14,105.04097747802734,105.13923694779403,104.91323342028535,105.01150038676904,1395600,TIP
2024-06-17,104.89358520507812,104.90341340113362,104.71671515966459,104.79532573467439,1020400,TIP
2024-06-18,105.31611633300781,105.37507052075333,105.08029208530807,105.12941807619012,1401800,TIP
2024-06-20,105.33575439453125,105.34558259038374,104.94271652103455,104.95253722017014,3173500,TIP
2024-06-21,105.17855072021484,105.5028137436498,105.15889432664555,105.42420316280783,1022800,TIP
2024-06-24,105.23749542236328,105.25715181416093,105.09993066664742,105.20801833138373,950100,TIP
2024-06-25,105.36524963378906,105.36524963378906,105.1588949836103,105.16872318045634,2228700,TIP
2024-06-26,105.05081176757812,105.10976595351443,104.92306770242622,105.00167828148625,1982200,TIP
2024-06-27,105.24732971191406,105.37506627912683,105.21785261922783,105.27680680460028,779900,TIP
2024-06-28,104.92305755615234,105.51262184865556,104.90340866164614,105.4831447585379,1960900,TIP
2024-07-01,104.50570678710938,104.89049872976729,104.43664175964574,104.57477181457301,4132700,TIP
2024-07-02,104.70304870605469,104.88064557970847,104.57477969715117,104.8313101874342,2341900,TIP
2024-07-03,105.117431640625,105.21609489083396,104.851032584785,104.851032584785,854300,TIP
2024-07-05,105.59102630615234,105.70942673194767,105.31476617348729,105.45289623981982,1192500,TIP
2024-07-08,105.55155944824219,105.66008375469261,105.40356080850286,105.5120926424768,1156500,TIP
2024-07-09,105.39370727539062,105.53183735153269,105.26544578398003,105.47264089819312,4961700,TIP
2024-07-10,105.59102630615234,105.61076347421358,105.43316659928261,105.47263340788106,1476000,TIP
2024-07-11,105.90674591064453,106.08434277327234,105.82781982643935,105.99554810572019,1321100,TIP
2024-07-12,106.0744857788086,106.08434683500958,105.84755351828072,105.97582252413189,1678800,TIP
2024-07-15,106.00541687011719,106.13367834375273,105.89688503568574,105.98567970338954,930200,TIP
2024-07-16,106.33100128173828,106.41980347398902,106.09420798160845,106.15340442476008,818200,TIP
2024-07-17,106.37047576904297,106.45927796770752,106.2126160667293,106.31127932161581,956000,TIP
2024-07-18,106.13368225097656,106.39021273521517,106.12381366724944,106.24221408940352,1272900,TIP
2024-07-19,105.87715148925781,106.04488730208412,105.8574218493791,106.0251501346816,1948200,TIP
2024-07-22,105.74889373779297,105.91662202900616,105.58116544657977,105.85742557976012,2347900,TIP
2024-07-23,105.68968963623047,105.91661436025954,105.67982105289596,105.76861572033599,2039600,TIP
2024-07-24,105.37397003173828,105.90675312840844,105.37397003173828,105.79822881428974,1252900,TIP
2024-07-25,105.63048553466797,105.80808239685452,105.50222406157015,105.5120926448926,1073200,TIP
2024-07-26,105.96595001220703,106.00541681811943,105.798221732722,105.92648320629463,1458800,TIP
2024-07-29,106.0744857788086,106.16328044976048,105.98568358033287,106.15341186603567,973300,TIP
2024-07-30,106.15340423583984,106.27180464945569,106.01527418371633,106.1731414018708,693500,TIP
2024-07-31,106.73553466796875,106.75526430730352,106.2027440756466,106.4494059687111,1585700,TIP
2024-08-01,106.87686157226562,107.18320984494352,106.8472159380815,106.91639159770494,3247900,TIP
2024-08-02,107.39073181152344,107.52908312431299,107.10414479515048,107.31167176433482,1393900,TIP
2024-08-05,107.69709014892578,107.84531831642325,107.1535617361642,107.44014875929473,3172500,TIP
2024-08-06,107.07449340820312,107.46978608332229,107.05473216725848,107.44014045211497,2115100,TIP
2024-08-07,106.74837493896484,107.09426073724413,106.6791992872251,106.91637941283042,1239900,TIP
2024-08-08,106.6495590209961,106.67920465329281,106.3827407907446,106.5210921011833,1189900,TIP
2024-08-09,106.92625427246094,107.03495994311085,106.83731738170033,107.03495994311085,804900,TIP
2024-08-12,107.21285247802734,107.25238250236013,106.78791414092638,106.83732855623767,611300,TIP
2024-08-13,107.44013977050781,107.46978540152705,107.30178846603091,107.45002416070777,717700,TIP
2024-08-14,107.38085174560547,107.6674312138179,107.32155294219872,107.50931866375521,516100,TIP
2024-08-15,107.153564453125,107.153564453125,106.86697742272783,106.93615308250773,443800,TIP
2024-08-16,107.11402893066406,107.35120153208362,107.06461451639368,107.33144029012409,840100,TIP
2024-08-19,107.18321228027344,107.36109362900132,107.0942753757003,107.0942753757003,1159300,TIP
2024-08-20,107.60813903808594,107.66743030140938,107.37096644521135,107.42037331812062,1449500,TIP
2024-08-21,107.84530639648438,107.91448204686442,107.50931253451853,107.70695509572427,2223600,TIP
2024-08-22,107.50932312011719,107.53896875325897,107.19309046730281,107.53896875325897,1018100,TIP
2024-08-23,108.0824966430664,108.20107917506701,107.57849826332047,107.64767392018119,790400,TIP
2024-08-26,108.09237670898438,108.31967246804713,108.09237670898438,108.27025805185656,1096600,TIP
2024-08-27,108.09237670898438,108.17143675905676,107.84531970719421,107.87497288065737,1599400,TIP
2024-08-28,108.0824966430664,108.22084795678786,108.02319783748497,108.15167229992713,687600,TIP
2024-08-29,107.93425750732422,108.0034331619859,107.84531307157012,107.94414189787042,746100,TIP
2024-08-30,107.58837890625,107.96390281047209,107.51920325179906,107.88484276550506,1160900,TIP
2024-09-03,107.80583953857422,108.11227975772455,107.74653193432648,107.86515468448069,2892600,TIP
2024-09-04,108.09252166748047,108.14194970617268,107.7465480216146,107.7959760603068,2176700,TIP
2024-09-05,108.16169738769531,108.29020724904605,108.00354126666326,108.29020724904605,6292500,TIP
2024-09-06,108.23090362548828,108.72515381151966,108.1715960164955,108.3890673050148,2264200,TIP
2024-09-09,108.47802734375,108.5472220672511,108.20124844974556,108.30009697736726,1377500,TIP
2024-09-10,108.71526336669922,108.75479674096833,108.38905646653966,108.42859738246734,2782200,TIP
2024-09-11,108.78446960449219,109.06124850363852,108.70538776426199,108.75480825816133,1550000,TIP
2024-09-12,108.80422973632812,108.87342445694449,108.59664557447903,108.71526832767519,1787300,TIP
2024-09-13,109.16998291015625,109.25894432316154,109.04147303582509,109.24905720783009,1689400,TIP
2024-09-16,109.54560852050781,109.59503655468735,109.29848343292846,109.3874523861198,944400,TIP
2024-09-17,109.50607299804688,109.63458287658308,109.44676538743603,109.5752677243127,2195700,TIP
2024-09-18,109.10078430175781,109.78284440215909,109.06124338349905,109.31824803969245,1191400,TIP
2024-09-19,109.4269790649414,109.45664040862891,109.01181075322067,109.06123878437448,1789600,TIP
2024-09-20,109.27872467041016,109.4072270102746,109.05136625501646,109.2391837485304,1088700,TIP
2024-09-23,109.2885971069336,109.40721986482555,108.922856801337,109.0909000521062,1208900,TIP
2024-09-24,109.55549621582031,109.61480382382248,109.11066653082642,109.19963548448888,1880400,TIP
2024-09-25,109.14033508300781,109.35779884059461,109.12056085126193,109.34791926638138,1181600,TIP
2024-09-26,109.00192260742188,109.16008627229078,108.8437664842116,109.12054535607356,2141700,TIP
2024-09-27,109.2688217163086,109.37755735030208,109.13043228061846,109.20951411291529,892400,TIP
2024-09-30,109.19963073730469,109.31824594815252,109.00192614979349,109.27871257230916,1592400,TIP
2024-10-01,109.55786895751953,109.87453849886103,109.46880918807852,109.50839382449588,3069000,TIP
2024-10-02,109.45890045166016,109.52817167112612,109.16201948252218,109.2411887476252,2561600,TIP
2024-10-03,108.9937973022461,109.47869586896289,108.97400875972582,109.23129756247513,1590600,TIP
2024-10-04,108.25159454345703,108.57816209637093,108.2318060023698,108.4495101543158,1919500,TIP
2024-10-07,108.13285064697266,108.22191796509358,108.02400233593175,108.07347746822357,1643900,TIP
2024-10-08,108.31098175048828,108.33077784413709,107.90525243065879,107.94483706795882,1951200,TIP
2024-10-09,108.11305236816406,108.14273895486524,107.87555212455798,108.00419651692864,2538600,TIP
2024-10-10,108.33077239990234,108.35056094255908,108.05368750272484,108.13284922334898,1854500,TIP
2024-10-11,108.34066772460938,108.53858334619372,108.21201577558226,108.28128699813647,1716200,TIP
2024-10-14,108.2318115234375,108.261498111581,107.9547190841051,107.96461713015192,1095800,TIP
2024-10-15,108.35055541992188,108.49899590727156,108.2713937033326,108.31097078662883,911200,TIP
2024-10-16,108.37035369873047,108.5088961430538,108.34066711066075,108.48910005100934,681000,TIP
2024-10-17,108.04378509521484,108.19222558413877,107.97451387371659,108.10315827078566,1163900,TIP
2024-10-18,108.22191619873047,108.34067010428767,108.19222960984045,108.19222960984045,964800,TIP
2024-10-21,107.44013214111328,107.9547172769798,107.41044555346672,107.92503068933324,1783100,TIP
2024-10-22,107.58857727050781,107.73701776514095,107.48961945741812,107.66774654097844,1464100,TIP
2024-10-23,107.32137298583984,107.40054224901897,107.18283055027463,107.35106712202939,1311000,TIP
2024-10-24,107.43023681640625,107.62815998905813,107.31149046281217,107.38076168574106,1505000,TIP
2024-10-25,107.14324951171875,107.55888438234915,107.09377438307003,107.55888438234915,1677500,TIP
2024-10-28,106.93544006347656,107.09377860138146,106.75731298333208,107.08388055526314,1848300,TIP
2024-10-29,107.0937728881836,107.11356142936752,106.5890782630323,106.71772265571938,8300200,TIP
2024-10-30,107.30158996582031,107.62815753073906,107.18283606494163,107.20263215675318,1174900,TIP
2024-10-31,107.18284606933594,107.36097316228184,106.95524384223692,107.20264216299525,3683800,TIP
2024-11-01,106.72626495361328,107.4492578627434,106.63712439061285,107.32050766752728,2613400,TIP
2024-11-04,106.904541015625,107.25118197713874,106.7658846310195,107.19175997122387,1901900,TIP
2024-11-05,107.00357055664062,107.11251592845926,106.59750006964292,106.81539081328017,3188100,TIP
2024-11-06,106.835205078125,107.07290064075853,106.34990021098251,106.38951739745572,1828500,TIP
2024-11-07,107.23136138916016,107.33040813303842,106.93424382614238,106.95404864119463,4425600,TIP
2024-11-08,107.52848815917969,107.64733971993482,107.33040978079356,107.49877715804234,2767200,TIP
2024-11-11,107.17193603515625,107.29078759036875,107.08280303590095,107.24126421997886,1465400,TIP
2024-11-12,106.60741424560547,107.15214114552712,106.53808605436144,106.98376620432926,3034500,TIP
2024-11-13,106.40933990478516,107.0530984667301,106.32019933767796,106.96396545582932,2857900,TIP
2024-11-14,106.38951873779297,106.82530023828268,106.34000292123191,106.696550047777,2095500,TIP
2024-11-15,106.41922760009766,106.60740734538258,106.03296948013802,106.18153203924687,3513200,TIP
2024-11-18,106.6767349243164,106.73615692513911,106.34000017804692,106.39942217886963,1572000,TIP
2024-11-19,106.84510803222656,107.0233816004689,106.80549084414982,106.89463140637399,1349300,TIP
2024-11-20,106.79558563232422,107.06299219010408,106.7064450755939,106.74606226122899,2465200,TIP
2024-11-21,106.65693664550781,106.9441555940947,106.55788989645947,106.79559302672823,2007300,TIP
2024-11-22,106.73616027832031,106.86491802575532,106.5876052715966,106.66683208978063,1541900,TIP
2024-11-25,107.32050323486328,107.36012042164872,107.01347948253338,107.24126886129243,2028500,TIP
2024-11-26,107.0728988647461,107.34030542374765,107.01347686412477,107.28088342312633,2612500,TIP
2024-11-27,107.40962982177734,107.48886419061508,107.24126245515113,107.44924700619622,2106700,TIP
2024-11-29,107.7166748046875,107.72657343489654,107.49878404078856,107.65724524240198,2221400,TIP
2024-12-02,107.65714263916016,107.9051777062501,107.39918404994634,107.39918404994634,10473300,TIP
2024-12-03,107.70674133300781,107.87541092547917,107.62737586708928,107.81587736425371,2072500,TIP
2024-12-04,108.01431274414062,108.09367821211026,107.59760808251006,107.60753160454233,2743300,TIP
2024-12-05,107.88533020019531,107.96470323798742,107.74643116877387,107.77619416558854,1712900,TIP
2024-12-06,107.97462463378906,108.25242269116143,107.89525159755999,108.19289669870432,1557400,TIP
2024-12-09,107.77619171142578,107.87541179112135,107.71666571915192,107.8555647474105,1239200,TIP
2024-12-10,107.73650360107422,107.80596068360626,107.5380785834745,107.59760457486857,1925100,TIP
2024-12-11,107.57776641845703,107.8456409524404,107.5182404263339,107.73650492059514,1200500,TIP
2024-12-12,107.23052215576172,107.51824374227922,107.1908356366459,107.42894718191125,1836700,TIP
2024-12-13,106.93287658691406,107.26028469113837,106.88327411530493,107.25036116904472,1480300,TIP
2024-12-16,106.8138198852539,107.04200789732975,106.79397284194259,107.00232138013631,2852400,TIP
2024-12-17,106.75428771972656,106.89318674700407,106.70468524965848,106.73444824558518,1375700,TIP
2024-12-18,106.0786361694336,106.98282440602436,106.05875956866778,106.79404218296153,2634500,TIP
2024-12-19,105.65138244628906,106.01901618047583,105.3632323747332,105.96933983891928,5926400,TIP
2024-12-20,105.86003875732422,106.15811954168215,105.84016215661246,105.99914463949833,3304900,TIP
2024-12-23,105.72093200683594,105.86003788786755,105.64144076604589,105.82029226747252,2272500,TIP
2024-12-24,105.95939636230469,105.95939636230469,105.58182434596979,105.59175506537467,704400,TIP
2024-12-26,105.95939636230469,106.02894930164801,105.701053624443,105.71099192454972,1175800,TIP
2024-12-27,105.69112396240234,105.96933572255894,105.66130906178392,105.86997546260328,1359200,TIP
2024-12-30,105.9991455078125,106.13825139112613,105.88984694510863,106.05876014903203,6392500,TIP
2024-12-31,105.86997985839844,106.23761359356894,105.86004155777965,106.1680606506419,2971800,TIP
2025-01-02,106.0289535522461,106.28729630046449,105.94946230960934,106.09850649437773,3753600,TIP
2025-01-03,105.81035614013672,106.11838280934835,105.8004254203605,106.05876058718042,2283800,TIP
2025-01-06,105.81035614013672,105.87990908208087,105.66131195577007,105.720934177938,4278000,TIP
2025-01-07,105.64144134521484,105.84016186757746,105.51227376374933,105.76067820705362,6720600,TIP
2025-01-08,105.9196548461914,106.038891709986,105.66131209832083,105.70105771958569,2661800,TIP
2025-01-10,105.54208374023438,105.75074256817709,105.41290857481589,105.6215749834608,4238600,TIP
2025-01-13,105.54208374023438,105.67125132495067,105.41290857481589,105.66131302437182,1671800,TIP
2025-01-14,105.58182525634766,105.62157087641538,105.44271937646158,105.61163257622297,1100800,TIP
2025-01-15,106.31710052490234,106.36678444527887,106.11838000480012,106.21774026485123,2803400,TIP
2025-01-16,106.45620727539062,106.64499707752243,106.20780283288119,106.34690871423031,2669400,TIP
2025-01-17,106.49595642089844,106.65493132740153,106.41646517729578,106.54564034332566,1068100,TIP
2025-01-21,106.57544708251953,106.6946763665702,106.45621021776665,106.58537780238896,2552600,TIP
2025-01-22,106.45620727539062,106.6350587772255,106.38665433471606,106.61518975733361,1549800,TIP
2025-01-23,106.5555648803711,106.5555648803711,106.1382472467253,106.15811626612195,2548900,TIP
2025-01-24,106.74435424804688,106.76422326736353,106.426396874068,106.45620419339387,1654800,TIP
2025-01-27,107.19148254394531,107.26103548477646,107.01263104170778,107.20142084426462,3059000,TIP
2025-01-28,107.26103210449219,107.2809087045044,107.00269694994752,107.1119955079094,1363400,TIP
2025-01-29,107.13186645507812,107.36040187512054,106.83377809514488,107.3107179548977,941400,TIP
2025-01-30,107.24116516113281,107.42001666119609,107.12192830085665,107.29084908142335,1530500,TIP
2025-01-31,107.3206558227539,107.3604014426317,107.02256746402148,107.24116458299834,2856500,TIP
2025-02-03,107.56906127929688,108.17516872193987,107.43988611829634,107.9565716008946,5060500,TIP
2025-02-04,107.74791717529297,107.76778619587942,107.1716170291567,107.21136265103186,3018800,TIP
2025-02-05,108.22484588623047,108.28446810741646,107.98637974359251,108.03606366446384,2186500,TIP
2025-02-06,108.03606414794922,108.20497735054445,107.94663460612102,108.16523172980992,1366000,TIP
2025-02-07,107.74791717529297,107.87708476086051,107.54918906591723,107.72804057400428,3189500,TIP
2025-02-10,107.79759216308594,107.9963202699655,107.71810850103627,107.91682902721367,1028500,TIP
2025-02-11,107.76778411865234,107.76778411865234,107.60880921491825,107.66842385623077,1493200,TIP
2025-02-12,107.12193298339844,107.40014475550215,107.10206396283485,107.39021403557147,1680900,TIP
2025-02-13,107.71810913085938,107.7677854723431,107.34052951593162,107.50944272224025,1669600,TIP
2025-02-14,107.91682434082031,108.09567583889402,107.87707872117039,107.99631558012014,2046800,TIP
2025-02-18,107.56906127929688,107.84727304037197,107.55912297905793,107.71810546007337,1330100,TIP
2025-02-19,107.78765869140625,107.82739673106548,107.5988688898661,107.6286762099615,1030600,TIP
2025-02-20,108.0062484741211,108.12548533547158,107.86714259289651,107.89694991305863,2129300,TIP
2025-02-21,108.22484588623047,108.42357398901376,108.08574000463317,108.11554732487515,1114500,TIP
2025-02-24,108.46331787109375,108.48318689070261,108.17516781220301,108.17516781220301,1137700,TIP
2025-02-25,108.92037963867188,109.01973989676033,108.83095009990103,108.90050303863313,1629900,TIP
2025-02-26,109.00980377197266,109.13897135199494,108.83095227156385,108.95018913207036,1728200,TIP
2025-02-27,108.8806381225586,109.0594896261387,108.80114688081143,108.85083080207892,1194400,TIP
2025-02-28,109.63578033447266,109.70534085535891,109.18865537338797,109.28801563355103,2418600,TIP
2025-03-03,109.93386840820312,109.9835523285057,109.31782266768,109.6556566481933,2632500,TIP
2025-03-04,109.54635620117188,110.19220925047107,109.46686496233774,110.18227095044135,3752200,TIP
2025-03-05,108.98993682861328,109.6258516020257,108.96012950809428,109.55629866058065,2822000,TIP
2025-03-06,108.94025421142578,109.00980715370345,108.50305995670773,108.82101734722026,1945000,TIP
2025-03-07,108.76139831542969,109.28801451151895,108.6719763564116,109.21846157204871,2422200,TIP
2025-03-10,109.2482681274414,109.42711962492824,109.1588461690489,109.26814472755206,1903400,TIP
2025-03-11,108.95018768310547,109.44699655755583,108.88063474391049,109.2383377399709,2341300,TIP
2025-03-12,108.82101440429688,109.08929544632842,108.80114538448437,108.86076002462384,3293300,TIP
2025-03-13,108.97999572753906,109.05948696734829,108.64216174870076,108.73159128866162,2152200,TIP
2025-03-14,108.7216567993164,108.88063928450737,108.68191117801867,108.79120974141192,1042900,TIP
2025-03-17,108.75146484375,108.99986929298717,108.69185020175779,108.85083268800662,1838400,TIP
2025-03-18,108.87069702148438,108.97999558089953,108.6918455225052,108.70178382264345,1172200,TIP
2025-03-19,109.4271240234375,109.4271240234375,108.7017872849812,108.80114754742289,1391800,TIP
2025-03-20,109.5264892578125,109.77489369835116,109.37744507734892,109.75501709791499,2287100,TIP
2025-03-21,109.3973159790039,109.7649572863782,109.3973159790039,109.72521166552406,1228400,TIP
2025-03-24,109.11910247802734,109.32776129866603,109.05948783804541,109.29795397867507,1977500,TIP
2025-03-25,109.29795837402344,109.34764229647435,109.10916856555268,109.15885248800359,1165300,TIP
2025-03-26,109.15885162353516,109.33770312995888,109.10916770147772,109.21846626544234,1548100,TIP
2025-03-27,109.38737487792969,109.4370587979008,109.16878533988161,109.2482689988528,2945700,TIP
2025-03-28,109.94380950927734,110.06303879191789,109.70534336329415,109.71527408304613,1558500,TIP
2025-03-31,110.38099670410156,110.52011016901272,110.2319601000934,110.36112768380119,2755600,TIP
2025-04-01,110.44999694824219,110.80999755859375,110.37999725341797,110.48999786376953,3953100,TIP
2025-04-02,110.27999877929688,110.79000091552734,110.08999633789062,110.79000091552734,1679800,TIP
2025-04-03,110.97000122070312,111.44999694824219,110.9000015258789,111.22000122070312,3547500,TIP
2025-04-04,110.5999984741211,111.51000213623047,110.55999755859375,111.43000030517578,4726000,TIP
2025-04-07,109.2699966430664,110.48999786376953,109.2300033569336,110.30000305175781,5648000,TIP
2025-04-08,109.0,109.83000183105469,108.94999694824219,109.5,3549100,TIP
2025-04-09,109.2300033569336,109.26000213623047,107.79000091552734,108.3499984741211,4559100,TIP
2025-04-10,107.93000030517578,109.08000183105469,107.87000274658203,108.9000015258789,4609000,TIP
2025-04-11,107.97000122070312,107.97000122070312,106.47000122070312,107.0999984741211,2989200,TIP
2025-04-14,108.48999786376953,108.73999786376953,108.25,108.62999725341797,3639200,TIP
2025-04-15,108.4800033569336,108.76000213623047,108.38999938964844,108.4800033569336,2982000,TIP
2025-04-16,108.77999877929688,108.87999725341797,108.43000030517578,108.55999755859375,2294400,TIP
2025-04-17,109.02999877929688,109.08999633789062,108.76000213623047,108.81999969482422,1942000,TIP
2025-04-21,108.47000122070312,109.16999816894531,108.43000030517578,108.80999755859375,2079200,TIP
2025-04-22,108.87000274658203,108.98999786376953,108.73999786376953,108.8499984741211,2639700,TIP
2025-04-23,109.19000244140625,109.87999725341797,109.01000213623047,109.81999969482422,1740500,TIP
