Date,Adj Close,Close,High,Low,Open,Volume,SEC_ID
2005-05-10,23.707687377929688,55.849998474121094,55.849998474121094,55.4900016784668,55.7599983215332,30400,VNQ
2005-05-11,23.720420837402344,55.880001068115234,56.0,55.31999969482422,55.79999923706055,61000,VNQ
2005-05-12,23.482704162597656,55.31999969482422,56.099998474121094,55.279998779296875,56.099998474121094,33400,VNQ
2005-05-13,23.474220275878906,55.29999923706055,55.70000076293945,54.83000183105469,55.70000076293945,31200,VNQ
2005-05-16,23.584585189819336,55.560001373291016,55.58000183105469,55.189998626708984,55.29999923706055,21600,VNQ
2005-05-17,23.792579650878906,56.04999923706055,56.09000015258789,55.41999816894531,55.650001525878906,19400,VNQ
2005-05-18,24.026050567626953,56.599998474121094,56.599998474121094,56.25,56.25,41200,VNQ
2005-05-19,24.34441566467285,57.349998474121094,57.36000061035156,56.79999923706055,56.79999923706055,27100,VNQ
2005-05-20,24.395347595214844,57.470001220703125,57.56999969482422,57.0,57.130001068115234,81400,VNQ
2005-05-23,24.45053482055664,57.599998474121094,57.7599983215332,57.349998474121094,57.349998474121094,56900,VNQ
2005-05-24,24.110939025878906,56.79999923706055,57.27000045776367,56.619998931884766,57.25,47900,VNQ
2005-05-25,23.813806533813477,56.099998474121094,56.650001525878906,56.099998474121094,56.650001525878906,52200,VNQ
2005-05-26,23.711936950683594,55.86000061035156,56.650001525878906,55.849998474121094,56.099998474121094,48000,VNQ
2005-05-27,23.83502769470215,56.150001525878906,56.25,55.91999816894531,56.220001220703125,28000,VNQ
2005-05-31,24.085481643676758,56.7400016784668,56.93000030517578,56.400001525878906,56.400001525878906,46300,VNQ
2005-06-01,24.36139678955078,57.38999938964844,57.38999938964844,56.619998931884766,56.79999923706055,32500,VNQ
2005-06-02,24.276491165161133,57.189998626708984,57.36000061035156,57.04999923706055,57.29999923706055,31500,VNQ
2005-06-03,24.280746459960938,57.20000076293945,57.689998626708984,57.04999923706055,57.099998474121094,23900,VNQ
2005-06-06,24.46328353881836,57.630001068115234,57.63999938964844,57.25,57.25,40800,VNQ
2005-06-07,24.671279907226562,58.119998931884766,58.47999954223633,57.72999954223633,57.79999923706055,58700,VNQ
2005-06-08,24.773149490356445,58.36000061035156,58.75,58.099998474121094,58.099998474121094,28800,VNQ
2005-06-09,24.798616409301758,58.41999816894531,58.439998626708984,58.0,58.29999923706055,28000,VNQ
2005-06-10,24.747671127319336,58.29999923706055,58.5,58.15999984741211,58.41999816894531,24000,VNQ
2005-06-13,24.862289428710938,58.56999969482422,58.599998474121094,58.189998626708984,58.380001068115234,25800,VNQ
2005-06-14,25.066036224365234,59.04999923706055,59.04999923706055,58.68000030517578,58.70000076293945,23900,VNQ
2005-06-15,25.12123680114746,59.18000030517578,59.29999923706055,58.880001068115234,59.29999923706055,16000,VNQ
2005-06-16,25.146703720092773,59.2400016784668,59.2400016784668,58.810001373291016,58.880001068115234,28700,VNQ
2005-06-17,25.431102752685547,59.90999984741211,60.0,59.52000045776367,59.650001525878906,19100,VNQ
2005-06-20,25.40987777709961,59.86000061035156,60.09000015258789,59.709999084472656,59.95000076293945,70500,VNQ
2005-06-21,25.19339370727539,59.349998474121094,59.95000076293945,59.20000076293945,59.95000076293945,26600,VNQ
2005-06-22,25.155189514160156,59.2599983215332,59.70000076293945,59.09000015258789,59.70000076293945,16800,VNQ
2005-06-23,25.066036224365234,59.04999923706055,59.52000045776367,59.04999923706055,59.349998474121094,24500,VNQ
2005-06-24,25.015104293823242,58.93000030517578,59.36000061035156,58.560001373291016,59.20000076293945,30000,VNQ
2005-06-27,24.982486724853516,58.209999084472656,58.34000015258789,58.09000015258789,58.099998474121094,20800,VNQ
2005-06-28,25.106962203979492,58.5,58.5,58.119998931884766,58.29999923706055,14200,VNQ
2005-06-29,25.18849754333496,58.689998626708984,58.90999984741211,58.56999969482422,58.650001525878906,71900,VNQ
2005-06-30,25.192790985107422,58.70000076293945,58.79999923706055,58.189998626708984,58.5,39600,VNQ
2005-07-01,25.407373428344727,59.20000076293945,59.20000076293945,58.68000030517578,58.709999084472656,27600,VNQ
2005-07-05,25.729267120361328,59.95000076293945,60.0,59.22999954223633,59.290000915527344,42400,VNQ
2005-07-06,25.66488265991211,59.79999923706055,60.13999938964844,59.72999954223633,60.0,20100,VNQ
2005-07-07,25.690635681152344,59.86000061035156,59.95000076293945,59.11000061035156,59.4900016784668,21700,VNQ
2005-07-08,26.128395080566406,60.880001068115234,61.04999923706055,59.81999969482422,59.86000061035156,74700,VNQ
2005-07-11,26.445999145507812,61.619998931884766,61.7599983215332,60.95000076293945,60.970001220703125,31700,VNQ
2005-07-12,26.441699981689453,61.61000061035156,61.880001068115234,61.41999816894531,61.75,29300,VNQ
2005-07-13,26.287200927734375,61.25,61.70000076293945,61.189998626708984,61.70000076293945,78200,VNQ
2005-07-14,25.849435806274414,60.22999954223633,61.34000015258789,60.099998474121094,61.20000076293945,80800,VNQ
2005-07-15,25.956724166870117,60.47999954223633,60.540000915527344,59.869998931884766,59.95000076293945,131700,VNQ
2005-07-18,26.025402069091797,60.63999938964844,60.88999938964844,60.25,60.54999923706055,23500,VNQ
2005-07-19,26.222808837890625,61.099998474121094,61.189998626708984,60.790000915527344,60.869998931884766,42500,VNQ
2005-07-20,26.454566955566406,61.63999938964844,61.689998626708984,60.83000183105469,61.099998474121094,23500,VNQ
2005-07-21,26.08119773864746,60.77000045776367,61.599998474121094,60.5,61.5,70200,VNQ
2005-07-22,26.287200927734375,61.25,61.25,60.709999084472656,61.0,17200,VNQ
2005-07-25,26.287200927734375,61.25,61.58000183105469,61.150001525878906,61.349998474121094,23600,VNQ
2005-07-26,26.57903480529785,61.93000030517578,61.9900016784668,61.56999969482422,61.59000015258789,19500,VNQ
2005-07-27,26.651994705200195,62.099998474121094,62.25,61.650001525878906,62.099998474121094,42600,VNQ
2005-07-28,27.025379180908203,62.970001220703125,63.06999969482422,62.220001220703125,62.400001525878906,45500,VNQ
2005-07-29,26.99103546142578,62.88999938964844,63.099998474121094,62.79999923706055,63.0,71900,VNQ
2005-08-01,26.973867416381836,62.849998474121094,63.099998474121094,62.61000061035156,63.099998474121094,35600,VNQ
2005-08-02,27.167003631591797,63.29999923706055,63.40999984741211,62.869998931884766,62.939998626708984,17600,VNQ
2005-08-03,27.102632522583008,63.150001525878906,63.45000076293945,62.79999923706055,63.20000076293945,25500,VNQ
2005-08-04,26.64340591430664,62.08000183105469,62.9900016784668,62.0099983215332,62.9900016784668,46000,VNQ
2005-08-05,25.720684051513672,59.93000030517578,61.779998779296875,59.52000045776367,61.779998779296875,128300,VNQ
2005-08-08,24.793638229370117,57.77000045776367,59.31999969482422,57.41999816894531,59.06999969482422,155000,VNQ
2005-08-09,24.90953826904297,58.040000915527344,58.779998779296875,57.54999923706055,58.709999084472656,83100,VNQ
2005-08-10,25.149856567382812,58.599998474121094,59.5,58.36000061035156,58.5,60100,VNQ
2005-08-11,25.484628677368164,59.380001068115234,59.380001068115234,58.52000045776367,58.52000045776367,28500,VNQ
2005-08-12,25.463172912597656,59.33000183105469,59.5099983215332,58.84000015258789,59.209999084472656,24700,VNQ
2005-08-15,25.70351219177246,59.88999938964844,60.290000915527344,59.20000076293945,59.400001525878906,13600,VNQ
2005-08-16,25.853729248046875,60.2400016784668,60.45000076293945,59.88999938964844,59.88999938964844,77100,VNQ
2005-08-17,25.647708892822266,59.7599983215332,60.220001220703125,59.45000076293945,60.209999084472656,50700,VNQ
2005-08-18,25.47605323791504,59.36000061035156,59.54999923706055,59.150001525878906,59.54999923706055,30200,VNQ
2005-08-19,25.385923385620117,59.150001525878906,59.43000030517578,59.02000045776367,59.43000030517578,28500,VNQ
2005-08-22,25.463172912597656,59.33000183105469,59.459999084472656,58.97999954223633,58.97999954223633,57000,VNQ
2005-08-23,25.57046890258789,59.58000183105469,59.720001220703125,59.31999969482422,59.58000183105469,114300,VNQ
2005-08-24,25.66059684753418,59.790000915527344,60.29999923706055,59.65999984741211,59.880001068115234,70300,VNQ
2005-08-25,25.690635681152344,59.86000061035156,60.20000076293945,59.52000045776367,59.790000915527344,29000,VNQ
2005-08-26,25.373043060302734,59.119998931884766,60.13999938964844,59.119998931884766,59.88999938964844,38900,VNQ
2005-08-29,25.377338409423828,59.130001068115234,59.38999938964844,58.63999938964844,59.029998779296875,35300,VNQ
2005-08-30,25.45458984375,59.310001373291016,59.349998474121094,58.779998779296875,59.130001068115234,42800,VNQ
2005-08-31,25.89662742614746,60.34000015258789,60.61000061035156,59.220001220703125,59.220001220703125,59200,VNQ
2005-09-01,26.128395080566406,60.880001068115234,61.59000015258789,60.43000030517578,60.58000183105469,55900,VNQ
2005-09-02,26.059728622436523,60.720001220703125,61.2400016784668,60.47999954223633,60.939998626708984,57900,VNQ
2005-09-06,26.61765480041504,62.02000045776367,62.06999969482422,60.650001525878906,60.650001525878906,40900,VNQ
2005-09-07,26.56185531616211,61.88999938964844,62.09000015258789,61.400001525878906,62.09000015258789,35200,VNQ
2005-09-08,26.390195846557617,61.4900016784668,61.75,61.27000045776367,61.689998626708984,14700,VNQ
2005-09-09,26.523235321044922,61.79999923706055,61.83000183105469,61.560001373291016,61.650001525878906,38400,VNQ
2005-09-12,26.441699981689453,61.61000061035156,61.7599983215332,61.5099983215332,61.650001525878906,19200,VNQ
2005-09-13,26.23997688293457,61.13999938964844,61.529998779296875,61.040000915527344,61.47999954223633,34200,VNQ
2005-09-14,26.218524932861328,61.09000015258789,61.290000915527344,60.810001373291016,61.22999954223633,20100,VNQ
2005-09-15,26.231403350830078,61.119998931884766,61.34000015258789,61.029998779296875,61.09000015258789,10700,VNQ
2005-09-16,26.287200927734375,61.25,61.40999984741211,60.880001068115234,61.290000915527344,14200,VNQ
2005-09-19,26.08119773864746,60.77000045776367,61.349998474121094,60.630001068115234,61.349998474121094,24400,VNQ
2005-09-20,25.87946319580078,60.29999923706055,61.130001068115234,60.15999984741211,60.650001525878906,23700,VNQ
2005-09-21,25.30866241455078,58.970001220703125,60.20000076293945,58.970001220703125,60.06999969482422,88900,VNQ
2005-09-22,25.44600486755371,59.290000915527344,59.52000045776367,58.400001525878906,59.099998474121094,63300,VNQ
2005-09-23,25.467470169067383,59.34000015258789,59.75,58.88999938964844,59.099998474121094,53700,VNQ
2005-09-26,25.669757843017578,59.130001068115234,59.22999954223633,58.7599983215332,58.9900016784668,18000,VNQ
2005-09-27,25.604646682739258,58.97999954223633,59.130001068115234,58.290000915527344,59.099998474121094,60300,VNQ
2005-09-28,25.357192993164062,58.40999984741211,59.02000045776367,58.27000045776367,59.02000045776367,35800,VNQ
2005-09-29,25.830392837524414,59.5,59.5099983215332,58.25,58.40999984741211,40300,VNQ
2005-09-30,26.242807388305664,60.45000076293945,60.45000076293945,59.79999923706055,59.79999923706055,55200,VNQ
2005-10-03,26.1646671295166,60.27000045776367,60.560001373291016,59.689998626708984,60.560001373291016,47500,VNQ
2005-10-04,25.721858978271484,59.25,60.45000076293945,59.25,60.45000076293945,53400,VNQ
2005-10-05,25.322467803955078,58.33000183105469,59.25,58.2400016784668,59.25,64000,VNQ
2005-10-06,25.287734985351562,58.25,58.63999938964844,57.720001220703125,58.400001525878906,69800,VNQ
2005-10-07,25.027252197265625,57.650001525878906,58.369998931884766,57.220001220703125,58.369998931884766,39500,VNQ
2005-10-10,24.706005096435547,56.90999984741211,57.650001525878906,56.810001373291016,57.650001525878906,78500,VNQ
2005-10-11,24.597476959228516,56.65999984741211,57.189998626708984,56.369998931884766,57.189998626708984,25700,VNQ
2005-10-12,24.154674530029297,55.63999938964844,56.52000045776367,55.16999816894531,56.52000045776367,78900,VNQ
2005-10-13,24.159006118774414,55.650001525878906,56.11000061035156,55.040000915527344,55.59000015258789,43300,VNQ
2005-10-14,24.719024658203125,56.939998626708984,57.02000045776367,56.0099983215332,56.400001525878906,67300,VNQ
2005-10-17,24.862293243408203,57.27000045776367,57.27000045776367,56.77000045776367,57.0,109600,VNQ
2005-10-18,24.623523712158203,56.720001220703125,57.349998474121094,56.470001220703125,57.27000045776367,38500,VNQ
2005-10-19,24.9013671875,57.36000061035156,57.41999816894531,56.0099983215332,56.209999084472656,48500,VNQ
2005-10-20,24.50629997253418,56.45000076293945,57.470001220703125,56.29999923706055,57.20000076293945,64600,VNQ
2005-10-21,24.740732192993164,56.9900016784668,57.439998626708984,56.47999954223633,56.47999954223633,55300,VNQ
2005-10-24,25.24431800842285,58.150001525878906,58.29999923706055,57.849998474121094,57.93000030517578,94800,VNQ
2005-10-25,25.140127182006836,57.90999984741211,58.45000076293945,57.68000030517578,58.11000061035156,20300,VNQ
2005-10-26,24.884002685546875,57.31999969482422,57.97999954223633,57.16999816894531,57.90999984741211,36100,VNQ
2005-10-27,24.614837646484375,56.70000076293945,57.310001373291016,56.70000076293945,57.290000915527344,43800,VNQ
2005-10-28,25.357192993164062,58.40999984741211,58.459999084472656,57.439998626708984,57.47999954223633,92200,VNQ
2005-10-31,25.4874267578125,58.709999084472656,59.11000061035156,58.619998931884766,58.810001373291016,182500,VNQ
2005-11-01,24.923070907592773,57.40999984741211,58.709999084472656,56.869998931884766,58.709999084472656,76300,VNQ
2005-11-02,25.15315818786621,57.939998626708984,57.97999954223633,57.11000061035156,57.58000183105469,42300,VNQ
2005-11-03,25.079341888427734,57.77000045776367,58.63999938964844,57.529998779296875,58.150001525878906,63400,VNQ
2005-11-04,24.936094284057617,57.439998626708984,57.7599983215332,56.9900016784668,57.75,21500,VNQ
2005-11-07,25.053316116333008,57.709999084472656,58.130001068115234,57.5,57.900001525878906,30800,VNQ
2005-11-08,24.983840942382812,57.54999923706055,57.75,57.11000061035156,57.529998779296875,15500,VNQ
2005-11-09,25.26603126525879,58.20000076293945,58.720001220703125,57.7400016784668,57.7400016784668,31800,VNQ
2005-11-10,25.865114212036133,59.58000183105469,59.619998931884766,57.88999938964844,58.0,21300,VNQ
2005-11-11,25.969310760498047,59.81999969482422,60.0,59.41999816894531,59.61000061035156,33200,VNQ
2005-11-14,25.947607040405273,59.77000045776367,60.290000915527344,59.540000915527344,60.290000915527344,23200,VNQ
2005-11-15,25.934585571289062,59.7400016784668,60.15999984741211,59.47999954223633,59.959999084472656,25900,VNQ
2005-11-16,25.786985397338867,59.400001525878906,59.79999923706055,59.130001068115234,59.79999923706055,17900,VNQ
2005-11-17,26.212417602539062,60.380001068115234,60.41999816894531,59.349998474121094,59.459999084472656,28600,VNQ
2005-11-18,26.307931900024414,60.599998474121094,60.75,60.150001525878906,60.560001373291016,77700,VNQ
2005-11-21,26.43817138671875,60.900001525878906,61.119998931884766,60.27000045776367,60.65999984741211,39600,VNQ
2005-11-22,26.776779174804688,61.68000030517578,61.75,60.400001525878906,60.400001525878906,43500,VNQ
2005-11-23,26.893985748291016,61.95000076293945,61.95000076293945,61.36000061035156,61.54999923706055,27800,VNQ
2005-11-25,26.98516082763672,62.15999984741211,62.15999984741211,61.7599983215332,61.88999938964844,7300,VNQ
2005-11-28,26.689964294433594,61.47999954223633,62.029998779296875,61.369998931884766,62.029998779296875,37900,VNQ
2005-11-29,26.707317352294922,61.52000045776367,61.70000076293945,61.2599983215332,61.40999984741211,16700,VNQ
2005-11-30,26.546695709228516,61.150001525878906,61.900001525878906,61.11000061035156,61.75,28900,VNQ
2005-12-01,26.93306541442871,62.040000915527344,62.22999954223633,61.33000183105469,61.33000183105469,40900,VNQ
2005-12-02,26.79848861694336,61.72999954223633,62.099998474121094,61.369998931884766,61.970001220703125,18200,VNQ
2005-12-05,26.698640823364258,61.5,61.959999084472656,61.06999969482422,61.959999084472656,21400,VNQ
2005-12-06,26.61181640625,61.29999923706055,62.0,61.2400016784668,62.0,28500,VNQ
2005-12-07,26.4728946685791,60.97999954223633,61.5,60.560001373291016,61.34000015258789,29100,VNQ
2005-12-08,26.67259407043457,61.439998626708984,62.06999969482422,60.79999923706055,60.79999923706055,58800,VNQ
2005-12-09,26.742053985595703,61.599998474121094,61.83000183105469,61.22999954223633,61.459999084472656,22100,VNQ
2005-12-12,26.75941276550293,61.63999938964844,62.0,61.25,61.9900016784668,30400,VNQ
2005-12-13,26.889665603637695,61.939998626708984,61.9900016784668,61.36000061035156,61.630001068115234,20300,VNQ
2005-12-14,26.941755294799805,62.060001373291016,62.400001525878906,61.689998626708984,61.93000030517578,44200,VNQ
2005-12-15,26.737714767456055,61.59000015258789,62.45000076293945,61.58000183105469,62.20000076293945,28300,VNQ
2005-12-16,26.833213806152344,61.810001373291016,62.029998779296875,61.61000061035156,62.0,10800,VNQ
2005-12-19,26.481576919555664,61.0,61.81999969482422,60.97999954223633,61.81999969482422,28500,VNQ
2005-12-20,26.51630210876465,61.08000183105469,61.290000915527344,60.630001068115234,60.79999923706055,31400,VNQ
2005-12-21,26.67693328857422,61.45000076293945,61.47999954223633,61.08000183105469,61.08000183105469,62000,VNQ
2005-12-22,26.82887077331543,61.79999923706055,61.849998474121094,60.7599983215332,61.20000076293945,44600,VNQ
2005-12-23,26.920034408569336,62.0099983215332,62.25,61.900001525878906,61.95000076293945,42800,VNQ
2005-12-27,26.79833221435547,60.11000061035156,60.540000915527344,60.11000061035156,60.5,60900,VNQ
2005-12-28,26.767141342163086,60.040000915527344,60.45000076293945,59.83000183105469,60.45000076293945,90700,VNQ
2005-12-29,26.628923416137695,59.72999954223633,60.45000076293945,59.68000030517578,60.33000183105469,69600,VNQ
2005-12-30,26.55314064025879,59.560001373291016,59.849998474121094,59.459999084472656,59.68000030517578,43200,VNQ
2006-01-03,27.088119506835938,60.7599983215332,60.959999084472656,59.15999984741211,59.939998626708984,70300,VNQ
2006-01-04,27.28873634338379,61.209999084472656,61.220001220703125,60.709999084472656,61.209999084472656,75000,VNQ
2006-01-05,27.49827003479004,61.68000030517578,61.970001220703125,61.2400016784668,61.2400016784668,31200,VNQ
2006-01-06,27.756851196289062,62.2599983215332,62.279998779296875,61.70000076293945,62.0099983215332,36000,VNQ
2006-01-09,27.993135452270508,62.790000915527344,62.790000915527344,62.25,62.599998474121094,49200,VNQ
2006-01-10,28.16254997253418,63.16999816894531,63.5,62.459999084472656,62.790000915527344,54900,VNQ
2006-01-11,28.207136154174805,63.27000045776367,63.41999816894531,62.970001220703125,63.41999816894531,41900,VNQ
2006-01-12,28.126882553100586,63.09000015258789,63.31999969482422,62.880001068115234,63.31999969482422,136400,VNQ
2006-01-13,27.77913475036621,62.310001373291016,63.09000015258789,62.04999923706055,63.09000015258789,43000,VNQ
2006-01-17,27.667688369750977,62.060001373291016,62.310001373291016,61.619998931884766,62.310001373291016,59500,VNQ
2006-01-18,27.663225173950195,62.04999923706055,62.25,61.7599983215332,62.04999923706055,32700,VNQ
2006-01-19,28.010957717895508,62.83000183105469,62.90999984741211,62.06999969482422,62.20000076293945,59000,VNQ
2006-01-20,27.739023208618164,62.220001220703125,62.900001525878906,61.9900016784668,62.900001525878906,49000,VNQ
2006-01-23,27.863840103149414,62.5,62.650001525878906,62.290000915527344,62.5,42800,VNQ
2006-01-24,28.073383331298828,62.970001220703125,63.15999984741211,62.650001525878906,62.68000030517578,79800,VNQ
2006-01-25,28.091217041015625,63.0099983215332,63.40999984741211,62.7400016784668,63.15999984741211,1518500,VNQ
2006-01-26,28.184837341308594,63.220001220703125,63.41999816894531,62.90999984741211,63.279998779296875,1408300,VNQ
2006-01-27,28.501375198364258,63.93000030517578,64.25,63.5,63.70000076293945,1885100,VNQ
2006-01-30,28.479076385498047,63.880001068115234,64.18000030517578,63.65999984741211,64.18000030517578,1318700,VNQ
2006-01-31,28.554885864257812,64.05000305175781,64.37999725341797,63.650001525878906,63.65999984741211,423900,VNQ
2006-02-01,28.68861198425293,64.3499984741211,64.62999725341797,64.0,64.1500015258789,49700,VNQ
2006-02-02,28.487991333007812,63.900001525878906,64.33000183105469,63.709999084472656,64.27999877929688,66700,VNQ
2006-02-03,28.23834228515625,63.34000015258789,63.7599983215332,62.65999984741211,63.7599983215332,81000,VNQ
2006-02-06,28.34532928466797,63.58000183105469,63.58000183105469,63.209999084472656,63.34000015258789,99800,VNQ
2006-02-07,28.12241554260254,63.08000183105469,63.63999938964844,63.02000045776367,63.630001068115234,68500,VNQ
2006-02-08,27.997591018676758,62.79999923706055,63.029998779296875,62.290000915527344,63.029998779296875,57900,VNQ
2006-02-09,28.13134002685547,63.099998474121094,63.33000183105469,62.650001525878906,62.900001525878906,43700,VNQ
2006-02-10,28.1580867767334,63.15999984741211,63.43000030517578,62.619998931884766,63.0099983215332,375200,VNQ
2006-02-13,28.19821548461914,63.25,63.279998779296875,63.02000045776367,63.25,45700,VNQ
2006-02-14,28.354244232177734,63.599998474121094,63.70000076293945,62.75,63.25,49100,VNQ
2006-02-15,28.603912353515625,64.16000366210938,64.16000366210938,63.36000061035156,63.369998931884766,598900,VNQ
2006-02-16,28.795616149902344,64.58999633789062,64.62999725341797,64.16000366210938,64.19999694824219,72400,VNQ
2006-02-17,29.103233337402344,65.27999877929688,65.27999877929688,62.63999938964844,64.75,56400,VNQ
2006-02-21,29.067564010620117,65.19999694824219,65.52999877929688,65.0,65.4000015258789,61200,VNQ
2006-02-22,29.39301300048828,65.93000030517578,66.02999877929688,65.0,65.3499984741211,46700,VNQ
2006-02-23,29.343976974487305,65.81999969482422,66.02999877929688,65.37999725341797,65.94000244140625,56800,VNQ
2006-02-24,29.187936782836914,65.47000122070312,65.81999969482422,65.2699966430664,65.81999969482422,52500,VNQ
2006-02-27,29.19240379333496,65.4800033569336,65.75,65.23999786376953,65.69999694824219,55600,VNQ
2006-02-28,29.08539581298828,65.23999786376953,65.61000061035156,65.0,65.30999755859375,58500,VNQ
2006-03-01,29.254812240600586,65.62000274658203,66.19999694824219,65.11000061035156,66.19999694824219,42200,VNQ
2006-03-02,29.219148635864258,65.54000091552734,65.54000091552734,65.12999725341797,65.30000305175781,28300,VNQ
2006-03-03,29.058652877807617,65.18000030517578,65.44999694824219,64.87999725341797,65.44999694824219,100300,VNQ
2006-03-06,29.584714889526367,66.36000061035156,67.05000305175781,65.5,65.75,59900,VNQ
2006-03-07,29.228057861328125,65.55999755859375,66.4000015258789,65.44999694824219,66.4000015258789,38500,VNQ
2006-03-08,29.379642486572266,65.9000015258789,65.9000015258789,65.0,65.58000183105469,74700,VNQ
2006-03-09,29.620386123657227,66.44000244140625,66.68000030517578,65.69999694824219,65.97000122070312,55800,VNQ
2006-03-10,29.88787841796875,67.04000091552734,67.08000183105469,66.26000213623047,66.58000183105469,67100,VNQ
2006-03-13,29.69171905517578,66.5999984741211,67.43000030517578,66.33999633789062,67.30000305175781,56400,VNQ
2006-03-14,29.905710220336914,67.08000183105469,67.23999786376953,66.58000183105469,66.77999877929688,43400,VNQ
2006-03-15,30.47189712524414,68.3499984741211,68.4800033569336,67.36000061035156,67.36000061035156,57000,VNQ
2006-03-16,30.788427352905273,69.05999755859375,69.44999694824219,68.44000244140625,68.44999694824219,45300,VNQ
2006-03-17,31.06484603881836,69.68000030517578,69.70999908447266,68.77999877929688,69.30000305175781,96100,VNQ
2006-03-20,30.541975021362305,68.11000061035156,69.6500015258789,67.87999725341797,69.6500015258789,96700,VNQ
2006-03-21,30.187726974487305,67.31999969482422,68.23999786376953,67.01000213623047,67.98999786376953,220100,VNQ
2006-03-22,30.2549991607666,67.47000122070312,67.61000061035156,67.0,67.4000015258789,40600,VNQ
2006-03-23,30.335710525512695,67.6500015258789,67.72000122070312,67.23999786376953,67.23999786376953,143000,VNQ
2006-03-24,30.29086685180664,67.55000305175781,68.25,67.30000305175781,68.25,116100,VNQ
2006-03-27,29.94110679626465,66.7699966430664,67.54000091552734,66.58999633789062,67.47000122070312,60300,VNQ
2006-03-28,30.272932052612305,67.51000213623047,67.9000015258789,66.52999877929688,66.79000091552734,74400,VNQ
2006-03-29,30.837942123413086,68.7699966430664,68.9800033569336,68.0,68.0,78200,VNQ
2006-03-30,30.394001007080078,67.77999877929688,68.94999694824219,67.47000122070312,68.94999694824219,96900,VNQ
2006-03-31,30.4567928314209,67.91999816894531,68.18000030517578,67.30000305175781,68.02999877929688,92200,VNQ
2006-04-03,29.932126998901367,66.75,68.2699966430664,66.58999633789062,68.1500015258789,57200,VNQ
2006-04-04,29.725860595703125,66.29000091552734,66.97000122070312,66.0,66.88999938964844,97900,VNQ
2006-04-05,29.887292861938477,66.6500015258789,66.9800033569336,66.44000244140625,66.91999816894531,54800,VNQ
2006-04-06,29.76621437072754,66.37999725341797,66.80000305175781,66.33999633789062,66.41000366210938,62900,VNQ
2006-04-07,29.31779670715332,65.37999725341797,66.5,65.37999725341797,66.48999786376953,107100,VNQ
2006-04-10,29.039779663085938,64.76000213623047,65.44000244140625,64.62999725341797,65.44000244140625,38700,VNQ
2006-04-11,28.968017578125,64.5999984741211,64.91999816894531,64.43000030517578,64.61000061035156,71300,VNQ
2006-04-12,28.968017578125,64.5999984741211,64.88999938964844,64.25,64.5999984741211,29700,VNQ
2006-04-13,28.586881637573242,63.75,64.55000305175781,63.59000015258789,64.37999725341797,47500,VNQ
2006-04-17,28.50615882873535,63.56999969482422,63.97999954223633,63.459999084472656,63.599998474121094,40300,VNQ
2006-04-18,29.20120620727539,65.12000274658203,65.36000061035156,63.75,63.810001373291016,44100,VNQ
2006-04-19,29.559938430786133,65.91999816894531,66.08999633789062,65.0,65.19999694824219,32900,VNQ
2006-04-20,29.5913143157959,65.98999786376953,66.08999633789062,65.44000244140625,66.05000305175781,33500,VNQ
2006-04-21,29.595827102661133,66.0,66.41000366210938,65.83000183105469,66.0999984741211,63400,VNQ
2006-04-24,29.4433536529541,65.66000366210938,66.1500015258789,65.36000061035156,66.1500015258789,49900,VNQ
2006-04-25,29.219139099121094,65.16000366210938,65.77999877929688,65.01000213623047,65.69999694824219,44900,VNQ
2006-04-26,29.12946128845215,64.95999908447266,65.41999816894531,64.81999969482422,65.41999816894531,61400,VNQ
2006-04-27,29.313304901123047,65.37000274658203,66.0,64.45999908447266,66.0,57900,VNQ
2006-04-28,29.42093276977539,65.61000061035156,66.06999969482422,65.4000015258789,65.62000274658203,63100,VNQ
2006-05-01,29.066680908203125,64.81999969482422,66.08000183105469,64.62000274658203,65.98999786376953,48800,VNQ
2006-05-02,28.770721435546875,64.16000366210938,65.0,63.79999923706055,65.0,51800,VNQ
2006-05-03,28.824522018432617,64.27999877929688,64.41000366210938,63.77000045776367,64.3499984741211,32300,VNQ
2006-05-04,29.23259735107422,65.19000244140625,65.5199966430664,64.5,64.5,47200,VNQ
2006-05-05,29.609262466430664,66.02999877929688,66.36000061035156,65.80000305175781,65.91999816894531,48100,VNQ
2006-05-08,29.739295959472656,66.31999969482422,66.4000015258789,65.93000030517578,66.18000030517578,146300,VNQ
2006-05-09,29.725860595703125,66.29000091552734,66.54000091552734,65.8499984741211,66.4000015258789,149400,VNQ
2006-05-10,29.618242263793945,66.05000305175781,66.62999725341797,66.0,66.19000244140625,58000,VNQ
2006-05-11,29.071151733398438,64.83000183105469,66.05000305175781,64.75,65.7300033569336,57000,VNQ
2006-05-12,28.703460693359375,64.01000213623047,64.45999908447266,63.369998931884766,64.37000274658203,62600,VNQ
2006-05-15,29.098066329956055,64.88999938964844,64.94000244140625,63.380001068115234,64.08000183105469,69600,VNQ
2006-05-16,28.985960006713867,64.63999938964844,65.20999908447266,64.54000091552734,65.12999725341797,29900,VNQ
2006-05-17,28.443382263183594,63.43000030517578,64.13999938964844,63.27000045776367,64.13999938964844,68700,VNQ
2006-05-18,28.223644256591797,62.939998626708984,64.20999908447266,62.88999938964844,64.1500015258789,36800,VNQ
2006-05-19,28.290910720825195,63.09000015258789,63.709999084472656,62.349998474121094,62.790000915527344,91700,VNQ
2006-05-22,28.214672088623047,62.91999816894531,62.91999816894531,62.06999969482422,62.849998474121094,172000,VNQ
2006-05-23,27.90526008605957,62.22999954223633,63.279998779296875,62.22999954223633,62.599998474121094,81700,VNQ
2006-05-24,27.950115203857422,62.33000183105469,62.81999969482422,61.689998626708984,62.27000045776367,167100,VNQ
2006-05-25,28.47477149963379,63.5,63.900001525878906,62.79999923706055,62.849998474121094,61800,VNQ
2006-05-26,28.81557273864746,64.26000213623047,64.37999725341797,63.84000015258789,64.29000091552734,61900,VNQ
2006-05-30,28.577903747558594,63.72999954223633,64.30999755859375,63.72999954223633,64.26000213623047,35000,VNQ
2006-05-31,28.627227783203125,63.84000015258789,64.30999755859375,62.849998474121094,64.16000366210938,56700,VNQ
2006-06-01,29.15187644958496,65.01000213623047,65.01000213623047,64.0,64.0,35600,VNQ
2006-06-02,29.48819351196289,65.76000213623047,65.88999938964844,65.11000061035156,65.31999969482422,45600,VNQ
2006-06-05,29.631683349609375,66.08000183105469,67.05000305175781,65.5199966430664,65.69999694824219,75500,VNQ
2006-06-06,29.27744483947754,65.29000091552734,66.29000091552734,65.23999786376953,66.29000091552734,34300,VNQ
2006-06-07,29.483713150024414,65.75,66.22000122070312,65.16999816894531,65.44999694824219,51200,VNQ
2006-06-08,29.42093276977539,65.61000061035156,65.83999633789062,64.62000274658203,65.75,74800,VNQ
2006-06-09,29.61374855041504,66.04000091552734,66.19000244140625,65.55999755859375,65.61000061035156,53200,VNQ
2006-06-12,29.259504318237305,65.25,66.25,64.98999786376953,66.25,183600,VNQ
2006-06-13,28.959062576293945,64.58000183105469,65.20999908447266,64.41000366210938,64.69999694824219,72100,VNQ
2006-06-14,28.712421417236328,64.02999877929688,64.68000030517578,63.88999938964844,64.18000030517578,60000,VNQ
2006-06-15,29.313304901123047,65.37000274658203,65.37000274658203,64.3499984741211,64.3499984741211,59500,VNQ
2006-06-16,29.25501251220703,65.23999786376953,65.37999725341797,64.76000213623047,65.12000274658203,62700,VNQ
2006-06-19,29.05323028564453,64.79000091552734,65.6500015258789,64.69000244140625,65.6500015258789,65800,VNQ
2006-06-20,28.90076446533203,64.44999694824219,65.0,64.19999694824219,65.0,42100,VNQ
2006-06-21,29.237077713012695,65.19999694824219,65.25,64.37000274658203,64.44999694824219,127000,VNQ
2006-06-22,29.030799865722656,64.73999786376953,65.19999694824219,64.48999786376953,65.19999694824219,55300,VNQ
2006-06-23,28.81108283996582,64.25,64.87000274658203,64.04000091552734,64.87000274658203,84100,VNQ
2006-06-26,29.11836051940918,64.25,64.29000091552734,63.70000076293945,63.849998474121094,50100,VNQ
2006-06-27,29.086627960205078,64.18000030517578,64.5,63.970001220703125,64.3499984741211,37200,VNQ
2006-06-28,29.17274284362793,64.37000274658203,64.58000183105469,64.11000061035156,64.25,24600,VNQ
2006-06-29,29.820817947387695,65.80000305175781,65.80000305175781,64.62000274658203,65.05000305175781,59700,VNQ
2006-06-30,30.047414779663086,66.30000305175781,66.73999786376953,65.75,66.0999984741211,81800,VNQ
2006-07-03,30.604860305786133,67.52999877929688,67.52999877929688,66.5199966430664,66.72000122070312,894900,VNQ
2006-07-05,30.55499839782715,67.41999816894531,67.5199966430664,66.37000274658203,67.47000122070312,78200,VNQ
2006-07-06,30.627525329589844,67.58000183105469,67.58000183105469,67.08999633789062,67.38999938964844,29800,VNQ
2006-07-07,30.500627517700195,67.30000305175781,67.80999755859375,66.9000015258789,67.62999725341797,51700,VNQ
2006-07-10,30.740819931030273,67.83000183105469,67.88999938964844,67.19999694824219,67.58000183105469,113000,VNQ
2006-07-11,30.790685653686523,67.94000244140625,68.08999633789062,67.41000366210938,67.94999694824219,107100,VNQ
2006-07-12,30.872249603271484,68.12000274658203,68.1500015258789,67.7699966430664,68.1500015258789,111000,VNQ
2006-07-13,30.45529556274414,67.19999694824219,68.06999969482422,67.06999969482422,67.87999725341797,63600,VNQ
2006-07-14,30.038360595703125,66.27999877929688,67.1500015258789,66.27999877929688,66.9000015258789,65300,VNQ
2006-07-17,30.038360595703125,66.27999877929688,66.47000122070312,66.0999984741211,66.44000244140625,42100,VNQ
2006-07-18,30.491546630859375,67.27999877929688,67.33999633789062,66.22000122070312,66.63999938964844,54600,VNQ
2006-07-19,30.962894439697266,68.31999969482422,68.37000274658203,67.33999633789062,67.33999633789062,89000,VNQ
2006-07-20,30.709096908569336,67.76000213623047,68.72000122070312,67.76000213623047,68.72000122070312,48700,VNQ
2006-07-21,30.206043243408203,66.6500015258789,67.58999633789062,66.52999877929688,67.58999633789062,72200,VNQ
2006-07-24,30.704574584960938,67.75,67.75,66.76000213623047,66.91000366210938,59900,VNQ
2006-07-25,30.86318588256836,68.0999984741211,68.22000122070312,67.58999633789062,67.80999755859375,105600,VNQ
2006-07-26,30.97195053100586,68.33999633789062,68.44999694824219,67.97000122070312,68.13999938964844,55900,VNQ
2006-07-27,30.872249603271484,68.12000274658203,68.91999816894531,68.11000061035156,68.69999694824219,52600,VNQ
2006-07-28,31.320926666259766,69.11000061035156,69.13999938964844,68.25,68.25,36900,VNQ
2006-07-31,31.21668815612793,68.87999725341797,69.06999969482422,68.41999816894531,69.0199966430664,50400,VNQ
2006-08-01,31.053518295288086,68.5199966430664,68.66999816894531,67.80999755859375,68.61000061035156,869700,VNQ
2006-08-02,30.994606018066406,68.38999938964844,68.66000366210938,68.27999877929688,68.54000091552734,62800,VNQ
2006-08-03,31.289203643798828,69.04000091552734,69.05999755859375,68.16999816894531,68.16999816894531,36700,VNQ
2006-08-04,31.783185958862305,70.12999725341797,70.16999816894531,69.58000183105469,69.58000183105469,22600,VNQ
2006-08-07,31.470483779907227,69.44000244140625,70.16999816894531,69.27999877929688,70.16999816894531,32500,VNQ
2006-08-08,31.00368881225586,68.41000366210938,69.48999786376953,68.26000213623047,69.48999786376953,60900,VNQ
2006-08-09,30.81332015991211,67.98999786376953,68.8499984741211,67.98999786376953,68.8499984741211,52100,VNQ
2006-08-10,30.835988998413086,68.04000091552734,68.2699966430664,67.33999633789062,68.0999984741211,91500,VNQ
2006-08-11,30.64563751220703,67.62000274658203,68.1500015258789,67.3499984741211,68.1500015258789,38000,VNQ
2006-08-14,30.94022560119629,68.2699966430664,68.83999633789062,67.91000366210938,68.05999755859375,47700,VNQ
2006-08-15,31.293729782104492,69.05000305175781,69.16000366210938,68.8499984741211,68.87000274658203,52200,VNQ
2006-08-16,31.3526611328125,69.18000030517578,69.27999877929688,69.08999633789062,69.27999877929688,43000,VNQ
2006-08-17,31.30731964111328,69.08000183105469,69.38999938964844,68.94999694824219,69.19000244140625,67700,VNQ
2006-08-18,31.447813034057617,69.38999938964844,69.43000030517578,68.9800033569336,69.37999725341797,22700,VNQ
2006-08-21,31.62910270690918,69.79000091552734,69.83000183105469,69.23999786376953,69.33999633789062,49700,VNQ
2006-08-22,31.85116195678711,70.27999877929688,70.33000183105469,69.55000305175781,69.8499984741211,49300,VNQ
2006-08-23,31.606443405151367,69.73999786376953,70.5199966430664,69.54000091552734,70.5199966430664,48400,VNQ
2006-08-24,31.728805541992188,70.01000213623047,70.08999633789062,69.68000030517578,69.79000091552734,22000,VNQ
2006-08-25,31.706138610839844,69.95999908447266,70.19999694824219,69.83999633789062,70.08000183105469,45400,VNQ
2006-08-28,32.082305908203125,70.79000091552734,70.79000091552734,69.93000030517578,70.0999984741211,39000,VNQ
2006-08-29,32.086849212646484,70.80000305175781,70.87000274658203,70.29000091552734,70.87000274658203,40200,VNQ
2006-08-30,32.27717208862305,71.22000122070312,71.33000183105469,70.75,70.9000015258789,65800,VNQ
2006-08-31,32.30437469482422,71.27999877929688,71.63999938964844,69.31999969482422,71.55000305175781,128600,VNQ
2006-09-01,32.118568420410156,70.87000274658203,71.58999633789062,70.87000274658203,71.58999633789062,31200,VNQ
2006-09-05,32.444854736328125,71.58999633789062,71.58999633789062,70.9000015258789,71.13999938964844,62900,VNQ
2006-09-06,32.290771484375,71.25,71.5199966430664,71.18000030517578,71.5,39700,VNQ
2006-09-07,32.027923583984375,70.66999816894531,71.30000305175781,70.58999633789062,71.30000305175781,70000,VNQ
2006-09-08,32.331565856933594,71.33999633789062,71.41999816894531,70.26000213623047,70.68000030517578,46200,VNQ
2006-09-11,32.4358024597168,71.56999969482422,71.63999938964844,70.79000091552734,71.02999877929688,40200,VNQ
2006-09-12,32.85274887084961,72.48999786376953,72.5199966430664,71.44999694824219,71.83000183105469,59900,VNQ
2006-09-13,33.03854751586914,72.9000015258789,73.08999633789062,72.33000183105469,72.6500015258789,50100,VNQ
2006-09-14,32.861820220947266,72.51000213623047,72.69999694824219,72.19000244140625,72.69999694824219,78900,VNQ
2006-09-15,33.124664306640625,73.08999633789062,73.18000030517578,72.58000183105469,72.58000183105469,75500,VNQ
2006-09-18,32.88901138305664,72.56999969482422,73.05000305175781,72.45999908447266,73.05000305175781,56500,VNQ
2006-09-19,33.133731842041016,73.11000061035156,73.13999938964844,72.5,72.5,34900,VNQ
2006-09-20,33.06120681762695,72.94999694824219,73.58999633789062,72.75,73.4000015258789,86800,VNQ
2006-09-21,32.69413375854492,72.13999938964844,73.06999969482422,71.83000183105469,72.8499984741211,114700,VNQ
2006-09-22,32.780235290527344,72.33000183105469,72.55999755859375,71.6500015258789,72.0999984741211,93200,VNQ
2006-09-25,32.82965087890625,71.76000213623047,71.97000122070312,71.22000122070312,71.94999694824219,225200,VNQ
2006-09-26,32.75185775756836,71.58999633789062,71.81999969482422,71.44000244140625,71.80000305175781,45900,VNQ
2006-09-27,33.04008483886719,72.22000122070312,72.30999755859375,71.37000274658203,71.58999633789062,44300,VNQ
2006-09-28,32.97146224975586,72.06999969482422,72.44999694824219,71.75,72.44999694824219,75600,VNQ
2006-09-29,32.93943405151367,72.0,72.37999725341797,71.93000030517578,72.19999694824219,58200,VNQ
2006-10-02,32.87539291381836,71.86000061035156,72.43000030517578,71.30000305175781,72.12999725341797,60700,VNQ
2006-10-03,33.195640563964844,72.55999755859375,72.81999969482422,71.69999694824219,71.69999694824219,74800,VNQ
2006-10-04,33.579933166503906,73.4000015258789,73.43000030517578,72.6500015258789,72.6500015258789,54500,VNQ
2006-10-05,33.7995491027832,73.87999725341797,74.0199966430664,73.4800033569336,73.4800033569336,82000,VNQ
2006-10-06,33.58908462524414,73.41999816894531,74.0,73.19000244140625,74.0,69100,VNQ
2006-10-09,33.78123474121094,73.83999633789062,73.95999908447266,72.77999877929688,73.51000213623047,186100,VNQ
2006-10-10,33.78579330444336,73.8499984741211,74.30999755859375,73.0999984741211,73.75,62400,VNQ
2006-10-11,33.65769958496094,73.56999969482422,74.06999969482422,73.12999725341797,73.55000305175781,88400,VNQ
2006-10-12,33.9642333984375,74.23999786376953,74.23999786376953,73.5999984741211,73.77999877929688,86200,VNQ
2006-10-13,34.35309600830078,75.08999633789062,75.08999633789062,74.23999786376953,74.33000183105469,113800,VNQ
2006-10-16,34.426292419433594,75.25,75.27999877929688,74.95999908447266,75.16999816894531,63400,VNQ
2006-10-17,34.311912536621094,75.0,75.30999755859375,74.88999938964844,75.25,45800,VNQ
2006-10-18,34.485782623291016,75.37999725341797,75.5199966430664,75.0999984741211,75.5,56500,VNQ
2006-10-19,34.40340805053711,75.19999694824219,75.5999984741211,75.05000305175781,75.44999694824219,68300,VNQ
2006-10-20,34.35768127441406,75.0999984741211,75.27999877929688,74.70999908447266,75.06999969482422,44000,VNQ
2006-10-23,34.56354522705078,75.55000305175781,75.55000305175781,74.83000183105469,75.27999877929688,49100,VNQ
2006-10-24,34.385128021240234,75.16000366210938,75.66999816894531,75.0,75.66999816894531,67700,VNQ
2006-10-25,34.558963775634766,75.54000091552734,75.7699966430664,75.12999725341797,75.31999969482422,30500,VNQ
2006-10-26,34.9020881652832,76.29000091552734,76.30999755859375,75.66999816894531,75.98999786376953,77400,VNQ
2006-10-27,34.668758392333984,75.77999877929688,76.2699966430664,75.62000274658203,76.19999694824219,57700,VNQ
2006-10-30,34.86548614501953,76.20999908447266,76.36000061035156,75.54000091552734,75.5999984741211,44700,VNQ
2006-10-31,34.924949645996094,76.33999633789062,76.80000305175781,75.83999633789062,76.80000305175781,106200,VNQ
2006-11-01,34.655033111572266,75.75,76.58000183105469,75.6500015258789,76.5199966430664,80100,VNQ
2006-11-02,33.99625778198242,74.30999755859375,75.58999633789062,73.97000122070312,75.58999633789062,110800,VNQ
2006-11-03,33.621116638183594,73.48999786376953,74.5999984741211,72.91000366210938,74.5999984741211,102300,VNQ
2006-11-06,33.932193756103516,74.16999816894531,74.36000061035156,73.7300033569336,73.9000015258789,448000,VNQ
2006-11-07,33.56163787841797,73.36000061035156,74.19999694824219,73.36000061035156,74.19999694824219,74600,VNQ
2006-11-08,33.67600631713867,73.61000061035156,73.79000091552734,72.69000244140625,73.33000183105469,94800,VNQ
2006-11-09,33.72633743286133,73.72000122070312,73.94999694824219,73.26000213623047,73.70999908447266,86200,VNQ
2006-11-10,33.86356735229492,74.0199966430664,74.08000183105469,73.5,73.7699966430664,49900,VNQ
2006-11-13,33.945926666259766,74.19999694824219,74.33999633789062,73.83000183105469,74.11000061035156,54300,VNQ
2006-11-14,34.3759651184082,75.13999938964844,75.23999786376953,74.3499984741211,74.55000305175781,72400,VNQ
2006-11-15,34.41714096069336,75.2300033569336,75.44999694824219,75.0,75.25,89000,VNQ
2006-11-16,34.65046691894531,75.73999786376953,75.77999877929688,75.37000274658203,75.69999694824219,102300,VNQ
2006-11-17,34.51780319213867,75.44999694824219,75.75,75.25,75.75,54500,VNQ
2006-11-20,35.71182632446289,78.05999755859375,78.37000274658203,76.48999786376953,76.48999786376953,162200,VNQ
2006-11-21,36.288291931152344,79.31999969482422,79.37000274658203,78.1500015258789,78.1500015258789,249300,VNQ
2006-11-22,36.448402404785156,79.66999816894531,79.83000183105469,79.02999877929688,79.55000305175781,108800,VNQ
2006-11-24,36.60395431518555,80.01000213623047,80.01000213623047,79.30000305175781,79.44999694824219,57600,VNQ
2006-11-27,35.61577606201172,77.8499984741211,80.19999694824219,77.83000183105469,80.19999694824219,127700,VNQ
2006-11-28,35.71182632446289,78.05999755859375,78.0999984741211,77.2699966430664,78.0,85500,VNQ
2006-11-29,36.215091705322266,79.16000366210938,79.25,78.41999816894531,78.5,136400,VNQ
2006-11-30,36.59481430053711,79.98999786376953,80.19999694824219,79.04000091552734,79.52999877929688,44000,VNQ
2006-12-01,36.52618408203125,79.83999633789062,80.30000305175781,79.20999908447266,80.19999694824219,136500,VNQ
2006-12-04,36.9516487121582,80.7699966430664,80.94999694824219,79.5,79.5,62500,VNQ
2006-12-05,36.66801071166992,80.1500015258789,81.1500015258789,80.08999633789062,81.1500015258789,62700,VNQ
2006-12-06,36.462135314941406,79.69999694824219,80.30000305175781,79.05999755859375,80.30000305175781,85900,VNQ
2006-12-07,36.23796844482422,79.20999908447266,80.0999984741211,79.19999694824219,80.0999984741211,85300,VNQ
2006-12-08,36.35690689086914,79.47000122070312,79.61000061035156,79.0,79.44000244140625,72600,VNQ
2006-12-11,36.439273834228516,79.6500015258789,79.8499984741211,79.18000030517578,79.5999984741211,75800,VNQ
2006-12-12,36.27456283569336,79.29000091552734,79.9800033569336,79.0999984741211,79.94999694824219,45900,VNQ
2006-12-13,36.086997985839844,78.87999725341797,79.9000015258789,78.45999908447266,79.9000015258789,62400,VNQ
2006-12-14,36.114437103271484,78.94000244140625,79.38999938964844,78.6500015258789,78.6500015258789,55500,VNQ
2006-12-15,35.844520568847656,78.3499984741211,79.30000305175781,78.30999755859375,79.22000122070312,134700,VNQ
2006-12-18,35.62035369873047,77.86000061035156,78.79000091552734,77.83999633789062,78.48999786376953,101100,VNQ
2006-12-19,35.31840515136719,77.19999694824219,77.69999694824219,76.62000274658203,77.5999984741211,195900,VNQ
2006-12-20,35.68898010253906,78.01000213623047,78.16000366210938,77.20999908447266,77.20999908447266,219600,VNQ
2006-12-21,35.39618682861328,77.37000274658203,78.1500015258789,77.16999816894531,77.69999694824219,355700,VNQ
2006-12-22,35.08547592163086,75.20999908447266,75.94999694824219,74.97000122070312,75.91999816894531,364700,VNQ
2006-12-26,35.337398529052734,75.75,76.06999969482422,75.30000305175781,75.30000305175781,94400,VNQ
2006-12-27,35.654624938964844,76.43000030517578,76.54000091552734,75.80000305175781,75.80000305175781,58800,VNQ
2006-12-28,35.752593994140625,76.63999938964844,76.94999694824219,76.2699966430664,76.75,95300,VNQ
2006-12-29,35.920509338378906,77.0,77.37999725341797,76.72000122070312,76.9000015258789,358400,VNQ
2007-01-03,35.976505279541016,77.12000274658203,77.70999908447266,76.4000015258789,77.33999633789062,525700,VNQ
2007-01-04,36.02316665649414,77.22000122070312,77.26000213623047,76.62999725341797,77.2300033569336,166100,VNQ
2007-01-05,35.35606384277344,75.79000091552734,77.0999984741211,75.75,77.0999984741211,143700,VNQ
2007-01-08,35.407379150390625,75.9000015258789,76.0,75.43000030517578,76.0,87000,VNQ
2007-01-09,35.85520935058594,76.86000061035156,76.95999908447266,75.7300033569336,75.7300033569336,136300,VNQ
2007-01-10,36.31705856323242,77.8499984741211,77.9000015258789,76.55000305175781,76.72000122070312,138600,VNQ
2007-01-11,36.788211822509766,78.86000061035156,79.33000183105469,78.0999984741211,78.0999984741211,186800,VNQ
2007-01-12,36.904842376708984,79.11000061035156,79.27999877929688,78.80999755859375,78.94999694824219,185900,VNQ
2007-01-16,37.427330017089844,80.2300033569336,80.33999633789062,79.29000091552734,79.75,161800,VNQ
2007-01-17,37.41331481933594,80.19999694824219,80.5,79.31999969482422,80.23999786376953,120000,VNQ
2007-01-18,37.3666877746582,80.0999984741211,80.48999786376953,79.80999755859375,80.25,85200,VNQ
2007-01-19,37.7398796081543,80.9000015258789,80.9000015258789,79.61000061035156,79.94000244140625,81800,VNQ
2007-01-22,37.422664642333984,80.22000122070312,80.94999694824219,80.08999633789062,80.94999694824219,76000,VNQ
2007-01-23,37.59992599487305,80.5999984741211,80.91999816894531,80.2699966430664,80.36000061035156,114300,VNQ
2007-01-24,38.08976364135742,81.6500015258789,81.6500015258789,80.5999984741211,80.69999694824219,97500,VNQ
2007-01-25,38.3230094909668,82.1500015258789,82.75,81.87999725341797,82.16000366210938,174500,VNQ
2007-01-26,38.448970794677734,82.41999816894531,82.47000122070312,81.69999694824219,82.44999694824219,117000,VNQ
2007-01-29,38.57491683959961,82.69000244140625,82.80000305175781,82.19000244140625,82.5999984741211,145600,VNQ
2007-01-30,38.766170501708984,83.0999984741211,83.0999984741211,82.25,82.81999969482422,87400,VNQ
2007-01-31,39.074073791503906,83.76000213623047,83.94000244140625,82.66000366210938,83.19999694824219,139800,VNQ
2007-02-01,39.2280158996582,84.08999633789062,84.11000061035156,83.13999938964844,83.83000183105469,885600,VNQ
2007-02-02,39.297977447509766,84.23999786376953,84.23999786376953,83.68000030517578,84.13999938964844,130900,VNQ
2007-02-05,39.297977447509766,84.23999786376953,84.41000366210938,84.1500015258789,84.4000015258789,168400,VNQ
2007-02-06,39.8764533996582,85.4800033569336,85.4800033569336,84.62000274658203,84.75,139400,VNQ
2007-02-07,40.711490631103516,87.2699966430664,87.2699966430664,85.05000305175781,85.52999877929688,254600,VNQ
2007-02-08,40.39891052246094,86.5999984741211,87.44000244140625,86.44999694824219,86.88999938964844,172600,VNQ
2007-02-09,39.93242645263672,85.5999984741211,86.87999725341797,83.7300033569336,86.75,285800,VNQ
2007-02-12,39.2093620300293,84.05000305175781,85.5999984741211,83.70999908447266,85.5999984741211,274400,VNQ
2007-02-13,39.96974182128906,85.68000030517578,85.68000030517578,83.37999725341797,83.8499984741211,199300,VNQ
2007-02-14,39.6851806640625,85.06999969482422,85.97000122070312,84.79000091552734,85.80000305175781,291800,VNQ
2007-02-15,39.979087829589844,85.69999694824219,86.08999633789062,84.91999816894531,85.25,175700,VNQ
2007-02-16,39.8764533996582,85.4800033569336,85.6500015258789,84.4000015258789,85.54000091552734,130500,VNQ
2007-02-20,40.18435287475586,86.13999938964844,86.27999877929688,84.51000213623047,85.33999633789062,106900,VNQ
2007-02-21,40.053714752197266,85.86000061035156,85.94000244140625,85.1500015258789,85.94000244140625,129900,VNQ
2007-02-22,39.83913803100586,85.4000015258789,85.94999694824219,85.08000183105469,85.94999694824219,96900,VNQ
2007-02-23,39.14405059814453,83.91000366210938,85.30999755859375,83.80000305175781,85.25,166700,VNQ
2007-02-26,38.94810104370117,83.48999786376953,84.30000305175781,82.05999755859375,84.05999755859375,230500,VNQ
2007-02-27,37.7398796081543,80.9000015258789,82.54000091552734,80.08000183105469,82.13999938964844,302000,VNQ
2007-02-28,38.019775390625,81.5,82.23999786376953,80.87999725341797,80.91000366210938,949600,VNQ
2007-03-01,37.63724899291992,80.68000030517578,81.80000305175781,78.0,80.4000015258789,332600,VNQ
2007-03-02,37.040138244628906,79.4000015258789,80.62000274658203,79.2300033569336,80.27999877929688,251600,VNQ
2007-03-05,35.5986328125,76.30999755859375,78.51000213623047,76.30000305175781,78.44000244140625,300100,VNQ
2007-03-06,36.904842376708984,79.11000061035156,79.27999877929688,77.0999984741211,77.0999984741211,163300,VNQ
2007-03-07,36.387027740478516,78.0,79.16000366210938,77.88999938964844,78.68000030517578,95000,VNQ
2007-03-08,36.97016525268555,79.25,79.80999755859375,78.0999984741211,78.0999984741211,137100,VNQ
2007-03-09,37.45997619628906,80.30000305175781,80.36000061035156,79.56999969482422,80.19999694824219,132200,VNQ
2007-03-12,37.646583557128906,80.69999694824219,80.97000122070312,79.7300033569336,80.29000091552734,103800,VNQ
2007-03-13,36.760223388671875,78.80000305175781,80.69999694824219,78.5199966430664,80.5,129500,VNQ
2007-03-14,36.937503814697266,79.18000030517578,79.27999877929688,77.5,78.4000015258789,111900,VNQ
2007-03-15,37.26872634887695,79.88999938964844,79.9000015258789,79.31999969482422,79.47000122070312,118300,VNQ
2007-03-16,36.853515625,79.0,79.87999725341797,78.94000244140625,79.87999725341797,131400,VNQ
2007-03-19,37.22206115722656,79.79000091552734,80.12999725341797,79.33999633789062,79.75,140300,VNQ
2007-03-20,37.371341705322266,80.11000061035156,80.2699966430664,79.38999938964844,79.80000305175781,67800,VNQ
2007-03-21,37.82386016845703,81.08000183105469,81.29000091552734,79.5,79.94999694824219,82300,VNQ
2007-03-22,37.86117172241211,81.16000366210938,81.4000015258789,80.62000274658203,81.08999633789062,178900,VNQ
2007-03-23,37.884498596191406,81.20999908447266,81.68000030517578,81.05000305175781,81.25,222000,VNQ
2007-03-26,37.2778205871582,79.44999694824219,80.80999755859375,79.19999694824219,80.79000091552734,469400,VNQ
2007-03-27,36.88840103149414,78.62000274658203,79.2300033569336,78.25,79.08000183105469,103300,VNQ
2007-03-28,36.6444091796875,78.0999984741211,78.80999755859375,77.37999725341797,78.1500015258789,104800,VNQ
2007-03-29,36.705406188964844,78.2300033569336,78.81999969482422,77.7699966430664,78.80000305175781,115900,VNQ
2007-03-30,37.23088836669922,79.3499984741211,79.3499984741211,78.05000305175781,78.05000305175781,231300,VNQ
2007-04-02,37.46550750732422,79.8499984741211,79.94999694824219,78.9000015258789,79.30000305175781,151100,VNQ
2007-04-03,37.7939453125,80.55000305175781,80.79000091552734,80.08999633789062,80.33000183105469,186400,VNQ
2007-04-04,37.60626220703125,80.1500015258789,80.55000305175781,79.6500015258789,80.55000305175781,88500,VNQ
2007-04-05,37.56873321533203,80.06999969482422,80.36000061035156,80.0,80.0,66900,VNQ
2007-04-09,37.63911819458008,80.22000122070312,80.3499984741211,80.0,80.0999984741211,97800,VNQ
2007-04-10,37.7939453125,80.55000305175781,80.86000061035156,79.93000030517578,79.93000030517578,82500,VNQ
2007-04-11,37.23088836669922,79.3499984741211,80.58000183105469,78.97000122070312,80.58000183105469,137800,VNQ
2007-04-12,36.97752380371094,78.80999755859375,79.19000244140625,78.4800033569336,79.19000244140625,71600,VNQ
2007-04-13,37.39510726928711,79.69999694824219,79.69999694824219,78.44999694824219,78.69999694824219,82700,VNQ
2007-04-16,37.44203567504883,79.80000305175781,79.98999786376953,79.37000274658203,79.9000015258789,160900,VNQ
2007-04-17,37.93000030517578,80.83999633789062,80.87999725341797,79.77999877929688,79.77999877929688,95200,VNQ
2007-04-18,37.69541549682617,80.33999633789062,80.72000122070312,80.25,80.38999938964844,75300,VNQ
2007-04-19,37.44203567504883,79.80000305175781,80.02999877929688,79.41999816894531,79.68000030517578,66700,VNQ
2007-04-20,37.723567962646484,80.4000015258789,80.44999694824219,80.0199966430664,80.19999694824219,139200,VNQ
2007-04-23,38.14582824707031,81.30000305175781,81.41999816894531,80.19999694824219,80.4000015258789,182400,VNQ
2007-04-24,37.88777542114258,80.75,81.75,80.27999877929688,81.75,74800,VNQ
2007-04-25,37.864322662353516,80.69999694824219,81.30999755859375,79.93000030517578,80.93000030517578,152000,VNQ
2007-04-26,37.88777542114258,80.75,80.98999786376953,80.25,80.88999938964844,57800,VNQ
2007-04-27,37.7939453125,80.55000305175781,80.75,80.2300033569336,80.4000015258789,56500,VNQ
2007-04-30,37.18398666381836,79.25,80.68000030517578,79.12000274658203,80.68000030517578,152300,VNQ
2007-05-01,36.86024475097656,78.55999755859375,79.5,77.79000091552734,79.5,171500,VNQ
2007-05-02,37.1511344909668,79.18000030517578,79.2699966430664,78.1500015258789,78.1500015258789,90800,VNQ
2007-05-03,37.24966812133789,79.38999938964844,79.61000061035156,79.05000305175781,79.4800033569336,48800,VNQ
2007-05-04,36.92592239379883,78.69999694824219,79.3499984741211,78.33000183105469,79.30999755859375,87500,VNQ
2007-05-07,37.029151916503906,78.91999816894531,79.08000183105469,78.30000305175781,78.63999938964844,164000,VNQ
2007-05-08,36.78516387939453,78.4000015258789,78.6500015258789,78.23999786376953,78.33999633789062,81900,VNQ
2007-05-09,37.18398666381836,79.25,79.58999633789062,78.13999938964844,78.13999938964844,76800,VNQ
2007-05-10,36.686641693115234,78.19000244140625,79.04000091552734,78.0199966430664,79.04000091552734,103300,VNQ
2007-05-11,37.18398666381836,79.25,79.25,78.33000183105469,78.3499984741211,65600,VNQ
2007-05-14,36.972835540771484,78.80000305175781,79.47000122070312,78.58999633789062,79.18000030517578,82500,VNQ
2007-05-15,36.40980911254883,77.5999984741211,79.11000061035156,77.36000061035156,78.9000015258789,422900,VNQ
2007-05-16,35.959381103515625,76.63999938964844,77.72000122070312,76.19999694824219,77.45999908447266,136700,VNQ
2007-05-17,35.3353385925293,75.30999755859375,76.16000366210938,75.06999969482422,76.04000091552734,154700,VNQ
2007-05-18,34.9787483215332,74.55000305175781,75.30999755859375,74.01000213623047,75.12999725341797,373200,VNQ
2007-05-21,35.1195068359375,74.8499984741211,75.79000091552734,74.1500015258789,74.38999938964844,597400,VNQ
2007-05-22,35.640316009521484,75.95999908447266,76.33999633789062,74.94000244140625,75.0999984741211,179700,VNQ
2007-05-23,35.36819076538086,75.37999725341797,76.69999694824219,75.18000030517578,76.0,193000,VNQ
2007-05-24,34.77700424194336,74.12000274658203,75.2300033569336,73.19999694824219,75.02999877929688,208700,VNQ
2007-05-25,34.97406768798828,74.54000091552734,75.44999694824219,74.12999725341797,74.4800033569336,158400,VNQ
2007-05-29,36.22211837768555,77.19999694824219,77.81999969482422,75.0,75.4000015258789,164500,VNQ
2007-05-30,37.193355560302734,79.2699966430664,79.2699966430664,76.8499984741211,76.8499984741211,574700,VNQ
2007-05-31,37.043216705322266,78.94999694824219,79.83000183105469,78.43000030517578,79.56999969482422,198100,VNQ
2007-06-01,37.09483337402344,79.05999755859375,79.48999786376953,78.5,79.23999786376953,128100,VNQ
2007-06-04,37.24497604370117,79.37999725341797,79.75,78.5999984741211,78.80000305175781,222700,VNQ
2007-06-05,36.65378189086914,78.12000274658203,79.11000061035156,78.0,79.0999984741211,126300,VNQ
2007-06-06,36.405120849609375,77.58999633789062,78.11000061035156,77.16000366210938,77.75,74000,VNQ
2007-06-07,35.26026153564453,75.1500015258789,77.05999755859375,74.97000122070312,76.91999816894531,206300,VNQ
2007-06-08,35.682552337646484,76.05000305175781,76.18000030517578,74.69999694824219,75.05000305175781,160900,VNQ
2007-06-11,35.147666931152344,74.91000366210938,75.7699966430664,74.86000061035156,75.7699966430664,172200,VNQ
2007-06-12,34.5377082824707,73.61000061035156,74.83000183105469,73.54000091552734,74.83000183105469,273900,VNQ
2007-06-13,35.30249786376953,75.23999786376953,75.36000061035156,73.94999694824219,74.12999725341797,105100,VNQ
2007-06-14,34.92245101928711,74.43000030517578,75.44999694824219,74.30000305175781,75.44999694824219,71600,VNQ
2007-06-15,35.30718231201172,75.25,75.73999786376953,75.02999877929688,75.12000274658203,178100,VNQ
2007-06-18,34.7629280090332,74.08999633789062,75.19999694824219,74.04000091552734,75.1500015258789,154200,VNQ
2007-06-19,34.828609466552734,74.2300033569336,74.29000091552734,73.31999969482422,73.6500015258789,175900,VNQ
2007-06-20,33.782283782958984,72.0,74.2699966430664,72.0,74.2300033569336,73500,VNQ
2007-06-21,33.96995544433594,72.4000015258789,72.58000183105469,71.25,72.25,346500,VNQ
2007-06-22,33.843284606933594,72.12999725341797,72.31999969482422,71.55999755859375,72.19999694824219,110800,VNQ
2007-06-25,33.28841018676758,70.06999969482422,71.33999633789062,69.8499984741211,71.02999877929688,381600,VNQ
2007-06-26,33.16014099121094,69.80000305175781,70.55999755859375,69.5999984741211,70.2300033569336,210800,VNQ
2007-06-27,34.010501861572266,71.58999633789062,71.81999969482422,69.13999938964844,69.41000366210938,196400,VNQ
2007-06-28,33.83474349975586,71.22000122070312,72.25,71.18000030517578,71.55999755859375,117100,VNQ
2007-06-29,33.70647048950195,70.94999694824219,72.22000122070312,70.37000274658203,71.23999786376953,195300,VNQ
2007-07-02,34.48557662963867,72.58999633789062,72.68000030517578,71.06999969482422,71.20999908447266,217100,VNQ
2007-07-03,34.39057159423828,72.38999938964844,72.94000244140625,72.18000030517578,72.66000366210938,92000,VNQ
2007-07-05,34.90842056274414,73.4800033569336,74.30999755859375,72.98999786376953,72.98999786376953,129100,VNQ
2007-07-06,34.86565399169922,73.38999938964844,73.86000061035156,72.83000183105469,73.61000061035156,110800,VNQ
2007-07-09,34.84189987182617,73.33999633789062,73.51000213623047,72.8499984741211,73.51000213623047,64600,VNQ
2007-07-10,33.9582633972168,71.4800033569336,72.86000061035156,71.38999938964844,72.77999877929688,119300,VNQ
2007-07-11,33.891754150390625,71.33999633789062,71.58000183105469,70.58000183105469,71.30000305175781,138700,VNQ
2007-07-12,34.32881164550781,72.26000213623047,72.26000213623047,71.25,71.5,92000,VNQ
2007-07-13,34.656593322753906,72.94999694824219,73.04000091552734,71.94000244140625,71.95999908447266,107200,VNQ
2007-07-16,34.36681365966797,72.33999633789062,73.86000061035156,72.33999633789062,72.91000366210938,88200,VNQ
2007-07-17,34.2432861328125,72.08000183105469,72.86000061035156,72.02999877929688,72.5999984741211,123700,VNQ
2007-07-18,34.167266845703125,71.91999816894531,71.93000030517578,70.69000244140625,71.8499984741211,136500,VNQ
2007-07-19,34.295555114746094,72.19000244140625,72.58999633789062,72.0999984741211,72.12000274658203,76900,VNQ
2007-07-20,33.696964263916016,70.93000030517578,72.08000183105469,70.5,72.0,157100,VNQ
2007-07-23,33.11262512207031,69.69999694824219,71.19999694824219,69.69999694824219,71.19999694824219,134300,VNQ
2007-07-24,32.442771911621094,68.29000091552734,69.86000061035156,68.02999877929688,69.23999786376953,128900,VNQ
2007-07-25,32.091209411621094,67.55000305175781,69.2699966430664,67.08999633789062,68.80000305175781,262800,VNQ
2007-07-26,31.502113342285156,66.30999755859375,67.62999725341797,65.31999969482422,67.62999725341797,317500,VNQ
2007-07-27,30.45696449279785,64.11000061035156,67.0,64.11000061035156,66.19999694824219,252000,VNQ
2007-07-30,31.046062469482422,65.3499984741211,65.62999725341797,64.2300033569336,64.95999908447266,197200,VNQ
2007-07-31,30.92253303527832,65.08999633789062,67.04000091552734,65.01000213623047,66.0999984741211,552700,VNQ
2007-08-01,31.33110237121582,65.94999694824219,66.16000366210938,63.70000076293945,65.01000213623047,202500,VNQ
2007-08-02,31.848922729492188,67.04000091552734,67.0999984741211,66.04000091552734,66.54000091552734,545600,VNQ
2007-08-03,30.618488311767578,64.44999694824219,66.73999786376953,64.44999694824219,66.69000244140625,169300,VNQ
2007-08-06,31.687406539916992,66.69999694824219,66.69999694824219,63.54999923706055,65.25,333300,VNQ
2007-08-07,31.86318588256836,67.06999969482422,67.66000366210938,65.37000274658203,65.94000244140625,233700,VNQ
2007-08-08,33.12211227416992,69.72000122070312,69.88999938964844,67.19000244140625,67.48999786376953,293500,VNQ
2007-08-09,32.75632095336914,68.94999694824219,70.12999725341797,65.80999755859375,68.37000274658203,453700,VNQ
2007-08-10,31.76816177368164,66.87000274658203,68.93000030517578,66.83999633789062,67.58000183105469,193700,VNQ
2007-08-13,31.616134643554688,66.55000305175781,67.7300033569336,66.55000305175781,66.75,178000,VNQ
2007-08-14,30.708763122558594,64.63999938964844,66.5999984741211,64.55000305175781,66.5999984741211,440600,VNQ
2007-08-15,30.19092559814453,63.54999923706055,66.33999633789062,63.54999923706055,64.36000061035156,629200,VNQ
2007-08-16,31.40235710144043,66.0999984741211,66.0999984741211,63.02000045776367,63.38999938964844,472100,VNQ
2007-08-17,32.1149787902832,67.5999984741211,69.44999694824219,66.5199966430664,67.7699966430664,517700,VNQ
2007-08-20,32.70405578613281,68.83999633789062,68.94999694824219,67.25,67.5,367800,VNQ
2007-08-21,32.85609817504883,69.16000366210938,69.54000091552734,68.26000213623047,68.43000030517578,250600,VNQ
2007-08-22,33.25514602661133,70.0,70.44000244140625,69.19000244140625,70.0,274700,VNQ
2007-08-23,32.68505096435547,68.80000305175781,70.16999816894531,68.72000122070312,70.0,277300,VNQ
2007-08-24,32.8608283996582,69.16999816894531,69.30000305175781,68.25,69.12000274658203,240900,VNQ
2007-08-27,32.1482048034668,67.66999816894531,68.9000015258789,67.66999816894531,68.77999877929688,205100,VNQ
2007-08-28,31.164819717407227,65.5999984741211,67.4800033569336,65.5999984741211,67.4800033569336,195400,VNQ
2007-08-29,32.30500030517578,68.0,68.0,66.01000213623047,66.01000213623047,239200,VNQ
2007-08-30,32.47127151489258,68.3499984741211,68.41999816894531,66.44000244140625,66.44000244140625,269100,VNQ
2007-08-31,33.008113861083984,69.4800033569336,70.27999877929688,68.66000366210938,69.04000091552734,1092000,VNQ
2007-09-04,33.445167541503906,70.4000015258789,71.0,69.27999877929688,69.51000213623047,359600,VNQ
2007-09-05,32.642303466796875,68.70999908447266,69.87000274658203,68.66999816894531,69.69999694824219,255600,VNQ
2007-09-06,32.93208694458008,69.31999969482422,69.43000030517578,68.33000183105469,69.13999938964844,181800,VNQ
2007-09-07,32.138729095458984,67.6500015258789,68.45999908447266,67.55999755859375,68.12000274658203,330200,VNQ
2007-09-10,31.80617332458496,66.94999694824219,68.30000305175781,66.56999969482422,68.05000305175781,188200,VNQ
2007-09-11,32.466514587402344,68.33999633789062,68.33999633789062,67.5,67.51000213623047,369400,VNQ
2007-09-12,32.2765007019043,67.94000244140625,68.63999938964844,67.80000305175781,68.02999877929688,107200,VNQ
2007-09-13,33.003353118896484,69.47000122070312,69.80000305175781,68.3499984741211,68.47000122070312,133700,VNQ
2007-09-14,33.217132568359375,69.91999816894531,69.91999816894531,68.36000061035156,68.75,427500,VNQ
2007-09-17,32.97484588623047,69.41000366210938,69.83999633789062,69.0,69.61000061035156,107500,VNQ
2007-09-18,34.148277282714844,71.87999725341797,71.87999725341797,69.54000091552734,69.80999755859375,154600,VNQ
2007-09-19,34.78964614868164,73.2300033569336,73.44999694824219,72.05000305175781,72.05000305175781,200400,VNQ
2007-09-20,33.886985778808594,71.33000183105469,72.7699966430664,71.33000183105469,72.7699966430664,498400,VNQ
2007-09-21,34.1292724609375,71.83999633789062,72.19999694824219,71.68000030517578,71.95999908447266,82600,VNQ
2007-09-24,34.77631759643555,72.44999694824219,72.44999694824219,71.23999786376953,71.4000015258789,131500,VNQ
2007-09-25,33.91231155395508,70.6500015258789,71.62000274658203,70.6500015258789,71.62000274658203,380800,VNQ
2007-09-26,34.40671920776367,71.68000030517578,71.68000030517578,70.8499984741211,71.29000091552734,155900,VNQ
2007-09-27,34.67072296142578,72.2300033569336,72.2300033569336,71.63999938964844,72.02999877929688,141200,VNQ
2007-09-28,34.30113220214844,71.45999908447266,71.97000122070312,71.30000305175781,71.97000122070312,174800,VNQ
2007-10-01,35.136322021484375,73.19999694824219,73.19999694824219,72.08999633789062,72.0999984741211,884900,VNQ
2007-10-02,35.77473068237305,74.52999877929688,74.52999877929688,73.4000015258789,73.54000091552734,205200,VNQ
2007-10-03,35.601932525634766,74.16999816894531,74.4800033569336,73.76000213623047,74.19000244140625,168300,VNQ
2007-10-04,35.96674346923828,74.93000030517578,74.93000030517578,73.75,74.41000366210938,136300,VNQ
2007-10-05,36.8115348815918,76.69000244140625,76.69000244140625,74.69999694824219,75.23999786376953,266300,VNQ
2007-10-08,36.11553955078125,75.23999786376953,75.73999786376953,75.19000244140625,75.4800033569336,140900,VNQ
2007-10-09,36.51873779296875,76.08000183105469,76.08000183105469,74.63999938964844,75.44999694824219,159300,VNQ
2007-10-10,36.264347076416016,75.55000305175781,76.18000030517578,75.23999786376953,76.08000183105469,187600,VNQ
2007-10-11,36.120338439941406,75.25,76.4800033569336,75.05999755859375,76.37000274658203,111800,VNQ
2007-10-12,35.7795295715332,74.54000091552734,75.68000030517578,74.54000091552734,75.5,129500,VNQ
2007-10-15,35.10752868652344,73.13999938964844,74.83999633789062,72.97000122070312,74.5999984741211,205100,VNQ
2007-10-16,34.68031311035156,72.25,73.04000091552734,72.04000091552734,72.88999938964844,205800,VNQ
2007-10-17,34.62751388549805,72.13999938964844,74.12000274658203,70.55000305175781,72.83999633789062,263900,VNQ
2007-10-18,34.63713455200195,72.16000366210938,72.88999938964844,70.81999969482422,71.58000183105469,134000,VNQ
2007-10-19,33.163509368896484,69.08999633789062,71.72000122070312,69.08999633789062,71.72000122070312,184500,VNQ
2007-10-22,34.03231430053711,70.9000015258789,70.9000015258789,68.76000213623047,69.08999633789062,246600,VNQ
2007-10-23,34.39231491088867,71.6500015258789,71.6500015258789,70.37000274658203,71.44999694824219,185500,VNQ
2007-10-24,33.816322326660156,70.44999694824219,71.0999984741211,69.36000061035156,71.0999984741211,370600,VNQ
2007-10-25,33.88831329345703,70.5999984741211,71.55999755859375,69.94999694824219,71.33999633789062,310000,VNQ
2007-10-26,34.401920318603516,71.66999816894531,72.06999969482422,70.43000030517578,71.55999755859375,144600,VNQ
2007-10-29,33.840328216552734,70.5,71.80999755859375,70.5,71.63999938964844,133200,VNQ
2007-10-30,34.305912017822266,71.47000122070312,71.87000274658203,70.87999725341797,70.87999725341797,178600,VNQ
2007-10-31,35.02113342285156,72.95999908447266,72.95999908447266,70.77999877929688,71.91999816894531,263600,VNQ
2007-11-01,33.38430404663086,69.55000305175781,71.31999969482422,69.55000305175781,71.16000366210938,278700,VNQ
2007-11-02,32.90910339355469,68.55999755859375,69.93000030517578,67.5999984741211,69.93000030517578,306500,VNQ
2007-11-05,32.43389892578125,67.56999969482422,68.44999694824219,67.25,67.5,309000,VNQ
2007-11-06,32.84191131591797,68.41999816894531,68.41999816894531,66.91999816894531,67.20999908447266,212600,VNQ
2007-11-07,31.81949806213379,66.29000091552734,67.9000015258789,66.08999633789062,66.9800033569336,495200,VNQ
2007-11-08,31.915489196777344,66.48999786376953,67.08000183105469,65.37999725341797,66.63999938964844,294100,VNQ
2007-11-09,31.65629005432129,65.94999694824219,67.01000213623047,65.5,65.7699966430664,247200,VNQ
2007-11-12,32.021095275878906,66.70999908447266,67.69000244140625,65.87999725341797,66.08999633789062,277800,VNQ
2007-11-13,33.081912994384766,68.91999816894531,68.91999816894531,66.69999694824219,66.69999694824219,175900,VNQ
2007-11-14,32.409912109375,67.5199966430664,70.0199966430664,67.5199966430664,70.0199966430664,311500,VNQ
2007-11-15,32.35231399536133,67.4000015258789,68.04000091552734,66.5,67.72000122070312,342800,VNQ
2007-11-16,31.74750328063965,66.13999938964844,68.2300033569336,65.80999755859375,68.19000244140625,361500,VNQ
2007-11-19,31.056285858154297,64.69999694824219,66.0,64.69999694824219,66.0,316900,VNQ
2007-11-20,30.45628547668457,63.45000076293945,65.97000122070312,62.400001525878906,65.4000015258789,482500,VNQ
2007-11-21,30.24508285522461,63.0099983215332,63.779998779296875,62.290000915527344,62.77000045776367,339000,VNQ
2007-11-23,30.840303421020508,64.25,64.94000244140625,63.66999816894531,64.27999877929688,164500,VNQ
2007-11-26,29.361879348754883,61.16999816894531,64.94999694824219,61.16999816894531,64.94999694824219,221400,VNQ
2007-11-27,30.048280715942383,62.599998474121094,62.630001068115234,61.099998474121094,62.13999938964844,291100,VNQ
2007-11-28,31.36829948425293,65.3499984741211,65.3499984741211,63.4900016784668,63.4900016784668,302100,VNQ
2007-11-29,30.864282608032227,64.30000305175781,65.41000366210938,63.86000061035156,65.30000305175781,152400,VNQ
2007-11-30,31.704299926757812,66.05000305175781,66.94000244140625,65.23999786376953,65.69999694824219,275600,VNQ
2007-12-03,31.363487243652344,65.33999633789062,66.26000213623047,64.76000213623047,66.26000213623047,423300,VNQ
2007-12-04,30.518693923950195,63.58000183105469,65.33999633789062,63.58000183105469,65.33999633789062,299200,VNQ
2007-12-05,31.545886993408203,65.72000122070312,65.75,64.30999755859375,64.87000274658203,223800,VNQ
2007-12-06,32.54911422729492,67.80999755859375,67.94999694824219,65.58999633789062,65.72000122070312,180600,VNQ
2007-12-07,32.43389892578125,67.56999969482422,68.62000274658203,67.5,68.0,264100,VNQ
2007-12-10,33.129913330078125,69.0199966430664,69.0199966430664,67.26000213623047,67.61000061035156,248200,VNQ
2007-12-11,31.382699966430664,65.37999725341797,69.66999816894531,65.33000183105469,69.30000305175781,280600,VNQ
2007-12-12,31.2770938873291,65.16000366210938,67.62000274658203,64.54000091552734,67.61000061035156,416500,VNQ
2007-12-13,30.921886444091797,64.41999816894531,65.0999984741211,63.529998779296875,64.94999694824219,318400,VNQ
2007-12-14,30.1442813873291,62.79999923706055,65.0199966430664,62.66999816894531,63.18000030517578,922900,VNQ
2007-12-17,29.213075637817383,60.86000061035156,62.2400016784668,60.86000061035156,62.220001220703125,509100,VNQ
2007-12-18,29.664281845092773,61.79999923706055,62.25,60.0099983215332,61.869998931884766,494100,VNQ
2007-12-19,29.966686248779297,62.43000030517578,62.43000030517578,61.38999938964844,61.939998626708984,370500,VNQ
2007-12-20,29.841768264770508,61.15999984741211,62.08000183105469,60.56999969482422,62.08000183105469,998500,VNQ
2007-12-21,30.427282333374023,62.36000061035156,62.36000061035156,61.41999816894531,61.41999816894531,374200,VNQ
2007-12-24,31.412906646728516,64.37999725341797,64.55000305175781,62.369998931884766,62.369998931884766,121700,VNQ
2007-12-26,30.89082145690918,63.310001373291016,63.970001220703125,63.04999923706055,63.849998474121094,371900,VNQ
2007-12-27,30.276031494140625,62.04999923706055,63.20000076293945,61.68000030517578,62.91999816894531,353800,VNQ
2007-12-28,29.74418830871582,60.959999084472656,62.5,60.58000183105469,62.040000915527344,395000,VNQ
2007-12-31,29.9881591796875,61.459999084472656,61.72999954223633,60.529998779296875,61.31999969482422,335800,VNQ
2008-01-02,29.895437240600586,61.27000045776367,62.02000045776367,60.400001525878906,61.459999084472656,5341700,VNQ
2008-01-03,28.963497161865234,59.36000061035156,62.220001220703125,59.02000045776367,62.220001220703125,259300,VNQ
2008-01-04,27.787599563598633,56.95000076293945,59.41999816894531,56.86000061035156,59.41999816894531,382300,VNQ
2008-01-07,28.04619026184082,57.47999954223633,57.86000061035156,55.97999954223633,57.029998779296875,668600,VNQ
2008-01-08,27.075218200683594,55.4900016784668,59.11000061035156,55.400001525878906,57.599998474121094,646700,VNQ
2008-01-09,27.553373336791992,56.470001220703125,56.470001220703125,53.529998779296875,55.70000076293945,534600,VNQ
2008-01-10,27.97787857055664,57.34000015258789,58.29999923706055,54.880001068115234,56.36000061035156,717000,VNQ
2008-01-11,27.982751846313477,57.349998474121094,58.220001220703125,55.869998931884766,57.88999938964844,558300,VNQ
2008-01-14,27.86565589904785,57.11000061035156,58.41999816894531,55.83000183105469,57.81999969482422,399900,VNQ
2008-01-15,27.29966163635254,55.95000076293945,56.5,55.36000061035156,56.22999954223633,542700,VNQ
2008-01-16,27.611940383911133,56.59000015258789,57.4900016784668,55.209999084472656,55.209999084472656,621800,VNQ
2008-01-17,27.23623275756836,55.81999969482422,57.150001525878906,55.619998931884766,56.7599983215332,700400,VNQ
2008-01-18,26.875164031982422,55.08000183105469,56.77000045776367,54.20000076293945,56.25,880900,VNQ
2008-01-22,27.519229888916016,56.400001525878906,57.439998626708984,53.33000183105469,54.970001220703125,925800,VNQ
2008-01-23,30.129650115966797,61.75,61.75,55.70000076293945,55.70000076293945,1329400,VNQ
2008-01-24,29.42214584350586,60.29999923706055,63.099998474121094,59.650001525878906,61.810001373291016,755600,VNQ
2008-01-25,29.251380920410156,59.95000076293945,61.599998474121094,59.349998474121094,61.029998779296875,690400,VNQ
2008-01-28,30.24186897277832,61.97999954223633,61.97999954223633,59.09000015258789,59.9900016784668,814200,VNQ
2008-01-29,29.968639373779297,61.41999816894531,62.400001525878906,60.93000030517578,61.880001068115234,532400,VNQ
2008-01-30,29.168418884277344,59.779998779296875,62.369998931884766,59.75,61.27000045776367,589500,VNQ
2008-01-31,29.753938674926758,60.97999954223633,61.70000076293945,59.040000915527344,59.560001373291016,743400,VNQ
2008-02-01,30.998170852661133,63.529998779296875,63.619998931884766,61.189998626708984,61.349998474121094,848600,VNQ
2008-02-04,30.67613410949707,62.869998931884766,63.470001220703125,61.95000076293945,63.470001220703125,520000,VNQ
2008-02-05,29.592933654785156,60.650001525878906,62.689998626708984,60.650001525878906,61.779998779296875,711000,VNQ
2008-02-06,29.109880447387695,59.65999984741211,61.25,59.52000045776367,61.08000183105469,558000,VNQ
2008-02-07,29.797847747802734,61.06999969482422,61.06999969482422,59.0,59.47999954223633,462600,VNQ
2008-02-08,28.846393585205078,59.119998931884766,60.93000030517578,58.380001068115234,60.93000030517578,837500,VNQ
2008-02-11,28.26087760925293,57.91999816894531,59.849998474121094,57.66999816894531,59.119998931884766,720200,VNQ
2008-02-12,29.065956115722656,59.56999969482422,59.86000061035156,58.310001373291016,58.310001373291016,902800,VNQ
2008-02-13,29.295297622680664,60.040000915527344,60.790000915527344,58.97999954223633,60.790000915527344,814900,VNQ
2008-02-14,28.748809814453125,58.91999816894531,60.75,58.900001525878906,60.02000045776367,1046100,VNQ
2008-02-15,28.98302459716797,59.400001525878906,59.40999984741211,58.099998474121094,58.70000076293945,1150900,VNQ
2008-02-19,28.909822463989258,59.25,61.150001525878906,58.310001373291016,61.150001525878906,1076500,VNQ
2008-02-20,29.090364456176758,59.619998931884766,59.70000076293945,58.099998474121094,58.150001525878906,1518700,VNQ
2008-02-21,28.29991912841797,58.0,60.34000015258789,58.0,60.08000183105469,1092300,VNQ
2008-02-22,29.10011863708496,59.63999938964844,59.63999938964844,57.72999954223633,58.97999954223633,1063400,VNQ
2008-02-25,29.9881591796875,61.459999084472656,61.459999084472656,58.90999984741211,60.459999084472656,984800,VNQ
2008-02-26,29.98325538635254,61.45000076293945,61.959999084472656,60.65999984741211,61.5,889100,VNQ
2008-02-27,29.841768264770508,61.15999984741211,61.93000030517578,60.7599983215332,61.33000183105469,447800,VNQ
2008-02-28,29.226978302001953,59.900001525878906,60.90999984741211,59.900001525878906,60.90999984741211,627800,VNQ
2008-02-29,28.8073673248291,59.040000915527344,59.869998931884766,58.81999969482422,59.84000015258789,556600,VNQ
2008-03-03,29.00741195678711,59.45000076293945,59.66999816894531,58.310001373291016,59.029998779296875,629500,VNQ
2008-03-04,28.734172821044922,58.88999938964844,59.68000030517578,58.18000030517578,58.650001525878906,517100,VNQ
2008-03-05,29.129390716552734,59.70000076293945,60.06999969482422,58.70000076293945,58.70000076293945,558300,VNQ
2008-03-06,27.802236557006836,56.97999954223633,59.83000183105469,56.95000076293945,59.83000183105469,535000,VNQ
2008-03-07,28.256000518798828,57.90999984741211,58.22999954223633,56.2400016784668,57.04999923706055,636400,VNQ
2008-03-10,27.85589599609375,57.09000015258789,58.189998626708984,56.81999969482422,58.13999938964844,752200,VNQ
2008-03-11,29.666118621826172,60.79999923706055,60.79999923706055,57.939998626708984,58.84000015258789,577700,VNQ
2008-03-12,29.04156494140625,59.52000045776367,61.54999923706055,59.52000045776367,60.41999816894531,363400,VNQ
2008-03-13,29.383129119873047,60.220001220703125,60.709999084472656,57.7599983215332,59.209999084472656,503300,VNQ
2008-03-14,28.787843704223633,59.0,61.27000045776367,57.9900016784668,61.27000045776367,615900,VNQ
2008-03-17,28.963497161865234,59.36000061035156,59.72999954223633,58.06999969482422,58.47999954223633,1021200,VNQ
2008-03-18,30.236988067626953,61.970001220703125,62.0,59.84000015258789,61.20000076293945,774700,VNQ
2008-03-19,30.007665634155273,61.5,63.0,61.5,61.72999954223633,372600,VNQ
2008-03-20,31.007915496826172,63.54999923706055,64.05000305175781,61.61000061035156,61.75,531200,VNQ
2008-03-24,31.705677032470703,64.9800033569336,65.5999984741211,64.30999755859375,65.08999633789062,384200,VNQ
2008-03-25,31.786779403686523,64.6500015258789,65.37999725341797,63.720001220703125,65.0999984741211,752900,VNQ
2008-03-26,31.177112579345703,63.40999984741211,64.4000015258789,63.2400016784668,64.0199966430664,437000,VNQ
2008-03-27,30.921438217163086,62.88999938964844,65.12999725341797,62.75,65.12999725341797,673300,VNQ
2008-03-28,30.55759048461914,62.150001525878906,64.44000244140625,62.0,64.44000244140625,491400,VNQ
2008-03-31,30.67561912536621,62.38999938964844,63.83000183105469,62.099998474121094,63.16999816894531,409000,VNQ
2008-04-01,32.421058654785156,65.94000244140625,65.94000244140625,63.27000045776367,63.7400016784668,3876600,VNQ
2008-04-02,32.26371383666992,65.62000274658203,66.22000122070312,64.77999877929688,66.13999938964844,483400,VNQ
2008-04-03,33.00121307373047,67.12000274658203,67.12000274658203,65.19999694824219,65.95999908447266,508900,VNQ
2008-04-04,32.48004150390625,66.05999755859375,67.68000030517578,65.91999816894531,67.68000030517578,1124600,VNQ
2008-04-07,32.18013381958008,65.44999694824219,67.19000244140625,65.41999816894531,67.19000244140625,681300,VNQ
2008-04-08,32.13587951660156,65.36000061035156,65.95999908447266,65.0,65.95999908447266,452500,VNQ
2008-04-09,31.329540252685547,63.720001220703125,65.43000030517578,63.70000076293945,65.25,515900,VNQ
2008-04-10,31.634376525878906,64.33999633789062,64.7699966430664,63.22999954223633,63.70000076293945,576600,VNQ
2008-04-11,31.24594497680664,63.54999923706055,64.3499984741211,63.31999969482422,63.459999084472656,422300,VNQ
2008-04-14,31.06402015686035,63.18000030517578,64.16000366210938,63.08000183105469,63.380001068115234,410800,VNQ
2008-04-15,31.378692626953125,63.81999969482422,63.900001525878906,63.08000183105469,63.619998931884766,218700,VNQ
2008-04-16,32.65215301513672,66.41000366210938,66.41000366210938,64.23999786376953,64.66000366210938,358200,VNQ
2008-04-17,32.77013397216797,66.6500015258789,66.66999816894531,65.4800033569336,66.01000213623047,400600,VNQ
2008-04-18,32.58329772949219,66.2699966430664,67.87000274658203,66.12000274658203,67.61000061035156,814400,VNQ
2008-04-21,32.342384338378906,65.77999877929688,66.37000274658203,65.54000091552734,66.36000061035156,307700,VNQ
2008-04-22,32.26371383666992,65.62000274658203,65.97000122070312,65.08999633789062,65.73999786376953,522800,VNQ
2008-04-23,32.66688537597656,66.44000244140625,66.87999725341797,65.38999938964844,65.62000274658203,693300,VNQ
2008-04-24,33.31589889526367,67.76000213623047,68.0,66.31999969482422,66.54000091552734,886400,VNQ
2008-04-25,33.50274658203125,68.13999938964844,68.80999755859375,67.4000015258789,68.80999755859375,454400,VNQ
2008-04-28,33.45848846435547,68.05000305175781,68.3499984741211,67.55000305175781,68.3499984741211,699600,VNQ
2008-04-29,33.094635009765625,67.30999755859375,67.95999908447266,66.91000366210938,67.38999938964844,806100,VNQ
2008-04-30,32.63247299194336,66.37000274658203,67.9800033569336,66.19000244140625,67.88999938964844,629600,VNQ
2008-05-01,33.3355712890625,67.80000305175781,67.80000305175781,65.91999816894531,66.44999694824219,780200,VNQ
2008-05-02,33.306060791015625,67.73999786376953,68.72000122070312,67.30000305175781,68.72000122070312,1311800,VNQ
2008-05-05,33.212642669677734,67.55000305175781,67.73999786376953,66.9000015258789,67.70999908447266,295500,VNQ
2008-05-06,33.44374084472656,68.0199966430664,68.05000305175781,66.79000091552734,68.04000091552734,336800,VNQ
2008-05-07,32.53414535522461,66.16999816894531,68.0,65.91999816894531,67.94000244140625,496200,VNQ
2008-05-08,32.33747100830078,65.7699966430664,66.83999633789062,65.30000305175781,66.83999633789062,419100,VNQ
2008-05-09,32.160465240478516,65.41000366210938,66.08999633789062,65.06999969482422,65.69999694824219,342300,VNQ
2008-05-12,32.93238830566406,66.9800033569336,66.9800033569336,65.44000244140625,65.61000061035156,287700,VNQ
2008-05-13,33.06513977050781,67.25,67.30000305175781,66.44999694824219,67.23999786376953,307100,VNQ
2008-05-14,33.271636962890625,67.66999816894531,68.04000091552734,67.38999938964844,67.88999938964844,297000,VNQ
2008-05-15,33.67482376098633,68.48999786376953,68.48999786376953,67.20999908447266,67.86000061035156,415000,VNQ
2008-05-16,33.49781799316406,68.12999725341797,68.5,67.62999725341797,68.5,323800,VNQ
2008-05-19,33.55189895629883,68.23999786376953,68.5199966430664,67.5999984741211,68.16000366210938,256700,VNQ
2008-05-20,33.09956359863281,67.31999969482422,67.8499984741211,66.75,67.73999786376953,1419600,VNQ
2008-05-21,32.30303955078125,65.69999694824219,67.68000030517578,65.38999938964844,67.18000030517578,3444000,VNQ
2008-05-22,32.0276985168457,65.13999938964844,65.7300033569336,64.95999908447266,65.36000061035156,3545600,VNQ
2008-05-23,31.875289916992188,64.83000183105469,65.08000183105469,64.51000213623047,64.9800033569336,311300,VNQ
2008-05-27,32.312889099121094,65.72000122070312,65.94999694824219,64.8499984741211,64.8499984741211,370600,VNQ
2008-05-28,32.36695861816406,65.83000183105469,66.19999694824219,65.43000030517578,66.19000244140625,199800,VNQ
2008-05-29,32.71604919433594,66.54000091552734,66.55999755859375,65.58999633789062,65.80999755859375,726700,VNQ
2008-05-30,32.563629150390625,66.2300033569336,66.94999694824219,65.87000274658203,66.94999694824219,304700,VNQ
2008-06-02,32.01789093017578,65.12000274658203,66.66999816894531,64.63999938964844,66.66999816894531,338500,VNQ
2008-06-03,32.22929763793945,65.55000305175781,65.69000244140625,64.75,65.48999786376953,410000,VNQ
2008-06-04,32.39646530151367,65.88999938964844,66.41000366210938,65.12999725341797,65.29000091552734,323800,VNQ
2008-06-05,33.1389045715332,67.4000015258789,67.41999816894531,66.12000274658203,66.33000183105469,218100,VNQ
2008-06-06,31.752363204956055,64.58000183105469,67.04000091552734,64.55999755859375,67.04000091552734,595100,VNQ
2008-06-09,31.123029708862305,63.29999923706055,65.3499984741211,63.16999816894531,64.86000061035156,412100,VNQ
2008-06-10,31.13776969909668,63.33000183105469,63.810001373291016,62.22999954223633,63.08000183105469,378600,VNQ
2008-06-11,30.665760040283203,62.369998931884766,63.9900016784668,62.290000915527344,63.66999816894531,269600,VNQ
2008-06-12,30.980440139770508,63.0099983215332,63.599998474121094,62.08000183105469,62.91999816894531,335700,VNQ
2008-06-13,31.496688842773438,64.05999755859375,64.05999755859375,62.52000045776367,63.349998474121094,301900,VNQ
2008-06-16,31.914627075195312,64.91000366210938,64.94000244140625,63.5,63.72999954223633,256900,VNQ
2008-06-17,31.009937286376953,63.06999969482422,65.23999786376953,62.93000030517578,65.23999786376953,232400,VNQ
2008-06-18,30.552688598632812,62.13999938964844,62.95000076293945,61.63999938964844,62.95000076293945,229400,VNQ
2008-06-19,31.26069450378418,63.58000183105469,63.58000183105469,61.720001220703125,62.04999923706055,792100,VNQ
2008-06-20,30.55759048461914,62.150001525878906,63.02000045776367,61.779998779296875,62.880001068115234,271400,VNQ
2008-06-23,29.800426483154297,60.61000061035156,62.59000015258789,60.61000061035156,62.58000183105469,271800,VNQ
2008-06-24,29.819347381591797,59.849998474121094,60.66999816894531,59.099998474121094,59.63999938964844,964300,VNQ
2008-06-25,30.307626724243164,60.83000183105469,61.779998779296875,60.02000045776367,60.02000045776367,1119900,VNQ
2008-06-26,29.296215057373047,58.79999923706055,61.40999984741211,58.72999954223633,61.400001525878906,476900,VNQ
2008-06-27,29.06702995300293,58.34000015258789,59.209999084472656,57.84000015258789,58.939998626708984,1234000,VNQ
2008-06-30,29.10686683654785,58.41999816894531,59.209999084472656,57.72999954223633,58.2400016784668,1266500,VNQ
2008-07-01,29.081958770751953,58.369998931884766,58.84000015258789,56.7599983215332,56.88999938964844,2001800,VNQ
2008-07-02,28.723228454589844,57.650001525878906,58.65999984741211,57.36000061035156,58.459999084472656,2487500,VNQ
2008-07-03,28.429279327392578,57.060001373291016,57.88999938964844,56.84000015258789,57.72999954223633,2056800,VNQ
2008-07-07,27.79153823852539,55.779998779296875,57.65999984741211,55.560001373291016,57.36000061035156,2200300,VNQ
2008-07-08,29.864194869995117,59.939998626708984,59.95000076293945,55.41999816894531,55.900001525878906,4736200,VNQ
2008-07-09,27.826412200927734,55.849998474121094,61.369998931884766,55.31999969482422,61.369998931884766,2749200,VNQ
2008-07-10,28.364511489868164,56.93000030517578,57.369998931884766,55.08000183105469,55.68000030517578,2237100,VNQ
2008-07-11,28.225006103515625,56.650001525878906,57.95000076293945,55.310001373291016,55.5099983215332,4163200,VNQ
2008-07-14,27.243478775024414,54.68000030517578,57.790000915527344,54.439998626708984,56.7400016784668,3855400,VNQ
2008-07-15,26.97941780090332,54.150001525878906,55.95000076293945,53.189998626708984,54.38999938964844,6946000,VNQ
2008-07-16,28.947444915771484,58.099998474121094,58.099998474121094,53.540000915527344,54.119998931884766,4768500,VNQ
2008-07-17,29.296215057373047,58.79999923706055,59.029998779296875,56.599998474121094,58.099998474121094,8110000,VNQ
2008-07-18,29.346036911010742,58.900001525878906,58.9900016784668,57.849998474121094,58.68000030517578,4488700,VNQ
2008-07-21,29.56525421142578,59.34000015258789,59.34000015258789,58.38999938964844,58.869998931884766,3129700,VNQ
2008-07-22,30.357452392578125,60.93000030517578,61.029998779296875,58.15999984741211,58.68000030517578,6480900,VNQ
2008-07-23,31.214418411254883,62.650001525878906,63.20000076293945,60.29999923706055,60.29999923706055,5532900,VNQ
2008-07-24,29.146730422973633,58.5,62.97999954223633,58.189998626708984,62.97999954223633,2615400,VNQ
2008-07-25,29.625051498413086,59.459999084472656,60.20000076293945,58.349998474121094,59.11000061035156,4093000,VNQ
2008-07-28,29.14175796508789,58.4900016784668,60.34000015258789,57.84000015258789,59.79999923706055,1083800,VNQ
2008-07-29,30.4969539642334,61.209999084472656,61.310001373291016,58.27000045776367,58.40999984741211,2094600,VNQ
2008-07-30,30.392322540283203,61.0,63.15999984741211,59.15999984741211,63.15999984741211,4018500,VNQ
2008-07-31,30.01366424560547,60.2400016784668,61.02000045776367,59.36000061035156,60.650001525878906,2728100,VNQ
2008-08-01,30.038576126098633,60.290000915527344,60.40999984741211,58.77000045776367,60.27000045776367,3156300,VNQ
2008-08-04,29.600133895874023,59.40999984741211,60.130001068115234,59.04999923706055,60.0099983215332,3286600,VNQ
2008-08-05,30.9304141998291,62.08000183105469,62.189998626708984,59.47999954223633,59.70000076293945,2620900,VNQ
2008-08-06,30.78095054626465,61.779998779296875,62.060001373291016,60.880001068115234,61.709999084472656,2221000,VNQ
2008-08-07,29.968822479248047,60.150001525878906,61.36000061035156,59.630001068115234,61.15999984741211,2783500,VNQ
2008-08-08,30.84072494506836,61.900001525878906,62.86000061035156,59.849998474121094,60.130001068115234,2850800,VNQ
2008-08-11,31.837200164794922,63.900001525878906,64.5199966430664,61.939998626708984,62.59000015258789,5189800,VNQ
2008-08-12,31.124736785888672,62.470001220703125,64.23999786376953,61.68000030517578,64.23999786376953,4389300,VNQ
2008-08-13,30.67133903503418,61.560001373291016,62.119998931884766,60.790000915527344,62.0099983215332,4023000,VNQ
2008-08-14,31.164573669433594,62.54999923706055,62.65999984741211,60.95000076293945,61.220001220703125,4712900,VNQ
2008-08-15,31.119754791259766,62.459999084472656,63.31999969482422,61.849998474121094,62.720001220703125,2975400,VNQ
2008-08-18,30.691259384155273,61.599998474121094,62.65999984741211,60.61000061035156,62.54999923706055,3402800,VNQ
2008-08-19,29.933942794799805,60.08000183105469,60.619998931884766,59.38999938964844,60.61000061035156,4193500,VNQ
2008-08-20,29.97878074645996,60.16999816894531,60.43000030517578,58.81999969482422,60.150001525878906,4381400,VNQ
2008-08-21,29.4456729888916,59.099998474121094,59.52000045776367,58.70000076293945,59.43000030517578,3852600,VNQ
2008-08-22,30.4471435546875,61.11000061035156,61.11000061035156,59.2599983215332,59.2599983215332,2729600,VNQ
2008-08-25,29.525390625,59.2599983215332,61.29999923706055,58.9900016784668,61.040000915527344,1789900,VNQ
2008-08-26,29.874155044555664,59.959999084472656,59.959999084472656,58.380001068115234,58.380001068115234,2080500,VNQ
2008-08-27,30.173099517822266,60.560001373291016,60.560001373291016,59.349998474121094,60.380001068115234,1627200,VNQ
2008-08-28,30.940383911132812,62.099998474121094,62.11000061035156,60.43000030517578,60.650001525878906,1363600,VNQ
2008-08-29,30.726150512695312,61.66999816894531,62.25,61.0,61.650001525878906,1347300,VNQ
2008-09-02,30.92542839050293,62.06999969482422,63.119998931884766,60.90999984741211,62.0,2444100,VNQ
2008-09-03,31.413707733154297,63.04999923706055,63.04999923706055,61.58000183105469,61.9900016784668,2689600,VNQ
2008-09-04,30.53183364868164,61.279998779296875,62.720001220703125,61.119998931884766,62.36000061035156,2620000,VNQ
2008-09-05,30.536806106567383,61.290000915527344,61.36000061035156,59.880001068115234,60.619998931884766,3785300,VNQ
2008-09-08,31.85712432861328,63.939998626708984,64.04000091552734,62.25,63.4900016784668,3510900,VNQ
2008-09-09,30.666349411010742,61.54999923706055,64.12000274658203,61.060001373291016,63.58000183105469,3092300,VNQ
2008-09-10,30.721158981323242,61.65999984741211,62.22999954223633,60.36000061035156,61.869998931884766,3161300,VNQ
2008-09-11,31.189495086669922,62.599998474121094,62.599998474121094,60.33000183105469,61.34000015258789,4225200,VNQ
2008-09-12,31.089860916137695,62.400001525878906,62.95000076293945,61.209999084472656,61.7599983215332,2567500,VNQ
2008-09-15,29.296215057373047,58.79999923706055,61.81999969482422,58.79999923706055,61.459999084472656,6087100,VNQ
2008-09-16,30.74109649658203,61.70000076293945,61.70000076293945,57.599998474121094,57.65999984741211,5486600,VNQ
2008-09-17,28.97235107421875,58.150001525878906,60.7599983215332,57.75,60.41999816894531,4194600,VNQ
2008-09-18,31.43364143371582,63.09000015258789,63.09000015258789,55.83000183105469,58.0099983215332,6149500,VNQ
2008-09-19,32.37031173706055,64.97000122070312,68.94999694824219,61.63999938964844,68.94999694824219,2369000,VNQ
2008-09-22,29.649951934814453,59.5099983215332,64.4000015258789,59.29999923706055,62.0,1726000,VNQ
2008-09-23,29.84925079345703,59.90999984741211,61.27000045776367,59.75,60.91999816894531,2495000,VNQ
2008-09-24,29.64331817626953,58.72999954223633,61.31999969482422,58.04999923706055,60.040000915527344,3085200,VNQ
2008-09-25,30.011768341064453,59.459999084472656,60.18000030517578,58.27000045776367,59.86000061035156,2240200,VNQ
2008-09-26,30.940488815307617,61.29999923706055,61.29999923706055,57.81999969482422,58.040000915527344,1991700,VNQ
2008-09-29,28.628793716430664,56.720001220703125,60.880001068115234,56.720001220703125,58.93000030517578,3275700,VNQ
2008-09-30,30.68812370300293,60.79999923706055,60.9900016784668,57.43000030517578,59.650001525878906,2369100,VNQ
2008-10-01,29.946155548095703,59.33000183105469,60.5,58.459999084472656,60.5,2887000,VNQ
2008-10-02,28.01300621032715,55.5,58.869998931884766,55.31999969482422,58.689998626708984,2279600,VNQ
2008-10-03,26.801633834838867,53.099998474121094,57.119998931884766,52.75,56.63999938964844,4099000,VNQ
2008-10-06,25.99909019470215,51.5099983215332,52.70000076293945,48.900001525878906,52.41999816894531,4331400,VNQ
2008-10-07,23.768159866333008,47.09000015258789,51.83000183105469,47.09000015258789,51.099998474121094,3188200,VNQ
2008-10-08,23.440065383911133,46.439998626708984,48.58000183105469,44.31999969482422,45.310001373291016,2313700,VNQ
2008-10-09,21.582630157470703,42.7599983215332,48.11000061035156,42.5,46.29999923706055,5654200,VNQ
2008-10-10,23.647014617919922,46.849998474121094,47.31999969482422,38.33000183105469,40.900001525878906,3060000,VNQ
2008-10-13,25.151140213012695,49.83000183105469,49.95000076293945,46.2400016784668,49.70000076293945,1518600,VNQ
2008-10-14,23.440065383911133,46.439998626708984,51.470001220703125,43.400001525878906,51.470001220703125,3512800,VNQ
2008-10-15,20.431833267211914,40.47999954223633,45.790000915527344,40.18000030517578,44.900001525878906,2787600,VNQ
2008-10-16,21.617965698242188,42.83000183105469,43.25,39.0,41.630001068115234,2282300,VNQ
2008-10-17,21.38578224182129,42.369998931884766,44.31999969482422,40.619998931884766,40.790000915527344,3186700,VNQ
2008-10-20,21.542259216308594,42.68000030517578,43.380001068115234,40.70000076293945,43.380001068115234,1889500,VNQ
2008-10-21,20.805335998535156,41.220001220703125,43.130001068115234,41.119998931884766,42.13999938964844,1410200,VNQ
2008-10-22,19.3365421295166,38.310001373291016,40.70000076293945,36.9900016784668,40.0,2564900,VNQ
2008-10-23,18.83180809020996,37.310001373291016,39.11000061035156,34.400001525878906,38.220001220703125,5536300,VNQ
2008-10-24,17.761764526367188,35.189998626708984,37.2400016784668,33.38999938964844,33.38999938964844,2853100,VNQ
2008-10-27,16.752281188964844,33.189998626708984,36.560001373291016,33.0,34.869998931884766,2338400,VNQ
2008-10-28,19.37188148498535,38.380001068115234,38.560001373291016,32.529998779296875,34.0,4867500,VNQ
2008-10-29,18.68543815612793,37.02000045776367,39.72999954223633,36.630001068115234,38.060001373291016,3787300,VNQ
2008-10-30,19.684818267822266,39.0,39.209999084472656,37.47999954223633,38.95000076293945,3782900,VNQ
2008-10-31,20.95171356201172,41.5099983215332,41.70000076293945,38.4900016784668,39.31999969482422,11149000,VNQ
2008-11-03,20.265275955200195,40.150001525878906,41.720001220703125,40.0099983215332,41.400001525878906,6681200,VNQ
2008-11-04,21.400922775268555,42.400001525878906,42.540000915527344,40.40999984741211,41.279998779296875,6208700,VNQ
2008-11-05,19.296165466308594,38.22999954223633,41.79999923706055,37.95000076293945,41.790000915527344,9770700,VNQ
2008-11-06,18.392690658569336,36.439998626708984,38.41999816894531,36.290000915527344,37.86000061035156,12780800,VNQ
2008-11-07,19.558629989624023,38.75,38.88999938964844,35.7400016784668,36.869998931884766,8636600,VNQ
2008-11-10,17.807191848754883,35.279998779296875,39.13999938964844,34.849998474121094,39.119998931884766,3812600,VNQ
2008-11-11,17.559864044189453,34.790000915527344,35.56999969482422,33.38999938964844,34.79999923706055,3649900,VNQ
2008-11-12,16.30306625366211,32.29999923706055,34.0,32.040000915527344,33.9900016784668,5528600,VNQ
2008-11-13,18.094894409179688,35.849998474121094,35.9900016784668,30.81999969482422,33.38999938964844,9470900,VNQ
2008-11-14,16.055742263793945,31.809999465942383,35.380001068115234,31.6299991607666,35.36000061035156,2605900,VNQ
2008-11-17,15.475292205810547,30.65999984741211,32.040000915527344,30.579999923706055,31.43000030517578,2647600,VNQ
2008-11-18,15.328925132751465,30.3700008392334,31.290000915527344,28.559999465942383,30.790000915527344,3246200,VNQ
2008-11-19,13.2695894241333,26.290000915527344,30.3700008392334,26.0,30.059999465942383,3068800,VNQ
2008-11-20,12.21972370147705,24.209999084472656,27.600000381469727,23.850000381469727,25.81999969482422,4156200,VNQ
2008-11-21,13.1181640625,25.989999771118164,26.209999084472656,22.520000457763672,24.799999237060547,6877600,VNQ
2008-11-24,15.349111557006836,30.40999984741211,30.760000228881836,25.739999771118164,26.8700008392334,5300100,VNQ
2008-11-25,15.591387748718262,30.889999389648438,31.469999313354492,28.6299991607666,31.040000915527344,2949200,VNQ
2008-11-26,16.434301376342773,32.560001373291016,32.61000061035156,29.920000076293945,30.889999389648438,2348000,VNQ
2008-11-28,16.192028045654297,32.08000183105469,32.79999923706055,31.3799991607666,32.380001068115234,838000,VNQ
2008-12-01,13.032358169555664,25.81999969482422,31.350000381469727,25.450000762939453,31.280000686645508,2431700,VNQ
2008-12-02,14.763614654541016,29.25,29.3799991607666,26.5,26.510000228881836,3379600,VNQ
2008-12-03,15.591387748718262,30.889999389648438,30.889999389648438,27.510000228881836,27.969999313354492,4203100,VNQ
2008-12-04,15.162351608276367,30.040000915527344,32.25,29.360000610351562,30.329999923706055,2461400,VNQ
2008-12-05,16.767423629760742,33.220001220703125,33.25,29.139999389648438,29.579999923706055,2176800,VNQ
2008-12-08,18.33211898803711,36.31999969482422,36.369998931884766,33.5099983215332,33.97999954223633,1851300,VNQ
2008-12-09,16.742183685302734,33.16999816894531,36.27000045776367,32.900001525878906,35.83000183105469,2632100,VNQ
2008-12-10,18.18069839477539,36.02000045776367,36.099998474121094,33.619998931884766,33.790000915527344,1656000,VNQ
2008-12-11,15.586335182189941,30.8799991607666,35.380001068115234,30.34000015258789,35.20000076293945,1955400,VNQ
2008-12-12,17.21664810180664,34.11000061035156,34.11000061035156,29.81999969482422,30.020000457763672,1917500,VNQ
2008-12-15,16.61600112915039,32.91999816894531,34.560001373291016,31.489999771118164,34.22999954223633,1425300,VNQ
2008-12-16,18.65009880065918,36.95000076293945,36.97999954223633,32.84000015258789,36.95000076293945,2348400,VNQ
2008-12-17,18.99332046508789,37.630001068115234,39.220001220703125,35.290000915527344,36.0,4069200,VNQ
2008-12-18,17.413490295410156,34.5,38.220001220703125,34.380001068115234,38.09000015258789,1897500,VNQ
2008-12-19,18.634958267211914,36.91999816894531,36.91999816894531,34.58000183105469,34.58000183105469,2274400,VNQ
2008-12-22,17.93337059020996,35.529998779296875,36.630001068115234,33.900001525878906,36.619998931884766,3688700,VNQ
2008-12-23,17.83242416381836,35.33000183105469,36.25,34.970001220703125,35.88999938964844,1580400,VNQ
2008-12-24,18.04239845275879,34.79999923706055,34.79999923706055,34.029998779296875,34.61000061035156,615700,VNQ
2008-12-26,18.3016300201416,35.29999923706055,35.29999923706055,34.189998626708984,35.0099983215332,608500,VNQ
2008-12-29,17.249160766601562,33.27000045776367,35.0,32.63999938964844,35.0,1549800,VNQ
2008-12-30,17.938705444335938,34.599998474121094,34.86000061035156,33.47999954223633,33.68000030517578,1765300,VNQ
2008-12-31,18.897855758666992,36.45000076293945,36.790000915527344,34.61000061035156,34.810001373291016,1954200,VNQ
2009-01-02,18.29644203186035,35.290000915527344,36.63999938964844,35.27000045776367,36.630001068115234,2181800,VNQ
2009-01-05,17.959449768066406,34.63999938964844,35.619998931884766,34.36000061035156,35.2400016784668,7318600,VNQ
2009-01-06,18.856380462646484,36.369998931884766,36.75,34.150001525878906,35.25,1913900,VNQ
2009-01-07,18.223857879638672,35.150001525878906,36.220001220703125,34.880001068115234,36.150001525878906,1439600,VNQ
2009-01-08,18.08907127380371,34.88999938964844,35.130001068115234,34.18000030517578,34.68000030517578,2063200,VNQ
2009-01-09,17.1610164642334,33.099998474121094,34.95000076293945,32.95000076293945,34.91999816894531,1491800,VNQ
2009-01-12,16.155210494995117,31.15999984741211,32.95000076293945,30.639999389648438,32.880001068115234,1760800,VNQ
2009-01-13,16.64255142211914,32.099998474121094,32.279998779296875,30.600000381469727,30.809999465942383,1792700,VNQ
2009-01-14,15.7715482711792,30.420000076293945,31.479999542236328,30.100000381469727,31.479999542236328,2330100,VNQ
2009-01-15,16.290002822875977,31.420000076293945,32.150001525878906,28.889999389648438,30.420000076293945,3927500,VNQ
2009-01-16,16.906980514526367,32.61000061035156,32.709999084472656,30.6200008392334,32.0,5540300,VNQ
2009-01-20,15.014593124389648,28.959999084472656,32.18000030517578,28.799999237060547,32.15999984741211,3918700,VNQ
2009-01-21,16.58552360534668,31.989999771118164,32.0099983215332,28.65999984741211,29.639999389648438,3471500,VNQ
2009-01-22,15.678224563598633,30.239999771118164,31.860000610351562,29.790000915527344,30.81999969482422,3904300,VNQ
2009-01-23,16.155210494995117,31.15999984741211,31.280000686645508,29.049999237060547,29.25,3563500,VNQ
2009-01-26,16.0618839263916,30.979999542236328,32.04999923706055,30.3700008392334,31.219999313354492,3755700,VNQ
2009-01-27,16.290002822875977,31.420000076293945,31.959999084472656,30.829999923706055,31.200000762939453,2490400,VNQ
2009-01-28,17.700218200683594,34.13999938964844,34.27000045776367,32.040000915527344,33.08000183105469,2712800,VNQ
2009-01-29,16.25371551513672,31.350000381469727,33.5,31.219999313354492,33.41999816894531,2714700,VNQ
2009-01-30,15.584900856018066,30.059999465942383,32.189998626708984,29.670000076293945,31.719999313354492,2386500,VNQ
2009-02-02,15.96337604522705,30.790000915527344,30.829999923706055,29.260000228881836,29.3700008392334,2732600,VNQ
2009-02-03,15.802652359008789,30.479999542236328,30.989999771118164,29.940000534057617,30.950000762939453,2159200,VNQ
2009-02-04,15.418998718261719,29.739999771118164,31.299999237060547,29.739999771118164,30.489999771118164,7818500,VNQ
2009-02-05,15.092362403869629,29.110000610351562,30.170000076293945,28.229999542236328,29.110000610351562,4770500,VNQ
2009-02-06,16.1396484375,31.1299991607666,31.440000534057617,29.209999084472656,29.270000457763672,4500200,VNQ
2009-02-09,16.37814712524414,31.59000015258789,31.639999389648438,30.510000228881836,31.479999542236328,2627000,VNQ
2009-02-10,14.921271324157715,28.780000686645508,31.540000915527344,28.520000457763672,31.540000915527344,4686400,VNQ
2009-02-11,15.206426620483398,29.329999923706055,29.329999923706055,27.90999984741211,29.079999923706055,3494300,VNQ
2009-02-12,14.947196006774902,28.829999923706055,28.979999542236328,26.739999771118164,28.290000915527344,3502600,VNQ
2009-02-13,14.029526710510254,27.059999465942383,28.579999923706055,27.0,28.559999465942383,3436000,VNQ
2009-02-17,13.03408145904541,25.139999389648438,26.25,24.889999389648438,26.0,2560700,VNQ
2009-02-18,13.220726013183594,25.5,25.68000030517578,24.399999618530273,25.489999771118164,5537100,VNQ
2009-02-19,12.65041732788086,24.399999618530273,26.209999084472656,24.18000030517578,26.0,2946800,VNQ
2009-02-20,13.448850631713867,25.940000534057617,26.059999465942383,23.18000030517578,23.739999771118164,6286800,VNQ
2009-02-23,12.437850952148438,23.989999771118164,26.3700008392334,23.850000381469727,26.18000030517578,5058000,VNQ
2009-02-24,13.490324020385742,26.020000457763672,26.1299991607666,23.920000076293945,24.81999969482422,5187300,VNQ
2009-02-25,13.231093406677246,25.520000457763672,26.6299991607666,24.510000228881836,25.729999542236328,4889400,VNQ
2009-02-26,12.551909446716309,24.209999084472656,26.309999465942383,24.09000015258789,26.040000915527344,3821000,VNQ
2009-02-27,12.386011123657227,23.889999389648438,24.709999084472656,23.5,23.549999237060547,3676800,VNQ
2009-03-02,11.613499641418457,22.399999618530273,23.559999465942383,21.8799991607666,23.559999465942383,4773700,VNQ
2009-03-03,11.660161972045898,22.489999771118164,22.989999771118164,21.350000381469727,22.68000030517578,5413900,VNQ
2009-03-04,11.846805572509766,22.850000381469727,23.40999984741211,22.18000030517578,22.93000030517578,3058600,VNQ
2009-03-05,11.115777015686035,21.440000534057617,22.559999465942383,21.1299991607666,22.270000457763672,3390700,VNQ
2009-03-06,10.965423583984375,21.149999618530273,21.809999465942383,19.950000762939453,21.579999923706055,4933800,VNQ
2009-03-09,11.2091064453125,21.6200008392334,21.639999389648438,20.510000228881836,20.510000228881836,3882000,VNQ
2009-03-10,12.76966381072998,24.6299991607666,24.719999313354492,22.0,22.209999084472656,3060900,VNQ
2009-03-11,12.562281608581543,24.229999542236328,25.09000015258789,23.889999389648438,24.729999542236328,2695800,VNQ
2009-03-12,13.588830947875977,26.209999084472656,26.3799991607666,23.889999389648438,24.260000228881836,2791300,VNQ
2009-03-13,13.298495292663574,25.649999618530273,26.940000534057617,24.790000915527344,26.790000915527344,2757900,VNQ
2009-03-16,12.251206398010254,23.6299991607666,26.079999923706055,23.579999923706055,25.84000015258789,2283000,VNQ
2009-03-17,13.179250717163086,25.420000076293945,25.489999771118164,23.139999389648438,23.68000030517578,2398400,VNQ
2009-03-18,13.899908065795898,26.809999465942383,26.829999923706055,24.3700008392334,25.010000228881836,3892800,VNQ
2009-03-19,13.049629211425781,25.170000076293945,27.270000457763672,25.059999465942383,27.229999542236328,2177800,VNQ
2009-03-20,11.924575805664062,23.0,25.079999923706055,23.0,25.079999923706055,2783100,VNQ
2009-03-23,13.853249549865723,26.719999313354492,26.90999984741211,23.850000381469727,24.09000015258789,2763900,VNQ
2009-03-24,12.785223960876465,24.65999984741211,26.860000610351562,24.399999618530273,26.0,4493200,VNQ
2009-03-25,12.99564266204834,24.579999923706055,25.190000534057617,22.559999465942383,24.739999771118164,2340700,VNQ
2009-03-26,13.286428451538086,25.1299991607666,25.3700008392334,23.610000610351562,24.84000015258789,3010400,VNQ
2009-03-27,12.694276809692383,24.010000228881836,24.81999969482422,23.959999084472656,24.559999465942383,2526500,VNQ
2009-03-30,12.001670837402344,22.700000762939453,23.3700008392334,22.5,23.270000457763672,1412900,VNQ
2009-03-31,12.837035179138184,24.280000686645508,24.6299991607666,22.829999923706055,23.110000610351562,2461700,VNQ
2009-04-01,12.768299102783203,24.149999618530273,24.510000228881836,23.59000015258789,23.850000381469727,1859200,VNQ
2009-04-02,13.693538665771484,25.899999618530273,26.18000030517578,24.489999771118164,25.020000457763672,2353800,VNQ
2009-04-03,14.872550964355469,28.1299991607666,28.25,25.31999969482422,25.81999969482422,2793400,VNQ
2009-04-06,14.703374862670898,27.809999465942383,28.469999313354492,26.899999618530273,27.549999237060547,3235200,VNQ
2009-04-07,13.603658676147461,25.729999542236328,27.299999237060547,25.510000228881836,27.149999618530273,2370000,VNQ
2009-04-08,13.804566383361816,26.110000610351562,26.31999969482422,25.34000015258789,25.850000381469727,2579700,VNQ
2009-04-09,15.655046463012695,29.610000610351562,29.610000610351562,26.780000686645508,27.270000457763672,2493800,VNQ
2009-04-13,15.702632904052734,29.700000762939453,30.299999237060547,28.579999923706055,28.8799991607666,4314300,VNQ
2009-04-14,14.370282173156738,27.18000030517578,29.489999771118164,27.1200008392334,29.15999984741211,3382100,VNQ
2009-04-15,15.61803913116455,29.540000915527344,29.700000762939453,26.920000076293945,27.110000610351562,4144900,VNQ
2009-04-16,16.141462326049805,30.530000686645508,31.940000534057617,28.3799991607666,29.559999465942383,5803700,VNQ
2009-04-17,16.4322452545166,31.079999923706055,32.18000030517578,29.920000076293945,30.729999542236328,5805200,VNQ
2009-04-20,14.740382194519043,27.8799991607666,30.309999465942383,27.709999084472656,30.040000915527344,4124800,VNQ
2009-04-21,16.04629135131836,30.350000381469727,30.420000076293945,27.020000457763672,27.190000534057617,2776100,VNQ
2009-04-22,15.485857009887695,29.290000915527344,30.899999618530273,29.1200008392334,29.729999542236328,9377100,VNQ
2009-04-23,16.183752059936523,30.610000610351562,30.790000915527344,29.0,29.479999542236328,6132600,VNQ
2009-04-24,16.95037078857422,32.060001373291016,33.0,30.239999771118164,30.860000610351562,7819400,VNQ
2009-04-27,15.935264587402344,30.139999389648438,31.690000534057617,29.270000457763672,31.479999542236328,6108400,VNQ
2009-04-28,16.14674186706543,30.540000915527344,31.299999237060547,29.40999984741211,29.860000610351562,6029900,VNQ
2009-04-29,16.849929809570312,31.8700008392334,32.29999923706055,30.6299991607666,30.920000076293945,5113600,VNQ
2009-04-30,16.775907516479492,31.729999542236328,32.970001220703125,31.59000015258789,32.220001220703125,5575000,VNQ
2009-05-01,16.22604751586914,30.690000534057617,31.780000686645508,30.280000686645508,31.760000228881836,3926800,VNQ
2009-05-04,17.563684463500977,33.220001220703125,33.290000915527344,31.0,31.329999923706055,5437900,VNQ
2009-05-05,16.908082962036133,31.979999542236328,32.939998626708984,31.690000534057617,32.939998626708984,6108700,VNQ
2009-05-06,17.553104400634766,33.20000076293945,33.369998931884766,31.68000030517578,32.63999938964844,8067300,VNQ
2009-05-07,16.548566818237305,31.299999237060547,33.619998931884766,30.469999313354492,33.61000061035156,7561500,VNQ
2009-05-08,17.653562545776367,33.38999938964844,33.599998474121094,31.299999237060547,31.760000228881836,6114200,VNQ
2009-05-11,16.982097625732422,32.119998931884766,32.959999084472656,32.02000045776367,32.369998931884766,3484000,VNQ
2009-05-12,16.934513092041016,32.029998779296875,32.68000030517578,30.65999984741211,32.45000076293945,3181700,VNQ
2009-05-13,15.824235916137695,29.93000030517578,31.020000457763672,29.450000762939453,30.959999084472656,2867300,VNQ
2009-05-14,16.19961929321289,30.639999389648438,31.1299991607666,29.0,29.5,2592500,VNQ
2009-05-15,15.655046463012695,29.610000610351562,30.75,29.030000686645508,30.469999313354492,2103600,VNQ
2009-05-18,16.91337013244629,31.989999771118164,32.20000076293945,29.899999618530273,29.93000030517578,2776800,VNQ
2009-05-19,16.590864181518555,31.3799991607666,32.290000915527344,30.979999542236328,32.130001068115234,2909000,VNQ
2009-05-20,16.458681106567383,31.1299991607666,32.70000076293945,30.959999084472656,32.209999084472656,3417700,VNQ
2009-05-21,16.506267547607422,31.219999313354492,31.56999969482422,30.309999465942383,30.579999923706055,2684600,VNQ
2009-05-22,16.099157333374023,30.450000762939453,31.639999389648438,30.40999984741211,31.639999389648438,1669600,VNQ
2009-05-26,17.056119918823242,32.2599983215332,32.54999923706055,30.149999618530273,30.280000686645508,2517200,VNQ
2009-05-27,16.437538146972656,31.09000015258789,32.470001220703125,30.90999984741211,32.22999954223633,2539800,VNQ
2009-05-28,16.664880752563477,31.520000457763672,31.920000076293945,30.690000534057617,31.579999923706055,2397500,VNQ
2009-05-29,17.21473503112793,32.560001373291016,32.630001068115234,31.3799991607666,32.0,1692900,VNQ
2009-06-01,18.097675323486328,34.22999954223633,34.9900016784668,33.0,33.34000015258789,3811800,VNQ
2009-06-02,17.7222957611084,33.52000045776367,34.029998779296875,33.2599983215332,33.75,2796300,VNQ
2009-06-03,17.69057273864746,33.459999084472656,33.540000915527344,32.93000030517578,33.36000061035156,2019100,VNQ
2009-06-04,18.25629234313965,34.529998779296875,34.83000183105469,33.47999954223633,33.720001220703125,2006000,VNQ
2009-06-05,18.20870590209961,34.439998626708984,35.099998474121094,33.849998474121094,35.08000183105469,2798300,VNQ
2009-06-08,17.87561798095703,33.810001373291016,34.7400016784668,33.4900016784668,34.7400016784668,3558400,VNQ
2009-06-09,17.87561798095703,33.810001373291016,34.27000045776367,33.619998931884766,34.2400016784668,2516800,VNQ
2009-06-10,17.563684463500977,33.220001220703125,34.31999969482422,32.380001068115234,34.220001220703125,2373100,VNQ
2009-06-11,17.20415496826172,32.540000915527344,33.459999084472656,32.439998626708984,33.220001220703125,2714700,VNQ
2009-06-12,17.828033447265625,33.720001220703125,33.720001220703125,32.29999923706055,32.5,1765400,VNQ
2009-06-15,16.982097625732422,32.119998931884766,33.41999816894531,31.579999923706055,33.2400016784668,2129600,VNQ
2009-06-16,16.67015838623047,31.530000686645508,32.369998931884766,31.030000686645508,32.209999084472656,2248100,VNQ
2009-06-17,16.352941513061523,30.93000030517578,31.700000762939453,30.579999923706055,31.479999542236328,2144600,VNQ
2009-06-18,16.46396255493164,31.139999389648438,31.420000076293945,30.649999618530273,31.09000015258789,1742400,VNQ
2009-06-19,16.627866744995117,31.450000762939453,31.610000610351562,30.979999542236328,31.5,1292300,VNQ
2009-06-22,15.760787963867188,29.809999465942383,31.209999084472656,29.739999771118164,30.8799991607666,2041900,VNQ
2009-06-23,15.87709903717041,30.030000686645508,30.549999237060547,29.649999618530273,30.18000030517578,1855000,VNQ
2009-06-24,16.223718643188477,30.190000534057617,30.450000762939453,29.799999237060547,30.440000534057617,4424500,VNQ
2009-06-25,16.43867301940918,30.59000015258789,30.59000015258789,29.56999969482422,30.0,1872300,VNQ
2009-06-26,16.578397750854492,30.850000381469727,31.09000015258789,30.219999313354492,30.510000228881836,2356600,VNQ
2009-06-29,16.567651748657227,30.829999923706055,31.110000610351562,30.3700008392334,30.90999984741211,2342100,VNQ
2009-06-30,16.66437339782715,31.010000228881836,31.329999923706055,30.790000915527344,31.040000915527344,1894200,VNQ
2009-07-01,16.954566955566406,31.549999237060547,31.75,31.15999984741211,31.229999542236328,1682600,VNQ
2009-07-02,16.05712127685547,29.8799991607666,31.15999984741211,29.850000381469727,31.100000381469727,2344000,VNQ
2009-07-06,16.460163116455078,30.6299991607666,30.709999084472656,29.420000076293945,29.700000762939453,2654100,VNQ
2009-07-07,15.820676803588867,29.440000534057617,30.719999313354492,29.34000015258789,30.709999084472656,2036100,VNQ
2009-07-08,15.670212745666504,29.15999984741211,29.709999084472656,28.329999923706055,29.600000381469727,2370500,VNQ
2009-07-09,15.374641418457031,28.610000610351562,29.479999542236328,28.56999969482422,29.360000610351562,1289300,VNQ
2009-07-10,15.353151321411133,28.56999969482422,28.739999771118164,27.81999969482422,28.350000381469727,1123900,VNQ
2009-07-13,15.933527946472168,29.649999618530273,29.84000015258789,28.3700008392334,28.690000534057617,3929500,VNQ
2009-07-14,16.126985549926758,30.010000228881836,30.280000686645508,29.219999313354492,29.75,2822300,VNQ
2009-07-15,16.723480224609375,31.1200008392334,31.559999465942383,30.31999969482422,30.610000610351562,1768200,VNQ
2009-07-16,16.91695213317871,31.479999542236328,31.739999771118164,30.510000228881836,30.989999771118164,1606200,VNQ
2009-07-17,16.46554183959961,30.639999389648438,31.360000610351562,30.40999984741211,31.290000915527344,1454700,VNQ
2009-07-20,17.045917510986328,31.719999313354492,31.860000610351562,30.940000534057617,31.030000686645508,1687800,VNQ
2009-07-21,16.997554779052734,31.6299991607666,32.0,30.959999084472656,32.0,2990100,VNQ
2009-07-22,17.019046783447266,31.670000076293945,32.119998931884766,31.1299991607666,31.170000076293945,1949300,VNQ
2009-07-23,17.69615936279297,32.93000030517578,33.310001373291016,31.600000381469727,31.700000762939453,2922400,VNQ
2009-07-24,17.819751739501953,33.15999984741211,33.27000045776367,32.290000915527344,32.709999084472656,1272500,VNQ
2009-07-27,18.077699661254883,33.63999938964844,33.72999954223633,32.900001525878906,33.20000076293945,2146100,VNQ
2009-07-28,18.061588287353516,33.61000061035156,33.75,33.11000061035156,33.43000030517578,1451100,VNQ
2009-07-29,17.835880279541016,33.189998626708984,33.619998931884766,32.93000030517578,33.380001068115234,1187200,VNQ
2009-07-30,18.475374221801758,34.380001068115234,34.90999984741211,33.709999084472656,33.790000915527344,1918200,VNQ
2009-07-31,18.45924186706543,34.349998474121094,34.70000076293945,34.0099983215332,34.369998931884766,2208800,VNQ
2009-08-03,18.792428970336914,34.970001220703125,35.13999938964844,34.43000030517578,35.09000015258789,2541900,VNQ
2009-08-04,19.8188419342041,36.880001068115234,37.13999938964844,34.52000045776367,34.790000915527344,3454100,VNQ
2009-08-05,20.576557159423828,38.290000915527344,38.4900016784668,36.61000061035156,36.900001525878906,3965400,VNQ
2009-08-06,20.42070960998535,38.0,39.810001373291016,38.0,38.83000183105469,5953400,VNQ
2009-08-07,21.559967041015625,40.119998931884766,40.900001525878906,38.34000015258789,38.91999816894531,5471300,VNQ
2009-08-10,21.09781837463379,39.2599983215332,40.08000183105469,38.81999969482422,39.9900016784668,4432000,VNQ
2009-08-11,20.48519515991211,38.119998931884766,39.060001373291016,37.650001525878906,38.869998931884766,4275200,VNQ
2009-08-12,20.635669708251953,38.400001525878906,39.18000030517578,38.0099983215332,38.04999923706055,4619200,VNQ
2009-08-13,20.74314308166504,38.599998474121094,38.9900016784668,38.099998474121094,38.84000015258789,5339500,VNQ
2009-08-14,20.57118034362793,38.279998779296875,38.470001220703125,37.33000183105469,38.439998626708984,3538500,VNQ
2009-08-17,19.474916458129883,36.2400016784668,36.880001068115234,36.0,36.779998779296875,3385800,VNQ
2009-08-18,19.668363571166992,36.599998474121094,37.0099983215332,36.119998931884766,36.36000061035156,2379900,VNQ
2009-08-19,19.512531280517578,36.310001373291016,36.47999954223633,35.7400016784668,35.95000076293945,2693600,VNQ
2009-08-20,20.29173469543457,37.7599983215332,37.790000915527344,36.2599983215332,36.310001373291016,5235500,VNQ
2009-08-21,20.823749542236328,38.75,39.54999923706055,38.09000015258789,38.279998779296875,5953400,VNQ
2009-08-24,20.753894805908203,38.619998931884766,39.310001373291016,38.45000076293945,39.290000915527344,5958400,VNQ
2009-08-25,20.984968185424805,39.04999923706055,39.349998474121094,38.56999969482422,38.900001525878906,3483900,VNQ
2009-08-26,21.04945182800293,39.16999816894531,39.22999954223633,38.61000061035156,38.970001220703125,2680900,VNQ
2009-08-27,21.253662109375,39.54999923706055,39.650001525878906,38.349998474121094,39.150001525878906,2465000,VNQ
2009-08-28,21.44175148010254,39.900001525878906,40.040000915527344,39.189998626708984,39.900001525878906,3074500,VNQ
2009-08-31,21.103199005126953,39.27000045776367,39.56999969482422,38.86000061035156,39.16999816894531,2961300,VNQ
2009-09-01,19.974674224853516,37.16999816894531,39.31999969482422,37.130001068115234,38.970001220703125,4356400,VNQ
2009-09-02,19.571636199951172,36.41999816894531,37.13999938964844,36.41999816894531,36.86000061035156,3443600,VNQ
2009-09-03,19.96393585205078,37.150001525878906,37.189998626708984,36.18000030517578,36.88999938964844,1933100,VNQ
2009-09-04,20.195011138916016,37.58000183105469,37.58000183105469,36.47999954223633,37.13999938964844,1587900,VNQ
2009-09-08,20.89898681640625,38.88999938964844,38.88999938964844,37.88999938964844,38.16999816894531,2051900,VNQ
2009-09-09,21.307403564453125,39.650001525878906,39.779998779296875,38.540000915527344,38.869998931884766,2825800,VNQ
2009-09-10,21.624462127685547,40.2400016784668,40.33000183105469,39.040000915527344,39.61000061035156,2117300,VNQ
2009-09-11,21.58683967590332,40.16999816894531,40.65999984741211,39.66999816894531,40.470001220703125,2384000,VNQ
2009-09-14,22.226329803466797,41.36000061035156,41.38999938964844,39.56999969482422,39.58000183105469,2229900,VNQ
2009-09-15,22.58099937438965,42.02000045776367,42.619998931884766,40.810001373291016,41.650001525878906,3555000,VNQ
2009-09-16,23.49994659423828,43.72999954223633,43.790000915527344,42.22999954223633,42.43000030517578,3659700,VNQ
2009-09-17,23.397836685180664,43.540000915527344,45.2400016784668,42.88999938964844,43.689998626708984,5152800,VNQ
2009-09-18,23.43007469177246,43.599998474121094,44.16999816894531,42.81999969482422,43.790000915527344,2874100,VNQ
2009-09-21,23.064655303955078,42.91999816894531,43.41999816894531,42.599998474121094,42.9900016784668,2423600,VNQ
2009-09-22,23.795501708984375,44.279998779296875,44.349998474121094,43.22999954223633,43.459999084472656,4488000,VNQ
2009-09-23,22.935691833496094,42.68000030517578,44.439998626708984,42.61000061035156,44.43000030517578,3291700,VNQ
2009-09-24,22.098310470581055,40.720001220703125,42.70000076293945,40.459999084472656,42.52000045776367,4804900,VNQ
2009-09-25,22.16886329650879,40.849998474121094,41.310001373291016,40.06999969482422,40.439998626708984,4635600,VNQ
2009-09-28,23.086008071899414,42.540000915527344,42.59000015258789,40.97999954223633,41.16999816894531,2644700,VNQ
2009-09-29,22.71155548095703,41.849998474121094,42.959999084472656,41.70000076293945,42.63999938964844,3198100,VNQ
2009-09-30,22.49447250366211,41.45000076293945,42.22999954223633,40.86000061035156,42.220001220703125,3905300,VNQ
2009-10-01,21.485071182250977,39.59000015258789,41.41999816894531,39.59000015258789,41.36000061035156,9101300,VNQ
2009-10-02,21.333126068115234,39.310001373291016,40.439998626708984,38.630001068115234,38.65999984741211,4742800,VNQ
2009-10-05,21.919225692749023,40.38999938964844,40.5,39.400001525878906,39.75,2928300,VNQ
2009-10-06,21.859525680541992,40.279998779296875,41.27000045776367,39.7400016784668,40.7599983215332,3546900,VNQ
2009-10-07,21.8432559967041,40.25,40.58000183105469,39.68000030517578,40.13999938964844,3338500,VNQ
2009-10-08,22.26111602783203,41.02000045776367,41.400001525878906,40.58000183105469,40.79999923706055,3031900,VNQ
2009-10-09,22.451065063476562,41.369998931884766,41.400001525878906,40.470001220703125,40.810001373291016,2673300,VNQ
2009-10-12,22.418500900268555,41.310001373291016,41.81999969482422,41.099998474121094,41.65999984741211,1933400,VNQ
2009-10-13,22.10373878479004,40.72999954223633,41.220001220703125,40.38999938964844,41.040000915527344,2546600,VNQ
2009-10-14,22.912349700927734,42.220001220703125,42.380001068115234,41.25,41.5,3152400,VNQ
2009-10-15,22.716983795166016,41.86000061035156,42.029998779296875,41.619998931884766,41.880001068115234,3492400,VNQ
2009-10-16,22.120027542114258,40.7599983215332,41.43000030517578,40.65999984741211,41.310001373291016,3071500,VNQ
2009-10-19,22.597585678100586,41.63999938964844,41.75,40.83000183105469,41.04999923706055,2579400,VNQ
2009-10-20,22.179719924926758,40.869998931884766,41.63999938964844,40.68000030517578,41.540000915527344,2128100,VNQ
2009-10-21,21.89751434326172,40.349998474121094,41.5099983215332,40.27000045776367,40.58000183105469,2481700,VNQ
2009-10-22,22.47276496887207,41.40999984741211,41.45000076293945,39.75,40.33000183105469,3386000,VNQ
2009-10-23,22.20685386657715,40.91999816894531,41.56999969482422,40.720001220703125,41.52000045776367,3243100,VNQ
2009-10-26,22.152584075927734,40.81999969482422,41.91999816894531,40.72999954223633,40.90999984741211,3607400,VNQ
2009-10-27,21.832393646240234,40.22999954223633,41.029998779296875,40.04999923706055,40.84000015258789,3593700,VNQ
2009-10-28,20.91524887084961,38.540000915527344,40.56999969482422,38.470001220703125,39.97999954223633,4654200,VNQ
2009-10-29,21.87038803100586,40.29999923706055,40.43000030517578,39.02000045776367,39.150001525878906,3309800,VNQ
2009-10-30,21.490489959716797,39.599998474121094,40.2599983215332,38.59000015258789,40.0099983215332,4424100,VNQ
2009-11-02,21.485071182250977,39.59000015258789,40.47999954223633,38.439998626708984,39.70000076293945,4906100,VNQ
2009-11-03,21.799829483032227,40.16999816894531,40.25,38.9900016784668,39.02000045776367,4509500,VNQ
2009-11-04,21.333126068115234,39.310001373291016,40.83000183105469,39.279998779296875,40.720001220703125,4320800,VNQ
2009-11-05,21.81611442565918,40.20000076293945,40.290000915527344,39.41999816894531,39.84000015258789,2379300,VNQ
2009-11-06,21.457948684692383,39.540000915527344,40.189998626708984,39.220001220703125,39.5099983215332,2442300,VNQ
2009-11-09,22.51618194580078,41.4900016784668,41.5,39.939998626708984,40.130001068115234,2272300,VNQ
2009-11-10,22.347951889038086,41.18000030517578,41.47999954223633,40.58000183105469,41.189998626708984,2548400,VNQ
2009-11-11,22.765819549560547,41.95000076293945,42.25,41.41999816894531,41.54999923706055,3107300,VNQ
2009-11-12,22.53246307373047,41.52000045776367,42.25,41.41999816894531,41.900001525878906,2920500,VNQ
2009-11-13,22.836374282836914,42.08000183105469,42.20000076293945,41.5,41.560001373291016,2444100,VNQ
2009-11-16,23.389921188354492,43.099998474121094,43.5099983215332,42.369998931884766,42.369998931884766,3053700,VNQ
2009-11-17,22.982891082763672,42.349998474121094,43.310001373291016,42.310001373291016,42.81999969482422,2486000,VNQ
2009-11-18,23.40077018737793,43.119998931884766,43.2400016784668,42.290000915527344,42.34000015258789,2928900,VNQ
2009-11-19,22.863502502441406,42.130001068115234,42.7400016784668,41.939998626708984,42.65999984741211,1960500,VNQ
2009-11-20,22.700702667236328,41.83000183105469,42.04999923706055,41.68000030517578,41.900001525878906,1782300,VNQ
2009-11-23,22.98832130432129,42.36000061035156,43.02000045776367,42.02000045776367,42.58000183105469,2182700,VNQ
2009-11-24,22.646434783935547,41.72999954223633,42.369998931884766,41.56999969482422,42.31999969482422,2051800,VNQ
2009-11-25,22.73868179321289,41.900001525878906,42.189998626708984,41.7599983215332,41.959999084472656,1530100,VNQ
2009-11-27,22.076608657836914,40.68000030517578,41.40999984741211,40.470001220703125,40.66999816894531,1315200,VNQ
2009-11-30,22.901504516601562,42.20000076293945,42.36000061035156,40.5,40.83000183105469,2306800,VNQ
2009-12-01,23.23796844482422,42.81999969482422,43.040000915527344,42.18000030517578,42.630001068115234,2229800,VNQ
2009-12-02,23.61785125732422,43.52000045776367,43.7400016784668,42.65999984741211,42.65999984741211,2292500,VNQ
2009-12-03,23.3519287109375,43.029998779296875,44.290000915527344,42.88999938964844,43.75,3429700,VNQ
2009-12-04,24.041141510009766,44.29999923706055,44.619998931884766,43.470001220703125,44.130001068115234,3493900,VNQ
2009-12-07,23.53643226623535,43.369998931884766,44.29999923706055,43.060001373291016,44.189998626708984,2004000,VNQ
2009-12-08,23.40077018737793,43.119998931884766,43.84000015258789,42.939998626708984,43.0099983215332,2069600,VNQ
2009-12-09,23.3519287109375,43.029998779296875,43.4900016784668,42.970001220703125,43.2599983215332,1942500,VNQ
2009-12-10,23.259666442871094,42.86000061035156,43.40999984741211,42.630001068115234,43.27000045776367,1546900,VNQ
2009-12-11,23.63412857055664,43.54999923706055,43.59000015258789,42.90999984741211,43.04999923706055,1555300,VNQ
2009-12-14,24.062849044799805,44.34000015258789,44.43000030517578,43.2400016784668,43.72999954223633,3169900,VNQ
2009-12-15,23.824071884155273,43.900001525878906,44.2400016784668,43.790000915527344,44.060001373291016,2450600,VNQ
2009-12-16,23.997730255126953,44.220001220703125,44.439998626708984,44.0,44.15999984741211,2626100,VNQ
2009-12-17,23.851200103759766,43.95000076293945,44.220001220703125,43.599998474121094,43.88999938964844,2526300,VNQ
2009-12-18,24.00857925415039,44.2400016784668,44.29999923706055,43.52000045776367,44.06999969482422,2061600,VNQ
2009-12-21,24.334203720092773,44.84000015258789,44.900001525878906,44.36000061035156,44.400001525878906,2957000,VNQ
2009-12-22,24.58925437927246,45.310001373291016,45.349998474121094,44.849998474121094,44.849998474121094,1703500,VNQ
2009-12-23,24.882308959960938,45.849998474121094,46.349998474121094,45.29999923706055,45.29999923706055,1531400,VNQ
2009-12-24,25.241802215576172,45.91999816894531,45.939998626708984,45.470001220703125,45.52000045776367,560300,VNQ
2009-12-28,25.362730026245117,46.13999938964844,46.63999938964844,45.95000076293945,46.099998474121094,2909600,VNQ
2009-12-29,24.98344612121582,45.45000076293945,46.439998626708984,45.439998626708984,46.310001373291016,1939400,VNQ
2009-12-30,25.021926879882812,45.52000045776367,45.56999969482422,45.040000915527344,45.29999923706055,1424300,VNQ
2009-12-31,24.593168258666992,44.7400016784668,45.97999954223633,44.689998626708984,45.7400016784668,1259000,VNQ
2010-01-04,24.488739013671875,44.54999923706055,45.41999816894531,44.20000076293945,45.220001220703125,2408400,VNQ
2010-01-05,24.461244583129883,44.5,44.58000183105469,43.93000030517578,44.5,2054200,VNQ
2010-01-06,24.417268753051758,44.41999816894531,44.84000015258789,44.29999923706055,44.52000045776367,2471200,VNQ
2010-01-07,24.68113136291504,44.900001525878906,45.099998474121094,43.95000076293945,44.459999084472656,2091700,VNQ
2010-01-08,24.499723434448242,44.56999969482422,44.849998474121094,44.18000030517578,44.810001373291016,2682000,VNQ
2010-01-11,24.64265251159668,44.83000183105469,45.060001373291016,44.58000183105469,44.869998931884766,1924800,VNQ
2010-01-12,24.230377197265625,44.08000183105469,44.77000045776367,43.86000061035156,44.43000030517578,3124500,VNQ
2010-01-13,24.7196102142334,44.970001220703125,45.08000183105469,44.130001068115234,44.18000030517578,2133000,VNQ
2010-01-14,24.697607040405273,44.93000030517578,45.060001373291016,44.59000015258789,44.90999984741211,1594700,VNQ
2010-01-15,24.510719299316406,44.59000015258789,44.849998474121094,44.400001525878906,44.75,5577000,VNQ
2010-01-19,25.010940551757812,45.5,45.630001068115234,44.459999084472656,44.540000915527344,2454200,VNQ
2010-01-20,24.7305965423584,44.9900016784668,45.15999984741211,44.54999923706055,45.15999984741211,3339900,VNQ
2010-01-21,24.021493911743164,43.70000076293945,45.27000045776367,43.619998931884766,44.97999954223633,4233400,VNQ
2010-01-22,23.416831970214844,42.599998474121094,44.0099983215332,42.470001220703125,43.54999923706055,5039500,VNQ
2010-01-25,23.581745147705078,42.900001525878906,43.13999938964844,42.099998474121094,43.13999938964844,3749000,VNQ
2010-01-26,23.36186408996582,42.5,43.18000030517578,42.41999816894531,42.470001220703125,3352900,VNQ
2010-01-27,23.570751190185547,42.880001068115234,42.939998626708984,41.86000061035156,42.630001068115234,3714400,VNQ
2010-01-28,23.36737060546875,42.5099983215332,43.22999954223633,42.099998474121094,43.209999084472656,3750000,VNQ
2010-01-29,23.235435485839844,42.27000045776367,43.18000030517578,41.97999954223633,42.81999969482422,4096200,VNQ
2010-02-01,23.658700942993164,43.040000915527344,43.099998474121094,42.4900016784668,42.59000015258789,2839200,VNQ
2010-02-02,23.983009338378906,43.630001068115234,43.84000015258789,42.68000030517578,43.16999816894531,3270000,VNQ
2010-02-03,23.59273910522461,42.91999816894531,43.4900016784668,42.66999816894531,43.47999954223633,3079200,VNQ
2010-02-04,22.71872901916504,41.33000183105469,42.61000061035156,41.33000183105469,42.560001373291016,3942800,VNQ
2010-02-05,23.13649559020996,42.09000015258789,42.279998779296875,40.86000061035156,41.4900016784668,5100500,VNQ
2010-02-08,22.63077735900879,41.16999816894531,42.38999938964844,41.06999969482422,42.2599983215332,2969600,VNQ
2010-02-09,22.559316635131836,41.040000915527344,41.810001373291016,40.720001220703125,41.68000030517578,4785200,VNQ
2010-02-10,22.603288650512695,41.119998931884766,41.630001068115234,40.33000183105469,41.119998931884766,2893900,VNQ
2010-02-11,22.817676544189453,41.5099983215332,41.529998779296875,40.599998474121094,41.099998474121094,2706400,VNQ
2010-02-12,23.087024688720703,42.0,42.0,40.869998931884766,40.9900016784668,3385000,VNQ
2010-02-16,23.74114990234375,43.189998626708984,43.22999954223633,42.36000061035156,42.439998626708984,2730300,VNQ
2010-02-17,23.955522537231445,43.58000183105469,43.75,43.2400016784668,43.310001373291016,3139000,VNQ
2010-02-18,24.312828063964844,44.22999954223633,44.349998474121094,43.27000045776367,43.40999984741211,2737200,VNQ
2010-02-19,24.329330444335938,44.2599983215332,44.5,43.86000061035156,44.029998779296875,3250100,VNQ
2010-02-22,24.389793395996094,44.369998931884766,44.66999816894531,44.150001525878906,44.400001525878906,1757800,VNQ
2010-02-23,24.202884674072266,44.029998779296875,44.5099983215332,43.93000030517578,44.209999084472656,2715900,VNQ
2010-02-24,24.450260162353516,44.47999954223633,44.4900016784668,44.040000915527344,44.11000061035156,2965400,VNQ
2010-02-25,24.543704986572266,44.650001525878906,44.7400016784668,43.720001220703125,44.0,2067000,VNQ
2010-02-26,24.53270721435547,44.630001068115234,45.119998931884766,44.43000030517578,44.7599983215332,1784300,VNQ
2010-03-01,24.74158477783203,45.0099983215332,45.18000030517578,44.72999954223633,44.900001525878906,1849600,VNQ
2010-03-02,24.752582550048828,45.029998779296875,45.27000045776367,44.91999816894531,45.189998626708984,1575400,VNQ
2010-03-03,24.68661117553711,44.90999984741211,45.220001220703125,44.84000015258789,45.13999938964844,1884000,VNQ
2010-03-04,24.840524673461914,45.189998626708984,45.2400016784668,44.880001068115234,44.91999816894531,1557300,VNQ
2010-03-05,25.51665496826172,46.41999816894531,46.5099983215332,45.25,45.349998474121094,2161800,VNQ
2010-03-08,25.77500343322754,46.88999938964844,47.060001373291016,46.36000061035156,46.45000076293945,1729200,VNQ
2010-03-09,25.835474014282227,47.0,47.720001220703125,46.61000061035156,46.810001373291016,2126000,VNQ
2010-03-10,26.066343307495117,47.41999816894531,47.63999938964844,46.959999084472656,47.22999954223633,2311500,VNQ
2010-03-11,26.22025489807129,47.70000076293945,47.75,47.029998779296875,47.20000076293945,1766200,VNQ
2010-03-12,26.42914581298828,48.08000183105469,48.36000061035156,47.689998626708984,48.09000015258789,2344400,VNQ
2010-03-15,26.368675231933594,47.970001220703125,48.31999969482422,47.47999954223633,47.959999084472656,2164400,VNQ
2010-03-16,27.006317138671875,49.130001068115234,49.279998779296875,48.029998779296875,48.16999816894531,3905000,VNQ
2010-03-17,27.407596588134766,49.86000061035156,49.959999084472656,49.150001525878906,49.349998474121094,3467900,VNQ
2010-03-18,27.259170532226562,49.59000015258789,50.060001373291016,49.5099983215332,49.70000076293945,2448700,VNQ
2010-03-19,26.962339401245117,49.04999923706055,49.810001373291016,49.0,49.04999923706055,2703900,VNQ
2010-03-22,27.30315589904785,49.66999816894531,49.810001373291016,48.619998931884766,48.70000076293945,2922600,VNQ
2010-03-23,27.226194381713867,49.529998779296875,49.7400016784668,49.06999969482422,49.65999984741211,3974700,VNQ
2010-03-24,27.374601364135742,49.79999923706055,50.150001525878906,49.310001373291016,49.369998931884766,3241200,VNQ
2010-03-25,27.44162368774414,49.54999923706055,50.5,49.54999923706055,49.79999923706055,4033400,VNQ
2010-03-26,27.29763412475586,49.290000915527344,50.040000915527344,49.16999816894531,49.779998779296875,4339000,VNQ
2010-03-29,27.38069725036621,49.439998626708984,49.65999984741211,49.099998474121094,49.630001068115234,1914200,VNQ
2010-03-30,27.341930389404297,49.369998931884766,49.630001068115234,49.16999816894531,49.529998779296875,1968300,VNQ
2010-03-31,27.031795501708984,48.810001373291016,49.41999816894531,48.790000915527344,49.189998626708984,2365900,VNQ
2010-04-01,27.170255661010742,49.060001373291016,49.310001373291016,48.61000061035156,49.16999816894531,2198300,VNQ
2010-04-05,27.768383026123047,50.13999938964844,50.220001220703125,49.130001068115234,49.27000045776367,1961200,VNQ
2010-04-06,28.40526008605957,51.290000915527344,51.400001525878906,49.869998931884766,50.04999923706055,3307100,VNQ
2010-04-07,27.779447555541992,50.15999984741211,51.31999969482422,49.939998626708984,51.189998626708984,3521700,VNQ
2010-04-08,27.812681198120117,50.220001220703125,50.29999923706055,49.849998474121094,49.939998626708984,2047800,VNQ
2010-04-09,28.205890655517578,50.93000030517578,51.04999923706055,50.130001068115234,50.41999816894531,1710500,VNQ
2010-04-12,28.028663635253906,50.61000061035156,51.150001525878906,50.560001373291016,51.119998931884766,1872300,VNQ
2010-04-13,28.715391159057617,51.849998474121094,52.029998779296875,50.58000183105469,50.650001525878906,1712600,VNQ
2010-04-14,28.759700775146484,51.93000030517578,52.29999923706055,51.630001068115234,52.25,2026800,VNQ
2010-04-15,27.973285675048828,50.5099983215332,51.779998779296875,50.459999084472656,51.68000030517578,2594700,VNQ
2010-04-16,27.33086585998535,49.349998474121094,50.81999969482422,49.2400016784668,50.38999938964844,4450000,VNQ
2010-04-19,27.45269775390625,49.56999969482422,49.959999084472656,48.84000015258789,49.0099983215332,2825700,VNQ
2010-04-20,27.91790199279785,50.40999984741211,50.40999984741211,49.31999969482422,49.849998474121094,2193300,VNQ
2010-04-21,28.40526008605957,51.290000915527344,51.59000015258789,50.279998779296875,50.31999969482422,2980100,VNQ
2010-04-22,28.84278106689453,52.08000183105469,52.279998779296875,50.619998931884766,50.900001525878906,1552700,VNQ
2010-04-23,29.22490882873535,52.77000045776367,52.83000183105469,51.720001220703125,52.22999954223633,3302900,VNQ
2010-04-26,29.45751190185547,53.189998626708984,53.599998474121094,52.720001220703125,52.93000030517578,2486700,VNQ
2010-04-27,28.516027450561523,51.4900016784668,53.25,51.4900016784668,52.88999938964844,4589700,VNQ
2010-04-28,28.604629516601562,51.650001525878906,52.20000076293945,51.439998626708984,52.119998931884766,3500600,VNQ
2010-04-29,29.895021438598633,53.97999954223633,54.060001373291016,52.27000045776367,52.310001373291016,3268600,VNQ
2010-04-30,28.96462059020996,52.29999923706055,54.36000061035156,52.18000030517578,53.869998931884766,4056200,VNQ
2010-05-03,29.928255081176758,54.040000915527344,54.349998474121094,52.75,52.7599983215332,4016000,VNQ
2010-05-04,29.2470645904541,52.810001373291016,53.540000915527344,52.34000015258789,53.22999954223633,3672500,VNQ
2010-05-05,28.85385513305664,52.099998474121094,53.04999923706055,51.31999969482422,51.970001220703125,3597300,VNQ
2010-05-06,27.66868782043457,49.959999084472656,52.09000015258789,45.0,51.72999954223633,6191800,VNQ
2010-05-07,27.203481674194336,49.119998931884766,51.130001068115234,48.31999969482422,50.43000030517578,5896600,VNQ
2010-05-10,28.99785041809082,52.36000061035156,52.5099983215332,51.33000183105469,51.7599983215332,4817300,VNQ
2010-05-11,29.169530868530273,52.66999816894531,53.18000030517578,51.52000045776367,51.650001525878906,3229100,VNQ
2010-05-12,29.64028549194336,53.52000045776367,53.709999084472656,52.54999923706055,52.90999984741211,2577400,VNQ
2010-05-13,29.158464431762695,52.650001525878906,53.7599983215332,52.560001373291016,53.63999938964844,2522000,VNQ
2010-05-14,28.233585357666016,50.97999954223633,52.2599983215332,50.439998626708984,52.209999084472656,4558000,VNQ
2010-05-17,28.272342681884766,51.04999923706055,52.0099983215332,49.52000045776367,51.2400016784668,2913300,VNQ
2010-05-18,27.557933807373047,49.7599983215332,51.900001525878906,49.470001220703125,51.849998474121094,3725300,VNQ
2010-05-19,27.303173065185547,49.29999923706055,50.400001525878906,47.97999954223633,49.29999923706055,5955800,VNQ
2010-05-20,25.902015686035156,46.77000045776367,48.459999084472656,46.66999816894531,47.97999954223633,5847200,VNQ
2010-05-21,26.771512985229492,48.34000015258789,48.400001525878906,45.72999954223633,46.0,5652000,VNQ
2010-05-24,26.173381805419922,47.2599983215332,48.63999938964844,47.18000030517578,48.380001068115234,3826100,VNQ
2010-05-25,26.383834838867188,47.63999938964844,47.7400016784668,45.36000061035156,45.91999816894531,4736400,VNQ
2010-05-26,26.328445434570312,47.540000915527344,49.040000915527344,47.22999954223633,48.439998626708984,4937300,VNQ
2010-05-27,27.773916244506836,50.150001525878906,50.20000076293945,48.189998626708984,48.77000045776367,2876100,VNQ
2010-05-28,27.419462203979492,49.5099983215332,50.470001220703125,49.189998626708984,50.06999969482422,2769200,VNQ
2010-06-01,26.849037170410156,48.47999954223633,49.70000076293945,48.400001525878906,48.84000015258789,2715000,VNQ
2010-06-02,27.375164031982422,49.43000030517578,49.529998779296875,47.970001220703125,48.81999969482422,2015700,VNQ
2010-06-03,27.29763412475586,49.290000915527344,49.75,48.849998474121094,49.70000076293945,2171700,VNQ
2010-06-04,25.75247573852539,46.5,48.709999084472656,46.25,48.31999969482422,9751200,VNQ
2010-06-07,25.614032745361328,46.25,47.529998779296875,46.16999816894531,46.7599983215332,3646600,VNQ
2010-06-08,26.073694229125977,47.08000183105469,47.16999816894531,45.22999954223633,46.41999816894531,4966300,VNQ
2010-06-09,26.2287654876709,47.36000061035156,48.720001220703125,47.119998931884766,47.529998779296875,4130400,VNQ
2010-06-10,27.364089965820312,49.40999984741211,49.599998474121094,47.959999084472656,48.380001068115234,3918800,VNQ
2010-06-11,27.69084358215332,50.0,50.119998931884766,48.790000915527344,48.880001068115234,2626800,VNQ
2010-06-14,28.034208297729492,50.619998931884766,51.150001525878906,50.11000061035156,50.65999984741211,2967100,VNQ
2010-06-15,28.6600341796875,51.75,51.86000061035156,50.59000015258789,50.93000030517578,2692500,VNQ
2010-06-16,28.399707794189453,51.279998779296875,51.709999084472656,51.02000045776367,51.369998931884766,2496600,VNQ
2010-06-17,28.460643768310547,51.38999938964844,51.630001068115234,50.83000183105469,51.4900016784668,3137100,VNQ
2010-06-18,28.372034072875977,51.22999954223633,51.58000183105469,50.970001220703125,51.58000183105469,1981200,VNQ
2010-06-21,28.1505069732666,50.83000183105469,52.150001525878906,50.68000030517578,51.939998626708984,2910100,VNQ
2010-06-22,27.314247131347656,49.31999969482422,51.18000030517578,49.189998626708984,50.970001220703125,4468100,VNQ
2010-06-23,27.386240005493164,49.45000076293945,50.029998779296875,48.52000045776367,49.2599983215332,2987900,VNQ
2010-06-24,26.806507110595703,47.95000076293945,48.849998474121094,47.790000915527344,48.66999816894531,3163500,VNQ
2010-06-25,27.48295783996582,49.15999984741211,49.380001068115234,47.84000015258789,48.150001525878906,4883700,VNQ
2010-06-28,27.158710479736328,48.58000183105469,49.38999938964844,48.38999938964844,49.34000015258789,2439400,VNQ
2010-06-29,26.269826889038086,46.9900016784668,47.869998931884766,46.599998474121094,47.849998474121094,4804700,VNQ
2010-06-30,25.99028778076172,46.4900016784668,47.709999084472656,46.34000015258789,47.060001373291016,3616100,VNQ
2010-07-01,25.900836944580078,46.33000183105469,46.7400016784668,45.18000030517578,46.52000045776367,7804700,VNQ
2010-07-02,25.403289794921875,45.439998626708984,46.709999084472656,45.20000076293945,46.52000045776367,2682600,VNQ
2010-07-06,24.838645935058594,44.43000030517578,46.54999923706055,43.959999084472656,46.33000183105469,4989800,VNQ
2010-07-07,26.04619789123535,46.59000015258789,46.650001525878906,44.45000076293945,44.5,3702500,VNQ
2010-07-08,26.37044334411621,47.16999816894531,47.59000015258789,46.33000183105469,47.25,2288500,VNQ
2010-07-09,26.70587730407715,47.77000045776367,47.86000061035156,46.95000076293945,47.09000015258789,1597100,VNQ
2010-07-12,26.78973388671875,47.91999816894531,48.06999969482422,47.16999816894531,47.689998626708984,2419900,VNQ
2010-07-13,27.44940948486328,49.099998474121094,49.279998779296875,48.38999938964844,48.63999938964844,2622800,VNQ
2010-07-14,27.287290573120117,48.810001373291016,49.27000045776367,48.16999816894531,48.869998931884766,2297300,VNQ
2010-07-15,27.197851181030273,48.650001525878906,48.900001525878906,47.68000030517578,48.880001068115234,2560700,VNQ
2010-07-16,26.314546585083008,47.06999969482422,48.400001525878906,46.70000076293945,48.33000183105469,2758100,VNQ
2010-07-19,26.6387882232666,47.650001525878906,47.900001525878906,46.369998931884766,47.150001525878906,2740600,VNQ
2010-07-20,27.136341094970703,48.540000915527344,48.709999084472656,46.720001220703125,46.880001068115234,3494800,VNQ
2010-07-21,26.571704864501953,47.529998779296875,48.91999816894531,47.279998779296875,48.7599983215332,3526700,VNQ
2010-07-22,27.566816329956055,49.310001373291016,49.709999084472656,48.09000015258789,48.13999938964844,3295200,VNQ
2010-07-23,27.919015884399414,49.939998626708984,49.97999954223633,48.439998626708984,49.2400016784668,2956400,VNQ
2010-07-26,28.617816925048828,51.189998626708984,51.310001373291016,49.63999938964844,50.04999923706055,3857800,VNQ
2010-07-27,28.612232208251953,51.18000030517578,51.81999969482422,50.59000015258789,51.68000030517578,3483300,VNQ
2010-07-28,28.55634307861328,51.08000183105469,51.70000076293945,50.779998779296875,51.029998779296875,2919200,VNQ
2010-07-29,28.315946578979492,50.650001525878906,51.63999938964844,50.13999938964844,51.5099983215332,2276900,VNQ
2010-07-30,28.483652114868164,50.95000076293945,51.209999084472656,49.95000076293945,50.08000183105469,2746300,VNQ
2010-08-02,29.439638137817383,52.65999984741211,52.810001373291016,51.619998931884766,51.779998779296875,3018300,VNQ
2010-08-03,29.154525756835938,52.150001525878906,52.56999969482422,51.779998779296875,52.529998779296875,1955500,VNQ
2010-08-04,29.361377716064453,52.52000045776367,52.540000915527344,51.900001525878906,52.38999938964844,2041300,VNQ
2010-08-05,28.992395401000977,51.86000061035156,52.5,51.75,52.2400016784668,1847300,VNQ
2010-08-06,28.858219146728516,51.619998931884766,51.779998779296875,50.7599983215332,51.310001373291016,1836100,VNQ
2010-08-09,29.188074111938477,52.209999084472656,52.380001068115234,51.560001373291016,51.880001068115234,2914500,VNQ
2010-08-10,28.9029483795166,51.70000076293945,52.22999954223633,51.15999984741211,51.779998779296875,2180200,VNQ
2010-08-11,28.181772232055664,50.40999984741211,51.09000015258789,49.9900016784668,50.84000015258789,2688600,VNQ
2010-08-12,27.82956886291504,49.779998779296875,50.290000915527344,49.5,49.75,2632600,VNQ
2010-08-13,27.82956886291504,49.779998779296875,50.150001525878906,49.619998931884766,49.75,2208700,VNQ
2010-08-16,27.807207107543945,49.7400016784668,50.189998626708984,49.25,49.529998779296875,1827400,VNQ
2010-08-17,28.44452476501465,50.880001068115234,51.2400016784668,49.93000030517578,50.22999954223633,2290800,VNQ
2010-08-18,28.47247886657715,50.93000030517578,51.27000045776367,50.5099983215332,51.029998779296875,1651800,VNQ
2010-08-19,27.745702743530273,49.630001068115234,50.779998779296875,49.349998474121094,50.779998779296875,2883700,VNQ
2010-08-20,27.65625762939453,49.470001220703125,49.540000915527344,48.959999084472656,49.349998474121094,1585400,VNQ
2010-08-23,27.51091194152832,49.209999084472656,49.84000015258789,49.189998626708984,49.66999816894531,1535700,VNQ
2010-08-24,27.399091720581055,49.0099983215332,49.34000015258789,48.11000061035156,48.5,2611500,VNQ
2010-08-25,27.835159301757812,49.790000915527344,50.040000915527344,48.529998779296875,48.599998474121094,1817700,VNQ
2010-08-26,27.667444229125977,49.4900016784668,50.439998626708984,49.41999816894531,50.150001525878906,2792800,VNQ
2010-08-27,28.1258602142334,50.310001373291016,50.400001525878906,48.75,49.79999923706055,2298700,VNQ
2010-08-30,27.907825469970703,49.91999816894531,50.68000030517578,49.869998931884766,50.2400016784668,1641900,VNQ
2010-08-31,28.12027931213379,50.29999923706055,50.459999084472656,49.4900016784668,49.7599983215332,2804700,VNQ
2010-09-01,29.0371150970459,51.939998626708984,52.06999969482422,50.880001068115234,50.88999938964844,2037800,VNQ
2010-09-02,29.406095504760742,52.599998474121094,52.66999816894531,51.86000061035156,51.9900016784668,1990000,VNQ
2010-09-03,29.836570739746094,53.369998931884766,53.400001525878906,52.81999969482422,53.33000183105469,2093000,VNQ
2010-09-07,29.37813949584961,52.54999923706055,53.11000061035156,52.4900016784668,52.91999816894531,1728300,VNQ
2010-09-08,29.439638137817383,52.65999984741211,52.9900016784668,52.43000030517578,52.61000061035156,2043200,VNQ
2010-09-09,29.098613739013672,52.04999923706055,53.279998779296875,51.88999938964844,53.209999084472656,1428600,VNQ
2010-09-10,29.255149841308594,52.33000183105469,52.56999969482422,51.91999816894531,52.209999084472656,1024300,VNQ
2010-09-13,29.735931396484375,53.189998626708984,53.22999954223633,52.65999984741211,52.83000183105469,1611000,VNQ
2010-09-14,29.62411880493164,52.9900016784668,53.380001068115234,52.70000076293945,53.04999923706055,1842800,VNQ
2010-09-15,29.881288528442383,53.45000076293945,53.650001525878906,52.66999816894531,52.72999954223633,3981000,VNQ
2010-09-16,29.724750518798828,53.16999816894531,53.540000915527344,52.959999084472656,53.349998474121094,1490300,VNQ
2010-09-17,29.81419563293457,53.33000183105469,53.560001373291016,52.849998474121094,53.400001525878906,1287600,VNQ
2010-09-20,30.540971755981445,54.630001068115234,54.849998474121094,53.40999984741211,53.52000045776367,1801800,VNQ
2010-09-21,30.093727111816406,53.83000183105469,54.77000045776367,53.709999084472656,54.77000045776367,3266300,VNQ
2010-09-22,29.68562126159668,53.099998474121094,53.91999816894531,53.0,53.540000915527344,2927100,VNQ
2010-09-23,28.953264236450195,51.790000915527344,52.790000915527344,51.59000015258789,52.68000030517578,2352800,VNQ
2010-09-24,29.772314071655273,52.779998779296875,52.79999923706055,51.91999816894531,52.029998779296875,3617600,VNQ
2010-09-27,29.405649185180664,52.130001068115234,52.97999954223633,51.880001068115234,52.97999954223633,1765200,VNQ
2010-09-28,29.52411651611328,52.34000015258789,52.470001220703125,51.36000061035156,52.29999923706055,1755000,VNQ
2010-09-29,29.292842864990234,51.93000030517578,52.279998779296875,51.7400016784668,52.27000045776367,2032200,VNQ
2010-09-30,29.377443313598633,52.08000183105469,52.81999969482422,51.68000030517578,52.349998474121094,2745600,VNQ
2010-10-01,29.52411651611328,52.34000015258789,52.599998474121094,51.689998626708984,52.38999938964844,6097900,VNQ
2010-10-04,29.794872283935547,52.81999969482422,52.81999969482422,52.150001525878906,52.25,5232900,VNQ
2010-10-05,30.26870346069336,53.65999984741211,53.84000015258789,52.81999969482422,53.11000061035156,2061300,VNQ
2010-10-06,30.105119705200195,53.369998931884766,53.599998474121094,53.09000015258789,53.459999084472656,2100000,VNQ
2010-10-07,30.189733505249023,53.52000045776367,53.88999938964844,53.2599983215332,53.599998474121094,1283000,VNQ
2010-10-08,30.27433967590332,53.66999816894531,53.79999923706055,53.2400016784668,53.54999923706055,1118100,VNQ
2010-10-11,30.26870346069336,53.65999984741211,53.84000015258789,53.52000045776367,53.7400016784668,954600,VNQ
2010-10-12,30.48306655883789,54.040000915527344,54.18000030517578,53.279998779296875,53.5099983215332,1686500,VNQ
2010-10-13,30.798940658569336,54.599998474121094,55.09000015258789,54.11000061035156,54.20000076293945,1634600,VNQ
2010-10-14,30.719972610473633,54.459999084472656,54.810001373291016,54.119998931884766,54.5,1587600,VNQ
2010-10-15,30.680492401123047,54.38999938964844,54.91999816894531,54.27000045776367,54.75,1794000,VNQ
2010-10-18,31.075336456298828,55.09000015258789,55.150001525878906,54.310001373291016,54.369998931884766,1638000,VNQ
2010-10-19,30.691761016845703,54.40999984741211,55.2400016784668,54.22999954223633,54.45000076293945,1987000,VNQ
2010-10-20,31.363033294677734,55.599998474121094,56.08000183105469,54.52000045776367,54.52000045776367,1958700,VNQ
2010-10-21,31.329179763793945,55.540000915527344,56.18000030517578,55.18000030517578,55.93000030517578,1848300,VNQ
2010-10-22,31.34610366821289,55.56999969482422,55.90999984741211,55.16999816894531,55.70000076293945,1147900,VNQ
2010-10-25,31.40250587463379,55.66999816894531,56.0,55.56999969482422,56.0,1663900,VNQ
2010-10-26,31.1768741607666,55.27000045776367,55.43000030517578,54.970001220703125,55.25,1669500,VNQ
2010-10-27,30.956884384155273,54.880001068115234,55.2599983215332,54.5,55.029998779296875,2485700,VNQ
2010-10-28,30.765094757080078,54.540000915527344,55.380001068115234,54.0099983215332,55.13999938964844,1185400,VNQ
2010-10-29,30.77074432373047,54.54999923706055,54.77000045776367,54.31999969482422,54.43000030517578,1017800,VNQ
2010-11-01,31.03586769104004,55.02000045776367,55.540000915527344,54.66999816894531,54.810001373291016,1263100,VNQ
2010-11-02,31.250202178955078,55.400001525878906,55.56999969482422,55.08000183105469,55.439998626708984,1166400,VNQ
2010-11-03,31.250202178955078,55.400001525878906,55.61000061035156,54.91999816894531,55.61000061035156,1589400,VNQ
2010-11-04,31.972225189208984,56.68000030517578,56.779998779296875,55.77000045776367,55.90999984741211,1186500,VNQ
2010-11-05,32.31633377075195,57.290000915527344,57.650001525878906,56.459999084472656,56.880001068115234,1534200,VNQ
2010-11-08,32.141456604003906,56.97999954223633,57.29999923706055,56.5,57.130001068115234,1784400,VNQ
2010-11-09,30.838428497314453,54.66999816894531,57.209999084472656,54.290000915527344,57.119998931884766,3078600,VNQ
2010-11-10,31.22197914123535,55.349998474121094,55.380001068115234,54.70000076293945,54.90999984741211,1480000,VNQ
2010-11-11,30.973800659179688,54.90999984741211,55.43000030517578,54.75,55.0,1305100,VNQ
2010-11-12,30.686120986938477,54.400001525878906,55.060001373291016,54.130001068115234,54.599998474121094,1683700,VNQ
2010-11-15,30.392807006835938,53.880001068115234,54.81999969482422,53.790000915527344,54.52000045776367,2017000,VNQ
2010-11-16,29.349254608154297,52.029998779296875,53.540000915527344,51.619998931884766,53.5099983215332,3883400,VNQ
2010-11-17,29.574880599975586,52.43000030517578,52.7400016784668,51.959999084472656,52.15999984741211,1503300,VNQ
2010-11-18,29.840007781982422,52.900001525878906,53.400001525878906,52.790000915527344,53.310001373291016,2498900,VNQ
2010-11-19,29.99794578552246,53.18000030517578,53.310001373291016,52.33000183105469,52.75,2001900,VNQ
2010-11-22,30.076908111572266,53.31999969482422,53.5,53.0099983215332,53.040000915527344,1443200,VNQ
2010-11-23,29.840007781982422,52.900001525878906,53.0,52.58000183105469,52.720001220703125,2671600,VNQ
2010-11-24,30.41534996032715,53.91999816894531,54.0,53.29999923706055,53.31999969482422,1555400,VNQ
2010-11-26,30.35332489013672,53.810001373291016,54.04999923706055,53.56999969482422,53.68000030517578,661100,VNQ
2010-11-29,30.33639144897461,53.779998779296875,53.939998626708984,53.040000915527344,53.529998779296875,1620500,VNQ
2010-11-30,30.201019287109375,53.540000915527344,53.869998931884766,53.209999084472656,53.29999923706055,1652000,VNQ
2010-12-01,30.375885009765625,53.849998474121094,54.20000076293945,53.40999984741211,54.20000076293945,2195300,VNQ
2010-12-02,30.84408187866211,54.68000030517578,54.720001220703125,53.88999938964844,54.02000045776367,1353800,VNQ
2010-12-03,30.838428497314453,54.66999816894531,54.810001373291016,54.16999816894531,54.29999923706055,1589000,VNQ
2010-12-06,30.900463104248047,54.779998779296875,54.90999984741211,54.08000183105469,54.63999938964844,1602500,VNQ
2010-12-07,30.968175888061523,54.900001525878906,55.41999816894531,54.88999938964844,55.310001373291016,1773500,VNQ
2010-12-08,30.51127052307129,54.09000015258789,55.11000061035156,53.77000045776367,55.040000915527344,2263600,VNQ
2010-12-09,30.24049949645996,53.61000061035156,54.47999954223633,53.4900016784668,54.29999923706055,1487900,VNQ
2010-12-10,30.43792152404785,53.959999084472656,54.29999923706055,53.619998931884766,53.709999084472656,2754600,VNQ
2010-12-13,30.488697052001953,54.04999923706055,54.439998626708984,53.9900016784668,54.27000045776367,1023800,VNQ
2010-12-14,30.189733505249023,53.52000045776367,54.61000061035156,53.279998779296875,54.13999938964844,1645800,VNQ
2010-12-15,29.90203857421875,53.0099983215332,53.869998931884766,52.91999816894531,53.470001220703125,1447800,VNQ
2010-12-16,29.952810287475586,53.099998474121094,53.349998474121094,52.75,53.099998474121094,1270200,VNQ
2010-12-17,30.201019287109375,53.540000915527344,53.59000015258789,53.04999923706055,53.189998626708984,2871200,VNQ
2010-12-20,30.562030792236328,54.18000030517578,54.36000061035156,53.65999984741211,53.709999084472656,2388500,VNQ
2010-12-21,30.883556365966797,54.75,54.84000015258789,54.27000045776367,54.31999969482422,2927500,VNQ
2010-12-22,31.120466232299805,55.16999816894531,55.52000045776367,54.66999816894531,54.66999816894531,1398000,VNQ
2010-12-23,30.97945213317871,54.91999816894531,55.349998474121094,54.900001525878906,55.189998626708984,1241600,VNQ
2010-12-27,31.3643741607666,55.0,55.02000045776367,54.11000061035156,54.310001373291016,1275200,VNQ
2010-12-28,31.48982810974121,55.220001220703125,55.290000915527344,54.720001220703125,55.099998474121094,2919200,VNQ
2010-12-29,31.552568435668945,55.33000183105469,55.43000030517578,55.02000045776367,55.22999954223633,1511400,VNQ
2010-12-30,31.63808822631836,55.47999954223633,55.68000030517578,55.2400016784668,55.2400016784668,1229500,VNQ
2010-12-31,31.57537269592285,55.369998931884766,55.75,55.29999923706055,55.470001220703125,1168500,VNQ
2011-01-03,32.162742614746094,56.400001525878906,56.439998626708984,55.72999954223633,55.7599983215332,1957400,VNQ
2011-01-04,31.546859741210938,55.31999969482422,56.630001068115234,55.0,56.47999954223633,2315700,VNQ
2011-01-05,31.660907745361328,55.52000045776367,55.630001068115234,55.13999938964844,55.150001525878906,1512700,VNQ
2011-01-06,31.3643741607666,55.0,55.68000030517578,54.970001220703125,55.66999816894531,1819300,VNQ
2011-01-07,31.375776290893555,55.02000045776367,55.45000076293945,54.5,55.290000915527344,2001200,VNQ
2011-01-10,31.370071411132812,55.0099983215332,55.13999938964844,54.41999816894531,54.79999923706055,1668400,VNQ
2011-01-11,31.301651000976562,54.88999938964844,55.38999938964844,54.5099983215332,55.209999084472656,1237500,VNQ
2011-01-12,31.432804107666016,55.119998931884766,55.349998474121094,54.86000061035156,55.310001373291016,1639600,VNQ
2011-01-13,31.535442352294922,55.29999923706055,55.470001220703125,54.9900016784668,55.130001068115234,1200400,VNQ
2011-01-14,31.74644660949707,55.66999816894531,55.66999816894531,55.119998931884766,55.2599983215332,1334300,VNQ
2011-01-18,32.02016067504883,56.150001525878906,56.150001525878906,55.400001525878906,55.650001525878906,1348900,VNQ
2011-01-19,31.59818458557129,55.40999984741211,56.130001068115234,55.150001525878906,56.09000015258789,2340800,VNQ
2011-01-20,31.603885650634766,55.41999816894531,55.84000015258789,55.150001525878906,55.33000183105469,1934400,VNQ
2011-01-21,31.62670135498047,55.459999084472656,55.66999816894531,55.310001373291016,55.599998474121094,1196800,VNQ
2011-01-24,31.7863712310791,55.7400016784668,56.02000045776367,55.36000061035156,55.540000915527344,1143000,VNQ
2011-01-25,32.15702438354492,56.38999938964844,56.40999984741211,55.41999816894531,55.59000015258789,1249600,VNQ
2011-01-26,32.20835876464844,56.47999954223633,56.7599983215332,56.15999984741211,56.560001373291016,2310600,VNQ
2011-01-27,32.715885162353516,57.369998931884766,57.5,56.75,56.970001220703125,1926600,VNQ
2011-01-28,32.174137115478516,56.41999816894531,57.599998474121094,56.27000045776367,57.439998626708984,1404200,VNQ
2011-01-31,32.601844787597656,57.16999816894531,57.349998474121094,56.59000015258789,56.689998626708984,1916800,VNQ
2011-02-01,32.681671142578125,57.310001373291016,57.56999969482422,56.7599983215332,57.5099983215332,2400100,VNQ
2011-02-02,32.681671142578125,57.310001373291016,57.68000030517578,57.220001220703125,57.279998779296875,1698300,VNQ
2011-02-03,32.772918701171875,57.470001220703125,57.61000061035156,57.0,57.099998474121094,1294300,VNQ
2011-02-04,32.53340148925781,57.04999923706055,57.599998474121094,56.810001373291016,57.540000915527344,1842700,VNQ
2011-02-07,32.85275650024414,57.61000061035156,57.70000076293945,57.02000045776367,57.130001068115234,1361500,VNQ
2011-02-08,32.99531936645508,57.86000061035156,57.95000076293945,57.56999969482422,57.65999984741211,1356800,VNQ
2011-02-09,33.018131256103516,57.900001525878906,57.95000076293945,57.599998474121094,57.779998779296875,1702500,VNQ
2011-02-10,33.15499496459961,58.13999938964844,58.27000045776367,57.720001220703125,57.720001220703125,1364800,VNQ
2011-02-11,33.371700286865234,58.52000045776367,58.56999969482422,57.84000015258789,58.06999969482422,1355200,VNQ
2011-02-14,33.377376556396484,58.529998779296875,58.709999084472656,58.130001068115234,58.599998474121094,1062000,VNQ
2011-02-15,33.251930236816406,58.310001373291016,58.5099983215332,58.0,58.310001373291016,1198500,VNQ
2011-02-16,33.326072692871094,58.439998626708984,58.900001525878906,58.18000030517578,58.47999954223633,1084400,VNQ
2011-02-17,33.36028289794922,58.5,58.720001220703125,58.369998931884766,58.45000076293945,1011000,VNQ
2011-02-18,33.491451263427734,58.72999954223633,58.88999938964844,58.5,58.59000015258789,1288000,VNQ
2011-02-22,33.20062255859375,58.220001220703125,58.869998931884766,58.09000015258789,58.279998779296875,2159100,VNQ
2011-02-23,32.92119598388672,57.72999954223633,58.41999816894531,57.369998931884766,58.20000076293945,1966800,VNQ
2011-02-24,32.67027282714844,57.290000915527344,57.84000015258789,56.83000183105469,57.65999984741211,1586800,VNQ
2011-02-25,33.308963775634766,58.40999984741211,58.4900016784668,57.540000915527344,57.540000915527344,1135900,VNQ
2011-02-28,34.13583755493164,59.86000061035156,59.86000061035156,58.790000915527344,58.88999938964844,1725800,VNQ
2011-03-01,33.12077713012695,58.08000183105469,60.0,58.06999969482422,59.83000183105469,3119700,VNQ
2011-03-02,32.81854248046875,57.54999923706055,58.15999984741211,57.34000015258789,58.0,2400000,VNQ
2011-03-03,33.29185485839844,58.380001068115234,58.400001525878906,57.939998626708984,58.130001068115234,1590100,VNQ
2011-03-04,32.972511291503906,57.81999969482422,58.45000076293945,57.529998779296875,58.34000015258789,1681900,VNQ
2011-03-07,32.73301696777344,57.400001525878906,58.20000076293945,57.04999923706055,58.02000045776367,1661400,VNQ
2011-03-08,33.194923400878906,58.209999084472656,58.52000045776367,57.40999984741211,57.5,2228600,VNQ
2011-03-09,33.16069412231445,58.150001525878906,58.470001220703125,57.720001220703125,58.209999084472656,1358600,VNQ
2011-03-10,32.65317153930664,57.2599983215332,57.7400016784668,57.20000076293945,57.66999816894531,1704800,VNQ
2011-03-11,32.983917236328125,57.84000015258789,57.95000076293945,57.02000045776367,57.04999923706055,1349400,VNQ
2011-03-14,32.65317153930664,57.2599983215332,57.61000061035156,57.029998779296875,57.5,1673700,VNQ
2011-03-15,32.48208999633789,56.959999084472656,57.349998474121094,55.90999984741211,56.119998931884766,2439500,VNQ
2011-03-16,32.003074645996094,56.119998931884766,57.0099983215332,55.72999954223633,56.95000076293945,3176100,VNQ
2011-03-17,32.2482795715332,56.54999923706055,56.95000076293945,56.09000015258789,56.790000915527344,1837500,VNQ
2011-03-18,32.57332992553711,57.119998931884766,57.36000061035156,56.849998474121094,57.029998779296875,1887600,VNQ
2011-03-21,32.9268798828125,57.7400016784668,57.9900016784668,57.470001220703125,57.619998931884766,1340600,VNQ
2011-03-22,32.715885162353516,57.369998931884766,57.869998931884766,57.20000076293945,57.75,2793800,VNQ
2011-03-23,32.35663604736328,56.7400016784668,57.27000045776367,56.36000061035156,57.27000045776367,1699400,VNQ
2011-03-24,32.493492126464844,56.97999954223633,57.150001525878906,56.369998931884766,57.08000183105469,1466700,VNQ
2011-03-25,32.747371673583984,57.0099983215332,57.2599983215332,56.560001373291016,56.79999923706055,2441500,VNQ
2011-03-28,32.7071647644043,56.939998626708984,57.279998779296875,56.790000915527344,57.06999969482422,1843000,VNQ
2011-03-29,32.839290618896484,57.16999816894531,57.290000915527344,56.380001068115234,57.0,2293200,VNQ
2011-03-30,33.3160400390625,58.0,58.06999969482422,57.2400016784668,57.4900016784668,1832700,VNQ
2011-03-31,33.58602523803711,58.470001220703125,58.560001373291016,57.900001525878906,57.959999084472656,3204000,VNQ
2011-04-01,33.637725830078125,58.560001373291016,58.95000076293945,58.25,58.779998779296875,4149100,VNQ
2011-04-04,33.614749908447266,58.52000045776367,58.77000045776367,58.400001525878906,58.7400016784668,1072600,VNQ
2011-04-05,33.64921951293945,58.58000183105469,58.81999969482422,58.38999938964844,58.459999084472656,1248100,VNQ
2011-04-06,33.66644287109375,58.61000061035156,58.84000015258789,58.439998626708984,58.84000015258789,1286500,VNQ
2011-04-07,33.293067932128906,57.959999084472656,58.689998626708984,57.689998626708984,58.66999816894531,1773000,VNQ
2011-04-08,33.05181884765625,57.540000915527344,58.349998474121094,57.369998931884766,58.119998931884766,2259700,VNQ
2011-04-11,33.07479476928711,57.58000183105469,58.029998779296875,57.38999938964844,57.650001525878906,1335300,VNQ
2011-04-12,33.01736068725586,57.47999954223633,57.75,57.33000183105469,57.38999938964844,1996500,VNQ
2011-04-13,32.965660095214844,57.38999938964844,57.77000045776367,57.290000915527344,57.7599983215332,1212600,VNQ
2011-04-14,33.44242858886719,58.220001220703125,58.34000015258789,57.099998474121094,57.220001220703125,1423500,VNQ
2011-04-15,33.87324523925781,58.970001220703125,59.0,58.25,58.380001068115234,1408600,VNQ
2011-04-18,33.56879806518555,58.439998626708984,58.529998779296875,58.060001373291016,58.529998779296875,1709900,VNQ
2011-04-19,33.833030700683594,58.900001525878906,59.0,58.5099983215332,58.560001373291016,1096500,VNQ
2011-04-20,34.2293701171875,59.59000015258789,59.68000030517578,59.0,59.40999984741211,1432600,VNQ
2011-04-21,34.45914077758789,59.9900016784668,60.02000045776367,59.33000183105469,59.75,1746900,VNQ
2011-04-25,34.68890380859375,60.38999938964844,60.61000061035156,59.810001373291016,60.119998931884766,1421400,VNQ
2011-04-26,34.99334716796875,60.91999816894531,61.13999938964844,60.27000045776367,60.61000061035156,2700000,VNQ
2011-04-27,35.2518310546875,61.369998931884766,61.43000030517578,60.83000183105469,61.040000915527344,1860300,VNQ
2011-04-28,35.722862243652344,62.189998626708984,62.380001068115234,61.38999938964844,61.45000076293945,2348200,VNQ
2011-04-29,35.51605224609375,61.83000183105469,62.349998474121094,61.09000015258789,62.290000915527344,1777800,VNQ
2011-05-02,35.5677604675293,61.91999816894531,62.36000061035156,61.400001525878906,62.130001068115234,2434500,VNQ
2011-05-03,35.2633171081543,61.38999938964844,62.189998626708984,60.689998626708984,61.7400016784668,2052900,VNQ
2011-05-04,35.062286376953125,61.040000915527344,61.4900016784668,60.75,61.290000915527344,1650200,VNQ
2011-05-05,35.03929901123047,61.0,61.45000076293945,60.52000045776367,60.709999084472656,1900000,VNQ
2011-05-06,34.7291145324707,60.459999084472656,61.54999923706055,60.290000915527344,61.43000030517578,2277700,VNQ
2011-05-09,34.90718460083008,60.77000045776367,60.93000030517578,60.220001220703125,60.4900016784668,983300,VNQ
2011-05-10,35.4586181640625,61.72999954223633,61.810001373291016,60.97999954223633,61.02000045776367,1699400,VNQ
2011-05-11,35.08525085449219,61.08000183105469,61.709999084472656,60.880001068115234,61.689998626708984,1736000,VNQ
2011-05-12,35.1427001953125,61.18000030517578,61.27000045776367,60.38999938964844,60.900001525878906,1429800,VNQ
2011-05-13,34.76931381225586,60.529998779296875,61.33000183105469,60.380001068115234,61.33000183105469,1482300,VNQ
2011-05-16,34.82101821899414,60.619998931884766,61.0099983215332,60.22999954223633,60.2599983215332,2157000,VNQ
2011-05-17,34.80954360961914,60.599998474121094,60.75,60.220001220703125,60.439998626708984,2183400,VNQ
2011-05-18,35.1484260559082,61.189998626708984,61.25,60.34000015258789,60.59000015258789,1323700,VNQ
2011-05-19,35.29779815673828,61.45000076293945,61.709999084472656,60.970001220703125,61.45000076293945,1324000,VNQ
2011-05-20,34.86697769165039,60.70000076293945,61.40999984741211,60.63999938964844,61.15999984741211,1385200,VNQ
2011-05-23,34.510841369628906,60.08000183105469,60.36000061035156,59.91999816894531,60.08000183105469,1809700,VNQ
2011-05-24,34.61423110961914,60.2599983215332,60.4900016784668,60.040000915527344,60.20000076293945,1299400,VNQ
2011-05-25,34.775054931640625,60.540000915527344,60.849998474121094,59.720001220703125,60.13999938964844,1411900,VNQ
2011-05-26,35.24034118652344,61.349998474121094,61.5099983215332,60.27000045776367,60.47999954223633,1095800,VNQ
2011-05-27,35.44139099121094,61.70000076293945,61.77000045776367,61.25,61.5099983215332,970600,VNQ
2011-05-31,36.004310607910156,62.68000030517578,62.70000076293945,61.95000076293945,62.18000030517578,1691500,VNQ
2011-06-01,34.97036361694336,60.880001068115234,62.61000061035156,60.79999923706055,62.540000915527344,2859300,VNQ
2011-06-02,34.71762466430664,60.439998626708984,61.400001525878906,60.34000015258789,60.880001068115234,2122900,VNQ
2011-06-03,34.8554801940918,60.68000030517578,60.959999084472656,59.68000030517578,59.84000015258789,1897800,VNQ
2011-06-06,34.34426498413086,59.790000915527344,60.779998779296875,59.7599983215332,60.58000183105469,1172700,VNQ
2011-06-07,34.70614242553711,60.41999816894531,60.959999084472656,59.939998626708984,60.119998931884766,1252000,VNQ
2011-06-08,34.608489990234375,60.25,60.810001373291016,60.11000061035156,60.15999984741211,1509400,VNQ
2011-06-09,34.2351188659668,59.599998474121094,60.459999084472656,59.33000183105469,60.41999816894531,1381600,VNQ
2011-06-10,33.37348937988281,58.099998474121094,59.43000030517578,58.0099983215332,59.33000183105469,2011600,VNQ
2011-06-13,33.5113525390625,58.34000015258789,58.7599983215332,57.97999954223633,58.25,1780800,VNQ
2011-06-14,34.01110076904297,59.209999084472656,59.369998931884766,58.7400016784668,58.90999984741211,1163900,VNQ
2011-06-15,33.46540069580078,58.2599983215332,59.0099983215332,57.81999969482422,58.689998626708984,1761700,VNQ
2011-06-16,33.72963333129883,58.720001220703125,59.0,57.88999938964844,58.27000045776367,2077100,VNQ
2011-06-17,34.05131149291992,59.279998779296875,59.45000076293945,58.72999954223633,59.36000061035156,1912800,VNQ
2011-06-20,34.46487808227539,60.0,60.150001525878906,59.09000015258789,59.09000015258789,1968200,VNQ
2011-06-21,34.73485565185547,60.470001220703125,60.529998779296875,59.9900016784668,60.36000061035156,1375400,VNQ
2011-06-22,34.6314582824707,60.290000915527344,60.880001068115234,60.22999954223633,60.34000015258789,3467800,VNQ
2011-06-23,33.93067932128906,59.06999969482422,59.560001373291016,58.529998779296875,59.470001220703125,2618700,VNQ
2011-06-24,33.93587875366211,58.58000183105469,59.040000915527344,58.20000076293945,58.709999084472656,2083800,VNQ
2011-06-27,34.08071517944336,58.83000183105469,59.04999923706055,58.529998779296875,58.61000061035156,2519000,VNQ
2011-06-28,34.36458206176758,59.31999969482422,59.369998931884766,58.63999938964844,59.02000045776367,1278700,VNQ
2011-06-29,34.723751068115234,59.939998626708984,60.09000015258789,59.31999969482422,59.63999938964844,2049000,VNQ
2011-06-30,34.816429138183594,60.099998474121094,60.400001525878906,59.83000183105469,60.13999938964844,1960900,VNQ
2011-07-01,35.41312789916992,61.130001068115234,61.29999923706055,60.119998931884766,60.27000045776367,1796700,VNQ
2011-07-05,35.685394287109375,61.599998474121094,61.790000915527344,60.84000015258789,61.310001373291016,1693200,VNQ
2011-07-06,35.951866149902344,62.060001373291016,62.150001525878906,61.34000015258789,61.41999816894531,1655200,VNQ
2011-07-07,36.40373992919922,62.84000015258789,62.9900016784668,62.45000076293945,62.529998779296875,1530900,VNQ
2011-07-08,36.35739517211914,62.7599983215332,62.779998779296875,61.959999084472656,62.130001068115234,1956000,VNQ
2011-07-11,35.72594451904297,61.66999816894531,62.18000030517578,61.529998779296875,61.869998931884766,1878600,VNQ
2011-07-12,35.84761047363281,61.880001068115234,62.7400016784668,61.36000061035156,61.470001220703125,2078400,VNQ
2011-07-13,35.49422836303711,61.27000045776367,62.20000076293945,61.220001220703125,62.04999923706055,1853600,VNQ
2011-07-14,35.164024353027344,60.70000076293945,61.5099983215332,60.43000030517578,61.41999816894531,1715800,VNQ
2011-07-15,35.55216979980469,61.369998931884766,61.380001068115234,60.529998779296875,60.939998626708984,1526200,VNQ
2011-07-18,35.30305480957031,60.939998626708984,61.290000915527344,60.40999984741211,61.189998626708984,1272400,VNQ
2011-07-19,35.87078857421875,61.91999816894531,61.95000076293945,61.099998474121094,61.310001373291016,1363100,VNQ
2011-07-20,36.131465911865234,62.369998931884766,62.47999954223633,61.79999923706055,62.15999984741211,1508500,VNQ
2011-07-21,36.42111587524414,62.869998931884766,63.22999954223633,62.70000076293945,62.709999084472656,1373600,VNQ
2011-07-22,36.60072326660156,63.18000030517578,63.31999969482422,62.709999084472656,62.9900016784668,1184400,VNQ
2011-07-25,36.25893020629883,62.59000015258789,62.9900016784668,62.290000915527344,62.47999954223633,2624300,VNQ
2011-07-26,36.34001922607422,62.72999954223633,62.959999084472656,62.209999084472656,62.54999923706055,1815200,VNQ
2011-07-27,35.32042694091797,60.970001220703125,62.529998779296875,60.91999816894531,62.380001068115234,1794700,VNQ
2011-07-28,35.35519027709961,61.029998779296875,61.619998931884766,60.369998931884766,60.95000076293945,2360300,VNQ
2011-07-29,35.36098861694336,61.040000915527344,61.13999938964844,59.959999084472656,60.4900016784668,1982300,VNQ
2011-08-01,34.82802963256836,60.119998931884766,62.0,59.63999938964844,61.77000045776367,2668900,VNQ
2011-08-02,33.71574783325195,58.20000076293945,60.040000915527344,58.130001068115234,59.72999954223633,3298000,VNQ
2011-08-03,33.437679290771484,57.720001220703125,58.29999923706055,56.209999084472656,58.290000915527344,4775700,VNQ
2011-08-04,31.804027557373047,54.900001525878906,57.2599983215332,54.7599983215332,57.099998474121094,4629400,VNQ
2011-08-05,31.010387420654297,53.529998779296875,55.59000015258789,52.70000076293945,55.459999084472656,7017600,VNQ
2011-08-08,28.316598892211914,48.880001068115234,52.439998626708984,48.720001220703125,51.709999084472656,9058400,VNQ
2011-08-09,30.894506454467773,53.33000183105469,53.43000030517578,48.959999084472656,49.52000045776367,8039400,VNQ
2011-08-10,30.18197250366211,52.099998474121094,54.689998626708984,51.65999984741211,52.349998474121094,7527500,VNQ
2011-08-11,31.746103286743164,54.79999923706055,55.849998474121094,52.130001068115234,52.47999954223633,4463100,VNQ
2011-08-12,31.74030303955078,54.790000915527344,56.310001373291016,54.4900016784668,55.470001220703125,4019100,VNQ
2011-08-15,32.89894104003906,56.790000915527344,56.84000015258789,55.11000061035156,55.209999084472656,2630500,VNQ
2011-08-16,32.800445556640625,56.619998931884766,56.9900016784668,55.66999816894531,56.20000076293945,2688800,VNQ
2011-08-17,32.893131256103516,56.779998779296875,57.5,56.27000045776367,56.95000076293945,2230600,VNQ
2011-08-18,31.42748260498047,54.25,55.45000076293945,53.650001525878906,54.86000061035156,3488600,VNQ
2011-08-19,30.825000762939453,53.209999084472656,54.68000030517578,53.06999969482422,53.20000076293945,3271400,VNQ
2011-08-22,30.859764099121094,53.27000045776367,54.58000183105469,52.52000045776367,54.40999984741211,2213600,VNQ
2011-08-23,31.618650436401367,54.58000183105469,54.630001068115234,53.0,53.34000015258789,2687800,VNQ
2011-08-24,32.0357551574707,55.29999923706055,55.47999954223633,53.959999084472656,54.459999084472656,3095000,VNQ
2011-08-25,31.439083099365234,54.27000045776367,56.25,53.689998626708984,55.58000183105469,2370800,VNQ
2011-08-26,31.821409225463867,54.93000030517578,55.130001068115234,52.7400016784668,53.97999954223633,2829900,VNQ
2011-08-29,32.91051483154297,56.810001373291016,56.86000061035156,55.619998931884766,55.630001068115234,1976900,VNQ
2011-08-30,33.00320816040039,56.970001220703125,57.38999938964844,55.79999923706055,56.70000076293945,2705900,VNQ
2011-08-31,33.37397003173828,57.61000061035156,57.88999938964844,56.81999969482422,57.41999816894531,3047600,VNQ
2011-09-01,32.893131256103516,56.779998779296875,57.959999084472656,56.52000045776367,57.5,4270000,VNQ
2011-09-02,32.11687088012695,55.439998626708984,56.45000076293945,55.279998779296875,55.63999938964844,3459400,VNQ
2011-09-06,31.977813720703125,55.20000076293945,55.439998626708984,53.65999984741211,53.72999954223633,3163900,VNQ
2011-09-07,33.18278884887695,57.279998779296875,57.349998474121094,55.2599983215332,55.90999984741211,1902000,VNQ
2011-09-08,32.92789840698242,56.84000015258789,57.59000015258789,56.58000183105469,56.869998931884766,2395000,VNQ
2011-09-09,31.896726608276367,55.060001373291016,56.59000015258789,54.560001373291016,56.31999969482422,2436900,VNQ
2011-09-12,32.00099563598633,55.2400016784668,55.279998779296875,54.040000915527344,54.189998626708984,4245800,VNQ
2011-09-13,32.07630920410156,55.369998931884766,55.61000061035156,54.7400016784668,55.59000015258789,2166300,VNQ
2011-09-14,32.28487014770508,55.72999954223633,56.119998931884766,54.68000030517578,55.5,2115200,VNQ
2011-09-15,32.81782150268555,56.650001525878906,56.709999084472656,55.83000183105469,56.45000076293945,2848800,VNQ
2011-09-16,33.136444091796875,57.20000076293945,57.220001220703125,55.939998626708984,56.68000030517578,2019000,VNQ
2011-09-19,32.41230773925781,55.95000076293945,56.4900016784668,55.79999923706055,56.22999954223633,1958600,VNQ
2011-09-20,32.394935607910156,55.91999816894531,56.65999984741211,55.709999084472656,55.900001525878906,1546600,VNQ
2011-09-21,30.68596839904785,52.970001220703125,55.97999954223633,52.93000030517578,55.880001068115234,2825000,VNQ
2011-09-22,29.93866539001465,51.68000030517578,52.54999923706055,50.869998931884766,51.84000015258789,4405500,VNQ
2011-09-23,30.1591739654541,51.560001373291016,51.7400016784668,50.650001525878906,51.0,2688200,VNQ
2011-09-26,30.580333709716797,52.279998779296875,52.369998931884766,51.15999984741211,52.0099983215332,2246100,VNQ
2011-09-27,30.884504318237305,52.79999923706055,53.779998779296875,52.529998779296875,53.189998626708984,1777600,VNQ
2011-09-28,30.100690841674805,51.459999084472656,53.2599983215332,51.36000061035156,52.689998626708984,2241900,VNQ
2011-09-29,30.568635940551758,52.2599983215332,52.56999969482422,51.4900016784668,52.439998626708984,2151600,VNQ
2011-09-30,29.755577087402344,50.869998931884766,52.369998931884766,50.86000061035156,51.400001525878906,1970600,VNQ
2011-10-03,28.35173988342285,48.470001220703125,51.279998779296875,48.38999938964844,50.34000015258789,5785500,VNQ
2011-10-04,29.46896743774414,50.380001068115234,50.58000183105469,47.099998474121094,47.790000915527344,5508100,VNQ
2011-10-05,29.217437744140625,49.95000076293945,50.58000183105469,47.869998931884766,50.58000183105469,8885500,VNQ
2011-10-06,30.0187931060791,51.31999969482422,51.40999984741211,49.369998931884766,49.900001525878906,2513100,VNQ
2011-10-07,29.182344436645508,49.88999938964844,51.810001373291016,49.779998779296875,51.56999969482422,2993000,VNQ
2011-10-10,30.638835906982422,52.380001068115234,52.38999938964844,50.75,50.849998474121094,2280500,VNQ
2011-10-11,30.030500411987305,51.34000015258789,52.189998626708984,51.06999969482422,52.0,2206200,VNQ
2011-10-12,30.52183723449707,52.18000030517578,52.970001220703125,51.34000015258789,51.849998474121094,2634100,VNQ
2011-10-13,30.32295799255371,51.84000015258789,52.27000045776367,50.810001373291016,51.95000076293945,1850000,VNQ
2011-10-14,31.02488136291504,53.040000915527344,53.279998779296875,52.290000915527344,52.400001525878906,1685600,VNQ
2011-10-17,30.352209091186523,51.88999938964844,52.81999969482422,51.65999984741211,52.81999969482422,1835000,VNQ
2011-10-18,31.42264747619629,53.720001220703125,53.959999084472656,51.720001220703125,51.81999969482422,3158600,VNQ
2011-10-19,31.059967041015625,53.099998474121094,54.0099983215332,52.869998931884766,53.65999984741211,2348600,VNQ
2011-10-20,31.235456466674805,53.400001525878906,53.529998779296875,52.08000183105469,53.529998779296875,1965200,VNQ
2011-10-21,32.26494598388672,55.15999984741211,55.15999984741211,53.93000030517578,53.959999084472656,1636200,VNQ
2011-10-24,33.066307067871094,56.529998779296875,56.61000061035156,55.040000915527344,55.29999923706055,2858800,VNQ
2011-10-25,32.52816390991211,55.61000061035156,56.25,55.369998931884766,56.0,2190500,VNQ
2011-10-26,32.76799774169922,56.02000045776367,56.29999923706055,55.130001068115234,56.08000183105469,1919000,VNQ
2011-10-27,34.32391357421875,58.68000030517578,59.119998931884766,57.119998931884766,57.900001525878906,2167600,VNQ
2011-10-28,34.39409637451172,58.79999923706055,58.83000183105469,58.06999969482422,58.150001525878906,1971100,VNQ
2011-10-31,34.00804901123047,58.13999938964844,58.900001525878906,57.599998474121094,58.2400016784668,2033500,VNQ
2011-11-01,32.91421890258789,56.27000045776367,57.560001373291016,55.9900016784668,56.349998474121094,3614000,VNQ
2011-11-02,33.545955657958984,57.349998474121094,57.81999969482422,56.33000183105469,57.11000061035156,2302500,VNQ
2011-11-03,34.00804901123047,58.13999938964844,58.290000915527344,56.4900016784668,58.04999923706055,2155400,VNQ
2011-11-04,33.73313522338867,57.66999816894531,57.779998779296875,56.70000076293945,57.65999984741211,1500600,VNQ
2011-11-07,33.73897171020508,57.68000030517578,58.369998931884766,56.900001525878906,57.59000015258789,1661500,VNQ
2011-11-08,34.17768096923828,58.43000030517578,58.4900016784668,56.709999084472656,58.0,1250100,VNQ
2011-11-09,32.61590576171875,55.7599983215332,57.40999984741211,55.630001068115234,57.099998474121094,1950700,VNQ
2011-11-10,32.61005401611328,55.75,56.61000061035156,55.400001525878906,56.33000183105469,2765200,VNQ
2011-11-11,33.487457275390625,57.25,57.41999816894531,56.11000061035156,56.41999816894531,1796700,VNQ
2011-11-14,32.8674201965332,56.189998626708984,57.060001373291016,55.810001373291016,56.97999954223633,2019900,VNQ
2011-11-15,33.113094329833984,56.61000061035156,57.0099983215332,55.630001068115234,55.900001525878906,1725800,VNQ
2011-11-16,32.79723358154297,56.06999969482422,56.939998626708984,55.93000030517578,56.060001373291016,1466300,VNQ
2011-11-17,32.19475173950195,55.040000915527344,56.04999923706055,54.70000076293945,55.97999954223633,2401000,VNQ
2011-11-18,32.39947509765625,55.38999938964844,55.4900016784668,54.75,55.380001068115234,1924800,VNQ
2011-11-21,31.580575942993164,53.9900016784668,54.58000183105469,53.650001525878906,54.58000183105469,2054100,VNQ
2011-11-22,31.434337615966797,53.7400016784668,54.25,53.38999938964844,53.77000045776367,2021300,VNQ
2011-11-23,30.48674201965332,52.119998931884766,53.290000915527344,52.060001373291016,53.290000915527344,1728000,VNQ
2011-11-25,30.62127685546875,52.349998474121094,53.29999923706055,51.88999938964844,52.0,680200,VNQ
2011-11-28,31.30565071105957,53.52000045776367,54.16999816894531,53.08000183105469,53.880001068115234,1721900,VNQ
2011-11-29,31.258853912353516,53.439998626708984,53.849998474121094,53.130001068115234,53.599998474121094,1794100,VNQ
2011-11-30,32.7153434753418,55.93000030517578,56.0,54.7599983215332,54.810001373291016,2171600,VNQ
2011-12-01,32.44626235961914,55.470001220703125,55.90999984741211,54.91999816894531,55.90999984741211,2356400,VNQ
2011-12-02,32.41703414916992,55.41999816894531,56.36000061035156,55.369998931884766,55.83000183105469,1374500,VNQ
2011-12-05,32.691932678222656,55.88999938964844,56.5,55.4900016784668,56.18000030517578,1362900,VNQ
2011-12-06,32.63930130004883,55.79999923706055,56.13999938964844,55.41999816894531,55.810001373291016,2075500,VNQ
2011-12-07,32.99610137939453,56.40999984741211,56.61000061035156,55.22999954223633,55.7400016784668,1675500,VNQ
2011-12-08,32.24739456176758,55.130001068115234,56.20000076293945,55.0099983215332,56.02000045776367,1642200,VNQ
2011-12-09,32.955177307128906,56.34000015258789,56.61000061035156,55.310001373291016,55.52000045776367,1221700,VNQ
2011-12-12,32.37022399902344,55.34000015258789,55.849998474121094,54.869998931884766,55.849998474121094,1710100,VNQ
2011-12-13,31.99002456665039,54.689998626708984,56.11000061035156,54.40999984741211,55.619998931884766,1555200,VNQ
2011-12-14,32.17720031738281,55.0099983215332,55.59000015258789,54.29999923706055,54.4900016784668,2213400,VNQ
2011-12-15,32.7153434753418,55.93000030517578,56.15999984741211,55.36000061035156,55.5099983215332,1268500,VNQ
2011-12-16,33.0780029296875,56.54999923706055,57.0099983215332,56.060001373291016,56.15999984741211,1749800,VNQ
2011-12-19,32.79137420654297,56.060001373291016,56.869998931884766,55.90999984741211,56.650001525878906,1366200,VNQ
2011-12-20,33.785770416259766,57.7599983215332,57.81999969482422,56.68000030517578,56.849998474121094,1248400,VNQ
2011-12-21,33.774070739746094,57.7400016784668,57.939998626708984,57.27000045776367,57.72999954223633,2621500,VNQ
2011-12-22,34.25956726074219,58.56999969482422,58.869998931884766,57.81999969482422,57.95000076293945,1388200,VNQ
2011-12-23,34.40859603881836,58.18000030517578,58.34000015258789,57.77000045776367,58.29999923706055,2307400,VNQ
2011-12-27,34.562381744384766,58.439998626708984,58.849998474121094,57.779998779296875,58.099998474121094,1173200,VNQ
2011-12-28,34.14838790893555,57.7400016784668,58.619998931884766,57.709999084472656,58.560001373291016,1359300,VNQ
2011-12-29,34.44999313354492,58.25,58.380001068115234,57.72999954223633,57.900001525878906,948500,VNQ
2011-12-30,34.302146911621094,58.0,58.709999084472656,57.97999954223633,58.369998931884766,1969300,VNQ
2012-01-03,34.591949462890625,58.4900016784668,59.650001525878906,57.9900016784668,59.04999923706055,6177500,VNQ
2012-01-04,34.00052261352539,57.4900016784668,58.25,57.31999969482422,58.099998474121094,2393900,VNQ
2012-01-05,34.319881439208984,58.029998779296875,58.150001525878906,57.029998779296875,57.47999954223633,1805000,VNQ
2012-01-06,34.207523345947266,57.84000015258789,58.34000015258789,57.56999969482422,58.18000030517578,1337800,VNQ
2012-01-09,34.0892333984375,57.63999938964844,58.119998931884766,57.4900016784668,58.0099983215332,1537200,VNQ
2012-01-10,34.467742919921875,58.279998779296875,58.650001525878906,58.189998626708984,58.310001373291016,1558300,VNQ
2012-01-11,34.71022415161133,58.689998626708984,58.79999923706055,58.02000045776367,58.189998626708984,1407000,VNQ
2012-01-12,34.455909729003906,58.2599983215332,58.779998779296875,57.90999984741211,58.63999938964844,1734500,VNQ
2012-01-13,34.532798767089844,58.38999938964844,58.400001525878906,57.66999816894531,58.0,1534700,VNQ
2012-01-17,34.816688537597656,58.869998931884766,59.290000915527344,58.63999938964844,58.970001220703125,1450300,VNQ
2012-01-18,35.059165954589844,59.279998779296875,59.47999954223633,58.81999969482422,58.959999084472656,1522000,VNQ
2012-01-19,35.19518280029297,59.5099983215332,59.72999954223633,59.209999084472656,59.5099983215332,1277300,VNQ
2012-01-20,35.414005279541016,59.880001068115234,59.939998626708984,59.15999984741211,59.56999969482422,1352900,VNQ
2012-01-23,35.585514068603516,60.16999816894531,60.400001525878906,59.77000045776367,60.06999969482422,1238800,VNQ
2012-01-24,35.857574462890625,60.630001068115234,60.630001068115234,59.779998779296875,59.97999954223633,1820800,VNQ
2012-01-25,36.31888198852539,61.40999984741211,61.459999084472656,60.349998474121094,60.59000015258789,1499400,VNQ
2012-01-26,36.57318115234375,61.84000015258789,62.119998931884766,61.54999923706055,61.720001220703125,1620800,VNQ
2012-01-27,36.585018157958984,61.86000061035156,62.04999923706055,61.349998474121094,61.65999984741211,1498300,VNQ
2012-01-30,36.31296920776367,61.400001525878906,61.58000183105469,61.099998474121094,61.58000183105469,2355500,VNQ
2012-01-31,36.490379333496094,61.70000076293945,61.84000015258789,61.29999923706055,61.72999954223633,2069500,VNQ
2012-02-01,36.851165771484375,62.310001373291016,62.400001525878906,61.959999084472656,62.209999084472656,3222200,VNQ
2012-02-02,36.93394470214844,62.45000076293945,62.459999084472656,62.119998931884766,62.36000061035156,2712600,VNQ
2012-02-03,37.448486328125,63.31999969482422,63.349998474121094,62.72999954223633,62.97999954223633,2698900,VNQ
2012-02-06,37.33018112182617,63.119998931884766,63.310001373291016,62.7599983215332,63.15999984741211,1778100,VNQ
2012-02-07,37.23556900024414,62.959999084472656,63.20000076293945,62.83000183105469,63.099998474121094,1985800,VNQ
2012-02-08,37.30063247680664,63.06999969482422,63.349998474121094,62.630001068115234,63.06999969482422,1735200,VNQ
2012-02-09,37.02857208251953,62.61000061035156,63.27000045776367,62.2400016784668,63.20000076293945,1438000,VNQ
2012-02-10,36.68555450439453,62.029998779296875,62.45000076293945,61.84000015258789,62.099998474121094,1675200,VNQ
2012-02-13,37.05815124511719,62.65999984741211,62.81999969482422,62.29999923706055,62.369998931884766,1842100,VNQ
2012-02-14,36.67963790893555,62.02000045776367,62.72999954223633,61.63999938964844,62.630001068115234,1866500,VNQ
2012-02-15,36.46082305908203,61.650001525878906,62.220001220703125,61.439998626708984,62.220001220703125,1969800,VNQ
2012-02-16,36.845237731933594,62.29999923706055,62.41999816894531,61.52000045776367,61.88999938964844,2318000,VNQ
2012-02-17,36.87479782104492,62.349998474121094,62.5,61.91999816894531,62.5,1695100,VNQ
2012-02-21,36.301143646240234,61.380001068115234,62.54999923706055,61.13999938964844,62.47999954223633,2815800,VNQ
2012-02-22,35.99360656738281,60.86000061035156,61.59000015258789,60.779998779296875,61.34000015258789,2261300,VNQ
2012-02-23,36.44306564331055,61.619998931884766,61.650001525878906,60.779998779296875,60.790000915527344,2453200,VNQ
2012-02-24,36.490379333496094,61.70000076293945,61.91999816894531,61.310001373291016,61.790000915527344,1810800,VNQ
2012-02-27,36.431251525878906,61.599998474121094,61.810001373291016,60.84000015258789,61.36000061035156,2002800,VNQ
2012-02-28,36.21834182739258,61.2400016784668,61.86000061035156,61.04999923706055,61.779998779296875,2381700,VNQ
2012-02-29,36.07047653198242,60.9900016784668,61.689998626708984,60.88999938964844,61.400001525878906,3013500,VNQ
2012-03-01,36.289306640625,61.36000061035156,61.52000045776367,61.0,61.04999923706055,3386900,VNQ
2012-03-02,36.23606872558594,61.27000045776367,61.61000061035156,61.060001373291016,61.220001220703125,1860100,VNQ
2012-03-05,36.60276412963867,61.88999938964844,61.88999938964844,60.97999954223633,61.25,1830300,VNQ
2012-03-06,36.1177864074707,61.06999969482422,61.689998626708984,60.95000076293945,61.15999984741211,2236400,VNQ
2012-03-07,36.31296920776367,61.400001525878906,61.41999816894531,60.650001525878906,61.349998474121094,1367200,VNQ
2012-03-08,36.12370681762695,61.08000183105469,61.599998474121094,60.90999984741211,61.54999923706055,1454200,VNQ
2012-03-09,36.301143646240234,61.380001068115234,61.599998474121094,61.0,61.2599983215332,1621800,VNQ
2012-03-12,36.567264556884766,61.83000183105469,62.0099983215332,61.349998474121094,61.349998474121094,2644800,VNQ
2012-03-13,37.30653762817383,63.08000183105469,63.18000030517578,62.06999969482422,62.150001525878906,2407300,VNQ
2012-03-14,37.20600509643555,62.90999984741211,63.33000183105469,62.52000045776367,63.15999984741211,2280800,VNQ
2012-03-15,37.152774810791016,62.81999969482422,63.060001373291016,62.58000183105469,63.060001373291016,1595600,VNQ
2012-03-16,37.365692138671875,63.18000030517578,63.2400016784668,62.810001373291016,62.90999984741211,1799600,VNQ
2012-03-19,37.62590408325195,63.619998931884766,63.970001220703125,62.939998626708984,63.18000030517578,2106100,VNQ
2012-03-20,37.57268142700195,63.529998779296875,63.779998779296875,63.220001220703125,63.22999954223633,1795700,VNQ
2012-03-21,37.51945877075195,63.439998626708984,63.7400016784668,63.41999816894531,63.63999938964844,1515200,VNQ
2012-03-22,37.00493240356445,62.56999969482422,63.08000183105469,62.189998626708984,63.08000183105469,3203400,VNQ
2012-03-23,37.23556900024414,62.959999084472656,63.27000045776367,62.349998474121094,62.630001068115234,2495000,VNQ
2012-03-26,37.671966552734375,63.189998626708984,63.31999969482422,62.790000915527344,63.0099983215332,1630000,VNQ
2012-03-27,37.67791748046875,63.20000076293945,63.58000183105469,63.08000183105469,63.31999969482422,3449500,VNQ
2012-03-28,37.61831283569336,63.099998474121094,63.25,62.459999084472656,63.220001220703125,1573800,VNQ
2012-03-29,37.636207580566406,63.130001068115234,63.18000030517578,62.34000015258789,62.70000076293945,1530300,VNQ
2012-03-30,37.946205139160156,63.650001525878906,63.790000915527344,63.279998779296875,63.380001068115234,2059900,VNQ
2012-04-02,38.214481353759766,64.0999984741211,64.16999816894531,63.4900016784668,63.72999954223633,6716800,VNQ
2012-04-03,38.065452575683594,63.849998474121094,64.19000244140625,63.599998474121094,64.06999969482422,2338900,VNQ
2012-04-04,37.648128509521484,63.150001525878906,63.470001220703125,62.88999938964844,63.369998931884766,2045700,VNQ
2012-04-05,37.505043029785156,62.90999984741211,63.209999084472656,62.68000030517578,62.97999954223633,2925300,VNQ
2012-04-09,37.1056022644043,62.2400016784668,62.52000045776367,61.83000183105469,62.16999816894531,1126900,VNQ
2012-04-10,36.306732177734375,60.900001525878906,62.41999816894531,60.84000015258789,62.25,2670600,VNQ
2012-04-11,36.771759033203125,61.68000030517578,61.70000076293945,61.18000030517578,61.5,1917300,VNQ
2012-04-12,37.27849197387695,62.529998779296875,62.560001373291016,61.529998779296875,61.810001373291016,1373400,VNQ
2012-04-13,37.12347412109375,62.27000045776367,62.630001068115234,62.02000045776367,62.439998626708984,2097600,VNQ
2012-04-16,37.63022232055664,63.119998931884766,63.4900016784668,62.459999084472656,62.650001525878906,1973400,VNQ
2012-04-17,37.95216369628906,63.65999984741211,63.93000030517578,63.02000045776367,63.5099983215332,1524000,VNQ
2012-04-18,37.69581985473633,63.22999954223633,63.650001525878906,63.22999954223633,63.52000045776367,1278100,VNQ
2012-04-19,37.69581985473633,63.22999954223633,63.619998931884766,62.93000030517578,63.310001373291016,2543700,VNQ
2012-04-20,38.15485763549805,64.0,64.26000213623047,63.38999938964844,63.5,1649700,VNQ
2012-04-23,37.761390686035156,63.34000015258789,63.59000015258789,62.90999984741211,63.560001373291016,1764500,VNQ
2012-04-24,38.327754974365234,64.29000091552734,64.33000183105469,63.400001525878906,63.439998626708984,2618500,VNQ
2012-04-25,38.7689208984375,65.02999877929688,65.05000305175781,64.58999633789062,64.69000244140625,2191000,VNQ
2012-04-26,38.86431121826172,65.19000244140625,65.33999633789062,64.66999816894531,64.91999816894531,1885400,VNQ
2012-04-27,39.1325798034668,65.63999938964844,65.76000213623047,65.01000213623047,65.5,2058500,VNQ
2012-04-30,39.0312385559082,65.47000122070312,65.62999725341797,65.02999877929688,65.55000305175781,2165000,VNQ
2012-05-01,39.45451354980469,66.18000030517578,66.69000244140625,65.47000122070312,65.55000305175781,3024200,VNQ
2012-05-02,39.394893646240234,66.08000183105469,66.22000122070312,65.44999694824219,65.87000274658203,1801900,VNQ
2012-05-03,39.25778579711914,65.8499984741211,66.4000015258789,65.79000091552734,66.29000091552734,2099900,VNQ
2012-05-04,38.91200256347656,65.2699966430664,65.62999725341797,65.05000305175781,65.58999633789062,1480000,VNQ
2012-05-07,39.186241149902344,65.7300033569336,65.87999725341797,65.0,65.06999969482422,1574000,VNQ
2012-05-08,39.114707946777344,65.61000061035156,65.69000244140625,65.0,65.36000061035156,1610900,VNQ
2012-05-09,38.98950958251953,65.4000015258789,65.86000061035156,64.87999725341797,65.08999633789062,2729800,VNQ
2012-05-10,39.01931381225586,65.44999694824219,65.9000015258789,65.01000213623047,65.81999969482422,2346300,VNQ
2012-05-11,39.10279083251953,65.58999633789062,65.83000183105469,64.94999694824219,65.11000061035156,2780400,VNQ
2012-05-14,38.60796356201172,64.76000213623047,65.38999938964844,64.72000122070312,64.87999725341797,2759300,VNQ
2012-05-15,38.40525817871094,64.41999816894531,64.83000183105469,64.23999786376953,64.80000305175781,2525400,VNQ
2012-05-16,37.98198318481445,63.709999084472656,64.72000122070312,63.599998474121094,64.72000122070312,2051300,VNQ
2012-05-17,36.873104095458984,61.849998474121094,63.720001220703125,61.849998474121094,63.689998626708984,3341500,VNQ
2012-05-18,36.42597579956055,61.099998474121094,62.349998474121094,60.90999984741211,62.04999923706055,2888400,VNQ
2012-05-21,37.21888732910156,62.43000030517578,62.540000915527344,61.150001525878906,61.22999954223633,2124900,VNQ
2012-05-22,37.290428161621094,62.54999923706055,62.93000030517578,62.25,62.66999816894531,1767400,VNQ
2012-05-23,37.34407424926758,62.63999938964844,62.790000915527344,61.54999923706055,62.11000061035156,2668900,VNQ
2012-05-24,37.51100540161133,62.91999816894531,63.220001220703125,62.18000030517578,62.880001068115234,1369500,VNQ
2012-05-25,37.361961364746094,62.66999816894531,63.16999816894531,62.470001220703125,62.83000183105469,1383000,VNQ
2012-05-29,37.892555236816406,63.560001373291016,63.619998931884766,62.900001525878906,63.04999923706055,1423600,VNQ
2012-05-30,36.99234390258789,62.04999923706055,63.209999084472656,62.04999923706055,63.119998931884766,1484000,VNQ
2012-05-31,37.27253341674805,62.52000045776367,63.0099983215332,61.52000045776367,62.16999816894531,2127000,VNQ
2012-06-01,36.360389709472656,60.9900016784668,61.79999923706055,60.86000061035156,61.599998474121094,3453800,VNQ
2012-06-04,36.110008239746094,60.56999969482422,61.130001068115234,60.13999938964844,60.959999084472656,3573700,VNQ
2012-06-05,36.85520553588867,61.81999969482422,61.93000030517578,60.29999923706055,60.310001373291016,2871000,VNQ
2012-06-06,37.671966552734375,63.189998626708984,63.189998626708984,62.0,62.310001373291016,6758200,VNQ
2012-06-07,37.4036979675293,62.7400016784668,63.869998931884766,62.650001525878906,63.7599983215332,2191500,VNQ
2012-06-08,37.93429183959961,63.630001068115234,63.630001068115234,62.599998474121094,62.70000076293945,1696000,VNQ
2012-06-11,37.081764221191406,62.20000076293945,64.2699966430664,62.119998931884766,64.16000366210938,2074000,VNQ
2012-06-12,37.43349838256836,62.790000915527344,62.86000061035156,61.88999938964844,62.4900016784668,1951500,VNQ
2012-06-13,37.24272537231445,62.470001220703125,63.2599983215332,62.209999084472656,62.59000015258789,1600500,VNQ
2012-06-14,37.78524398803711,63.380001068115234,63.630001068115234,62.4900016784668,62.540000915527344,1532600,VNQ
2012-06-15,38.01774597167969,63.77000045776367,63.849998474121094,63.22999954223633,63.619998931884766,1319900,VNQ
2012-06-18,38.33372116088867,64.30000305175781,64.62999725341797,63.36000061035156,63.47999954223633,1754000,VNQ
2012-06-19,38.48871994018555,64.55999755859375,64.97000122070312,64.05000305175781,64.61000061035156,2485300,VNQ
2012-06-20,38.4708366394043,64.52999877929688,64.81999969482422,64.1500015258789,64.63999938964844,2001800,VNQ
2012-06-21,37.844852447509766,63.47999954223633,64.73999786376953,63.380001068115234,64.66000366210938,3072600,VNQ
2012-06-22,37.8508186340332,63.4900016784668,63.93000030517578,63.06999969482422,63.7599983215332,2204200,VNQ
2012-06-25,37.65787887573242,62.650001525878906,62.849998474121094,62.189998626708984,62.31999969482422,3700200,VNQ
2012-06-26,37.78411102294922,62.86000061035156,63.189998626708984,62.439998626708984,62.79999923706055,2121600,VNQ
2012-06-27,37.93436813354492,63.11000061035156,63.25,62.77000045776367,63.02000045776367,1694800,VNQ
2012-06-28,38.34911346435547,63.79999923706055,63.810001373291016,62.540000915527344,62.869998931884766,1726500,VNQ
2012-06-29,39.328880310058594,65.43000030517578,65.47000122070312,64.6500015258789,64.95999908447266,2215800,VNQ
2012-07-02,39.76165771484375,66.1500015258789,66.16999816894531,65.33000183105469,65.94000244140625,3891600,VNQ
2012-07-03,39.99608612060547,66.54000091552734,66.69000244140625,66.06999969482422,66.31999969482422,1586100,VNQ
2012-07-05,39.74964141845703,66.12999725341797,66.6500015258789,65.98999786376953,66.43000030517578,1407800,VNQ
2012-07-06,39.845821380615234,66.29000091552734,66.4000015258789,65.58000183105469,65.58000183105469,1617000,VNQ
2012-07-09,39.88788986206055,66.36000061035156,66.44000244140625,65.98999786376953,66.29000091552734,1785700,VNQ
2012-07-10,39.46112060546875,65.6500015258789,66.69999694824219,65.29000091552734,66.69000244140625,1534000,VNQ
2012-07-11,39.503211975097656,65.72000122070312,65.8499984741211,65.2699966430664,65.73999786376953,1630900,VNQ
2012-07-12,39.623416900634766,65.91999816894531,66.25,65.08000183105469,65.4000015258789,2271800,VNQ
2012-07-13,40.110286712646484,66.7300033569336,66.80999755859375,66.02999877929688,66.12999725341797,1484600,VNQ
2012-07-16,40.18842315673828,66.86000061035156,67.04000091552734,66.5,66.68000030517578,1789000,VNQ
2012-07-17,40.573123931884766,67.5,67.70999908447266,66.5999984741211,67.25,2007300,VNQ
2012-07-18,40.33269119262695,67.0999984741211,67.51000213623047,66.87999725341797,67.41000366210938,1690200,VNQ
2012-07-19,39.91194534301758,66.4000015258789,67.3499984741211,65.94999694824219,67.12999725341797,2365200,VNQ
2012-07-20,39.70155334472656,66.05000305175781,66.25,65.75,65.91000366210938,1475600,VNQ
2012-07-23,39.41302490234375,65.56999969482422,65.75,65.12000274658203,65.2699966430664,1342000,VNQ
2012-07-24,39.280799865722656,65.3499984741211,65.9000015258789,64.93000030517578,65.6500015258789,1941200,VNQ
2012-07-25,39.26277160644531,65.31999969482422,65.76000213623047,64.97000122070312,65.66000366210938,1350800,VNQ
2012-07-26,39.611392974853516,65.9000015258789,66.41999816894531,65.51000213623047,66.1500015258789,1365900,VNQ
2012-07-27,39.990081787109375,66.52999877929688,67.01000213623047,66.18000030517578,66.30999755859375,1469300,VNQ
2012-07-30,40.17640686035156,66.83999633789062,67.08000183105469,66.51000213623047,66.62000274658203,1370800,VNQ
2012-07-31,40.11631393432617,66.73999786376953,66.9800033569336,66.5199966430664,66.91000366210938,1782500,VNQ
2012-08-01,39.9239501953125,66.41999816894531,67.4800033569336,66.41999816894531,67.12000274658203,2666100,VNQ
2012-08-02,40.03816604614258,66.61000061035156,66.7300033569336,65.91999816894531,66.4000015258789,1637600,VNQ
2012-08-03,40.35073471069336,67.12999725341797,67.41000366210938,67.0199966430664,67.23999786376953,1730800,VNQ
2012-08-06,40.30864334106445,67.05999755859375,67.55000305175781,67.05999755859375,67.38999938964844,1768200,VNQ
2012-08-07,39.83378982543945,66.2699966430664,67.29000091552734,66.2699966430664,67.29000091552734,2471600,VNQ
2012-08-08,39.56330871582031,65.81999969482422,66.23999786376953,65.5999984741211,66.11000061035156,1899300,VNQ
2012-08-09,39.437076568603516,65.61000061035156,66.08000183105469,65.5,65.88999938964844,1324000,VNQ
2012-08-10,39.49116897583008,65.69999694824219,65.7300033569336,65.4000015258789,65.48999786376953,987000,VNQ
2012-08-13,39.46112060546875,65.6500015258789,65.80000305175781,65.30000305175781,65.66999816894531,1448400,VNQ
2012-08-14,39.376976013183594,65.51000213623047,65.88999938964844,65.4000015258789,65.87000274658203,1586100,VNQ
2012-08-15,39.55729293823242,65.80999755859375,65.93000030517578,65.43000030517578,65.43000030517578,1079200,VNQ
2012-08-16,39.85783386230469,66.30999755859375,66.30999755859375,65.5,65.86000061035156,1362700,VNQ
2012-08-17,39.869850158691406,66.33000183105469,66.4000015258789,66.08000183105469,66.36000061035156,1773500,VNQ
2012-08-20,39.755653381347656,66.13999938964844,66.44000244140625,65.80999755859375,66.33999633789062,2710100,VNQ
2012-08-21,39.83980941772461,66.27999877929688,66.4800033569336,66.13999938964844,66.37999725341797,1429600,VNQ
2012-08-22,39.81575012207031,66.23999786376953,66.2699966430664,65.51000213623047,66.1500015258789,1893100,VNQ
2012-08-23,39.69554901123047,66.04000091552734,66.2699966430664,65.80000305175781,66.13999938964844,2421000,VNQ
2012-08-24,39.827796936035156,66.26000213623047,66.44000244140625,65.7300033569336,65.9800033569336,1946500,VNQ
2012-08-27,39.948001861572266,66.45999908447266,66.61000061035156,66.12999725341797,66.51000213623047,1191000,VNQ
2012-08-28,40.086246490478516,66.69000244140625,66.75,66.0999984741211,66.30999755859375,1189900,VNQ
2012-08-29,40.07422637939453,66.66999816894531,66.8499984741211,66.54000091552734,66.81999969482422,1198700,VNQ
2012-08-30,39.98406982421875,66.5199966430664,66.63999938964844,66.2699966430664,66.47000122070312,1375000,VNQ
2012-08-31,40.110286712646484,66.7300033569336,66.87999725341797,66.19999694824219,66.81999969482422,2484900,VNQ
2012-09-04,40.392799377441406,67.19999694824219,67.2699966430664,66.26000213623047,66.73999786376953,1714000,VNQ
2012-09-05,40.320674896240234,67.08000183105469,67.3499984741211,66.79000091552734,67.29000091552734,1612500,VNQ
2012-09-06,40.68132019042969,67.68000030517578,67.69000244140625,67.33000183105469,67.37999725341797,2373700,VNQ
2012-09-07,40.71738052368164,67.73999786376953,67.91999816894531,67.5999984741211,67.81999969482422,1648300,VNQ
2012-09-10,40.3988151550293,67.20999908447266,67.66000366210938,67.12000274658203,67.63999938964844,3773600,VNQ
2012-09-11,40.519039154052734,67.41000366210938,67.44000244140625,67.0199966430664,67.19999694824219,3574500,VNQ
2012-09-12,40.603187561035156,67.55000305175781,67.62999725341797,67.26000213623047,67.47000122070312,3416200,VNQ
2012-09-13,41.10207748413086,68.37999725341797,68.4800033569336,67.5199966430664,67.62000274658203,4467500,VNQ
2012-09-14,41.33049392700195,68.76000213623047,69.19999694824219,68.51000213623047,68.54000091552734,4855800,VNQ
2012-09-17,41.21025466918945,68.55999755859375,69.11000061035156,68.47000122070312,68.79000091552734,2430200,VNQ
2012-09-18,40.81957244873047,67.91000366210938,68.41000366210938,67.69000244140625,68.3499984741211,2344400,VNQ
2012-09-19,40.59117126464844,67.52999877929688,68.0199966430664,67.52999877929688,67.97000122070312,1972600,VNQ
2012-09-20,39.990081787109375,66.52999877929688,67.23999786376953,66.29000091552734,67.2300033569336,4285400,VNQ
2012-09-21,39.99608612060547,66.54000091552734,66.76000213623047,66.4800033569336,66.63999938964844,6134600,VNQ
2012-09-24,39.8476448059082,65.7699966430664,66.25,65.69999694824219,65.7300033569336,4512700,VNQ
2012-09-25,39.25996017456055,64.80000305175781,66.02999877929688,64.7699966430664,65.9800033569336,5153600,VNQ
2012-09-26,39.25391387939453,64.79000091552734,65.18000030517578,64.66999816894531,64.73999786376953,2693300,VNQ
2012-09-27,39.42353820800781,65.06999969482422,65.5199966430664,64.83999633789062,65.05000305175781,1542000,VNQ
2012-09-28,39.36296463012695,64.97000122070312,65.2699966430664,64.58999633789062,64.91999816894531,2903500,VNQ
2012-10-01,39.072147369384766,64.48999786376953,65.30999755859375,63.81999969482422,65.0999984741211,5154300,VNQ
2012-10-02,39.36903381347656,64.9800033569336,64.9800033569336,64.41000366210938,64.68000030517578,2511100,VNQ
2012-10-03,39.447784423828125,65.11000061035156,65.68000030517578,65.0,65.06999969482422,2928600,VNQ
2012-10-04,39.4356575012207,65.08999633789062,65.62000274658203,64.77999877929688,65.41999816894531,2258000,VNQ
2012-10-05,39.484134674072266,65.16999816894531,65.5199966430664,64.95999908447266,65.1500015258789,1636300,VNQ
2012-10-08,39.399314880371094,65.02999877929688,65.05999755859375,64.72000122070312,64.83000183105469,1825600,VNQ
2012-10-09,39.25391387939453,64.79000091552734,65.36000061035156,64.7699966430664,65.05000305175781,2292200,VNQ
2012-10-10,39.41142654418945,65.05000305175781,65.19000244140625,64.68000030517578,64.87000274658203,1984800,VNQ
2012-10-11,39.381134033203125,65.0,65.52999877929688,65.0,65.36000061035156,1537800,VNQ
2012-10-12,39.24178695678711,64.7699966430664,65.37000274658203,64.70999908447266,65.11000061035156,1741200,VNQ
2012-10-15,39.5023078918457,65.19999694824219,65.23999786376953,64.45999908447266,64.79000091552734,2209900,VNQ
2012-10-16,39.74466323852539,65.5999984741211,65.70999908447266,65.4000015258789,65.44999694824219,2355800,VNQ
2012-10-17,39.63559341430664,65.41999816894531,65.55000305175781,64.98999786376953,65.30999755859375,2665300,VNQ
2012-10-18,40.041526794433594,66.08999633789062,66.11000061035156,65.31999969482422,65.31999969482422,2155900,VNQ
2012-10-19,39.70830535888672,65.54000091552734,66.31999969482422,65.44000244140625,66.05999755859375,2046100,VNQ
2012-10-22,39.50836944580078,65.20999908447266,65.55000305175781,64.83000183105469,65.48999786376953,1642900,VNQ
2012-10-23,39.10850524902344,64.55000305175781,64.86000061035156,64.08999633789062,64.73999786376953,1976200,VNQ
2012-10-24,39.07819747924805,64.5,64.94999694824219,64.30000305175781,64.72000122070312,1701100,VNQ
2012-10-25,38.969146728515625,64.31999969482422,65.1500015258789,63.68000030517578,64.86000061035156,2028200,VNQ
2012-10-26,38.62985610961914,63.7599983215332,64.30000305175781,63.400001525878906,64.30000305175781,2320000,VNQ
2012-10-31,39.00551986694336,64.37999725341797,64.44000244140625,63.7400016784668,64.04000091552734,2616900,VNQ
2012-11-01,39.193328857421875,64.69000244140625,64.94999694824219,64.22000122070312,64.5,2311200,VNQ
2012-11-02,39.453834533691406,65.12000274658203,65.56999969482422,65.01000213623047,65.05999755859375,2587100,VNQ
2012-11-05,39.193328857421875,64.69000244140625,65.19999694824219,64.30000305175781,65.12000274658203,1633100,VNQ
2012-11-06,39.36296463012695,64.97000122070312,65.0999984741211,64.55000305175781,64.91999816894531,1415100,VNQ
2012-11-07,39.18724822998047,64.68000030517578,64.94000244140625,64.37000274658203,64.61000061035156,2476300,VNQ
2012-11-08,38.72073745727539,63.90999984741211,64.69999694824219,63.900001525878906,64.69999694824219,1793200,VNQ
2012-11-09,38.61775207519531,63.7400016784668,64.19000244140625,63.45000076293945,63.779998779296875,2400500,VNQ
2012-11-12,38.52687454223633,63.59000015258789,63.91999816894531,63.349998474121094,63.86000061035156,1182200,VNQ
2012-11-13,38.49656677246094,63.540000915527344,63.90999984741211,63.25,63.349998474121094,1648100,VNQ
2012-11-14,37.77559280395508,62.349998474121094,63.810001373291016,62.150001525878906,63.810001373291016,2489400,VNQ
2012-11-15,37.59990310668945,62.060001373291016,62.72999954223633,61.689998626708984,62.380001068115234,3151600,VNQ
2012-11-16,37.83012008666992,62.439998626708984,62.5,61.65999984741211,62.11000061035156,2446300,VNQ
2012-11-19,38.29663848876953,63.209999084472656,63.38999938964844,62.79999923706055,63.130001068115234,2112300,VNQ
2012-11-20,38.58140182495117,63.68000030517578,63.68000030517578,62.86000061035156,63.29999923706055,2490200,VNQ
2012-11-21,38.51475524902344,63.56999969482422,63.86000061035156,63.2400016784668,63.720001220703125,1954000,VNQ
2012-11-23,38.799495697021484,64.04000091552734,64.08999633789062,63.599998474121094,63.79999923706055,921500,VNQ
2012-11-26,38.87827682495117,64.16999816894531,64.61000061035156,63.70000076293945,63.900001525878906,3668600,VNQ
2012-11-27,38.66015625,63.810001373291016,64.38999938964844,63.2599983215332,63.65999984741211,5494200,VNQ
2012-11-28,38.6116828918457,63.72999954223633,63.79999923706055,63.11000061035156,63.70000076293945,5931100,VNQ
2012-11-29,38.82373809814453,64.08000183105469,64.1500015258789,63.540000915527344,64.12999725341797,3011100,VNQ
2012-11-30,38.902503967285156,64.20999908447266,64.5199966430664,64.02999877929688,64.0999984741211,3312300,VNQ
2012-12-03,39.060028076171875,64.47000122070312,64.8499984741211,64.27999877929688,64.4800033569336,3735500,VNQ
2012-12-04,39.120609283447266,64.56999969482422,64.91000366210938,64.33999633789062,64.37999725341797,2379700,VNQ
2012-12-05,38.999446868896484,64.37000274658203,64.69000244140625,64.12999725341797,64.61000061035156,2487100,VNQ
2012-12-06,39.36296463012695,64.97000122070312,64.98999786376953,64.3499984741211,64.55999755859375,2335500,VNQ
2012-12-07,39.50836944580078,65.20999908447266,65.22000122070312,64.93000030517578,65.05000305175781,2812900,VNQ
2012-12-10,39.49019241333008,65.18000030517578,65.48999786376953,65.05000305175781,65.30000305175781,1934200,VNQ
2012-12-11,39.587120056152344,65.33999633789062,65.5199966430664,65.19999694824219,65.41999816894531,2086900,VNQ
2012-12-12,39.47807312011719,65.16000366210938,65.68000030517578,64.9000015258789,65.52999877929688,2335300,VNQ
2012-12-13,39.175148010253906,64.66000366210938,65.23999786376953,64.44999694824219,65.0,2614500,VNQ
2012-12-14,39.16908645629883,64.6500015258789,64.81999969482422,64.48999786376953,64.66999816894531,2544500,VNQ
2012-12-17,39.37507247924805,64.98999786376953,65.05999755859375,64.6500015258789,64.94999694824219,2315800,VNQ
2012-12-18,39.781005859375,65.66000366210938,65.66000366210938,65.05999755859375,65.19999694824219,2532300,VNQ
2012-12-19,39.72647476196289,65.56999969482422,65.98999786376953,65.54000091552734,65.95999908447266,3408800,VNQ
2012-12-20,40.24753189086914,66.43000030517578,66.45999908447266,65.4800033569336,65.4800033569336,2695600,VNQ
2012-12-21,40.18086624145508,66.31999969482422,66.55999755859375,65.68000030517578,65.87999725341797,2252500,VNQ
2012-12-24,40.23423385620117,65.61000061035156,65.80999755859375,65.29000091552734,65.56999969482422,1802600,VNQ
2012-12-26,40.04412078857422,65.30000305175781,65.91000366210938,65.13999938964844,65.91000366210938,1724100,VNQ
2012-12-27,40.19130325317383,65.54000091552734,65.66000366210938,64.80999755859375,65.41000366210938,2305800,VNQ
2012-12-28,39.9276123046875,65.11000061035156,65.72000122070312,65.05999755859375,65.33999633789062,1990300,VNQ
2012-12-31,40.350746154785156,65.80000305175781,65.80999755859375,64.88999938964844,65.12000274658203,3718700,VNQ
2013-01-02,40.85359573364258,66.62000274658203,67.08999633789062,66.20999908447266,66.93000030517578,5286400,VNQ
2013-01-03,40.84746170043945,66.61000061035156,66.94000244140625,66.48999786376953,66.62000274658203,3571000,VNQ
2013-01-04,41.037567138671875,66.91999816894531,66.94999694824219,66.5199966430664,66.80999755859375,2338700,VNQ
2013-01-07,41.12953567504883,67.06999969482422,67.12000274658203,66.76000213623047,66.94000244140625,2243600,VNQ
2013-01-08,41.049827575683594,66.94000244140625,67.19999694824219,66.73999786376953,67.08000183105469,1533700,VNQ
2013-01-09,41.16633605957031,67.12999725341797,67.22000122070312,66.93000030517578,67.16000366210938,2134400,VNQ
2013-01-10,41.209266662597656,67.19999694824219,67.55000305175781,66.94000244140625,67.36000061035156,2824100,VNQ
2013-01-11,41.18473815917969,67.16000366210938,67.37000274658203,66.9000015258789,67.29000091552734,2022000,VNQ
2013-01-14,41.30125045776367,67.3499984741211,67.36000061035156,67.1500015258789,67.33999633789062,1787200,VNQ
2013-01-15,41.49748229980469,67.66999816894531,67.76000213623047,67.1500015258789,67.29000091552734,2101400,VNQ
2013-01-16,41.44842529296875,67.58999633789062,67.62999725341797,67.37999725341797,67.55999755859375,2384800,VNQ
2013-01-17,41.57722091674805,67.80000305175781,67.91999816894531,67.72000122070312,67.87999725341797,2421900,VNQ
2013-01-18,41.755043029785156,68.08999633789062,68.08999633789062,67.66000366210938,67.88999938964844,2277500,VNQ
2013-01-22,41.96968078613281,68.44000244140625,68.44999694824219,68.01000213623047,68.1500015258789,2187400,VNQ
2013-01-23,41.957420349121094,68.41999816894531,68.52999877929688,68.26000213623047,68.4800033569336,2383100,VNQ
2013-01-24,42.04325866699219,68.55999755859375,68.73999786376953,68.33000183105469,68.5999984741211,2346200,VNQ
2013-01-25,42.28242874145508,68.94999694824219,68.98999786376953,68.61000061035156,68.80000305175781,2095600,VNQ
2013-01-28,42.39281463623047,69.12999725341797,69.29000091552734,68.80999755859375,69.16999816894531,3364700,VNQ
2013-01-29,42.515464782714844,69.33000183105469,69.33000183105469,69.05999755859375,69.16999816894531,2343700,VNQ
2013-01-30,42.110721588134766,68.66999816894531,69.30999755859375,68.54000091552734,69.30999755859375,1872600,VNQ
2013-01-31,41.859283447265625,68.26000213623047,68.61000061035156,68.08999633789062,68.5199966430664,2186400,VNQ
2013-02-01,42.10457992553711,68.66000366210938,68.86000061035156,68.3499984741211,68.62000274658203,3376600,VNQ
2013-02-04,42.006465911865234,68.5,68.7699966430664,68.29000091552734,68.41999816894531,2827500,VNQ
2013-02-05,41.908348083496094,68.33999633789062,68.79000091552734,68.25,68.75,2401200,VNQ
2013-02-06,42.0555305480957,68.58000183105469,68.58999633789062,68.02999877929688,68.18000030517578,8277600,VNQ
2013-02-07,41.87770080566406,68.29000091552734,68.69999694824219,68.11000061035156,68.58000183105469,1793400,VNQ
2013-02-08,42.2640266418457,68.91999816894531,68.91999816894531,68.37000274658203,68.44000244140625,2799900,VNQ
2013-02-11,42.32535171508789,69.0199966430664,69.08999633789062,68.80000305175781,68.8499984741211,2177700,VNQ
2013-02-12,42.64422607421875,69.54000091552734,69.55000305175781,69.01000213623047,69.16000366210938,2357700,VNQ
2013-02-13,42.61970520019531,69.5,69.7300033569336,69.30999755859375,69.70999908447266,2525900,VNQ
2013-02-14,42.441871643066406,69.20999908447266,69.48999786376953,69.16999816894531,69.47000122070312,2169200,VNQ
2013-02-15,42.46025466918945,69.23999786376953,69.33999633789062,68.97000122070312,69.33000183105469,1504200,VNQ
2013-02-19,42.797542572021484,69.79000091552734,69.80000305175781,69.36000061035156,69.44999694824219,1673700,VNQ
2013-02-20,42.52158737182617,69.33999633789062,70.06999969482422,69.33999633789062,69.83000183105469,1764500,VNQ
2013-02-21,42.20270919799805,68.81999969482422,69.36000061035156,68.66000366210938,69.30999755859375,2185700,VNQ
2013-02-22,42.62582015991211,69.51000213623047,69.51000213623047,69.04000091552734,69.1500015258789,1941400,VNQ
2013-02-25,41.816375732421875,68.19000244140625,69.81999969482422,68.19000244140625,69.73999786376953,2550400,VNQ
2013-02-26,42.10457992553711,68.66000366210938,68.8499984741211,68.12000274658203,68.54000091552734,2382800,VNQ
2013-02-27,42.41122055053711,69.16000366210938,69.4800033569336,68.55999755859375,68.76000213623047,1551400,VNQ
2013-02-28,42.36827087402344,69.08999633789062,69.45999908447266,69.05999755859375,69.16000366210938,4566400,VNQ
2013-03-01,42.50932693481445,69.31999969482422,69.41000366210938,68.55999755859375,68.91000366210938,3862400,VNQ
2013-03-04,42.828189849853516,69.83999633789062,70.0199966430664,69.27999877929688,69.27999877929688,3141000,VNQ
2013-03-05,43.165489196777344,70.38999938964844,70.54000091552734,69.83000183105469,70.1500015258789,2835800,VNQ
2013-03-06,43.036705017089844,70.18000030517578,70.73999786376953,69.91999816894531,70.61000061035156,3021800,VNQ
2013-03-07,42.83434295654297,69.8499984741211,70.41000366210938,69.79000091552734,70.41000366210938,1923300,VNQ
2013-03-08,42.90790939331055,69.97000122070312,70.2300033569336,69.52999877929688,70.22000122070312,2473300,VNQ
2013-03-11,42.9447135925293,70.02999877929688,70.12000274658203,69.70999908447266,69.97000122070312,1712600,VNQ
2013-03-12,42.78527069091797,69.7699966430664,70.12999725341797,69.6500015258789,70.12999725341797,2190100,VNQ
2013-03-13,42.828189849853516,69.83999633789062,70.02999877929688,69.55999755859375,69.80000305175781,1785000,VNQ
2013-03-14,43.0980224609375,70.27999877929688,70.37000274658203,69.86000061035156,69.94999694824219,2647700,VNQ
2013-03-15,43.1961555480957,70.44000244140625,70.47000122070312,69.91999816894531,70.20999908447266,2243800,VNQ
2013-03-18,42.95697784423828,70.05000305175781,70.27999877929688,69.87000274658203,69.87999725341797,2398300,VNQ
2013-03-19,42.74848937988281,69.70999908447266,70.2300033569336,69.2699966430664,70.08000183105469,3055200,VNQ
2013-03-20,42.88338851928711,69.93000030517578,70.06999969482422,69.69000244140625,69.9800033569336,3110100,VNQ
2013-03-21,42.75462341308594,69.72000122070312,70.19999694824219,69.66999816894531,69.69999694824219,1723800,VNQ
2013-03-22,42.97956085205078,69.55000305175781,69.63999938964844,69.26000213623047,69.4000015258789,3143500,VNQ
2013-03-25,42.98573303222656,69.55999755859375,70.0,69.41999816894531,69.66999816894531,2676500,VNQ
2013-03-26,43.35650634765625,70.16000366210938,70.20999908447266,69.75,69.75,1722600,VNQ
2013-03-27,43.436851501464844,70.29000091552734,70.29000091552734,69.80000305175781,69.94999694824219,2463100,VNQ
2013-03-28,43.58516311645508,70.52999877929688,70.58000183105469,70.0999984741211,70.36000061035156,2632300,VNQ
2013-04-01,43.714942932128906,70.73999786376953,70.7699966430664,70.11000061035156,70.66000366210938,2501200,VNQ
2013-04-02,43.85087966918945,70.95999908447266,71.30000305175781,70.79000091552734,70.9800033569336,2546100,VNQ
2013-04-03,43.6963996887207,70.70999908447266,71.2699966430664,70.55999755859375,71.19999694824219,2215900,VNQ
2013-04-04,44.40705871582031,71.86000061035156,71.94000244140625,70.76000213623047,70.83999633789062,1905200,VNQ
2013-04-05,44.64806365966797,72.25,72.25,71.08999633789062,71.22000122070312,2288300,VNQ
2013-04-08,45.006492614746094,72.83000183105469,72.9000015258789,71.83000183105469,72.27999877929688,1773500,VNQ
2013-04-09,45.012664794921875,72.83999633789062,73.1500015258789,72.45999908447266,73.08999633789062,2537900,VNQ
2013-04-10,45.29074478149414,73.29000091552734,73.41000366210938,72.9000015258789,73.12000274658203,2088000,VNQ
2013-04-11,45.55647277832031,73.72000122070312,74.08000183105469,73.25,73.44999694824219,2425000,VNQ
2013-04-12,45.667724609375,73.9000015258789,73.94000244140625,73.51000213623047,73.70999908447266,1618800,VNQ
2013-04-15,44.72222137451172,72.37000274658203,73.81999969482422,72.37000274658203,73.6500015258789,3345500,VNQ
2013-04-16,45.463775634765625,73.56999969482422,73.6500015258789,72.33999633789062,72.88999938964844,3296300,VNQ
2013-04-17,44.98176193237305,72.79000091552734,73.37999725341797,72.2699966430664,73.30000305175781,3039700,VNQ
2013-04-18,44.913787841796875,72.68000030517578,73.0199966430664,72.33000183105469,72.94999694824219,2616900,VNQ
2013-04-19,45.605918884277344,73.80000305175781,73.8499984741211,72.76000213623047,72.94999694824219,1621200,VNQ
2013-04-22,45.54410171508789,73.69999694824219,74.08000183105469,73.27999877929688,74.01000213623047,2638500,VNQ
2013-04-23,45.79749298095703,74.11000061035156,74.26000213623047,73.58000183105469,74.05999755859375,3312300,VNQ
2013-04-24,45.89635467529297,74.2699966430664,74.4000015258789,73.94999694824219,74.18000030517578,1750700,VNQ
2013-04-25,45.74184036254883,74.0199966430664,74.41000366210938,73.62000274658203,74.37000274658203,2981700,VNQ
2013-04-26,45.59355545043945,73.77999877929688,74.27999877929688,73.70999908447266,73.94999694824219,2601000,VNQ
2013-04-29,45.98286056518555,74.41000366210938,74.47000122070312,73.8499984741211,74.36000061035156,1889800,VNQ
2013-04-30,46.520503997802734,75.27999877929688,75.29000091552734,74.37000274658203,74.44999694824219,2439700,VNQ
2013-05-01,46.14971923828125,74.68000030517578,75.43000030517578,74.52999877929688,75.38999938964844,6260100,VNQ
2013-05-02,46.45252227783203,75.16999816894531,75.47000122070312,74.79000091552734,74.79000091552734,2590600,VNQ
2013-05-03,46.637908935546875,75.47000122070312,75.87000274658203,75.31999969482422,75.68000030517578,2878800,VNQ
2013-05-06,46.87892150878906,75.86000061035156,75.91999816894531,75.4800033569336,75.4800033569336,2427700,VNQ
2013-05-07,47.13846206665039,76.27999877929688,76.31999969482422,75.70999908447266,75.97000122070312,2442800,VNQ
2013-05-08,47.16317367553711,76.31999969482422,76.4800033569336,75.9000015258789,76.19000244140625,2703100,VNQ
2013-05-09,46.85419845581055,75.81999969482422,76.33999633789062,75.70999908447266,76.1500015258789,2255800,VNQ
2013-05-10,47.027217864990234,76.0999984741211,76.16999816894531,75.75,76.04000091552734,1706300,VNQ
2013-05-13,47.249698638916016,76.45999908447266,76.51000213623047,76.04000091552734,76.05999755859375,2114100,VNQ
2013-05-14,47.4227294921875,76.73999786376953,76.94999694824219,76.44999694824219,76.4800033569336,2081600,VNQ
2013-05-15,47.89238357543945,77.5,77.5,76.44000244140625,76.80000305175781,2836800,VNQ
2013-05-16,47.64520263671875,77.0999984741211,77.70999908447266,76.86000061035156,77.38999938964844,2485200,VNQ
2013-05-17,47.91092300415039,77.52999877929688,77.56999969482422,77.05000305175781,77.29000091552734,1717700,VNQ
2013-05-20,48.022178649902344,77.70999908447266,77.7699966430664,77.37000274658203,77.66000366210938,2534100,VNQ
2013-05-21,48.294063568115234,78.1500015258789,78.33000183105469,77.87000274658203,77.9000015258789,2321300,VNQ
2013-05-22,47.119930267333984,76.25,78.86000061035156,75.75,78.02999877929688,5514100,VNQ
2013-05-23,46.236228942871094,74.81999969482422,75.62999725341797,74.3499984741211,75.62999725341797,5071800,VNQ
2013-05-24,46.11882781982422,74.62999725341797,74.77999877929688,73.77999877929688,74.55999755859375,3020000,VNQ
2013-05-28,45.72332000732422,73.98999786376953,75.5999984741211,73.55000305175781,75.48999786376953,3666200,VNQ
2013-05-29,44.753108978271484,72.41999816894531,73.47000122070312,71.54000091552734,73.41000366210938,5983200,VNQ
2013-05-30,44.33290100097656,71.73999786376953,72.94999694824219,71.66000366210938,72.30999755859375,3753500,VNQ
2013-05-31,43.739646911621094,70.77999877929688,72.16000366210938,70.75,71.4800033569336,6474200,VNQ
2013-06-03,43.986854553222656,71.18000030517578,71.5,70.0999984741211,70.76000213623047,6934600,VNQ
2013-06-04,43.375064849853516,70.19000244140625,71.4800033569336,70.19000244140625,71.27999877929688,4116400,VNQ
2013-06-05,43.01662826538086,69.61000061035156,70.47000122070312,69.4000015258789,70.05000305175781,4197000,VNQ
2013-06-06,43.7087516784668,70.7300033569336,70.80999755859375,69.1500015258789,69.66000366210938,5111000,VNQ
2013-06-07,43.714942932128906,70.73999786376953,71.12999725341797,69.75,70.94999694824219,3588900,VNQ
2013-06-10,43.337974548339844,70.12999725341797,70.95999908447266,69.9800033569336,70.9000015258789,3347500,VNQ
2013-06-11,42.695281982421875,69.08999633789062,69.94999694824219,69.05999755859375,69.3499984741211,4747000,VNQ
2013-06-12,42.11439895629883,68.1500015258789,69.62000274658203,67.93000030517578,69.4800033569336,3558600,VNQ
2013-06-13,43.20820236206055,69.91999816894531,70.13999938964844,67.80000305175781,67.86000061035156,4603500,VNQ
2013-06-14,43.36886978149414,70.18000030517578,71.04000091552734,69.73999786376953,69.98999786376953,3547000,VNQ
2013-06-17,43.492462158203125,70.37999725341797,71.08000183105469,69.93000030517578,70.69000244140625,4148100,VNQ
2013-06-18,43.714942932128906,70.73999786376953,71.19999694824219,70.0999984741211,70.48999786376953,4303700,VNQ
2013-06-19,42.37394714355469,68.56999969482422,70.93000030517578,68.3499984741211,70.51000213623047,4929600,VNQ
2013-06-20,40.61274719238281,65.72000122070312,67.91000366210938,65.38999938964844,67.77999877929688,8148100,VNQ
2013-06-21,41.16273880004883,66.61000061035156,67.16999816894531,65.41000366210938,66.2300033569336,7812200,VNQ
2013-06-24,40.9761962890625,65.68000030517578,67.0999984741211,64.27999877929688,64.83000183105469,8414700,VNQ
2013-06-25,41.66245651245117,66.77999877929688,67.18000030517578,65.69000244140625,66.44000244140625,11383300,VNQ
2013-06-26,42.29258346557617,67.79000091552734,67.97000122070312,67.33000183105469,67.52999877929688,6721700,VNQ
2013-06-27,43.14103698730469,69.1500015258789,69.18000030517578,68.20999908447266,68.33999633789062,5114900,VNQ
2013-06-28,42.872779846191406,68.72000122070312,69.3499984741211,68.38999938964844,68.88999938964844,6234200,VNQ
2013-07-01,42.77920150756836,68.56999969482422,69.52999877929688,68.37000274658203,69.26000213623047,3141000,VNQ
2013-07-02,43.434268951416016,69.62000274658203,69.68000030517578,67.91999816894531,68.66999816894531,3707600,VNQ
2013-07-03,43.14728546142578,69.16000366210938,69.38999938964844,68.33999633789062,69.38999938964844,2446400,VNQ
2013-07-05,42.94139099121094,68.83000183105469,69.26000213623047,67.37000274658203,69.1500015258789,2506100,VNQ
2013-07-08,42.98508071899414,68.9000015258789,69.55999755859375,68.83999633789062,69.08999633789062,2918000,VNQ
2013-07-09,43.596473693847656,69.87999725341797,70.13999938964844,68.97000122070312,69.30000305175781,1955900,VNQ
2013-07-10,43.61520004272461,69.91000366210938,70.08000183105469,69.3499984741211,69.87000274658203,3267800,VNQ
2013-07-11,44.66953659057617,71.5999984741211,71.66999816894531,70.72000122070312,70.94999694824219,3844300,VNQ
2013-07-12,44.39503860473633,71.16000366210938,71.9000015258789,70.87999725341797,71.83000183105469,3398200,VNQ
2013-07-15,44.582191467285156,71.45999908447266,71.69000244140625,71.04000091552734,71.37999725341797,2942200,VNQ
2013-07-16,44.6133918762207,71.51000213623047,71.80000305175781,71.30999755859375,71.37999725341797,2946400,VNQ
2013-07-17,44.77559280395508,71.7699966430664,71.97000122070312,71.41999816894531,71.83000183105469,2209600,VNQ
2013-07-18,45.156166076660156,72.37999725341797,72.41000366210938,71.7699966430664,72.08999633789062,1931600,VNQ
2013-07-19,45.124961853027344,72.33000183105469,72.51000213623047,72.0199966430664,72.30999755859375,1864400,VNQ
2013-07-22,45.262229919433594,72.55000305175781,72.69000244140625,72.0999984741211,72.37999725341797,1934800,VNQ
2013-07-23,45.212318420410156,72.47000122070312,72.86000061035156,72.20999908447266,72.77999877929688,1402800,VNQ
2013-07-24,44.332645416259766,71.05999755859375,72.69999694824219,70.56999969482422,72.5999984741211,3115300,VNQ
2013-07-25,44.40127182006836,71.16999816894531,71.27999877929688,70.58999633789062,70.98999786376953,1760800,VNQ
2013-07-26,44.43871307373047,71.2300033569336,71.3499984741211,70.66000366210938,70.94999694824219,1586800,VNQ
2013-07-29,44.10805130004883,70.69999694824219,71.4000015258789,70.58999633789062,71.06999969482422,3562300,VNQ
2013-07-30,43.97703170776367,70.48999786376953,71.33000183105469,70.25,70.9000015258789,2362600,VNQ
2013-07-31,43.25958251953125,69.33999633789062,70.7300033569336,68.7699966430664,70.33000183105469,3443900,VNQ
2013-08-01,43.09113693237305,69.06999969482422,69.80999755859375,68.88999938964844,69.61000061035156,3445000,VNQ
2013-08-02,42.879024505615234,68.7300033569336,69.3499984741211,68.70999908447266,69.23999786376953,2578300,VNQ
2013-08-05,42.84781265258789,68.68000030517578,68.9800033569336,68.47000122070312,68.54000091552734,2831300,VNQ
2013-08-06,42.69810104370117,68.44000244140625,68.97000122070312,68.33000183105469,68.5999984741211,3889300,VNQ
2013-08-07,42.58578872680664,68.26000213623047,68.69999694824219,67.91999816894531,68.63999938964844,2021200,VNQ
2013-08-08,42.60451889038086,68.29000091552734,68.63999938964844,67.93000030517578,68.47000122070312,2476400,VNQ
2013-08-09,42.97883605957031,68.88999938964844,69.27999877929688,68.0999984741211,68.19999694824219,2893000,VNQ
2013-08-12,42.67313003540039,68.4000015258789,68.80999755859375,68.08999633789062,68.80999755859375,2709000,VNQ
2013-08-13,42.086692810058594,67.45999908447266,68.5,67.2699966430664,68.4000015258789,3778200,VNQ
2013-08-14,41.92448043823242,67.19999694824219,67.62000274658203,67.1500015258789,67.4000015258789,2538300,VNQ
2013-08-15,41.15711975097656,65.97000122070312,66.81999969482422,65.72000122070312,66.6500015258789,3630500,VNQ
2013-08-16,40.14643859863281,64.3499984741211,65.91999816894531,64.23999786376953,65.91999816894531,4256700,VNQ
2013-08-19,39.61613082885742,63.5,64.37999725341797,63.470001220703125,64.37999725341797,4763500,VNQ
2013-08-20,40.51451110839844,64.94000244140625,65.22000122070312,63.650001525878906,63.869998931884766,4124500,VNQ
2013-08-21,40.42095184326172,64.79000091552734,65.81999969482422,64.0,64.36000061035156,4437200,VNQ
2013-08-22,40.664241790771484,65.18000030517578,65.20999908447266,64.43000030517578,64.94999694824219,2499500,VNQ
2013-08-23,41.0884895324707,65.86000061035156,65.87999725341797,64.94000244140625,65.22000122070312,2917800,VNQ
2013-08-26,40.969947814941406,65.66999816894531,66.0,65.47000122070312,65.86000061035156,2925200,VNQ
2013-08-27,40.770301818847656,65.3499984741211,65.73999786376953,65.0,65.08999633789062,3355100,VNQ
2013-08-28,40.520751953125,64.94999694824219,65.47000122070312,64.80999755859375,65.47000122070312,2142600,VNQ
2013-08-29,40.58314514160156,65.05000305175781,65.05999755859375,64.4800033569336,64.7699966430664,2334600,VNQ
2013-08-30,40.240013122558594,64.5,65.47000122070312,64.41000366210938,65.20999908447266,3852400,VNQ
2013-09-03,39.890647888183594,63.939998626708984,64.98999786376953,63.400001525878906,64.75,6455100,VNQ
2013-09-04,40.233787536621094,64.48999786376953,64.70999908447266,63.709999084472656,64.0,4261500,VNQ
2013-09-05,39.809539794921875,63.810001373291016,64.55000305175781,63.7400016784668,64.55000305175781,3024700,VNQ
2013-09-06,40.42718505859375,64.80000305175781,65.37999725341797,64.38999938964844,64.38999938964844,4582200,VNQ
2013-09-09,41.26941680908203,66.1500015258789,66.1500015258789,64.83000183105469,64.87000274658203,3579700,VNQ
2013-09-10,41.23822021484375,66.0999984741211,66.5,65.72000122070312,66.30999755859375,2905300,VNQ
2013-09-11,41.568870544433594,66.62999725341797,66.62999725341797,66.05000305175781,66.16000366210938,2568000,VNQ
2013-09-12,41.30060958862305,66.19999694824219,67.0,66.08000183105469,66.6500015258789,2628600,VNQ
2013-09-13,41.41913604736328,66.38999938964844,66.5199966430664,66.05999755859375,66.29000091552734,2582600,VNQ
2013-09-16,41.830894470214844,67.05000305175781,67.93000030517578,66.87999725341797,67.37000274658203,4413800,VNQ
2013-09-17,41.80595779418945,67.01000213623047,67.55999755859375,66.9000015258789,67.02999877929688,3328300,VNQ
2013-09-18,43.22215270996094,69.27999877929688,69.36000061035156,66.30999755859375,67.01000213623047,4452500,VNQ
2013-09-19,43.184715270996094,69.22000122070312,70.06999969482422,69.16999816894531,69.44000244140625,5138400,VNQ
2013-09-20,42.479736328125,68.08999633789062,69.37999725341797,67.94000244140625,69.06999969482422,4082500,VNQ
2013-09-23,42.18886947631836,67.01000213623047,67.77999877929688,66.97000122070312,67.44999694824219,3523100,VNQ
2013-09-24,41.86778259277344,66.5,67.16999816894531,66.45999908447266,66.98999786376953,4447700,VNQ
2013-09-25,42.006282806396484,66.72000122070312,67.1500015258789,66.20999908447266,66.63999938964844,2626300,VNQ
2013-09-26,42.264427185058594,67.12999725341797,67.16000366210938,66.68000030517578,66.83000183105469,1465400,VNQ
2013-09-27,42.088130950927734,66.8499984741211,67.20999908447266,66.41000366210938,66.94000244140625,3412300,VNQ
2013-09-30,41.64112854003906,66.13999938964844,67.0,65.88999938964844,66.29000091552734,3804700,VNQ
2013-10-01,42.24552917480469,67.0999984741211,67.80000305175781,66.0,66.1500015258789,4416100,VNQ
2013-10-02,42.308494567871094,67.19999694824219,67.23999786376953,66.44999694824219,66.7699966430664,2604000,VNQ
2013-10-03,41.57186508178711,66.02999877929688,67.05999755859375,65.68000030517578,66.91999816894531,6150600,VNQ
2013-10-04,41.490020751953125,65.9000015258789,66.41999816894531,65.52999877929688,66.05999755859375,2389200,VNQ
2013-10-07,41.67890167236328,66.19999694824219,66.47000122070312,65.5,65.54000091552734,2267400,VNQ
2013-10-08,41.22559356689453,65.4800033569336,66.41999816894531,65.47000122070312,66.11000061035156,2622000,VNQ
2013-10-09,41.23188400268555,65.48999786376953,66.18000030517578,65.4000015258789,65.5,2896600,VNQ
2013-10-10,42.283294677734375,67.16000366210938,67.22000122070312,66.0,66.0199966430664,2370200,VNQ
2013-10-11,42.705135345458984,67.83000183105469,67.9000015258789,66.86000061035156,67.05000305175781,2111100,VNQ
2013-10-14,42.73031234741211,67.87000274658203,67.94000244140625,67.26000213623047,67.44000244140625,2278000,VNQ
2013-10-15,42.572906494140625,67.62000274658203,68.19000244140625,67.4800033569336,67.7699966430664,3231700,VNQ
2013-10-16,43.37248611450195,68.88999938964844,68.95999908447266,67.7699966430664,67.9000015258789,3066400,VNQ
2013-10-17,44.02726745605469,69.93000030517578,70.05999755859375,68.52999877929688,68.6500015258789,3258600,VNQ
2013-10-18,43.983211517333984,69.86000061035156,70.31999969482422,69.45999908447266,70.30000305175781,2685200,VNQ
2013-10-21,43.71876907348633,69.44000244140625,69.87999725341797,69.11000061035156,69.83000183105469,2276500,VNQ
2013-10-22,44.12168884277344,70.08000183105469,70.36000061035156,69.44999694824219,69.5,3611600,VNQ
2013-10-23,44.203556060791016,70.20999908447266,70.25,69.68000030517578,69.94999694824219,4650000,VNQ
2013-10-24,44.19096755981445,70.19000244140625,70.44999694824219,69.79000091552734,70.44999694824219,1600400,VNQ
2013-10-25,44.732383728027344,71.05000305175781,71.12999725341797,70.19999694824219,70.36000061035156,2213000,VNQ
2013-10-28,44.41132354736328,70.54000091552734,71.0999984741211,69.94999694824219,71.0999984741211,3347400,VNQ
2013-10-29,44.15318298339844,70.12999725341797,70.54000091552734,69.7300033569336,70.16000366210938,3174900,VNQ
2013-10-30,43.78173828125,69.54000091552734,70.2300033569336,69.19999694824219,70.04000091552734,2466500,VNQ
2013-10-31,43.523597717285156,69.12999725341797,69.77999877929688,68.66000366210938,69.62000274658203,4039600,VNQ
2013-11-01,43.75026321411133,69.48999786376953,69.69999694824219,68.7300033569336,69.41000366210938,3448800,VNQ
2013-11-04,43.83209991455078,69.62000274658203,69.94999694824219,68.9800033569336,69.86000061035156,2640800,VNQ
2013-11-05,43.114356994628906,68.4800033569336,69.3499984741211,68.3499984741211,69.3499984741211,2533800,VNQ
2013-11-06,43.05141067504883,68.37999725341797,69.0,68.29000091552734,68.56999969482422,2256900,VNQ
2013-11-07,42.51626968383789,67.52999877929688,68.62999725341797,67.37999725341797,68.38999938964844,3236900,VNQ
2013-11-08,41.943328857421875,66.62000274658203,67.22000122070312,65.66000366210938,66.91999816894531,3577500,VNQ
2013-11-11,41.987396240234375,66.69000244140625,67.0999984741211,66.44999694824219,66.5,2243000,VNQ
2013-11-12,41.79851531982422,66.38999938964844,66.6500015258789,65.86000061035156,66.51000213623047,2269900,VNQ
2013-11-13,42.06925582885742,66.81999969482422,66.81999969482422,65.95999908447266,66.29000091552734,2547100,VNQ
2013-11-14,42.365150451660156,67.29000091552734,67.77999877929688,66.9000015258789,66.98999786376953,2483500,VNQ
2013-11-15,42.522552490234375,67.54000091552734,67.6500015258789,67.13999938964844,67.3499984741211,2140300,VNQ
2013-11-18,42.258121490478516,67.12000274658203,67.80000305175781,67.05000305175781,67.79000091552734,1739500,VNQ
2013-11-19,41.962215423583984,66.6500015258789,67.13999938964844,66.37999725341797,66.9800033569336,2202800,VNQ
2013-11-20,41.452239990234375,65.83999633789062,67.2699966430664,65.6500015258789,66.61000061035156,2922700,VNQ
2013-11-21,41.773338317871094,66.3499984741211,66.51000213623047,65.75,66.0199966430664,2998000,VNQ
2013-11-22,41.609642028808594,66.08999633789062,66.55000305175781,65.73999786376953,66.4800033569336,1919400,VNQ
2013-11-25,41.414459228515625,65.77999877929688,66.20999908447266,65.69000244140625,66.16000366210938,2934200,VNQ
2013-11-26,41.26966094970703,65.55000305175781,65.94000244140625,65.4000015258789,65.93000030517578,2673400,VNQ
2013-11-27,41.62224578857422,66.11000061035156,66.16000366210938,65.4800033569336,65.58000183105469,2990600,VNQ
2013-11-29,41.23817443847656,65.5,66.19000244140625,65.4000015258789,65.83000183105469,2259600,VNQ
2013-12-02,40.998939514160156,65.12000274658203,65.62000274658203,64.86000061035156,65.43000030517578,3659000,VNQ
2013-12-03,40.917083740234375,64.98999786376953,65.20999908447266,64.70999908447266,64.91000366210938,2246800,VNQ
2013-12-04,41.06819152832031,65.2300033569336,65.69000244140625,64.38999938964844,64.47000122070312,3189600,VNQ
2013-12-05,41.21299743652344,65.45999908447266,65.55000305175781,64.70999908447266,65.16999816894531,2622100,VNQ
2013-12-06,41.50891876220703,65.93000030517578,66.0999984741211,65.61000061035156,65.91999816894531,2022500,VNQ
2013-12-09,41.71037673950195,66.25,66.30999755859375,65.66000366210938,66.26000213623047,2326100,VNQ
2013-12-10,41.60334014892578,66.08000183105469,66.51000213623047,66.08000183105469,66.12999725341797,2439600,VNQ
2013-12-11,40.6463623046875,64.55999755859375,66.19999694824219,64.5,66.08999633789062,2789100,VNQ
2013-12-12,40.419715881347656,64.19999694824219,64.5999984741211,63.959999084472656,64.45999908447266,2746100,VNQ
2013-12-13,40.52045440673828,64.36000061035156,65.12000274658203,64.19000244140625,64.43000030517578,3165400,VNQ
2013-12-16,40.6589469909668,64.58000183105469,64.75,64.29000091552734,64.51000213623047,2571400,VNQ
2013-12-17,40.847843170166016,64.87999725341797,65.05999755859375,64.36000061035156,64.61000061035156,2640100,VNQ
2013-12-18,41.57186508178711,66.02999877929688,66.08999633789062,64.1500015258789,64.91000366210938,4120500,VNQ
2013-12-19,40.998939514160156,65.12000274658203,65.87000274658203,64.75,65.83999633789062,3297500,VNQ
2013-12-20,41.25077819824219,65.5199966430664,65.58000183105469,64.94999694824219,65.11000061035156,3832900,VNQ
2013-12-23,41.33262634277344,65.6500015258789,66.05000305175781,65.56999969482422,65.72000122070312,4183400,VNQ
2013-12-24,41.36970138549805,64.69999694824219,64.86000061035156,64.52999877929688,64.68000030517578,1801200,VNQ
2013-12-26,41.40169143676758,64.75,65.23999786376953,64.58999633789062,64.81999969482422,4333500,VNQ
2013-12-27,41.49120330810547,64.88999938964844,65.0,64.31999969482422,64.9000015258789,3277100,VNQ
2013-12-30,41.503990173339844,64.91000366210938,65.16000366210938,64.76000213623047,64.87999725341797,3603900,VNQ
2013-12-31,41.28018569946289,64.55999755859375,65.1500015258789,64.44999694824219,64.91999816894531,5576900,VNQ
2014-01-02,41.28658676147461,64.56999969482422,64.75,64.05000305175781,64.27999877929688,5829600,VNQ
2014-01-03,41.51676559448242,64.93000030517578,65.18000030517578,64.41000366210938,64.48999786376953,2771700,VNQ
2014-01-06,41.72779083251953,65.26000213623047,65.55999755859375,64.93000030517578,65.13999938964844,2917500,VNQ
2014-01-07,41.913204193115234,65.55000305175781,65.81999969482422,65.06999969482422,65.23999786376953,2582600,VNQ
2014-01-08,41.7086067199707,65.2300033569336,65.62000274658203,64.94000244140625,65.37999725341797,3368400,VNQ
2014-01-09,41.7086067199707,65.2300033569336,65.51000213623047,64.75,65.48999786376953,2543000,VNQ
2014-01-10,42.277671813964844,66.12000274658203,66.16000366210938,65.61000061035156,65.76000213623047,2683900,VNQ
2014-01-13,41.9963264465332,65.68000030517578,66.2300033569336,65.5,66.0999984741211,3650800,VNQ
2014-01-14,42.30324172973633,66.16000366210938,66.36000061035156,65.66000366210938,65.91000366210938,2383400,VNQ
2014-01-15,42.62295150756836,66.66000366210938,66.77999877929688,66.1500015258789,66.1500015258789,3069700,VNQ
2014-01-16,42.69968032836914,66.77999877929688,66.80999755859375,66.55000305175781,66.55000305175781,2704800,VNQ
2014-01-17,42.4503059387207,66.38999938964844,66.97000122070312,66.33000183105469,66.8499984741211,2957800,VNQ
2014-01-21,42.833946228027344,66.98999786376953,67.25,66.58999633789062,66.72000122070312,3255800,VNQ
2014-01-22,43.019386291503906,67.27999877929688,67.47000122070312,67.0,67.02999877929688,3432800,VNQ
2014-01-23,42.91707992553711,67.12000274658203,67.26000213623047,66.80000305175781,67.05000305175781,3262600,VNQ
2014-01-24,42.37997055053711,66.27999877929688,66.91999816894531,66.13999938964844,66.81999969482422,2745800,VNQ
2014-01-27,42.05385971069336,65.7699966430664,66.58000183105469,65.51000213623047,66.31999969482422,3818500,VNQ
2014-01-28,42.40554428100586,66.31999969482422,66.44000244140625,65.79000091552734,65.8499984741211,2406700,VNQ
2014-01-29,42.17536926269531,65.95999908447266,66.29000091552734,65.62999725341797,65.98999786376953,3308200,VNQ
2014-01-30,42.81477355957031,66.95999908447266,67.20999908447266,66.1500015258789,66.20999908447266,2990100,VNQ
2014-01-31,43.044944763183594,67.31999969482422,67.62000274658203,66.22000122070312,66.43000030517578,5454400,VNQ
2014-02-03,42.36079025268555,66.25,67.31999969482422,65.98999786376953,67.22000122070312,7310400,VNQ
2014-02-04,42.8723258972168,67.05000305175781,67.08999633789062,66.05999755859375,66.31999969482422,4472100,VNQ
2014-02-05,42.782798767089844,66.91000366210938,67.01000213623047,66.54000091552734,66.5999984741211,2656000,VNQ
2014-02-06,43.09611129760742,67.4000015258789,67.5,66.91000366210938,66.94999694824219,2755500,VNQ
2014-02-07,43.42221450805664,67.91000366210938,68.01000213623047,67.4000015258789,67.81999969482422,5918800,VNQ
2014-02-10,43.83143615722656,68.55000305175781,68.75,67.68000030517578,68.12000274658203,6276300,VNQ
2014-02-11,44.00407028198242,68.81999969482422,69.16000366210938,68.33000183105469,68.43000030517578,7136400,VNQ
2014-02-12,44.02964401245117,68.86000061035156,69.02999877929688,68.5199966430664,69.0199966430664,3335400,VNQ
2014-02-13,44.195892333984375,69.12000274658203,69.44000244140625,68.48999786376953,68.61000061035156,2754600,VNQ
2014-02-14,44.368534088134766,69.38999938964844,69.5199966430664,69.01000213623047,69.01000213623047,2509200,VNQ
2014-02-18,44.585933685302734,69.7300033569336,69.7300033569336,69.02999877929688,69.61000061035156,3819900,VNQ
2014-02-19,44.56035614013672,69.69000244140625,70.43000030517578,69.55999755859375,69.5999984741211,4334000,VNQ
2014-02-20,44.46444320678711,69.54000091552734,70.23999786376953,69.29000091552734,69.69999694824219,3503400,VNQ
2014-02-21,44.57314682006836,69.70999908447266,70.0,69.19999694824219,69.58000183105469,2406000,VNQ
2014-02-24,44.68183517456055,69.87999725341797,70.56999969482422,69.83999633789062,69.9800033569336,3690100,VNQ
2014-02-25,44.82890701293945,70.11000061035156,70.44000244140625,69.8499984741211,70.0,3329500,VNQ
2014-02-26,44.93120574951172,70.2699966430664,70.52999877929688,70.01000213623047,70.3499984741211,4623500,VNQ
2014-02-27,44.809715270996094,70.08000183105469,70.52999877929688,69.77999877929688,70.30000305175781,3334400,VNQ
2014-02-28,45.22533416748047,70.7300033569336,70.98999786376953,70.05000305175781,70.1500015258789,8733500,VNQ
2014-03-03,45.250911712646484,70.7699966430664,70.83999633789062,70.05999755859375,70.29000091552734,5816200,VNQ
2014-03-04,45.90311050415039,71.79000091552734,71.87999725341797,71.13999938964844,71.2699966430664,4444400,VNQ
2014-03-05,45.84556579589844,71.69999694824219,72.01000213623047,71.13999938964844,71.83999633789062,3489400,VNQ
2014-03-06,45.461917877197266,71.0999984741211,71.83000183105469,70.94000244140625,71.83000183105469,3705600,VNQ
2014-03-07,44.96957015991211,70.33000183105469,70.97000122070312,70.0199966430664,70.7699966430664,3665900,VNQ
2014-03-10,44.73298263549805,69.95999908447266,70.44000244140625,69.69000244140625,70.36000061035156,6387500,VNQ
2014-03-11,45.01432418823242,70.4000015258789,70.66999816894531,70.0,70.05000305175781,5101900,VNQ
2014-03-12,45.14860916137695,70.61000061035156,70.69000244140625,70.1500015258789,70.1500015258789,2711900,VNQ
2014-03-13,44.93760299682617,70.27999877929688,70.87000274658203,70.1500015258789,70.73999786376953,3688000,VNQ
2014-03-14,45.05268859863281,70.45999908447266,70.77999877929688,70.16000366210938,70.33999633789062,2713900,VNQ
2014-03-17,45.14860916137695,70.61000061035156,71.06999969482422,70.4000015258789,71.02999877929688,3115600,VNQ
2014-03-18,45.28288269042969,70.81999969482422,70.9000015258789,70.33999633789062,70.62999725341797,2483700,VNQ
2014-03-19,44.42608642578125,69.4800033569336,71.19000244140625,69.23999786376953,71.0,4561500,VNQ
2014-03-20,44.502811431884766,69.5999984741211,69.62000274658203,68.79000091552734,69.37000274658203,3811500,VNQ
2014-03-21,44.912025451660156,70.23999786376953,70.47000122070312,69.75,69.81999969482422,2970400,VNQ
2014-03-24,44.617916107177734,69.77999877929688,70.48999786376953,69.41999816894531,70.44000244140625,5826500,VNQ
2014-03-25,45.02528762817383,69.95999908447266,70.08999633789062,69.44000244140625,69.87000274658203,3125500,VNQ
2014-03-26,44.51687240600586,69.16999816894531,70.37999725341797,69.16000366210938,70.25,4286800,VNQ
2014-03-27,44.80004119873047,69.61000061035156,69.66999816894531,68.87000274658203,69.1500015258789,3097600,VNQ
2014-03-28,45.070343017578125,70.02999877929688,70.29000091552734,69.7300033569336,69.76000213623047,2278400,VNQ
2014-03-31,45.45006561279297,70.62000274658203,70.83000183105469,69.79000091552734,70.44999694824219,3597700,VNQ
2014-04-01,45.656009674072266,70.94000244140625,70.94000244140625,70.12999725341797,70.7699966430664,5804400,VNQ
2014-04-02,45.69463348388672,71.0,71.06999969482422,70.52999877929688,70.9000015258789,3266700,VNQ
2014-04-03,45.598079681396484,70.8499984741211,71.12999725341797,70.5999984741211,71.0999984741211,2372300,VNQ
2014-04-04,45.75254440307617,71.08999633789062,71.52999877929688,70.7699966430664,71.1500015258789,3600300,VNQ
2014-04-07,45.90056228637695,71.31999969482422,71.80000305175781,71.08000183105469,71.11000061035156,3845100,VNQ
2014-04-08,46.18375015258789,71.76000213623047,71.80000305175781,71.11000061035156,71.37999725341797,2935500,VNQ
2014-04-09,46.06790542602539,71.58000183105469,72.0,71.19999694824219,72.0,4339600,VNQ
2014-04-10,45.63026428222656,70.9000015258789,71.9800033569336,70.70999908447266,71.69000244140625,4136300,VNQ
2014-04-11,45.353519439697266,70.47000122070312,71.1500015258789,70.37000274658203,70.7699966430664,3785000,VNQ
2014-04-14,45.623836517333984,70.88999938964844,70.98999786376953,70.37000274658203,70.83000183105469,2963500,VNQ
2014-04-15,46.16445541381836,71.7300033569336,71.76000213623047,70.83999633789062,70.98999786376953,3800100,VNQ
2014-04-16,46.46049118041992,72.19000244140625,72.27999877929688,71.68000030517578,71.9800033569336,2141600,VNQ
2014-04-17,46.190181732177734,71.7699966430664,72.1500015258789,71.51000213623047,72.13999938964844,3736800,VNQ
2014-04-21,46.45405960083008,72.18000030517578,72.26000213623047,71.77999877929688,71.87000274658203,2447200,VNQ
2014-04-22,46.5570182800293,72.33999633789062,72.43000030517578,71.63999938964844,72.26000213623047,2889700,VNQ
2014-04-23,46.370391845703125,72.05000305175781,72.47000122070312,71.87000274658203,72.33000183105469,3180700,VNQ
2014-04-24,46.56344985961914,72.3499984741211,72.48999786376953,72.06999969482422,72.19999694824219,2332400,VNQ
2014-04-25,46.38325500488281,72.06999969482422,72.43000030517578,71.91000366210938,72.38999938964844,2608900,VNQ
2014-04-28,46.74365997314453,72.62999725341797,72.69000244140625,71.94000244140625,72.29000091552734,2994200,VNQ
2014-04-29,46.77583694458008,72.68000030517578,72.98999786376953,72.4800033569336,72.8499984741211,2944200,VNQ
2014-04-30,46.943180084228516,72.94000244140625,72.98999786376953,72.44999694824219,72.81999969482422,2660700,VNQ
2014-05-01,47.14268493652344,73.25,73.31999969482422,72.30999755859375,73.05999755859375,3817400,VNQ
2014-05-02,47.12982177734375,73.2300033569336,73.55000305175781,72.86000061035156,72.9000015258789,3495200,VNQ
2014-05-05,47.22635269165039,73.37999725341797,73.44000244140625,72.69000244140625,73.0,2628500,VNQ
2014-05-06,47.059024810791016,73.12000274658203,73.38999938964844,72.87000274658203,73.05999755859375,2879800,VNQ
2014-05-07,47.625370025634766,74.0,74.05000305175781,73.16000366210938,73.27999877929688,4417300,VNQ
2014-05-08,47.734779357910156,74.16999816894531,74.51000213623047,73.9000015258789,73.97000122070312,3389200,VNQ
2014-05-09,47.766971588134766,74.22000122070312,74.44999694824219,73.80000305175781,74.22000122070312,3706300,VNQ
2014-05-12,47.91498565673828,74.44999694824219,74.5999984741211,74.13999938964844,74.13999938964844,2983200,VNQ
2014-05-13,47.6060791015625,73.97000122070312,75.0199966430664,73.86000061035156,74.4800033569336,2476600,VNQ
2014-05-14,47.625370025634766,74.0,74.30000305175781,73.69000244140625,74.05000305175781,3956800,VNQ
2014-05-15,47.59963607788086,73.95999908447266,74.08000183105469,73.3499984741211,74.05000305175781,2941200,VNQ
2014-05-16,48.03728103637695,74.63999938964844,74.6500015258789,73.6500015258789,74.02999877929688,2478900,VNQ
2014-05-19,47.84420394897461,74.33999633789062,74.61000061035156,74.0,74.61000061035156,2420400,VNQ
2014-05-20,47.6961669921875,74.11000061035156,74.5999984741211,73.87000274658203,74.38999938964844,2210200,VNQ
2014-05-21,47.38080978393555,73.62000274658203,74.36000061035156,73.5,74.36000061035156,2164800,VNQ
2014-05-22,47.297149658203125,73.48999786376953,73.9000015258789,73.44999694824219,73.69000244140625,1820600,VNQ
2014-05-23,47.71548843383789,74.13999938964844,74.16999816894531,73.48999786376953,73.48999786376953,1418000,VNQ
2014-05-27,48.056575775146484,74.66999816894531,74.70999908447266,74.18000030517578,74.33999633789062,2713200,VNQ
2014-05-28,47.75410079956055,74.19999694824219,74.43000030517578,73.76000213623047,74.4000015258789,2363100,VNQ
2014-05-29,47.85063552856445,74.3499984741211,74.4000015258789,74.01000213623047,74.30000305175781,2379800,VNQ
2014-05-30,48.069454193115234,74.69000244140625,74.77999877929688,74.22000122070312,74.27999877929688,3281400,VNQ
2014-06-02,48.21747970581055,74.91999816894531,75.11000061035156,74.55999755859375,74.91999816894531,3096500,VNQ
2014-06-03,48.19172668457031,74.87999725341797,74.97000122070312,74.62000274658203,74.91000366210938,1828800,VNQ
2014-06-04,48.288265228271484,75.02999877929688,75.19000244140625,74.62999725341797,74.88999938964844,1910500,VNQ
2014-06-05,49.176414489746094,76.41000366210938,76.44000244140625,74.91000366210938,75.19999694824219,4992400,VNQ
2014-06-06,48.97047805786133,76.08999633789062,76.7699966430664,75.94999694824219,76.7699966430664,9927200,VNQ
2014-06-09,48.37836837768555,75.16999816894531,76.33999633789062,75.02999877929688,76.16999816894531,2468000,VNQ
2014-06-10,48.01797866821289,74.61000061035156,75.19000244140625,74.33999633789062,75.11000061035156,2614700,VNQ
2014-06-11,47.88924026489258,74.41000366210938,74.7300033569336,74.04000091552734,74.30999755859375,2365800,VNQ
2014-06-12,47.766971588134766,74.22000122070312,74.45999908447266,73.6500015258789,74.4000015258789,2249600,VNQ
2014-06-13,47.88924026489258,74.41000366210938,74.52999877929688,73.7300033569336,74.22000122070312,1853100,VNQ
2014-06-16,47.644683837890625,74.02999877929688,74.66000366210938,73.91999816894531,74.3499984741211,2643400,VNQ
2014-06-17,47.766971588134766,74.22000122070312,74.30000305175781,73.69999694824219,73.9800033569336,1942400,VNQ
2014-06-18,48.10163116455078,74.73999786376953,74.91000366210938,73.91999816894531,74.2300033569336,2734500,VNQ
2014-06-19,48.50065994262695,75.36000061035156,75.36000061035156,74.69999694824219,74.94000244140625,2555800,VNQ
2014-06-20,48.66798782348633,75.62000274658203,75.66000366210938,74.94999694824219,75.36000061035156,2133100,VNQ
2014-06-23,48.468475341796875,75.30999755859375,75.91000366210938,75.30000305175781,75.58999633789062,4780100,VNQ
2014-06-24,48.50419616699219,74.66999816894531,74.91000366210938,74.43000030517578,74.62000274658203,3286300,VNQ
2014-06-25,48.40677261352539,74.5199966430664,74.77999877929688,74.33000183105469,74.58999633789062,3838900,VNQ
2014-06-26,48.36127853393555,74.44999694824219,74.58999633789062,74.2300033569336,74.55999755859375,2612600,VNQ
2014-06-27,48.73155212402344,75.0199966430664,75.02999877929688,74.27999877929688,74.33999633789062,2013100,VNQ
2014-06-30,48.614620208740234,74.83999633789062,75.08000183105469,74.33999633789062,75.06999969482422,4124700,VNQ
2014-07-01,48.874454498291016,75.23999786376953,75.44000244140625,74.62999725341797,74.88999938964844,3025500,VNQ
2014-07-02,48.75754165649414,75.05999755859375,75.23999786376953,74.62999725341797,75.23999786376953,2935000,VNQ
2014-07-03,48.47822952270508,74.62999725341797,74.87999725341797,74.30999755859375,74.79000091552734,2878500,VNQ
2014-07-07,48.62112808227539,74.8499984741211,74.97000122070312,74.51000213623047,74.51000213623047,2436200,VNQ
2014-07-08,48.764034271240234,75.06999969482422,75.31999969482422,74.62000274658203,74.62000274658203,3175000,VNQ
2014-07-09,48.84199142456055,75.19000244140625,75.30999755859375,74.66000366210938,75.16999816894531,2534800,VNQ
2014-07-10,49.06283187866211,75.52999877929688,75.69999694824219,74.72000122070312,74.80999755859375,3409400,VNQ
2014-07-11,49.06936264038086,75.54000091552734,75.62999725341797,75.16999816894531,75.5,2629400,VNQ
2014-07-14,49.30967712402344,75.91000366210938,75.9800033569336,75.4000015258789,75.72000122070312,1907000,VNQ
2014-07-15,49.342166900634766,75.95999908447266,76.0999984741211,75.56999969482422,75.95999908447266,2907800,VNQ
2014-07-16,49.49806594848633,76.19999694824219,76.2699966430664,75.73999786376953,76.12000274658203,2204200,VNQ
2014-07-17,49.244720458984375,75.80999755859375,76.18000030517578,75.69999694824219,76.05999755859375,2930400,VNQ
2014-07-18,49.73191452026367,76.55999755859375,76.58000183105469,75.80000305175781,75.8499984741211,2042200,VNQ
2014-07-21,49.550025939941406,76.27999877929688,76.41999816894531,76.05000305175781,76.36000061035156,2612300,VNQ
2014-07-22,49.7059326171875,76.5199966430664,76.75,76.41000366210938,76.41000366210938,2536100,VNQ
2014-07-23,49.796871185302734,76.66000366210938,76.7699966430664,76.41000366210938,76.61000061035156,1972200,VNQ
2014-07-24,49.73191452026367,76.55999755859375,76.87999725341797,76.37999725341797,76.8499984741211,2035000,VNQ
2014-07-25,49.38763427734375,76.02999877929688,76.66000366210938,76.0,76.66000366210938,4739600,VNQ
2014-07-28,49.73191452026367,76.55999755859375,76.76000213623047,76.0999984741211,76.1500015258789,2155500,VNQ
2014-07-29,49.491580963134766,76.19000244140625,76.73999786376953,76.08999633789062,76.69999694824219,1898000,VNQ
2014-07-30,49.38763427734375,76.02999877929688,76.4800033569336,75.66999816894531,76.16999816894531,3117400,VNQ
2014-07-31,48.653621673583984,74.9000015258789,75.91999816894531,74.9000015258789,75.6500015258789,3195700,VNQ
2014-08-01,48.53667449951172,74.72000122070312,75.4000015258789,74.72000122070312,74.88999938964844,3394800,VNQ
2014-08-04,48.874454498291016,75.23999786376953,75.41000366210938,74.38999938964844,74.91999816894531,2458400,VNQ
2014-08-05,48.37428665161133,74.47000122070312,75.19999694824219,74.30999755859375,74.94999694824219,2968400,VNQ
2014-08-06,48.35480499267578,74.44000244140625,74.79000091552734,74.0,74.26000213623047,1930600,VNQ
2014-08-07,48.38078308105469,74.4800033569336,74.87999725341797,74.31999969482422,74.66999816894531,2299300,VNQ
2014-08-08,48.66659164428711,74.91999816894531,74.97000122070312,74.33000183105469,74.5999984741211,2574200,VNQ
2014-08-11,48.97189712524414,75.38999938964844,75.61000061035156,75.0,75.12000274658203,2307300,VNQ
2014-08-12,48.89395523071289,75.2699966430664,75.61000061035156,75.12999725341797,75.37000274658203,1510400,VNQ
2014-08-13,49.60200500488281,76.36000061035156,76.38999938964844,75.41000366210938,75.41000366210938,1847200,VNQ
2014-08-14,49.569515228271484,76.30999755859375,76.63999938964844,76.1500015258789,76.5,2020500,VNQ
2014-08-15,49.517547607421875,76.2300033569336,76.72000122070312,75.94999694824219,76.55000305175781,2972400,VNQ
2014-08-18,50.00474548339844,76.9800033569336,76.98999786376953,76.41000366210938,76.41000366210938,2328200,VNQ
2014-08-19,50.10865020751953,77.13999938964844,77.33000183105469,76.87999725341797,77.1500015258789,1893300,VNQ
2014-08-20,50.33601760864258,77.48999786376953,77.61000061035156,76.72000122070312,77.1500015258789,2361100,VNQ
2014-08-21,50.25807189941406,77.37000274658203,77.83999633789062,77.31999969482422,77.55000305175781,2436900,VNQ
2014-08-22,49.85533142089844,76.75,77.37000274658203,76.48999786376953,77.33999633789062,2568700,VNQ
2014-08-25,49.744895935058594,76.58000183105469,77.19999694824219,76.30999755859375,77.12999725341797,1913700,VNQ
2014-08-26,49.842350006103516,76.7300033569336,76.94000244140625,76.5999984741211,76.62000274658203,1762400,VNQ
2014-08-27,49.87481689453125,76.77999877929688,77.0,76.58999633789062,76.81999969482422,1527300,VNQ
2014-08-28,49.868316650390625,76.7699966430664,76.93000030517578,76.5,76.72000122070312,2491900,VNQ
2014-08-29,50.13465881347656,77.18000030517578,77.18000030517578,76.70999908447266,76.87000274658203,1857400,VNQ
2014-09-02,50.14115905761719,77.19000244140625,77.33000183105469,76.9800033569336,77.05000305175781,2356800,VNQ
2014-09-03,50.27108383178711,77.38999938964844,77.48999786376953,77.11000061035156,77.3499984741211,2254000,VNQ
2014-09-04,50.08269119262695,77.0999984741211,77.61000061035156,76.86000061035156,77.38999938964844,2032500,VNQ
2014-09-05,50.61532974243164,77.91999816894531,77.94999694824219,77.12999725341797,77.2300033569336,2285600,VNQ
2014-09-08,50.56338119506836,77.83999633789062,78.08000183105469,77.61000061035156,77.86000061035156,3472300,VNQ
2014-09-09,50.251564025878906,77.36000061035156,77.83999633789062,77.22000122070312,77.83999633789062,2389600,VNQ
2014-09-10,49.45909118652344,76.13999938964844,77.25,76.08000183105469,77.25,3369300,VNQ
2014-09-11,49.49806594848633,76.19999694824219,76.43000030517578,75.8499984741211,76.05999755859375,3158100,VNQ
2014-09-12,47.978057861328125,73.86000061035156,75.87000274658203,73.44999694824219,75.8499984741211,5664200,VNQ
2014-09-15,47.744197845458984,73.5,74.19999694824219,73.23999786376953,73.83000183105469,4031200,VNQ
2014-09-16,48.21188735961914,74.22000122070312,74.44000244140625,73.5,73.52999877929688,3866000,VNQ
2014-09-17,48.198909759521484,74.19999694824219,74.8499984741211,74.0999984741211,74.44999694824219,3340200,VNQ
2014-09-18,47.77667999267578,73.55000305175781,74.4000015258789,73.51000213623047,74.29000091552734,3321000,VNQ
2014-09-19,47.83512878417969,73.63999938964844,73.95999908447266,73.38999938964844,73.55000305175781,3465500,VNQ
2014-09-22,47.4583740234375,73.05999755859375,73.5999984741211,73.05999755859375,73.55000305175781,2511100,VNQ
2014-09-23,47.114105224609375,72.52999877929688,73.3499984741211,72.5,73.02999877929688,5408600,VNQ
2014-09-24,46.98821258544922,71.66999816894531,72.52999877929688,71.52999877929688,71.8499984741211,4459300,VNQ
2014-09-25,46.77842330932617,71.3499984741211,71.80999755859375,71.08999633789062,71.70999908447266,5149900,VNQ
2014-09-26,47.40781021118164,72.30999755859375,72.37999725341797,71.12000274658203,71.23999786376953,3992400,VNQ
2014-09-29,47.342247009277344,72.20999908447266,72.26000213623047,71.4800033569336,71.87999725341797,3798600,VNQ
2014-09-30,47.10622787475586,71.8499984741211,72.41000366210938,71.68000030517578,72.23999786376953,4720400,VNQ
2014-10-01,47.14557647705078,71.91000366210938,72.38999938964844,71.5999984741211,71.5999984741211,6004400,VNQ
2014-10-02,47.06690979003906,71.79000091552734,72.2699966430664,71.31999969482422,71.8499984741211,4035000,VNQ
2014-10-03,47.3619270324707,72.23999786376953,72.41999816894531,71.66999816894531,72.08999633789062,3338400,VNQ
2014-10-06,47.48649215698242,72.43000030517578,72.83999633789062,72.25,72.43000030517578,2874400,VNQ
2014-10-07,47.11276626586914,71.86000061035156,72.63999938964844,71.8499984741211,72.29000091552734,2711000,VNQ
2014-10-08,48.135555267333984,73.41999816894531,73.45999908447266,71.98999786376953,72.04000091552734,4952700,VNQ
2014-10-09,48.135555267333984,73.41999816894531,74.29000091552734,73.30000305175781,73.3499984741211,4812800,VNQ
2014-10-10,48.181453704833984,73.48999786376953,74.4000015258789,73.47000122070312,73.52999877929688,4856500,VNQ
2014-10-13,48.22734451293945,73.55999755859375,74.30999755859375,73.5,73.80000305175781,4322300,VNQ
2014-10-14,49.00753402709961,74.75,75.26000213623047,73.7699966430664,73.87000274658203,4833400,VNQ
2014-10-15,48.81740188598633,74.45999908447266,75.05999755859375,73.77999877929688,74.48999786376953,6098400,VNQ
2014-10-16,48.896080017089844,74.58000183105469,74.79000091552734,73.48999786376953,73.48999786376953,4380100,VNQ
2014-10-17,48.955081939697266,74.66999816894531,75.26000213623047,74.05000305175781,75.16999816894531,3592900,VNQ
2014-10-20,49.70249938964844,75.80999755859375,75.83000183105469,74.69000244140625,74.80000305175781,3538000,VNQ
2014-10-21,50.154869079589844,76.5,76.54000091552734,75.62000274658203,76.05000305175781,3590600,VNQ
2014-10-22,50.16796875,76.5199966430664,77.0199966430664,76.38999938964844,76.55000305175781,3685100,VNQ
2014-10-23,50.55479431152344,77.11000061035156,77.27999877929688,76.58000183105469,76.97000122070312,4636200,VNQ
2014-10-24,50.515445709228516,77.05000305175781,77.44999694824219,76.61000061035156,77.16999816894531,3367300,VNQ
2014-10-27,50.88916778564453,77.62000274658203,77.6500015258789,76.94999694824219,77.01000213623047,3241900,VNQ
2014-10-28,51.112064361572266,77.95999908447266,77.95999908447266,77.31999969482422,77.4000015258789,2537300,VNQ
2014-10-29,50.8236083984375,77.5199966430664,77.87999725341797,76.8499984741211,77.83000183105469,3652200,VNQ
2014-10-30,51.144840240478516,78.01000213623047,78.01000213623047,77.12999725341797,77.41999816894531,2619400,VNQ
2014-10-31,51.787357330322266,78.98999786376953,79.05000305175781,78.30000305175781,78.38999938964844,5992000,VNQ
2014-11-03,52.239723205566406,79.68000030517578,79.68000030517578,78.87000274658203,79.02999877929688,5130100,VNQ
2014-11-04,52.32495880126953,79.80999755859375,79.81999969482422,79.0,79.66000366210938,2749400,VNQ
2014-11-05,52.21350860595703,79.63999938964844,80.18000030517578,79.18000030517578,79.9800033569336,2257200,VNQ
2014-11-06,51.81358337402344,79.02999877929688,79.91000366210938,78.9000015258789,79.61000061035156,3025000,VNQ
2014-11-07,51.748023986816406,78.93000030517578,79.30999755859375,78.55000305175781,79.11000061035156,3680900,VNQ
2014-11-10,52.17417907714844,79.58000183105469,79.62000274658203,78.68000030517578,78.75,2141300,VNQ
2014-11-11,51.970916748046875,79.2699966430664,79.63999938964844,78.91999816894531,79.55000305175781,2158300,VNQ
2014-11-12,51.57755661010742,78.66999816894531,79.3499984741211,78.54000091552734,79.30000305175781,3648500,VNQ
2014-11-13,51.859500885009766,79.0999984741211,79.29000091552734,78.7300033569336,78.83000183105469,4038700,VNQ
2014-11-14,51.433319091796875,78.44999694824219,79.23999786376953,78.29000091552734,79.0999984741211,3117900,VNQ
2014-11-17,51.66279220581055,78.80000305175781,78.93000030517578,78.3499984741211,78.3499984741211,2501400,VNQ
2014-11-18,51.88569259643555,79.13999938964844,79.25,78.66000366210938,78.80999755859375,2609900,VNQ
2014-11-19,51.42021179199219,78.43000030517578,79.16999816894531,78.41999816894531,78.91999816894531,2985900,VNQ
2014-11-20,51.59067153930664,78.69000244140625,78.79000091552734,78.05999755859375,78.37000274658203,3400800,VNQ
2014-11-21,51.911922454833984,79.18000030517578,79.37999725341797,78.95999908447266,79.29000091552734,2827500,VNQ
2014-11-24,52.09550857543945,79.45999908447266,79.72000122070312,79.29000091552734,79.33999633789062,3367400,VNQ
2014-11-25,52.187278747558594,79.5999984741211,79.77999877929688,79.30999755859375,79.62999725341797,4664900,VNQ
2014-11-26,52.69210433959961,80.37000274658203,80.44000244140625,79.6500015258789,79.6500015258789,2303900,VNQ
2014-11-28,52.8232307434082,80.56999969482422,81.44000244140625,80.4000015258789,80.56999969482422,2225200,VNQ
2014-12-01,52.69210433959961,80.37000274658203,81.05999755859375,80.2699966430664,80.5,5767100,VNQ
2014-12-02,53.019927978515625,80.87000274658203,80.95999908447266,79.86000061035156,80.36000061035156,3641400,VNQ
2014-12-03,52.967472076416016,80.79000091552734,80.9800033569336,80.55000305175781,80.88999938964844,3620900,VNQ
2014-12-04,53.10512924194336,81.0,81.11000061035156,80.37000274658203,80.7699966430664,3367000,VNQ
2014-12-05,52.83633804321289,80.58999633789062,80.81999969482422,79.95999908447266,80.81999969482422,4100400,VNQ
2014-12-08,53.17071533203125,81.0999984741211,82.37999725341797,80.44000244140625,80.44999694824219,2651600,VNQ
2014-12-09,53.413307189941406,81.47000122070312,81.63999938964844,80.22000122070312,80.30000305175781,3905800,VNQ
2014-12-10,53.36083221435547,81.38999938964844,81.66000366210938,81.05000305175781,81.26000213623047,3634400,VNQ
2014-12-11,53.45918273925781,81.54000091552734,81.87000274658203,81.27999877929688,81.37999725341797,2845100,VNQ
2014-12-12,52.993682861328125,80.83000183105469,81.79000091552734,80.80000305175781,81.36000061035156,3903500,VNQ
2014-12-15,52.30528259277344,79.77999877929688,81.29000091552734,79.62999725341797,81.27999877929688,5900900,VNQ
2014-12-16,52.23317337036133,79.66999816894531,80.38999938964844,79.16999816894531,79.77999877929688,7097800,VNQ
2014-12-17,53.43294906616211,81.5,81.54000091552734,79.77999877929688,79.79000091552734,7227900,VNQ
2014-12-18,53.8066520690918,82.06999969482422,82.16000366210938,81.43000030517578,82.06999969482422,6041800,VNQ
2014-12-19,53.780433654785156,82.02999877929688,82.44000244140625,81.80000305175781,82.23999786376953,5490300,VNQ
2014-12-22,54.679595947265625,82.27999877929688,82.33999633789062,81.11000061035156,81.1500015258789,3600200,VNQ
2014-12-23,54.5267219543457,82.05000305175781,82.62999725341797,81.83000183105469,82.56999969482422,4804100,VNQ
2014-12-24,54.3007926940918,81.70999908447266,82.41000366210938,81.62000274658203,82.26000213623047,1306900,VNQ
2014-12-26,54.49350357055664,82.0,82.25,81.72000122070312,82.12000274658203,2907700,VNQ
2014-12-29,54.79254913330078,82.44999694824219,82.7699966430664,81.80000305175781,81.9000015258789,2789100,VNQ
2014-12-30,54.752689361572266,82.38999938964844,82.87999725341797,82.19000244140625,82.44000244140625,3292600,VNQ
2014-12-31,53.82893371582031,81.0,83.08999633789062,80.91999816894531,82.7699966430664,4494500,VNQ
2015-01-02,54.63969802856445,82.22000122070312,82.29000091552734,81.33999633789062,81.69999694824219,5570500,VNQ
2015-01-05,54.938758850097656,82.66999816894531,82.87999725341797,81.75,82.0,6073700,VNQ
2015-01-06,55.483680725097656,83.48999786376953,83.75,82.75,82.75,7577100,VNQ
2015-01-07,56.33434295654297,84.7699966430664,84.88999938964844,83.37000274658203,83.80999755859375,6920700,VNQ
2015-01-08,56.54698181152344,85.08999633789062,85.36000061035156,84.41000366210938,85.3499984741211,5255000,VNQ
2015-01-09,56.57356262207031,85.12999725341797,85.5199966430664,84.55999755859375,85.08999633789062,4643900,VNQ
2015-01-12,57.00552749633789,85.77999877929688,85.87000274658203,85.18000030517578,85.33999633789062,5131800,VNQ
2015-01-13,56.919124603271484,85.6500015258789,86.33000183105469,85.19999694824219,86.08000183105469,5859600,VNQ
2015-01-14,57.410888671875,86.38999938964844,86.43000030517578,85.1500015258789,85.5999984741211,6249100,VNQ
2015-01-15,57.543792724609375,86.58999633789062,86.80999755859375,86.04000091552734,86.56999969482422,5004100,VNQ
2015-01-16,58.042236328125,87.33999633789062,87.44999694824219,86.27999877929688,86.58999633789062,4717000,VNQ
2015-01-20,57.583683013916016,86.6500015258789,87.8499984741211,86.44999694824219,87.7300033569336,5012700,VNQ
2015-01-21,57.543792724609375,86.58999633789062,86.69000244140625,86.18000030517578,86.69000244140625,4354500,VNQ
2015-01-22,58.567222595214844,88.12999725341797,88.22000122070312,86.70999908447266,86.93000030517578,4450600,VNQ
2015-01-23,58.40108108520508,87.87999725341797,88.3499984741211,87.68000030517578,88.11000061035156,3491800,VNQ
2015-01-26,58.892826080322266,88.62000274658203,88.69000244140625,87.63999938964844,88.0,2885100,VNQ
2015-01-27,58.912784576416016,88.6500015258789,89.0,88.30000305175781,88.4000015258789,3209400,VNQ
2015-01-28,58.52069854736328,88.05999755859375,89.2699966430664,88.05999755859375,88.83000183105469,3948900,VNQ
2015-01-29,58.72671890258789,88.37000274658203,88.45999908447266,87.45999908447266,88.45999908447266,3337500,VNQ
2015-01-30,57.51722717285156,86.55000305175781,88.25,86.54000091552734,88.20999908447266,4969800,VNQ
2015-02-02,57.36439895629883,86.31999969482422,86.69000244140625,84.69000244140625,86.52999877929688,7523600,VNQ
2015-02-03,57.8628044128418,87.06999969482422,87.0999984741211,85.66000366210938,86.33000183105469,4617400,VNQ
2015-02-04,57.62355422973633,86.70999908447266,87.08999633789062,86.20999908447266,86.87000274658203,3332800,VNQ
2015-02-05,58.314693450927734,87.75,87.79000091552734,86.66999816894531,86.91999816894531,2921600,VNQ
2015-02-06,56.62007141113281,85.19999694824219,87.66000366210938,84.83000183105469,87.54000091552734,6323300,VNQ
2015-02-09,56.22135543823242,84.5999984741211,85.61000061035156,84.58000183105469,85.12000274658203,4235700,VNQ
2015-02-10,56.40078353881836,84.87000274658203,85.05999755859375,83.8499984741211,84.75,6144500,VNQ
2015-02-11,56.234649658203125,84.62000274658203,85.31999969482422,84.04000091552734,85.04000091552734,4027100,VNQ
2015-02-12,56.90583038330078,85.62999725341797,85.72000122070312,84.5199966430664,84.81999969482422,4523100,VNQ
2015-02-13,56.52703857421875,85.05999755859375,85.94000244140625,84.55999755859375,85.9000015258789,3444500,VNQ
2015-02-17,56.38750457763672,84.8499984741211,85.86000061035156,84.6500015258789,85.0,6414800,VNQ
2015-02-18,56.912498474121094,85.63999938964844,85.75,84.22000122070312,84.83999633789062,5487900,VNQ
2015-02-19,55.68971633911133,83.80000305175781,85.69000244140625,83.61000061035156,85.69000244140625,5415600,VNQ
2015-02-20,56.227996826171875,84.61000061035156,84.73999786376953,83.69000244140625,83.81999969482422,4982700,VNQ
2015-02-23,56.679893493652344,85.29000091552734,85.33000183105469,84.55000305175781,84.62000274658203,3883800,VNQ
2015-02-24,55.56343078613281,83.61000061035156,85.1500015258789,83.25,85.1500015258789,6027700,VNQ
2015-02-25,55.57673645019531,83.62999725341797,84.52999877929688,83.52999877929688,83.69999694824219,6699700,VNQ
2015-02-26,54.97197341918945,82.72000122070312,83.66000366210938,82.52999877929688,83.62000274658203,4738700,VNQ
2015-02-27,55.403934478759766,83.37000274658203,83.58000183105469,82.43000030517578,82.9800033569336,4328200,VNQ
2015-03-02,55.722923278808594,83.8499984741211,84.7699966430664,83.45999908447266,83.58000183105469,5353500,VNQ
2015-03-03,55.61661911010742,83.69000244140625,83.93000030517578,82.97000122070312,83.73999786376953,4311400,VNQ
2015-03-04,55.084957122802734,82.88999938964844,83.80000305175781,82.69999694824219,83.69000244140625,3054200,VNQ
2015-03-05,55.24446105957031,83.12999725341797,83.94999694824219,83.05000305175781,83.0999984741211,3503900,VNQ
2015-03-06,53.410274505615234,80.37000274658203,82.08999633789062,80.22000122070312,82.05999755859375,7166500,VNQ
2015-03-09,53.835601806640625,81.01000213623047,81.19000244140625,80.6500015258789,80.6500015258789,6548000,VNQ
2015-03-10,53.79572296142578,80.94999694824219,81.33000183105469,80.6500015258789,80.7699966430664,5985700,VNQ
2015-03-11,53.842247009277344,81.0199966430664,81.29000091552734,80.70999908447266,81.05000305175781,2833100,VNQ
2015-03-12,54.7792854309082,82.43000030517578,82.54000091552734,81.29000091552734,81.31999969482422,4013200,VNQ
2015-03-13,54.74604415893555,82.37999725341797,82.61000061035156,81.83000183105469,82.41999816894531,2863500,VNQ
2015-03-16,55.310916900634766,83.2300033569336,83.72000122070312,82.62000274658203,82.83999633789062,2761500,VNQ
2015-03-17,55.290958404541016,83.19999694824219,83.58000183105469,82.70999908447266,83.06999969482422,3764800,VNQ
2015-03-18,56.44730758666992,84.94000244140625,85.18000030517578,82.7300033569336,83.20999908447266,5781800,VNQ
2015-03-19,56.420719146728516,84.9000015258789,85.41000366210938,84.55000305175781,84.81999969482422,5663200,VNQ
2015-03-20,57.836204528808594,87.02999877929688,87.11000061035156,85.11000061035156,85.4000015258789,6004800,VNQ
2015-03-23,57.76310348510742,86.91999816894531,87.61000061035156,86.73999786376953,87.02999877929688,3644100,VNQ
2015-03-24,57.271339416503906,86.18000030517578,86.88999938964844,86.16000366210938,86.86000061035156,5828800,VNQ
2015-03-25,56.28324890136719,84.19000244140625,86.08000183105469,83.94999694824219,85.88999938964844,5391800,VNQ
2015-03-26,55.98910903930664,83.75,84.1500015258789,83.37000274658203,83.9800033569336,5638200,VNQ
2015-03-27,56.06263732910156,83.86000061035156,84.22000122070312,83.5199966430664,83.81999969482422,2330600,VNQ
2015-03-30,56.86487579345703,85.05999755859375,85.13999938964844,84.01000213623047,84.22000122070312,4149800,VNQ
2015-03-31,56.36347961425781,84.30999755859375,85.27999877929688,84.06999969482422,84.68000030517578,2982800,VNQ
2015-04-01,56.28324890136719,84.19000244140625,84.6500015258789,83.52999877929688,84.37000274658203,6666100,VNQ
2015-04-02,56.711116790771484,84.83000183105469,85.13999938964844,84.13999938964844,84.33999633789062,3905900,VNQ
2015-04-06,57.2994270324707,85.70999908447266,86.0,84.9800033569336,85.11000061035156,4398100,VNQ
2015-04-07,56.28993606567383,84.19999694824219,85.80999755859375,84.19999694824219,85.69000244140625,3039000,VNQ
2015-04-08,56.376853942871094,84.33000183105469,84.56999969482422,84.08999633789062,84.47000122070312,2630300,VNQ
2015-04-09,55.206947326660156,82.58000183105469,84.19000244140625,82.37999725341797,84.19000244140625,5098700,VNQ
2015-04-10,55.16682434082031,82.5199966430664,83.48999786376953,82.27999877929688,83.01000213623047,3651600,VNQ
2015-04-13,55.019737243652344,82.30000305175781,82.81999969482422,82.27999877929688,82.48999786376953,2348700,VNQ
2015-04-14,55.21361541748047,82.58999633789062,83.0,82.4000015258789,82.4800033569336,3662600,VNQ
2015-04-15,54.79914474487305,81.97000122070312,82.93000030517578,81.91999816894531,82.91999816894531,3514000,VNQ
2015-04-16,54.93950653076172,82.18000030517578,82.52999877929688,81.43000030517578,81.81999969482422,3395400,VNQ
2015-04-17,54.68550491333008,81.80000305175781,82.27999877929688,81.23999786376953,81.86000061035156,5055300,VNQ
2015-04-20,54.765708923339844,81.91999816894531,82.38999938964844,81.66000366210938,82.12999725341797,3191200,VNQ
2015-04-21,54.85928726196289,82.05999755859375,82.58000183105469,81.83000183105469,82.13999938964844,3830400,VNQ
2015-04-22,54.97294235229492,82.2300033569336,82.66000366210938,82.01000213623047,82.08000183105469,3852800,VNQ
2015-04-23,55.120018005371094,82.44999694824219,82.62999725341797,82.05000305175781,82.22000122070312,2266200,VNQ
2015-04-24,55.233665466308594,82.62000274658203,83.0999984741211,82.25,82.54000091552734,2291700,VNQ
2015-04-27,55.16013717651367,82.51000213623047,83.30999755859375,82.31999969482422,82.69000244140625,2973300,VNQ
2015-04-28,55.05317687988281,82.3499984741211,82.62000274658203,81.81999969482422,82.43000030517578,3423400,VNQ
2015-04-29,53.94340896606445,80.69000244140625,81.95999908447266,80.4800033569336,81.55999755859375,3149400,VNQ
2015-04-30,53.067649841308594,79.37999725341797,80.47000122070312,78.88999938964844,80.37000274658203,8753800,VNQ
2015-05-01,53.46875762939453,79.9800033569336,80.52999877929688,79.30999755859375,79.47000122070312,5902600,VNQ
2015-05-04,53.52226638793945,80.05999755859375,80.80000305175781,79.94000244140625,80.23999786376953,4563700,VNQ
2015-05-05,52.359012603759766,78.31999969482422,80.0199966430664,78.19000244140625,80.0199966430664,6407200,VNQ
2015-05-06,52.258731842041016,78.16999816894531,78.54000091552734,77.72000122070312,78.3499984741211,6480100,VNQ
2015-05-07,53.06096267700195,79.37000274658203,79.68000030517578,78.20999908447266,78.27999877929688,6360600,VNQ
2015-05-08,53.803043365478516,80.4800033569336,81.56999969482422,80.12000274658203,80.1500015258789,5136500,VNQ
2015-05-11,52.99409866333008,79.2699966430664,80.70999908447266,79.02999877929688,80.16999816894531,3080600,VNQ
2015-05-12,53.15455627441406,79.51000213623047,79.76000213623047,78.12000274658203,78.68000030517578,4739300,VNQ
2015-05-13,52.64646911621094,78.75,80.3499984741211,78.58999633789062,80.0,6222300,VNQ
2015-05-14,53.662635803222656,80.2699966430664,80.30999755859375,78.98999786376953,79.19000244140625,4905400,VNQ
2015-05-15,54.21083068847656,81.08999633789062,81.33000183105469,80.41000366210938,80.5999984741211,4390600,VNQ
2015-05-18,54.0704345703125,80.87999725341797,81.05999755859375,80.44000244140625,80.81999969482422,3450200,VNQ
2015-05-19,53.88325500488281,80.5999984741211,81.08000183105469,80.41000366210938,80.4800033569336,2784700,VNQ
2015-05-20,53.836456298828125,80.52999877929688,81.08000183105469,80.43000030517578,80.70999908447266,3427400,VNQ
2015-05-21,53.58241271972656,80.1500015258789,80.70999908447266,79.77999877929688,80.61000061035156,2667800,VNQ
2015-05-22,53.515560150146484,80.05000305175781,80.5999984741211,79.5999984741211,79.86000061035156,4067500,VNQ
2015-05-26,53.107765197753906,79.44000244140625,80.05000305175781,79.20999908447266,80.0,3041700,VNQ
2015-05-27,53.629215240478516,80.22000122070312,80.3499984741211,79.36000061035156,79.73999786376953,2978600,VNQ
2015-05-28,53.52226638793945,80.05999755859375,80.38999938964844,79.6500015258789,80.16999816894531,2772000,VNQ
2015-05-29,52.907188415527344,79.13999938964844,80.19999694824219,79.02999877929688,79.93000030517578,4786500,VNQ
2015-06-01,53.55567932128906,80.11000061035156,80.26000213623047,79.0199966430664,79.38999938964844,4464400,VNQ
2015-06-02,53.06096267700195,79.37000274658203,79.80000305175781,79.02999877929688,79.76000213623047,3313200,VNQ
2015-06-03,52.29884338378906,78.2300033569336,79.30999755859375,78.13999938964844,79.1500015258789,3886000,VNQ
2015-06-04,52.19856643676758,78.08000183105469,78.44000244140625,77.83000183105469,78.1500015258789,3710100,VNQ
2015-06-05,51.6169548034668,77.20999908447266,77.80000305175781,76.5,77.05000305175781,6141000,VNQ
2015-06-08,51.52334213256836,77.06999969482422,77.41000366210938,76.9000015258789,77.19999694824219,3347100,VNQ
2015-06-09,51.148983001708984,76.51000213623047,77.20999908447266,76.4000015258789,76.81999969482422,4604500,VNQ
2015-06-10,51.509979248046875,77.05000305175781,77.7300033569336,76.37999725341797,76.47000122070312,4332000,VNQ
2015-06-11,51.82419967651367,77.5199966430664,77.80999755859375,77.37000274658203,77.62000274658203,9411000,VNQ
2015-06-12,51.77738952636719,77.44999694824219,77.76000213623047,77.22000122070312,77.23999786376953,3125500,VNQ
2015-06-15,51.49660110473633,77.02999877929688,77.37999725341797,76.8499984741211,77.37999725341797,3565200,VNQ
2015-06-16,51.91110610961914,77.6500015258789,77.7699966430664,76.94000244140625,77.0999984741211,5474800,VNQ
2015-06-17,52.352325439453125,78.30999755859375,78.37000274658203,77.12000274658203,77.70999908447266,3922300,VNQ
2015-06-18,53.074317932128906,79.38999938964844,79.72000122070312,78.30999755859375,78.36000061035156,5616900,VNQ
2015-06-19,52.66651916503906,78.77999877929688,79.61000061035156,78.52999877929688,79.44000244140625,5986300,VNQ
2015-06-22,52.12502670288086,77.97000122070312,79.12999725341797,77.88999938964844,78.77999877929688,3898700,VNQ
2015-06-23,51.690486907958984,77.31999969482422,77.81999969482422,77.18000030517578,77.6500015258789,2933200,VNQ
2015-06-24,51.409690856933594,76.9000015258789,77.66000366210938,76.87000274658203,77.3499984741211,3900200,VNQ
2015-06-25,50.88824462890625,76.12000274658203,77.0,76.08999633789062,77.0,4820600,VNQ
2015-06-26,51.254234313964844,75.9000015258789,76.08999633789062,75.08999633789062,75.30000305175781,3789500,VNQ
2015-06-29,50.4574089050293,74.72000122070312,76.37999725341797,74.66999816894531,75.62000274658203,5112000,VNQ
2015-06-30,50.437156677246094,74.69000244140625,75.38999938964844,74.5,75.12999725341797,5855900,VNQ
2015-07-01,51.26774978637695,75.91999816894531,75.91999816894531,74.36000061035156,74.37999725341797,6318900,VNQ
2015-07-02,51.39606857299805,76.11000061035156,77.13999938964844,75.9800033569336,76.45999908447266,4303700,VNQ
2015-07-06,51.72020721435547,76.58999633789062,76.69000244140625,75.63999938964844,75.7300033569336,5116700,VNQ
2015-07-07,52.530548095703125,77.79000091552734,77.93000030517578,76.80999755859375,77.0,5921000,VNQ
2015-07-08,52.327964782714844,77.48999786376953,77.76000213623047,77.25,77.37000274658203,4941800,VNQ
2015-07-09,52.07810974121094,77.12000274658203,77.94000244140625,76.93000030517578,77.68000030517578,3312900,VNQ
2015-07-10,52.51028823852539,77.76000213623047,78.27999877929688,77.26000213623047,77.44000244140625,4774100,VNQ
2015-07-13,52.58457946777344,77.87000274658203,78.73999786376953,77.45999908447266,77.81999969482422,2887800,VNQ
2015-07-14,52.69261169433594,78.02999877929688,78.30000305175781,77.56999969482422,78.0,2422900,VNQ
2015-07-15,52.78041076660156,78.16000366210938,78.44000244140625,77.68000030517578,77.83000183105469,2238100,VNQ
2015-07-16,53.20582962036133,78.79000091552734,78.88999938964844,78.29000091552734,78.29000091552734,2494800,VNQ
2015-07-17,53.01676559448242,78.51000213623047,78.83000183105469,78.2699966430664,78.73999786376953,1803100,VNQ
2015-07-20,53.077518463134766,78.5999984741211,78.73999786376953,78.08000183105469,78.31999969482422,2164800,VNQ
2015-07-21,52.92897415161133,78.37999725341797,78.98999786376953,78.37000274658203,78.68000030517578,3540700,VNQ
2015-07-22,53.158573150634766,78.72000122070312,79.0,78.37000274658203,78.44999694824219,2883500,VNQ
2015-07-23,52.496768951416016,77.73999786376953,78.70999908447266,77.2699966430664,78.66999816894531,3188900,VNQ
2015-07-24,52.719627380371094,78.06999969482422,78.33000183105469,77.52999877929688,77.7699966430664,2800300,VNQ
2015-07-27,52.81416320800781,78.20999908447266,78.66000366210938,77.94000244140625,77.94000244140625,3003000,VNQ
2015-07-28,52.84794616699219,78.26000213623047,78.51000213623047,77.9800033569336,78.22000122070312,2674000,VNQ
2015-07-29,53.19231414794922,78.7699966430664,78.9000015258789,77.8499984741211,78.16999816894531,7988100,VNQ
2015-07-30,52.92897415161133,78.37999725341797,78.77999877929688,78.12000274658203,78.6500015258789,2932500,VNQ
2015-07-31,53.3476448059082,79.0,79.62999725341797,78.8499984741211,78.91999816894531,5490400,VNQ
2015-08-03,53.67853927612305,79.48999786376953,79.56999969482422,79.0,79.2699966430664,3766400,VNQ
2015-08-04,53.28687286376953,78.91000366210938,79.86000061035156,78.7300033569336,79.72000122070312,4087300,VNQ
2015-08-05,52.93571472167969,78.38999938964844,79.1500015258789,78.08000183105469,79.0,3783100,VNQ
2015-08-06,53.010005950927734,78.5,78.55000305175781,77.19000244140625,78.45999908447266,3473300,VNQ
2015-08-07,53.20582962036133,78.79000091552734,78.9000015258789,77.80000305175781,78.37000274658203,3942600,VNQ
2015-08-10,53.03699493408203,78.54000091552734,79.16999816894531,78.18000030517578,79.0999984741211,2605100,VNQ
2015-08-11,53.38815689086914,79.05999755859375,79.38999938964844,78.25,78.33999633789062,4539900,VNQ
2015-08-12,53.55698776245117,79.30999755859375,79.33000183105469,78.36000061035156,78.77999877929688,3229200,VNQ
2015-08-13,53.617759704589844,79.4000015258789,79.7300033569336,78.47000122070312,79.12999725341797,2381900,VNQ
2015-08-14,53.90814208984375,79.83000183105469,79.86000061035156,78.87000274658203,79.16999816894531,2558200,VNQ
2015-08-17,54.36733627319336,80.51000213623047,80.56999969482422,79.48999786376953,79.91000366210938,2912600,VNQ
2015-08-18,54.51589584350586,80.7300033569336,80.83000183105469,80.23999786376953,80.47000122070312,2904800,VNQ
2015-08-19,54.191741943359375,80.25,80.62000274658203,79.7699966430664,80.51000213623047,2401000,VNQ
2015-08-20,53.793331146240234,79.66000366210938,80.26000213623047,79.41999816894531,79.86000061035156,3999800,VNQ
2015-08-21,52.79389572143555,78.18000030517578,79.55999755859375,78.18000030517578,79.26000213623047,4126300,VNQ
2015-08-24,50.32235336303711,74.5199966430664,77.06999969482422,72.25,75.5199966430664,10864500,VNQ
2015-08-25,48.93803787231445,72.47000122070312,76.0,72.45999908447266,75.5199966430664,9163900,VNQ
2015-08-26,50.2615852355957,74.43000030517578,74.62999725341797,72.86000061035156,73.19000244140625,5067500,VNQ
2015-08-27,51.23399353027344,75.87000274658203,76.47000122070312,74.4800033569336,75.12000274658203,5627400,VNQ
2015-08-28,51.15971374511719,75.76000213623047,75.9800033569336,75.22000122070312,75.81999969482422,3881100,VNQ
2015-08-31,49.99146270751953,74.02999877929688,75.75,74.02999877929688,75.58000183105469,6197200,VNQ
2015-09-01,49.0393180847168,72.62000274658203,73.66000366210938,72.0999984741211,73.29000091552734,7218400,VNQ
2015-09-02,49.5457763671875,73.37000274658203,73.62999725341797,72.72000122070312,73.08999633789062,5018500,VNQ
2015-09-03,49.68083572387695,73.56999969482422,74.11000061035156,73.4000015258789,73.62000274658203,3712600,VNQ
2015-09-04,48.75569152832031,72.19999694824219,73.12000274658203,71.66999816894531,73.12000274658203,4262900,VNQ
2015-09-08,49.49176025390625,73.29000091552734,73.48999786376953,72.61000061035156,72.83999633789062,3004500,VNQ
2015-09-09,48.92449951171875,72.44999694824219,74.13999938964844,72.33999633789062,73.87000274658203,3338100,VNQ
2015-09-10,49.032562255859375,72.61000061035156,73.37000274658203,72.25,72.33000183105469,4609500,VNQ
2015-09-11,49.971214294433594,74.0,74.0199966430664,72.48999786376953,72.5999984741211,3892500,VNQ
2015-09-14,49.99822235107422,74.04000091552734,74.25,73.81999969482422,74.11000061035156,3040500,VNQ
2015-09-15,50.491172790527344,74.7699966430664,74.93000030517578,73.56999969482422,74.06999969482422,2737200,VNQ
2015-09-16,51.031410217285156,75.56999969482422,75.75,74.69000244140625,74.72000122070312,3318500,VNQ
2015-09-17,51.61216735839844,76.43000030517578,77.73999786376953,75.2699966430664,75.6500015258789,6337800,VNQ
2015-09-18,51.524375915527344,76.30000305175781,77.20999908447266,75.54000091552734,75.88999938964844,5798800,VNQ
2015-09-21,51.96329879760742,76.94999694824219,77.33999633789062,76.30000305175781,76.33999633789062,3176300,VNQ
2015-09-22,51.308284759521484,75.9800033569336,76.83000183105469,75.80999755859375,76.41000366210938,2963500,VNQ
2015-09-23,51.63020706176758,75.69999694824219,76.08000183105469,75.08999633789062,75.5,3708700,VNQ
2015-09-24,51.14595413208008,74.98999786376953,75.91000366210938,74.52999877929688,75.58999633789062,3707600,VNQ
2015-09-25,51.35056686401367,75.29000091552734,75.91999816894531,74.8499984741211,75.31999969482422,3330000,VNQ
2015-09-28,50.552581787109375,74.12000274658203,75.1500015258789,73.56999969482422,75.12000274658203,4094600,VNQ
2015-09-29,51.09138870239258,74.91000366210938,75.2300033569336,74.05000305175781,74.56999969482422,3784900,VNQ
2015-09-30,51.521080017089844,75.54000091552734,75.69000244140625,74.91000366210938,75.44999694824219,6237100,VNQ
2015-10-01,51.77342224121094,75.91000366210938,76.02999877929688,75.11000061035156,75.66000366210938,4105200,VNQ
2015-10-02,52.148529052734375,76.45999908447266,76.4800033569336,75.04000091552734,76.11000061035156,4602000,VNQ
2015-10-05,53.02837371826172,77.75,77.87999725341797,76.75,76.77999877929688,5176500,VNQ
2015-10-06,52.905616760253906,77.56999969482422,78.20999908447266,77.3499984741211,77.79000091552734,3570700,VNQ
2015-10-07,53.51262664794922,78.45999908447266,78.45999908447266,77.61000061035156,77.87999725341797,4211900,VNQ
2015-10-08,53.96276092529297,79.12000274658203,79.19000244140625,78.12999725341797,78.38999938964844,3953200,VNQ
2015-10-09,53.874107360839844,78.98999786376953,79.18000030517578,78.5999984741211,79.11000061035156,3102700,VNQ
2015-10-12,54.25604248046875,79.55000305175781,79.8499984741211,78.98999786376953,79.16000366210938,3216500,VNQ
2015-10-13,53.833168029785156,78.93000030517578,79.5999984741211,78.69999694824219,79.30000305175781,2362700,VNQ
2015-10-14,53.43077850341797,78.33999633789062,79.18000030517578,78.16999816894531,79.08999633789062,3349200,VNQ
2015-10-15,54.160579681396484,79.41000366210938,79.41000366210938,78.3499984741211,78.41999816894531,2533600,VNQ
2015-10-16,54.56976318359375,80.01000213623047,80.1500015258789,79.43000030517578,79.45999908447266,2875000,VNQ
2015-10-19,55.333675384521484,81.12999725341797,81.12999725341797,79.87000274658203,79.9800033569336,3146100,VNQ
2015-10-20,55.31319808959961,81.0999984741211,81.31999969482422,80.76000213623047,80.9800033569336,2781500,VNQ
2015-10-21,55.10858917236328,80.80000305175781,81.48999786376953,80.73999786376953,81.25,3460600,VNQ
2015-10-22,55.59282302856445,81.51000213623047,81.7699966430664,80.80999755859375,80.95999908447266,3504200,VNQ
2015-10-23,55.05404281616211,80.72000122070312,81.68000030517578,80.2300033569336,81.54000091552734,3421300,VNQ
2015-10-26,55.040374755859375,80.69999694824219,80.94000244140625,80.05000305175781,80.75,3280000,VNQ
2015-10-27,55.019920349121094,80.66999816894531,80.87999725341797,80.2699966430664,80.69000244140625,7135300,VNQ
2015-10-28,55.06766128540039,80.73999786376953,81.26000213623047,79.25,80.66999816894531,4576600,VNQ
2015-10-29,54.992645263671875,80.62999725341797,80.73999786376953,80.08999633789062,80.5,3283100,VNQ
2015-10-30,54.487953186035156,79.88999938964844,80.80999755859375,79.81999969482422,80.63999938964844,7057100,VNQ
2015-11-02,55.64740753173828,81.58999633789062,81.5999984741211,79.77999877929688,80.06999969482422,6869600,VNQ
2015-11-03,55.08811950683594,80.7699966430664,81.48999786376953,80.44999694824219,81.41000366210938,5285300,VNQ
2015-11-04,54.84259033203125,80.41000366210938,80.95999908447266,80.16999816894531,80.81999969482422,3165100,VNQ
2015-11-05,55.06085205078125,80.7300033569336,80.81999969482422,79.9800033569336,80.44000244140625,2804100,VNQ
2015-11-06,53.348941802978516,78.22000122070312,79.76000213623047,77.72000122070312,79.43000030517578,7070200,VNQ
2015-11-09,52.43498611450195,76.87999725341797,77.88999938964844,76.37999725341797,77.72000122070312,5919100,VNQ
2015-11-10,53.035194396972656,77.76000213623047,77.94000244140625,76.8499984741211,76.87000274658203,4688800,VNQ
2015-11-11,53.09657287597656,77.8499984741211,78.18000030517578,77.55999755859375,77.76000213623047,2228400,VNQ
2015-11-12,52.735107421875,77.31999969482422,78.01000213623047,77.18000030517578,77.63999938964844,3212200,VNQ
2015-11-13,52.13491439819336,76.44000244140625,77.75,76.37999725341797,77.36000061035156,4250100,VNQ
2015-11-16,52.735107421875,77.31999969482422,77.31999969482422,76.12000274658203,76.2699966430664,3117900,VNQ
2015-11-17,52.735107421875,77.31999969482422,77.9800033569336,77.02999877929688,77.11000061035156,3845600,VNQ
2015-11-18,53.198883056640625,78.0,78.05000305175781,76.91999816894531,77.41000366210938,3429200,VNQ
2015-11-19,53.36257553100586,78.23999786376953,78.62999725341797,77.88999938964844,78.0999984741211,3628100,VNQ
2015-11-20,54.030967712402344,79.22000122070312,79.30999755859375,78.5,78.7300033569336,3964600,VNQ
2015-11-23,54.14691162109375,79.38999938964844,79.69000244140625,79.11000061035156,79.26000213623047,2370000,VNQ
2015-11-24,53.860450744628906,78.97000122070312,79.12999725341797,78.31999969482422,78.95999908447266,3498900,VNQ
2015-11-25,54.0787239074707,79.29000091552734,79.4800033569336,78.93000030517578,79.01000213623047,1959700,VNQ
2015-11-27,54.5493278503418,79.9800033569336,80.2300033569336,79.23999786376953,79.26000213623047,1348700,VNQ
2015-11-30,54.14691162109375,79.38999938964844,80.45999908447266,79.18000030517578,80.2699966430664,7609800,VNQ
2015-12-01,54.89715576171875,80.48999786376953,80.5199966430664,79.41999816894531,79.5,3847300,VNQ
2015-12-02,53.77861785888672,78.8499984741211,80.37000274658203,78.7300033569336,80.26000213623047,5713500,VNQ
2015-12-03,52.93287658691406,77.61000061035156,78.8499984741211,77.4000015258789,78.7300033569336,4737300,VNQ
2015-12-04,53.942298889160156,79.08999633789062,79.29000091552734,77.6500015258789,77.68000030517578,3434100,VNQ
2015-12-07,53.792259216308594,78.87000274658203,79.19000244140625,78.5199966430664,78.95999908447266,4195100,VNQ
2015-12-08,53.74452209472656,78.80000305175781,79.08999633789062,78.36000061035156,78.44000244140625,3638600,VNQ
2015-12-09,53.444435119628906,78.36000061035156,79.16000366210938,77.95999908447266,78.52999877929688,4218800,VNQ
2015-12-10,53.0625,77.80000305175781,78.76000213623047,77.7300033569336,78.48999786376953,3465000,VNQ
2015-12-11,52.96699142456055,77.66000366210938,78.01000213623047,77.16999816894531,77.62000274658203,3420800,VNQ
2015-12-14,53.2125358581543,78.0199966430664,78.05999755859375,77.06999969482422,77.7699966430664,4775000,VNQ
2015-12-15,53.792259216308594,78.87000274658203,79.26000213623047,78.37000274658203,78.37000274658203,3449100,VNQ
2015-12-16,54.84259033203125,80.41000366210938,80.56999969482422,79.01000213623047,79.19999694824219,4699300,VNQ
2015-12-17,54.56976318359375,80.01000213623047,80.58999633789062,79.77999877929688,80.51000213623047,3726800,VNQ
2015-12-18,53.935489654541016,79.08000183105469,80.05000305175781,79.08000183105469,79.91999816894531,5724400,VNQ
2015-12-21,54.14691162109375,79.38999938964844,79.87000274658203,78.95999908447266,79.5,4455300,VNQ
2015-12-22,54.36516571044922,79.70999908447266,80.20999908447266,79.55999755859375,79.56999969482422,6484300,VNQ
2015-12-23,54.923946380615234,79.41999816894531,79.44000244140625,78.70999908447266,78.80000305175781,4029000,VNQ
2015-12-24,54.923946380615234,79.41999816894531,79.69000244140625,78.9800033569336,79.2699966430664,1426000,VNQ
2015-12-28,55.228233337402344,79.86000061035156,79.87000274658203,79.01000213623047,79.16000366210938,6628800,VNQ
2015-12-29,55.81605911254883,80.70999908447266,80.80000305175781,79.87000274658203,80.0,3499800,VNQ
2015-12-30,55.6224365234375,80.43000030517578,80.91000366210938,80.37000274658203,80.6500015258789,3114300,VNQ
2015-12-31,55.13833236694336,79.7300033569336,80.63999938964844,79.72000122070312,80.38999938964844,3292400,VNQ
2016-01-04,54.474422454833984,78.7699966430664,79.0999984741211,78.04000091552734,79.06999969482422,8843700,VNQ
2016-01-05,55.525638580322266,80.29000091552734,80.54000091552734,78.7300033569336,78.80000305175781,7114700,VNQ
2016-01-06,55.37345886230469,80.06999969482422,80.19000244140625,79.52999877929688,79.56999969482422,5481200,VNQ
2016-01-07,54.294647216796875,78.51000213623047,79.43000030517578,78.43000030517578,79.0999984741211,6297500,VNQ
2016-01-08,53.5684928894043,77.45999908447266,79.0999984741211,77.33000183105469,79.04000091552734,4628600,VNQ
2016-01-11,53.87276840209961,77.9000015258789,78.36000061035156,77.5,77.52999877929688,4956800,VNQ
2016-01-12,53.51316452026367,77.37999725341797,78.41000366210938,76.9800033569336,78.30999755859375,5951900,VNQ
2016-01-13,52.74553298950195,76.2699966430664,78.19999694824219,76.0999984741211,77.62999725341797,7679400,VNQ
2016-01-14,52.62104034423828,76.08999633789062,76.77999877929688,75.5199966430664,76.16999816894531,5167500,VNQ
2016-01-15,52.26143264770508,75.56999969482422,75.76000213623047,74.55000305175781,75.13999938964844,5571400,VNQ
2016-01-19,52.538055419921875,75.97000122070312,76.55999755859375,75.56999969482422,75.91999816894531,4978100,VNQ
2016-01-20,51.12726974487305,73.93000030517578,75.30000305175781,72.33000183105469,75.0999984741211,9091600,VNQ
2016-01-21,51.41081619262695,74.33999633789062,75.38999938964844,73.68000030517578,74.27999877929688,6849300,VNQ
2016-01-22,52.84234619140625,76.41000366210938,76.69999694824219,74.94000244140625,75.05999755859375,4542700,VNQ
2016-01-25,52.510406494140625,75.93000030517578,77.06999969482422,75.7300033569336,76.25,4670100,VNQ
2016-01-26,53.609981536865234,77.5199966430664,77.55000305175781,76.12999725341797,76.27999877929688,5214000,VNQ
2016-01-27,52.57262420654297,76.0199966430664,77.41999816894531,75.54000091552734,77.41999816894531,4883200,VNQ
2016-01-28,52.1715202331543,75.44000244140625,76.73999786376953,75.1500015258789,76.45999908447266,5584400,VNQ
2016-01-29,53.24345779418945,76.98999786376953,77.06999969482422,75.33000183105469,75.9000015258789,11112200,VNQ
2016-02-01,53.33335876464844,77.12000274658203,77.7699966430664,76.2699966430664,76.5199966430664,6925300,VNQ
2016-02-02,52.84926986694336,76.41999816894531,77.0,75.98999786376953,76.75,6406000,VNQ
2016-02-03,53.20195388793945,76.93000030517578,77.2300033569336,75.9800033569336,76.80999755859375,5729100,VNQ
2016-02-04,53.2296142578125,76.97000122070312,77.38999938964844,76.18000030517578,76.87999725341797,4286700,VNQ
2016-02-05,52.219940185546875,75.51000213623047,76.80999755859375,75.44000244140625,76.80999755859375,4033800,VNQ
2016-02-08,50.72615432739258,73.3499984741211,75.12000274658203,72.19000244140625,75.0199966430664,5440900,VNQ
2016-02-09,49.79254913330078,72.0,72.80000305175781,71.44000244140625,72.61000061035156,8405600,VNQ
2016-02-10,50.138328552246094,72.5,73.4800033569336,72.18000030517578,72.47000122070312,3877700,VNQ
2016-02-11,49.426021575927734,71.47000122070312,71.94999694824219,70.88999938964844,71.4800033569336,4930700,VNQ
2016-02-12,49.99311447143555,72.29000091552734,72.48999786376953,71.55000305175781,72.12999725341797,5067000,VNQ
2016-02-16,50.91288757324219,73.62000274658203,73.69999694824219,72.51000213623047,72.8499984741211,3888900,VNQ
2016-02-17,51.34857177734375,74.25,75.08999633789062,73.69000244140625,73.69000244140625,3060900,VNQ
2016-02-18,51.86725616455078,75.0,75.19999694824219,73.94999694824219,74.41000366210938,3539700,VNQ
2016-02-19,52.16462707519531,75.43000030517578,75.75,74.48999786376953,74.73999786376953,2885500,VNQ
2016-02-22,52.66254806518555,76.1500015258789,76.70999908447266,76.0,76.02999877929688,2966500,VNQ
2016-02-23,52.52422332763672,75.94999694824219,76.8499984741211,75.83000183105469,76.08000183105469,2608300,VNQ
2016-02-24,52.46199417114258,75.86000061035156,76.0199966430664,75.08000183105469,75.62000274658203,2997500,VNQ
2016-02-25,53.53390884399414,77.41000366210938,77.44999694824219,76.19999694824219,76.19999694824219,3399900,VNQ
2016-02-26,53.25727844238281,77.01000213623047,77.68000030517578,76.9800033569336,77.33000183105469,3180500,VNQ
2016-02-29,53.0498161315918,76.70999908447266,77.77999877929688,76.58999633789062,76.93000030517578,5057700,VNQ
2016-03-01,54.5435905456543,78.87000274658203,78.87999725341797,76.63999938964844,76.77999877929688,5309500,VNQ
2016-03-02,54.937782287597656,79.44000244140625,79.4800033569336,78.41000366210938,78.55999755859375,3621700,VNQ
2016-03-03,55.228233337402344,79.86000061035156,79.86000061035156,79.05999755859375,79.47000122070312,2907800,VNQ
2016-03-04,55.235145568847656,79.87000274658203,79.94000244140625,79.29000091552734,79.7300033569336,2740000,VNQ
2016-03-07,55.38037872314453,80.08000183105469,80.26000213623047,79.31999969482422,79.45999908447266,3504600,VNQ
2016-03-08,54.813331604003906,79.26000213623047,80.04000091552734,79.16000366210938,79.97000122070312,2829000,VNQ
2016-03-09,55.117591857910156,79.69999694824219,80.12000274658203,79.33000183105469,79.51000213623047,3566700,VNQ
2016-03-10,54.91706466674805,79.41000366210938,80.41000366210938,78.52999877929688,80.25,2472500,VNQ
2016-03-11,56.14799880981445,81.19000244140625,81.2699966430664,80.02999877929688,80.20999908447266,2520900,VNQ
2016-03-14,56.15492248535156,81.19999694824219,81.27999877929688,80.75,81.06999969482422,2593900,VNQ
2016-03-15,56.182594299316406,81.23999786376953,81.41000366210938,80.69000244140625,80.86000061035156,1898100,VNQ
2016-03-16,56.86031723022461,82.22000122070312,82.3499984741211,80.72000122070312,81.01000213623047,3439600,VNQ
2016-03-17,57.66254806518555,83.37999725341797,83.55999755859375,81.9800033569336,82.3499984741211,5526400,VNQ
2016-03-18,57.413570404052734,83.0199966430664,83.75,83.0199966430664,83.54000091552734,3281800,VNQ
2016-03-21,56.89540100097656,81.36000061035156,82.22000122070312,81.22000122070312,81.95999908447266,4343000,VNQ
2016-03-22,56.89540100097656,81.36000061035156,81.61000061035156,80.87999725341797,81.19999694824219,4791300,VNQ
2016-03-23,56.58769989013672,80.91999816894531,81.44999694824219,80.87000274658203,81.36000061035156,2837500,VNQ
2016-03-24,56.608673095703125,80.94999694824219,81.0199966430664,80.2300033569336,80.77999877929688,2839400,VNQ
2016-03-28,57.119171142578125,81.68000030517578,81.86000061035156,80.91000366210938,80.93000030517578,3885100,VNQ
2016-03-29,58.356929779052734,83.44999694824219,83.48999786376953,81.52999877929688,81.77999877929688,5022700,VNQ
2016-03-30,58.24505615234375,83.29000091552734,83.83999633789062,83.22000122070312,83.66000366210938,3503100,VNQ
2016-03-31,58.60169219970703,83.80000305175781,83.91000366210938,83.11000061035156,83.27999877929688,7533800,VNQ
2016-04-01,58.524784088134766,83.69000244140625,83.83000183105469,83.16999816894531,83.62999725341797,5267300,VNQ
2016-04-04,58.440860748291016,83.56999969482422,83.94000244140625,83.27999877929688,83.86000061035156,6908900,VNQ
2016-04-05,58.05622863769531,83.0199966430664,83.41999816894531,82.80999755859375,83.19999694824219,3251300,VNQ
2016-04-06,58.19608688354492,83.22000122070312,83.26000213623047,82.58999633789062,83.05000305175781,2940500,VNQ
2016-04-07,57.83245849609375,82.69999694824219,83.22000122070312,82.33000183105469,83.0199966430664,2339400,VNQ
2016-04-08,58.154136657714844,83.16000366210938,83.5,82.94999694824219,83.12999725341797,3370300,VNQ
2016-04-11,58.0352668762207,82.98999786376953,83.55999755859375,82.97000122070312,83.31999969482422,2848100,VNQ
2016-04-12,58.4548454284668,83.58999633789062,83.79000091552734,82.95999908447266,83.16999816894531,2504600,VNQ
2016-04-13,58.19608688354492,83.22000122070312,83.87000274658203,82.94000244140625,83.83000183105469,2827000,VNQ
2016-04-14,57.87440872192383,82.76000213623047,83.2300033569336,82.54000091552734,83.16999816894531,2044200,VNQ
2016-04-15,58.3079948425293,83.37999725341797,83.58000183105469,82.5,82.91999816894531,2429100,VNQ
2016-04-18,58.587703704833984,83.77999877929688,83.79000091552734,83.13999938964844,83.25,2347400,VNQ
2016-04-19,58.61567306518555,83.81999969482422,84.01000213623047,83.4800033569336,84.01000213623047,3137200,VNQ
2016-04-20,57.62267303466797,82.4000015258789,84.0,82.33000183105469,83.83000183105469,4085800,VNQ
2016-04-21,56.59468460083008,80.93000030517578,82.52999877929688,80.68000030517578,82.36000061035156,5046100,VNQ
2016-04-22,57.2100830078125,81.80999755859375,81.94999694824219,80.80999755859375,80.93000030517578,3124400,VNQ
2016-04-25,57.685604095458984,82.48999786376953,82.5,81.52999877929688,81.55000305175781,2385600,VNQ
2016-04-26,57.909385681152344,82.80999755859375,83.27999877929688,82.51000213623047,82.79000091552734,3190800,VNQ
2016-04-27,57.87440872192383,82.76000213623047,82.91999816894531,81.86000061035156,82.79000091552734,3244500,VNQ
2016-04-28,57.75554275512695,82.58999633789062,83.08999633789062,81.94000244140625,82.26000213623047,2870600,VNQ
2016-04-29,57.22406768798828,81.83000183105469,82.37000274658203,81.02999877929688,82.19000244140625,4117300,VNQ
2016-05-02,58.11217498779297,83.0999984741211,83.30999755859375,81.77999877929688,81.77999877929688,4008000,VNQ
2016-05-03,58.20309066772461,83.2300033569336,83.29000091552734,82.58999633789062,83.06999969482422,3305700,VNQ
2016-05-04,59.0352897644043,84.41999816894531,84.58000183105469,82.70999908447266,82.70999908447266,4138600,VNQ
2016-05-05,59.20310592651367,84.66000366210938,84.81999969482422,84.12999725341797,84.52999877929688,3324300,VNQ
2016-05-06,59.853450775146484,85.58999633789062,85.66000366210938,84.26000213623047,84.6500015258789,3499300,VNQ
2016-05-09,60.510799407958984,86.52999877929688,86.66999816894531,85.62000274658203,85.86000061035156,4568700,VNQ
2016-05-10,60.50381088256836,86.5199966430664,86.81999969482422,86.22000122070312,86.72000122070312,4034800,VNQ
2016-05-11,59.21007537841797,84.66999816894531,86.47000122070312,84.33999633789062,86.47000122070312,4063900,VNQ
2016-05-12,59.5527458190918,85.16000366210938,85.44000244140625,84.08000183105469,84.7699966430664,3471000,VNQ
2016-05-13,59.02128601074219,84.4000015258789,84.93000030517578,83.80999755859375,84.93000030517578,3991500,VNQ
2016-05-16,59.580726623535156,85.19999694824219,85.44999694824219,84.31999969482422,84.38999938964844,3374900,VNQ
2016-05-17,58.475826263427734,83.62000274658203,84.98999786376953,83.16000366210938,84.98999786376953,4308300,VNQ
2016-05-18,57.55972671508789,82.30999755859375,83.36000061035156,81.37000274658203,83.2699966430664,4708500,VNQ
2016-05-19,56.91636276245117,81.38999938964844,81.9800033569336,80.95999908447266,81.79000091552734,4316000,VNQ
2016-05-20,57.37092971801758,82.04000091552734,82.19000244140625,81.55000305175781,81.69999694824219,3296100,VNQ
2016-05-23,57.37791442871094,82.05000305175781,82.36000061035156,81.8499984741211,82.18000030517578,2744000,VNQ
2016-05-24,58.0911979675293,83.06999969482422,83.20999908447266,82.26000213623047,82.55999755859375,2998500,VNQ
2016-05-25,58.0911979675293,83.06999969482422,83.29000091552734,82.25,83.29000091552734,3250000,VNQ
2016-05-26,58.20309066772461,83.2300033569336,83.4800033569336,82.72000122070312,82.91000366210938,3053400,VNQ
2016-05-27,58.51778793334961,83.68000030517578,84.02999877929688,83.29000091552734,83.37000274658203,3006900,VNQ
2016-05-31,58.51078796386719,83.66999816894531,83.91999816894531,83.16000366210938,83.55000305175781,4810900,VNQ
2016-06-01,58.55974578857422,83.73999786376953,83.94999694824219,83.30000305175781,83.37999725341797,4417500,VNQ
2016-06-02,58.86043930053711,84.16999816894531,84.19999694824219,83.29000091552734,83.5,8043500,VNQ
2016-06-03,59.09819030761719,84.51000213623047,85.23999786376953,84.0999984741211,84.9800033569336,4295200,VNQ
2016-06-06,58.643638610839844,83.86000061035156,84.7699966430664,83.41999816894531,84.58999633789062,3231900,VNQ
2016-06-07,59.00030517578125,84.37000274658203,84.62000274658203,83.98999786376953,84.2300033569336,2424600,VNQ
2016-06-08,59.37794494628906,84.91000366210938,84.9800033569336,84.05000305175781,84.30999755859375,3099000,VNQ
2016-06-09,59.51079559326172,85.0999984741211,85.26000213623047,84.61000061035156,84.91000366210938,4132700,VNQ
2016-06-10,59.231056213378906,84.69999694824219,85.0199966430664,84.33999633789062,84.77999877929688,2538400,VNQ
2016-06-13,59.24504470825195,84.72000122070312,85.36000061035156,84.62000274658203,84.7300033569336,3250300,VNQ
2016-06-14,59.09119415283203,84.5,85.0199966430664,84.19000244140625,84.72000122070312,3437300,VNQ
2016-06-15,59.65065383911133,85.30000305175781,85.58999633789062,84.56999969482422,84.69000244140625,2829400,VNQ
2016-06-16,59.986324310302734,85.77999877929688,85.80999755859375,84.76000213623047,85.18000030517578,2827100,VNQ
2016-06-17,59.888427734375,85.63999938964844,85.83000183105469,84.9800033569336,85.83000183105469,4408400,VNQ
2016-06-20,59.97233581542969,85.76000213623047,86.79000091552734,85.6500015258789,86.05000305175781,3987000,VNQ
2016-06-21,60.20093536376953,85.31999969482422,85.56999969482422,84.93000030517578,85.30999755859375,3614700,VNQ
2016-06-22,60.10921859741211,85.19000244140625,85.51000213623047,84.9800033569336,85.5,3994500,VNQ
2016-06-23,60.412620544433594,85.62000274658203,85.94000244140625,85.44000244140625,85.58000183105469,1672700,VNQ
2016-06-24,59.87636947631836,84.86000061035156,85.72000122070312,83.54000091552734,84.12999725341797,5661700,VNQ
2016-06-27,59.918704986572266,84.91999816894531,85.05000305175781,83.70999908447266,84.5199966430664,4769800,VNQ
2016-06-28,61.18171691894531,86.70999908447266,86.72000122070312,85.1500015258789,85.47000122070312,5128700,VNQ
2016-06-29,61.92258834838867,87.76000213623047,87.87999725341797,87.01000213623047,87.12000274658203,4395600,VNQ
2016-06-30,62.5646858215332,88.66999816894531,88.66999816894531,87.2699966430664,87.98999786376953,6555800,VNQ
2016-07-01,62.585838317871094,88.69999694824219,89.4000015258789,88.44000244140625,88.97000122070312,4731800,VNQ
2016-07-05,63.27730178833008,89.68000030517578,89.68000030517578,88.5999984741211,88.70999908447266,3808400,VNQ
2016-07-06,63.002132415771484,89.29000091552734,89.6500015258789,88.8499984741211,89.55000305175781,4577200,VNQ
2016-07-07,62.35298156738281,88.37000274658203,89.26000213623047,87.87999725341797,89.19999694824219,5342000,VNQ
2016-07-08,63.361995697021484,89.80000305175781,89.83999633789062,88.75,88.86000061035156,2663400,VNQ
2016-07-11,63.78532028198242,90.4000015258789,90.58999633789062,89.33000183105469,89.87000274658203,3381400,VNQ
2016-07-12,63.778297424316406,90.38999938964844,90.54000091552734,89.68000030517578,90.41000366210938,3727600,VNQ
2016-07-13,64.1310806274414,90.88999938964844,90.88999938964844,90.19000244140625,90.5999984741211,4902800,VNQ
2016-07-14,63.55955123901367,90.08000183105469,90.83999633789062,89.87000274658203,90.61000061035156,3060500,VNQ
2016-07-15,63.58069610595703,90.11000061035156,90.18000030517578,89.45999908447266,90.06999969482422,3345600,VNQ
2016-07-18,63.75004577636719,90.3499984741211,90.37999725341797,90.0,90.23999786376953,2699700,VNQ
2016-07-19,64.06051635742188,90.79000091552734,90.79000091552734,89.93000030517578,90.3499984741211,1916500,VNQ
2016-07-20,64.06759643554688,90.80000305175781,91.04000091552734,90.51000213623047,90.94999694824219,2100600,VNQ
2016-07-21,64.19459533691406,90.9800033569336,90.9800033569336,90.19999694824219,90.5999984741211,2179600,VNQ
2016-07-22,64.75904083251953,91.77999877929688,92.05000305175781,90.69999694824219,90.88999938964844,2482900,VNQ
2016-07-25,64.63910675048828,91.61000061035156,92.13999938964844,91.30000305175781,91.80999755859375,2374700,VNQ
2016-07-26,64.32159423828125,91.16000366210938,91.97000122070312,90.94000244140625,91.69000244140625,2460200,VNQ
2016-07-27,63.82061767578125,90.44999694824219,91.13999938964844,89.69999694824219,91.13999938964844,3935200,VNQ
2016-07-28,64.4133071899414,91.29000091552734,91.6500015258789,90.0999984741211,90.30999755859375,2853100,VNQ
2016-07-29,65.23179626464844,92.44999694824219,92.91999816894531,91.19999694824219,91.54000091552734,3502600,VNQ
2016-08-01,65.3729019165039,92.6500015258789,92.75,92.26000213623047,92.33000183105469,3335100,VNQ
2016-08-02,64.32864379882812,91.16999816894531,92.54000091552734,91.0,92.37999725341797,3877100,VNQ
2016-08-03,63.954681396484375,90.63999938964844,91.2300033569336,90.1500015258789,90.8499984741211,3829400,VNQ
2016-08-04,63.69361877441406,90.2699966430664,90.91999816894531,90.11000061035156,90.75,2649700,VNQ
2016-08-05,63.73596954345703,90.33000183105469,90.5999984741211,90.01000213623047,90.31999969482422,2941600,VNQ
2016-08-08,63.84883117675781,90.48999786376953,90.91000366210938,90.11000061035156,90.2699966430664,2240200,VNQ
2016-08-09,64.19459533691406,90.9800033569336,90.9800033569336,89.94000244140625,90.63999938964844,3474300,VNQ
2016-08-10,64.1240234375,90.87999725341797,91.4000015258789,90.58999633789062,91.23999786376953,5302900,VNQ
2016-08-11,63.39727020263672,89.8499984741211,90.88999938964844,89.37000274658203,90.8499984741211,4788300,VNQ
2016-08-12,63.66539764404297,90.2300033569336,91.05999755859375,89.77999877929688,90.05000305175781,2972100,VNQ
2016-08-15,63.60190200805664,90.13999938964844,90.68000030517578,90.0999984741211,90.37000274658203,2961400,VNQ
2016-08-16,62.8398551940918,89.05999755859375,89.94999694824219,88.94000244140625,89.83999633789062,4166800,VNQ
2016-08-17,63.09385681152344,89.41999816894531,89.48999786376953,88.37000274658203,88.9800033569336,5192000,VNQ
2016-08-18,62.86104202270508,89.08999633789062,89.69000244140625,88.66999816894531,89.29000091552734,4074800,VNQ
2016-08-19,62.45884323120117,88.5199966430664,89.06999969482422,88.26000213623047,88.97000122070312,3284900,VNQ
2016-08-22,62.79751205444336,89.0,89.06999969482422,88.54000091552734,88.75,3671000,VNQ
2016-08-23,62.83279800415039,89.05000305175781,89.51000213623047,89.01000213623047,89.30999755859375,6526100,VNQ
2016-08-24,62.55763626098633,88.66000366210938,89.29000091552734,88.16000366210938,89.27999877929688,6064800,VNQ
2016-08-25,62.8398551940918,89.05999755859375,89.5999984741211,88.62000274658203,88.9000015258789,3219700,VNQ
2016-08-26,62.218929290771484,88.18000030517578,89.7699966430664,87.58999633789062,89.22000122070312,5844000,VNQ
2016-08-29,62.83279800415039,89.05000305175781,89.33000183105469,88.36000061035156,88.37000274658203,3318600,VNQ
2016-08-30,62.712852478027344,88.87999725341797,89.3499984741211,88.0999984741211,89.23999786376953,3431900,VNQ
2016-08-31,62.776336669921875,88.97000122070312,89.2699966430664,88.47000122070312,88.79000091552734,5003000,VNQ
2016-09-01,62.62112045288086,88.75,89.0999984741211,88.30000305175781,89.06999969482422,4098000,VNQ
2016-09-02,63.16441345214844,89.5199966430664,90.61000061035156,89.12999725341797,89.2699966430664,4439500,VNQ
2016-09-06,63.65129089355469,90.20999908447266,90.22000122070312,89.12000274658203,89.91000366210938,3874300,VNQ
2016-09-07,64.03231048583984,90.75,90.80000305175781,89.79000091552734,90.08999633789062,2874200,VNQ
2016-09-08,63.24909973144531,89.63999938964844,90.5,89.55000305175781,90.3499984741211,3123900,VNQ
2016-09-09,60.744239807128906,86.08999633789062,88.87000274658203,86.06999969482422,88.62000274658203,7589300,VNQ
2016-09-12,61.463951110839844,87.11000061035156,87.51000213623047,85.66000366210938,85.91999816894531,7088200,VNQ
2016-09-13,59.92081069946289,84.33999633789062,86.11000061035156,84.1500015258789,86.08000183105469,7223000,VNQ
2016-09-14,60.11264419555664,84.61000061035156,85.08000183105469,84.2699966430664,84.55999755859375,4781900,VNQ
2016-09-15,60.339988708496094,84.93000030517578,85.05999755859375,84.12999725341797,84.58000183105469,4320500,VNQ
2016-09-16,60.3684196472168,84.97000122070312,85.05000305175781,84.3499984741211,84.83000183105469,6251400,VNQ
2016-09-19,60.915462493896484,85.73999786376953,85.83999633789062,85.16000366210938,85.25,3407700,VNQ
2016-09-20,60.82310485839844,85.61000061035156,86.25,85.61000061035156,86.13999938964844,3905800,VNQ
2016-09-21,61.6046257019043,86.70999908447266,86.83999633789062,84.5999984741211,85.76000213623047,6905000,VNQ
2016-09-22,62.70585632324219,88.26000213623047,88.33999633789062,87.29000091552734,87.51000213623047,3575700,VNQ
2016-09-23,62.89767837524414,88.52999877929688,88.83000183105469,87.29000091552734,88.0199966430664,4722300,VNQ
2016-09-26,63.046871185302734,88.73999786376953,88.94999694824219,88.0,88.27999877929688,3440200,VNQ
2016-09-27,62.37904357910156,87.80000305175781,89.02999877929688,87.6500015258789,89.02999877929688,6479800,VNQ
2016-09-28,62.89057540893555,88.5199966430664,88.58999633789062,87.66999816894531,87.94000244140625,2676300,VNQ
2016-09-29,62.05221939086914,87.33999633789062,88.27999877929688,87.08000183105469,88.22000122070312,4662800,VNQ
2016-09-30,61.62593460083008,86.73999786376953,88.19000244140625,86.7300033569336,87.6500015258789,6718600,VNQ
2016-10-03,60.474979400634766,85.12000274658203,86.29000091552734,84.94999694824219,86.01000213623047,10473900,VNQ
2016-10-04,59.65082931518555,83.95999908447266,85.04000091552734,83.45999908447266,85.0,7415500,VNQ
2016-10-05,58.44304275512695,82.26000213623047,84.55000305175781,82.16999816894531,84.12000274658203,8125200,VNQ
2016-10-06,58.464351654052734,82.29000091552734,82.88999938964844,81.11000061035156,81.8499984741211,6760300,VNQ
2016-10-07,58.36489486694336,82.1500015258789,83.62999725341797,81.7699966430664,82.80000305175781,6036800,VNQ
2016-10-10,58.72722625732422,82.66000366210938,83.01000213623047,82.1500015258789,82.1500015258789,2818300,VNQ
2016-10-11,58.15887451171875,81.86000061035156,82.73999786376953,81.63999938964844,82.55000305175781,4306600,VNQ
2016-10-12,58.826690673828125,82.80000305175781,82.91999816894531,81.86000061035156,81.98999786376953,3492600,VNQ
2016-10-13,59.28850555419922,83.44999694824219,83.58999633789062,82.22000122070312,82.47000122070312,3633600,VNQ
2016-10-14,59.02561569213867,83.08000183105469,83.98999786376953,82.91000366210938,83.30000305175781,3187500,VNQ
2016-10-17,59.15352249145508,83.26000213623047,83.7699966430664,83.08000183105469,83.1500015258789,3154000,VNQ
2016-10-18,59.530052185058594,83.79000091552734,84.27999877929688,83.51000213623047,83.80999755859375,2533200,VNQ
2016-10-19,59.65793991088867,83.97000122070312,84.08999633789062,83.33999633789062,83.80999755859375,2871000,VNQ
2016-10-20,59.52294921875,83.77999877929688,84.33000183105469,83.31999969482422,83.95999908447266,3261100,VNQ
2016-10-21,59.30270004272461,83.47000122070312,83.69000244140625,83.0999984741211,83.37999725341797,3193800,VNQ
2016-10-24,59.43770217895508,83.66000366210938,84.51000213623047,83.33000183105469,83.8499984741211,3948800,VNQ
2016-10-25,59.33112335205078,83.51000213623047,83.62000274658203,83.05999755859375,83.31999969482422,3161400,VNQ
2016-10-26,58.556705474853516,82.41999816894531,83.30999755859375,81.8499984741211,83.19000244140625,4093100,VNQ
2016-10-27,57.02210998535156,80.26000213623047,82.30999755859375,80.04000091552734,82.2699966430664,5969300,VNQ
2016-10-28,57.15709686279297,80.44999694824219,81.13999938964844,80.1500015258789,80.38999938964844,4819100,VNQ
2016-10-31,58.08780288696289,81.76000213623047,81.91000366210938,80.47000122070312,80.80000305175781,5009700,VNQ
2016-11-01,56.82318115234375,79.9800033569336,81.47000122070312,79.69999694824219,81.4000015258789,7465200,VNQ
2016-11-02,55.99193572998047,78.80999755859375,80.08000183105469,78.79000091552734,79.8499984741211,7847600,VNQ
2016-11-03,55.55855178833008,78.19999694824219,79.01000213623047,78.18000030517578,78.87000274658203,7221900,VNQ
2016-11-04,55.9990119934082,78.81999969482422,79.08000183105469,78.05999755859375,78.38999938964844,4432600,VNQ
2016-11-07,56.979469299316406,80.19999694824219,80.2300033569336,79.41000366210938,79.41000366210938,5860500,VNQ
2016-11-08,57.27787780761719,80.62000274658203,80.88999938964844,79.80000305175781,80.18000030517578,4023300,VNQ
2016-11-09,56.4111213684082,79.4000015258789,80.0,77.7699966430664,78.69999694824219,10045800,VNQ
2016-11-10,55.46617126464844,78.06999969482422,79.33999633789062,76.9800033569336,79.30000305175781,13504700,VNQ
2016-11-11,55.80009078979492,78.54000091552734,79.51000213623047,77.94999694824219,78.0,5066000,VNQ
2016-11-14,57.12157440185547,80.4000015258789,80.61000061035156,78.0199966430664,78.4000015258789,6755200,VNQ
2016-11-15,56.64556884765625,79.7300033569336,81.33999633789062,79.18000030517578,80.66999816894531,7719900,VNQ
2016-11-16,56.482147216796875,79.5,80.0,78.9000015258789,79.76000213623047,10337100,VNQ
2016-11-17,55.90666198730469,78.69000244140625,80.05999755859375,78.58000183105469,79.45999908447266,3645200,VNQ
2016-11-18,56.07007598876953,78.91999816894531,79.12999725341797,78.41999816894531,78.79000091552734,3655600,VNQ
2016-11-21,55.899574279785156,78.68000030517578,79.75,78.58999633789062,79.18000030517578,3488200,VNQ
2016-11-22,56.8800163269043,80.05999755859375,80.0999984741211,78.83000183105469,79.06999969482422,4226700,VNQ
2016-11-23,56.63845443725586,79.72000122070312,79.80000305175781,79.04000091552734,79.36000061035156,6542100,VNQ
2016-11-25,56.96527099609375,80.18000030517578,80.62999725341797,79.73999786376953,79.80000305175781,1904500,VNQ
2016-11-28,57.2281379699707,80.55000305175781,81.08000183105469,80.12999725341797,80.18000030517578,4065700,VNQ
2016-11-29,57.77522659301758,81.31999969482422,81.7300033569336,80.56999969482422,80.62999725341797,3754200,VNQ
2016-11-30,57.114463806152344,80.38999938964844,81.05000305175781,80.0,80.55000305175781,6826400,VNQ
2016-12-01,56.27613067626953,79.20999908447266,80.20999908447266,78.76000213623047,79.91999816894531,6361900,VNQ
2016-12-02,56.83738327026367,80.0,80.83000183105469,79.43000030517578,79.55999755859375,3695900,VNQ
2016-12-05,57.256568908691406,80.58999633789062,80.69000244140625,79.7300033569336,80.01000213623047,3457200,VNQ
2016-12-06,57.62600326538086,81.11000061035156,81.47000122070312,80.5,80.80000305175781,4024800,VNQ
2016-12-07,58.776954650878906,82.7300033569336,82.86000061035156,81.06999969482422,81.16999816894531,5754300,VNQ
2016-12-08,59.18192672729492,83.30000305175781,83.52999877929688,82.01000213623047,82.44999694824219,4404200,VNQ
2016-12-09,59.11798095703125,83.20999908447266,83.98999786376953,83.0199966430664,83.3499984741211,4506200,VNQ
2016-12-12,59.50874710083008,83.76000213623047,83.80999755859375,82.83000183105469,82.9800033569336,3610700,VNQ
2016-12-13,59.480323791503906,83.72000122070312,84.19000244140625,83.13999938964844,84.0999984741211,4015100,VNQ
2016-12-14,58.18016815185547,81.88999938964844,83.83000183105469,81.75,83.62000274658203,4857300,VNQ
2016-12-15,57.83915710449219,81.41000366210938,82.47000122070312,81.16000366210938,81.81999969482422,3915200,VNQ
2016-12-16,58.705902099609375,82.62999725341797,83.16999816894531,81.44999694824219,81.58000183105469,6581100,VNQ
2016-12-19,59.33823776245117,83.5199966430664,83.87999725341797,82.9000015258789,82.91000366210938,3663600,VNQ
2016-12-20,59.47322082519531,83.70999908447266,84.08000183105469,83.18000030517578,83.4800033569336,5193600,VNQ
2016-12-21,58.570919036865234,82.44000244140625,84.26000213623047,82.41999816894531,83.70999908447266,4998400,VNQ
2016-12-22,58.47298812866211,80.61000061035156,80.87999725341797,79.91000366210938,80.63999938964844,3891700,VNQ
2016-12-23,58.62533187866211,80.81999969482422,82.27999877929688,80.48999786376953,80.72000122070312,4504400,VNQ
2016-12-27,58.74864196777344,80.98999786376953,81.30000305175781,80.61000061035156,80.94000244140625,3833000,VNQ
2016-12-28,58.39321517944336,80.5,81.18000030517578,80.23999786376953,81.18000030517578,3979500,VNQ
2016-12-29,59.11859130859375,81.5,81.73999786376953,80.44999694824219,80.76000213623047,4259400,VNQ
2016-12-30,59.86572265625,82.52999877929688,82.69999694824219,81.19999694824219,81.58999633789062,6673400,VNQ
2017-01-03,60.061580657958984,82.80000305175781,83.0,82.13999938964844,82.9800033569336,9380300,VNQ
2017-01-04,60.93928527832031,84.01000213623047,84.19000244140625,82.83000183105469,82.91000366210938,6598700,VNQ
2017-01-05,61.135154724121094,84.27999877929688,84.37999725341797,82.91999816894531,83.69999694824219,8555700,VNQ
2017-01-06,61.14240264892578,84.29000091552734,84.69999694824219,83.81999969482422,84.0199966430664,3901200,VNQ
2017-01-09,60.591121673583984,83.52999877929688,84.52999877929688,83.5,84.52999877929688,3546100,VNQ
2017-01-10,60.076080322265625,82.81999969482422,83.56999969482422,82.77999877929688,83.56999969482422,3959600,VNQ
2017-01-11,59.70616149902344,82.30999755859375,82.95999908447266,82.2300033569336,82.87000274658203,4498000,VNQ
2017-01-12,60.010799407958984,82.7300033569336,82.7699966430664,81.5999984741211,82.4000015258789,4670700,VNQ
2017-01-13,59.923763275146484,82.61000061035156,83.0199966430664,82.33000183105469,82.72000122070312,3658100,VNQ
2017-01-17,60.38801574707031,83.25,83.31999969482422,82.76000213623047,82.95999908447266,4139200,VNQ
2017-01-18,60.48956298828125,83.38999938964844,83.66999816894531,83.02999877929688,83.22000122070312,3317400,VNQ
2017-01-19,59.872989654541016,82.54000091552734,83.25,82.33999633789062,83.08000183105469,3169200,VNQ
2017-01-20,60.30821990966797,83.13999938964844,83.19000244140625,82.37999725341797,82.56999969482422,3285400,VNQ
2017-01-23,60.81596755981445,83.83999633789062,83.97000122070312,83.0,83.26000213623047,3165600,VNQ
2017-01-24,60.83048629760742,83.86000061035156,84.20999908447266,83.5,83.83999633789062,4204200,VNQ
2017-01-25,60.43152618408203,83.30999755859375,84.16000366210938,83.05999755859375,83.80999755859375,3461500,VNQ
2017-01-26,60.31547927856445,83.1500015258789,83.72000122070312,83.02999877929688,83.31999969482422,4093700,VNQ
2017-01-27,59.727909088134766,82.33999633789062,83.5,82.0199966430664,83.38999938964844,2996000,VNQ
2017-01-30,59.32169723510742,81.77999877929688,82.2699966430664,81.56999969482422,82.0999984741211,3182600,VNQ
2017-01-31,59.74967956542969,82.37000274658203,82.94999694824219,81.80000305175781,81.80000305175781,11091400,VNQ
2017-02-01,59.031532287597656,81.37999725341797,82.88999938964844,81.31999969482422,82.27999877929688,4555800,VNQ
2017-02-02,59.735172271728516,82.3499984741211,82.43000030517578,81.41999816894531,81.43000030517578,4754800,VNQ
2017-02-03,60.061580657958984,82.80000305175781,83.2300033569336,82.45999908447266,82.95999908447266,4165000,VNQ
2017-02-06,59.960025787353516,82.66000366210938,83.05999755859375,82.48999786376953,82.9000015258789,2985800,VNQ
2017-02-07,59.74967956542969,82.37000274658203,83.02999877929688,82.23999786376953,82.7300033569336,3250700,VNQ
2017-02-08,60.22115707397461,83.0199966430664,83.19999694824219,82.30000305175781,82.62000274658203,3316700,VNQ
2017-02-09,60.366241455078125,83.22000122070312,83.37999725341797,82.91999816894531,83.0199966430664,2806600,VNQ
2017-02-10,60.79420852661133,83.80999755859375,83.86000061035156,83.02999877929688,83.19000244140625,2983800,VNQ
2017-02-13,60.81596755981445,83.83999633789062,84.19999694824219,83.37999725341797,83.87999725341797,3968200,VNQ
2017-02-14,60.496822357177734,83.4000015258789,83.69000244140625,82.75,83.63999938964844,2687900,VNQ
2017-02-15,60.2937126159668,83.12000274658203,83.25,82.33999633789062,82.87999725341797,3687300,VNQ
2017-02-16,60.64915466308594,83.61000061035156,84.16999816894531,83.12000274658203,83.20999908447266,3097800,VNQ
2017-02-17,60.76521682739258,83.7699966430664,83.9000015258789,83.06999969482422,83.80999755859375,2624100,VNQ
2017-02-21,61.54136657714844,84.83999633789062,84.93000030517578,83.56999969482422,83.68000030517578,5646700,VNQ
2017-02-22,61.3382568359375,84.55999755859375,85.25,84.12999725341797,84.95999908447266,3464400,VNQ
2017-02-23,61.65741729736328,85.0,85.06999969482422,84.22000122070312,84.79000091552734,3430900,VNQ
2017-02-24,61.947574615478516,85.4000015258789,85.43000030517578,84.5199966430664,84.9800033569336,3667400,VNQ
2017-02-27,62.27400588989258,85.8499984741211,86.16000366210938,85.31999969482422,85.38999938964844,3326700,VNQ
2017-02-28,61.84603500366211,85.26000213623047,85.8499984741211,85.05999755859375,85.8499984741211,5778100,VNQ
2017-03-01,61.65741729736328,85.0,85.48999786376953,84.69999694824219,85.0,6282800,VNQ
2017-03-02,61.323760986328125,84.54000091552734,84.94999694824219,84.25,84.87999725341797,3060400,VNQ
2017-03-03,61.08435821533203,84.20999908447266,84.55000305175781,83.3499984741211,84.47000122070312,4177700,VNQ
2017-03-06,60.80873489379883,83.83000183105469,84.0999984741211,83.43000030517578,84.05999755859375,3237400,VNQ
2017-03-07,60.51858901977539,83.43000030517578,83.79000091552734,83.02999877929688,83.6500015258789,4658000,VNQ
2017-03-08,59.4014892578125,81.88999938964844,83.04000091552734,81.83000183105469,82.94000244140625,4814100,VNQ
2017-03-09,58.5092658996582,80.66000366210938,82.22000122070312,80.4800033569336,81.7300033569336,5604300,VNQ
2017-03-10,58.32792282104492,80.41000366210938,81.70999908447266,79.9800033569336,81.30000305175781,6278800,VNQ
2017-03-13,58.47298812866211,80.61000061035156,81.11000061035156,80.33999633789062,80.5,4691000,VNQ
2017-03-14,58.458499908447266,80.58999633789062,80.79000091552734,80.06999969482422,80.52999877929688,4582400,VNQ
2017-03-15,59.640865325927734,82.22000122070312,82.63999938964844,80.77999877929688,80.83000183105469,7177800,VNQ
2017-03-16,59.524803161621094,82.05999755859375,82.62000274658203,81.91000366210938,82.12999725341797,4456700,VNQ
2017-03-17,59.800437927246094,82.44000244140625,82.69999694824219,82.0,82.4000015258789,4380600,VNQ
2017-03-20,59.74967956542969,82.37000274658203,82.73999786376953,82.16000366210938,82.5,2748500,VNQ
2017-03-21,59.488521575927734,82.01000213623047,82.72000122070312,81.87999725341797,82.4800033569336,6969700,VNQ
2017-03-22,59.45566177368164,81.37000274658203,81.55999755859375,80.55000305175781,81.51000213623047,4618000,VNQ
2017-03-23,59.894073486328125,81.97000122070312,82.62999725341797,81.26000213623047,81.37999725341797,7610200,VNQ
2017-03-24,59.82828903198242,81.87999725341797,82.44999694824219,81.77999877929688,82.08999633789062,4399200,VNQ
2017-03-27,59.287593841552734,81.13999938964844,82.12000274658203,80.88999938964844,81.76000213623047,4556000,VNQ
2017-03-28,59.5433349609375,81.48999786376953,81.61000061035156,80.56999969482422,81.33000183105469,4232100,VNQ
2017-03-29,59.87943649291992,81.94999694824219,81.95999908447266,81.20999908447266,81.45999908447266,3123200,VNQ
2017-03-30,59.98904037475586,82.0999984741211,82.2300033569336,81.27999877929688,81.81999969482422,4593300,VNQ
2017-03-31,60.34709167480469,82.58999633789062,82.88999938964844,81.98999786376953,82.12999725341797,7167900,VNQ
2017-04-03,60.5224494934082,82.83000183105469,82.98999786376953,82.31999969482422,82.36000061035156,7469000,VNQ
2017-04-04,60.5224494934082,82.83000183105469,83.37000274658203,82.5999984741211,82.70999908447266,5359300,VNQ
2017-04-05,60.61012649536133,82.94999694824219,83.41000366210938,82.81999969482422,82.91000366210938,4738600,VNQ
2017-04-06,60.931644439697266,83.38999938964844,83.54000091552734,82.43000030517578,82.7699966430664,4711500,VNQ
2017-04-07,61.01932907104492,83.51000213623047,83.87999725341797,83.2699966430664,83.58999633789062,4483800,VNQ
2017-04-10,61.39926528930664,84.02999877929688,84.16000366210938,83.36000061035156,83.55999755859375,2547800,VNQ
2017-04-11,61.82304763793945,84.61000061035156,84.7699966430664,83.94000244140625,84.05999755859375,3864200,VNQ
2017-04-12,61.71345520019531,84.45999908447266,84.9000015258789,84.30999755859375,84.58000183105469,3526900,VNQ
2017-04-13,61.574642181396484,84.2699966430664,84.6500015258789,84.16000366210938,84.43000030517578,2759500,VNQ
2017-04-17,62.31993865966797,85.29000091552734,85.30999755859375,84.30999755859375,84.4000015258789,3875000,VNQ
2017-04-18,62.487979888916016,85.5199966430664,85.5999984741211,85.16000366210938,85.22000122070312,2807300,VNQ
2017-04-19,62.40031051635742,85.4000015258789,85.72000122070312,85.25,85.44999694824219,3622900,VNQ
2017-04-20,62.40760803222656,85.41000366210938,85.47000122070312,84.80000305175781,85.23999786376953,3109100,VNQ
2017-04-21,62.18110656738281,85.0999984741211,85.45999908447266,84.95999908447266,85.36000061035156,3261900,VNQ
2017-04-24,61.49427032470703,84.16000366210938,85.55000305175781,83.38999938964844,85.5,6595300,VNQ
2017-04-25,61.75,84.51000213623047,84.63999938964844,84.0199966430664,84.16000366210938,3412300,VNQ
2017-04-26,61.28965377807617,83.87999725341797,84.62000274658203,83.66999816894531,84.44999694824219,4185400,VNQ
2017-04-27,61.12892532348633,83.66000366210938,84.20999908447266,83.5,84.01000213623047,4822200,VNQ
2017-04-28,60.493221282958984,82.79000091552734,83.56999969482422,82.48999786376953,83.44000244140625,5983700,VNQ
2017-05-01,60.85124206542969,83.27999877929688,83.52999877929688,82.45999908447266,83.1500015258789,6003600,VNQ
2017-05-02,60.74896240234375,83.13999938964844,83.58999633789062,82.83000183105469,83.37999725341797,4930000,VNQ
2017-05-03,59.93790054321289,82.02999877929688,83.19999694824219,81.76000213623047,83.0999984741211,6207500,VNQ
2017-05-04,59.645626068115234,81.62999725341797,81.76000213623047,80.69999694824219,81.5199966430664,8025100,VNQ
2017-05-05,60.208274841308594,82.4000015258789,82.4000015258789,81.7699966430664,81.80999755859375,5458100,VNQ
2017-05-08,59.78446578979492,81.81999969482422,82.58000183105469,81.36000061035156,82.58000183105469,3940600,VNQ
2017-05-09,59.46295166015625,81.37999725341797,81.91999816894531,81.05999755859375,81.80999755859375,5790900,VNQ
2017-05-10,59.93059158325195,82.0199966430664,82.30000305175781,81.16999816894531,81.37000274658203,3801400,VNQ
2017-05-11,59.63102340698242,81.61000061035156,81.8499984741211,80.9000015258789,81.72000122070312,3542600,VNQ
2017-05-12,59.3898811340332,81.27999877929688,81.77999877929688,81.20999908447266,81.61000061035156,3115400,VNQ
2017-05-15,59.56526184082031,81.5199966430664,82.22000122070312,81.30000305175781,81.3499984741211,3263900,VNQ
2017-05-16,59.163394927978516,80.97000122070312,81.69000244140625,80.70999908447266,81.5199966430664,4338600,VNQ
2017-05-17,59.40450668334961,81.30000305175781,81.61000061035156,80.75,80.91999816894531,7243700,VNQ
2017-05-18,59.73331069946289,81.75,81.95999908447266,80.7300033569336,81.16999816894531,4128200,VNQ
2017-05-19,60.0548210144043,82.19000244140625,82.68000030517578,81.3499984741211,81.69000244140625,6390100,VNQ
2017-05-22,60.28862762451172,82.51000213623047,82.80000305175781,82.16000366210938,82.22000122070312,3433700,VNQ
2017-05-23,60.33977508544922,82.58000183105469,82.98999786376953,82.52999877929688,82.68000030517578,2960100,VNQ
2017-05-24,60.82931900024414,83.25,83.30000305175781,82.6500015258789,82.69000244140625,2578500,VNQ
2017-05-25,60.83666229248047,83.26000213623047,83.6500015258789,83.08000183105469,83.38999938964844,3146900,VNQ
2017-05-26,60.39824295043945,82.66000366210938,83.33000183105469,82.4000015258789,83.2300033569336,3046100,VNQ
2017-05-30,60.018272399902344,82.13999938964844,82.81999969482422,82.13999938964844,82.6500015258789,1865200,VNQ
2017-05-31,60.0548210144043,82.19000244140625,82.52999877929688,81.87000274658203,82.27999877929688,5515000,VNQ
2017-06-01,60.36899948120117,82.62000274658203,82.72000122070312,81.76000213623047,81.95999908447266,6557200,VNQ
2017-06-02,60.99006652832031,83.47000122070312,83.6500015258789,82.95999908447266,82.95999908447266,3999500,VNQ
2017-06-05,60.72704315185547,83.11000061035156,83.37999725341797,82.7300033569336,83.26000213623047,4919900,VNQ
2017-06-06,60.43477249145508,82.70999908447266,83.18000030517578,82.58999633789062,83.16000366210938,4358300,VNQ
2017-06-07,60.85856628417969,83.29000091552734,83.44000244140625,82.62000274658203,82.69000244140625,3191200,VNQ
2017-06-08,60.71242141723633,83.08999633789062,83.31999969482422,82.3499984741211,83.31999969482422,2963600,VNQ
2017-06-09,61.13623046875,83.66999816894531,83.94999694824219,82.80000305175781,83.08999633789062,4950400,VNQ
2017-06-12,61.684226989746094,84.41999816894531,84.44000244140625,83.47000122070312,83.5999984741211,4049500,VNQ
2017-06-13,61.82304763793945,84.61000061035156,84.69000244140625,84.02999877929688,84.37999725341797,2787500,VNQ
2017-06-14,61.910743713378906,84.7300033569336,85.30000305175781,84.44000244140625,85.12000274658203,5317300,VNQ
2017-06-15,62.22494888305664,85.16000366210938,85.38999938964844,84.30000305175781,84.37000274658203,3757200,VNQ
2017-06-16,62.06418991088867,84.94000244140625,85.31999969482422,84.56999969482422,85.2699966430664,4497900,VNQ
2017-06-19,62.07149887084961,84.94999694824219,84.98999786376953,84.54000091552734,84.94000244140625,4892200,VNQ
2017-06-20,61.92536163330078,84.75,85.23999786376953,84.0999984741211,85.0,3194300,VNQ
2017-06-21,61.801151275634766,84.58000183105469,84.98999786376953,84.04000091552734,84.75,2559700,VNQ
2017-06-22,61.85960388183594,84.66000366210938,84.83000183105469,84.12999725341797,84.47000122070312,6220800,VNQ
2017-06-23,62.074256896972656,84.1500015258789,84.62999725341797,83.75,83.88999938964844,3759000,VNQ
2017-06-26,62.516849517822266,84.75,85.05999755859375,84.36000061035156,84.36000061035156,6417400,VNQ
2017-06-27,61.95621871948242,83.98999786376953,84.83000183105469,83.94000244140625,84.33000183105469,3925300,VNQ
2017-06-28,62.10377883911133,84.19000244140625,84.58999633789062,83.93000030517578,84.22000122070312,2956300,VNQ
2017-06-29,61.395606994628906,83.2300033569336,83.91999816894531,83.08000183105469,83.91999816894531,3985800,VNQ
2017-06-30,61.395606994628906,83.2300033569336,83.87999725341797,82.98999786376953,83.45999908447266,4206900,VNQ
2017-07-03,62.177528381347656,84.29000091552734,84.45999908447266,83.37000274658203,83.55999755859375,3169500,VNQ
2017-07-05,61.29971694946289,83.0999984741211,84.44000244140625,82.94000244140625,84.44000244140625,5370200,VNQ
2017-07-06,60.148963928222656,81.54000091552734,82.97000122070312,81.44000244140625,82.58999633789062,4091400,VNQ
2017-07-07,60.48829650878906,82.0,82.2300033569336,81.43000030517578,81.73999786376953,3249800,VNQ
2017-07-10,59.935035705566406,81.25,82.26000213623047,81.19000244140625,82.18000030517578,4164100,VNQ
2017-07-11,59.86864471435547,81.16000366210938,81.38999938964844,80.58000183105469,81.30999755859375,3346600,VNQ
2017-07-12,60.60631561279297,82.16000366210938,82.62999725341797,81.54000091552734,81.70999908447266,3189200,VNQ
2017-07-13,60.70221710205078,82.29000091552734,82.48999786376953,82.0,82.22000122070312,2556100,VNQ
2017-07-14,61.28495788574219,83.08000183105469,83.2300033569336,82.70999908447266,82.79000091552734,2577600,VNQ
2017-07-17,61.77920150756836,83.75,83.87999725341797,82.91999816894531,83.08000183105469,2730700,VNQ
2017-07-18,61.646419525146484,83.56999969482422,83.93000030517578,83.33999633789062,83.77999877929688,3012500,VNQ
2017-07-19,62.11115646362305,84.19999694824219,84.2300033569336,83.5199966430664,83.69999694824219,2949700,VNQ
2017-07-20,61.82345199584961,83.80999755859375,84.38999938964844,83.7699966430664,84.25,3140400,VNQ
2017-07-21,61.77920150756836,83.75,83.97000122070312,83.3499984741211,83.87000274658203,2967100,VNQ
2017-07-24,61.66117477416992,83.58999633789062,83.83000183105469,83.20999908447266,83.7300033569336,2659300,VNQ
2017-07-25,61.742305755615234,83.69999694824219,83.77999877929688,83.12999725341797,83.6500015258789,2785000,VNQ
2017-07-26,62.17015075683594,84.27999877929688,84.56999969482422,83.54000091552734,83.7300033569336,2976800,VNQ
2017-07-27,62.2439079284668,84.37999725341797,84.7300033569336,83.4800033569336,83.9800033569336,2828800,VNQ
2017-07-28,62.074256896972656,84.1500015258789,84.66000366210938,83.9800033569336,84.4000015258789,3024500,VNQ
2017-07-31,62.155399322509766,84.26000213623047,84.37999725341797,83.5999984741211,84.23999786376953,2967600,VNQ
2017-08-01,62.435726165771484,84.63999938964844,85.0,83.97000122070312,84.5199966430664,3142900,VNQ
2017-08-02,61.867706298828125,83.87000274658203,84.45999908447266,83.58999633789062,84.45999908447266,2192000,VNQ
2017-08-03,61.742305755615234,83.69999694824219,84.18000030517578,83.4000015258789,83.72000122070312,2032500,VNQ
2017-08-04,61.948856353759766,83.9800033569336,84.13999938964844,83.5,83.68000030517578,2068700,VNQ
2017-08-07,61.88248062133789,83.88999938964844,84.11000061035156,83.56999969482422,84.0,1642700,VNQ
2017-08-08,61.5873908996582,83.48999786376953,83.91999816894531,83.27999877929688,83.7300033569336,2324400,VNQ
2017-08-09,61.38085174560547,83.20999908447266,83.58999633789062,83.05000305175781,83.55000305175781,4508400,VNQ
2017-08-10,60.93825912475586,82.61000061035156,83.18000030517578,82.61000061035156,83.02999877929688,4190800,VNQ
2017-08-11,60.56203842163086,82.0999984741211,82.69000244140625,81.7300033569336,82.62999725341797,2692800,VNQ
2017-08-14,61.57263946533203,83.47000122070312,83.62999725341797,82.30000305175781,82.44000244140625,2160200,VNQ
2017-08-15,61.38822937011719,83.22000122070312,83.30999755859375,82.66999816894531,83.30999755859375,2260000,VNQ
2017-08-16,61.63166427612305,83.55000305175781,83.80999755859375,83.31999969482422,83.31999969482422,2945300,VNQ
2017-08-17,61.24808120727539,83.02999877929688,83.75,82.98999786376953,83.44999694824219,2053900,VNQ
2017-08-18,60.62844467163086,82.19000244140625,82.94999694824219,81.94999694824219,82.81999969482422,2011600,VNQ
2017-08-21,61.277584075927734,83.06999969482422,83.20999908447266,82.06999969482422,82.19999694824219,2487600,VNQ
2017-08-22,61.10053634643555,82.83000183105469,83.33000183105469,82.61000061035156,83.08000183105469,1835300,VNQ
2017-08-23,61.727561950683594,83.68000030517578,83.77999877929688,82.6500015258789,82.86000061035156,1889800,VNQ
2017-08-24,61.5357666015625,83.41999816894531,84.33000183105469,83.37000274658203,83.8499984741211,2012200,VNQ
2017-08-25,61.83083724975586,83.81999969482422,84.12999725341797,83.30999755859375,83.69000244140625,2147300,VNQ
2017-08-28,61.358734130859375,83.18000030517578,83.94000244140625,82.91999816894531,83.86000061035156,2072000,VNQ
2017-08-29,61.292327880859375,83.08999633789062,83.44999694824219,83.0,83.05999755859375,1401700,VNQ
2017-08-30,61.6390266418457,83.55999755859375,83.56999969482422,82.62000274658203,82.94999694824219,2054100,VNQ
2017-08-31,61.99312973022461,84.04000091552734,84.2699966430664,83.62999725341797,83.79000091552734,3212700,VNQ
2017-09-01,62.2070426940918,84.33000183105469,84.68000030517578,83.94999694824219,84.05999755859375,3385900,VNQ
2017-09-05,62.03737258911133,84.0999984741211,84.68000030517578,83.68000030517578,84.41999816894531,3705200,VNQ
2017-09-06,62.19966125488281,84.31999969482422,84.88999938964844,84.19000244140625,84.2699966430664,3330500,VNQ
2017-09-07,62.59799575805664,84.86000061035156,85.0,84.36000061035156,84.48999786376953,2313000,VNQ
2017-09-08,62.649620056152344,84.93000030517578,85.23999786376953,84.55999755859375,84.62999725341797,2334500,VNQ
2017-09-11,63.22502136230469,85.70999908447266,85.80000305175781,85.0,85.12000274658203,2352600,VNQ
2017-09-12,62.479949951171875,84.69999694824219,85.80000305175781,84.38999938964844,85.58000183105469,3991300,VNQ
2017-09-13,62.317684173583984,84.4800033569336,84.76000213623047,84.19000244140625,84.72000122070312,1840100,VNQ
2017-09-14,62.834049224853516,85.18000030517578,85.22000122070312,84.16999816894531,84.37000274658203,2839400,VNQ
2017-09-15,62.95208740234375,85.33999633789062,85.37999725341797,84.58000183105469,85.12999725341797,3172800,VNQ
2017-09-18,62.612735748291016,84.87999725341797,85.47000122070312,84.61000061035156,85.31999969482422,3442200,VNQ
2017-09-19,62.19966125488281,84.31999969482422,84.97000122070312,84.26000213623047,84.94999694824219,2916500,VNQ
2017-09-20,62.029991149902344,84.08999633789062,84.66000366210938,83.72000122070312,84.54000091552734,2741300,VNQ
2017-09-21,61.91196823120117,83.93000030517578,84.62999725341797,83.91999816894531,84.08000183105469,6278500,VNQ
2017-09-22,61.47526168823242,82.48999786376953,83.4800033569336,82.44000244140625,83.16999816894531,4549600,VNQ
2017-09-25,61.832977294921875,82.97000122070312,83.30999755859375,82.48999786376953,82.48999786376953,5536300,VNQ
2017-09-26,61.937313079833984,83.11000061035156,83.37999725341797,82.91000366210938,83.12999725341797,3099300,VNQ
2017-09-27,61.37837219238281,82.36000061035156,83.0999984741211,82.06999969482422,82.94000244140625,3812800,VNQ
2017-09-28,61.79572296142578,82.91999816894531,83.0,82.19000244140625,82.19000244140625,4114300,VNQ
2017-09-29,61.92239761352539,83.08999633789062,83.18000030517578,82.62000274658203,82.80000305175781,4245200,VNQ
2017-10-02,61.832977294921875,82.97000122070312,83.26000213623047,82.83999633789062,83.22000122070312,4533800,VNQ
2017-10-03,61.74354934692383,82.8499984741211,83.04000091552734,82.66000366210938,82.95999908447266,6710800,VNQ
2017-10-04,62.056556701660156,83.2699966430664,83.33000183105469,82.62999725341797,82.91999816894531,4137400,VNQ
2017-10-05,62.280128479003906,83.56999969482422,83.98999786376953,83.37000274658203,83.37999725341797,3398700,VNQ
2017-10-06,62.078922271728516,83.30000305175781,83.37000274658203,82.5999984741211,83.12999725341797,2594800,VNQ
2017-10-09,62.22793197631836,83.5,83.70999908447266,83.25,83.33999633789062,2248200,VNQ
2017-10-10,62.414276123046875,83.75,84.31999969482422,83.5,83.76000213623047,6012600,VNQ
2017-10-11,62.62293243408203,84.02999877929688,84.29000091552734,83.80999755859375,83.81999969482422,2944800,VNQ
2017-10-12,63.02537155151367,84.56999969482422,84.56999969482422,83.93000030517578,84.05999755859375,2787500,VNQ
2017-10-13,63.1893196105957,84.79000091552734,85.0,84.4000015258789,84.87999725341797,2662600,VNQ
2017-10-16,62.8763313293457,84.37000274658203,84.9000015258789,84.30000305175781,84.7300033569336,1972300,VNQ
2017-10-17,62.950836181640625,84.47000122070312,84.5199966430664,84.12000274658203,84.27999877929688,2191300,VNQ
2017-10-18,62.88376235961914,84.37999725341797,84.69000244140625,84.20999908447266,84.37000274658203,1935900,VNQ
2017-10-19,62.697444915771484,84.12999725341797,84.54000091552734,83.83999633789062,84.36000061035156,1838700,VNQ
2017-10-20,62.33974838256836,83.6500015258789,84.0999984741211,83.33000183105469,84.05999755859375,2929900,VNQ
2017-10-23,62.10126876831055,83.33000183105469,83.83000183105469,83.2300033569336,83.75,2618800,VNQ
2017-10-24,61.728633880615234,82.83000183105469,83.44000244140625,82.54000091552734,83.16999816894531,2521400,VNQ
2017-10-25,61.5497932434082,82.58999633789062,82.87000274658203,82.0199966430664,82.4800033569336,3490900,VNQ
2017-10-26,61.043025970458984,81.91000366210938,83.0,81.61000061035156,82.80999755859375,3916400,VNQ
2017-10-27,61.318763732910156,82.27999877929688,82.48999786376953,81.33999633789062,81.86000061035156,2979900,VNQ
2017-10-30,61.2665901184082,82.20999908447266,82.54000091552734,81.86000061035156,81.86000061035156,3061000,VNQ
2017-10-31,61.259132385253906,82.19999694824219,82.3499984741211,81.48999786376953,82.22000122070312,4422700,VNQ
2017-11-01,61.55723190307617,82.5999984741211,82.77999877929688,82.1500015258789,82.33999633789062,3507700,VNQ
2017-11-02,62.078922271728516,83.30000305175781,83.63999938964844,82.7300033569336,82.8499984741211,5159300,VNQ
2017-11-03,61.92239761352539,83.08999633789062,83.41000366210938,82.52999877929688,82.88999938964844,2458400,VNQ
2017-11-06,62.33974838256836,83.6500015258789,83.87999725341797,83.11000061035156,83.16000366210938,3156300,VNQ
2017-11-07,62.84651565551758,84.33000183105469,84.5999984741211,83.68000030517578,83.69000244140625,3992500,VNQ
2017-11-08,63.159507751464844,84.75,84.80000305175781,84.2300033569336,84.2699966430664,2058200,VNQ
2017-11-09,63.226585388183594,84.83999633789062,85.3499984741211,84.20999908447266,84.44000244140625,3856400,VNQ
2017-11-10,63.293643951416016,84.93000030517578,85.20999908447266,84.25,84.41000366210938,3657400,VNQ
2017-11-13,63.61408996582031,85.36000061035156,85.4800033569336,84.8499984741211,84.9800033569336,3487200,VNQ
2017-11-14,63.4799690246582,85.18000030517578,85.41999816894531,85.02999877929688,85.12000274658203,4039200,VNQ
2017-11-15,62.83905792236328,84.31999969482422,85.19999694824219,84.2699966430664,85.05000305175781,5171100,VNQ
2017-11-16,63.36073303222656,85.0199966430664,85.11000061035156,84.0999984741211,84.11000061035156,5137200,VNQ
2017-11-17,63.084991455078125,84.6500015258789,85.06999969482422,84.55000305175781,84.80999755859375,2782600,VNQ
2017-11-20,62.89868927001953,84.4000015258789,84.79000091552734,84.26000213623047,84.70999908447266,3613800,VNQ
2017-11-21,63.368186950683594,85.02999877929688,85.08000183105469,84.51000213623047,84.63999938964844,3056900,VNQ
2017-11-22,63.226585388183594,84.83999633789062,85.12999725341797,84.62999725341797,84.87000274658203,2347400,VNQ
2017-11-24,63.308570861816406,84.94999694824219,85.08999633789062,84.87999725341797,84.91000366210938,1255000,VNQ
2017-11-27,63.01044464111328,84.55000305175781,85.05000305175781,84.5199966430664,85.04000091552734,2218000,VNQ
2017-11-28,62.77198028564453,84.2300033569336,84.62000274658203,83.79000091552734,84.51000213623047,2946800,VNQ
2017-11-29,62.794342041015625,84.26000213623047,84.44999694824219,83.76000213623047,84.0199966430664,4633900,VNQ
2017-11-30,62.89122772216797,84.38999938964844,84.6500015258789,84.13999938964844,84.52999877929688,4849800,VNQ
2017-12-01,63.040283203125,84.58999633789062,84.91000366210938,83.8499984741211,84.48999786376953,4664700,VNQ
2017-12-04,62.727272033691406,84.16999816894531,85.0999984741211,84.1500015258789,84.76000213623047,4484100,VNQ
2017-12-05,62.20559310913086,83.47000122070312,84.30000305175781,83.44999694824219,83.75,4372600,VNQ
2017-12-06,62.145992279052734,83.38999938964844,83.77999877929688,83.0,83.33999633789062,3967900,VNQ
2017-12-07,62.30247497558594,83.5999984741211,83.68000030517578,83.11000061035156,83.5999984741211,4049100,VNQ
2017-12-08,62.62293243408203,84.02999877929688,84.18000030517578,83.55000305175781,83.93000030517578,3448600,VNQ
2017-12-11,62.61549377441406,84.0199966430664,84.1500015258789,83.83999633789062,84.05000305175781,5326200,VNQ
2017-12-12,62.92104721069336,84.43000030517578,84.66000366210938,83.73999786376953,84.45999908447266,4732000,VNQ
2017-12-13,63.02537155151367,84.56999969482422,84.97000122070312,84.41000366210938,84.62000274658203,3887100,VNQ
2017-12-14,63.01044464111328,84.55000305175781,84.87999725341797,84.37999725341797,84.62000274658203,4901000,VNQ
2017-12-15,63.40544891357422,85.08000183105469,85.25,84.62999725341797,84.66000366210938,4909500,VNQ
2017-12-18,63.822784423828125,85.63999938964844,86.13999938964844,85.25,85.26000213623047,5169400,VNQ
2017-12-19,62.4664421081543,83.81999969482422,85.69000244140625,83.66999816894531,85.66999816894531,5259200,VNQ
2017-12-20,61.74354934692383,82.8499984741211,84.08999633789062,82.83999633789062,83.86000061035156,7831900,VNQ
2017-12-21,61.504398345947266,81.2699966430664,81.94999694824219,81.18000030517578,81.94999694824219,4701300,VNQ
2017-12-22,61.92822265625,81.83000183105469,81.94999694824219,81.22000122070312,81.31999969482422,6484400,VNQ
2017-12-26,62.238468170166016,82.23999786376953,82.45999908447266,81.68000030517578,81.8499984741211,2874500,VNQ
2017-12-27,62.44282150268555,82.51000213623047,82.81999969482422,82.30999755859375,82.81999969482422,4341500,VNQ
2017-12-28,62.775814056396484,82.94999694824219,83.02999877929688,82.30999755859375,82.38999938964844,3172900,VNQ
2017-12-29,62.79851531982422,82.9800033569336,83.27999877929688,82.8499984741211,83.11000061035156,2957300,VNQ
2018-01-02,62.56391906738281,82.66999816894531,83.16999816894531,82.4000015258789,83.04000091552734,4639500,VNQ
2018-01-03,62.38225555419922,82.43000030517578,82.93000030517578,82.26000213623047,82.7300033569336,5516900,VNQ
2018-01-04,61.30763626098633,81.01000213623047,82.4800033569336,80.98999786376953,82.44999694824219,4734100,VNQ
2018-01-05,61.337921142578125,81.05000305175781,81.2300033569336,80.83999633789062,81.16999816894531,5742900,VNQ
2018-01-08,61.65576171875,81.47000122070312,81.61000061035156,81.04000091552734,81.16000366210938,4763200,VNQ
2018-01-09,60.861122131347656,80.41999816894531,81.7300033569336,80.38999938964844,81.5,4631000,VNQ
2018-01-10,60.18001937866211,79.5199966430664,80.2300033569336,79.11000061035156,80.0999984741211,6244400,VNQ
2018-01-11,59.97570037841797,79.25,79.93000030517578,79.16999816894531,79.70999908447266,5067100,VNQ
2018-01-12,59.49134063720703,78.61000061035156,79.23999786376953,78.47000122070312,79.02999877929688,5154600,VNQ
2018-01-16,59.6048583984375,78.76000213623047,80.02999877929688,78.73999786376953,78.9000015258789,5760800,VNQ
2018-01-17,60.021087646484375,79.30999755859375,79.4000015258789,78.69999694824219,79.08999633789062,5560300,VNQ
2018-01-18,59.24916076660156,78.29000091552734,79.0999984741211,78.22000122070312,79.01000213623047,4548200,VNQ
2018-01-19,59.56700897216797,78.70999908447266,78.72000122070312,78.19999694824219,78.41999816894531,4546800,VNQ
2018-01-22,60.11189651489258,79.43000030517578,79.47000122070312,78.73999786376953,78.83000183105469,4767400,VNQ
2018-01-23,60.94438552856445,80.52999877929688,80.55000305175781,79.66000366210938,79.79000091552734,4599700,VNQ
2018-01-24,60.626529693603516,80.11000061035156,80.61000061035156,79.83000183105469,80.41999816894531,6242500,VNQ
2018-01-25,60.520572662353516,79.97000122070312,80.11000061035156,79.44999694824219,79.97000122070312,4765000,VNQ
2018-01-26,60.30867004394531,79.69000244140625,80.08000183105469,79.2300033569336,79.97000122070312,4966400,VNQ
2018-01-29,59.49892044067383,78.62000274658203,79.48999786376953,78.56999969482422,79.4800033569336,5280200,VNQ
2018-01-30,59.06755828857422,78.05000305175781,78.58999633789062,77.91999816894531,78.2699966430664,6937600,VNQ
2018-01-31,60.127044677734375,79.44999694824219,79.4800033569336,78.0199966430664,78.2699966430664,8845500,VNQ
2018-02-01,58.832950592041016,77.73999786376953,79.73999786376953,77.5999984741211,79.08999633789062,7313200,VNQ
2018-02-02,58.33344650268555,77.08000183105469,77.5999984741211,76.44000244140625,77.16000366210938,11151800,VNQ
2018-02-05,56.60039520263672,74.79000091552734,77.54000091552734,74.69000244140625,76.69999694824219,8861900,VNQ
2018-02-06,56.607967376708984,74.80000305175781,75.19999694824219,73.08999633789062,73.55000305175781,12554100,VNQ
2018-02-07,56.36579895019531,74.4800033569336,75.91999816894531,74.43000030517578,74.77999877929688,7480000,VNQ
2018-02-08,54.74625778198242,72.33999633789062,74.93000030517578,72.2699966430664,74.1500015258789,11116900,VNQ
2018-02-09,56.11605453491211,74.1500015258789,74.73999786376953,72.05000305175781,72.79000091552734,12718500,VNQ
2018-02-12,56.13875961303711,74.18000030517578,74.62999725341797,72.11000061035156,74.58999633789062,15209300,VNQ
2018-02-13,56.53229522705078,74.69999694824219,74.91000366210938,73.5199966430664,74.01000213623047,8766100,VNQ
2018-02-14,56.12361526489258,74.16000366210938,74.25,73.16000366210938,74.05999755859375,8225700,VNQ
2018-02-15,56.668495178222656,74.87999725341797,75.01000213623047,74.05999755859375,74.2699966430664,7359200,VNQ
2018-02-16,56.97881317138672,75.29000091552734,75.66999816894531,74.81999969482422,75.11000061035156,7002400,VNQ
2018-02-20,56.30524826049805,74.4000015258789,75.68000030517578,74.30999755859375,75.05999755859375,5766000,VNQ
2018-02-21,55.19276428222656,72.93000030517578,74.52999877929688,72.93000030517578,74.4000015258789,7852900,VNQ
2018-02-22,55.82091522216797,73.76000213623047,74.30999755859375,73.12999725341797,73.27999877929688,7412700,VNQ
2018-02-23,56.71390151977539,74.94000244140625,74.95999908447266,73.91999816894531,74.02999877929688,6884100,VNQ
2018-02-26,56.87284469604492,75.1500015258789,75.36000061035156,74.63999938964844,75.30999755859375,6336100,VNQ
2018-02-27,55.548458099365234,73.4000015258789,75.3499984741211,73.37999725341797,75.30000305175781,7635400,VNQ
2018-02-28,55.51060485839844,73.3499984741211,74.3499984741211,73.3499984741211,73.66000366210938,9175500,VNQ
2018-03-01,55.563594818115234,73.41999816894531,74.30000305175781,72.83000183105469,73.19000244140625,8794700,VNQ
2018-03-02,55.540870666503906,73.38999938964844,73.47000122070312,72.62000274658203,73.06999969482422,8408100,VNQ
2018-03-05,56.16903305053711,74.22000122070312,74.56999969482422,73.13999938964844,73.19000244140625,5558100,VNQ
2018-03-06,56.43389892578125,74.56999969482422,74.7300033569336,73.69000244140625,74.33999633789062,6039100,VNQ
2018-03-07,56.78202438354492,75.02999877929688,75.08999633789062,74.19000244140625,74.2300033569336,9868300,VNQ
2018-03-08,56.88796615600586,75.16999816894531,75.3499984741211,74.79000091552734,75.19999694824219,6381300,VNQ
2018-03-09,57.19826126098633,75.58000183105469,75.58000183105469,74.68000030517578,75.16999816894531,6293400,VNQ
2018-03-12,57.448020935058594,75.91000366210938,76.08999633789062,75.37999725341797,75.62999725341797,6661400,VNQ
2018-03-13,57.5009765625,75.9800033569336,76.51000213623047,75.72000122070312,76.16000366210938,4877100,VNQ
2018-03-14,57.553955078125,76.05000305175781,76.3499984741211,75.7300033569336,75.91000366210938,5945100,VNQ
2018-03-15,57.538822174072266,76.02999877929688,76.30999755859375,75.62999725341797,76.18000030517578,5680500,VNQ
2018-03-16,57.93991470336914,76.55999755859375,76.66000366210938,75.7699966430664,75.94000244140625,4951000,VNQ
2018-03-19,57.4404411315918,75.9000015258789,76.4800033569336,75.41999816894531,76.45999908447266,3999400,VNQ
2018-03-20,57.2436637878418,75.63999938964844,76.37999725341797,75.3499984741211,75.8499984741211,5677000,VNQ
2018-03-21,56.819862365722656,75.08000183105469,75.8499984741211,74.68000030517578,75.55000305175781,5905400,VNQ
2018-03-22,56.48686981201172,74.63999938964844,75.97000122070312,74.61000061035156,74.9000015258789,5605700,VNQ
2018-03-23,55.48033905029297,73.30999755859375,74.83000183105469,73.12000274658203,74.62000274658203,9530900,VNQ
2018-03-26,56.111549377441406,73.43000030517578,73.55999755859375,72.68000030517578,73.02999877929688,6979200,VNQ
2018-03-27,56.32548522949219,73.70999908447266,74.68000030517578,72.66999816894531,73.52999877929688,9132000,VNQ
2018-03-28,57.73917007446289,75.55999755859375,75.69999694824219,73.83999633789062,73.97000122070312,8917300,VNQ
2018-03-29,57.6703987121582,75.47000122070312,75.94999694824219,75.16000366210938,75.7699966430664,5993400,VNQ
2018-04-02,56.890953063964844,74.44999694824219,75.66999816894531,73.94999694824219,75.33999633789062,6487700,VNQ
2018-04-03,57.37237548828125,75.08000183105469,75.41999816894531,74.08000183105469,74.56999969482422,9987300,VNQ
2018-04-04,57.97606658935547,75.87000274658203,76.08999633789062,74.48999786376953,74.66000366210938,5502800,VNQ
2018-04-05,57.953128814697266,75.83999633789062,75.98999786376953,75.19000244140625,75.91999816894531,4195900,VNQ
2018-04-06,57.51757049560547,75.2699966430664,76.25,75.0199966430664,75.66999816894531,4817500,VNQ
2018-04-09,57.33415985107422,75.02999877929688,75.62999725341797,74.91000366210938,75.31999969482422,4466300,VNQ
2018-04-10,57.27303695678711,74.94999694824219,75.48999786376953,74.83000183105469,75.3499984741211,7318500,VNQ
2018-04-11,57.39530944824219,75.11000061035156,75.68000030517578,74.73999786376953,74.80999755859375,3892500,VNQ
2018-04-12,56.753414154052734,74.2699966430664,75.23999786376953,74.05000305175781,75.2300033569336,4049600,VNQ
2018-04-13,57.05143737792969,74.66000366210938,74.72000122070312,74.08999633789062,74.19999694824219,3817100,VNQ
2018-04-16,57.4029426574707,75.12000274658203,75.37000274658203,74.56999969482422,74.75,4279000,VNQ
2018-04-17,58.07539367675781,76.0,76.41999816894531,75.05999755859375,75.29000091552734,4503600,VNQ
2018-04-18,57.953128814697266,75.83999633789062,76.27999877929688,75.83000183105469,76.18000030517578,4122900,VNQ
2018-04-19,57.11258316040039,74.73999786376953,75.66999816894531,74.20999908447266,75.58999633789062,6917900,VNQ
2018-04-20,56.58530807495117,74.05000305175781,74.95999908447266,73.94999694824219,74.66000366210938,5171200,VNQ
2018-04-23,56.539466857910156,73.98999786376953,74.37999725341797,73.66000366210938,74.08000183105469,4325700,VNQ
2018-04-24,56.753414154052734,74.2699966430664,74.58000183105469,73.8499984741211,74.05000305175781,5852200,VNQ
2018-04-25,56.64643096923828,74.12999725341797,74.41000366210938,73.55000305175781,74.02999877929688,4055400,VNQ
2018-04-26,57.387672424316406,75.0999984741211,75.5199966430664,74.25,74.3499984741211,5551000,VNQ
2018-04-27,58.37342834472656,76.38999938964844,76.63999938964844,74.97000122070312,75.05999755859375,6278700,VNQ
2018-04-30,58.1441650390625,76.08999633789062,76.70999908447266,76.06999969482422,76.41999816894531,6625500,VNQ
2018-05-01,58.67144012451172,76.77999877929688,76.93000030517578,75.94000244140625,76.08000183105469,5251600,VNQ
2018-05-02,58.45747756958008,76.5,76.83000183105469,75.83000183105469,76.61000061035156,5361800,VNQ
2018-05-03,58.41926956176758,76.44999694824219,76.7699966430664,76.16000366210938,76.26000213623047,5839500,VNQ
2018-05-04,59.061134338378906,77.29000091552734,77.48999786376953,76.41000366210938,76.41000366210938,3746600,VNQ
2018-05-07,59.458499908447266,77.80999755859375,77.9000015258789,77.3499984741211,77.4000015258789,4670300,VNQ
2018-05-08,59.16048812866211,77.41999816894531,77.80000305175781,77.16999816894531,77.80000305175781,4311600,VNQ
2018-05-09,59.55785369873047,77.94000244140625,77.95999908447266,77.16000366210938,77.26000213623047,4685300,VNQ
2018-05-10,60.02397918701172,78.55000305175781,78.69999694824219,78.06999969482422,78.2300033569336,3664000,VNQ
2018-05-11,59.81766891479492,78.27999877929688,78.87000274658203,78.16000366210938,78.58999633789062,2694500,VNQ
2018-05-14,59.30568313598633,77.61000061035156,78.38999938964844,77.23999786376953,78.22000122070312,3536200,VNQ
2018-05-15,58.34284210205078,76.3499984741211,77.22000122070312,76.12000274658203,77.22000122070312,5134300,VNQ
2018-05-16,58.16709899902344,76.12000274658203,76.75,76.01000213623047,76.5,4400400,VNQ
2018-05-17,57.8767204284668,75.73999786376953,76.3499984741211,75.58000183105469,76.08999633789062,3998100,VNQ
2018-05-18,57.953128814697266,75.83999633789062,76.12000274658203,75.5,75.83000183105469,3343800,VNQ
2018-05-21,58.64086151123047,76.73999786376953,76.87000274658203,75.5999984741211,76.01000213623047,3671500,VNQ
2018-05-22,58.72492218017578,76.8499984741211,76.94999694824219,76.41999816894531,76.7300033569336,3470800,VNQ
2018-05-23,59.31330871582031,77.62000274658203,77.86000061035156,76.79000091552734,76.80000305175781,3983200,VNQ
2018-05-24,59.1910400390625,77.45999908447266,77.94000244140625,77.04000091552734,77.63999938964844,3173500,VNQ
2018-05-25,59.39737319946289,77.7300033569336,78.0199966430664,77.41999816894531,77.52999877929688,3597300,VNQ
2018-05-29,59.68010711669922,78.0999984741211,78.2300033569336,77.31999969482422,77.54000091552734,4611800,VNQ
2018-05-30,60.4901123046875,79.16000366210938,79.4000015258789,77.83000183105469,78.05000305175781,4901800,VNQ
2018-05-31,60.28378677368164,78.88999938964844,79.19000244140625,78.58999633789062,78.91000366210938,5430500,VNQ
2018-06-01,60.55124282836914,79.23999786376953,79.43000030517578,78.43000030517578,78.58999633789062,7233800,VNQ
2018-06-04,61.07849884033203,79.93000030517578,79.94999694824219,79.11000061035156,79.4000015258789,5391500,VNQ
2018-06-05,60.91804885864258,79.72000122070312,80.30000305175781,79.55999755859375,80.22000122070312,5543000,VNQ
2018-06-06,61.06324005126953,79.91000366210938,79.91000366210938,79.31999969482422,79.72000122070312,4006100,VNQ
2018-06-07,61.06324005126953,79.91000366210938,80.12000274658203,79.43000030517578,79.91999816894531,3353300,VNQ
2018-06-08,61.284820556640625,80.19999694824219,80.2699966430664,79.79000091552734,79.97000122070312,2773200,VNQ
2018-06-11,61.19313049316406,80.08000183105469,80.2699966430664,79.93000030517578,80.11000061035156,4168300,VNQ
2018-06-12,61.559913635253906,80.55999755859375,80.7699966430664,79.81999969482422,80.02999877929688,3287900,VNQ
2018-06-13,60.36019515991211,78.98999786376953,80.69999694824219,78.80999755859375,80.55999755859375,7230900,VNQ
2018-06-14,60.93333053588867,79.73999786376953,80.01000213623047,79.25,79.25,4458200,VNQ
2018-06-15,60.89510726928711,79.69000244140625,80.26000213623047,79.52999877929688,79.72000122070312,11131800,VNQ
2018-06-18,60.91207504272461,78.9800033569336,79.05000305175781,78.44000244140625,78.77999877929688,6391600,VNQ
2018-06-19,60.85039520263672,78.9000015258789,79.27999877929688,78.73999786376953,78.73999786376953,11275400,VNQ
2018-06-20,61.529056549072266,79.77999877929688,79.88999938964844,78.91000366210938,78.95999908447266,7327500,VNQ
2018-06-21,61.82213592529297,80.16000366210938,80.26000213623047,79.62000274658203,80.0,3719700,VNQ
2018-06-22,62.30801773071289,80.79000091552734,80.83999633789062,79.97000122070312,80.33000183105469,4391700,VNQ
2018-06-25,62.146060943603516,80.58000183105469,80.9000015258789,80.08999633789062,80.6500015258789,5904500,VNQ
2018-06-26,62.3465690612793,80.83999633789062,81.16999816894531,80.37000274658203,80.73999786376953,3751000,VNQ
2018-06-27,62.107505798339844,80.52999877929688,81.26000213623047,80.51000213623047,81.05000305175781,4559900,VNQ
2018-06-28,62.66279983520508,81.25,81.3499984741211,80.44000244140625,80.52999877929688,3896700,VNQ
2018-06-29,62.8170280456543,81.44999694824219,81.80000305175781,80.62000274658203,81.0999984741211,5235400,VNQ
2018-07-02,62.469974517822266,81.0,81.54000091552734,80.08000183105469,81.5199966430664,7926500,VNQ
2018-07-03,62.9404411315918,81.61000061035156,82.18000030517578,80.83999633789062,81.04000091552734,7325300,VNQ
2018-07-05,63.688533782958984,82.58000183105469,82.62000274658203,81.54000091552734,81.8499984741211,7214700,VNQ
2018-07-06,64.02787017822266,83.0199966430664,83.16000366210938,82.73999786376953,82.79000091552734,7887400,VNQ
2018-07-09,63.51884460449219,82.36000061035156,83.12999725341797,81.94000244140625,83.12999725341797,6621300,VNQ
2018-07-10,63.649967193603516,82.52999877929688,82.7300033569336,82.02999877929688,82.51000213623047,4561900,VNQ
2018-07-11,63.441741943359375,82.26000213623047,82.70999908447266,82.18000030517578,82.43000030517578,5127900,VNQ
2018-07-12,63.63455581665039,82.51000213623047,82.6500015258789,82.08000183105469,82.5199966430664,4042100,VNQ
2018-07-13,63.441741943359375,82.26000213623047,82.9000015258789,82.19999694824219,82.55000305175781,5013800,VNQ
2018-07-16,63.102386474609375,81.81999969482422,82.19999694824219,81.36000061035156,82.11000061035156,3023900,VNQ
2018-07-17,62.685916900634766,81.27999877929688,82.05999755859375,81.19000244140625,81.94999694824219,4031200,VNQ
2018-07-18,62.40826416015625,80.91999816894531,81.44999694824219,80.55000305175781,81.16000366210938,5185600,VNQ
2018-07-19,63.14094924926758,81.87000274658203,82.1500015258789,80.6500015258789,80.87999725341797,4358700,VNQ
2018-07-20,62.53166580200195,81.08000183105469,81.80000305175781,80.86000061035156,81.58999633789062,3265500,VNQ
2018-07-23,62.40056228637695,80.91000366210938,81.18000030517578,80.43000030517578,81.04000091552734,4379600,VNQ
2018-07-24,62.08436584472656,80.5,81.02999877929688,80.30000305175781,80.88999938964844,4174900,VNQ
2018-07-25,62.57793426513672,81.13999938964844,81.27999877929688,80.38999938964844,80.54000091552734,4521400,VNQ
2018-07-26,62.786197662353516,81.41000366210938,81.81999969482422,81.05000305175781,81.25,4385400,VNQ
2018-07-27,62.11520767211914,80.54000091552734,81.61000061035156,80.45999908447266,81.55999755859375,4788000,VNQ
2018-07-30,62.15376663208008,80.58999633789062,80.77999877929688,79.98999786376953,80.51000213623047,4002000,VNQ
2018-07-31,63.19493865966797,81.94000244140625,82.30999755859375,80.83999633789062,80.83999633789062,5737300,VNQ
2018-08-01,63.642234802246094,82.5199966430664,82.52999877929688,81.12999725341797,81.3499984741211,7798900,VNQ
2018-08-02,63.38774490356445,82.19000244140625,82.66000366210938,82.01000213623047,82.3499984741211,4748200,VNQ
2018-08-03,64.07413482666016,83.08000183105469,83.12000274658203,82.1500015258789,82.2300033569336,4342700,VNQ
2018-08-06,63.989315032958984,82.97000122070312,83.37999725341797,82.7699966430664,83.12000274658203,4655000,VNQ
2018-08-07,63.87362289428711,82.81999969482422,83.37999725341797,82.4000015258789,83.12000274658203,3047100,VNQ
2018-08-08,63.50342559814453,82.33999633789062,82.80000305175781,82.1500015258789,82.7699966430664,2415400,VNQ
2018-08-09,63.53428268432617,82.37999725341797,82.6500015258789,82.19000244140625,82.33999633789062,3720900,VNQ
2018-08-10,63.04838943481445,81.75,82.5,81.5999984741211,82.48999786376953,4524100,VNQ
2018-08-13,62.924991607666016,81.58999633789062,81.8499984741211,81.37999725341797,81.66000366210938,2755400,VNQ
2018-08-14,63.233497619628906,81.98999786376953,82.19999694824219,81.58000183105469,81.58000183105469,3249400,VNQ
2018-08-15,63.71935272216797,82.62000274658203,82.72000122070312,81.80999755859375,82.04000091552734,5202600,VNQ
2018-08-16,64.2361068725586,83.29000091552734,83.30000305175781,82.55999755859375,82.62999725341797,3329800,VNQ
2018-08-17,64.82994842529297,84.05999755859375,84.06999969482422,83.11000061035156,83.11000061035156,4698400,VNQ
2018-08-20,64.87621307373047,84.12000274658203,84.55000305175781,84.0,84.16999816894531,4629200,VNQ
2018-08-21,64.48287963867188,83.61000061035156,84.1500015258789,83.41000366210938,84.0,3149000,VNQ
2018-08-22,64.12042236328125,83.13999938964844,83.63999938964844,82.83000183105469,83.52999877929688,2954900,VNQ
2018-08-23,63.95844650268555,82.93000030517578,83.30000305175781,82.9000015258789,83.1500015258789,2528800,VNQ
2018-08-24,64.33634948730469,83.41999816894531,83.43000030517578,82.80000305175781,82.93000030517578,3897100,VNQ
2018-08-27,64.10499572753906,83.12000274658203,83.55999755859375,82.83999633789062,83.48999786376953,4479000,VNQ
2018-08-28,64.96878051757812,84.23999786376953,84.25,83.0199966430664,83.23999786376953,4653100,VNQ
2018-08-29,64.98419189453125,84.26000213623047,84.44000244140625,84.06999969482422,84.2300033569336,3564900,VNQ
2018-08-30,64.56774139404297,83.72000122070312,84.37000274658203,83.6500015258789,84.3499984741211,2968300,VNQ
2018-08-31,64.82223510742188,84.05000305175781,84.2300033569336,83.72000122070312,83.77999877929688,3305800,VNQ
2018-09-04,64.05101013183594,83.05000305175781,84.06999969482422,82.94999694824219,83.86000061035156,4718600,VNQ
2018-09-05,64.42121124267578,83.52999877929688,83.81999969482422,82.58000183105469,83.0199966430664,5407700,VNQ
2018-09-06,64.60627746582031,83.7699966430664,84.0,83.63999938964844,83.66000366210938,3760300,VNQ
2018-09-07,63.90447235107422,82.86000061035156,83.55000305175781,82.7699966430664,83.55000305175781,4234400,VNQ
2018-09-10,64.18983459472656,83.2300033569336,83.69999694824219,83.11000061035156,83.25,3089200,VNQ
2018-09-11,64.18209838867188,83.22000122070312,83.5,82.87999725341797,83.01000213623047,3980300,VNQ
2018-09-12,64.21297454833984,83.26000213623047,83.47000122070312,82.9800033569336,83.23999786376953,2827800,VNQ
2018-09-13,64.52914428710938,83.66999816894531,83.93000030517578,83.33999633789062,83.61000061035156,3813600,VNQ
2018-09-14,64.12042236328125,83.13999938964844,83.62000274658203,82.54000091552734,83.55000305175781,5215800,VNQ
2018-09-17,64.32866668701172,83.41000366210938,83.58000183105469,82.87000274658203,83.12999725341797,4414700,VNQ
2018-09-18,64.0201416015625,83.01000213623047,83.52999877929688,82.87000274658203,83.30000305175781,8039400,VNQ
2018-09-19,63.27206039428711,82.04000091552734,83.08000183105469,81.91000366210938,83.05000305175781,4410600,VNQ
2018-09-20,63.86589050292969,82.80999755859375,82.86000061035156,81.7699966430664,82.05000305175781,4308300,VNQ
2018-09-21,63.8427734375,82.77999877929688,83.20999908447266,82.56999969482422,82.69000244140625,7292200,VNQ
2018-09-24,62.69629669189453,80.16999816894531,81.61000061035156,79.83999633789062,81.44000244140625,4111200,VNQ
2018-09-25,62.704105377197266,80.18000030517578,80.62000274658203,80.08000183105469,80.19000244140625,4781800,VNQ
2018-09-26,61.95335388183594,79.22000122070312,80.27999877929688,79.18000030517578,80.16999816894531,8971900,VNQ
2018-09-27,62.250526428222656,79.5999984741211,79.97000122070312,79.37999725341797,79.62000274658203,4942200,VNQ
2018-09-28,63.09513854980469,80.68000030517578,80.68000030517578,79.62999725341797,79.70999908447266,6092300,VNQ
2018-10-01,62.50859832763672,79.93000030517578,80.81999969482422,79.91999816894531,80.5999984741211,7215600,VNQ
2018-10-02,62.36785125732422,79.75,80.19000244140625,79.62999725341797,79.94999694824219,5746700,VNQ
2018-10-03,61.70311737060547,78.9000015258789,80.0199966430664,78.44000244140625,79.75,7104300,VNQ
2018-10-04,61.18695068359375,78.23999786376953,78.6500015258789,77.7300033569336,78.58000183105469,6759300,VNQ
2018-10-05,61.15566635131836,78.19999694824219,78.69000244140625,78.1500015258789,78.26000213623047,4971600,VNQ
2018-10-08,62.03937530517578,79.33000183105469,79.62999725341797,78.19999694824219,78.31999969482422,5246900,VNQ
2018-10-09,62.12541580200195,79.44000244140625,79.79000091552734,78.95999908447266,79.3499984741211,5852000,VNQ
2018-10-10,61.20259475708008,78.26000213623047,79.69000244140625,78.23999786376953,79.25,8837400,VNQ
2018-10-11,59.45082092285156,76.0199966430664,78.38999938964844,75.93000030517578,78.38999938964844,12471700,VNQ
2018-10-12,59.29440689086914,75.81999969482422,77.06999969482422,75.37999725341797,76.83999633789062,10167900,VNQ
2018-10-15,59.693260192871094,76.33000183105469,77.04000091552734,75.7300033569336,75.79000091552734,8526800,VNQ
2018-10-16,60.92107009887695,77.9000015258789,78.05000305175781,76.12000274658203,76.47000122070312,5315400,VNQ
2018-10-17,60.68644332885742,77.5999984741211,78.0,77.05000305175781,77.81999969482422,5088900,VNQ
2018-10-18,60.56914520263672,77.44999694824219,78.18000030517578,77.22000122070312,77.58999633789062,6818700,VNQ
2018-10-19,61.09312057495117,78.12000274658203,78.37000274658203,77.5,77.5,5357300,VNQ
2018-10-22,60.24067687988281,77.02999877929688,78.58000183105469,77.02999877929688,78.19000244140625,7499300,VNQ
2018-10-23,60.506591796875,77.37000274658203,77.86000061035156,76.44000244140625,76.7699966430664,6988400,VNQ
2018-10-24,61.077476501464844,78.0999984741211,78.77999877929688,77.41999816894531,77.56999969482422,6016200,VNQ
2018-10-25,61.8595085144043,79.0999984741211,79.52999877929688,77.86000061035156,78.19999694824219,6215700,VNQ
2018-10-26,60.373634338378906,77.19999694824219,79.18000030517578,76.68000030517578,79.18000030517578,11721400,VNQ
2018-10-29,61.1400260925293,78.18000030517578,78.72000122070312,77.69000244140625,77.72000122070312,7159600,VNQ
2018-10-30,61.9768180847168,79.25,79.8499984741211,78.0999984741211,78.30000305175781,9053000,VNQ
2018-10-31,61.24951171875,78.31999969482422,79.37999725341797,78.16999816894531,79.22000122070312,8322000,VNQ
2018-11-01,61.538875579833984,78.69000244140625,78.8499984741211,78.02999877929688,78.37999725341797,6062700,VNQ
2018-11-02,61.03056335449219,78.04000091552734,78.86000061035156,77.1500015258789,78.83999633789062,7609100,VNQ
2018-11-05,61.93770217895508,79.19999694824219,79.45999908447266,78.18000030517578,78.19999694824219,6753000,VNQ
2018-11-06,62.250526428222656,79.5999984741211,79.62999725341797,79.08000183105469,79.27999877929688,4127900,VNQ
2018-11-07,62.993465423583984,80.55000305175781,80.58000183105469,79.5199966430664,79.94999694824219,7559200,VNQ
2018-11-08,63.040382385253906,80.61000061035156,80.66999816894531,79.94999694824219,80.41999816894531,3559700,VNQ
2018-11-09,63.03258514404297,80.5999984741211,80.87000274658203,80.16000366210938,80.5199966430664,3388500,VNQ
2018-11-12,63.15772247314453,80.76000213623047,81.43000030517578,80.54000091552734,80.70999908447266,4969800,VNQ
2018-11-13,63.09513854980469,80.68000030517578,81.12999725341797,80.19000244140625,80.81999969482422,4882600,VNQ
2018-11-14,62.938720703125,80.4800033569336,81.0,80.0999984741211,80.79000091552734,4545800,VNQ
2018-11-15,62.50859832763672,79.93000030517578,80.27999877929688,79.12999725341797,80.23999786376953,6413700,VNQ
2018-11-16,63.18116760253906,80.79000091552734,80.91000366210938,79.69999694824219,79.77999877929688,4347600,VNQ
2018-11-19,63.267189025878906,80.9000015258789,81.48999786376953,80.41000366210938,80.93000030517578,7117500,VNQ
2018-11-20,62.61809158325195,80.06999969482422,81.13999938964844,80.05999755859375,80.5,5295700,VNQ
2018-11-21,62.67284393310547,80.13999938964844,80.80999755859375,79.7300033569336,80.05999755859375,4139600,VNQ
2018-11-23,62.54771423339844,79.9800033569336,80.3499984741211,79.51000213623047,79.87999725341797,2815500,VNQ
2018-11-26,62.66502380371094,80.12999725341797,80.4800033569336,79.76000213623047,80.2699966430664,4422200,VNQ
2018-11-27,62.930908203125,80.47000122070312,80.4800033569336,79.73999786376953,80.05999755859375,5183600,VNQ
2018-11-28,63.49397659301758,81.19000244140625,81.26000213623047,80.1500015258789,80.5,8681300,VNQ
2018-11-29,63.50961685180664,81.20999908447266,81.61000061035156,80.66000366210938,81.13999938964844,5681000,VNQ
2018-11-30,64.11180114746094,81.9800033569336,82.05000305175781,81.12999725341797,81.41000366210938,6641000,VNQ
2018-12-03,64.45588684082031,82.41999816894531,82.55999755859375,81.55999755859375,82.4800033569336,7407000,VNQ
2018-12-04,63.501808166503906,81.19999694824219,82.62999725341797,80.98999786376953,82.3499984741211,9346700,VNQ
2018-12-06,65.07372283935547,83.20999908447266,83.30999755859375,80.0199966430664,80.75,15059500,VNQ
2018-12-07,64.22128295898438,82.12000274658203,83.08999633789062,81.80999755859375,82.94000244140625,9987800,VNQ
2018-12-10,63.80678939819336,81.58999633789062,82.23999786376953,80.58000183105469,82.16999816894531,5804300,VNQ
2018-12-11,63.838077545166016,81.62999725341797,82.38999938964844,81.62999725341797,82.05999755859375,5108800,VNQ
2018-12-12,62.852718353271484,80.37000274658203,82.25,80.26000213623047,82.12000274658203,6943900,VNQ
2018-12-13,63.2159538269043,79.87999725341797,80.5,79.44999694824219,79.5199966430664,6131600,VNQ
2018-12-14,63.03394317626953,79.6500015258789,80.01000213623047,79.23999786376953,79.58000183105469,10390400,VNQ
2018-12-17,60.65975570678711,76.6500015258789,79.98999786376953,76.47000122070312,79.73999786376953,20329300,VNQ
2018-12-18,61.28496170043945,77.44000244140625,77.95999908447266,77.06999969482422,77.48999786376953,9575700,VNQ
2018-12-19,60.61228561401367,76.58999633789062,78.0,76.27999877929688,77.45999908447266,10760000,VNQ
2018-12-20,59.70219421386719,75.44000244140625,76.72000122070312,74.88999938964844,76.48999786376953,13284100,VNQ
2018-12-21,58.871238708496094,74.38999938964844,77.0199966430664,74.31999969482422,75.61000061035156,16609300,VNQ
2018-12-24,56.774070739746094,71.73999786376953,74.33000183105469,71.68000030517578,74.08000183105469,9335800,VNQ
2018-12-26,58.67338562011719,74.13999938964844,74.13999938964844,71.08000183105469,71.88999938964844,16977000,VNQ
2018-12-27,58.665462493896484,74.12999725341797,74.20999908447266,72.0199966430664,73.58999633789062,12102300,VNQ
2018-12-28,58.855411529541016,74.37000274658203,75.18000030517578,73.80000305175781,74.91000366210938,12729300,VNQ
2018-12-31,59.01369857788086,74.56999969482422,74.72000122070312,73.30000305175781,74.30999755859375,15750600,VNQ
2019-01-02,57.731624603271484,72.94999694824219,73.69999694824219,72.52999877929688,73.55999755859375,12880400,VNQ
2019-01-03,58.13523483276367,73.45999908447266,74.56999969482422,72.70999908447266,72.7699966430664,12264300,VNQ
2019-01-04,58.81583786010742,74.31999969482422,75.0199966430664,73.30000305175781,73.73999786376953,9389000,VNQ
2019-01-07,59.393550872802734,75.05000305175781,75.61000061035156,74.4000015258789,74.5999984741211,9227900,VNQ
2019-01-08,60.620201110839844,76.5999984741211,76.79000091552734,75.33000183105469,75.52999877929688,10761000,VNQ
2019-01-09,60.53315734863281,76.48999786376953,76.87000274658203,75.76000213623047,76.77999877929688,6434200,VNQ
2019-01-10,61.3561897277832,77.52999877929688,77.75,76.08000183105469,76.25,8671800,VNQ
2019-01-11,61.530296325683594,77.75,77.83000183105469,77.0999984741211,77.45999908447266,5141900,VNQ
2019-01-14,61.32453536987305,77.48999786376953,77.94000244140625,77.18000030517578,77.5,4934500,VNQ
2019-01-15,61.91017150878906,78.2300033569336,78.41999816894531,77.56999969482422,77.5999984741211,5377200,VNQ
2019-01-16,62.34542465209961,78.77999877929688,79.05999755859375,78.0999984741211,78.20999908447266,6164000,VNQ
2019-01-17,62.64615249633789,79.16000366210938,79.19999694824219,78.47000122070312,78.62999725341797,4327000,VNQ
2019-01-18,62.859825134277344,79.43000030517578,79.5,78.81999969482422,79.48999786376953,6397100,VNQ
2019-01-22,62.669891357421875,79.19000244140625,79.54000091552734,78.58000183105469,79.26000213623047,6062600,VNQ
2019-01-23,62.677791595458984,79.19999694824219,79.4000015258789,78.68000030517578,79.33000183105469,3972000,VNQ
2019-01-24,62.8914794921875,79.47000122070312,79.6500015258789,78.69000244140625,78.97000122070312,4142500,VNQ
2019-01-25,63.674949645996094,80.45999908447266,80.5199966430664,79.58999633789062,79.73999786376953,5713400,VNQ
2019-01-28,64.30016326904297,81.25,81.33000183105469,80.05999755859375,80.30999755859375,5471200,VNQ
2019-01-29,64.80663299560547,81.88999938964844,81.93000030517578,80.97000122070312,81.12999725341797,4832200,VNQ
2019-01-30,65.32897186279297,82.55000305175781,82.8499984741211,81.83000183105469,81.91999816894531,6635900,VNQ
2019-01-31,66.0095443725586,83.41000366210938,83.47000122070312,81.77999877929688,82.44999694824219,13041700,VNQ
2019-02-01,65.59009552001953,82.87999725341797,83.75,81.72000122070312,83.48999786376953,16142500,VNQ
2019-02-04,66.08076477050781,83.5,83.5,82.19999694824219,82.86000061035156,13612800,VNQ
2019-02-05,66.46062469482422,83.9800033569336,84.02999877929688,83.05999755859375,83.58000183105469,10279100,VNQ
2019-02-06,66.02538299560547,83.43000030517578,83.88999938964844,83.16000366210938,83.66999816894531,8419900,VNQ
2019-02-07,66.57142639160156,84.12000274658203,84.22000122070312,82.91000366210938,83.18000030517578,8823200,VNQ
2019-02-08,66.57142639160156,84.12000274658203,84.44999694824219,83.6500015258789,83.80000305175781,6853900,VNQ
2019-02-11,66.7534408569336,84.3499984741211,84.51000213623047,83.95999908447266,84.25,4999200,VNQ
2019-02-12,66.33401489257812,83.81999969482422,84.55000305175781,83.51000213623047,84.55000305175781,8588900,VNQ
2019-02-13,66.67430877685547,84.25,84.33000183105469,83.5199966430664,83.83000183105469,5697000,VNQ
2019-02-14,66.88799285888672,84.5199966430664,84.83999633789062,83.98999786376953,84.37999725341797,6928100,VNQ
2019-02-15,67.33905792236328,85.08999633789062,85.0999984741211,84.54000091552734,84.73999786376953,4998600,VNQ
2019-02-19,67.3232421875,85.06999969482422,85.2699966430664,84.75,84.91000366210938,5981200,VNQ
2019-02-20,66.90380859375,84.54000091552734,85.01000213623047,83.9800033569336,85.01000213623047,7918900,VNQ
2019-02-21,66.96710968017578,84.62000274658203,84.69999694824219,83.77999877929688,84.05999755859375,4756900,VNQ
2019-02-22,67.36282348632812,85.12000274658203,85.44999694824219,84.5199966430664,84.79000091552734,4490300,VNQ
2019-02-25,66.83257293701172,84.44999694824219,85.36000061035156,84.37000274658203,85.29000091552734,4956800,VNQ
2019-02-26,66.62682342529297,84.19000244140625,84.79000091552734,84.05000305175781,84.56999969482422,4777100,VNQ
2019-02-27,66.29443359375,83.7699966430664,84.12999725341797,83.1500015258789,83.91000366210938,8116400,VNQ
2019-02-28,66.4685287475586,83.98999786376953,84.91999816894531,83.5199966430664,83.83000183105469,6547100,VNQ
2019-03-01,66.26278686523438,83.7300033569336,84.23999786376953,82.81999969482422,83.94000244140625,10635700,VNQ
2019-03-04,66.56352996826172,84.11000061035156,84.19999694824219,83.18000030517578,84.12000274658203,7103600,VNQ
2019-03-05,66.74551391601562,84.33999633789062,84.70999908447266,83.9000015258789,84.06999969482422,9077500,VNQ
2019-03-06,66.43689727783203,83.94999694824219,84.5999984741211,83.8499984741211,84.41999816894531,5370800,VNQ
2019-03-07,66.29443359375,83.7699966430664,84.55000305175781,83.55000305175781,84.16000366210938,8328500,VNQ
2019-03-08,66.36566925048828,83.86000061035156,84.16000366210938,83.48999786376953,83.62999725341797,9264800,VNQ
2019-03-11,67.33905792236328,85.08999633789062,85.1500015258789,84.01000213623047,84.1500015258789,4679300,VNQ
2019-03-12,67.64771270751953,85.4800033569336,85.69000244140625,85.11000061035156,85.19999694824219,6072500,VNQ
2019-03-13,67.98009490966797,85.9000015258789,86.12999725341797,85.58000183105469,85.58000183105469,4282900,VNQ
2019-03-14,68.08297729492188,86.02999877929688,86.05000305175781,85.62000274658203,85.95999908447266,4303200,VNQ
2019-03-15,67.86931610107422,85.76000213623047,86.19000244140625,85.61000061035156,86.12000274658203,4742200,VNQ
2019-03-18,67.52897644042969,85.33000183105469,86.02999877929688,84.91999816894531,85.80000305175781,4125300,VNQ
2019-03-19,67.3232421875,85.06999969482422,85.51000213623047,84.80999755859375,85.37999725341797,6169200,VNQ
2019-03-20,67.52897644042969,85.33000183105469,85.86000061035156,84.44000244140625,85.05000305175781,6499300,VNQ
2019-03-21,68.7319107055664,86.8499984741211,86.88999938964844,85.19999694824219,85.20999908447266,6948200,VNQ
2019-03-22,68.23332214355469,86.22000122070312,87.41999816894531,86.19999694824219,86.93000030517578,8769700,VNQ
2019-03-25,68.32040405273438,86.33000183105469,86.61000061035156,85.75,86.25,6324300,VNQ
2019-03-26,68.866455078125,87.0199966430664,87.05999755859375,86.43000030517578,86.5199966430664,8576400,VNQ
2019-03-27,68.6686019897461,86.7699966430664,87.29000091552734,86.22000122070312,87.13999938964844,7252600,VNQ
2019-03-28,69.33494567871094,86.98999786376953,87.02999877929688,86.0999984741211,86.3499984741211,5600000,VNQ
2019-03-29,69.27117919921875,86.91000366210938,87.16000366210938,86.56999969482422,87.06999969482422,13743500,VNQ
2019-04-01,69.23131561279297,86.86000061035156,87.02999877929688,85.91000366210938,87.0,8528500,VNQ
2019-04-02,69.7175064086914,87.47000122070312,87.55000305175781,86.22000122070312,86.9800033569336,10358100,VNQ
2019-04-03,69.63780975341797,87.37000274658203,87.73999786376953,86.77999877929688,87.47000122070312,5004200,VNQ
2019-04-04,69.52623748779297,87.2300033569336,87.5,86.80000305175781,87.43000030517578,4249100,VNQ
2019-04-05,70.01241302490234,87.83999633789062,87.88999938964844,87.0999984741211,87.23999786376953,4827100,VNQ
2019-04-08,69.62186431884766,87.3499984741211,87.83000183105469,87.06999969482422,87.7699966430664,4575500,VNQ
2019-04-09,69.2552261352539,86.88999938964844,87.4800033569336,86.73999786376953,87.3499984741211,3507600,VNQ
2019-04-10,69.89285278320312,87.69000244140625,87.7699966430664,87.0199966430664,87.19999694824219,4264500,VNQ
2019-04-11,69.84504699707031,87.62999725341797,88.08999633789062,87.27999877929688,87.77999877929688,2925600,VNQ
2019-04-12,70.17977142333984,88.05000305175781,88.08000183105469,86.97000122070312,87.58999633789062,4148900,VNQ
2019-04-15,69.82112121582031,87.5999984741211,88.13999938964844,87.37000274658203,88.0999984741211,3468900,VNQ
2019-04-16,68.24296569824219,85.62000274658203,87.66000366210938,85.27999877929688,87.62000274658203,7256100,VNQ
2019-04-17,67.62128448486328,84.83999633789062,86.02999877929688,84.55999755859375,85.91000366210938,6121300,VNQ
2019-04-18,68.13935852050781,85.48999786376953,85.66999816894531,84.58000183105469,85.11000061035156,4827400,VNQ
2019-04-22,67.39015197753906,84.55000305175781,85.69000244140625,83.77999877929688,85.38999938964844,5012000,VNQ
2019-04-23,68.28282928466797,85.66999816894531,85.79000091552734,84.5199966430664,84.91999816894531,4692300,VNQ
2019-04-24,68.78498840332031,86.30000305175781,86.55999755859375,85.66000366210938,85.97000122070312,4853800,VNQ
2019-04-25,68.6415023803711,86.12000274658203,86.3499984741211,85.47000122070312,86.08000183105469,3732500,VNQ
2019-04-26,69.1834945678711,86.80000305175781,86.87000274658203,86.12999725341797,86.27999877929688,3109400,VNQ
2019-04-29,68.50598907470703,85.94999694824219,86.97000122070312,85.8499984741211,86.70999908447266,4280600,VNQ
2019-04-30,69.1595687866211,86.7699966430664,86.94999694824219,85.4800033569336,86.0199966430664,5541400,VNQ
2019-05-01,69.21537780761719,86.83999633789062,87.83000183105469,86.72000122070312,86.7699966430664,7675800,VNQ
2019-05-02,69.28710174560547,86.93000030517578,87.77999877929688,86.66999816894531,86.87999725341797,5675900,VNQ
2019-05-03,69.87690734863281,87.66999816894531,87.79000091552734,86.93000030517578,87.23999786376953,4678400,VNQ
2019-05-06,69.65373229980469,87.38999938964844,87.66999816894531,86.87000274658203,87.25,4836000,VNQ
2019-05-07,68.3944320678711,85.80999755859375,87.27999877929688,85.20999908447266,87.27999877929688,7037100,VNQ
2019-05-08,68.32268524169922,85.72000122070312,86.58000183105469,85.66999816894531,85.87999725341797,5976800,VNQ
2019-05-09,68.49803161621094,85.94000244140625,86.11000061035156,84.95999908447266,85.56999969482422,4005000,VNQ
2019-05-10,69.23131561279297,86.86000061035156,87.08000183105469,85.70999908447266,85.87999725341797,4269000,VNQ
2019-05-13,69.1595687866211,86.7699966430664,86.9000015258789,86.08000183105469,86.31999969482422,5794100,VNQ
2019-05-14,69.41462707519531,87.08999633789062,87.37000274658203,86.73999786376953,86.94999694824219,4740500,VNQ
2019-05-15,69.88489532470703,87.68000030517578,87.88999938964844,86.72000122070312,87.01000213623047,3410600,VNQ
2019-05-16,70.16384887695312,88.02999877929688,88.41999816894531,87.44999694824219,87.6500015258789,4008500,VNQ
2019-05-17,70.02836608886719,87.86000061035156,88.06999969482422,87.41000366210938,87.7300033569336,5346600,VNQ
2019-05-20,69.01610565185547,86.58999633789062,87.69000244140625,86.23999786376953,87.41999816894531,4221100,VNQ
2019-05-21,69.60591888427734,87.33000183105469,87.55000305175781,86.75,86.87000274658203,2930100,VNQ
2019-05-22,69.81315612792969,87.58999633789062,87.6500015258789,87.16000366210938,87.41999816894531,2825100,VNQ
2019-05-23,69.97258758544922,87.79000091552734,87.87000274658203,87.08999633789062,87.37999725341797,3304500,VNQ
2019-05-24,70.18775939941406,88.05999755859375,88.47000122070312,87.98999786376953,88.0199966430664,3121800,VNQ
2019-05-28,69.49435424804688,87.19000244140625,88.58999633789062,87.13999938964844,88.33000183105469,4614500,VNQ
2019-05-29,68.56977844238281,86.02999877929688,87.20999908447266,85.70999908447266,87.05999755859375,8170000,VNQ
2019-05-30,68.85670471191406,86.38999938964844,86.77999877929688,86.02999877929688,86.12000274658203,3984100,VNQ
2019-05-31,69.2552261352539,86.88999938964844,87.37000274658203,85.88999938964844,86.16000366210938,5369200,VNQ
2019-06-03,69.422607421875,87.0999984741211,87.38999938964844,86.4800033569336,87.19999694824219,6347800,VNQ
2019-06-04,69.11177062988281,86.70999908447266,87.25,85.94999694824219,87.25,6993200,VNQ
2019-06-05,70.55439758300781,88.5199966430664,88.62000274658203,86.98999786376953,87.20999908447266,6775400,VNQ
2019-06-06,70.6899185180664,88.69000244140625,88.88999938964844,88.05000305175781,88.80000305175781,4077200,VNQ
2019-06-07,70.95292663574219,89.0199966430664,89.56999969482422,88.91999816894531,89.12999725341797,3525700,VNQ
2019-06-10,70.7218017578125,88.7300033569336,89.29000091552734,88.4000015258789,89.19000244140625,2945500,VNQ
2019-06-11,70.9130630493164,88.97000122070312,89.19000244140625,88.30999755859375,88.98999786376953,3834000,VNQ
2019-06-12,71.15216827392578,89.2699966430664,89.56999969482422,88.9000015258789,89.04000091552734,2768500,VNQ
2019-06-13,71.45506286621094,89.6500015258789,89.6500015258789,89.0999984741211,89.3499984741211,2799400,VNQ
2019-06-14,71.49491119384766,89.69999694824219,90.12000274658203,89.55000305175781,89.5999984741211,2981700,VNQ
2019-06-17,72.26008605957031,90.66000366210938,90.77999877929688,89.94000244140625,89.94000244140625,3574900,VNQ
2019-06-18,72.18833923339844,90.56999969482422,91.58999633789062,90.16000366210938,91.33000183105469,4449200,VNQ
2019-06-19,72.57889556884766,91.05999755859375,91.36000061035156,90.01000213623047,90.41999816894531,3694600,VNQ
2019-06-20,72.94554901123047,91.5199966430664,91.8499984741211,91.38999938964844,91.55999755859375,4862000,VNQ
2019-06-21,71.91735076904297,90.2300033569336,91.2699966430664,90.04000091552734,91.0,7941700,VNQ
2019-06-24,71.6702651977539,89.91999816894531,90.91000366210938,89.6500015258789,90.62999725341797,3773600,VNQ
2019-06-25,70.61019897460938,88.58999633789062,90.16999816894531,88.58999633789062,89.94000244140625,5381300,VNQ
2019-06-26,69.19943237304688,86.81999969482422,88.72000122070312,86.61000061035156,88.62999725341797,12897000,VNQ
2019-06-27,70.09025573730469,87.0999984741211,87.16000366210938,86.37000274658203,86.52999877929688,6924500,VNQ
2019-06-28,70.33167266845703,87.4000015258789,87.95999908447266,87.13999938964844,87.20999908447266,9638200,VNQ
2019-07-01,70.29946899414062,87.36000061035156,87.9800033569336,86.33000183105469,87.9800033569336,9746000,VNQ
2019-07-02,71.52262878417969,88.87999725341797,88.87999725341797,87.44000244140625,87.44000244140625,7633700,VNQ
2019-07-03,72.3756103515625,89.94000244140625,90.01000213623047,88.94999694824219,89.0199966430664,5418000,VNQ
2019-07-05,72.11811065673828,89.62000274658203,89.91000366210938,88.22000122070312,89.30999755859375,5375100,VNQ
2019-07-08,72.3756103515625,89.94000244140625,90.08999633789062,89.38999938964844,89.52999877929688,4509700,VNQ
2019-07-09,72.61702728271484,90.23999786376953,90.38999938964844,89.51000213623047,89.75,4906800,VNQ
2019-07-10,73.03549194335938,90.76000213623047,91.0,90.1500015258789,90.62000274658203,6833700,VNQ
2019-07-11,72.0859146118164,89.58000183105469,90.7699966430664,89.23999786376953,90.7699966430664,4020600,VNQ
2019-07-12,71.98936462402344,89.45999908447266,89.7699966430664,89.06999969482422,89.6500015258789,2948600,VNQ
2019-07-15,71.93303680419922,89.38999938964844,89.9800033569336,89.30000305175781,89.58000183105469,3185700,VNQ
2019-07-16,71.76403045654297,89.18000030517578,89.56999969482422,88.80999755859375,89.2699966430664,3611600,VNQ
2019-07-17,71.52262878417969,88.87999725341797,89.69000244140625,88.36000061035156,89.41000366210938,6422000,VNQ
2019-07-18,71.52262878417969,88.87999725341797,89.12000274658203,88.16999816894531,88.6500015258789,7048200,VNQ
2019-07-19,70.35578918457031,87.43000030517578,89.02999877929688,87.30999755859375,88.97000122070312,5064600,VNQ
2019-07-22,70.29142761230469,87.3499984741211,87.69000244140625,87.0199966430664,87.52999877929688,3265200,VNQ
2019-07-23,71.08808898925781,88.33999633789062,88.33999633789062,87.29000091552734,87.55999755859375,4239800,VNQ
2019-07-24,71.1444091796875,88.41000366210938,88.5,87.9000015258789,88.44999694824219,2946100,VNQ
2019-07-25,70.72596740722656,87.88999938964844,88.44000244140625,87.58000183105469,88.37999725341797,5629200,VNQ
2019-07-26,71.0478515625,88.29000091552734,88.44000244140625,87.62999725341797,88.01000213623047,3111900,VNQ
2019-07-29,71.24098205566406,88.52999877929688,89.13999938964844,88.37999725341797,88.44000244140625,4898200,VNQ
2019-07-30,71.81233215332031,89.23999786376953,89.55999755859375,88.44999694824219,88.47000122070312,3818100,VNQ
2019-07-31,71.53067779541016,88.88999938964844,89.9800033569336,88.37999725341797,89.33999633789062,5979800,VNQ
2019-08-01,71.53067779541016,88.88999938964844,89.72000122070312,88.3499984741211,89.01000213623047,8371300,VNQ
2019-08-02,71.876708984375,89.31999969482422,89.79000091552734,88.66999816894531,88.81999969482422,4794000,VNQ
2019-08-05,70.46041870117188,87.55999755859375,89.1500015258789,86.44999694824219,89.0999984741211,6840000,VNQ
2019-08-06,71.24098205566406,88.52999877929688,89.0199966430664,87.54000091552734,87.76000213623047,7789000,VNQ
2019-08-07,71.93303680419922,89.38999938964844,89.98999786376953,87.36000061035156,88.19999694824219,8674600,VNQ
2019-08-08,73.1964340209961,90.95999908447266,90.95999908447266,88.9800033569336,89.58999633789062,5766700,VNQ
2019-08-09,73.10791015625,90.8499984741211,91.1500015258789,90.0,90.80000305175781,3304800,VNQ
2019-08-12,72.91477966308594,90.61000061035156,90.9800033569336,90.13999938964844,90.73999786376953,2944000,VNQ
2019-08-13,73.0193862915039,90.73999786376953,91.0199966430664,90.01000213623047,90.55999755859375,4540200,VNQ
2019-08-14,71.90888977050781,89.36000061035156,90.4800033569336,89.1500015258789,90.33999633789062,4645100,VNQ
2019-08-15,72.62508392333984,90.25,90.44000244140625,89.38999938964844,89.48999786376953,4582900,VNQ
2019-08-16,73.37346649169922,91.18000030517578,91.3499984741211,90.25,90.45999908447266,3951100,VNQ
2019-08-19,73.9045639038086,91.83999633789062,92.05000305175781,91.16999816894531,91.56999969482422,3255600,VNQ
2019-08-20,73.38153076171875,91.19000244140625,92.20999908447266,91.12000274658203,92.13999938964844,2556300,VNQ
2019-08-21,73.68730926513672,91.56999969482422,91.76000213623047,91.08000183105469,91.44000244140625,2739400,VNQ
2019-08-22,74.02528381347656,91.98999786376953,92.05999755859375,91.05000305175781,91.55999755859375,2587300,VNQ
2019-08-23,72.98721313476562,90.69999694824219,92.55000305175781,90.4000015258789,91.91000366210938,5776500,VNQ
2019-08-26,73.55050659179688,91.4000015258789,91.4800033569336,90.7699966430664,91.19999694824219,2736200,VNQ
2019-08-27,73.34125518798828,91.13999938964844,92.12999725341797,91.06999969482422,91.9000015258789,3252300,VNQ
2019-08-28,73.58268737792969,91.44000244140625,91.58000183105469,90.91000366210938,91.12999725341797,3498600,VNQ
2019-08-29,74.1540298461914,92.1500015258789,92.25,91.63999938964844,91.8499984741211,2688000,VNQ
2019-08-30,74.21038818359375,92.22000122070312,92.51000213623047,91.80999755859375,92.41000366210938,5678300,VNQ
2019-09-03,74.95069122314453,93.13999938964844,93.23999786376953,92.0,92.19999694824219,5927900,VNQ
2019-09-04,75.57838439941406,93.91999816894531,94.06999969482422,93.44000244140625,93.5999984741211,4757100,VNQ
2019-09-05,75.03117370605469,93.23999786376953,94.01000213623047,93.06999969482422,94.01000213623047,6036600,VNQ
2019-09-06,75.20015716552734,93.44999694824219,93.79000091552734,93.22000122070312,93.51000213623047,2986400,VNQ
2019-09-09,74.83804321289062,93.0,93.45999908447266,92.75,93.44999694824219,3772100,VNQ
2019-09-10,74.06550598144531,92.04000091552734,92.68000030517578,91.23999786376953,92.66000366210938,5379400,VNQ
2019-09-11,74.1459732055664,92.13999938964844,92.29000091552734,91.41999816894531,91.91999816894531,3972200,VNQ
2019-09-12,74.54029846191406,92.62999725341797,93.16999816894531,92.08999633789062,92.8499984741211,3486100,VNQ
2019-09-13,73.74364471435547,91.63999938964844,92.98999786376953,91.36000061035156,92.5199966430664,6109300,VNQ
2019-09-16,74.38739013671875,92.44000244140625,92.58999633789062,91.48999786376953,91.80000305175781,4688300,VNQ
2019-09-17,75.19212341308594,93.44000244140625,93.4800033569336,92.61000061035156,92.8499984741211,3674800,VNQ
2019-09-18,74.93461608886719,93.12000274658203,93.97000122070312,92.33999633789062,93.97000122070312,5655000,VNQ
2019-09-19,75.20015716552734,93.44999694824219,93.8499984741211,93.22000122070312,93.31999969482422,2892800,VNQ
2019-09-20,75.20015716552734,93.44999694824219,93.94000244140625,93.18000030517578,93.66000366210938,6900400,VNQ
2019-09-23,75.32087707519531,93.5999984741211,94.0,93.2300033569336,93.26000213623047,3515200,VNQ
2019-09-24,75.15377807617188,92.6500015258789,93.33000183105469,92.33999633789062,93.11000061035156,3705600,VNQ
2019-09-25,75.29977416992188,92.83000183105469,93.05000305175781,92.41000366210938,92.6500015258789,7088700,VNQ
2019-09-26,75.93247985839844,93.61000061035156,93.83000183105469,93.0,93.11000061035156,2984700,VNQ
2019-09-27,75.51066589355469,93.08999633789062,93.91000366210938,92.44000244140625,93.80999755859375,4090300,VNQ
2019-09-30,75.64044952392578,93.25,93.72000122070312,93.11000061035156,93.19000244140625,3189800,VNQ
2019-10-01,74.9266128540039,92.37000274658203,93.4800033569336,92.22000122070312,93.19999694824219,5226300,VNQ
2019-10-02,74.61029815673828,91.9800033569336,92.44999694824219,91.38999938964844,92.37999725341797,3384300,VNQ
2019-10-03,75.33222961425781,92.87000274658203,93.12000274658203,91.75,91.93000030517578,6634500,VNQ
2019-10-04,75.7864761352539,93.43000030517578,93.47000122070312,92.9800033569336,93.05000305175781,2189400,VNQ
2019-10-07,75.62423706054688,93.2300033569336,93.69000244140625,92.8499984741211,93.0,3667600,VNQ
2019-10-08,75.22676849365234,92.73999786376953,93.5,92.29000091552734,93.12000274658203,3108100,VNQ
2019-10-09,75.37275695800781,92.91999816894531,93.66999816894531,92.80000305175781,93.66999816894531,4166000,VNQ
2019-10-10,75.49444580078125,93.06999969482422,93.25,92.55000305175781,92.87999725341797,3719700,VNQ
2019-10-11,75.46199798583984,93.02999877929688,93.77999877929688,92.9800033569336,93.41000366210938,3376300,VNQ
2019-10-14,75.49444580078125,93.06999969482422,93.29000091552734,92.72000122070312,93.13999938964844,1877600,VNQ
2019-10-15,75.59178161621094,93.19000244140625,93.29000091552734,92.55999755859375,93.1500015258789,3218500,VNQ
2019-10-16,75.59990692138672,93.19999694824219,93.22000122070312,92.62000274658203,93.13999938964844,3413900,VNQ
2019-10-17,76.09471893310547,93.80999755859375,93.95999908447266,93.25,93.38999938964844,3223100,VNQ
2019-10-18,76.67874145507812,94.52999877929688,94.66999816894531,93.69000244140625,93.7300033569336,2492100,VNQ
2019-10-21,77.26277160644531,95.25,95.29000091552734,94.41000366210938,94.6500015258789,2591900,VNQ
2019-10-22,77.03564453125,94.97000122070312,95.48999786376953,94.79000091552734,95.45999908447266,2644200,VNQ
2019-10-23,77.20598602294922,95.18000030517578,95.2699966430664,94.43000030517578,95.11000061035156,3020200,VNQ
2019-10-24,77.01131439208984,94.94000244140625,95.37000274658203,94.70999908447266,95.37000274658203,3148800,VNQ
2019-10-25,76.35427856445312,94.12999725341797,94.98999786376953,93.94999694824219,94.87999725341797,4184600,VNQ
2019-10-28,75.89191436767578,93.55999755859375,94.12999725341797,93.44999694824219,94.12999725341797,4897400,VNQ
2019-10-29,76.35427856445312,94.12999725341797,94.38999938964844,93.5999984741211,93.72000122070312,5512200,VNQ
2019-10-30,76.63008117675781,94.47000122070312,94.52999877929688,93.47000122070312,94.0199966430664,3861400,VNQ
2019-10-31,76.4921646118164,94.30000305175781,94.76000213623047,93.94999694824219,94.66999816894531,4723500,VNQ
2019-11-01,76.4759521484375,94.27999877929688,94.79000091552734,93.44999694824219,94.41000366210938,6520400,VNQ
2019-11-04,75.94059753417969,93.62000274658203,94.27999877929688,93.41999816894531,94.25,3878100,VNQ
2019-11-05,74.65084838867188,92.02999877929688,93.3499984741211,91.66999816894531,93.3499984741211,9141700,VNQ
2019-11-06,74.81306457519531,92.2300033569336,92.66999816894531,92.0199966430664,92.22000122070312,4500400,VNQ
2019-11-07,74.06681823730469,91.30999755859375,92.08000183105469,90.9800033569336,91.9800033569336,4945300,VNQ
2019-11-08,73.88837432861328,91.08999633789062,91.69999694824219,90.91000366210938,91.20999908447266,7330200,VNQ
2019-11-11,74.05060577392578,91.29000091552734,91.58000183105469,91.0,91.0999984741211,3525200,VNQ
2019-11-12,73.49089813232422,90.5999984741211,91.87999725341797,90.5199966430664,91.31999969482422,5701600,VNQ
2019-11-13,74.16414642333984,91.43000030517578,91.58999633789062,90.6500015258789,90.69999694824219,4316000,VNQ
2019-11-14,74.74006652832031,92.13999938964844,92.16000366210938,91.5,91.5999984741211,5136200,VNQ
2019-11-15,75.14566040039062,92.63999938964844,92.66999816894531,92.05000305175781,92.29000091552734,2785200,VNQ
2019-11-18,75.51066589355469,93.08999633789062,93.5,92.70999908447266,92.7699966430664,3251900,VNQ
2019-11-19,75.64044952392578,93.25,93.5199966430664,93.0,93.33999633789062,4065100,VNQ
2019-11-20,75.59990692138672,93.19999694824219,93.4800033569336,92.79000091552734,93.31999969482422,5698800,VNQ
2019-11-21,74.53730010986328,91.88999938964844,93.01000213623047,91.86000061035156,92.94999694824219,5002900,VNQ
2019-11-22,74.26148223876953,91.55000305175781,92.12999725341797,91.05000305175781,92.05999755859375,5112000,VNQ
2019-11-25,74.49671936035156,91.83999633789062,92.37000274658203,91.73999786376953,91.73999786376953,5183500,VNQ
2019-11-26,75.48633575439453,93.05999755859375,93.11000061035156,91.94999694824219,92.04000091552734,4858500,VNQ
2019-11-27,75.84324645996094,93.5,93.55000305175781,92.77999877929688,93.05999755859375,4121600,VNQ
2019-11-29,75.49444580078125,93.06999969482422,93.8499984741211,93.02999877929688,93.5,3531100,VNQ
2019-12-02,74.35072326660156,91.66000366210938,93.0199966430664,91.61000061035156,92.69999694824219,9430800,VNQ
2019-12-03,74.82931518554688,92.25,92.37000274658203,91.54000091552734,91.62000274658203,4762900,VNQ
2019-12-04,75.13754272460938,92.62999725341797,92.97000122070312,91.97000122070312,92.06999969482422,4129800,VNQ
2019-12-05,75.17808532714844,92.68000030517578,92.72000122070312,92.16000366210938,92.61000061035156,4846800,VNQ
2019-12-06,75.33222961425781,92.87000274658203,93.37000274658203,92.6500015258789,92.6500015258789,4486000,VNQ
2019-12-09,75.47824096679688,93.05000305175781,93.22000122070312,92.61000061035156,93.0,3961000,VNQ
2019-12-10,75.04019927978516,92.51000213623047,93.27999877929688,92.30000305175781,93.08000183105469,5227100,VNQ
2019-12-11,74.27771759033203,91.56999969482422,92.61000061035156,91.29000091552734,92.58000183105469,5112100,VNQ
2019-12-12,73.2718734741211,90.33000183105469,91.91000366210938,90.19999694824219,91.58000183105469,7923900,VNQ
2019-12-13,73.2881088256836,90.3499984741211,90.80000305175781,89.68000030517578,90.37000274658203,6814200,VNQ
2019-12-16,73.81535339355469,91.0,91.19999694824219,89.9800033569336,90.61000061035156,5185200,VNQ
2019-12-17,73.11775970458984,90.13999938964844,91.31999969482422,89.98999786376953,91.27999877929688,9649900,VNQ
2019-12-18,74.0089340209961,90.2699966430664,90.5199966430664,89.22000122070312,89.22000122070312,6340700,VNQ
2019-12-19,74.66484832763672,91.06999969482422,91.12000274658203,90.12999725341797,90.2300033569336,6117400,VNQ
2019-12-20,75.07477569580078,91.56999969482422,91.97000122070312,91.25,91.31999969482422,9514600,VNQ
2019-12-23,74.69763946533203,91.11000061035156,92.05000305175781,91.0199966430664,92.05000305175781,5369100,VNQ
2019-12-24,74.8944091796875,91.3499984741211,91.51000213623047,91.0,91.33000183105469,1962000,VNQ
2019-12-26,75.22232818603516,91.75,91.7699966430664,91.29000091552734,91.41999816894531,2243900,VNQ
2019-12-27,75.4601058959961,92.04000091552734,92.18000030517578,91.69999694824219,91.95999908447266,4195900,VNQ
2019-12-30,75.53388977050781,92.12999725341797,92.20999908447266,91.62000274658203,91.88999938964844,3466500,VNQ
2019-12-31,76.07500457763672,92.79000091552734,92.83000183105469,92.0,92.08999633789062,4649500,VNQ
2020-01-02,75.18134307861328,91.69999694824219,93.23999786376953,91.0999984741211,93.19000244140625,5106600,VNQ
2020-01-03,75.6486587524414,92.2699966430664,92.45999908447266,91.02999877929688,91.23999786376953,5015500,VNQ
2020-01-06,75.7388687133789,92.37999725341797,92.70999908447266,91.87000274658203,92.16999816894531,4889000,VNQ
2020-01-07,74.8944091796875,91.3499984741211,92.18000030517578,90.8499984741211,92.18000030517578,6529100,VNQ
2020-01-08,75.12396240234375,91.62999725341797,91.80999755859375,91.05999755859375,91.38999938964844,6766100,VNQ
2020-01-09,75.08297729492188,91.58000183105469,91.87000274658203,91.36000061035156,91.61000061035156,4213800,VNQ
2020-01-10,75.65686798095703,92.27999877929688,92.38999938964844,91.52999877929688,91.77999877929688,5838800,VNQ
2020-01-13,76.56690979003906,93.38999938964844,93.4000015258789,92.33999633789062,92.37000274658203,5552600,VNQ
2020-01-14,76.27996063232422,93.04000091552734,93.3499984741211,92.5199966430664,93.30000305175781,4120700,VNQ
2020-01-15,76.96864318847656,93.87999725341797,94.08000183105469,93.2699966430664,93.30999755859375,4471500,VNQ
2020-01-16,77.58354949951172,94.62999725341797,94.62999725341797,93.87000274658203,94.02999877929688,4426700,VNQ
2020-01-17,77.6573486328125,94.72000122070312,95.02999877929688,94.5199966430664,94.58000183105469,3581300,VNQ
2020-01-21,78.39521026611328,95.62000274658203,95.69000244140625,94.58999633789062,94.83999633789062,4217400,VNQ
2020-01-22,77.87049865722656,94.9800033569336,96.1500015258789,94.81999969482422,95.8499984741211,5024300,VNQ
2020-01-23,78.52639770507812,95.77999877929688,95.81999969482422,94.69000244140625,95.08999633789062,4825000,VNQ
2020-01-24,78.25582885742188,95.44999694824219,96.04000091552734,95.16000366210938,95.9000015258789,3518100,VNQ
2020-01-27,77.87870025634766,94.98999786376953,95.30999755859375,94.7300033569336,94.95999908447266,3047000,VNQ
2020-01-28,78.19025421142578,95.37000274658203,95.66999816894531,94.97000122070312,95.1500015258789,3006100,VNQ
2020-01-29,77.90328216552734,95.0199966430664,95.77999877929688,94.93000030517578,95.66000366210938,3785500,VNQ
2020-01-30,77.96067810058594,95.08999633789062,95.29000091552734,94.5999984741211,94.7699966430664,4142400,VNQ
2020-01-31,77.00965881347656,93.93000030517578,95.0999984741211,93.66999816894531,95.0,6370900,VNQ
2020-02-03,77.26380157470703,94.23999786376953,94.94999694824219,93.8499984741211,93.87999725341797,7508200,VNQ
2020-02-04,78.05907440185547,95.20999908447266,95.5999984741211,94.31999969482422,94.58000183105469,4422900,VNQ
2020-02-05,78.1082534790039,95.2699966430664,95.62999725341797,95.05000305175781,95.38999938964844,4413700,VNQ
2020-02-06,78.37059783935547,95.58999633789062,95.87000274658203,95.41000366210938,95.55000305175781,3327500,VNQ
2020-02-07,78.35420989990234,95.56999969482422,95.83000183105469,95.31999969482422,95.72000122070312,3176200,VNQ
2020-02-10,79.2314682006836,96.63999938964844,96.66000366210938,95.83999633789062,95.94999694824219,4457000,VNQ
2020-02-11,79.82997131347656,97.37000274658203,97.95999908447266,96.97000122070312,96.97000122070312,5362200,VNQ
2020-02-12,80.30548858642578,97.94999694824219,98.25,97.12999725341797,97.52999877929688,6298700,VNQ
2020-02-13,80.78923034667969,98.54000091552734,98.7300033569336,97.75,97.93000030517578,3683500,VNQ
2020-02-14,81.62545776367188,99.55999755859375,99.58000183105469,98.63999938964844,98.7699966430664,3004800,VNQ
2020-02-18,81.5352783203125,99.44999694824219,99.69000244140625,98.87999725341797,99.62000274658203,4186800,VNQ
2020-02-19,80.43666076660156,98.11000061035156,99.5,98.0999984741211,99.5,4415200,VNQ
2020-02-20,81.39591979980469,99.27999877929688,99.33000183105469,97.87000274658203,98.16000366210938,5556500,VNQ
2020-02-21,81.63365936279297,99.56999969482422,99.72000122070312,99.02999877929688,99.2699966430664,3670800,VNQ
2020-02-24,80.51866149902344,98.20999908447266,99.12999725341797,97.75,98.38999938964844,5214600,VNQ
2020-02-25,78.33781433105469,95.55000305175781,98.62000274658203,95.29000091552734,98.44000244140625,7378900,VNQ
2020-02-26,77.49335479736328,94.5199966430664,96.45999908447266,94.47000122070312,95.73999786376953,9407200,VNQ
2020-02-27,73.36944580078125,89.48999786376953,93.30000305175781,89.48999786376953,93.0999984741211,11869100,VNQ
2020-02-28,71.59854125976562,87.33000183105469,88.19999694824219,84.66000366210938,87.5,22471800,VNQ
2020-03-02,74.6566390991211,91.05999755859375,91.06999969482422,87.16000366210938,87.6500015258789,14250500,VNQ
2020-03-03,74.4844741821289,90.8499984741211,93.30999755859375,90.0999984741211,91.18000030517578,14654200,VNQ
2020-03-04,77.29659271240234,94.27999877929688,94.4000015258789,92.12999725341797,92.26000213623047,10638200,VNQ
2020-03-05,75.64047241210938,92.26000213623047,93.44000244140625,91.1500015258789,92.72000122070312,9803600,VNQ
2020-03-06,74.33687591552734,90.66999816894531,91.01000213623047,87.79000091552734,90.23999786376953,10302700,VNQ
2020-03-09,68.60606384277344,83.68000030517578,86.52999877929688,83.55999755859375,86.0,14017500,VNQ
2020-03-10,71.50459289550781,86.54000091552734,86.62000274658203,81.83000183105469,85.05000305175781,11782100,VNQ
2020-03-11,67.20801544189453,81.33999633789062,84.6500015258789,80.52999877929688,84.6500015258789,16447000,VNQ
2020-03-12,60.399627685546875,73.0999984741211,78.52999877929688,72.5999984741211,75.9000015258789,16761500,VNQ
2020-03-13,65.67118072509766,79.4800033569336,79.56999969482422,73.0199966430664,77.33000183105469,10968600,VNQ
2020-03-16,54.02915954589844,65.38999938964844,74.3499984741211,65.23999786376953,71.87999725341797,11396500,VNQ
2020-03-17,57.152442932128906,69.16999816894531,70.5,64.44000244140625,66.62999725341797,9100900,VNQ
2020-03-18,51.71564483642578,62.59000015258789,67.44000244140625,60.5,65.04000091552734,15714500,VNQ
2020-03-19,51.897422790527344,62.810001373291016,64.25,60.0,61.709999084472656,13090000,VNQ
2020-03-20,49.31122589111328,59.68000030517578,65.19999694824219,59.349998474121094,63.54999923706055,18838000,VNQ
2020-03-23,47.02248001098633,56.90999984741211,59.5,55.58000183105469,59.38999938964844,15558600,VNQ
2020-03-24,51.25293731689453,62.029998779296875,62.2599983215332,58.779998779296875,59.61000061035156,14401600,VNQ
2020-03-25,54.01264572143555,65.37000274658203,68.7699966430664,61.83000183105469,62.290000915527344,15209300,VNQ
2020-03-26,57.82171630859375,69.9800033569336,70.25,65.58000183105469,65.9800033569336,14486100,VNQ
2020-03-27,57.879539489746094,70.05000305175781,71.83000183105469,67.4000015258789,67.79000091552734,11521700,VNQ
2020-03-30,59.14373016357422,71.58000183105469,71.83000183105469,68.44000244140625,70.76000213623047,12754300,VNQ
2020-03-31,57.71428298950195,69.8499984741211,71.22000122070312,67.94999694824219,71.05999755859375,16815900,VNQ
2020-04-01,53.921756744384766,65.26000213623047,66.80000305175781,63.88999938964844,66.51000213623047,12174800,VNQ
2020-04-02,54.10353088378906,65.4800033569336,66.83999633789062,64.16999816894531,64.31999969482422,10916700,VNQ
2020-04-03,53.31859588623047,64.52999877929688,65.87999725341797,63.27000045776367,64.98999786376953,8986700,VNQ
2020-04-06,57.26810836791992,69.30999755859375,69.68000030517578,66.80999755859375,66.80999755859375,8382200,VNQ
2020-04-07,57.79690933227539,69.94999694824219,73.3499984741211,69.91999816894531,71.98999786376953,7675100,VNQ
2020-04-08,61.73817825317383,74.72000122070312,75.16000366210938,70.0999984741211,71.0,9628300,VNQ
2020-04-09,65.2002182006836,78.91000366210938,79.98999786376953,75.9800033569336,75.9800033569336,13840900,VNQ
2020-04-13,62.4570198059082,75.58999633789062,78.61000061035156,75.06999969482422,78.41000366210938,10139000,VNQ
2020-04-14,64.20870208740234,77.70999908447266,78.52999877929688,77.08999633789062,77.08999633789062,9400800,VNQ
2020-04-15,61.66381072998047,74.62999725341797,76.16999816894531,73.83000183105469,75.30999755859375,8568200,VNQ
2020-04-16,60.961509704589844,73.77999877929688,75.20999908447266,73.27999877929688,74.7699966430664,6252800,VNQ
2020-04-17,62.88669204711914,76.11000061035156,76.51000213623047,75.06999969482422,75.91999816894531,8593100,VNQ
2020-04-20,60.5483512878418,73.27999877929688,74.95999908447266,73.26000213623047,74.54000091552734,6631000,VNQ
2020-04-21,59.449440002441406,71.94999694824219,72.55000305175781,70.98999786376953,71.36000061035156,8620400,VNQ
2020-04-22,60.358333587646484,73.05000305175781,73.66000366210938,72.44999694824219,73.05999755859375,6484200,VNQ
2020-04-23,59.85429382324219,72.44000244140625,73.88999938964844,72.19000244140625,73.2699966430664,7648200,VNQ
2020-04-24,60.11044692993164,72.75,73.12000274658203,71.87000274658203,72.97000122070312,6419000,VNQ
2020-04-27,62.167823791503906,75.23999786376953,75.51000213623047,73.25,73.41000366210938,7669500,VNQ
2020-04-28,62.680118560791016,75.86000061035156,77.80000305175781,75.80000305175781,76.68000030517578,8177900,VNQ
2020-04-29,63.6220703125,77.0,78.05000305175781,76.68000030517578,77.5,7307000,VNQ
2020-04-30,62.88669204711914,76.11000061035156,76.36000061035156,74.80999755859375,75.87000274658203,8606000,VNQ
2020-05-01,60.76320266723633,73.54000091552734,74.37000274658203,72.76000213623047,74.08000183105469,6013600,VNQ
2020-05-04,60.465728759765625,73.18000030517578,73.23999786376953,71.56999969482422,72.66000366210938,7288000,VNQ
2020-05-05,60.76320266723633,73.54000091552734,74.66000366210938,73.43000030517578,73.9000015258789,7520300,VNQ
2020-05-06,59.67251205444336,72.22000122070312,74.1500015258789,72.19999694824219,73.79000091552734,6266800,VNQ
2020-05-07,60.52359390258789,73.25,74.30000305175781,72.8499984741211,72.9000015258789,6727300,VNQ
2020-05-08,61.96127700805664,74.98999786376953,75.23999786376953,74.06999969482422,74.22000122070312,6625600,VNQ
2020-05-11,61.06065368652344,73.9000015258789,75.08000183105469,73.5,74.12999725341797,6874900,VNQ
2020-05-12,58.28440856933594,70.54000091552734,74.22000122070312,70.4800033569336,74.22000122070312,11764700,VNQ
2020-05-13,56.87150192260742,68.83000183105469,70.36000061035156,68.51000213623047,70.02999877929688,8358600,VNQ
2020-05-14,57.06979751586914,69.06999969482422,69.06999969482422,66.2699966430664,67.87000274658203,8609800,VNQ
2020-05-15,56.84672546386719,68.80000305175781,68.83999633789062,67.58000183105469,68.62999725341797,11916700,VNQ
2020-05-18,60.2095832824707,72.87000274658203,73.43000030517578,71.01000213623047,71.01000213623047,8617200,VNQ
2020-05-19,59.39986038208008,71.88999938964844,72.94999694824219,71.88999938964844,72.58999633789062,5804700,VNQ
2020-05-20,59.92866897583008,72.52999877929688,72.83999633789062,72.01000213623047,72.79000091552734,5133700,VNQ
2020-05-21,59.978248596191406,72.58999633789062,73.08999633789062,71.9000015258789,72.20999908447266,5385100,VNQ
2020-05-22,60.78798294067383,73.56999969482422,73.62999725341797,72.27999877929688,72.58999633789062,4737900,VNQ
2020-05-26,63.0601806640625,76.31999969482422,76.72000122070312,75.55000305175781,75.76000213623047,6001000,VNQ
2020-05-27,64.31610107421875,77.83999633789062,78.2699966430664,75.97000122070312,78.0,5880500,VNQ
2020-05-28,64.621826171875,78.20999908447266,78.81999969482422,77.58000183105469,78.69000244140625,5642800,VNQ
2020-05-29,63.97735595703125,77.43000030517578,78.13999938964844,76.88999938964844,77.58000183105469,8989500,VNQ
2020-06-01,65.45636749267578,79.22000122070312,79.79000091552734,77.2699966430664,77.36000061035156,11218300,VNQ
2020-06-02,65.98514556884766,79.86000061035156,80.0999984741211,79.02999877929688,79.80999755859375,7162100,VNQ
2020-06-03,68.10038757324219,82.41999816894531,82.7699966430664,80.66999816894531,80.69000244140625,7485600,VNQ
2020-06-04,67.42284393310547,81.5999984741211,82.12000274658203,80.86000061035156,82.0199966430664,5503500,VNQ
2020-06-05,69.97599029541016,84.69000244140625,86.06999969482422,84.30000305175781,84.48999786376953,6158800,VNQ
2020-06-08,71.7111587524414,86.79000091552734,86.80000305175781,85.66999816894531,85.81999969482422,7130500,VNQ
2020-06-09,70.52132415771484,85.3499984741211,85.9000015258789,84.30000305175781,85.20999908447266,7168900,VNQ
2020-06-10,68.72834014892578,83.18000030517578,85.11000061035156,82.52999877929688,85.11000061035156,6433900,VNQ
2020-06-11,64.31610107421875,77.83999633789062,80.62999725341797,77.7300033569336,79.56999969482422,8611900,VNQ
2020-06-12,66.62137603759766,80.62999725341797,80.91999816894531,78.44000244140625,80.55000305175781,8871700,VNQ
2020-06-15,67.5633316040039,81.7699966430664,82.19000244140625,77.9800033569336,78.1500015258789,6138600,VNQ
2020-06-16,68.8935775756836,83.37999725341797,84.83999633789062,82.0199966430664,84.61000061035156,5811700,VNQ
2020-06-17,67.8938217163086,82.16999816894531,83.94999694824219,82.16000366210938,83.87000274658203,5041500,VNQ
2020-06-18,67.15019226074219,81.2699966430664,81.72000122070312,80.81999969482422,81.19000244140625,5005900,VNQ
2020-06-19,66.17520141601562,80.08999633789062,82.44999694824219,79.68000030517578,82.44999694824219,10402000,VNQ
2020-06-22,66.10909271240234,80.01000213623047,80.2300033569336,78.68000030517578,79.94000244140625,3995500,VNQ
2020-06-23,65.83643341064453,79.68000030517578,80.93000030517578,79.44000244140625,80.80000305175781,3958100,VNQ
2020-06-24,63.960838317871094,77.41000366210938,78.87999725341797,75.66000366210938,78.68000030517578,7034900,VNQ
2020-06-25,64.77774047851562,77.62999725341797,77.70999908447266,76.02999877929688,76.16999816894531,6626000,VNQ
2020-06-26,63.53441619873047,76.13999938964844,77.6500015258789,76.05000305175781,77.36000061035156,7277100,VNQ
2020-06-29,64.76106262207031,77.61000061035156,77.66999816894531,75.83999633789062,76.87999725341797,4687100,VNQ
2020-06-30,65.52876281738281,78.52999877929688,78.91000366210938,77.37999725341797,77.87000274658203,5212200,VNQ
2020-07-01,67.03907012939453,80.33999633789062,80.66000366210938,78.5999984741211,78.80000305175781,5023700,VNQ
2020-07-02,66.8471450805664,80.11000061035156,81.9000015258789,79.75,81.66999816894531,4588100,VNQ
2020-07-06,66.81378173828125,80.06999969482422,81.72000122070312,79.94000244140625,81.5999984741211,6174300,VNQ
2020-07-07,65.48702239990234,78.4800033569336,79.48999786376953,78.37999725341797,79.12999725341797,3389200,VNQ
2020-07-08,65.39523315429688,78.37000274658203,78.87999725341797,77.66000366210938,78.58999633789062,3848100,VNQ
2020-07-09,64.98636627197266,77.87999725341797,78.30000305175781,76.6500015258789,78.2300033569336,3455900,VNQ
2020-07-10,65.18663787841797,78.12000274658203,78.51000213623047,77.55999755859375,77.72000122070312,3809900,VNQ
2020-07-13,64.41058349609375,77.19000244140625,78.8499984741211,77.0,78.4000015258789,6071800,VNQ
2020-07-14,64.95295715332031,77.83999633789062,78.06999969482422,76.94000244140625,77.16000366210938,3473900,VNQ
2020-07-15,65.58714294433594,78.5999984741211,79.38999938964844,78.05000305175781,79.1500015258789,3547200,VNQ
2020-07-16,64.80276489257812,77.66000366210938,78.44999694824219,77.36000061035156,78.16999816894531,3605400,VNQ
2020-07-17,65.64556121826172,78.66999816894531,79.0,77.47000122070312,77.91999816894531,3720500,VNQ
2020-07-20,64.86119842529297,77.7300033569336,79.0,77.45999908447266,78.5999984741211,4364100,VNQ
2020-07-21,65.01972198486328,77.91999816894531,78.73999786376953,77.70999908447266,78.37999725341797,3007200,VNQ
2020-07-22,66.01271057128906,79.11000061035156,79.19000244140625,77.36000061035156,77.55999755859375,2682400,VNQ
2020-07-23,65.73733520507812,78.77999877929688,79.41000366210938,77.80999755859375,78.94999694824219,4630900,VNQ
2020-07-24,65.25337219238281,78.19999694824219,79.0,78.06999969482422,78.58999633789062,2702200,VNQ
2020-07-27,65.870849609375,78.94000244140625,79.02999877929688,77.2300033569336,78.16000366210938,4111800,VNQ
2020-07-28,67.1809310913086,80.51000213623047,80.9000015258789,78.73999786376953,78.91000366210938,6613300,VNQ
2020-07-29,68.48268127441406,82.06999969482422,82.06999969482422,80.81999969482422,80.95999908447266,5429600,VNQ
2020-07-30,68.04041290283203,81.54000091552734,81.61000061035156,80.47000122070312,81.0,6602700,VNQ
2020-07-31,67.91522979736328,81.38999938964844,81.5,80.12000274658203,81.44999694824219,9312300,VNQ
2020-08-03,67.0140609741211,80.30999755859375,81.41999816894531,79.87999725341797,81.41999816894531,5629700,VNQ
2020-08-04,68.015380859375,81.51000213623047,81.70999908447266,80.12999725341797,80.16999816894531,4078000,VNQ
2020-08-05,67.67325592041016,81.0999984741211,82.12000274658203,80.69999694824219,81.80000305175781,3374500,VNQ
2020-08-06,67.7817153930664,81.2300033569336,81.45999908447266,80.70999908447266,80.79000091552734,3646500,VNQ
2020-08-07,68.74970245361328,82.38999938964844,82.43000030517578,80.80000305175781,80.93000030517578,4447800,VNQ
2020-08-10,68.858154296875,82.5199966430664,83.0199966430664,82.16000366210938,82.63999938964844,3410000,VNQ
2020-08-11,67.86516571044922,81.33000183105469,83.47000122070312,81.0199966430664,83.33000183105469,5193800,VNQ
2020-08-12,68.54942321777344,82.1500015258789,82.27999877929688,81.63999938964844,81.95999908447266,2245300,VNQ
2020-08-13,67.70663452148438,81.13999938964844,82.56999969482422,80.93000030517578,81.87999725341797,3585400,VNQ
2020-08-14,67.71498107910156,81.1500015258789,81.91000366210938,80.83999633789062,80.93000030517578,3399300,VNQ
2020-08-17,68.26570892333984,81.80999755859375,81.8499984741211,80.83000183105469,81.19999694824219,2749900,VNQ
2020-08-18,67.94027709960938,81.41999816894531,81.91000366210938,80.91999816894531,81.80999755859375,3635300,VNQ
2020-08-19,66.74703216552734,79.98999786376953,81.66999816894531,79.83999633789062,81.61000061035156,4376200,VNQ
2020-08-20,67.38119506835938,80.75,81.2699966430664,79.37999725341797,79.5999984741211,2949900,VNQ
2020-08-21,67.48967742919922,80.87999725341797,81.2300033569336,79.88999938964844,80.73999786376953,3380700,VNQ
2020-08-24,67.92359161376953,81.4000015258789,81.43000030517578,79.91999816894531,81.0,2553700,VNQ
2020-08-25,68.09883117675781,81.61000061035156,81.80000305175781,80.83000183105469,81.61000061035156,3123500,VNQ
2020-08-26,67.47298431396484,80.86000061035156,81.43000030517578,80.37000274658203,81.43000030517578,3139800,VNQ
2020-08-27,68.46598815917969,82.05000305175781,82.30999755859375,81.01000213623047,81.02999877929688,4006700,VNQ
2020-08-28,68.91657257080078,82.58999633789062,82.58999633789062,81.33999633789062,82.18000030517578,4548700,VNQ
2020-08-31,68.21565246582031,81.75,82.5,81.44000244140625,82.4800033569336,4835100,VNQ
2020-09-01,68.26570892333984,81.80999755859375,81.87999725341797,80.87999725341797,81.47000122070312,3498500,VNQ
2020-09-02,69.53404998779297,83.33000183105469,83.45999908447266,81.23999786376953,81.9000015258789,3136500,VNQ
2020-09-03,68.69963073730469,82.33000183105469,84.04000091552734,81.69999694824219,83.30999755859375,5716500,VNQ
2020-09-04,68.3408203125,81.9000015258789,83.0999984741211,80.52999877929688,82.56999969482422,4956900,VNQ
2020-09-08,67.5063705444336,80.9000015258789,81.58999633789062,80.31999969482422,81.54000091552734,3774000,VNQ
2020-09-09,68.17391204833984,81.69999694824219,82.73999786376953,81.23999786376953,81.31999969482422,3158300,VNQ
2020-09-10,67.33946990966797,80.69999694824219,81.9000015258789,80.62000274658203,81.79000091552734,4308700,VNQ
2020-09-11,66.96397399902344,80.25,80.9800033569336,79.51000213623047,80.88999938964844,4255400,VNQ
2020-09-14,68.5994644165039,82.20999908447266,82.45999908447266,80.68000030517578,80.77999877929688,3732000,VNQ
2020-09-15,69.42558288574219,83.19999694824219,83.9800033569336,82.5,82.55999755859375,3017500,VNQ
2020-09-16,69.792724609375,83.63999938964844,84.48999786376953,83.29000091552734,83.69999694824219,3722400,VNQ
2020-09-17,68.43258666992188,82.01000213623047,83.3499984741211,81.4800033569336,82.77999877929688,5981400,VNQ
2020-09-18,66.88888549804688,80.16000366210938,81.9800033569336,80.0199966430664,81.9800033569336,5024200,VNQ
2020-09-21,64.87787628173828,77.75,79.16999816894531,77.31999969482422,79.16000366210938,5297300,VNQ
2020-09-22,65.65389251708984,78.68000030517578,79.31999969482422,77.83000183105469,77.98999786376953,4486400,VNQ
2020-09-23,63.67625427246094,76.30999755859375,78.7300033569336,76.20999908447266,78.7300033569336,7876400,VNQ
2020-09-24,64.01839447021484,76.72000122070312,77.80999755859375,75.94999694824219,76.31999969482422,6813300,VNQ
2020-09-25,65.33863067626953,77.69999694824219,77.76000213623047,75.72000122070312,75.95999908447266,3503300,VNQ
2020-09-28,66.67567443847656,79.29000091552734,79.66999816894531,78.69999694824219,78.79000091552734,3470900,VNQ
2020-09-29,66.19635772705078,78.72000122070312,79.33000183105469,78.08000183105469,79.27999877929688,3662900,VNQ
2020-09-30,66.3981704711914,78.95999908447266,79.87999725341797,78.1500015258789,79.12000274658203,4507100,VNQ
2020-10-01,67.726806640625,80.54000091552734,80.61000061035156,78.93000030517578,79.27999877929688,6406300,VNQ
2020-10-02,68.89569091796875,81.93000030517578,82.19000244140625,79.16999816894531,79.45999908447266,3346700,VNQ
2020-10-05,69.2909164428711,82.4000015258789,82.66000366210938,80.83000183105469,82.2300033569336,2654800,VNQ
2020-10-06,68.8368148803711,81.86000061035156,83.06999969482422,81.54000091552734,82.61000061035156,5830300,VNQ
2020-10-07,68.93771362304688,81.9800033569336,82.4000015258789,81.5999984741211,82.37000274658203,2362400,VNQ
2020-10-08,70.08976745605469,83.3499984741211,83.58000183105469,82.27999877929688,82.41999816894531,2269000,VNQ
2020-10-09,69.812255859375,83.0199966430664,83.87999725341797,82.7300033569336,83.86000061035156,6556200,VNQ
2020-10-12,70.14022827148438,83.41000366210938,83.63999938964844,82.55000305175781,83.12000274658203,5655800,VNQ
2020-10-13,68.93771362304688,81.9800033569336,83.12000274658203,81.5,83.06999969482422,4406300,VNQ
2020-10-14,68.0968017578125,80.9800033569336,82.0999984741211,80.86000061035156,81.9000015258789,4651400,VNQ
2020-10-15,68.44999694824219,81.4000015258789,82.05999755859375,80.33000183105469,80.3499984741211,2915400,VNQ
2020-10-16,67.9622573852539,80.81999969482422,81.43000030517578,80.66999816894531,81.41000366210938,2925400,VNQ
2020-10-19,66.9027099609375,79.55999755859375,81.19999694824219,79.44000244140625,81.02999877929688,9873000,VNQ
2020-10-20,67.38204193115234,80.12999725341797,80.73999786376953,79.93000030517578,80.08999633789062,4038600,VNQ
2020-10-21,67.18021392822266,79.88999938964844,80.2699966430664,79.51000213623047,79.91000366210938,2685900,VNQ
2020-10-22,67.17181396484375,79.87999725341797,80.22000122070312,79.52999877929688,79.87999725341797,3828900,VNQ
2020-10-23,67.57543182373047,80.36000061035156,80.66999816894531,79.69000244140625,80.18000030517578,2588700,VNQ
2020-10-26,66.60839080810547,79.20999908447266,79.86000061035156,78.51000213623047,79.73999786376953,2691200,VNQ
2020-10-27,65.54045867919922,77.94000244140625,79.7300033569336,77.94000244140625,79.30000305175781,2264100,VNQ
2020-10-28,63.976356506347656,76.08000183105469,77.43000030517578,75.79000091552734,76.68000030517578,4422000,VNQ
2020-10-29,64.83407592773438,77.0999984741211,77.68000030517578,75.45999908447266,76.19999694824219,4645500,VNQ
2020-10-30,64.40522766113281,76.58999633789062,77.22000122070312,75.68000030517578,76.66000366210938,3978900,VNQ
2020-11-02,65.94407653808594,78.41999816894531,78.45999908447266,76.87999725341797,77.4000015258789,4254500,VNQ
2020-11-03,67.2138671875,79.93000030517578,80.4000015258789,78.91999816894531,79.19999694824219,4214600,VNQ
2020-11-04,67.33158111572266,80.06999969482422,81.29000091552734,79.44000244140625,80.5,2867500,VNQ
2020-11-05,67.65111541748047,80.44999694824219,81.20999908447266,80.12000274658203,80.69000244140625,3984900,VNQ
2020-11-06,67.18862915039062,79.9000015258789,81.11000061035156,79.5999984741211,80.69000244140625,3696600,VNQ
2020-11-09,69.56841278076172,82.7300033569336,88.29000091552734,82.55999755859375,84.52999877929688,8999300,VNQ
2020-11-10,70.58590698242188,83.94000244140625,84.0199966430664,82.38999938964844,82.8499984741211,6146100,VNQ
2020-11-11,70.85499572753906,84.26000213623047,84.6500015258789,83.44000244140625,84.27999877929688,3416100,VNQ
2020-11-12,69.93000030517578,83.16000366210938,84.2300033569336,82.58999633789062,83.87999725341797,3939500,VNQ
2020-11-13,71.79679107666016,85.37999725341797,85.56999969482422,83.66000366210938,83.66000366210938,3443000,VNQ
2020-11-16,72.60408020019531,86.33999633789062,87.44000244140625,85.31999969482422,87.16999816894531,2978300,VNQ
2020-11-17,72.6713638305664,86.41999816894531,86.76000213623047,85.11000061035156,85.69999694824219,3856900,VNQ
2020-11-18,71.25862121582031,84.73999786376953,87.08000183105469,84.68000030517578,86.58999633789062,9655500,VNQ
2020-11-19,71.53612518310547,85.06999969482422,85.16999816894531,83.7300033569336,84.62000274658203,4225400,VNQ
2020-11-20,71.14930725097656,84.61000061035156,85.1500015258789,84.2300033569336,85.02999877929688,3136400,VNQ
2020-11-23,71.28384399414062,84.7699966430664,85.7699966430664,84.62999725341797,85.19000244140625,4520000,VNQ
2020-11-24,71.66224670410156,85.22000122070312,86.41000366210938,85.12000274658203,85.70999908447266,4805500,VNQ
2020-11-25,71.70429992675781,85.2699966430664,85.41000366210938,83.02999877929688,85.29000091552734,5792800,VNQ
2020-11-27,71.384765625,84.88999938964844,85.55000305175781,84.54000091552734,85.5199966430664,2063900,VNQ
2020-11-30,70.6363525390625,84.0,84.8499984741211,83.7300033569336,84.77999877929688,6413600,VNQ
2020-12-01,71.5445327758789,85.08000183105469,85.43000030517578,84.69999694824219,84.95999908447266,6489100,VNQ
2020-12-02,70.98114013671875,84.41000366210938,85.38999938964844,84.33999633789062,84.88999938964844,3738500,VNQ
2020-12-03,71.57817840576172,85.12000274658203,85.55000305175781,84.47000122070312,84.5999984741211,3386300,VNQ
2020-12-04,72.6713638305664,86.41999816894531,86.44000244140625,85.48999786376953,85.48999786376953,3053200,VNQ
2020-12-07,72.04066467285156,85.66999816894531,86.48999786376953,85.3499984741211,86.20999908447266,2620500,VNQ
2020-12-08,71.78840637207031,85.37000274658203,85.81999969482422,85.25,85.29000091552734,2648100,VNQ
2020-12-09,71.34272766113281,84.83999633789062,85.6500015258789,84.27999877929688,85.55000305175781,5024000,VNQ
2020-12-10,71.03158569335938,84.47000122070312,85.0199966430664,84.16000366210938,84.37999725341797,3737900,VNQ
2020-12-11,70.96430969238281,84.38999938964844,84.56999969482422,83.56999969482422,84.05999755859375,4044400,VNQ
2020-12-14,70.65319061279297,84.0199966430664,85.68000030517578,83.95999908447266,85.08000183105469,3735200,VNQ
2020-12-15,72.09953308105469,85.73999786376953,85.76000213623047,83.8499984741211,84.5,2867700,VNQ
2020-12-16,72.1836166381836,85.83999633789062,86.45999908447266,85.41000366210938,85.98999786376953,3419900,VNQ
2020-12-17,72.88159942626953,86.66999816894531,86.75,85.91999816894531,86.26000213623047,3341400,VNQ
2020-12-18,71.41838073730469,84.93000030517578,86.7699966430664,84.4000015258789,86.76000213623047,3988500,VNQ
2020-12-21,71.01475524902344,84.44999694824219,84.51000213623047,83.3499984741211,83.69999694824219,4993600,VNQ
2020-12-22,71.5108871459961,85.04000091552734,85.12000274658203,84.11000061035156,84.5,2828900,VNQ
2020-12-23,71.04840850830078,84.48999786376953,85.93000030517578,84.41999816894531,85.37000274658203,3659000,VNQ
2020-12-24,71.67042541503906,83.87999725341797,83.9000015258789,83.2300033569336,83.4800033569336,1563600,VNQ
2020-12-28,72.09764862060547,84.37999725341797,84.51000213623047,83.80000305175781,84.29000091552734,5655100,VNQ
2020-12-29,71.48246002197266,83.66000366210938,85.13999938964844,83.56999969482422,84.69000244140625,3880100,VNQ
2020-12-30,71.87549591064453,84.12000274658203,84.77999877929688,83.70999908447266,83.87000274658203,3995900,VNQ
2020-12-31,72.56758117675781,84.93000030517578,85.05000305175781,83.4000015258789,84.08999633789062,4827300,VNQ
2021-01-04,70.2093276977539,82.16999816894531,85.27999877929688,82.06999969482422,85.19999694824219,5311500,VNQ
2021-01-05,70.31185913085938,82.29000091552734,82.87000274658203,82.12999725341797,82.16999816894531,4932600,VNQ
2021-01-06,70.43148803710938,82.43000030517578,82.97000122070312,81.7300033569336,82.26000213623047,6520100,VNQ
2021-01-07,70.29478454589844,82.2699966430664,82.54000091552734,81.75,82.5,4068400,VNQ
2021-01-08,70.97831726074219,83.06999969482422,83.36000061035156,82.38999938964844,82.52999877929688,4931600,VNQ
2021-01-11,70.03845977783203,81.97000122070312,83.0199966430664,81.68000030517578,82.52999877929688,6565100,VNQ
2021-01-12,70.2008056640625,82.16000366210938,82.2300033569336,81.2300033569336,81.86000061035156,7857300,VNQ
2021-01-13,71.05522918701172,83.16000366210938,83.33000183105469,82.20999908447266,82.22000122070312,9024900,VNQ
2021-01-14,71.47391510009766,83.6500015258789,84.22000122070312,83.12999725341797,83.44000244140625,5866400,VNQ
2021-01-15,72.29417419433594,84.61000061035156,84.87000274658203,83.18000030517578,83.45999908447266,3939700,VNQ
2021-01-19,72.08910369873047,84.37000274658203,85.18000030517578,83.98999786376953,85.13999938964844,5521200,VNQ
2021-01-20,73.46475219726562,85.9800033569336,86.37000274658203,84.12999725341797,84.44000244140625,5198300,VNQ
2021-01-21,73.11442565917969,85.56999969482422,85.73999786376953,84.83000183105469,85.7300033569336,4213200,VNQ
2021-01-22,73.28532409667969,85.7699966430664,85.91000366210938,84.91999816894531,85.12999725341797,5272700,VNQ
2021-01-25,73.84070587158203,86.41999816894531,87.08000183105469,85.26000213623047,85.73999786376953,7819700,VNQ
2021-01-26,74.36192321777344,87.02999877929688,87.30999755859375,86.45999908447266,86.61000061035156,4706300,VNQ
2021-01-27,73.04606628417969,85.48999786376953,87.18000030517578,85.06999969482422,86.37999725341797,5907600,VNQ
2021-01-28,73.43911743164062,85.94999694824219,86.91000366210938,85.2300033569336,85.51000213623047,6237000,VNQ
2021-01-29,72.59323120117188,84.95999908447266,86.33000183105469,84.51000213623047,85.47000122070312,7349800,VNQ
2021-02-01,74.2508316040039,86.9000015258789,86.95999908447266,84.41999816894531,85.4800033569336,6149000,VNQ
2021-02-02,74.69515228271484,87.41999816894531,87.73999786376953,86.68000030517578,87.45999908447266,3849800,VNQ
2021-02-03,74.50716400146484,87.19999694824219,87.4800033569336,86.0,87.47000122070312,5148700,VNQ
2021-02-04,75.01983642578125,87.80000305175781,88.29000091552734,87.0999984741211,87.22000122070312,4118200,VNQ
2021-02-05,75.28472137451172,88.11000061035156,88.27999877929688,87.80999755859375,88.16999816894531,2583900,VNQ
2021-02-08,75.6948471069336,88.58999633789062,88.58999633789062,87.79000091552734,88.43000030517578,3212700,VNQ
2021-02-09,75.95970916748047,88.9000015258789,89.12999725341797,88.38999938964844,88.75,2518800,VNQ
2021-02-10,76.36982727050781,89.37999725341797,90.0999984741211,88.98999786376953,89.36000061035156,3421400,VNQ
2021-02-11,76.53219604492188,89.56999969482422,90.08999633789062,89.05000305175781,89.54000091552734,3717000,VNQ
2021-02-12,76.54928588867188,89.58999633789062,89.68000030517578,88.91000366210938,89.33999633789062,2297400,VNQ
2021-02-16,75.95970916748047,88.9000015258789,89.97000122070312,88.41000366210938,89.91999816894531,2774500,VNQ
2021-02-17,75.86573028564453,88.79000091552734,88.93000030517578,88.25,88.69999694824219,2939000,VNQ
2021-02-18,75.54105377197266,88.41000366210938,88.79000091552734,88.26000213623047,88.47000122070312,3254600,VNQ
2021-02-19,75.976806640625,88.91999816894531,89.44999694824219,88.48999786376953,88.7300033569336,4170700,VNQ
2021-02-22,76.6091079711914,89.66000366210938,90.05000305175781,88.51000213623047,88.69999694824219,3493000,VNQ
2021-02-23,77.08760070800781,90.22000122070312,90.47000122070312,89.6500015258789,89.87999725341797,4378300,VNQ
2021-02-24,77.6771469116211,90.91000366210938,91.19000244140625,90.01000213623047,90.2300033569336,3551200,VNQ
2021-02-25,76.1904296875,89.16999816894531,91.44999694824219,88.55999755859375,90.80000305175781,7548800,VNQ
2021-02-26,75.07964324951172,87.87000274658203,89.5199966430664,87.7699966430664,89.51000213623047,6519800,VNQ
2021-03-01,75.41287994384766,88.26000213623047,89.66999816894531,88.16000366210938,88.87000274658203,4834000,VNQ
2021-03-02,74.68661499023438,87.41000366210938,88.29000091552734,86.83000183105469,88.29000091552734,4715600,VNQ
2021-03-03,74.25938415527344,86.91000366210938,87.7300033569336,86.7300033569336,87.37000274658203,6231400,VNQ
2021-03-04,73.41349029541016,85.91999816894531,87.55000305175781,84.87999725341797,87.08000183105469,6869500,VNQ
2021-03-05,74.2166519165039,86.86000061035156,87.16000366210938,84.44999694824219,86.58000183105469,7166100,VNQ
2021-03-08,74.85748291015625,87.61000061035156,88.52999877929688,86.58999633789062,87.2300033569336,4823000,VNQ
2021-03-09,75.35306549072266,88.19000244140625,88.87000274658203,88.06999969482422,88.12999725341797,3873600,VNQ
2021-03-10,76.10498809814453,89.06999969482422,89.62999725341797,88.1500015258789,88.41999816894531,3429700,VNQ
2021-03-11,76.99359130859375,90.11000061035156,90.62999725341797,89.1500015258789,89.69999694824219,3830000,VNQ
2021-03-12,78.28379821777344,91.62000274658203,91.66000366210938,90.02999877929688,90.06999969482422,3262800,VNQ
2021-03-15,79.44583129882812,92.9800033569336,93.19999694824219,91.36000061035156,91.83000183105469,6026400,VNQ
2021-03-16,79.12115478515625,92.5999984741211,93.19999694824219,92.19999694824219,92.98999786376953,3122500,VNQ
2021-03-17,79.18949890136719,92.68000030517578,92.72000122070312,91.56999969482422,92.43000030517578,3663100,VNQ
2021-03-18,78.38633728027344,91.73999786376953,92.4000015258789,91.43000030517578,92.30999755859375,3496000,VNQ
2021-03-19,77.31828308105469,90.48999786376953,92.12000274658203,90.41000366210938,91.87999725341797,4429400,VNQ
2021-03-22,77.86511993408203,91.12999725341797,91.3499984741211,90.19999694824219,90.5,2677000,VNQ
2021-03-23,77.7540512084961,91.0,91.70999908447266,90.48999786376953,91.0999984741211,2966400,VNQ
2021-03-24,77.31828308105469,90.48999786376953,91.77999877929688,90.48999786376953,91.05000305175781,4144500,VNQ
2021-03-25,78.10552215576172,90.87999725341797,91.08999633789062,88.83000183105469,89.83000183105469,4218800,VNQ
2021-03-26,79.79000091552734,92.83999633789062,92.88999938964844,91.16000366210938,91.31999969482422,3864600,VNQ
2021-03-29,79.325927734375,92.30000305175781,92.94000244140625,91.48999786376953,92.63999938964844,5116600,VNQ
2021-03-30,79.42906188964844,92.41999816894531,92.68000030517578,92.04000091552734,92.16000366210938,5822100,VNQ
2021-03-31,78.94776916503906,91.86000061035156,92.87999725341797,91.48999786376953,92.41999816894531,4430400,VNQ
2021-04-01,80.383056640625,93.52999877929688,93.58000183105469,92.0,92.33999633789062,5461200,VNQ
2021-04-05,80.69242095947266,93.88999938964844,94.16000366210938,92.9800033569336,94.16000366210938,4239900,VNQ
2021-04-06,80.89868927001953,94.12999725341797,94.13999938964844,93.48999786376953,93.94999694824219,5111600,VNQ
2021-04-07,80.95883178710938,94.19999694824219,94.5,93.37999725341797,94.1500015258789,3038500,VNQ
2021-04-08,80.65805053710938,93.8499984741211,94.58000183105469,93.76000213623047,94.2300033569336,5034300,VNQ
2021-04-09,80.56352233886719,93.73999786376953,94.12000274658203,93.5199966430664,94.0,5371000,VNQ
2021-04-12,81.03620147705078,94.29000091552734,94.29000091552734,93.13999938964844,93.93000030517578,2828200,VNQ
2021-04-13,81.44012451171875,94.76000213623047,94.87999725341797,94.02999877929688,94.1500015258789,3975300,VNQ
2021-04-14,81.01042175292969,94.26000213623047,95.33999633789062,94.12999725341797,94.8499984741211,4569100,VNQ
2021-04-15,82.42848205566406,95.91000366210938,95.91000366210938,94.63999938964844,94.83999633789062,6497000,VNQ
2021-04-16,82.60897064208984,96.12000274658203,96.4000015258789,95.80000305175781,96.26000213623047,3754200,VNQ
2021-04-19,82.77225494384766,96.30999755859375,96.30999755859375,95.51000213623047,96.16999816894531,2882900,VNQ
2021-04-20,83.45122528076172,97.0999984741211,97.27999877929688,96.12000274658203,96.16000366210938,4968700,VNQ
2021-04-21,84.00125122070312,97.73999786376953,97.91000366210938,96.87000274658203,97.22000122070312,4407000,VNQ
2021-04-22,83.54576110839844,97.20999908447266,98.12999725341797,96.98999786376953,97.7300033569336,3207200,VNQ
2021-04-23,84.03563690185547,97.77999877929688,97.9800033569336,97.13999938964844,97.43000030517578,5225600,VNQ
2021-04-26,84.28486633300781,98.06999969482422,98.6500015258789,97.83999633789062,98.0999984741211,5404600,VNQ
2021-04-27,84.27627563476562,98.05999755859375,98.4000015258789,97.80999755859375,98.36000061035156,3091100,VNQ
2021-04-28,84.09579467773438,97.8499984741211,98.44000244140625,97.80000305175781,98.30999755859375,3509200,VNQ
2021-04-29,84.81771087646484,98.69000244140625,99.12999725341797,98.02999877929688,98.5,3319100,VNQ
2021-04-30,85.15290069580078,99.08000183105469,99.30000305175781,98.20999908447266,98.38999938964844,4371300,VNQ
2021-05-03,84.9896011352539,98.88999938964844,99.55999755859375,98.66999816894531,99.55999755859375,6844100,VNQ
2021-05-04,84.43955993652344,98.25,99.2300033569336,97.69000244140625,98.43000030517578,6449000,VNQ
2021-05-05,83.03868865966797,96.62000274658203,98.08000183105469,96.2300033569336,98.08000183105469,4580300,VNQ
2021-05-06,83.50276947021484,97.16000366210938,97.23999786376953,96.26000213623047,96.69000244140625,5649700,VNQ
2021-05-07,84.60285949707031,98.44000244140625,98.5,97.06999969482422,97.2300033569336,5884900,VNQ
2021-05-10,84.57709503173828,98.41000366210938,99.56999969482422,98.4000015258789,98.80000305175781,3436700,VNQ
2021-05-11,83.51138305664062,97.16999816894531,97.56999969482422,96.36000061035156,97.56999969482422,4036900,VNQ
2021-05-12,81.39716339111328,94.70999908447266,97.12999725341797,94.63999938964844,96.94000244140625,4601200,VNQ
2021-05-13,82.45427703857422,95.94000244140625,96.62000274658203,94.94000244140625,95.0,5118900,VNQ
2021-05-14,83.43402862548828,97.08000183105469,97.41999816894531,96.30999755859375,96.44999694824219,3936600,VNQ
2021-05-17,83.51997375488281,97.18000030517578,97.38999938964844,96.69000244140625,97.04000091552734,3320200,VNQ
2021-05-18,83.53714752197266,97.19999694824219,97.83000183105469,96.5999984741211,97.19999694824219,3359800,VNQ
2021-05-19,83.2707290649414,96.88999938964844,96.88999938964844,95.45999908447266,96.44999694824219,3602500,VNQ
2021-05-20,84.20752716064453,97.9800033569336,98.29000091552734,96.63999938964844,96.91000366210938,2466500,VNQ
2021-05-21,84.12158203125,97.87999725341797,98.41000366210938,97.6500015258789,98.22000122070312,3020000,VNQ
2021-05-24,85.17008209228516,99.0999984741211,99.47000122070312,98.2300033569336,98.31999969482422,3491500,VNQ
2021-05-25,85.14430236816406,99.06999969482422,99.5,98.66999816894531,99.27999877929688,4243300,VNQ
2021-05-26,85.52246856689453,99.51000213623047,100.06999969482422,99.05000305175781,99.25,4518100,VNQ
2021-05-27,85.32478332519531,99.27999877929688,99.83000183105469,99.16000366210938,99.81999969482422,4362900,VNQ
2021-05-28,85.8404541015625,99.87999725341797,100.16999816894531,99.55999755859375,99.86000061035156,3409400,VNQ
2021-06-01,87.38744354248047,101.68000030517578,101.69000244140625,100.01000213623047,100.37000274658203,4385000,VNQ
2021-06-02,88.41017150878906,102.87000274658203,102.9800033569336,101.61000061035156,102.05999755859375,4446100,VNQ
2021-06-03,88.08355712890625,102.48999786376953,102.75,102.01000213623047,102.75,4187600,VNQ
2021-06-04,88.12655639648438,102.54000091552734,103.0,102.08000183105469,103.0,3121200,VNQ
2021-06-07,89.16645812988281,103.75,104.19999694824219,102.70999908447266,102.73999786376953,4773100,VNQ
2021-06-08,89.90557861328125,104.61000061035156,104.88999938964844,103.88999938964844,104.01000213623047,3935800,VNQ
2021-06-09,90.02588653564453,104.75,105.20999908447266,104.69999694824219,104.91000366210938,3243000,VNQ
2021-06-10,90.67046356201172,105.5,105.7699966430664,104.54000091552734,104.8499984741211,4010100,VNQ
2021-06-11,90.30952453613281,105.08000183105469,105.62999725341797,104.55999755859375,105.5199966430664,3274100,VNQ
2021-06-14,90.66188049316406,105.48999786376953,105.48999786376953,104.91000366210938,105.08999633789062,3531700,VNQ
2021-06-15,89.69070434570312,104.36000061035156,105.48999786376953,104.36000061035156,105.4000015258789,4099600,VNQ
2021-06-16,89.10629272460938,103.68000030517578,105.05000305175781,103.48999786376953,104.58000183105469,4498600,VNQ
2021-06-17,88.99459075927734,103.55000305175781,103.69999694824219,102.86000061035156,103.41000366210938,5055100,VNQ
2021-06-18,87.48196411132812,101.79000091552734,103.47000122070312,101.79000091552734,103.0199966430664,5358000,VNQ
2021-06-21,89.28677368164062,103.88999938964844,104.20999908447266,101.80000305175781,102.30999755859375,3672900,VNQ
2021-06-22,88.82268524169922,103.3499984741211,104.01000213623047,103.27999877929688,103.88999938964844,3088200,VNQ
2021-06-23,88.66799926757812,103.16999816894531,103.75,103.08000183105469,103.3499984741211,3682900,VNQ
2021-06-24,88.47669219970703,102.22000122070312,102.81999969482422,101.66000366210938,102.81999969482422,3229000,VNQ
2021-06-25,89.07393646240234,102.91000366210938,103.01000213623047,102.08000183105469,102.25,2739100,VNQ
2021-06-28,88.81427001953125,102.61000061035156,103.1500015258789,101.69000244140625,103.08999633789062,3940700,VNQ
2021-06-29,88.57191467285156,102.33000183105469,103.19999694824219,102.26000213623047,102.7699966430664,3777300,VNQ
2021-06-30,88.1045150756836,101.79000091552734,102.9000015258789,101.68000030517578,102.33999633789062,6640100,VNQ
2021-07-01,88.48535919189453,102.2300033569336,103.0199966430664,101.51000213623047,102.02999877929688,6491100,VNQ
2021-07-02,88.75367736816406,102.54000091552734,103.04000091552734,102.16999816894531,102.62999725341797,4451800,VNQ
2021-07-06,89.40284729003906,103.29000091552734,103.47000122070312,101.79000091552734,102.51000213623047,4478800,VNQ
2021-07-07,89.71443176269531,103.6500015258789,103.98999786376953,102.80000305175781,103.12999725341797,5085500,VNQ
2021-07-08,89.46343994140625,103.36000061035156,103.7699966430664,102.51000213623047,102.7300033569336,6426800,VNQ
2021-07-09,90.93486785888672,105.05999755859375,105.06999969482422,103.62999725341797,103.9000015258789,5780200,VNQ
2021-07-12,91.7138671875,105.95999908447266,106.05000305175781,104.77999877929688,105.0,5627600,VNQ
2021-07-13,90.43285369873047,104.4800033569336,105.77999877929688,104.08000183105469,105.69000244140625,5474100,VNQ
2021-07-14,91.064697265625,105.20999908447266,105.5199966430664,104.25,104.48999786376953,3397400,VNQ
2021-07-15,91.21183013916016,105.37999725341797,105.5,104.91999816894531,105.0,2990100,VNQ
2021-07-16,91.1512680053711,105.30999755859375,106.19999694824219,105.23999786376953,105.76000213623047,6435400,VNQ
2021-07-19,89.4894027709961,103.38999938964844,104.33000183105469,102.58999633789062,104.11000061035156,5097800,VNQ
2021-07-20,91.60134887695312,105.83000183105469,106.23999786376953,103.80000305175781,103.94999694824219,4999700,VNQ
2021-07-21,91.59268951416016,105.81999969482422,106.5199966430664,105.66000366210938,106.0199966430664,4329100,VNQ
2021-07-22,90.86563873291016,104.9800033569336,105.33999633789062,104.44000244140625,105.33000183105469,3932400,VNQ
2021-07-23,91.61865997314453,105.8499984741211,105.97000122070312,104.9800033569336,105.3499984741211,4128200,VNQ
2021-07-26,91.66194152832031,105.9000015258789,106.16999816894531,105.12999725341797,105.75,2857700,VNQ
2021-07-27,92.18126678466797,106.5,106.66999816894531,105.41000366210938,105.83999633789062,3096100,VNQ
2021-07-28,91.86100006103516,106.12999725341797,106.80000305175781,105.80000305175781,106.58999633789062,3577300,VNQ
2021-07-29,91.8783187866211,106.1500015258789,107.18000030517578,106.05000305175781,106.51000213623047,3357700,VNQ
2021-07-30,91.9994888305664,106.29000091552734,107.72000122070312,106.23999786376953,106.36000061035156,4325800,VNQ
2021-08-02,91.80042266845703,106.05999755859375,107.66000366210938,105.8499984741211,106.87000274658203,4089800,VNQ
2021-08-03,91.91294860839844,106.19000244140625,106.41999816894531,105.43000030517578,106.26000213623047,5178600,VNQ
2021-08-04,91.62731170654297,105.86000061035156,106.58999633789062,105.45999908447266,106.16999816894531,4038300,VNQ
2021-08-05,92.70059204101562,107.0999984741211,107.12000274658203,106.16999816894531,106.44000244140625,3294800,VNQ
2021-08-06,92.53614807128906,106.91000366210938,107.6500015258789,106.75,107.26000213623047,2753600,VNQ
2021-08-09,92.04277801513672,106.33999633789062,106.76000213623047,106.1500015258789,106.72000122070312,2727800,VNQ
2021-08-10,91.16856384277344,105.33000183105469,106.5,105.19000244140625,106.48999786376953,3771000,VNQ
2021-08-11,91.70519256591797,105.94999694824219,106.08999633789062,105.27999877929688,105.76000213623047,3256700,VNQ
2021-08-12,91.90428924560547,106.18000030517578,106.23999786376953,105.69000244140625,106.19000244140625,2891900,VNQ
2021-08-13,92.40631103515625,106.76000213623047,106.87999725341797,106.05000305175781,106.4000015258789,2601600,VNQ
2021-08-16,92.29377746582031,106.62999725341797,107.22000122070312,106.37000274658203,106.66000366210938,3166800,VNQ
2021-08-17,92.19857025146484,106.5199966430664,106.55999755859375,105.5999984741211,106.18000030517578,3004300,VNQ
2021-08-18,91.35897827148438,105.55000305175781,106.36000061035156,105.4800033569336,106.30000305175781,3439200,VNQ
2021-08-19,91.80042266845703,106.05999755859375,106.1500015258789,104.8499984741211,105.0199966430664,4069500,VNQ
2021-08-20,92.25917053222656,106.58999633789062,107.02999877929688,105.22000122070312,105.81999969482422,3238900,VNQ
2021-08-23,92.08604431152344,106.38999938964844,107.0199966430664,106.08999633789062,106.80000305175781,3230600,VNQ
2021-08-24,91.67925262451172,105.91999816894531,106.62000274658203,105.45999908447266,106.52999877929688,2867100,VNQ
2021-08-25,91.61865997314453,105.8499984741211,106.5199966430664,105.43000030517578,105.9000015258789,3329400,VNQ
2021-08-26,91.65326690673828,105.88999938964844,106.2300033569336,105.45999908447266,105.94999694824219,2889400,VNQ
2021-08-27,92.6140365600586,107.0,107.33000183105469,106.16000366210938,106.2699966430664,3059300,VNQ
2021-08-30,93.5401840209961,108.06999969482422,108.08000183105469,106.77999877929688,107.05000305175781,3600600,VNQ
2021-08-31,93.98162078857422,108.58000183105469,108.70999908447266,107.54000091552734,107.73999786376953,4210100,VNQ
2021-09-01,95.48766326904297,110.31999969482422,110.4000015258789,108.80000305175781,108.83999633789062,5683100,VNQ
2021-09-02,95.98969268798828,110.9000015258789,110.91000366210938,109.6500015258789,110.54000091552734,5207100,VNQ
2021-09-03,96.00700378417969,110.91999816894531,111.05999755859375,109.69999694824219,110.62999725341797,4460700,VNQ
2021-09-07,94.92506408691406,109.66999816894531,110.73999786376953,108.81999969482422,110.6500015258789,4929300,VNQ
2021-09-08,95.40111541748047,110.22000122070312,110.55000305175781,109.12999725341797,109.4000015258789,4265700,VNQ
2021-09-09,93.46226501464844,107.9800033569336,109.73999786376953,107.94999694824219,109.62000274658203,6221300,VNQ
2021-09-10,92.09471130371094,106.4000015258789,108.25,106.37999725341797,108.06999969482422,5894700,VNQ
2021-09-13,92.7179183959961,107.12000274658203,108.01000213623047,106.81999969482422,107.33000183105469,5725300,VNQ
2021-09-14,92.55345153808594,106.93000030517578,107.7300033569336,106.30999755859375,107.69000244140625,3848200,VNQ
2021-09-15,92.84774017333984,107.2699966430664,107.73999786376953,106.48999786376953,107.05999755859375,4027400,VNQ
2021-09-16,92.92565155029297,107.36000061035156,107.87000274658203,106.56999969482422,107.18000030517578,3405200,VNQ
2021-09-17,92.09471130371094,106.4000015258789,107.66000366210938,106.19000244140625,107.12999725341797,6964300,VNQ
2021-09-20,91.53209686279297,105.75,106.36000061035156,104.48999786376953,105.22000122070312,6207000,VNQ
2021-09-21,91.57538604736328,105.80000305175781,107.05999755859375,105.7699966430664,106.29000091552734,4371800,VNQ
2021-09-22,92.46690368652344,106.83000183105469,107.4800033569336,106.0999984741211,106.56999969482422,4650400,VNQ
2021-09-23,92.28514862060547,106.62000274658203,107.51000213623047,106.5199966430664,107.13999938964844,4042800,VNQ
2021-09-24,91.29838562011719,104.83000183105469,106.0999984741211,104.58999633789062,105.68000030517578,4881000,VNQ
2021-09-27,90.07039642333984,103.41999816894531,105.58000183105469,103.31999969482422,104.87000274658203,4311000,VNQ
2021-09-28,89.46074676513672,102.72000122070312,103.29000091552734,102.08999633789062,102.83000183105469,7096500,VNQ
2021-09-29,90.13134002685547,103.48999786376953,103.98999786376953,103.0999984741211,103.30000305175781,6227000,VNQ
2021-09-30,88.64207458496094,101.77999877929688,103.94999694824219,101.77999877929688,103.83999633789062,7019300,VNQ
2021-10-01,89.89620208740234,103.22000122070312,103.93000030517578,101.83999633789062,102.44000244140625,6106100,VNQ
2021-10-04,89.91361236572266,103.23999786376953,103.69000244140625,102.5999984741211,103.0999984741211,5638600,VNQ
2021-10-05,89.29527282714844,102.52999877929688,103.4000015258789,102.16999816894531,103.31999969482422,4313800,VNQ
2021-10-06,90.14876556396484,103.51000213623047,103.63999938964844,101.0,102.11000061035156,5587900,VNQ
2021-10-07,90.39262390136719,103.79000091552734,105.0199966430664,103.66000366210938,104.06999969482422,4055300,VNQ
2021-10-08,89.53913116455078,102.80999755859375,103.91000366210938,102.7300033569336,103.77999877929688,5295400,VNQ
2021-10-11,89.76555633544922,103.06999969482422,103.5199966430664,102.33999633789062,102.83000183105469,2634200,VNQ
2021-10-12,90.94129943847656,104.41999816894531,104.86000061035156,103.04000091552734,103.31999969482422,3666500,VNQ
2021-10-13,91.60321044921875,105.18000030517578,105.22000122070312,103.62999725341797,104.29000091552734,3371000,VNQ
2021-10-14,92.71797180175781,106.45999908447266,106.55999755859375,105.5199966430664,105.79000091552734,2721900,VNQ
2021-10-15,92.64827728271484,106.37999725341797,107.4000015258789,105.91000366210938,107.30999755859375,3065400,VNQ
2021-10-18,92.88345336914062,106.6500015258789,107.0,105.77999877929688,105.94000244140625,3424100,VNQ
2021-10-19,92.92699432373047,106.69999694824219,107.31999969482422,106.61000061035156,107.11000061035156,3104500,VNQ
2021-10-20,94.39013671875,108.37999725341797,108.37999725341797,106.77999877929688,106.8499984741211,6018900,VNQ
2021-10-21,94.52076721191406,108.52999877929688,108.58000183105469,108.08000183105469,108.31999969482422,4849600,VNQ
2021-10-22,94.96493530273438,109.04000091552734,109.41000366210938,108.56999969482422,108.66999816894531,4873000,VNQ
2021-10-25,95.26976776123047,109.38999938964844,109.66999816894531,108.4000015258789,109.19999694824219,2625200,VNQ
2021-10-26,95.53104400634766,109.69000244140625,110.05999755859375,109.3499984741211,109.5999984741211,2940600,VNQ
2021-10-27,94.72108459472656,108.76000213623047,110.0999984741211,108.75,110.0999984741211,3573000,VNQ
2021-10-28,96.0448989868164,110.27999877929688,110.30000305175781,108.77999877929688,108.86000061035156,3681000,VNQ
2021-10-29,94.96493530273438,109.04000091552734,110.2300033569336,108.55000305175781,109.80000305175781,5990500,VNQ
2021-11-01,95.43524169921875,109.58000183105469,109.80000305175781,107.79000091552734,109.30000305175781,5846500,VNQ
2021-11-02,95.88812255859375,110.0999984741211,110.5199966430664,109.23999786376953,109.94000244140625,3405900,VNQ
2021-11-03,96.21034240722656,110.47000122070312,110.7699966430664,109.61000061035156,110.16999816894531,2723200,VNQ
2021-11-04,95.29588317871094,109.41999816894531,110.91000366210938,108.97000122070312,110.51000213623047,3378800,VNQ
2021-11-05,95.78362274169922,109.9800033569336,111.2699966430664,109.87999725341797,110.41000366210938,3209300,VNQ
2021-11-08,95.70523071289062,109.88999938964844,110.58000183105469,109.19000244140625,110.37000274658203,2989800,VNQ
2021-11-09,95.87071228027344,110.08000183105469,110.31999969482422,109.76000213623047,110.01000213623047,2671500,VNQ
2021-11-10,95.4265365600586,109.56999969482422,110.44999694824219,109.52999877929688,109.75,4021900,VNQ
2021-11-11,95.58329772949219,109.75,109.7699966430664,109.0,109.73999786376953,2395200,VNQ
2021-11-12,95.51362609863281,109.66999816894531,110.08000183105469,109.36000061035156,110.05000305175781,3194300,VNQ
2021-11-15,96.18424224853516,110.44000244140625,110.47000122070312,109.44999694824219,109.8499984741211,2713500,VNQ
2021-11-16,95.5484619140625,109.70999908447266,110.58999633789062,109.45999908447266,110.51000213623047,3043900,VNQ
2021-11-17,95.84457397460938,110.05000305175781,110.19999694824219,107.97000122070312,109.43000030517578,4667900,VNQ
2021-11-18,95.86199951171875,110.06999969482422,110.26000213623047,109.58000183105469,110.19999694824219,2812800,VNQ
2021-11-19,95.29588317871094,109.41999816894531,110.18000030517578,109.01000213623047,110.08000183105469,2928800,VNQ
2021-11-22,94.82559204101562,108.87999725341797,109.83000183105469,108.69000244140625,109.52999877929688,3352600,VNQ
2021-11-23,95.59200286865234,109.76000213623047,110.08000183105469,108.69999694824219,109.11000061035156,3867100,VNQ
2021-11-24,96.75032043457031,111.08999633789062,111.29000091552734,109.43000030517578,109.69000244140625,3227600,VNQ
2021-11-26,94.0591812133789,108.0,109.5,107.36000061035156,109.5,3514700,VNQ
2021-11-29,94.75592803955078,108.80000305175781,109.72000122070312,108.0,108.80000305175781,4825900,VNQ
2021-11-30,92.96183776855469,106.73999786376953,108.43000030517578,106.6500015258789,108.1500015258789,6335800,VNQ
2021-12-01,91.42902374267578,104.9800033569336,109.05999755859375,104.94999694824219,107.73999786376953,8641300,VNQ
2021-12-02,94.17240905761719,108.12999725341797,108.76000213623047,105.26000213623047,105.5,7134400,VNQ
2021-12-03,93.8588638305664,107.7699966430664,108.76000213623047,106.83999633789062,108.25,7798400,VNQ
2021-12-06,95.5049057006836,109.66000366210938,110.44999694824219,108.41999816894531,108.41999816894531,7212400,VNQ
2021-12-07,96.88097381591797,111.23999786376953,111.55999755859375,110.29000091552734,110.55999755859375,5363400,VNQ
2021-12-08,97.57769775390625,112.04000091552734,112.30999755859375,111.0,111.23999786376953,5542400,VNQ
2021-12-09,96.16681671142578,110.41999816894531,111.6500015258789,110.38999938964844,111.61000061035156,3724500,VNQ
2021-12-10,96.46292114257812,110.76000213623047,111.0,110.27999877929688,110.9800033569336,3828200,VNQ
2021-12-13,97.36868286132812,111.80000305175781,112.29000091552734,110.20999908447266,110.54000091552734,6555000,VNQ
2021-12-14,96.1232681274414,110.37000274658203,111.70999908447266,109.83999633789062,111.48999786376953,5924500,VNQ
2021-12-15,97.47319030761719,111.91999816894531,112.11000061035156,110.37000274658203,110.69999694824219,6675800,VNQ
2021-12-16,97.4383544921875,111.87999725341797,112.91999816894531,111.2699966430664,112.2699966430664,6178900,VNQ
2021-12-17,97.31643676757812,111.73999786376953,112.97000122070312,111.48999786376953,111.69000244140625,7201700,VNQ
2021-12-20,96.55872344970703,110.87000274658203,111.19000244140625,109.62000274658203,110.56999969482422,6071100,VNQ
2021-12-21,97.64738464355469,112.12000274658203,112.63999938964844,111.5,111.7300033569336,4251000,VNQ
2021-12-22,98.64894104003906,113.2699966430664,113.37999725341797,112.31999969482422,112.44999694824219,4517500,VNQ
2021-12-23,98.54442596435547,113.1500015258789,113.69999694824219,112.55999755859375,113.55000305175781,6977700,VNQ
2021-12-27,100.21734619140625,114.0,114.0199966430664,112.0199966430664,112.11000061035156,9185100,VNQ
2021-12-28,100.58657836914062,114.41999816894531,114.54000091552734,113.66999816894531,113.93000030517578,3630400,VNQ
2021-12-29,101.26347351074219,115.19000244140625,115.44000244140625,114.05000305175781,114.6500015258789,3842900,VNQ
2021-12-30,101.70303344726562,115.69000244140625,116.16999816894531,115.23999786376953,115.23999786376953,3990400,VNQ
2021-12-31,101.98433685302734,116.01000213623047,116.70999908447266,115.6500015258789,115.70999908447266,5440300,VNQ
2022-01-03,101.18436431884766,115.0999984741211,116.23999786376953,113.45999908447266,116.20999908447266,9845000,VNQ
2022-01-04,101.06129455566406,114.95999908447266,116.08000183105469,114.86000061035156,115.41999816894531,5330700,VNQ
2022-01-05,98.1690444946289,111.66999816894531,114.80000305175781,111.55000305175781,114.76000213623047,6928300,VNQ
2022-01-06,98.2569580078125,111.7699966430664,112.22000122070312,110.5999984741211,111.80999755859375,5974500,VNQ
2022-01-07,97.6064224243164,111.02999877929688,111.8499984741211,110.76000213623047,111.4800033569336,6999300,VNQ
2022-01-10,97.04379272460938,110.38999938964844,110.5,109.0199966430664,110.3499984741211,6571900,VNQ
2022-01-11,97.19322967529297,110.55999755859375,110.66999816894531,108.86000061035156,110.2699966430664,5568500,VNQ
2022-01-12,97.30754089355469,110.69000244140625,111.37000274658203,110.5199966430664,110.56999969482422,4331700,VNQ
2022-01-13,97.11412811279297,110.47000122070312,111.48999786376953,110.27999877929688,111.0,3921700,VNQ
2022-01-14,96.23503112792969,109.47000122070312,109.98999786376953,108.16999816894531,109.87999725341797,6465300,VNQ
2022-01-18,95.22406005859375,108.31999969482422,108.9000015258789,107.5999984741211,108.75,5828700,VNQ
2022-01-19,93.9405746459961,106.86000061035156,109.36000061035156,106.86000061035156,108.9000015258789,5111000,VNQ
2022-01-20,92.7362060546875,105.48999786376953,108.30000305175781,105.41999816894531,107.0,6982000,VNQ
2022-01-21,92.50765991210938,105.2300033569336,106.5999984741211,104.95999908447266,105.52999877929688,8031500,VNQ
2022-01-24,92.6834716796875,105.43000030517578,105.69999694824219,101.5999984741211,104.16000366210938,15646100,VNQ
2022-01-25,92.31424713134766,105.01000213623047,105.80999755859375,103.04000091552734,104.27999877929688,9942900,VNQ
2022-01-26,90.87252044677734,103.37000274658203,106.86000061035156,102.66999816894531,105.62000274658203,9589300,VNQ
2022-01-27,89.3692626953125,101.66000366210938,104.87000274658203,101.22000122070312,103.98999786376953,7459300,VNQ
2022-01-28,92.26150512695312,104.94999694824219,104.95999908447266,100.62000274658203,101.80000305175781,6924500,VNQ
2022-01-31,93.39553833007812,106.23999786376953,106.44000244140625,104.06999969482422,104.56999969482422,7457700,VNQ
2022-02-01,93.06147766113281,105.86000061035156,106.62999725341797,105.22000122070312,106.1500015258789,9610000,VNQ
2022-02-02,94.24826049804688,107.20999908447266,107.5199966430664,106.27999877929688,106.41000366210938,4619300,VNQ
2022-02-03,93.24609375,106.06999969482422,107.05999755859375,105.98999786376953,106.52999877929688,5453100,VNQ
2022-02-04,92.32301330566406,105.0199966430664,106.2699966430664,104.02999877929688,105.37999725341797,6865600,VNQ
2022-02-07,92.19117736816406,104.87000274658203,105.58999633789062,104.63999938964844,104.94000244140625,5860900,VNQ
2022-02-08,91.76041412353516,104.37999725341797,105.19000244140625,104.12000274658203,104.80999755859375,6106100,VNQ
2022-02-09,93.8350830078125,106.73999786376953,106.81999969482422,105.47000122070312,105.47000122070312,5746600,VNQ
2022-02-10,91.6197509765625,104.22000122070312,106.73999786376953,103.62999725341797,105.27999877929688,6948000,VNQ
2022-02-11,90.78461456298828,103.2699966430664,105.1500015258789,102.6500015258789,104.75,5679000,VNQ
2022-02-14,89.958251953125,102.33000183105469,104.05000305175781,101.88999938964844,103.41000366210938,5350200,VNQ
2022-02-15,90.76703643798828,103.25,103.86000061035156,102.87999725341797,103.22000122070312,3612600,VNQ
2022-02-16,91.18900299072266,103.7300033569336,103.98999786376953,102.62000274658203,103.36000061035156,4333000,VNQ
2022-02-17,90.22199249267578,102.62999725341797,103.6500015258789,102.48999786376953,103.33999633789062,4847000,VNQ
2022-02-18,89.67694091796875,102.01000213623047,103.44999694824219,101.87000274658203,102.37000274658203,4809500,VNQ
2022-02-22,89.35166931152344,101.63999938964844,102.37000274658203,100.97000122070312,101.62000274658203,6656900,VNQ
2022-02-23,87.87479400634766,99.95999908447266,102.94000244140625,99.91999816894531,102.5,6201000,VNQ
2022-02-24,89.35166931152344,101.63999938964844,101.95999908447266,97.70999908447266,98.01000213623047,9479200,VNQ
2022-02-25,91.5054702758789,104.08999633789062,104.23999786376953,101.58999633789062,102.05000305175781,5870300,VNQ
2022-02-28,90.14287567138672,102.54000091552734,103.63999938964844,101.45999908447266,103.2300033569336,7296900,VNQ
2022-03-01,89.66815185546875,102.0,103.41999816894531,101.44999694824219,102.80000305175781,8896200,VNQ
2022-03-02,91.34724426269531,103.91000366210938,104.43000030517578,102.22000122070312,102.37000274658203,6946100,VNQ
2022-03-03,92.09446716308594,104.76000213623047,105.11000061035156,103.41000366210938,104.48999786376953,6517000,VNQ
2022-03-04,92.51643371582031,105.23999786376953,105.33999633789062,103.58000183105469,103.8499984741211,6438500,VNQ
2022-03-07,90.68790435791016,103.16000366210938,105.26000213623047,103.11000061035156,105.01000213623047,6506200,VNQ
2022-03-08,90.24835968017578,102.66000366210938,104.5,102.30999755859375,103.11000061035156,7090600,VNQ
2022-03-09,91.6373291015625,104.23999786376953,105.27999877929688,104.06999969482422,104.38999938964844,5785900,VNQ
2022-03-10,91.86590576171875,104.5,104.75,102.86000061035156,103.13999938964844,4034900,VNQ
2022-03-11,91.13624572753906,103.66999816894531,105.79000091552734,103.5999984741211,105.30000305175781,5381600,VNQ
2022-03-14,90.42417907714844,102.86000061035156,104.44000244140625,102.4000015258789,104.26000213623047,4539900,VNQ
2022-03-15,91.03076171875,103.55000305175781,104.33000183105469,102.61000061035156,103.77999877929688,5245000,VNQ
2022-03-16,92.11205291748047,104.77999877929688,105.2699966430664,102.55999755859375,104.30999755859375,6561300,VNQ
2022-03-17,93.53619384765625,106.4000015258789,106.4000015258789,104.37999725341797,104.4000015258789,3844300,VNQ
2022-03-18,93.53619384765625,106.4000015258789,106.76000213623047,105.76000213623047,106.33999633789062,5815300,VNQ
2022-03-21,92.96478271484375,105.75,106.97000122070312,105.29000091552734,106.4800033569336,4571900,VNQ
2022-03-22,93.2021255493164,106.0199966430664,106.66999816894531,105.79000091552734,106.38999938964844,4749800,VNQ
2022-03-23,92.15645599365234,104.26000213623047,105.5,104.12000274658203,105.0,4595400,VNQ
2022-03-24,92.73985290527344,104.91999816894531,104.94999694824219,103.88999938964844,104.29000091552734,3893400,VNQ
2022-03-25,93.89777374267578,106.2300033569336,106.2300033569336,105.01000213623047,105.37999725341797,4495100,VNQ
2022-03-28,94.89659881591797,107.36000061035156,107.36000061035156,106.11000061035156,106.33000183105469,4130800,VNQ
2022-03-29,97.680908203125,110.51000213623047,110.69000244140625,108.30999755859375,108.41999816894531,5350500,VNQ
2022-03-30,96.97379302978516,109.70999908447266,110.26000213623047,109.22000122070312,110.05999755859375,5216200,VNQ
2022-03-31,95.7893295288086,108.37000274658203,110.48999786376953,108.37000274658203,110.16000366210938,7466900,VNQ
2022-04-01,97.65440368652344,110.4800033569336,110.5199966430664,108.5199966430664,108.87000274658203,6568700,VNQ
2022-04-04,97.17708587646484,109.94000244140625,110.76000213623047,108.97000122070312,110.5199966430664,6311800,VNQ
2022-04-05,96.69977569580078,109.4000015258789,110.98999786376953,109.06999969482422,109.62999725341797,4993700,VNQ
2022-04-06,97.84883880615234,110.69999694824219,110.80999755859375,108.44000244140625,108.95999908447266,5050800,VNQ
2022-04-07,96.87655639648438,109.5999984741211,110.1500015258789,108.87999725341797,110.05999755859375,5338200,VNQ
2022-04-08,97.03565979003906,109.77999877929688,110.26000213623047,108.9800033569336,109.76000213623047,5941000,VNQ
2022-04-11,95.99263000488281,108.5999984741211,110.08999633789062,108.37000274658203,109.48999786376953,4315700,VNQ
2022-04-12,95.8512191772461,108.44000244140625,109.43000030517578,108.0199966430664,108.6500015258789,5094800,VNQ
2022-04-13,96.53182220458984,109.20999908447266,109.37000274658203,108.16000366210938,108.51000213623047,4673100,VNQ
2022-04-14,96.11637878417969,108.73999786376953,110.12000274658203,108.6500015258789,109.63999938964844,4464700,VNQ
2022-04-18,95.72747039794922,108.30000305175781,109.12999725341797,107.7699966430664,108.5199966430664,4256900,VNQ
2022-04-19,97.8134994506836,110.66000366210938,110.95999908447266,108.75,108.86000061035156,7536100,VNQ
2022-04-20,99.43988800048828,112.5,112.87000274658203,110.9800033569336,111.05999755859375,5395900,VNQ
2022-04-21,98.75043487548828,111.72000122070312,113.41000366210938,111.62000274658203,113.06999969482422,4820700,VNQ
2022-04-22,97.01797485351562,109.76000213623047,111.55000305175781,109.69000244140625,111.44000244140625,4917800,VNQ
2022-04-25,96.7704849243164,109.4800033569336,109.93000030517578,107.66000366210938,109.41999816894531,6032300,VNQ
2022-04-26,95.179443359375,107.68000030517578,109.83000183105469,107.61000061035156,109.16000366210938,6217500,VNQ
2022-04-27,94.5518569946289,106.97000122070312,108.61000061035156,106.87999725341797,107.73999786376953,6007100,VNQ
2022-04-28,96.29317474365234,108.94000244140625,109.29000091552734,106.36000061035156,107.5,7235300,VNQ
2022-04-29,91.87362670898438,103.94000244140625,108.41999816894531,103.68000030517578,108.2699966430664,9573900,VNQ
2022-05-02,89.65499877929688,101.43000030517578,104.54000091552734,99.36000061035156,103.87000274658203,11885700,VNQ
2022-05-03,90.76873016357422,102.69000244140625,103.30999755859375,101.08999633789062,101.7699966430664,7245400,VNQ
2022-05-04,91.8117446899414,103.87000274658203,104.08000183105469,100.94000244140625,102.76000213623047,8686700,VNQ
2022-05-05,89.3633041381836,101.0999984741211,103.9800033569336,100.31999969482422,103.44000244140625,8884000,VNQ
2022-05-06,88.30261993408203,99.9000015258789,100.69999694824219,98.87000274658203,100.37999725341797,9398500,VNQ
2022-05-09,84.4134292602539,95.5,99.0,95.1500015258789,99.0,8491700,VNQ
2022-05-10,82.87541961669922,93.76000213623047,97.26000213623047,93.01000213623047,96.58000183105469,12528300,VNQ
2022-05-11,82.69862365722656,93.55999755859375,95.75,93.36000061035156,93.95999908447266,9095800,VNQ
2022-05-12,83.3438949584961,94.29000091552734,94.4000015258789,92.87999725341797,93.38999938964844,8312300,VNQ
2022-05-13,85.54481506347656,96.77999877929688,96.80999755859375,94.5,95.11000061035156,7536700,VNQ
2022-05-16,85.0056381225586,96.16999816894531,96.98999786376953,95.97000122070312,96.55000305175781,4614200,VNQ
2022-05-17,86.16356658935547,97.4800033569336,97.51000213623047,96.04000091552734,97.31999969482422,4492000,VNQ
2022-05-18,83.66209411621094,94.6500015258789,97.33000183105469,94.27999877929688,97.19000244140625,5130300,VNQ
2022-05-19,83.29085540771484,94.2300033569336,95.36000061035156,93.88999938964844,93.88999938964844,6365100,VNQ
2022-05-20,83.82119750976562,94.83000183105469,95.33000183105469,93.3499984741211,95.0999984741211,4471300,VNQ
2022-05-23,84.79348754882812,95.93000030517578,96.19999694824219,94.27999877929688,95.6500015258789,4662400,VNQ
2022-05-24,85.50947570800781,96.73999786376953,96.91999816894531,94.05999755859375,95.48999786376953,5895300,VNQ
2022-05-25,86.23426818847656,97.55999755859375,97.81999969482422,96.08000183105469,96.36000061035156,4589300,VNQ
2022-05-26,86.34034729003906,97.68000030517578,98.63999938964844,97.55000305175781,97.93000030517578,4355200,VNQ
2022-05-27,88.65619659423828,100.30000305175781,100.31999969482422,98.19000244140625,98.19000244140625,4990000,VNQ
2022-05-31,87.56897735595703,99.06999969482422,99.7300033569336,98.52999877929688,99.37999725341797,6276900,VNQ
2022-06-01,86.84416198730469,98.25,99.51000213623047,96.9800033569336,99.4000015258789,4607100,VNQ
2022-06-02,88.03744506835938,99.5999984741211,99.6500015258789,96.69000244140625,97.87999725341797,5450800,VNQ
2022-06-03,86.86184692382812,98.2699966430664,99.3499984741211,98.01000213623047,98.81999969482422,4989900,VNQ
2022-06-06,86.58782958984375,97.95999908447266,99.29000091552734,97.72000122070312,99.08999633789062,5445300,VNQ
2022-06-07,87.78112030029297,99.30999755859375,99.36000061035156,97.0999984741211,97.4800033569336,6489200,VNQ
2022-06-08,85.75695037841797,97.0199966430664,98.91999816894531,96.80999755859375,98.66999816894531,4566100,VNQ
2022-06-09,83.7239761352539,94.72000122070312,97.1500015258789,94.72000122070312,96.61000061035156,4358600,VNQ
2022-06-10,81.86776733398438,92.62000274658203,93.7300033569336,92.55999755859375,93.4800033569336,7260100,VNQ
2022-06-13,77.77525329589844,87.98999786376953,90.61000061035156,87.61000061035156,90.55999755859375,8559700,VNQ
2022-06-14,77.18302917480469,87.31999969482422,88.45999908447266,86.62999725341797,88.29000091552734,8707300,VNQ
2022-06-15,79.01272583007812,89.38999938964844,90.61000061035156,87.91000366210938,88.13999938964844,8851100,VNQ
2022-06-16,76.93553924560547,87.04000091552734,88.0,86.66000366210938,87.2699966430664,8083300,VNQ
2022-06-17,77.51891326904297,87.69999694824219,88.8499984741211,86.9000015258789,87.01000213623047,7791800,VNQ
2022-06-21,78.5972900390625,88.91999816894531,89.87999725341797,88.47000122070312,88.51000213623047,5933100,VNQ
2022-06-22,79.59610748291016,90.05000305175781,91.19999694824219,87.9800033569336,87.98999786376953,6250200,VNQ
2022-06-23,81.10832977294922,91.18000030517578,91.44000244140625,89.76000213623047,89.80999755859375,6139300,VNQ
2022-06-24,82.83405303955078,93.12000274658203,93.23999786376953,91.55999755859375,91.83000183105469,4656500,VNQ
2022-06-27,82.7094955444336,92.9800033569336,93.98999786376953,92.43000030517578,93.05000305175781,3784200,VNQ
2022-06-28,81.70433044433594,91.8499984741211,94.23999786376953,91.72000122070312,93.52999877929688,4735900,VNQ
2022-06-29,81.19728088378906,91.27999877929688,91.45999908447266,90.2699966430664,91.33000183105469,4606700,VNQ
2022-06-30,81.04607391357422,91.11000061035156,92.2300033569336,89.95999908447266,90.63999938964844,6402600,VNQ
2022-07-01,82.5049057006836,92.75,93.01000213623047,90.80000305175781,90.97000122070312,4512500,VNQ
2022-07-05,82.27362823486328,92.48999786376953,92.5199966430664,90.33000183105469,91.80999755859375,5154400,VNQ
2022-07-06,82.12242126464844,92.31999969482422,93.55000305175781,92.01000213623047,92.77999877929688,3428900,VNQ
2022-07-07,82.34480285644531,92.56999969482422,93.38999938964844,92.33000183105469,92.87999725341797,3032400,VNQ
2022-07-08,81.9089126586914,92.08000183105469,92.7699966430664,91.63999938964844,92.37000274658203,3509800,VNQ
2022-07-11,81.73101043701172,91.87999725341797,92.25,91.16999816894531,91.77999877929688,3453200,VNQ
2022-07-12,81.4107666015625,91.5199966430664,92.44999694824219,90.87000274658203,91.4000015258789,4396100,VNQ
2022-07-13,81.01937866210938,91.08000183105469,91.75,89.91999816894531,90.48999786376953,5572400,VNQ
2022-07-14,80.28994750976562,90.26000213623047,90.66000366210938,89.44999694824219,89.56999969482422,4494500,VNQ
2022-07-15,81.65093994140625,91.79000091552734,92.2300033569336,90.9000015258789,91.7300033569336,5124800,VNQ
2022-07-18,81.07273864746094,91.13999938964844,92.52999877929688,90.77999877929688,92.43000030517578,3397900,VNQ
2022-07-19,83.17205810546875,93.5,93.61000061035156,91.86000061035156,91.95999908447266,3659100,VNQ
2022-07-20,82.97636413574219,93.27999877929688,94.41999816894531,92.81999969482422,93.33000183105469,4212400,VNQ
2022-07-21,83.6346206665039,94.0199966430664,94.02999877929688,92.37999725341797,93.47000122070312,5062800,VNQ
2022-07-22,84.07051086425781,94.51000213623047,95.11000061035156,93.79000091552734,94.58000183105469,3615200,VNQ
2022-07-25,84.21282958984375,94.66999816894531,95.20999908447266,94.19000244140625,94.61000061035156,3252800,VNQ
2022-07-26,84.30177307128906,94.7699966430664,95.27999877929688,94.41999816894531,94.66000366210938,3337300,VNQ
2022-07-27,84.8088150024414,95.33999633789062,95.56999969482422,94.19000244140625,95.0,4160900,VNQ
2022-07-28,87.55750274658203,98.43000030517578,98.5199966430664,95.95999908447266,95.97000122070312,4100300,VNQ
2022-07-29,88.02896118164062,98.95999908447266,99.31999969482422,98.02999877929688,98.43000030517578,3301300,VNQ
2022-08-01,87.31732177734375,98.16000366210938,98.69999694824219,97.69000244140625,98.44999694824219,3572700,VNQ
2022-08-02,86.19649505615234,96.9000015258789,98.41000366210938,96.83999633789062,98.12999725341797,4731300,VNQ
2022-08-03,86.47225952148438,97.20999908447266,98.22000122070312,97.16000366210938,97.5,3107000,VNQ
2022-08-04,86.33882904052734,97.05999755859375,97.48999786376953,96.47000122070312,97.33999633789062,2884200,VNQ
2022-08-05,86.5790023803711,97.33000183105469,97.37999725341797,96.01000213623047,96.3499984741211,2719300,VNQ
2022-08-08,87.3529052734375,98.19999694824219,98.9000015258789,97.62999725341797,98.0,4694200,VNQ
2022-08-09,87.833251953125,98.73999786376953,98.75,97.9000015258789,98.33000183105469,3403700,VNQ
2022-08-10,89.16757202148438,100.23999786376953,100.38999938964844,99.47000122070312,99.86000061035156,3165200,VNQ
2022-08-11,88.9540786743164,100.0,101.12000274658203,99.72000122070312,100.68000030517578,2151600,VNQ
2022-08-12,90.48408508300781,101.72000122070312,101.79000091552734,100.56999969482422,100.5999984741211,3423700,VNQ
2022-08-15,90.84880065917969,102.12999725341797,102.27999877929688,101.33000183105469,101.51000213623047,2135300,VNQ
2022-08-16,90.60862731933594,101.86000061035156,102.37000274658203,101.48999786376953,101.68000030517578,3680800,VNQ
2022-08-17,90.06600952148438,101.25,101.8499984741211,100.63999938964844,100.94000244140625,3683400,VNQ
2022-08-18,89.47002410888672,100.58000183105469,101.51000213623047,100.11000061035156,101.26000213623047,2263400,VNQ
2022-08-19,88.5270767211914,99.5199966430664,100.37999725341797,99.16999816894531,99.9800033569336,2788800,VNQ
2022-08-22,86.5968017578125,97.3499984741211,98.81999969482422,97.25,98.73999786376953,3517500,VNQ
2022-08-23,85.48487854003906,96.0999984741211,97.30000305175781,95.7300033569336,97.25,5605300,VNQ
2022-08-24,85.97411346435547,96.6500015258789,97.23999786376953,96.11000061035156,96.19000244140625,2292200,VNQ
2022-08-25,87.25504302978516,98.08999633789062,98.12000274658203,96.75,96.94999694824219,2129200,VNQ
2022-08-26,85.0578842163086,95.62000274658203,98.19000244140625,95.58000183105469,98.19000244140625,3187200,VNQ
2022-08-29,84.29289245605469,94.76000213623047,95.73999786376953,94.58000183105469,95.05000305175781,2833800,VNQ
2022-08-30,83.12757110595703,93.44999694824219,95.12000274658203,93.18000030517578,95.12000274658203,3643600,VNQ
2022-08-31,82.7361831665039,93.01000213623047,94.4000015258789,92.80000305175781,93.9800033569336,4100800,VNQ
2022-09-01,82.88742065429688,93.18000030517578,93.19999694824219,91.51000213623047,92.44999694824219,4746100,VNQ
2022-09-02,81.73101043701172,91.87999725341797,94.16999816894531,91.66000366210938,93.98999786376953,3561800,VNQ
2022-09-06,82.46932220458984,92.70999908447266,93.0999984741211,91.76000213623047,92.2699966430664,4591800,VNQ
2022-09-07,84.07939147949219,94.5199966430664,94.70999908447266,92.66999816894531,92.70999908447266,3681100,VNQ
2022-09-08,84.31067657470703,94.77999877929688,95.11000061035156,93.75,94.02999877929688,3408300,VNQ
2022-09-09,85.2269058227539,95.80999755859375,96.13999938964844,94.68000030517578,95.08000183105469,4129900,VNQ
2022-09-12,86.0541763305664,96.73999786376953,96.91999816894531,96.06999969482422,96.19000244140625,2737500,VNQ
2022-09-13,82.76287078857422,93.04000091552734,95.11000061035156,92.73999786376953,94.8499984741211,4824900,VNQ
2022-09-14,81.81996154785156,91.9800033569336,92.93000030517578,91.33000183105469,92.6500015258789,5301500,VNQ
2022-09-15,80.30774688720703,90.27999877929688,92.27999877929688,90.18000030517578,92.01000213623047,6727800,VNQ
2022-09-16,80.31663513183594,90.29000091552734,90.38999938964844,89.0999984741211,89.80999755859375,6807800,VNQ
2022-09-19,80.20099639892578,90.16000366210938,90.19999694824219,88.87999725341797,89.4800033569336,4467100,VNQ
2022-09-20,78.25291442871094,87.97000122070312,89.4000015258789,87.5199966430664,89.31999969482422,5850800,VNQ
2022-09-21,77.01644897460938,86.58000183105469,89.0999984741211,86.55000305175781,88.58000183105469,7128900,VNQ
2022-09-22,76.0379409790039,85.4800033569336,86.36000061035156,85.18000030517578,86.31999969482422,6743600,VNQ
2022-09-23,75.02727508544922,83.44000244140625,84.12999725341797,82.5199966430664,83.69999694824219,8982100,VNQ
2022-09-26,72.92320251464844,81.0999984741211,83.05000305175781,80.25,82.98999786376953,8119600,VNQ
2022-09-27,71.95207977294922,80.0199966430664,82.3499984741211,79.81999969482422,81.80000305175781,10015000,VNQ
2022-09-28,73.4447250366211,81.68000030517578,82.01000213623047,79.93000030517578,80.75,9000200,VNQ
2022-09-29,71.28668975830078,79.27999877929688,80.86000061035156,78.7300033569336,80.86000061035156,8576300,VNQ
2022-09-30,72.08695983886719,80.16999816894531,80.73999786376953,79.5,79.69999694824219,9023600,VNQ
2022-10-03,73.37278747558594,81.5999984741211,82.11000061035156,80.04000091552734,81.4000015258789,8718400,VNQ
2022-10-04,74.8564224243164,83.25,83.87000274658203,82.43000030517578,82.55000305175781,6439300,VNQ
2022-10-05,73.3907699584961,81.62000274658203,82.25,80.2699966430664,82.12000274658203,6518400,VNQ
2022-10-06,71.34963989257812,79.3499984741211,81.72000122070312,79.18000030517578,81.38999938964844,7820800,VNQ
2022-10-07,69.63221740722656,77.44000244140625,79.04000091552734,76.91999816894531,78.5999984741211,6913700,VNQ
2022-10-10,68.97581481933594,76.70999908447266,78.20999908447266,76.58999633789062,77.55000305175781,6549500,VNQ
2022-10-11,69.67716979980469,77.48999786376953,78.0199966430664,75.76000213623047,76.66000366210938,7189700,VNQ
2022-10-12,68.94883728027344,76.68000030517578,77.5,76.19999694824219,77.5,6634400,VNQ
2022-10-13,70.20770263671875,78.08000183105469,78.45999908447266,74.66000366210938,75.1500015258789,8561200,VNQ
2022-10-14,68.4632797241211,76.13999938964844,79.27999877929688,76.02999877929688,78.68000030517578,7320700,VNQ
2022-10-17,71.04393005371094,79.01000213623047,79.30999755859375,77.48999786376953,77.55000305175781,5823800,VNQ
2022-10-18,71.81721496582031,79.87000274658203,80.98999786376953,79.12999725341797,80.30999755859375,5609200,VNQ
2022-10-19,70.0278549194336,77.87999725341797,79.3499984741211,77.4000015258789,79.08999633789062,6452100,VNQ
2022-10-20,69.72213745117188,77.54000091552734,78.79000091552734,77.31999969482422,77.91999816894531,4959700,VNQ
2022-10-21,70.2706298828125,78.1500015258789,78.19000244140625,76.54000091552734,77.80999755859375,6060100,VNQ
2022-10-24,70.26162719726562,78.13999938964844,79.11000061035156,77.56999969482422,78.79000091552734,4918000,VNQ
2022-10-25,73.02210998535156,81.20999908447266,81.36000061035156,78.41000366210938,78.41000366210938,5815800,VNQ
2022-10-26,72.9771499633789,81.16000366210938,81.91000366210938,80.61000061035156,81.12999725341797,5746800,VNQ
2022-10-27,73.08504486083984,81.27999877929688,82.22000122070312,81.0199966430664,81.61000061035156,5239600,VNQ
2022-10-28,74.694580078125,83.06999969482422,83.27999877929688,80.72000122070312,80.94999694824219,4651400,VNQ
2022-10-31,74.61366271972656,82.9800033569336,83.43000030517578,82.08000183105469,82.30000305175781,5112200,VNQ
2022-11-01,74.586669921875,82.94999694824219,84.12999725341797,82.76000213623047,83.87999725341797,4751100,VNQ
2022-11-02,72.53654479980469,80.66999816894531,83.41999816894531,80.51000213623047,82.43000030517578,7240200,VNQ
2022-11-03,72.4376449584961,80.55999755859375,81.16999816894531,79.02999877929688,79.93000030517578,5231600,VNQ
2022-11-04,73.42674255371094,81.66000366210938,82.20999908447266,80.0999984741211,81.19999694824219,5664800,VNQ
2022-11-07,73.42674255371094,81.66000366210938,82.55000305175781,81.11000061035156,82.08999633789062,5545800,VNQ
2022-11-08,73.65152740478516,81.91000366210938,82.77999877929688,81.38999938964844,81.87999725341797,5578400,VNQ
2022-11-09,72.89622497558594,81.06999969482422,82.62000274658203,80.86000061035156,81.70999908447266,5510300,VNQ
2022-11-10,78.22834014892578,87.0,87.16999816894531,83.94999694824219,84.0,8312600,VNQ
2022-11-11,78.21934509277344,86.98999786376953,87.88999938964844,86.66000366210938,87.02999877929688,5928000,VNQ
2022-11-14,76.31309509277344,84.87000274658203,86.62000274658203,84.80999755859375,86.51000213623047,6181900,VNQ
2022-11-15,77.14034271240234,85.79000091552734,86.38999938964844,84.87999725341797,86.0,5283900,VNQ
2022-11-16,76.43898010253906,85.01000213623047,85.9000015258789,84.80999755859375,85.56999969482422,4258200,VNQ
2022-11-17,75.9174575805664,84.43000030517578,84.61000061035156,83.5999984741211,83.95999908447266,4463400,VNQ
2022-11-18,76.87958526611328,85.5,85.83999633789062,84.63999938964844,85.44000244140625,3854100,VNQ
2022-11-21,77.28419494628906,85.94999694824219,86.02999877929688,84.94000244140625,85.19999694824219,3505900,VNQ
2022-11-22,77.70681762695312,86.41999816894531,86.52999877929688,85.76000213623047,86.31999969482422,3514700,VNQ
2022-11-23,77.76974487304688,86.48999786376953,86.91000366210938,85.79000091552734,86.30999755859375,4423800,VNQ
2022-11-25,78.2643051147461,87.04000091552734,87.05999755859375,86.56999969482422,86.56999969482422,1524100,VNQ
2022-11-28,76.1692123413086,84.70999908447266,86.95999908447266,84.51000213623047,86.55000305175781,4032700,VNQ
2022-11-29,77.4280776977539,86.11000061035156,86.22000122070312,84.51000213623047,84.77999877929688,6035700,VNQ
2022-11-30,79.19944763183594,88.08000183105469,88.13999938964844,85.2699966430664,85.91000366210938,7077800,VNQ
2022-12-01,79.02861022949219,87.88999938964844,89.37999725341797,87.16999816894531,88.72000122070312,5038900,VNQ
2022-12-02,78.79480743408203,87.62999725341797,88.06999969482422,86.48999786376953,86.8499984741211,3953700,VNQ
2022-12-05,77.35613250732422,86.02999877929688,87.37000274658203,85.83999633789062,87.37000274658203,5983200,VNQ
2022-12-06,76.62781524658203,85.22000122070312,86.25,84.8499984741211,86.20999908447266,5276900,VNQ
2022-12-07,76.7806625366211,85.38999938964844,86.29000091552734,84.87999725341797,85.05000305175781,6206700,VNQ
2022-12-08,77.3201675415039,85.98999786376953,86.7699966430664,85.5,85.66000366210938,3994400,VNQ
2022-12-09,77.17630767822266,85.83000183105469,86.66000366210938,85.5,85.70999908447266,4572500,VNQ
2022-12-12,77.76974487304688,86.48999786376953,86.5,85.05999755859375,86.02999877929688,5115900,VNQ
2022-12-13,79.20843505859375,88.08999633789062,89.47000122070312,87.08000183105469,88.87999725341797,6864400,VNQ
2022-12-14,78.66893005371094,87.48999786376953,89.11000061035156,87.05000305175781,88.02999877929688,6553300,VNQ
2022-12-15,77.61690521240234,86.31999969482422,87.12000274658203,85.83999633789062,86.51000213623047,5325500,VNQ
2022-12-16,75.61173248291016,84.08999633789062,85.41999816894531,83.16000366210938,85.41999816894531,8166400,VNQ
2022-12-19,74.64961242675781,83.0199966430664,84.0,82.5199966430664,84.0,3776100,VNQ
2022-12-20,74.46078491210938,82.80999755859375,83.29000091552734,81.86000061035156,82.62999725341797,6614800,VNQ
2022-12-21,75.09919738769531,83.5199966430664,84.41999816894531,83.25,83.36000061035156,7101700,VNQ
2022-12-22,74.7837142944336,82.01000213623047,82.05999755859375,80.48999786376953,81.66999816894531,6619400,VNQ
2022-12-23,75.44937133789062,82.73999786376953,82.7699966430664,81.4000015258789,81.76000213623047,3539500,VNQ
2022-12-27,75.42201232910156,82.70999908447266,82.97000122070312,81.9800033569336,82.70999908447266,3961900,VNQ
2022-12-28,74.13626098632812,81.30000305175781,83.2699966430664,81.18000030517578,82.87999725341797,5168000,VNQ
2022-12-29,75.7594223022461,83.08000183105469,83.26000213623047,81.62999725341797,81.87000274658203,5398400,VNQ
2022-12-30,75.2122802734375,82.4800033569336,82.8499984741211,81.5,82.4800033569336,4897700,VNQ
2023-01-03,75.28524017333984,82.55999755859375,83.86000061035156,81.66000366210938,83.16999816894531,5906600,VNQ
2023-01-04,76.99046325683594,84.43000030517578,85.18000030517578,83.16999816894531,83.25,6860200,VNQ
2023-01-05,74.92047882080078,82.16000366210938,83.76000213623047,81.95999908447266,83.76000213623047,6839500,VNQ
2023-01-06,76.93572998046875,84.37000274658203,84.66000366210938,82.19999694824219,82.56999969482422,5962000,VNQ
2023-01-09,76.96310424804688,84.4000015258789,85.33000183105469,84.04000091552734,84.63999938964844,5699200,VNQ
2023-01-10,77.13636016845703,84.58999633789062,84.58999633789062,83.47000122070312,84.2699966430664,8040700,VNQ
2023-01-11,79.89937591552734,87.62000274658203,87.6500015258789,85.22000122070312,85.22000122070312,5663300,VNQ
2023-01-12,80.91156768798828,88.7300033569336,88.86000061035156,87.12999725341797,88.0,5890600,VNQ
2023-01-13,80.41002655029297,88.18000030517578,88.52999877929688,87.52999877929688,87.80000305175781,4153800,VNQ
2023-01-17,80.63799285888672,88.43000030517578,88.88999938964844,88.08000183105469,88.30999755859375,3943900,VNQ
2023-01-18,79.46165466308594,87.13999938964844,88.9800033569336,86.98999786376953,88.68000030517578,5984200,VNQ
2023-01-19,79.02395629882812,86.66000366210938,87.62999725341797,86.61000061035156,86.66000366210938,4696800,VNQ
2023-01-20,79.96318817138672,87.69000244140625,87.72000122070312,85.66999816894531,86.68000030517578,4251100,VNQ
2023-01-23,80.32794952392578,88.08999633789062,88.58999633789062,87.13999938964844,87.69999694824219,5154100,VNQ
2023-01-24,80.52857208251953,88.30999755859375,88.68000030517578,87.0,87.8499984741211,3810600,VNQ
2023-01-25,80.56504821777344,88.3499984741211,88.48999786376953,87.5,87.91000366210938,4953300,VNQ
2023-01-26,81.46780395507812,89.33999633789062,89.36000061035156,88.37000274658203,88.8499984741211,3939000,VNQ
2023-01-27,82.37968444824219,90.33999633789062,90.68000030517578,89.13999938964844,89.13999938964844,4972100,VNQ
2023-01-30,81.33102416992188,89.19000244140625,90.58000183105469,89.1500015258789,89.62000274658203,4737700,VNQ
2023-01-31,83.03623962402344,91.05999755859375,91.16999816894531,89.13999938964844,89.29000091552734,5449600,VNQ
2023-02-01,83.54691314697266,91.62000274658203,92.23999786376953,89.5999984741211,90.56999969482422,9787400,VNQ
2023-02-02,85.4436264038086,93.69999694824219,94.52999877929688,92.41999816894531,92.44999694824219,5218600,VNQ
2023-02-03,83.83871459960938,91.94000244140625,92.44000244140625,90.80000305175781,92.38999938964844,5353000,VNQ
2023-02-06,83.22775268554688,91.2699966430664,91.37999725341797,90.33999633789062,90.80000305175781,3787500,VNQ
2023-02-07,83.04536437988281,91.06999969482422,91.48999786376953,89.87000274658203,90.83999633789062,5912700,VNQ
2023-02-08,82.65325927734375,90.63999938964844,91.1500015258789,90.31999969482422,90.6500015258789,4886900,VNQ
2023-02-09,81.75049591064453,89.6500015258789,91.52999877929688,89.41000366210938,91.01000213623047,2905100,VNQ
2023-02-10,82.0331802368164,89.95999908447266,90.12999725341797,88.76000213623047,89.25,3270300,VNQ
2023-02-13,82.7626953125,90.76000213623047,90.9000015258789,90.08000183105469,90.18000030517578,2921900,VNQ
2023-02-14,82.10613250732422,90.04000091552734,91.16000366210938,89.5,90.47000122070312,4217600,VNQ
2023-02-15,82.43441772460938,90.4000015258789,90.41999816894531,89.23999786376953,89.48999786376953,3669900,VNQ
2023-02-16,81.63194274902344,89.5199966430664,90.30999755859375,88.41999816894531,89.12999725341797,4493100,VNQ
2023-02-17,81.31278228759766,89.16999816894531,89.45999908447266,88.31999969482422,89.20999908447266,4299600,VNQ
2023-02-21,79.68051147460938,87.37999725341797,88.62000274658203,86.98999786376953,88.61000061035156,4926400,VNQ
2023-02-22,78.96012115478516,86.58999633789062,87.7699966430664,86.19999694824219,87.5999984741211,4456500,VNQ
2023-02-23,79.5528564453125,87.23999786376953,87.47000122070312,86.29000091552734,87.12000274658203,6074900,VNQ
2023-02-24,78.15766906738281,85.70999908447266,86.33000183105469,85.2699966430664,86.26000213623047,5065400,VNQ
2023-02-27,78.27619934082031,85.83999633789062,87.1500015258789,85.47000122070312,86.54000091552734,5170800,VNQ
2023-02-28,78.16679382324219,85.72000122070312,86.83999633789062,85.62000274658203,85.80000305175781,7261100,VNQ
2023-03-01,77.18194580078125,84.63999938964844,85.37000274658203,83.95999908447266,85.12000274658203,7041800,VNQ
2023-03-02,78.08470916748047,85.62999725341797,85.76000213623047,83.91999816894531,84.04000091552734,5208800,VNQ
2023-03-03,79.27015686035156,86.93000030517578,87.12999725341797,86.05999755859375,86.30999755859375,4542100,VNQ
2023-03-06,78.96012115478516,86.58999633789062,87.41000366210938,86.38999938964844,87.33000183105469,3893700,VNQ
2023-03-07,77.11812591552734,84.56999969482422,86.61000061035156,84.38999938964844,86.52999877929688,6540600,VNQ
2023-03-08,78.00265502929688,85.54000091552734,86.04000091552734,84.48999786376953,84.52999877929688,5750400,VNQ
2023-03-09,76.2153549194336,83.58000183105469,85.76000213623047,83.4000015258789,85.68000030517578,5974200,VNQ
2023-03-10,73.6894302368164,80.80999755859375,83.62999725341797,80.37999725341797,83.45999908447266,10351000,VNQ
2023-03-13,74.6560287475586,81.87000274658203,82.95999908447266,80.08999633789062,80.38999938964844,16288000,VNQ
2023-03-14,75.37642669677734,82.66000366210938,83.62000274658203,81.7699966430664,83.26000213623047,8706400,VNQ
2023-03-15,75.32170104980469,82.5999984741211,82.8499984741211,81.30000305175781,81.30999755859375,10284900,VNQ
2023-03-16,75.15755462646484,82.41999816894531,82.83000183105469,80.94999694824219,81.86000061035156,10324300,VNQ
2023-03-17,73.45234680175781,80.55000305175781,82.16000366210938,80.47000122070312,82.08000183105469,9103200,VNQ
2023-03-20,74.29127502441406,81.47000122070312,81.81999969482422,80.44000244140625,81.16000366210938,6300300,VNQ
2023-03-21,73.9629898071289,81.11000061035156,82.22000122070312,80.4000015258789,82.0,5024500,VNQ
2023-03-22,71.19999694824219,78.08000183105469,80.66999816894531,78.05999755859375,80.63999938964844,8283600,VNQ
2023-03-23,70.75315856933594,77.58999633789062,79.48999786376953,77.30999755859375,78.4800033569336,6274400,VNQ
2023-03-24,72.56758880615234,78.79000091552734,78.80999755859375,76.22000122070312,76.45999908447266,8380000,VNQ
2023-03-27,72.48468017578125,78.69999694824219,79.55000305175781,78.58000183105469,79.26000213623047,4956700,VNQ
2023-03-28,72.3096923828125,78.51000213623047,78.86000061035156,77.81999969482422,78.12000274658203,4213800,VNQ
2023-03-29,73.91227722167969,80.25,80.3499984741211,79.30000305175781,79.44000244140625,6364000,VNQ
2023-03-30,74.87934875488281,81.30000305175781,81.55000305175781,80.9000015258789,81.0199966430664,4838000,VNQ
2023-03-31,76.48193359375,83.04000091552734,83.12000274658203,81.63999938964844,81.7699966430664,6148200,VNQ
2023-04-03,75.87406158447266,82.37999725341797,83.62000274658203,81.95999908447266,82.94000244140625,7582700,VNQ
2023-04-04,75.77273559570312,82.2699966430664,82.72000122070312,81.72000122070312,82.55000305175781,6243400,VNQ
2023-04-05,75.36750030517578,81.83000183105469,82.5999984741211,81.70999908447266,82.04000091552734,7024100,VNQ
2023-04-06,75.88327026367188,82.38999938964844,82.44000244140625,81.47000122070312,82.12000274658203,7008200,VNQ
2023-04-10,76.23326110839844,82.7699966430664,82.79000091552734,81.52999877929688,82.0,3972100,VNQ
2023-04-11,76.55561828613281,83.12000274658203,83.80000305175781,82.5999984741211,82.93000030517578,4839400,VNQ
2023-04-12,76.18722534179688,82.72000122070312,83.9800033569336,82.58000183105469,83.86000061035156,5920500,VNQ
2023-04-13,75.95695495605469,82.47000122070312,82.83000183105469,81.68000030517578,82.77999877929688,3884400,VNQ
2023-04-14,74.77804565429688,81.19000244140625,83.01000213623047,80.56999969482422,82.5199966430664,5078300,VNQ
2023-04-17,76.3345718383789,82.87999725341797,82.9000015258789,81.19000244140625,81.19000244140625,5148900,VNQ
2023-04-18,76.15957641601562,82.69000244140625,82.9800033569336,82.2699966430664,82.97000122070312,4189600,VNQ
2023-04-19,76.61088562011719,83.18000030517578,83.37000274658203,81.97000122070312,82.2699966430664,3624200,VNQ
2023-04-20,75.85563659667969,82.36000061035156,82.7699966430664,81.93000030517578,82.68000030517578,4604400,VNQ
2023-04-21,75.86485290527344,82.37000274658203,82.7699966430664,81.68000030517578,82.38999938964844,5136600,VNQ
2023-04-24,75.57933044433594,82.05999755859375,82.73999786376953,81.41999816894531,82.36000061035156,3673500,VNQ
2023-04-25,74.83331298828125,81.25,81.88999938964844,81.16000366210938,81.5999984741211,5127500,VNQ
2023-04-26,74.11491394042969,80.47000122070312,81.81999969482422,80.29000091552734,81.08999633789062,5128500,VNQ
2023-04-27,75.79115295410156,82.29000091552734,82.5199966430664,80.61000061035156,80.75,6439300,VNQ
2023-04-28,76.72140502929688,83.30000305175781,83.70999908447266,82.20999908447266,82.41999816894531,5352800,VNQ
2023-05-01,76.1503677368164,82.68000030517578,83.62000274658203,82.55000305175781,83.30999755859375,4817200,VNQ
2023-05-02,74.86093139648438,81.27999877929688,82.63999938964844,80.66999816894531,82.47000122070312,5442500,VNQ
2023-05-03,74.56620025634766,80.95999908447266,82.58000183105469,80.88999938964844,81.68000030517578,7538900,VNQ
2023-05-04,75.18329620361328,81.62999725341797,82.11000061035156,80.43000030517578,80.91999816894531,7231800,VNQ
2023-05-05,76.43587493896484,82.98999786376953,83.16999816894531,82.08999633789062,82.11000061035156,4560600,VNQ
2023-05-08,75.99378204345703,82.51000213623047,83.06999969482422,82.16999816894531,82.80999755859375,4896000,VNQ
2023-05-09,75.67144012451172,82.16000366210938,82.51000213623047,81.25,82.11000061035156,4522000,VNQ
2023-05-10,76.39904022216797,82.94999694824219,83.2699966430664,82.0999984741211,82.95999908447266,6331600,VNQ
2023-05-11,75.56090545654297,82.04000091552734,82.4000015258789,81.52999877929688,82.36000061035156,5175400,VNQ
2023-05-12,75.55169677734375,82.02999877929688,82.29000091552734,81.36000061035156,82.19999694824219,3293800,VNQ
2023-05-15,75.42276000976562,81.88999938964844,82.37999725341797,81.68000030517578,82.16999816894531,3477400,VNQ
2023-05-16,73.53465270996094,79.83999633789062,81.80000305175781,79.83000183105469,81.69000244140625,5401000,VNQ
2023-05-17,74.52936553955078,80.91999816894531,81.05999755859375,79.62000274658203,80.3499984741211,4849000,VNQ
2023-05-18,74.17015838623047,80.52999877929688,80.94999694824219,79.91000366210938,80.58000183105469,4009000,VNQ
2023-05-19,74.05043029785156,80.4000015258789,81.30999755859375,80.01000213623047,80.88999938964844,4800200,VNQ
2023-05-22,74.5017318725586,80.88999938964844,81.37999725341797,80.05000305175781,80.47000122070312,4839100,VNQ
2023-05-23,73.80175018310547,80.12999725341797,81.55000305175781,80.02999877929688,80.70999908447266,5460000,VNQ
2023-05-24,72.21759033203125,78.41000366210938,79.9000015258789,78.31999969482422,79.68000030517578,4910700,VNQ
2023-05-25,72.2083740234375,78.4000015258789,78.97000122070312,77.80999755859375,78.79000091552734,4810700,VNQ
2023-05-26,73.03729248046875,79.30000305175781,79.44999694824219,78.18000030517578,78.52999877929688,3230700,VNQ
2023-05-30,73.31360626220703,79.5999984741211,80.4800033569336,79.37000274658203,79.58000183105469,4449400,VNQ
2023-05-31,73.68202209472656,80.0,80.18000030517578,79.11000061035156,79.38999938964844,4673800,VNQ
2023-06-01,73.69123840332031,80.01000213623047,80.4800033569336,79.1500015258789,79.9000015258789,4016600,VNQ
2023-06-02,75.48723602294922,81.95999908447266,82.19000244140625,80.73999786376953,80.88999938964844,5114900,VNQ
2023-06-05,74.96223449707031,81.38999938964844,82.30999755859375,81.23999786376953,81.86000061035156,3936600,VNQ
2023-06-06,75.6806411743164,82.16999816894531,82.33999633789062,81.19999694824219,81.79000091552734,4728200,VNQ
2023-06-07,77.0713882446289,83.68000030517578,83.9000015258789,82.1500015258789,82.54000091552734,3825200,VNQ
2023-06-08,76.59245300292969,83.16000366210938,83.44000244140625,82.26000213623047,83.30000305175781,3097900,VNQ
2023-06-09,76.1503677368164,82.68000030517578,83.33999633789062,82.33999633789062,83.19000244140625,3199400,VNQ
2023-06-12,76.16879272460938,82.69999694824219,82.72000122070312,81.94999694824219,82.62000274658203,4072500,VNQ
2023-06-13,76.65693664550781,83.2300033569336,83.33000183105469,82.3499984741211,82.5999984741211,3693700,VNQ
2023-06-14,76.94245147705078,83.54000091552734,84.12999725341797,82.8499984741211,83.56999969482422,5042700,VNQ
2023-06-15,77.34769439697266,83.9800033569336,84.12000274658203,82.68000030517578,83.2300033569336,4661000,VNQ
2023-06-16,77.29244232177734,83.91999816894531,84.68000030517578,83.73999786376953,84.16000366210938,4575700,VNQ
2023-06-20,76.3806381225586,82.93000030517578,83.72000122070312,82.47000122070312,83.62000274658203,3826600,VNQ
2023-06-21,75.92011260986328,82.43000030517578,82.7300033569336,81.83000183105469,82.47000122070312,4691300,VNQ
2023-06-22,74.83331298828125,81.25,82.61000061035156,80.76000213623047,82.54000091552734,5114800,VNQ
2023-06-23,73.80175018310547,80.12999725341797,81.44999694824219,80.0999984741211,80.76000213623047,3956400,VNQ
2023-06-26,75.50565338134766,81.9800033569336,82.0999984741211,80.0199966430664,80.12999725341797,3246800,VNQ
2023-06-27,76.43587493896484,82.98999786376953,83.22000122070312,81.73999786376953,82.30999755859375,3845900,VNQ
2023-06-28,76.54640197753906,83.11000061035156,83.27999877929688,82.37000274658203,82.91000366210938,4691000,VNQ
2023-06-29,77.40145874023438,83.0999984741211,83.12999725341797,81.66000366210938,81.94000244140625,5033400,VNQ
2023-06-30,77.82991027832031,83.55999755859375,84.01000213623047,82.38999938964844,83.80999755859375,5758500,VNQ
2023-07-03,78.59368133544922,84.37999725341797,84.75,83.12999725341797,83.43000030517578,3632400,VNQ
2023-07-05,78.77066802978516,84.56999969482422,85.0999984741211,83.43000030517578,84.19999694824219,5766400,VNQ
2023-07-06,78.16522216796875,83.91999816894531,84.0199966430664,82.36000061035156,83.45999908447266,5609000,VNQ
2023-07-07,77.98825073242188,83.7300033569336,84.2699966430664,83.31999969482422,83.5,5865300,VNQ
2023-07-10,78.32356262207031,84.08999633789062,84.16000366210938,83.23999786376953,83.47000122070312,3855600,VNQ
2023-07-11,79.44127655029297,85.29000091552734,85.33999633789062,84.12000274658203,84.31999969482422,4039500,VNQ
2023-07-12,79.86974334716797,85.75,86.55000305175781,85.66999816894531,86.44000244140625,5361600,VNQ
2023-07-13,80.38201904296875,86.30000305175781,86.31999969482422,85.26000213623047,85.73999786376953,5067100,VNQ
2023-07-14,80.22367095947266,86.12999725341797,86.19000244140625,85.58000183105469,85.9800033569336,5618100,VNQ
2023-07-17,79.70207977294922,85.56999969482422,86.2300033569336,85.41000366210938,85.91000366210938,5610700,VNQ
2023-07-18,79.2643051147461,85.0999984741211,85.83000183105469,84.37999725341797,85.70999908447266,4606300,VNQ
2023-07-19,80.15847778320312,86.05999755859375,86.44999694824219,85.58000183105469,85.5999984741211,5363700,VNQ
2023-07-20,79.89766693115234,85.77999877929688,85.81999969482422,84.70999908447266,85.7300033569336,5667100,VNQ
2023-07-21,80.27024841308594,86.18000030517578,86.41999816894531,85.80000305175781,86.01000213623047,4765800,VNQ
2023-07-24,80.93155670166016,86.88999938964844,86.97000122070312,86.1500015258789,86.20999908447266,4990600,VNQ
2023-07-25,80.35408020019531,86.2699966430664,87.16999816894531,86.18000030517578,86.56999969482422,4968100,VNQ
2023-07-26,80.71733093261719,86.66000366210938,86.83999633789062,86.08999633789062,86.12999725341797,7377400,VNQ
2023-07-27,78.96625518798828,84.77999877929688,87.31999969482422,84.70999908447266,87.11000061035156,8010000,VNQ
2023-07-28,78.90103912353516,84.70999908447266,86.0,84.55000305175781,85.79000091552734,5025800,VNQ
2023-07-31,79.413330078125,85.26000213623047,85.73999786376953,84.66999816894531,84.94000244140625,6121600,VNQ
2023-08-01,79.28294372558594,85.12000274658203,85.41999816894531,84.66999816894531,85.04000091552734,4641600,VNQ
2023-08-02,78.8265380859375,84.62999725341797,84.81999969482422,84.08999633789062,84.41000366210938,4147000,VNQ
2023-08-03,77.96961975097656,83.70999908447266,83.83000183105469,82.58999633789062,83.80999755859375,6454100,VNQ
2023-08-04,77.33625030517578,83.02999877929688,84.2300033569336,82.73999786376953,83.48999786376953,5148300,VNQ
2023-08-07,78.30493927001953,84.06999969482422,84.11000061035156,83.08999633789062,83.25,3906500,VNQ
2023-08-08,77.80197143554688,83.52999877929688,83.7300033569336,82.7300033569336,83.4000015258789,3854800,VNQ
2023-08-09,77.79264831542969,83.5199966430664,83.9800033569336,82.95999908447266,83.26000213623047,2960200,VNQ
2023-08-10,77.49459838867188,83.19999694824219,84.38999938964844,82.9800033569336,83.69999694824219,4451100,VNQ
2023-08-11,77.61569213867188,83.33000183105469,83.44999694824219,82.62999725341797,82.88999938964844,3654700,VNQ
2023-08-14,77.10338592529297,82.77999877929688,83.19000244140625,82.52999877929688,83.19000244140625,3376700,VNQ
2023-08-15,76.23717498779297,81.8499984741211,82.41000366210938,81.66999816894531,82.12999725341797,3398400,VNQ
2023-08-16,75.29642486572266,80.83999633789062,81.97000122070312,80.79000091552734,81.91000366210938,3703700,VNQ
2023-08-17,74.6910171508789,80.19000244140625,81.44000244140625,80.16000366210938,80.91999816894531,4069800,VNQ
2023-08-18,74.92385864257812,80.44000244140625,80.61000061035156,79.5,79.62000274658203,3307400,VNQ
2023-08-21,74.23460388183594,79.69999694824219,80.27999877929688,79.04000091552734,80.25,3789800,VNQ
2023-08-22,74.44883728027344,79.93000030517578,80.25,79.68000030517578,79.9800033569336,3380200,VNQ
2023-08-23,75.6224365234375,81.19000244140625,81.29000091552734,80.19999694824219,80.19999694824219,3257800,VNQ
2023-08-24,75.33367919921875,80.87999725341797,82.30999755859375,80.80999755859375,81.41999816894531,4523800,VNQ
2023-08-25,75.38957214355469,80.94000244140625,81.5,80.58999633789062,80.98999786376953,4252000,VNQ
2023-08-28,76.09745025634766,81.69999694824219,82.13999938964844,81.2699966430664,81.2699966430664,3448800,VNQ
2023-08-29,77.01956176757812,82.69000244140625,82.72000122070312,81.37999725341797,81.66999816894531,3515300,VNQ
2023-08-30,77.29899597167969,82.98999786376953,83.20999908447266,82.62000274658203,82.70999908447266,3042100,VNQ
2023-08-31,76.73082733154297,82.37999725341797,83.12999725341797,82.37999725341797,83.0,3410200,VNQ
2023-09-01,76.8612289428711,82.5199966430664,83.16999816894531,82.30000305175781,82.9000015258789,3403900,VNQ
2023-09-05,75.96704864501953,81.55999755859375,82.44999694824219,81.52999877929688,82.27999877929688,3578000,VNQ
2023-09-06,75.8087158203125,81.38999938964844,81.72000122070312,80.77999877929688,81.44999694824219,3681300,VNQ
2023-09-07,76.28375244140625,81.9000015258789,82.26000213623047,81.12999725341797,81.12999725341797,5056100,VNQ
2023-09-08,75.98567962646484,81.58000183105469,82.18000030517578,81.38999938964844,81.95999908447266,3317400,VNQ
2023-09-11,75.99500274658203,81.58999633789062,81.83999633789062,81.18000030517578,81.69000244140625,2813600,VNQ
2023-09-12,75.9577407836914,81.55000305175781,81.72000122070312,81.01000213623047,81.41999816894531,2959200,VNQ
2023-09-13,75.1287841796875,80.66000366210938,81.62000274658203,80.45999908447266,81.54000091552734,3989000,VNQ
2023-09-14,76.48865509033203,82.12000274658203,82.30000305175781,81.12000274658203,81.12000274658203,3926600,VNQ
2023-09-15,76.19991302490234,81.80999755859375,82.06999969482422,81.48999786376953,81.70999908447266,3784500,VNQ
2023-09-18,75.51998138427734,81.08000183105469,81.80999755859375,80.87000274658203,81.80999755859375,3117700,VNQ
2023-09-19,75.17534637451172,80.70999908447266,81.30999755859375,80.4800033569336,80.94000244140625,2742500,VNQ
2023-09-20,75.24054718017578,80.77999877929688,81.77999877929688,80.7699966430664,81.37000274658203,3827800,VNQ
2023-09-21,72.67912292480469,78.02999877929688,80.30000305175781,78.0,80.18000030517578,6202200,VNQ
2023-09-22,72.12957763671875,77.44000244140625,78.48999786376953,77.37999725341797,78.05999755859375,5061200,VNQ
2023-09-25,72.06439208984375,77.37000274658203,77.44000244140625,76.79000091552734,77.12999725341797,3928200,VNQ
2023-09-26,70.7510757446289,75.95999908447266,77.06999969482422,75.69000244140625,76.91000366210938,5220800,VNQ
2023-09-27,70.27605438232422,75.44999694824219,76.6500015258789,75.05000305175781,76.2300033569336,6657600,VNQ
2023-09-28,70.95037078857422,75.44000244140625,75.75,74.8499984741211,75.0,6659600,VNQ
2023-09-29,71.15728759765625,75.66000366210938,76.7699966430664,75.22000122070312,76.44000244140625,6630100,VNQ
2023-10-02,69.8499984741211,74.2699966430664,75.69999694824219,73.80000305175781,75.41000366210938,7564300,VNQ
2023-10-03,68.48628997802734,72.81999969482422,74.1500015258789,72.58999633789062,73.86000061035156,7121000,VNQ
2023-10-04,69.32332611083984,73.70999908447266,73.72000122070312,72.33999633789062,73.20999908447266,8748100,VNQ
2023-10-05,69.70894622802734,74.12000274658203,74.20999908447266,73.23999786376953,73.55000305175781,5306900,VNQ
2023-10-06,69.89703369140625,74.31999969482422,74.77999877929688,72.75,73.45999908447266,5919500,VNQ
2023-10-09,70.65882873535156,75.12999725341797,75.41000366210938,73.76000213623047,73.83999633789062,3848200,VNQ
2023-10-10,70.99739837646484,75.48999786376953,76.1500015258789,74.80000305175781,75.1500015258789,4585700,VNQ
2023-10-11,72.22945404052734,76.80000305175781,76.8499984741211,75.94999694824219,76.0999984741211,6128600,VNQ
2023-10-12,71.17610168457031,75.68000030517578,76.6500015258789,75.29000091552734,76.55999755859375,4429000,VNQ
2023-10-13,70.99739837646484,75.48999786376953,76.26000213623047,75.1500015258789,76.04000091552734,5860800,VNQ
2023-10-16,71.84384155273438,76.38999938964844,76.5999984741211,75.25,76.0199966430664,4381800,VNQ
2023-10-17,71.74038696289062,76.27999877929688,77.27999877929688,75.68000030517578,75.68000030517578,5419300,VNQ
2023-10-18,70.21680450439453,74.66000366210938,75.97000122070312,74.5999984741211,75.70999908447266,4853700,VNQ
2023-10-19,68.55213928222656,72.88999938964844,74.66000366210938,72.73999786376953,74.01000213623047,8238400,VNQ
2023-10-20,68.09130096435547,72.4000015258789,73.45999908447266,72.3499984741211,73.0,5874400,VNQ
2023-10-23,67.42355346679688,71.69000244140625,72.69000244140625,71.48999786376953,71.7300033569336,6906600,VNQ
2023-10-24,68.28880310058594,72.61000061035156,72.80999755859375,71.95999908447266,71.9800033569336,5755200,VNQ
2023-10-25,66.82164764404297,71.05000305175781,72.13999938964844,70.94999694824219,71.87000274658203,6254500,VNQ
2023-10-26,68.10070037841797,72.41000366210938,72.9000015258789,71.36000061035156,71.41000366210938,8144400,VNQ
2023-10-27,67.0097427368164,71.25,72.68000030517578,71.01000213623047,72.68000030517578,12043000,VNQ
2023-10-30,67.43294525146484,71.69999694824219,72.2300033569336,70.61000061035156,71.68000030517578,7041000,VNQ
2023-10-31,68.58035278320312,72.91999816894531,73.0,71.58000183105469,72.2699966430664,5964700,VNQ
2023-11-01,69.00357055664062,73.37000274658203,73.44000244140625,72.54000091552734,73.0199966430664,7021600,VNQ
2023-11-02,71.2701416015625,75.77999877929688,75.98999786376953,74.43000030517578,74.5999984741211,6450300,VNQ
2023-11-03,72.97242736816406,77.58999633789062,78.61000061035156,77.0199966430664,77.04000091552734,6394100,VNQ
2023-11-06,71.91908264160156,76.47000122070312,77.4800033569336,76.08000183105469,77.43000030517578,4432100,VNQ
2023-11-07,71.32657623291016,75.83999633789062,76.52999877929688,75.7300033569336,76.37000274658203,5235300,VNQ
2023-11-08,71.56169128417969,76.08999633789062,76.37999725341797,75.76000213623047,76.05999755859375,4398300,VNQ
2023-11-09,70.43312072753906,74.88999938964844,76.4000015258789,74.72000122070312,76.3499984741211,4922800,VNQ
2023-11-10,71.09144592285156,75.58999633789062,75.75,74.69000244140625,75.2699966430664,3943800,VNQ
2023-11-13,70.49894714355469,74.95999908447266,75.27999877929688,74.51000213623047,75.02999877929688,3791200,VNQ
2023-11-14,74.411376953125,79.12000274658203,79.80999755859375,77.25,77.4000015258789,7493800,VNQ
2023-11-15,74.627685546875,79.3499984741211,80.06999969482422,78.9800033569336,79.05000305175781,6033400,VNQ
2023-11-16,74.4677963256836,79.18000030517578,79.73999786376953,78.93000030517578,79.5,4879800,VNQ
2023-11-17,74.411376953125,79.12000274658203,79.87999725341797,78.79000091552734,79.86000061035156,4379000,VNQ
2023-11-20,74.95684814453125,79.69999694824219,79.69999694824219,78.38999938964844,79.02999877929688,4225000,VNQ
2023-11-21,74.43018341064453,79.13999938964844,79.44000244140625,78.94000244140625,79.36000061035156,3703600,VNQ
2023-11-22,74.79696655273438,79.52999877929688,80.08999633789062,79.16999816894531,79.86000061035156,5280200,VNQ
2023-11-24,75.01329040527344,79.76000213623047,79.81999969482422,78.97000122070312,79.33999633789062,1893600,VNQ
2023-11-27,75.28602600097656,80.05000305175781,80.48999786376953,79.43000030517578,79.80000305175781,5790800,VNQ
2023-11-28,75.78448486328125,80.58000183105469,80.6500015258789,79.43000030517578,79.83999633789062,5811300,VNQ
2023-11-29,76.3111572265625,81.13999938964844,81.93000030517578,81.04000091552734,81.16000366210938,4605400,VNQ
2023-11-30,76.86605072021484,81.7300033569336,81.77999877929688,80.79000091552734,81.08000183105469,4118600,VNQ
2023-12-01,78.75642395019531,83.73999786376953,83.75,81.41999816894531,81.66000366210938,7182400,VNQ
2023-12-04,79.33011627197266,84.3499984741211,84.37000274658203,83.19000244140625,83.37999725341797,6740500,VNQ
2023-12-05,78.8034439086914,83.79000091552734,84.04000091552734,83.36000061035156,83.9000015258789,6149900,VNQ
2023-12-06,78.56832885742188,83.54000091552734,84.77999877929688,83.4800033569336,84.20999908447266,4405000,VNQ
2023-12-07,78.7940444946289,83.77999877929688,84.04000091552734,83.20999908447266,83.58999633789062,6631500,VNQ
2023-12-08,78.6623764038086,83.63999938964844,83.8499984741211,82.79000091552734,83.48999786376953,3416100,VNQ
2023-12-11,78.8786849975586,83.87000274658203,84.0199966430664,83.23999786376953,83.36000061035156,3143200,VNQ
2023-12-12,78.8316650390625,83.81999969482422,84.12999725341797,83.37999725341797,83.86000061035156,3158400,VNQ
2023-12-13,81.85063171386719,87.02999877929688,87.33000183105469,83.70999908447266,83.94000244140625,5649600,VNQ
2023-12-14,84.21125030517578,89.54000091552734,90.08999633789062,88.63999938964844,88.6500015258789,6918500,VNQ
2023-12-15,83.02623748779297,88.27999877929688,89.37999725341797,87.63999938964844,89.33000183105469,7666400,VNQ
2023-12-18,82.838134765625,88.08000183105469,88.7699966430664,87.9800033569336,88.69999694824219,6353800,VNQ
2023-12-19,83.46826934814453,88.75,89.0,88.41999816894531,88.5,5786900,VNQ
2023-12-20,82.45252990722656,87.66999816894531,89.45999908447266,87.61000061035156,88.83999633789062,6072600,VNQ
2023-12-21,83.18376159667969,87.37000274658203,87.58999633789062,86.43000030517578,87.3499984741211,4430000,VNQ
2023-12-22,83.5074462890625,87.70999908447266,88.41000366210938,87.2699966430664,87.70999908447266,5100000,VNQ
2023-12-26,84.1263198852539,88.36000061035156,88.5999984741211,87.58999633789062,87.68000030517578,4336600,VNQ
2023-12-27,84.53570556640625,88.79000091552734,88.9000015258789,88.12999725341797,88.52999877929688,5383600,VNQ
2023-12-28,85.13552856445312,89.41999816894531,89.41999816894531,88.55999755859375,88.68000030517578,3879100,VNQ
2023-12-29,84.1263198852539,88.36000061035156,89.16999816894531,88.26000213623047,89.0999984741211,5331500,VNQ
2024-01-02,84.84989929199219,89.12000274658203,89.26000213623047,87.68000030517578,88.05000305175781,6057900,VNQ
2024-01-03,82.82195281982422,86.98999786376953,88.41999816894531,86.81999969482422,88.41999816894531,5159600,VNQ
2024-01-04,82.66962432861328,86.83000183105469,87.41999816894531,86.44999694824219,86.81999969482422,5609900,VNQ
2024-01-05,82.46016693115234,86.61000061035156,87.37000274658203,85.69999694824219,86.19999694824219,3805800,VNQ
2024-01-08,83.64073944091797,87.8499984741211,87.94999694824219,86.36000061035156,86.55999755859375,5372100,VNQ
2024-01-09,83.07901763916016,87.26000213623047,87.61000061035156,86.58000183105469,87.0,3819000,VNQ
2024-01-10,83.17422485351562,87.36000061035156,87.7699966430664,87.04000091552734,87.44000244140625,3649900,VNQ
2024-01-11,82.40303039550781,86.55000305175781,87.18000030517578,86.05000305175781,87.18000030517578,5512700,VNQ
2024-01-12,82.89811706542969,87.06999969482422,87.69999694824219,86.62999725341797,87.41999816894531,3070300,VNQ
2024-01-16,82.2887954711914,86.43000030517578,86.97000122070312,86.1500015258789,86.58000183105469,5125800,VNQ
2024-01-17,80.78448486328125,84.8499984741211,86.33000183105469,83.98999786376953,85.25,4898900,VNQ
2024-01-18,80.3465347290039,84.38999938964844,85.30000305175781,83.77999877929688,84.9800033569336,4537800,VNQ
2024-01-19,81.30813598632812,85.4000015258789,85.68000030517578,83.94999694824219,84.58999633789062,6188700,VNQ
2024-01-22,81.79370880126953,85.91000366210938,86.73999786376953,85.5199966430664,85.69999694824219,4203000,VNQ
2024-01-23,81.23197174072266,85.31999969482422,86.52999877929688,85.02999877929688,86.23999786376953,4821800,VNQ
2024-01-24,80.07041931152344,84.0999984741211,86.2699966430664,84.04000091552734,86.19000244140625,3265600,VNQ
2024-01-25,81.09867858886719,85.18000030517578,85.62000274658203,84.76000213623047,85.11000061035156,4394300,VNQ
2024-01-26,80.87018585205078,84.94000244140625,85.58999633789062,84.75,85.3499984741211,2783200,VNQ
2024-01-29,81.40335083007812,85.5,85.66999816894531,84.69000244140625,84.91999816894531,3591900,VNQ
2024-01-30,80.64167022705078,84.69999694824219,85.43000030517578,84.54000091552734,85.12999725341797,4580900,VNQ
2024-01-31,79.8704833984375,83.88999938964844,85.62999725341797,83.7300033569336,84.9800033569336,8892900,VNQ
2024-02-01,81.31766510009766,85.41000366210938,85.44000244140625,83.33999633789062,83.80000305175781,8950700,VNQ
2024-02-02,80.30844116210938,84.3499984741211,84.87999725341797,82.94000244140625,84.18000030517578,7935800,VNQ
2024-02-05,78.62325286865234,82.58000183105469,83.30000305175781,82.33000183105469,83.30000305175781,6269400,VNQ
2024-02-06,79.6800765991211,83.69000244140625,83.8499984741211,82.41000366210938,82.70999908447266,5482300,VNQ
2024-02-07,79.56581115722656,83.56999969482422,84.06999969482422,83.0999984741211,83.98999786376953,5074200,VNQ
2024-02-08,80.21324157714844,84.25,84.48999786376953,83.33000183105469,83.33000183105469,3697200,VNQ
2024-02-09,80.33700561523438,84.37999725341797,84.5199966430664,83.43000030517578,84.19999694824219,3478100,VNQ
2024-02-12,80.35604858398438,84.4000015258789,85.01000213623047,84.22000122070312,84.54000091552734,3949000,VNQ
2024-02-13,78.69942474365234,82.66000366210938,82.68000030517578,81.54000091552734,82.58000183105469,6203500,VNQ
2024-02-14,79.31826782226562,83.30999755859375,83.77999877929688,82.62000274658203,83.0199966430664,5264400,VNQ
2024-02-15,81.16532135009766,85.25,85.33999633789062,84.0199966430664,84.06999969482422,5164800,VNQ
2024-02-16,80.32747650146484,84.37000274658203,84.86000061035156,83.6500015258789,84.25,4781000,VNQ
2024-02-20,80.18468475341797,84.22000122070312,84.55999755859375,83.4800033569336,83.87999725341797,4739900,VNQ
2024-02-21,80.63215637207031,84.69000244140625,84.80999755859375,84.06999969482422,84.4000015258789,4053000,VNQ
2024-02-22,80.78448486328125,84.8499984741211,85.27999877929688,84.66999816894531,84.95999908447266,5000600,VNQ
2024-02-23,80.74639892578125,84.80999755859375,85.30000305175781,84.5999984741211,84.9000015258789,4695600,VNQ
2024-02-26,79.8609619140625,83.87999725341797,85.04000091552734,83.72000122070312,84.58999633789062,5943300,VNQ
2024-02-27,79.95616912841797,83.9800033569336,84.72000122070312,83.80000305175781,84.33999633789062,3857800,VNQ
2024-02-28,80.76544952392578,84.83000183105469,85.3499984741211,83.45999908447266,83.55000305175781,5170700,VNQ
2024-02-29,81.45095825195312,85.55000305175781,86.0,85.16000366210938,85.51000213623047,6595400,VNQ
2024-03-01,82.42207336425781,86.56999969482422,86.56999969482422,84.52999877929688,85.41999816894531,6560900,VNQ
2024-03-04,83.19326782226562,87.37999725341797,87.43000030517578,85.72000122070312,86.33000183105469,5319000,VNQ
2024-03-05,82.18405151367188,86.31999969482422,87.54000091552734,85.91999816894531,86.91000366210938,4722600,VNQ
2024-03-06,82.59344482421875,86.75,87.08000183105469,86.23999786376953,86.87999725341797,4999400,VNQ
2024-03-07,82.57440948486328,86.7300033569336,87.41999816894531,86.30000305175781,87.20999908447266,3164100,VNQ
2024-03-08,83.52650451660156,87.7300033569336,88.02999877929688,87.30000305175781,87.5,4546400,VNQ
2024-03-11,83.1266098022461,87.30999755859375,88.06999969482422,86.94000244140625,87.54000091552734,3467200,VNQ
2024-03-12,82.94572448730469,87.12000274658203,87.4800033569336,86.37000274658203,87.1500015258789,3309000,VNQ
2024-03-13,82.52680206298828,86.68000030517578,87.51000213623047,86.4000015258789,86.97000122070312,3418600,VNQ
2024-03-14,81.28909301757812,85.37999725341797,86.48999786376953,84.6500015258789,86.31999969482422,4155000,VNQ
2024-03-15,81.10820007324219,85.19000244140625,85.5199966430664,84.54000091552734,84.55999755859375,4210900,VNQ
2024-03-18,81.14628601074219,85.2300033569336,85.68000030517578,85.06999969482422,85.37999725341797,3030800,VNQ
2024-03-19,81.11771392822266,85.19999694824219,85.5199966430664,84.69000244140625,85.1500015258789,4165700,VNQ
2024-03-20,81.65088653564453,85.76000213623047,86.0199966430664,84.31999969482422,84.66999816894531,4605800,VNQ
2024-03-21,82.24117279052734,86.37999725341797,86.75,85.86000061035156,86.12999725341797,3753200,VNQ
2024-03-22,81.20606231689453,84.56999969482422,85.87999725341797,84.51000213623047,85.69000244140625,3923200,VNQ
2024-03-25,80.70674896240234,84.05000305175781,84.95999908447266,84.05000305175781,84.6500015258789,5262400,VNQ
2024-03-26,80.38026428222656,83.70999908447266,84.37000274658203,83.69000244140625,84.2699966430664,4923000,VNQ
2024-03-27,82.45435333251953,85.87000274658203,85.9000015258789,84.47000122070312,84.66999816894531,5191400,VNQ
2024-03-28,83.04008483886719,86.4800033569336,86.7699966430664,86.02999877929688,86.02999877929688,4626900,VNQ
2024-04-01,81.64775848388672,85.02999877929688,86.73999786376953,84.87000274658203,86.73999786376953,5331200,VNQ
2024-04-02,80.62032318115234,83.95999908447266,84.44000244140625,83.62999725341797,84.37000274658203,5116000,VNQ
2024-04-03,80.70674896240234,84.05000305175781,84.1500015258789,83.41000366210938,83.76000213623047,3632700,VNQ
2024-04-04,80.18822479248047,83.51000213623047,85.13999938964844,83.22000122070312,84.73999786376953,5953600,VNQ
2024-04-05,80.60111999511719,83.94000244140625,84.13999938964844,83.01000213623047,83.22000122070312,4789000,VNQ
2024-04-08,81.4653091430664,84.83999633789062,84.91999816894531,84.12000274658203,84.20999908447266,3866900,VNQ
2024-04-09,82.55036926269531,85.97000122070312,85.97000122070312,84.97000122070312,85.1500015258789,4075600,VNQ
2024-04-10,79.13197326660156,82.41000366210938,83.70999908447266,81.93000030517578,83.44999694824219,8332800,VNQ
2024-04-11,79.40084075927734,82.69000244140625,83.16000366210938,81.86000061035156,82.98999786376953,7145900,VNQ
2024-04-12,78.45982360839844,81.70999908447266,82.37999725341797,81.38999938964844,82.19000244140625,5450900,VNQ
2024-04-15,77.12511444091797,80.31999969482422,82.33000183105469,79.87000274658203,82.25,5478600,VNQ
2024-04-16,76.0400619506836,79.19000244140625,80.05000305175781,78.95999908447266,79.95999908447266,6598800,VNQ
2024-04-17,75.4831314086914,78.61000061035156,79.37999725341797,78.55999755859375,79.02999877929688,5554700,VNQ
2024-04-18,75.49273681640625,78.62000274658203,79.12000274658203,78.2699966430664,78.93000030517578,4158300,VNQ
2024-04-19,75.85762023925781,79.0,79.3499984741211,78.62999725341797,78.66000366210938,4585100,VNQ
2024-04-22,76.5297622680664,79.69999694824219,79.86000061035156,78.76000213623047,79.30000305175781,3846100,VNQ
2024-04-23,77.23072814941406,80.43000030517578,80.76000213623047,79.72000122070312,79.8499984741211,5484100,VNQ
2024-04-24,77.37477111816406,80.58000183105469,80.72000122070312,79.63999938964844,80.12000274658203,4513600,VNQ
2024-04-25,76.93307495117188,80.12000274658203,80.25,79.2699966430664,79.77999877929688,4082800,VNQ
2024-04-26,76.97147369384766,80.16000366210938,80.97000122070312,80.0,80.23999786376953,3367700,VNQ
2024-04-29,77.75886535644531,80.9800033569336,81.2300033569336,80.51000213623047,80.51000213623047,4374000,VNQ
2024-04-30,76.44335174560547,79.61000061035156,80.79000091552734,79.58000183105469,80.41000366210938,7003900,VNQ
2024-05-01,76.47215270996094,79.63999938964844,81.12000274658203,79.37000274658203,79.5,7204200,VNQ
2024-05-02,77.547607421875,80.76000213623047,80.94000244140625,79.55000305175781,80.38999938964844,4804800,VNQ
2024-05-03,78.06613159179688,81.30000305175781,82.63999938964844,81.11000061035156,82.16000366210938,4270000,VNQ
2024-05-06,78.13334655761719,81.37000274658203,82.02999877929688,81.05000305175781,81.88999938964844,3044800,VNQ
2024-05-07,78.87271881103516,82.13999938964844,82.4000015258789,81.77999877929688,82.01000213623047,3667300,VNQ
2024-05-08,78.21015167236328,81.44999694824219,81.69000244140625,81.18000030517578,81.69000244140625,4129800,VNQ
2024-05-09,79.81373596191406,83.12000274658203,83.19000244140625,82.0999984741211,82.0999984741211,5452200,VNQ
2024-05-10,79.59288787841797,82.88999938964844,83.33999633789062,82.63999938964844,83.25,5649800,VNQ
2024-05-13,79.85214233398438,83.16000366210938,83.6500015258789,82.7699966430664,83.19999694824219,2848700,VNQ
2024-05-14,80.46668243408203,83.80000305175781,84.16999816894531,83.36000061035156,83.72000122070312,3099700,VNQ
2024-05-15,81.5805435180664,84.95999908447266,85.41999816894531,84.76000213623047,85.02999877929688,3544900,VNQ
2024-05-16,81.5229263305664,84.9000015258789,85.27999877929688,84.7699966430664,85.04000091552734,2577000,VNQ
2024-05-17,81.51332092285156,84.88999938964844,85.0999984741211,84.58000183105469,85.0,2791700,VNQ
2024-05-20,81.03321838378906,84.38999938964844,84.97000122070312,84.29000091552734,84.72000122070312,2842800,VNQ
2024-05-21,81.00440216064453,84.36000061035156,84.5,84.01000213623047,84.19000244140625,2655100,VNQ
2024-05-22,80.2746353149414,83.5999984741211,84.41000366210938,83.3499984741211,84.06999969482422,3888000,VNQ
2024-05-23,78.54624938964844,81.80000305175781,83.5999984741211,81.75,83.5999984741211,4061100,VNQ
2024-05-24,78.60385131835938,81.86000061035156,82.31999969482422,81.75,82.19000244140625,2317000,VNQ
2024-05-28,78.0853271484375,81.31999969482422,82.58000183105469,81.2300033569336,82.25,3046600,VNQ
2024-05-29,77.3267593383789,80.52999877929688,80.6500015258789,80.16999816894531,80.5,3203100,VNQ
2024-05-30,78.45982360839844,81.70999908447266,81.75,80.93000030517578,80.93000030517578,2748800,VNQ
2024-05-31,79.928955078125,83.23999786376953,83.30000305175781,81.8499984741211,82.20999908447266,4176900,VNQ
2024-06-03,79.74652099609375,83.05000305175781,83.69000244140625,82.62000274658203,83.69000244140625,3301600,VNQ
2024-06-04,80.36106872558594,83.69000244140625,84.04000091552734,82.80999755859375,82.80999755859375,2720700,VNQ
2024-06-05,80.2650375366211,83.58999633789062,83.86000061035156,83.08999633789062,83.73999786376953,2373300,VNQ
2024-06-06,80.4186782836914,83.75,83.7699966430664,82.8499984741211,83.19999694824219,4002100,VNQ
2024-06-07,79.66010284423828,82.95999908447266,83.18000030517578,82.37000274658203,82.43000030517578,3227900,VNQ
2024-06-10,79.928955078125,83.23999786376953,83.5199966430664,82.0999984741211,82.69999694824219,2450800,VNQ
2024-06-11,79.64089965820312,82.94000244140625,83.33000183105469,82.61000061035156,82.8499984741211,3261700,VNQ
2024-06-12,80.3514633178711,83.68000030517578,85.33999633789062,83.56999969482422,84.69000244140625,4123500,VNQ
2024-06-13,80.67794036865234,84.0199966430664,84.29000091552734,83.37999725341797,83.87000274658203,2619900,VNQ
2024-06-14,80.65872955322266,84.0,84.23999786376953,83.31999969482422,83.7300033569336,2178600,VNQ
2024-06-17,80.34185791015625,83.66999816894531,84.08999633789062,83.16000366210938,83.51000213623047,2168100,VNQ
2024-06-18,80.65872955322266,84.0,84.30999755859375,83.70999908447266,83.88999938964844,3073600,VNQ
2024-06-20,80.42828369140625,83.76000213623047,84.04000091552734,83.48999786376953,83.73999786376953,2432900,VNQ
2024-06-21,80.62992095947266,83.97000122070312,84.1500015258789,83.4000015258789,83.91999816894531,2340100,VNQ
2024-06-24,81.25407409667969,84.62000274658203,85.45999908447266,83.87999725341797,84.01000213623047,2834300,VNQ
2024-06-25,80.25543212890625,83.58000183105469,84.5199966430664,83.12999725341797,84.4800033569336,3749200,VNQ
2024-06-26,80.00578308105469,83.31999969482422,83.58000183105469,82.83999633789062,83.0,3287900,VNQ
2024-06-27,80.7835464477539,84.12999725341797,84.16000366210938,83.26000213623047,83.44999694824219,4244800,VNQ
2024-06-28,81.42810821533203,83.76000213623047,84.12000274658203,83.12999725341797,83.48999786376953,4090500,VNQ
2024-07-01,80.66010284423828,82.97000122070312,83.9000015258789,82.47000122070312,83.69000244140625,3274800,VNQ
2024-07-02,81.03923797607422,83.36000061035156,83.48999786376953,82.87999725341797,83.20999908447266,3141400,VNQ
2024-07-03,80.96147155761719,83.27999877929688,83.94000244140625,83.2699966430664,83.44999694824219,1571500,VNQ
2024-07-05,81.18506622314453,83.51000213623047,83.66999816894531,82.9800033569336,83.44000244140625,3217000,VNQ
2024-07-08,81.44754028320312,83.77999877929688,83.9800033569336,83.4000015258789,83.61000061035156,3239200,VNQ
2024-07-09,81.42810821533203,83.76000213623047,84.04000091552734,82.94999694824219,83.58000183105469,2123200,VNQ
2024-07-10,82.03083801269531,84.37999725341797,84.44999694824219,83.56999969482422,84.0999984741211,2482400,VNQ
2024-07-11,84.38346862792969,86.80000305175781,87.0999984741211,85.45999908447266,85.45999908447266,4363500,VNQ
2024-07-12,85.02508544921875,87.45999908447266,88.0199966430664,87.13999938964844,87.5,3562600,VNQ
2024-07-15,85.59866333007812,88.05000305175781,88.16000366210938,87.37000274658203,87.62000274658203,2928700,VNQ
2024-07-16,86.64859008789062,89.12999725341797,89.16000366210938,88.1500015258789,88.61000061035156,3029300,VNQ
2024-07-17,87.24161529541016,89.73999786376953,90.33999633789062,89.0199966430664,89.0199966430664,4757200,VNQ
2024-07-18,86.4736099243164,88.94999694824219,90.79000091552734,88.7300033569336,89.23999786376953,4464700,VNQ
2024-07-19,86.31806945800781,88.79000091552734,89.2300033569336,88.41000366210938,89.08000183105469,2809000,VNQ
2024-07-22,87.21244812011719,89.70999908447266,89.80000305175781,88.41000366210938,89.05000305175781,3244400,VNQ
2024-07-23,87.14440155029297,89.63999938964844,90.26000213623047,89.16999816894531,89.56999969482422,2655400,VNQ
2024-07-24,85.86115264892578,88.31999969482422,90.16999816894531,88.2300033569336,89.58999633789062,3844900,VNQ
2024-07-25,85.57921600341797,88.02999877929688,89.68000030517578,87.83999633789062,88.6500015258789,4723200,VNQ
2024-07-26,87.07634735107422,89.56999969482422,89.87999725341797,88.44000244140625,88.68000030517578,3326000,VNQ
2024-07-29,87.5235366821289,90.02999877929688,90.33000183105469,88.91999816894531,89.70999908447266,3371100,VNQ
2024-07-30,88.20406341552734,90.7300033569336,90.94000244140625,90.02999877929688,90.37000274658203,2854000,VNQ
2024-07-31,87.8929672241211,90.41000366210938,91.54000091552734,90.1500015258789,90.88999938964844,5633800,VNQ
2024-08-01,88.77763366699219,91.31999969482422,91.81999969482422,90.47000122070312,91.45999908447266,6988100,VNQ
2024-08-02,88.72901916503906,91.2699966430664,92.12999725341797,90.44999694824219,91.0999984741211,5223600,VNQ
2024-08-05,86.19169616699219,88.66000366210938,91.0199966430664,88.41999816894531,89.4800033569336,6852600,VNQ
2024-08-06,87.8929672241211,90.41000366210938,91.37000274658203,88.2699966430664,88.63999938964844,7321600,VNQ
2024-08-07,87.29022979736328,89.79000091552734,91.8499984741211,89.68000030517578,90.80999755859375,4998600,VNQ
2024-08-08,88.14572143554688,90.66999816894531,90.8499984741211,89.5199966430664,89.80000305175781,5981200,VNQ
2024-08-09,88.55403137207031,91.08999633789062,91.26000213623047,90.0999984741211,91.0199966430664,4133800,VNQ
2024-08-12,87.9026870727539,90.41999816894531,90.77999877929688,89.77999877929688,90.7699966430664,2925500,VNQ
2024-08-13,88.67069244384766,91.20999908447266,91.30999755859375,90.55000305175781,91.05999755859375,3111300,VNQ
2024-08-14,88.90401458740234,91.44999694824219,91.87999725341797,90.93000030517578,91.37000274658203,2966300,VNQ
2024-08-15,88.83595275878906,91.37999725341797,91.79000091552734,90.9800033569336,91.58999633789062,4054400,VNQ
2024-08-16,88.787353515625,91.33000183105469,91.69999694824219,90.91999816894531,91.37999725341797,2260900,VNQ
2024-08-19,89.52619171142578,92.08999633789062,92.08999633789062,91.31999969482422,91.33000183105469,2629800,VNQ
2024-08-20,89.41925811767578,91.9800033569336,92.33999633789062,91.66000366210938,92.19000244140625,4934200,VNQ
2024-08-21,89.89561462402344,92.47000122070312,92.5199966430664,91.62999725341797,92.08000183105469,2965900,VNQ
2024-08-22,90.15808868408203,92.73999786376953,92.83000183105469,92.22000122070312,92.5199966430664,3182300,VNQ
2024-08-23,92.14129638671875,94.77999877929688,94.91000366210938,93.08000183105469,93.13999938964844,8040200,VNQ
2024-08-26,92.10240936279297,94.73999786376953,95.37000274658203,94.58000183105469,95.16999816894531,2748500,VNQ
2024-08-27,92.23851776123047,94.87999725341797,94.94999694824219,93.95999908447266,94.04000091552734,1859300,VNQ
2024-08-28,91.87882232666016,94.51000213623047,95.11000061035156,94.05999755859375,94.86000061035156,2664100,VNQ
2024-08-29,91.59689331054688,94.22000122070312,94.62000274658203,93.83999633789062,94.45999908447266,3379500,VNQ
2024-08-30,92.48155212402344,95.12999725341797,95.18000030517578,93.95999908447266,94.6500015258789,3490000,VNQ
2024-09-03,92.43295288085938,95.08000183105469,95.5,94.48999786376953,94.73999786376953,5160800,VNQ
2024-09-04,92.6954345703125,95.3499984741211,96.2300033569336,94.8499984741211,95.31999969482422,3041100,VNQ
2024-09-05,92.3940658569336,95.04000091552734,96.13999938964844,94.87000274658203,95.9800033569336,6269400,VNQ
2024-09-06,92.30655670166016,94.94999694824219,95.20999908447266,94.19000244140625,95.19000244140625,6965800,VNQ
2024-09-09,93.3370590209961,96.01000213623047,96.19000244140625,94.80000305175781,94.95999908447266,2906400,VNQ
2024-09-10,94.68836212158203,97.4000015258789,97.44000244140625,96.02999877929688,96.29000091552734,6001000,VNQ
2024-09-11,94.50365447998047,97.20999908447266,97.31999969482422,95.41999816894531,96.5199966430664,3872100,VNQ
2024-09-12,94.9022445678711,97.62000274658203,97.69000244140625,96.5999984741211,97.43000030517578,2713200,VNQ
2024-09-13,95.89383697509766,98.63999938964844,98.66000366210938,98.01000213623047,98.25,3402700,VNQ
2024-09-16,96.21465301513672,98.97000122070312,99.41000366210938,98.6500015258789,99.05000305175781,4144500,VNQ
2024-09-17,95.54386138916016,98.27999877929688,99.37000274658203,98.04000091552734,99.0999984741211,2990700,VNQ
2024-09-18,95.42720794677734,98.16000366210938,99.58000183105469,98.0199966430664,98.43000030517578,5097000,VNQ
2024-09-19,95.4466552734375,98.18000030517578,99.05000305175781,97.54000091552734,99.01000213623047,4450200,VNQ
2024-09-20,95.0675048828125,97.79000091552734,98.05999755859375,97.44000244140625,97.62000274658203,3708500,VNQ
2024-09-23,96.010498046875,98.76000213623047,98.87000274658203,98.2699966430664,98.45999908447266,3320700,VNQ
2024-09-24,96.1466064453125,98.9000015258789,99.18000030517578,98.05000305175781,98.37000274658203,3279000,VNQ
2024-09-25,95.50497436523438,98.23999786376953,99.22000122070312,98.0199966430664,99.0,2466000,VNQ
2024-09-26,94.6397476196289,97.3499984741211,98.47000122070312,97.08000183105469,98.41000366210938,4776900,VNQ
2024-09-27,94.76034545898438,96.66000366210938,97.56999969482422,96.62000274658203,97.33999633789062,4932800,VNQ
2024-09-30,95.5053939819336,97.41999816894531,97.48999786376953,96.2699966430664,96.48999786376953,4207000,VNQ
2024-10-01,94.88778686523438,96.79000091552734,97.80000305175781,96.36000061035156,97.62999725341797,4240300,VNQ
2024-10-02,94.5544662475586,96.44999694824219,96.54000091552734,95.75,95.98999786376953,5161600,VNQ
2024-10-03,93.69175720214844,95.56999969482422,96.31999969482422,95.2300033569336,96.11000061035156,2664400,VNQ
2024-10-04,93.24080657958984,95.11000061035156,95.3499984741211,94.23999786376953,95.02999877929688,4602000,VNQ
2024-10-07,92.41730499267578,94.2699966430664,94.58999633789062,93.83999633789062,94.58999633789062,3420200,VNQ
2024-10-08,92.60357666015625,94.45999908447266,94.88999938964844,94.08999633789062,94.51000213623047,3773700,VNQ
2024-10-09,92.70160675048828,94.55999755859375,94.56999969482422,93.91999816894531,94.27999877929688,4120600,VNQ
2024-10-10,91.87811279296875,93.72000122070312,94.66999816894531,93.43000030517578,94.0199966430664,2664300,VNQ
2024-10-11,92.91728210449219,94.77999877929688,94.77999877929688,94.0199966430664,94.19999694824219,2654000,VNQ
2024-10-14,93.47608184814453,95.3499984741211,95.51000213623047,94.27999877929688,94.5,2529100,VNQ
2024-10-15,94.60348510742188,96.5,97.31999969482422,95.75,95.80000305175781,2808500,VNQ
2024-10-16,95.64264678955078,97.55999755859375,97.69000244140625,96.55000305175781,96.7300033569336,3177100,VNQ
2024-10-17,94.88778686523438,96.79000091552734,97.29000091552734,96.5,97.18000030517578,2904100,VNQ
2024-10-18,95.59363555908203,97.51000213623047,97.55000305175781,96.66000366210938,97.02999877929688,2080200,VNQ
2024-10-21,93.7211685180664,95.5999984741211,97.41999816894531,95.47000122070312,97.02999877929688,4143000,VNQ
2024-10-22,93.85841369628906,95.73999786376953,96.08999633789062,95.16000366210938,95.30999755859375,2530000,VNQ
2024-10-23,94.54466247558594,96.44000244140625,96.62000274658203,95.41000366210938,95.51000213623047,2710500,VNQ
2024-10-24,94.75053405761719,96.6500015258789,97.25,96.4800033569336,96.55999755859375,2632300,VNQ
2024-10-25,93.85841369628906,95.73999786376953,97.61000061035156,95.70999908447266,97.30999755859375,3834800,VNQ
2024-10-28,94.15252685546875,96.04000091552734,96.98999786376953,95.91999816894531,96.43000030517578,2296500,VNQ
2024-10-29,93.47608184814453,95.3499984741211,96.1500015258789,95.04000091552734,95.73999786376953,2819600,VNQ
2024-10-30,93.88782501220703,95.7699966430664,96.4800033569336,95.30000305175781,95.3499984741211,2930300,VNQ
2024-10-31,92.29966735839844,94.1500015258789,95.58000183105469,94.08999633789062,95.0,4946300,VNQ
2024-11-01,91.28010559082031,93.11000061035156,94.91000366210938,93.05999755859375,94.68000030517578,4835200,VNQ
2024-11-04,92.2800521850586,94.12999725341797,94.45999908447266,93.37999725341797,93.41000366210938,3368200,VNQ
2024-11-05,93.50548553466797,95.37999725341797,95.43000030517578,93.38999938964844,93.61000061035156,2398100,VNQ
2024-11-06,91.51538848876953,93.3499984741211,95.62999725341797,92.37000274658203,95.62999725341797,6335400,VNQ
2024-11-07,92.61337280273438,94.47000122070312,94.75,93.54000091552734,93.80000305175781,4871300,VNQ
2024-11-08,93.99565887451172,95.87999725341797,96.16000366210938,94.69999694824219,94.83000183105469,4093600,VNQ
2024-11-11,93.52510070800781,95.4000015258789,96.44000244140625,95.33999633789062,95.80999755859375,2279800,VNQ
2024-11-12,92.23104095458984,94.08000183105469,95.45999908447266,94.06999969482422,95.05000305175781,4645800,VNQ
2024-11-13,92.7408218383789,94.5999984741211,95.44999694824219,94.45999908447266,94.86000061035156,2884300,VNQ
2024-11-14,91.90753173828125,93.75,94.5999984741211,93.56999969482422,94.5999984741211,3708000,VNQ
2024-11-15,91.95655059814453,93.80000305175781,93.9800033569336,93.01000213623047,93.41000366210938,2786400,VNQ
2024-11-18,92.62318420410156,94.4800033569336,94.4800033569336,93.22000122070312,93.37999725341797,2468100,VNQ
2024-11-19,93.07414245605469,94.94000244140625,95.16999816894531,93.77999877929688,94.2300033569336,3041600,VNQ
2024-11-20,92.95649719238281,94.81999969482422,94.94999694824219,94.05000305175781,94.55000305175781,3143000,VNQ
2024-11-21,93.64273834228516,95.5199966430664,95.80999755859375,94.44999694824219,94.83999633789062,2988600,VNQ
2024-11-22,94.34858703613281,96.23999786376953,96.41999816894531,95.83000183105469,95.83999633789062,2943700,VNQ
2024-11-25,95.6622543334961,97.58000183105469,98.05999755859375,96.80000305175781,96.80000305175781,4001200,VNQ
2024-11-26,96.04458618164062,97.97000122070312,98.06999969482422,97.04000091552734,97.41999816894531,2774500,VNQ
2024-11-27,96.6622085571289,98.5999984741211,99.19999694824219,98.51000213623047,98.52999877929688,2383100,VNQ
2024-11-29,96.23086547851562,98.16000366210938,99.08999633789062,98.04000091552734,98.75,1922400,VNQ
2024-12-02,94.82896423339844,96.7300033569336,97.73999786376953,96.47000122070312,97.66000366210938,3659400,VNQ
2024-12-03,94.34858703613281,96.23999786376953,97.11000061035156,96.19000244140625,96.81999969482422,1992500,VNQ
2024-12-04,94.09370422363281,95.9800033569336,96.33999633789062,95.47000122070312,96.33999633789062,2220300,VNQ
2024-12-05,93.86822509765625,95.75,95.83999633789062,95.22000122070312,95.58999633789062,2922300,VNQ
2024-12-06,93.7309799194336,95.61000061035156,96.33000183105469,95.19000244140625,96.01000213623047,1866100,VNQ
2024-12-09,93.99565887451172,95.87999725341797,96.19999694824219,95.5999984741211,95.73999786376953,2871900,VNQ
2024-12-10,92.63298034667969,94.48999786376953,95.7699966430664,94.19000244140625,95.76000213623047,2902100,VNQ
2024-12-11,92.41730499267578,94.2699966430664,94.9800033569336,94.01000213623047,94.52999877929688,4294900,VNQ
2024-12-12,92.27025604248047,94.12000274658203,95.12999725341797,94.02999877929688,94.02999877929688,2255100,VNQ
2024-12-13,92.00556182861328,93.8499984741211,94.19000244140625,93.58999633789062,93.98999786376953,2796200,VNQ
2024-12-16,91.68204498291016,93.5199966430664,94.58000183105469,93.44999694824219,93.80000305175781,3644900,VNQ
2024-12-17,91.24089050292969,93.06999969482422,93.83000183105469,92.83000183105469,93.13999938964844,3020200,VNQ
2024-12-18,87.47636413574219,89.2300033569336,93.2699966430664,89.20999908447266,92.83000183105469,5409800,VNQ
2024-12-19,86.12348175048828,87.8499984741211,90.1500015258789,87.79000091552734,89.47000122070312,5403600,VNQ
2024-12-20,87.57439422607422,89.33000183105469,90.33999633789062,87.8499984741211,87.8499984741211,7622200,VNQ
2024-12-23,87.91687774658203,88.81999969482422,88.93000030517578,87.83999633789062,88.18000030517578,4548900,VNQ
2024-12-24,88.50088500976562,89.41000366210938,89.51000213623047,88.51000213623047,88.55000305175781,2182600,VNQ
2024-12-26,88.73844146728516,89.6500015258789,89.73999786376953,88.7300033569336,89.16999816894531,2577400,VNQ
2024-12-27,87.84758758544922,88.75,89.7699966430664,88.5,89.12000274658203,3816700,VNQ
2024-12-30,87.41206359863281,88.30999755859375,88.55999755859375,87.44000244140625,88.41999816894531,4402400,VNQ
2024-12-31,88.17423248291016,89.08000183105469,89.29000091552734,88.27999877929688,88.97000122070312,5045100,VNQ
2025-01-02,87.39226531982422,88.29000091552734,89.2699966430664,88.01000213623047,89.08999633789062,5296100,VNQ
2025-01-03,88.54046630859375,89.44999694824219,89.54000091552734,88.22000122070312,88.5,3469900,VNQ
2025-01-06,87.40216827392578,88.30000305175781,89.72000122070312,88.16000366210938,89.33000183105469,4206500,VNQ
2025-01-07,86.5707015991211,87.45999908447266,88.98999786376953,87.2300033569336,88.68000030517578,5679000,VNQ
2025-01-08,86.79837036132812,87.69000244140625,87.76000213623047,86.61000061035156,87.44999694824219,5250300,VNQ
2025-01-10,84.68013000488281,85.55000305175781,86.5199966430664,85.4800033569336,86.30999755859375,10056500,VNQ
2025-01-13,85.71945190429688,86.5999984741211,86.68000030517578,85.27999877929688,85.4800033569336,3740200,VNQ
2025-01-14,86.50141906738281,87.38999938964844,87.58000183105469,86.75,86.97000122070312,3829900,VNQ
2025-01-15,86.99633026123047,87.88999938964844,89.87000274658203,87.83999633789062,89.79000091552734,3886700,VNQ
2025-01-16,88.7978286743164,89.70999908447266,89.80000305175781,87.80999755859375,88.08999633789062,4112800,VNQ
2025-01-17,88.73844146728516,89.6500015258789,90.26000213623047,89.6500015258789,89.97000122070312,3672400,VNQ
2025-01-21,90.40135955810547,91.33000183105469,91.38999938964844,90.0199966430664,90.0999984741211,3634900,VNQ
2025-01-22,88.82752227783203,89.73999786376953,91.05999755859375,89.68000030517578,91.05999755859375,2966300,VNQ
2025-01-23,89.4808120727539,90.4000015258789,90.41999816894531,89.05000305175781,89.88999938964844,2706900,VNQ
2025-01-24,89.78765869140625,90.70999908447266,91.29000091552734,90.04000091552734,90.08000183105469,3267300,VNQ
2025-01-27,90.9853515625,91.91999816894531,91.94999694824219,90.58999633789062,90.69999694824219,4107700,VNQ
2025-01-28,89.88664245605469,90.80999755859375,91.6500015258789,90.58999633789062,91.6500015258789,2373800,VNQ
2025-01-29,88.69884490966797,89.61000061035156,91.08000183105469,89.18000030517578,90.83999633789062,2820000,VNQ
2025-01-30,89.82725524902344,90.75,91.5199966430664,90.0199966430664,90.68000030517578,3485100,VNQ
2025-01-31,89.62928771972656,90.55000305175781,91.43000030517578,90.30000305175781,90.51000213623047,2566200,VNQ
2025-02-03,89.44121551513672,90.36000061035156,90.70999908447266,88.91999816894531,89.75,5187600,VNQ
2025-02-04,89.51050567626953,90.43000030517578,90.63999938964844,89.5,89.80999755859375,3371500,VNQ
2025-02-05,90.76759338378906,91.69999694824219,91.9000015258789,90.47000122070312,91.27999877929688,3310400,VNQ
2025-02-06,90.99525451660156,91.93000030517578,92.20999908447266,91.33999633789062,92.20999908447266,3468600,VNQ
2025-02-07,90.69830322265625,91.62999725341797,92.16000366210938,91.0999984741211,92.0999984741211,2516200,VNQ
2025-02-10,90.65870666503906,91.58999633789062,91.83999633789062,90.9000015258789,91.79000091552734,2195400,VNQ
2025-02-11,91.05464172363281,91.98999786376953,92.02999877929688,91.08999633789062,91.18000030517578,2260000,VNQ
2025-02-12,90.21328735351562,91.13999938964844,91.43000030517578,90.01000213623047,90.1500015258789,4747200,VNQ
2025-02-13,91.1140365600586,92.05000305175781,92.20999908447266,90.80999755859375,91.0,3734300,VNQ
2025-02-14,90.69830322265625,91.62999725341797,92.69000244140625,91.61000061035156,92.27999877929688,2344300,VNQ
2025-02-18,91.10413360595703,92.04000091552734,92.36000061035156,91.37000274658203,91.48999786376953,2500700,VNQ
2025-02-19,91.17342376708984,92.11000061035156,92.33999633789062,91.44999694824219,91.63999938964844,2339100,VNQ
2025-02-20,91.60895538330078,92.55000305175781,92.66000366210938,91.58999633789062,92.04000091552734,2920000,VNQ
2025-02-21,90.70820617675781,91.63999938964844,92.7699966430664,91.0999984741211,92.72000122070312,2534600,VNQ
2025-02-24,91.06454467773438,92.0,92.58000183105469,91.37000274658203,91.7699966430664,3258700,VNQ
2025-02-25,92.18305206298828,93.12999725341797,93.55000305175781,92.26000213623047,92.26000213623047,4329200,VNQ
2025-02-26,91.79701232910156,92.73999786376953,93.54000091552734,92.41999816894531,93.33999633789062,2828800,VNQ
2025-02-27,92.16325378417969,93.11000061035156,93.66000366210938,92.61000061035156,92.76000213623047,2379800,VNQ
2025-02-28,92.94522857666016,93.9000015258789,93.94000244140625,92.81999969482422,93.52999877929688,4213800,VNQ
2025-03-03,93.38074493408203,94.33999633789062,94.94999694824219,93.80000305175781,94.04000091552734,4596700,VNQ
2025-03-04,92.30183410644531,93.25,94.9000015258789,93.12000274658203,94.33000183105469,4541100,VNQ
2025-03-05,93.33126068115234,94.29000091552734,94.45999908447266,92.48999786376953,92.68000030517578,2574000,VNQ
2025-03-06,90.93586730957031,91.87000274658203,93.62000274658203,91.63999938964844,93.33999633789062,4968800,VNQ
2025-03-07,91.48027038574219,92.41999816894531,92.83999633789062,91.30999755859375,91.9000015258789,4447100,VNQ
2025-03-10,90.59931945800781,91.52999877929688,93.31999969482422,91.02999877929688,92.31999969482422,3534300,VNQ
2025-03-11,89.54019927978516,90.45999908447266,92.0,89.91000366210938,91.52999877929688,3918700,VNQ
2025-03-12,89.26304626464844,90.18000030517578,90.95999908447266,89.76000213623047,90.61000061035156,3303000,VNQ
2025-03-13,87.50115203857422,88.4000015258789,90.80000305175781,88.29000091552734,90.18000030517578,3881600,VNQ
2025-03-14,89.2531509399414,90.16999816894531,90.25,88.6500015258789,89.16000366210938,3769100,VNQ
2025-03-17,90.7774887084961,91.70999908447266,92.0,90.04000091552734,90.04000091552734,2233300,VNQ
2025-03-18,90.30237579345703,91.2300033569336,92.11000061035156,90.87000274658203,91.56999969482422,1956000,VNQ
2025-03-19,90.41124725341797,91.33999633789062,92.02999877929688,90.56999969482422,91.23999786376953,1882100,VNQ
2025-03-20,90.35186004638672,91.27999877929688,91.83999633789062,90.87000274658203,91.30999755859375,2041100,VNQ
2025-03-21,89.35212707519531,90.2699966430664,90.9000015258789,89.70999908447266,90.75,3395100,VNQ
2025-03-24,90.7280044555664,91.66000366210938,91.80999755859375,90.51000213623047,90.8499984741211,3719000,VNQ
2025-03-25,89.70999908447266,89.70999908447266,90.73999786376953,89.16999816894531,90.62000274658203,4210000,VNQ
2025-03-26,90.05999755859375,90.05999755859375,90.52999877929688,89.7300033569336,89.94000244140625,3094100,VNQ
2025-03-27,89.83000183105469,89.83000183105469,90.94000244140625,89.61000061035156,90.27999877929688,2993000,VNQ
2025-03-28,89.70999908447266,89.70999908447266,90.27999877929688,89.12999725341797,90.12000274658203,3602900,VNQ
2025-03-31,90.54000091552734,90.54000091552734,91.08000183105469,89.7300033569336,89.7300033569336,2964400,VNQ
2025-04-01,90.58000183105469,90.58000183105469,90.98999786376953,89.4800033569336,90.79000091552734,4276600,VNQ
2025-04-02,91.12999725341797,91.12999725341797,91.27999877929688,90.02999877929688,90.27999877929688,3427200,VNQ
2025-04-03,88.0199966430664,88.0199966430664,90.79000091552734,87.95999908447266,89.72000122070312,5784700,VNQ
2025-04-04,84.19999694824219,84.19999694824219,87.25,84.0999984741211,87.11000061035156,7803800,VNQ
2025-04-07,81.98999786376953,81.98999786376953,85.31999969482422,80.08999633789062,82.27999877929688,13294200,VNQ
2025-04-08,79.79000091552734,79.79000091552734,84.1500015258789,78.8499984741211,83.94999694824219,7401100,VNQ
2025-04-09,84.55000305175781,84.55000305175781,84.94000244140625,76.91999816894531,78.33000183105469,10990300,VNQ
2025-04-10,82.62000274658203,82.62000274658203,84.41000366210938,80.5,83.41999816894531,7442500,VNQ
2025-04-11,83.62999725341797,83.62999725341797,83.80000305175781,81.06999969482422,82.05000305175781,5275900,VNQ
2025-04-14,85.36000061035156,85.36000061035156,85.87000274658203,84.12999725341797,84.37000274658203,3228000,VNQ
2025-04-15,85.62000274658203,85.62000274658203,86.18000030517578,85.12999725341797,85.61000061035156,2443200,VNQ
2025-04-16,85.55999755859375,85.55999755859375,86.6500015258789,84.9800033569336,85.87999725341797,2393000,VNQ
2025-04-17,86.83999633789062,86.83999633789062,87.48999786376953,85.69999694824219,85.69999694824219,3383500,VNQ
2025-04-21,85.02999877929688,85.02999877929688,86.20999908447266,83.97000122070312,85.97000122070312,2406100,VNQ
2025-04-22,86.68000030517578,86.68000030517578,87.04000091552734,85.80000305175781,85.9800033569336,2209800,VNQ
2025-04-23,86.83999633789062,86.83999633789062,88.58000183105469,86.36000061035156,87.6500015258789,2493100,VNQ
2025-04-24,87.16000366210938,87.16000366210938,87.7699966430664,86.44999694824219,86.88999938964844,2080800,VNQ
2025-04-25,87.01000213623047,87.01000213623047,87.3499984741211,86.37999725341797,87.16000366210938,2409500,VNQ
2025-04-28,87.55000305175781,87.55000305175781,87.7300033569336,86.66999816894531,86.93000030517578,2914900,VNQ
2025-04-29,88.0199966430664,88.0199966430664,88.44000244140625,87.19999694824219,87.51000213623047,2740300,VNQ
2025-04-30,88.33000183105469,88.33000183105469,88.63999938964844,86.75,87.5999984741211,3738300,VNQ
2025-05-01,88.62000274658203,88.62000274658203,89.38999938964844,87.95999908447266,88.63999938964844,3574100,VNQ
2025-05-02,89.70999908447266,89.70999908447266,90.0199966430664,89.30000305175781,89.72000122070312,2237700,VNQ
2025-05-05,89.51000213623047,89.51000213623047,90.05000305175781,89.02999877929688,89.55999755859375,2289900,VNQ
2025-05-06,88.81999969482422,88.81999969482422,89.55000305175781,88.4000015258789,89.0999984741211,2579700,VNQ
2025-05-07,88.91999816894531,88.91999816894531,89.6500015258789,88.7300033569336,89.0,2220300,VNQ
2025-05-08,88.56999969482422,88.56999969482422,89.43000030517578,88.23999786376953,89.27999877929688,2652600,VNQ
2025-05-09,89.16000366210938,89.16000366210938,89.4000015258789,88.37000274658203,88.5,3460200,VNQ
