Date,Adj Close,Close,High,Low,Open,Volume,SEC_ID
2006-01-27,35.016014099121094,59.130001068115234,59.209999084472656,58.75,58.81999969482422,34800,VTV
2006-01-30,35.075252532958984,59.22999954223633,59.36000061035156,59.11000061035156,59.310001373291016,35000,VTV
2006-01-31,34.87980270385742,58.900001525878906,59.209999084472656,58.900001525878906,59.20000076293945,39200,VTV
2006-02-01,34.939029693603516,59.0,59.13999938964844,58.900001525878906,58.900001525878906,72400,VTV
2006-02-02,34.67255401611328,58.54999923706055,59.06999969482422,58.43000030517578,59.06999969482422,56300,VTV
2006-02-03,34.53634262084961,58.31999969482422,58.61000061035156,58.15999984741211,58.43000030517578,59900,VTV
2006-02-06,34.60740280151367,58.439998626708984,58.5099983215332,58.279998779296875,58.439998626708984,83600,VTV
2006-02-07,34.32908248901367,57.970001220703125,58.47999954223633,57.970001220703125,58.29999923706055,40300,VTV
2006-02-08,34.60740280151367,58.439998626708984,58.439998626708984,57.970001220703125,58.130001068115234,44900,VTV
2006-02-09,34.54818344116211,58.34000015258789,58.790000915527344,58.34000015258789,58.560001373291016,48600,VTV
2006-02-10,34.58963394165039,58.40999984741211,58.54999923706055,57.970001220703125,58.45000076293945,50100,VTV
2006-02-13,34.57780456542969,58.38999938964844,58.52000045776367,58.150001525878906,58.5099983215332,49800,VTV
2006-02-14,34.8502082824707,58.849998474121094,58.95000076293945,58.27000045776367,58.400001525878906,77800,VTV
2006-02-15,34.98641586303711,59.08000183105469,59.11000061035156,58.709999084472656,58.95000076293945,32500,VTV
2006-02-16,35.264732360839844,59.54999923706055,59.54999923706055,59.099998474121094,59.11000061035156,30200,VTV
2006-02-17,35.294342041015625,59.599998474121094,59.70000076293945,59.38999938964844,59.650001525878906,36700,VTV
2006-02-21,35.199588775634766,59.439998626708984,59.86000061035156,59.439998626708984,59.83000183105469,46800,VTV
2006-02-22,35.531219482421875,60.0,60.029998779296875,59.63999938964844,59.63999938964844,34800,VTV
2006-02-23,35.37131118774414,59.72999954223633,60.02000045776367,59.720001220703125,59.900001525878906,47900,VTV
2006-02-24,35.4542350769043,59.869998931884766,60.02000045776367,59.72999954223633,59.880001068115234,65500,VTV
2006-02-27,35.554893493652344,60.040000915527344,60.130001068115234,59.97999954223633,60.06999969482422,39500,VTV
2006-02-28,35.187740325927734,59.41999816894531,59.86000061035156,59.29999923706055,59.86000061035156,34200,VTV
2006-03-01,35.41276931762695,59.79999923706055,59.869998931884766,59.41999816894531,59.41999816894531,43800,VTV
2006-03-02,35.37131118774414,59.72999954223633,59.790000915527344,59.41999816894531,59.70000076293945,31200,VTV
2006-03-03,35.35357666015625,59.70000076293945,60.08000183105469,59.4900016784668,59.59000015258789,106000,VTV
2006-03-06,35.104827880859375,59.279998779296875,59.790000915527344,59.150001525878906,59.790000915527344,75000,VTV
2006-03-07,35.051544189453125,59.189998626708984,59.209999084472656,58.90999984741211,59.099998474121094,45700,VTV
2006-03-08,35.12261199951172,59.310001373291016,59.75,58.79999923706055,59.75,204400,VTV
2006-03-09,34.98641586303711,59.08000183105469,59.45000076293945,59.029998779296875,59.41999816894531,27400,VTV
2006-03-10,35.193668365478516,59.43000030517578,59.4900016784668,59.040000915527344,59.15999984741211,22800,VTV
2006-03-13,35.31802749633789,59.63999938964844,59.779998779296875,59.56999969482422,59.720001220703125,63800,VTV
2006-03-14,35.655574798583984,60.209999084472656,60.290000915527344,59.720001220703125,59.720001220703125,34500,VTV
2006-03-15,35.809539794921875,60.470001220703125,60.599998474121094,60.189998626708984,60.369998931884766,158600,VTV
2006-03-16,36.01088333129883,60.810001373291016,60.90999984741211,60.66999816894531,60.66999816894531,52800,VTV
2006-03-17,35.98720169067383,60.77000045776367,60.970001220703125,60.72999954223633,60.970001220703125,27700,VTV
2006-03-20,35.91687774658203,60.279998779296875,60.7599983215332,60.150001525878906,60.7599983215332,45500,VTV
2006-03-21,35.678558349609375,59.880001068115234,60.45000076293945,59.86000061035156,60.400001525878906,84000,VTV
2006-03-22,35.95264434814453,60.34000015258789,60.349998474121094,59.79999923706055,59.79999923706055,19100,VTV
2006-03-23,35.839439392089844,60.150001525878906,60.5,60.099998474121094,60.5,64700,VTV
2006-03-24,35.92285919189453,60.290000915527344,60.41999816894531,60.099998474121094,60.400001525878906,20400,VTV
2006-03-27,35.90496826171875,60.2599983215332,60.43000030517578,60.099998474121094,60.43000030517578,21800,VTV
2006-03-28,35.64876937866211,59.83000183105469,60.400001525878906,59.79999923706055,60.2400016784668,41100,VTV
2006-03-29,35.91687774658203,60.279998779296875,60.33000183105469,59.90999984741211,60.08000183105469,42400,VTV
2006-03-30,35.75602340698242,60.0099983215332,60.5099983215332,59.90999984741211,60.40999984741211,30200,VTV
2006-03-31,35.74410629272461,59.9900016784668,60.150001525878906,59.810001373291016,60.150001525878906,64500,VTV
2006-04-03,35.7679328918457,60.029998779296875,60.4900016784668,59.9900016784668,60.349998474121094,28200,VTV
2006-04-04,35.92881393432617,60.29999923706055,60.45000076293945,59.91999816894531,60.099998474121094,35300,VTV
2006-04-05,36.17906951904297,60.720001220703125,60.7599983215332,60.41999816894531,60.599998474121094,56800,VTV
2006-04-06,36.07180404663086,60.540000915527344,60.720001220703125,60.2400016784668,60.709999084472656,30900,VTV
2006-04-07,35.678558349609375,59.880001068115234,60.7400016784668,59.849998474121094,60.650001525878906,29200,VTV
2006-04-10,35.75006103515625,60.0,60.22999954223633,59.86000061035156,60.20000076293945,41800,VTV
2006-04-11,35.446189880371094,59.4900016784668,60.220001220703125,59.439998626708984,60.189998626708984,60900,VTV
2006-04-12,35.5415153503418,59.650001525878906,59.77000045776367,59.54999923706055,59.7400016784668,34400,VTV
2006-04-13,35.52959442138672,59.630001068115234,59.7599983215332,59.41999816894531,59.58000183105469,24000,VTV
2006-04-17,35.52959442138672,59.630001068115234,59.84000015258789,59.41999816894531,59.81999969482422,41500,VTV
2006-04-18,36.173091888427734,60.709999084472656,60.81999969482422,59.83000183105469,59.900001525878906,22500,VTV
2006-04-19,36.27439880371094,60.880001068115234,60.93000030517578,60.599998474121094,60.81999969482422,52500,VTV
2006-04-20,36.31609344482422,60.95000076293945,61.16999816894531,60.70000076293945,60.93000030517578,62400,VTV
2006-04-21,36.35186004638672,61.0099983215332,61.2400016784668,60.84000015258789,61.2400016784668,18500,VTV
2006-04-24,36.328006744384766,60.970001220703125,61.029998779296875,60.709999084472656,61.029998779296875,35600,VTV
2006-04-25,36.07777404785156,60.54999923706055,61.11000061035156,60.470001220703125,61.11000061035156,48300,VTV
2006-04-26,36.190982818603516,60.7400016784668,61.040000915527344,60.54999923706055,60.54999923706055,35300,VTV
2006-04-27,36.417388916015625,61.119998931884766,61.22999954223633,60.34000015258789,60.45000076293945,79400,VTV
2006-04-28,36.61402893066406,61.45000076293945,61.529998779296875,61.0,61.0,16900,VTV
2006-05-01,36.345882415771484,61.0,61.79999923706055,61.0,61.79999923706055,33700,VTV
2006-05-02,36.70338821411133,61.599998474121094,61.630001068115234,61.29999923706055,61.52000045776367,23900,VTV
2006-05-03,36.66168212890625,61.529998779296875,61.70000076293945,61.29999923706055,61.70000076293945,85500,VTV
2006-05-04,36.72126007080078,61.630001068115234,61.79999923706055,61.52000045776367,61.650001525878906,119200,VTV
2006-05-05,37.13239288330078,62.31999969482422,62.34000015258789,61.91999816894531,61.97999954223633,25100,VTV
2006-05-08,37.06089782714844,62.20000076293945,62.29999923706055,62.099998474121094,62.29999923706055,69500,VTV
2006-05-09,37.126434326171875,62.310001373291016,62.31999969482422,62.029998779296875,62.20000076293945,39700,VTV
2006-05-10,37.06684875488281,62.209999084472656,62.380001068115234,61.9900016784668,62.16999816894531,283500,VTV
2006-05-11,36.65574645996094,61.52000045776367,62.18000030517578,61.41999816894531,62.099998474121094,31200,VTV
2006-05-12,36.16714096069336,60.70000076293945,61.470001220703125,60.70000076293945,61.470001220703125,49000,VTV
2006-05-15,36.250553131103516,60.84000015258789,60.959999084472656,60.43000030517578,60.650001525878906,28700,VTV
2006-05-16,36.226722717285156,60.79999923706055,61.119998931884766,60.720001220703125,61.119998931884766,159200,VTV
2006-05-17,35.57132339477539,59.70000076293945,60.63999938964844,59.529998779296875,60.599998474121094,71800,VTV
2006-05-18,35.267433166503906,59.189998626708984,59.97999954223633,59.189998626708984,59.97999954223633,48800,VTV
2006-05-19,35.523643493652344,59.619998931884766,59.88999938964844,59.150001525878906,59.70000076293945,42700,VTV
2006-05-22,35.40446853637695,59.41999816894531,59.7599983215332,58.97999954223633,59.5,40800,VTV
2006-05-23,35.15422439575195,59.0,59.959999084472656,59.0,59.900001525878906,50100,VTV
2006-05-24,35.24360275268555,59.150001525878906,59.529998779296875,58.65999984741211,59.25,73700,VTV
2006-05-25,35.69047927856445,59.900001525878906,59.900001525878906,59.40999984741211,59.66999816894531,50500,VTV
2006-05-26,35.899017333984375,60.25,60.34000015258789,59.880001068115234,60.13999938964844,38400,VTV
2006-05-30,35.42234802246094,59.45000076293945,60.349998474121094,59.45000076293945,60.349998474121094,109200,VTV
2006-05-31,35.7321662902832,59.970001220703125,59.970001220703125,59.40999984741211,59.560001373291016,32200,VTV
2006-06-01,36.12543487548828,60.630001068115234,60.689998626708984,59.9900016784668,60.119998931884766,162000,VTV
2006-06-02,36.25652313232422,60.849998474121094,61.0,60.54999923706055,60.95000076293945,238800,VTV
2006-06-05,35.75006103515625,60.0,60.83000183105469,59.900001525878906,60.83000183105469,31600,VTV
2006-06-06,35.69047927856445,59.900001525878906,60.33000183105469,59.40999984741211,60.25,53400,VTV
2006-06-07,35.48193359375,59.54999923706055,60.20000076293945,59.54999923706055,59.959999084472656,59000,VTV
2006-06-08,35.52959442138672,59.630001068115234,59.72999954223633,58.630001068115234,59.540000915527344,70600,VTV
2006-06-09,35.3925666809082,59.400001525878906,59.83000183105469,59.380001068115234,59.79999923706055,51000,VTV
2006-06-12,35.08868408203125,58.88999938964844,59.560001373291016,58.7599983215332,59.4900016784668,38400,VTV
2006-06-13,34.570316314697266,58.02000045776367,58.9900016784668,57.93000030517578,58.81999969482422,89800,VTV
2006-06-14,34.68351364135742,58.209999084472656,58.27000045776367,57.779998779296875,58.18000030517578,74200,VTV
2006-06-15,35.33298110961914,59.29999923706055,59.56999969482422,58.400001525878906,58.58000183105469,96200,VTV
2006-06-16,35.23168182373047,59.130001068115234,59.45000076293945,58.900001525878906,59.45000076293945,36400,VTV
2006-06-19,34.82653045654297,58.45000076293945,59.369998931884766,58.45000076293945,59.369998931884766,37900,VTV
2006-06-20,34.97547149658203,58.70000076293945,59.029998779296875,58.619998931884766,58.7400016784668,30900,VTV
2006-06-21,35.18997573852539,59.060001373291016,59.380001068115234,58.869998931884766,58.95000076293945,57100,VTV
2006-06-22,35.16614532470703,59.02000045776367,59.150001525878906,58.7599983215332,59.150001525878906,124400,VTV
2006-06-23,35.10655212402344,58.91999816894531,59.220001220703125,58.7599983215332,59.04999923706055,49200,VTV
2006-06-26,35.300682067871094,58.91999816894531,58.939998626708984,58.529998779296875,58.880001068115234,43300,VTV
2006-06-27,35.126930236816406,58.630001068115234,59.060001373291016,58.54999923706055,59.040000915527344,26900,VTV
2006-06-28,35.342628479003906,58.9900016784668,59.0,58.66999816894531,58.880001068115234,44000,VTV
2006-06-29,36.013648986816406,60.11000061035156,60.11000061035156,59.22999954223633,59.349998474121094,52400,VTV
2006-06-30,36.055580139160156,60.18000030517578,60.470001220703125,60.09000015258789,60.470001220703125,94700,VTV
2006-07-03,36.313209533691406,60.61000061035156,60.630001068115234,60.290000915527344,60.41999816894531,28300,VTV
2006-07-05,36.13945388793945,60.31999969482422,60.5099983215332,60.11000061035156,60.380001068115234,44700,VTV
2006-07-06,36.32518768310547,60.630001068115234,60.72999954223633,60.41999816894531,60.63999938964844,188000,VTV
2006-07-07,36.193382263183594,60.40999984741211,60.83000183105469,60.290000915527344,60.75,47900,VTV
2006-07-10,36.337162017822266,60.650001525878906,60.79999923706055,60.459999084472656,60.65999984741211,61200,VTV
2006-07-11,36.4030876159668,60.7599983215332,60.810001373291016,60.22999954223633,60.65999984741211,28600,VTV
2006-07-12,36.079559326171875,60.220001220703125,60.849998474121094,60.16999816894531,60.849998474121094,48400,VTV
2006-07-13,35.62421798706055,59.459999084472656,60.09000015258789,59.400001525878906,60.08000183105469,44100,VTV
2006-07-14,35.492393493652344,59.2400016784668,59.5,58.869998931884766,59.41999816894531,58500,VTV
2006-07-17,35.4384880065918,59.150001525878906,59.33000183105469,58.9900016784668,59.13999938964844,43500,VTV
2006-07-18,35.53434371948242,59.310001373291016,59.439998626708984,58.77000045776367,59.349998474121094,76600,VTV
2006-07-19,36.16342544555664,60.36000061035156,60.45000076293945,59.63999938964844,59.63999938964844,61800,VTV
2006-07-20,35.953739166259766,60.0099983215332,60.560001373291016,60.0099983215332,60.4900016784668,40600,VTV
2006-07-21,35.78596496582031,59.72999954223633,60.20000076293945,59.65999984741211,60.20000076293945,59700,VTV
2006-07-24,36.35515213012695,60.68000030517578,60.810001373291016,60.09000015258789,60.09000015258789,65000,VTV
2006-07-25,36.576820373535156,61.04999923706055,61.290000915527344,60.68000030517578,60.689998626708984,35200,VTV
2006-07-26,36.73858642578125,61.31999969482422,61.5099983215332,61.0,61.040000915527344,48900,VTV
2006-07-27,36.588809967041016,61.06999969482422,61.630001068115234,61.0,61.560001373291016,40400,VTV
2006-07-28,36.978248596191406,61.720001220703125,61.880001068115234,61.27000045776367,61.27000045776367,42200,VTV
2006-07-31,36.96626281738281,61.70000076293945,61.79999923706055,61.54999923706055,61.79999923706055,69500,VTV
2006-08-01,36.918312072753906,61.619998931884766,61.630001068115234,61.29999923706055,61.599998474121094,40300,VTV
2006-08-02,37.0081901550293,61.77000045776367,61.97999954223633,61.630001068115234,61.79999923706055,38600,VTV
2006-08-03,37.092071533203125,61.90999984741211,62.040000915527344,61.4900016784668,61.70000076293945,44400,VTV
2006-08-04,37.110023498535156,61.939998626708984,62.45000076293945,61.75,62.45000076293945,87600,VTV
2006-08-07,37.0081901550293,61.77000045776367,61.95000076293945,61.66999816894531,61.95000076293945,77100,VTV
2006-08-08,36.94827651977539,61.66999816894531,62.119998931884766,61.560001373291016,62.04999923706055,146400,VTV
2006-08-09,36.756568908691406,61.349998474121094,62.099998474121094,61.22999954223633,62.060001373291016,69600,VTV
2006-08-10,36.828460693359375,61.470001220703125,61.52000045776367,61.06999969482422,61.33000183105469,42600,VTV
2006-08-11,36.72660446166992,61.29999923706055,61.5,61.060001373291016,61.5,46700,VTV
2006-08-14,36.71461486816406,61.279998779296875,61.72999954223633,61.2599983215332,61.65999984741211,29300,VTV
2006-08-15,37.13401794433594,61.97999954223633,62.08000183105469,61.72999954223633,61.880001068115234,56800,VTV
2006-08-16,37.31974792480469,62.290000915527344,62.36000061035156,62.150001525878906,62.29999923706055,159000,VTV
2006-08-17,37.379638671875,62.38999938964844,62.45000076293945,62.16999816894531,62.220001220703125,57700,VTV
2006-08-18,37.53542709350586,62.650001525878906,62.650001525878906,62.279998779296875,62.5,55400,VTV
2006-08-21,37.469512939453125,62.540000915527344,62.619998931884766,62.43000030517578,62.619998931884766,75200,VTV
2006-08-22,37.5114631652832,62.61000061035156,62.70000076293945,62.380001068115234,62.5,62500,VTV
2006-08-23,37.379638671875,62.38999938964844,62.720001220703125,62.25,62.66999816894531,41600,VTV
2006-08-24,37.45754623413086,62.52000045776367,62.65999984741211,62.40999984741211,62.650001525878906,56700,VTV
2006-08-25,37.463531494140625,62.529998779296875,62.66999816894531,62.439998626708984,62.54999923706055,36900,VTV
2006-08-28,37.637271881103516,62.81999969482422,62.91999816894531,62.45000076293945,62.529998779296875,72100,VTV
2006-08-29,37.667236328125,62.869998931884766,62.88999938964844,62.5,62.84000015258789,118600,VTV
2006-08-30,37.601322174072266,62.7599983215332,63.0,62.65999984741211,62.9900016784668,58800,VTV
2006-08-31,37.58334732055664,62.72999954223633,62.84000015258789,62.70000076293945,62.79999923706055,105600,VTV
2006-09-01,37.78108215332031,63.060001373291016,63.099998474121094,62.79999923706055,62.79999923706055,56300,VTV
2006-09-05,37.85295867919922,63.18000030517578,63.20000076293945,63.0,63.0,54300,VTV
2006-09-06,37.565391540527344,62.70000076293945,62.9900016784668,62.63999938964844,62.9900016784668,99900,VTV
2006-09-07,37.38565444946289,62.400001525878906,62.689998626708984,62.290000915527344,62.599998474121094,59300,VTV
2006-09-08,37.47551345825195,62.54999923706055,62.61000061035156,62.36000061035156,62.58000183105469,52600,VTV
2006-09-11,37.38565444946289,62.400001525878906,62.529998779296875,62.119998931884766,62.45000076293945,71400,VTV
2006-09-12,37.685211181640625,62.900001525878906,62.95000076293945,62.5099983215332,62.630001068115234,77800,VTV
2006-09-13,37.88892364501953,63.2400016784668,63.31999969482422,62.84000015258789,62.90999984741211,61000,VTV
2006-09-14,37.84696960449219,63.16999816894531,63.2400016784668,63.040000915527344,63.13999938964844,23800,VTV
2006-09-15,37.84696960449219,63.16999816894531,63.439998626708984,63.150001525878906,63.400001525878906,430000,VTV
2006-09-18,37.92484664916992,63.29999923706055,63.43000030517578,63.09000015258789,63.189998626708984,73700,VTV
2006-09-19,37.876949310302734,63.220001220703125,63.369998931884766,62.95000076293945,63.369998931884766,83400,VTV
2006-09-20,38.008750915527344,63.439998626708984,63.560001373291016,63.310001373291016,63.459999084472656,85000,VTV
2006-09-21,37.80502700805664,63.099998474121094,63.61000061035156,63.04999923706055,63.58000183105469,114900,VTV
2006-09-22,37.840965270996094,63.15999984741211,63.220001220703125,62.93000030517578,63.20000076293945,58100,VTV
2006-09-25,38.09714126586914,63.209999084472656,63.40999984741211,62.630001068115234,63.04999923706055,192400,VTV
2006-09-26,38.3924560546875,63.70000076293945,63.70000076293945,63.15999984741211,63.29999923706055,80400,VTV
2006-09-27,38.43464660644531,63.77000045776367,63.869998931884766,63.59000015258789,63.779998779296875,93900,VTV
2006-09-28,38.46479415893555,63.81999969482422,63.880001068115234,63.630001068115234,63.880001068115234,89200,VTV
2006-09-29,38.3924560546875,63.70000076293945,63.91999816894531,63.68000030517578,63.91999816894531,62700,VTV
2006-10-02,38.332191467285156,63.599998474121094,63.849998474121094,63.529998779296875,63.849998474121094,65100,VTV
2006-10-03,38.38041305541992,63.68000030517578,63.88999938964844,63.43000030517578,63.540000915527344,246900,VTV
2006-10-04,38.74806213378906,64.29000091552734,64.29000091552734,63.52000045776367,63.68000030517578,73800,VTV
2006-10-05,38.79627227783203,64.37000274658203,64.4800033569336,64.19999694824219,64.4800033569336,73400,VTV
2006-10-06,38.74202346801758,64.27999877929688,64.4800033569336,64.0199966430664,64.4800033569336,114200,VTV
2006-10-09,38.76615524291992,64.31999969482422,64.44999694824219,64.12000274658203,64.44999694824219,147100,VTV
2006-10-10,38.88667678833008,64.5199966430664,64.5199966430664,64.27999877929688,64.44999694824219,51200,VTV
2006-10-11,38.80229568481445,64.37999725341797,64.5,64.16000366210938,64.5,74600,VTV
2006-10-12,39.0855712890625,64.8499984741211,64.94000244140625,64.56999969482422,64.81999969482422,77800,VTV
2006-10-13,39.242271423339844,65.11000061035156,65.12999725341797,64.7699966430664,64.8499984741211,102600,VTV
2006-10-16,39.35075378417969,65.29000091552734,65.29000091552734,65.0,65.19999694824219,80400,VTV
2006-10-17,39.24831008911133,65.12000274658203,65.25,64.80000305175781,65.25,88600,VTV
2006-10-18,39.35075378417969,65.29000091552734,65.51000213623047,65.05999755859375,65.51000213623047,62400,VTV
2006-10-19,39.35075378417969,65.29000091552734,65.30000305175781,65.13999938964844,65.27999877929688,178000,VTV
2006-10-20,39.38089370727539,65.33999633789062,65.3499984741211,65.0999984741211,65.30000305175781,61200,VTV
2006-10-23,39.585811614990234,65.68000030517578,65.68000030517578,65.16999816894531,65.4800033569336,82900,VTV
2006-10-24,39.6159553527832,65.7300033569336,65.7300033569336,65.44999694824219,65.5999984741211,119700,VTV
2006-10-25,39.82086944580078,66.06999969482422,66.12999725341797,65.72000122070312,65.93000030517578,86900,VTV
2006-10-26,39.93539047241211,66.26000213623047,66.31999969482422,65.93000030517578,66.31999969482422,89200,VTV
2006-10-27,39.67622756958008,65.83000183105469,66.19999694824219,65.77999877929688,66.19999694824219,79500,VTV
2006-10-30,39.65814971923828,65.80000305175781,65.87999725341797,65.62000274658203,65.77999877929688,58900,VTV
2006-10-31,39.597869873046875,65.69999694824219,65.93000030517578,65.41000366210938,65.91000366210938,470300,VTV
2006-11-01,39.41707992553711,65.4000015258789,65.88999938964844,65.31999969482422,65.88999938964844,81800,VTV
2006-11-02,39.36283874511719,65.30999755859375,65.3499984741211,65.0999984741211,65.31999969482422,265300,VTV
2006-11-03,39.32063674926758,65.23999786376953,65.5999984741211,65.12999725341797,65.5999984741211,78200,VTV
2006-11-06,39.70035171508789,65.87000274658203,65.95999908447266,65.3499984741211,65.3499984741211,111500,VTV
2006-11-07,39.7485466003418,65.94999694824219,66.16999816894531,65.9000015258789,66.0,123100,VTV
2006-11-08,39.88718032836914,66.18000030517578,66.30999755859375,65.69999694824219,65.9000015258789,98000,VTV
2006-11-09,39.718421936035156,65.9000015258789,66.30000305175781,65.87999725341797,66.30000305175781,163000,VTV
2006-11-10,39.790740966796875,66.0199966430664,66.0999984741211,65.76000213623047,66.0999984741211,70400,VTV
2006-11-13,39.89924621582031,66.19999694824219,66.30999755859375,65.95999908447266,65.9800033569336,59700,VTV
2006-11-14,40.06196212768555,66.47000122070312,66.52999877929688,65.86000061035156,66.4000015258789,62300,VTV
2006-11-15,40.14030075073242,66.5999984741211,66.75,66.41999816894531,66.51000213623047,87100,VTV
2006-11-16,40.18852996826172,66.68000030517578,66.86000061035156,66.68000030517578,66.83999633789062,71300,VTV
2006-11-17,40.27289581298828,66.81999969482422,66.81999969482422,66.4800033569336,66.6500015258789,89700,VTV
2006-11-20,40.23674774169922,66.76000213623047,66.97000122070312,66.69000244140625,66.9000015258789,77600,VTV
2006-11-21,40.290985107421875,66.8499984741211,66.9000015258789,66.72000122070312,66.9000015258789,84700,VTV
2006-11-22,40.327144622802734,66.91000366210938,67.0,66.76000213623047,67.0,92900,VTV
2006-11-24,40.224700927734375,66.73999786376953,66.83999633789062,66.54000091552734,66.69999694824219,36300,VTV
2006-11-27,39.76060485839844,65.97000122070312,66.80000305175781,65.87999725341797,66.80000305175781,142100,VTV
2006-11-28,39.88718032836914,66.18000030517578,66.2300033569336,65.7699966430664,65.7699966430664,68000,VTV
2006-11-29,40.34523010253906,66.94000244140625,67.0,66.5,66.54000091552734,73700,VTV
2006-11-30,40.41756820678711,67.05999755859375,67.27999877929688,66.72000122070312,67.08999633789062,60900,VTV
2006-12-01,40.36332321166992,66.97000122070312,67.13999938964844,66.5,67.0,95300,VTV
2006-12-04,40.55619430541992,67.29000091552734,67.38999938964844,66.86000061035156,66.94000244140625,123800,VTV
2006-12-05,40.77919387817383,67.66000366210938,67.66000366210938,67.30999755859375,67.5,131700,VTV
2006-12-06,40.712890625,67.55000305175781,67.69999694824219,67.48999786376953,67.69999694824219,93100,VTV
2006-12-07,40.60439682006836,67.37000274658203,67.75,67.3499984741211,67.75,90000,VTV
2006-12-08,40.66465759277344,67.47000122070312,67.6500015258789,67.19000244140625,67.48999786376953,56500,VTV
2006-12-11,40.82136917114258,67.7300033569336,67.77999877929688,67.5,67.56999969482422,37600,VTV
2006-12-12,40.86356735229492,67.80000305175781,67.8499984741211,67.4800033569336,67.73999786376953,82300,VTV
2006-12-13,41.01424789428711,68.05000305175781,68.12999725341797,67.87999725341797,68.12999725341797,169900,VTV
2006-12-14,41.29148483276367,68.51000213623047,68.6500015258789,68.04000091552734,68.1500015258789,68500,VTV
2006-12-15,41.39996337890625,68.69000244140625,68.8499984741211,68.62000274658203,68.80999755859375,95300,VTV
2006-12-18,41.27943420410156,68.48999786376953,68.9000015258789,68.43000030517578,68.9000015258789,1456400,VTV
2006-12-19,41.39996337890625,68.69000244140625,68.81999969482422,68.26000213623047,68.48999786376953,622500,VTV
2006-12-20,41.38188552856445,68.66000366210938,68.91000366210938,68.66000366210938,68.81999969482422,453200,VTV
2006-12-21,41.303531646728516,68.52999877929688,68.87999725341797,68.41999816894531,68.87999725341797,110800,VTV
2006-12-22,41.08494186401367,67.66000366210938,68.02999877929688,67.66000366210938,67.94999694824219,78500,VTV
2006-12-26,41.35211181640625,68.0999984741211,68.0999984741211,67.77999877929688,67.77999877929688,55900,VTV
2006-12-27,41.72859191894531,68.72000122070312,68.94999694824219,68.3499984741211,68.4000015258789,104600,VTV
2006-12-28,41.61930465698242,68.54000091552734,68.80000305175781,68.37000274658203,68.80000305175781,102600,VTV
2006-12-29,41.431068420410156,68.2300033569336,68.52999877929688,68.11000061035156,68.5,138200,VTV
2007-01-03,41.303531646728516,68.0199966430664,68.62000274658203,67.66999816894531,68.45999908447266,195400,VTV
2007-01-04,41.17600631713867,67.80999755859375,68.18000030517578,67.52999877929688,68.0999984741211,121400,VTV
2007-01-05,40.86025619506836,67.29000091552734,67.66999816894531,67.26000213623047,67.6500015258789,111400,VTV
2007-01-08,41.006004333496094,67.52999877929688,67.61000061035156,67.08000183105469,67.43000030517578,104100,VTV
2007-01-09,40.963497161865234,67.45999908447266,67.5999984741211,67.05999755859375,67.47000122070312,106500,VTV
2007-01-10,40.872413635253906,67.30999755859375,67.62000274658203,67.0,67.19000244140625,143600,VTV
2007-01-11,41.145668029785156,67.76000213623047,67.87999725341797,67.54000091552734,67.5999984741211,136300,VTV
2007-01-12,41.27924728393555,67.9800033569336,67.9800033569336,67.66999816894531,67.69999694824219,93900,VTV
2007-01-16,41.24280548095703,67.91999816894531,68.5,67.63999938964844,68.19999694824219,628900,VTV
2007-01-17,41.303531646728516,68.0199966430664,68.22000122070312,67.69000244140625,67.97000122070312,118900,VTV
2007-01-18,41.26709747314453,67.95999908447266,68.29000091552734,67.80000305175781,68.2300033569336,74700,VTV
2007-01-19,41.44320297241211,68.25,68.25,67.9800033569336,68.0,110300,VTV
2007-01-22,41.2488899230957,67.93000030517578,68.30999755859375,67.8499984741211,68.30999755859375,140600,VTV
2007-01-23,41.437129974365234,68.23999786376953,68.37000274658203,67.93000030517578,68.06999969482422,109400,VTV
2007-01-24,41.637508392333984,68.56999969482422,68.97000122070312,68.37000274658203,68.44999694824219,105100,VTV
2007-01-25,41.35211181640625,68.0999984741211,68.86000061035156,68.0,68.86000061035156,132300,VTV
2007-01-26,41.35211181640625,68.0999984741211,68.20999908447266,67.7300033569336,68.20999908447266,84100,VTV
2007-01-29,41.2488899230957,67.93000030517578,68.25,67.87999725341797,68.12000274658203,129600,VTV
2007-01-30,41.54035568237305,68.41000366210938,68.41000366210938,68.06999969482422,68.20999908447266,84900,VTV
2007-01-31,41.75289535522461,68.76000213623047,68.9800033569336,68.29000091552734,68.4800033569336,96200,VTV
2007-02-01,42.11113357543945,69.3499984741211,69.3499984741211,68.94999694824219,69.05999755859375,174800,VTV
2007-02-02,42.20830535888672,69.51000213623047,69.52999877929688,69.2300033569336,69.41999816894531,88200,VTV
2007-02-05,42.17795944213867,69.45999908447266,69.73999786376953,69.23999786376953,69.44000244140625,112600,VTV
2007-02-06,42.262969970703125,69.5999984741211,69.66000366210938,69.44999694824219,69.47000122070312,125100,VTV
2007-02-07,42.26902770996094,69.61000061035156,69.77999877929688,69.44999694824219,69.69000244140625,106100,VTV
2007-02-08,42.16579818725586,69.44000244140625,69.5999984741211,69.11000061035156,69.58000183105469,115500,VTV
2007-02-09,41.94719696044922,69.08000183105469,69.66999816894531,68.80999755859375,69.66999816894531,80300,VTV
2007-02-12,41.74681091308594,68.75,69.18000030517578,68.75,69.18000030517578,109300,VTV
2007-02-13,42.214378356933594,69.5199966430664,69.52999877929688,69.0,69.0,69700,VTV
2007-02-14,42.48155975341797,69.95999908447266,70.11000061035156,69.61000061035156,69.73999786376953,177900,VTV
2007-02-15,42.475467681884766,69.94999694824219,70.05000305175781,69.80000305175781,70.05000305175781,74600,VTV
2007-02-16,42.475467681884766,69.94999694824219,69.94999694824219,69.7300033569336,69.83999633789062,86600,VTV
2007-02-20,42.566558837890625,70.0999984741211,70.16000366210938,69.66999816894531,69.91000366210938,126000,VTV
2007-02-21,42.475467681884766,69.94999694824219,70.05000305175781,69.72000122070312,69.9000015258789,178300,VTV
2007-02-22,42.408695220947266,69.83999633789062,70.1500015258789,69.5999984741211,70.06999969482422,107100,VTV
2007-02-23,42.25080490112305,69.58000183105469,69.79000091552734,69.41999816894531,69.79000091552734,76000,VTV
2007-02-26,42.31153106689453,69.68000030517578,70.05999755859375,69.5,69.93000030517578,136000,VTV
2007-02-27,40.750946044921875,67.11000061035156,69.58999633789062,66.9000015258789,69.12000274658203,240500,VTV
2007-02-28,41.09101486206055,67.66999816894531,69.0,67.27999877929688,67.8499984741211,208300,VTV
2007-03-01,41.01206970214844,67.54000091552734,67.8499984741211,66.0199966430664,66.55999755859375,205000,VTV
2007-03-02,40.54450607299805,66.7699966430664,67.54000091552734,66.76000213623047,67.19999694824219,122500,VTV
2007-03-05,40.137664794921875,66.0999984741211,66.94000244140625,66.0,66.2699966430664,119000,VTV
2007-03-06,40.74488830566406,67.0999984741211,67.22000122070312,66.4000015258789,66.44999694824219,112300,VTV
2007-03-07,40.665958404541016,66.97000122070312,67.45999908447266,66.93000030517578,67.0999984741211,183300,VTV
2007-03-08,40.927066802978516,67.4000015258789,67.75,67.31999969482422,67.5999984741211,235000,VTV
2007-03-09,41.01206970214844,67.54000091552734,67.9000015258789,67.3499984741211,67.9000015258789,107400,VTV
2007-03-12,41.06672286987305,67.62999725341797,69.37000274658203,67.30999755859375,67.41999816894531,70500,VTV
2007-03-13,40.28339767456055,66.33999633789062,67.62999725341797,66.23999786376953,67.33000183105469,163400,VTV
2007-03-14,40.47163772583008,66.6500015258789,67.66999816894531,65.5,66.48999786376953,231800,VTV
2007-03-15,40.70846939086914,67.04000091552734,67.22000122070312,66.66000366210938,66.87000274658203,105100,VTV
2007-03-16,40.50807571411133,66.70999908447266,67.25,66.52999877929688,67.16000366210938,114500,VTV
2007-03-19,40.927066802978516,67.4000015258789,67.4800033569336,66.97000122070312,67.25,93600,VTV
2007-03-20,41.23673629760742,67.91000366210938,67.94999694824219,67.4000015258789,67.5,122500,VTV
2007-03-21,41.977561950683594,69.12999725341797,69.41999816894531,67.97000122070312,68.0999984741211,119400,VTV
2007-03-22,42.038265228271484,69.2300033569336,69.38999938964844,68.98999786376953,69.25,185100,VTV
2007-03-23,42.11113357543945,69.3499984741211,69.48999786376953,69.22000122070312,69.27999877929688,52900,VTV
2007-03-26,42.06044387817383,68.83999633789062,69.0,68.31999969482422,69.0,90100,VTV
2007-03-27,41.97489929199219,68.69999694824219,68.7699966430664,68.47000122070312,68.66000366210938,133500,VTV
2007-03-28,41.71216583251953,68.2699966430664,68.5,67.87000274658203,68.41999816894531,107900,VTV
2007-03-29,41.86492919921875,68.5199966430664,70.45999908447266,68.06999969482422,68.69999694824219,132800,VTV
2007-03-30,41.78548812866211,68.38999938964844,68.73999786376953,67.76000213623047,68.6500015258789,216600,VTV
2007-04-02,41.84048080444336,68.4800033569336,68.62000274658203,68.22000122070312,68.56999969482422,148700,VTV
2007-04-03,42.25596237182617,69.16000366210938,69.2699966430664,68.80000305175781,68.97000122070312,78000,VTV
2007-04-04,42.225399017333984,69.11000061035156,69.13999938964844,68.91999816894531,69.12999725341797,210100,VTV
2007-04-05,42.31705856323242,69.26000213623047,69.38999938964844,69.0,69.08000183105469,232100,VTV
2007-04-09,42.37814712524414,69.36000061035156,69.5199966430664,69.13999938964844,69.30999755859375,125600,VTV
2007-04-10,42.494232177734375,69.55000305175781,69.62000274658203,69.36000061035156,69.38999938964844,65400,VTV
2007-04-11,42.25596237182617,69.16000366210938,69.77999877929688,69.04000091552734,69.77999877929688,123300,VTV
2007-04-12,42.43925857543945,69.45999908447266,69.4800033569336,68.91000366210938,69.16000366210938,112700,VTV
2007-04-13,42.62865447998047,69.7699966430664,69.7699966430664,69.43000030517578,69.68000030517578,56300,VTV
2007-04-16,43.04413604736328,70.44999694824219,70.51000213623047,70.16000366210938,70.19999694824219,85100,VTV
2007-04-17,43.093017578125,70.52999877929688,70.70999908447266,70.36000061035156,70.58000183105469,112800,VTV
2007-04-18,43.245765686035156,70.77999877929688,70.91000366210938,70.43000030517578,70.52999877929688,73200,VTV
2007-04-19,43.14188003540039,70.61000061035156,70.79000091552734,70.37000274658203,70.45999908447266,75800,VTV
2007-04-20,43.60624313354492,71.37000274658203,71.37000274658203,70.95999908447266,71.25,84200,VTV
2007-04-23,43.38627624511719,71.01000213623047,71.43000030517578,71.0,71.4000015258789,98600,VTV
2007-04-24,43.3312873840332,70.91999816894531,71.16000366210938,70.66999816894531,71.16000366210938,66600,VTV
2007-04-25,43.86898422241211,71.80000305175781,71.81999969482422,71.1500015258789,71.37999725341797,62000,VTV
2007-04-26,43.84452438354492,71.76000213623047,71.9000015258789,71.5199966430664,71.79000091552734,58100,VTV
2007-04-27,43.80784606933594,71.69999694824219,71.83999633789062,71.41000366210938,71.55000305175781,78000,VTV
2007-04-30,43.53902816772461,71.26000213623047,71.93000030517578,71.26000213623047,71.70999908447266,69000,VTV
2007-05-01,43.63677978515625,71.41999816894531,71.45999908447266,71.0199966430664,71.44999694824219,73600,VTV
2007-05-02,43.90561294555664,71.86000061035156,71.98999786376953,71.62000274658203,71.6500015258789,117600,VTV
2007-05-03,44.1561393737793,72.2699966430664,72.33000183105469,71.93000030517578,72.08999633789062,95400,VTV
2007-05-04,44.20502853393555,72.3499984741211,72.62999725341797,72.26000213623047,72.5,81400,VTV
2007-05-07,44.376068115234375,72.62999725341797,72.66999816894531,72.55000305175781,72.5999984741211,73100,VTV
2007-05-08,44.363861083984375,72.61000061035156,72.61000061035156,72.20999908447266,72.37000274658203,70900,VTV
2007-05-09,44.510498046875,72.8499984741211,72.91999816894531,72.41999816894531,72.56999969482422,91000,VTV
2007-05-10,43.93006134033203,71.9000015258789,72.66999816894531,71.86000061035156,72.66999816894531,141100,VTV
2007-05-11,44.41884231567383,72.69999694824219,72.69999694824219,72.16999816894531,72.16999816894531,90100,VTV
2007-05-14,44.26610565185547,72.44999694824219,72.80999755859375,72.33000183105469,72.66999816894531,83200,VTV
2007-05-15,44.33941650390625,72.56999969482422,73.16000366210938,72.52999877929688,72.88999938964844,111000,VTV
2007-05-16,44.675472259521484,73.12000274658203,73.12000274658203,72.66000366210938,72.81999969482422,113700,VTV
2007-05-17,44.63270568847656,73.05000305175781,73.30000305175781,72.86000061035156,73.08000183105469,86500,VTV
2007-05-18,44.91985321044922,73.5199966430664,73.55999755859375,73.22000122070312,73.30000305175781,74600,VTV
2007-05-21,45.02983474731445,73.69999694824219,73.93000030517578,73.58999633789062,73.68000030517578,135800,VTV
2007-05-22,45.011512756347656,73.66999816894531,73.9800033569336,73.62000274658203,73.80999755859375,88700,VTV
2007-05-23,44.94430923461914,73.55999755859375,74.02999877929688,73.55999755859375,73.9000015258789,86400,VTV
2007-05-24,44.504371643066406,72.83999633789062,73.86000061035156,72.76000213623047,73.68000030517578,110900,VTV
2007-05-25,44.828208923339844,73.37000274658203,73.37000274658203,72.95999908447266,73.0,291900,VTV
2007-05-29,44.785457611083984,73.30000305175781,73.4800033569336,73.04000091552734,73.30000305175781,62500,VTV
2007-05-30,45.15815353393555,73.91000366210938,73.93000030517578,72.98999786376953,73.0,143700,VTV
2007-05-31,45.09706497192383,73.80999755859375,74.19999694824219,73.7699966430664,74.06999969482422,68000,VTV
2007-06-01,45.310882568359375,74.16000366210938,74.2699966430664,73.91999816894531,74.19999694824219,79900,VTV
2007-06-04,45.37199020385742,74.26000213623047,74.30999755859375,74.0,74.08000183105469,90900,VTV
2007-06-05,45.066497802734375,73.76000213623047,74.08999633789062,73.5999984741211,74.08999633789062,129600,VTV
2007-06-06,44.657127380371094,73.08999633789062,73.61000061035156,73.0,73.61000061035156,103300,VTV
2007-06-07,43.78952407836914,71.66999816894531,73.06999969482422,71.66999816894531,72.8499984741211,280700,VTV
2007-06-08,44.376068115234375,72.62999725341797,72.62999725341797,71.66999816894531,71.9000015258789,164500,VTV
2007-06-11,44.5349235534668,72.88999938964844,73.08999633789062,72.41000366210938,72.62000274658203,99900,VTV
2007-06-12,43.997276306152344,72.01000213623047,72.91999816894531,72.0,72.41999816894531,93000,VTV
2007-06-13,44.69990539550781,73.16000366210938,73.16000366210938,72.23999786376953,72.36000061035156,132000,VTV
2007-06-14,44.8465576171875,73.4000015258789,73.62000274658203,73.22000122070312,73.22000122070312,124400,VTV
2007-06-15,45.152034759521484,73.9000015258789,74.16000366210938,73.8499984741211,74.05999755859375,139000,VTV
2007-06-18,45.0909309387207,73.80000305175781,74.1500015258789,73.7300033569336,74.04000091552734,70000,VTV
2007-06-19,45.1948127746582,73.97000122070312,74.12000274658203,73.61000061035156,73.79000091552734,91700,VTV
2007-06-20,44.44940185546875,72.75,74.19999694824219,72.70999908447266,74.19999694824219,74700,VTV
2007-06-21,44.718238830566406,73.19000244140625,73.2300033569336,72.36000061035156,72.94999694824219,77300,VTV
2007-06-22,44.17446517944336,72.30000305175781,73.0,72.08000183105469,72.97000122070312,95300,VTV
2007-06-25,43.90912628173828,71.48999786376953,72.37000274658203,71.30999755859375,71.97000122070312,113600,VTV
2007-06-26,43.70029067993164,71.1500015258789,72.0,71.1500015258789,71.79000091552734,117200,VTV
2007-06-27,44.25307083129883,72.05000305175781,72.05000305175781,70.86000061035156,70.98999786376953,96100,VTV
2007-06-28,44.22236633300781,72.0,72.41000366210938,71.88999938964844,72.05000305175781,82100,VTV
2007-06-29,44.15478515625,71.88999938964844,72.62000274658203,71.41000366210938,72.3499984741211,353200,VTV
2007-07-02,44.67072677612305,72.7300033569336,72.7300033569336,72.30000305175781,72.5,149600,VTV
2007-07-03,44.95939254760742,73.19999694824219,73.19999694824219,72.75,72.80999755859375,199600,VTV
2007-07-05,44.78742599487305,72.91999816894531,73.20999908447266,72.51000213623047,73.0999984741211,139600,VTV
2007-07-06,44.87956237792969,73.06999969482422,73.16000366210938,72.66999816894531,72.80999755859375,78700,VTV
2007-07-09,44.92255783081055,73.13999938964844,73.2300033569336,72.9000015258789,73.16999816894531,89400,VTV
2007-07-10,44.160953521728516,71.9000015258789,72.91999816894531,71.9000015258789,72.54000091552734,86200,VTV
2007-07-11,44.468040466308594,72.4000015258789,72.4000015258789,71.87999725341797,72.0199966430664,134400,VTV
2007-07-12,45.31563949584961,73.77999877929688,73.77999877929688,72.81999969482422,72.81999969482422,98200,VTV
2007-07-13,45.469200134277344,74.02999877929688,74.29000091552734,73.69000244140625,73.7699966430664,80000,VTV
2007-07-16,45.37705612182617,73.87999725341797,74.2300033569336,73.7699966430664,74.06999969482422,102200,VTV
2007-07-17,45.266502380371094,73.69999694824219,74.16000366210938,73.69000244140625,74.08000183105469,131000,VTV
2007-07-18,45.1866569519043,73.56999969482422,73.66000366210938,72.95999908447266,73.41999816894531,99700,VTV
2007-07-19,45.23580551147461,73.6500015258789,73.98999786376953,73.54000091552734,73.97000122070312,119400,VTV
2007-07-20,44.74443435668945,72.8499984741211,73.80000305175781,72.69999694824219,73.73999786376953,169400,VTV
2007-07-23,44.93482971191406,73.16000366210938,73.37999725341797,73.05000305175781,73.29000091552734,74800,VTV
2007-07-24,43.976688385009766,71.5999984741211,72.70999908447266,71.33999633789062,72.51000213623047,149500,VTV
2007-07-25,44.136375427246094,71.86000061035156,72.22000122070312,71.13999938964844,72.12999725341797,169400,VTV
2007-07-26,42.93869400024414,69.91000366210938,73.81999969482422,69.20999908447266,71.23999786376953,258500,VTV
2007-07-27,42.01123809814453,68.4000015258789,70.31999969482422,68.3499984741211,69.9000015258789,230800,VTV
2007-07-30,42.71143341064453,69.54000091552734,69.62999725341797,68.41999816894531,69.0,133600,VTV
2007-07-31,42.07267761230469,68.5,70.2699966430664,68.5,70.16999816894531,170300,VTV
2007-08-01,42.56403350830078,69.30000305175781,69.30000305175781,67.76000213623047,68.87000274658203,275100,VTV
2007-08-02,42.60087966918945,69.36000061035156,69.5999984741211,68.79000091552734,69.44999694824219,107600,VTV
2007-08-03,41.27420425415039,67.19999694824219,69.4000015258789,67.19999694824219,69.30000305175781,161100,VTV
2007-08-06,42.36747360229492,68.9800033569336,69.05000305175781,66.73999786376953,67.5199966430664,535200,VTV
2007-08-07,42.83427047729492,69.73999786376953,70.31999969482422,68.55999755859375,68.55999755859375,148100,VTV
2007-08-08,43.46076202392578,70.76000213623047,71.08000183105469,69.7300033569336,70.18000030517578,185800,VTV
2007-08-09,42.134090423583984,68.5999984741211,70.11000061035156,68.5,69.12999725341797,260500,VTV
2007-08-10,41.9498176574707,68.30000305175781,68.94999694824219,67.37999725341797,67.4000015258789,161800,VTV
2007-08-13,42.03582763671875,68.44000244140625,69.16000366210938,68.33999633789062,69.12999725341797,109500,VTV
2007-08-14,41.30491638183594,67.25,68.69999694824219,67.25,68.69999694824219,190200,VTV
2007-08-15,40.715293884277344,66.29000091552734,68.06999969482422,66.12999725341797,67.01000213623047,350200,VTV
2007-08-16,41.33562088012695,67.30000305175781,67.30000305175781,64.80999755859375,65.7300033569336,328300,VTV
2007-08-17,42.263057708740234,68.80999755859375,70.58000183105469,67.68000030517578,70.4000015258789,181700,VTV
2007-08-20,42.238502502441406,68.7699966430664,69.11000061035156,67.98999786376953,69.0,122500,VTV
2007-08-21,42.30606460571289,68.87999725341797,69.36000061035156,68.5199966430664,68.5999984741211,218100,VTV
2007-08-22,42.79741287231445,69.68000030517578,69.69000244140625,69.0,69.54000091552734,124000,VTV
2007-08-23,42.77285385131836,69.63999938964844,70.19000244140625,69.18000030517578,70.19000244140625,178600,VTV
2007-08-24,43.172088623046875,70.29000091552734,70.3499984741211,69.5199966430664,69.66999816894531,203000,VTV
2007-08-27,42.803558349609375,69.69000244140625,70.08999633789062,69.55000305175781,70.08999633789062,111200,VTV
2007-08-28,41.75326919555664,67.9800033569336,69.22000122070312,67.8499984741211,69.20999908447266,150000,VTV
2007-08-29,42.56403350830078,69.30000305175781,69.30000305175781,68.0199966430664,68.4000015258789,97900,VTV
2007-08-30,42.32449722290039,68.91000366210938,69.29000091552734,68.58999633789062,68.62999725341797,109400,VTV
2007-08-31,42.68686294555664,69.5,69.97000122070312,69.16999816894531,69.7300033569336,139700,VTV
2007-09-04,43.26420974731445,70.44000244140625,70.63999938964844,69.5,69.5,94300,VTV
2007-09-05,42.63157653808594,69.41000366210938,69.8499984741211,69.16000366210938,69.79000091552734,128900,VTV
2007-09-06,42.803558349609375,69.69000244140625,69.8499984741211,69.23999786376953,69.66000366210938,143100,VTV
2007-09-07,42.127952575683594,68.58999633789062,69.29000091552734,68.37000274658203,68.58999633789062,200300,VTV
2007-09-10,42.078800201416016,68.51000213623047,68.93000030517578,67.8499984741211,68.8499984741211,209300,VTV
2007-09-11,42.576297760009766,69.31999969482422,69.4000015258789,68.70999908447266,68.80000305175781,116200,VTV
2007-09-12,42.71143341064453,69.54000091552734,69.7699966430664,69.0199966430664,69.25,98100,VTV
2007-09-13,43.07994842529297,70.13999938964844,70.41999816894531,69.80999755859375,69.86000061035156,2542100,VTV
2007-09-14,43.11679458618164,70.19999694824219,70.26000213623047,69.68000030517578,69.80000305175781,162800,VTV
2007-09-17,42.93254852294922,69.9000015258789,70.11000061035156,69.66000366210938,70.0,124000,VTV
2007-09-18,44.20396041870117,71.97000122070312,72.05999755859375,70.0,70.2300033569336,113800,VTV
2007-09-19,44.57859420776367,72.58000183105469,73.12000274658203,72.31999969482422,72.5999984741211,146700,VTV
2007-09-20,44.22236633300781,72.0,72.56999969482422,71.81999969482422,72.55000305175781,131400,VTV
2007-09-21,44.33292007446289,72.18000030517578,72.48999786376953,72.16999816894531,72.33000183105469,83200,VTV
2007-09-24,44.011470794677734,71.19999694824219,71.83000183105469,71.13999938964844,71.77999877929688,359500,VTV
2007-09-25,43.9434814453125,71.08999633789062,71.1500015258789,70.66999816894531,70.75,103000,VTV
2007-09-26,44.15983200073242,71.44000244140625,71.66999816894531,71.12999725341797,71.37000274658203,89800,VTV
2007-09-27,44.38237762451172,71.80000305175781,71.80000305175781,71.41000366210938,71.75,95200,VTV
2007-09-28,44.20310974121094,71.51000213623047,71.75,71.26000213623047,71.70999908447266,83300,VTV
2007-10-01,44.82126235961914,72.51000213623047,72.56999969482422,71.5199966430664,71.5199966430664,147900,VTV
2007-10-02,44.8336181640625,72.52999877929688,72.66999816894531,72.19000244140625,72.66999816894531,144600,VTV
2007-10-03,44.73472213745117,72.37000274658203,72.55000305175781,72.11000061035156,72.5,89400,VTV
2007-10-04,44.84597396850586,72.55000305175781,72.55000305175781,72.31999969482422,72.4800033569336,116500,VTV
2007-10-05,45.19831848144531,73.12000274658203,73.36000061035156,72.7699966430664,73.01000213623047,108600,VTV
2007-10-08,44.969608306884766,72.75,73.01000213623047,72.62000274658203,73.0,155900,VTV
2007-10-09,45.39610290527344,73.44000244140625,73.44000244140625,72.69000244140625,72.9000015258789,116900,VTV
2007-10-10,45.11176300048828,72.9800033569336,73.27999877929688,72.70999908447266,73.27999877929688,236800,VTV
2007-10-11,45.01905822753906,72.83000183105469,73.66999816894531,72.45999908447266,73.58000183105469,138600,VTV
2007-10-12,45.08086013793945,72.93000030517578,73.0,72.68000030517578,72.80999755859375,65800,VTV
2007-10-15,44.91396713256836,72.66000366210938,74.66999816894531,72.0,74.66999816894531,154400,VTV
2007-10-16,44.3885612487793,71.80999755859375,72.25,71.6500015258789,72.25,252900,VTV
2007-10-17,44.37001037597656,71.77999877929688,72.29000091552734,71.0,72.19999694824219,179400,VTV
2007-10-18,44.19074249267578,71.48999786376953,71.91000366210938,71.20999908447266,71.43000030517578,89700,VTV
2007-10-19,43.01008987426758,69.58000183105469,71.52999877929688,69.58000183105469,71.52999877929688,402900,VTV
2007-10-22,43.23880386352539,69.94999694824219,70.12000274658203,69.0999984741211,69.2300033569336,343100,VTV
2007-10-23,43.4984130859375,70.37000274658203,70.4000015258789,69.72000122070312,70.29000091552734,140000,VTV
2007-10-24,43.35625457763672,70.13999938964844,70.30999755859375,68.97000122070312,70.12000274658203,324800,VTV
2007-10-25,43.45517349243164,70.30000305175781,70.48999786376953,69.33999633789062,70.19999694824219,223600,VTV
2007-10-26,43.99913024902344,71.18000030517578,71.2300033569336,70.3499984741211,70.80000305175781,107600,VTV
2007-10-29,44.122737884521484,71.37999725341797,71.6500015258789,71.29000091552734,71.44000244140625,167900,VTV
2007-10-30,43.78276824951172,70.83000183105469,71.29000091552734,70.73999786376953,71.19999694824219,106200,VTV
2007-10-31,44.271095275878906,71.62000274658203,71.77999877929688,70.7300033569336,71.26000213623047,166300,VTV
2007-11-01,42.855552673339844,69.33000183105469,70.44000244140625,69.23999786376953,70.04000091552734,187300,VTV
2007-11-02,42.81230163574219,69.26000213623047,69.58999633789062,68.25,69.58999633789062,171300,VTV
2007-11-05,42.39197540283203,68.58000183105469,69.0,67.93000030517578,68.19999694824219,133000,VTV
2007-11-06,42.966835021972656,69.51000213623047,70.4800033569336,68.55999755859375,70.4800033569336,141400,VTV
2007-11-07,41.60074234008789,67.30000305175781,69.7300033569336,67.22000122070312,69.7300033569336,178700,VTV
2007-11-08,41.8109130859375,67.63999938964844,68.01000213623047,66.45999908447266,68.01000213623047,281200,VTV
2007-11-09,41.433834075927734,67.02999877929688,68.05000305175781,66.5999984741211,67.0199966430664,136700,VTV
2007-11-12,41.11241912841797,66.51000213623047,67.68000030517578,66.47000122070312,67.54000091552734,177900,VTV
2007-11-13,42.29924011230469,68.43000030517578,68.44000244140625,66.9000015258789,67.5,114000,VTV
2007-11-14,41.983985900878906,67.91999816894531,69.05000305175781,67.91999816894531,68.91999816894531,132300,VTV
2007-11-15,41.35966873168945,66.91000366210938,68.2699966430664,66.5,68.2699966430664,144200,VTV
2007-11-16,41.39677047729492,66.97000122070312,67.86000061035156,66.2699966430664,67.86000061035156,225800,VTV
2007-11-19,40.51898193359375,65.55000305175781,66.6500015258789,65.5,66.6500015258789,161000,VTV
2007-11-20,40.67353439331055,65.80000305175781,66.37999725341797,64.87999725341797,65.25,261400,VTV
2007-11-21,40.0182991027832,64.73999786376953,65.77999877929688,64.73999786376953,65.77999877929688,243700,VTV
2007-11-23,40.69825744628906,65.83999633789062,65.95999908447266,65.08999633789062,65.08999633789062,65800,VTV
2007-11-26,39.57943344116211,64.02999877929688,66.16999816894531,64.02999877929688,66.16999816894531,219700,VTV
2007-11-27,40.23465347290039,65.08999633789062,65.27999877929688,64.12000274658203,64.94999694824219,280800,VTV
2007-11-28,41.83563232421875,67.68000030517578,67.68000030517578,65.69999694824219,66.12000274658203,156600,VTV
2007-11-29,41.656375885009766,67.38999938964844,69.45999908447266,66.5999984741211,69.45999908447266,298700,VTV
2007-11-30,42.03963851928711,68.01000213623047,68.86000061035156,67.55000305175781,68.86000061035156,207300,VTV
2007-12-03,41.8109130859375,67.63999938964844,68.5,67.43000030517578,68.5,257400,VTV
2007-12-04,41.38438034057617,66.94999694824219,68.5,66.29000091552734,68.4000015258789,163700,VTV
2007-12-05,42.13235092163086,68.16000366210938,68.18000030517578,67.62000274658203,67.98999786376953,135800,VTV
2007-12-06,42.77521896362305,69.19999694824219,69.25,67.68000030517578,67.68000030517578,196000,VTV
2007-12-07,42.7133903503418,69.0999984741211,69.51000213623047,69.0,69.51000213623047,263700,VTV
2007-12-10,43.09663772583008,69.72000122070312,69.86000061035156,69.13999938964844,69.66000366210938,132400,VTV
2007-12-11,41.878902435302734,67.75,73.0,67.75,70.0199966430664,276000,VTV
2007-12-12,42.15707015991211,68.19999694824219,70.62000274658203,67.26000213623047,70.62000274658203,280300,VTV
2007-12-13,42.15707015991211,68.19999694824219,68.26000213623047,67.26000213623047,68.19999694824219,177400,VTV
2007-12-14,41.51420211791992,67.16000366210938,68.0199966430664,67.08999633789062,67.08999633789062,186100,VTV
2007-12-17,40.982608795166016,66.30000305175781,67.05999755859375,66.22000122070312,66.6500015258789,283400,VTV
2007-12-18,41.22367858886719,66.69000244140625,66.95999908447266,65.88999938964844,66.54000091552734,311500,VTV
2007-12-19,41.174224853515625,66.61000061035156,67.0999984741211,66.18000030517578,66.23999786376953,177800,VTV
2007-12-20,41.23344421386719,66.1500015258789,66.87000274658203,65.5199966430664,66.87000274658203,364800,VTV
2007-12-21,41.76327896118164,67.0,67.6500015258789,66.66000366210938,67.6500015258789,514100,VTV
2007-12-24,42.28064727783203,67.83000183105469,67.83000183105469,66.33000183105469,66.72000122070312,150200,VTV
2007-12-26,42.1746711730957,67.66000366210938,67.76000213623047,67.20999908447266,67.20999908447266,248600,VTV
2007-12-27,41.75703430175781,66.98999786376953,67.75,66.75,67.75,329500,VTV
2007-12-28,41.638614654541016,66.80000305175781,67.80000305175781,66.52999877929688,67.80000305175781,317800,VTV
2007-12-31,41.383033752441406,66.38999938964844,67.11000061035156,66.26000213623047,67.11000061035156,254900,VTV
2008-01-02,40.92177200317383,65.6500015258789,66.72000122070312,65.38999938964844,66.38999938964844,269700,VTV
2008-01-03,40.92177200317383,65.6500015258789,66.2300033569336,65.43000030517578,65.58999633789062,200100,VTV
2008-01-04,40.06157302856445,64.2699966430664,65.1500015258789,64.16999816894531,65.0,478700,VTV
2008-01-07,40.24858474731445,64.56999969482422,64.9800033569336,64.0,64.66999816894531,574600,VTV
2008-01-08,39.413299560546875,63.22999954223633,65.26000213623047,63.22999954223633,64.83000183105469,646400,VTV
2008-01-09,39.980552673339844,64.13999938964844,64.19000244140625,62.900001525878906,63.58000183105469,730000,VTV
2008-01-10,40.37947082519531,64.77999877929688,65.19999694824219,63.540000915527344,63.68000030517578,484700,VTV
2008-01-11,39.97429656982422,64.12999725341797,64.8499984741211,63.88999938964844,64.33999633789062,406000,VTV
2008-01-14,40.273521423339844,64.61000061035156,64.68000030517578,64.1500015258789,64.33999633789062,584800,VTV
2008-01-15,39.282413482666016,63.02000045776367,63.90999984741211,63.02000045776367,63.86000061035156,414400,VTV
2008-01-16,39.2387809753418,62.95000076293945,63.849998474121094,62.70000076293945,62.900001525878906,454400,VTV
2008-01-17,37.99210739135742,60.95000076293945,63.06999969482422,60.79999923706055,63.04999923706055,611200,VTV
2008-01-18,37.586936950683594,60.29999923706055,61.54999923706055,59.66999816894531,61.2599983215332,587400,VTV
2008-01-22,37.237884521484375,59.7400016784668,60.54999923706055,49.95000076293945,57.619998931884766,560600,VTV
2008-01-23,38.6216926574707,61.959999084472656,61.959999084472656,58.45000076293945,58.45000076293945,767600,VTV
2008-01-24,38.6528434753418,62.0099983215332,62.2400016784668,61.349998474121094,61.90999984741211,265600,VTV
2008-01-25,38.05445861816406,61.04999923706055,62.72999954223633,60.7400016784668,62.689998626708984,359700,VTV
2008-01-28,38.9395751953125,62.470001220703125,62.470001220703125,60.63999938964844,61.08000183105469,307800,VTV
2008-01-29,39.2387809753418,62.95000076293945,63.099998474121094,62.380001068115234,62.869998931884766,349100,VTV
2008-01-30,38.895957946777344,62.400001525878906,64.13999938964844,62.31999969482422,62.849998474121094,408000,VTV
2008-01-31,39.42577362060547,63.25,64.02999877929688,61.63999938964844,61.83000183105469,434600,VTV
2008-02-01,40.26728057861328,64.5999984741211,64.5999984741211,63.689998626708984,63.93000030517578,334300,VTV
2008-02-04,39.75613784790039,63.779998779296875,64.51000213623047,63.779998779296875,64.51000213623047,439300,VTV
2008-02-05,38.627906799316406,61.970001220703125,63.060001373291016,61.790000915527344,63.060001373291016,337100,VTV
2008-02-06,38.334957122802734,61.5,62.439998626708984,61.25,62.220001220703125,276300,VTV
2008-02-07,38.64661407470703,62.0,62.189998626708984,61.0,61.34000015258789,228200,VTV
2008-02-08,38.197818756103516,61.279998779296875,61.81999969482422,60.849998474121094,61.709999084472656,292800,VTV
2008-02-11,38.14794921875,61.20000076293945,61.40999984741211,60.5,61.33000183105469,397100,VTV
2008-02-12,38.61543655395508,61.95000076293945,62.41999816894531,61.459999084472656,61.650001525878906,538300,VTV
2008-02-13,38.952056884765625,62.4900016784668,62.720001220703125,61.88999938964844,62.380001068115234,400300,VTV
2008-02-14,38.54689025878906,61.84000015258789,62.720001220703125,61.75,62.720001220703125,628700,VTV
2008-02-15,38.66530227661133,62.029998779296875,62.029998779296875,61.33000183105469,61.689998626708984,641600,VTV
2008-02-19,38.69647979736328,62.08000183105469,62.790000915527344,61.7599983215332,62.65999984741211,404900,VTV
2008-02-20,38.871009826660156,62.36000061035156,62.5099983215332,61.16999816894531,61.40999984741211,796300,VTV
2008-02-21,38.391056060791016,61.59000015258789,62.65999984741211,61.380001068115234,62.5,790700,VTV
2008-02-22,38.78998565673828,62.22999954223633,62.22999954223633,60.84000015258789,61.77000045776367,666300,VTV
2008-02-25,39.26993942260742,63.0,63.13999938964844,61.75,62.119998931884766,771900,VTV
2008-02-26,39.51305389404297,63.38999938964844,63.66999816894531,62.61000061035156,62.790000915527344,573100,VTV
2008-02-27,39.45695495605469,63.29999923706055,63.720001220703125,63.0,63.130001068115234,518700,VTV
2008-02-28,38.98944854736328,62.54999923706055,62.9900016784668,62.369998931884766,62.88999938964844,512100,VTV
2008-02-29,37.88615798950195,60.779998779296875,61.91999816894531,60.5,61.91999816894531,256500,VTV
2008-03-03,37.87369155883789,60.7599983215332,60.93000030517578,60.2400016784668,60.630001068115234,535000,VTV
2008-03-04,37.730316162109375,60.529998779296875,60.66999816894531,59.619998931884766,60.310001373291016,876300,VTV
2008-03-05,37.89860916137695,60.79999923706055,61.209999084472656,60.08000183105469,60.79999923706055,962300,VTV
2008-03-06,36.888816833496094,59.18000030517578,60.43000030517578,59.119998931884766,60.209999084472656,425400,VTV
2008-03-07,36.5896110534668,58.70000076293945,59.599998474121094,58.209999084472656,58.75,778400,VTV
2008-03-10,36.17822265625,58.040000915527344,58.91999816894531,57.79999923706055,58.72999954223633,566300,VTV
2008-03-11,37.59941101074219,60.31999969482422,60.31999969482422,58.689998626708984,59.650001525878906,406400,VTV
2008-03-12,37.21919250488281,59.709999084472656,61.040000915527344,59.689998626708984,60.43000030517578,619800,VTV
2008-03-13,37.337615966796875,59.900001525878906,60.25,58.43000030517578,58.91999816894531,498200,VTV
2008-03-14,36.58338928222656,58.689998626708984,60.41999816894531,58.04999923706055,60.41999816894531,792500,VTV
2008-03-17,36.40260696411133,58.400001525878906,58.779998779296875,56.0,58.08000183105469,752600,VTV
2008-03-18,37.99210739135742,60.95000076293945,60.95000076293945,59.27000045776367,59.529998779296875,536600,VTV
2008-03-19,37.16932678222656,59.630001068115234,61.599998474121094,59.630001068115234,61.11000061035156,373200,VTV
2008-03-20,38.116783142089844,61.150001525878906,61.43000030517578,59.54999923706055,60.27000045776367,203400,VTV
2008-03-24,38.7151985168457,62.11000061035156,62.5,61.560001373291016,61.63999938964844,382900,VTV
2008-03-25,38.582725524902344,61.459999084472656,61.77000045776367,61.040000915527344,61.45000076293945,462000,VTV
2008-03-26,38.2939338684082,61.0,61.310001373291016,60.77000045776367,61.27000045776367,375500,VTV
2008-03-27,37.917301177978516,60.400001525878906,61.790000915527344,60.36000061035156,61.790000915527344,297300,VTV
2008-03-28,37.52178192138672,59.77000045776367,60.709999084472656,59.72999954223633,60.70000076293945,224000,VTV
2008-03-31,37.716400146484375,60.08000183105469,60.52000045776367,59.720001220703125,59.849998474121094,212700,VTV
2008-04-01,39.21049880981445,62.459999084472656,62.459999084472656,60.790000915527344,61.52000045776367,265800,VTV
2008-04-02,39.09122085571289,62.27000045776367,62.86000061035156,62.13999938964844,62.619998931884766,201400,VTV
2008-04-03,39.21677780151367,62.470001220703125,62.75,61.970001220703125,62.130001068115234,234000,VTV
2008-04-04,39.141441345214844,62.349998474121094,62.84000015258789,62.130001068115234,62.43000030517578,314800,VTV
2008-04-07,39.2356071472168,62.5,63.16999816894531,62.38999938964844,62.869998931884766,272000,VTV
2008-04-08,39.09748840332031,62.279998779296875,62.43000030517578,61.970001220703125,62.22999954223633,274800,VTV
2008-04-09,38.77733612060547,61.77000045776367,62.36000061035156,61.439998626708984,62.36000061035156,230800,VTV
2008-04-10,38.7333984375,61.70000076293945,61.970001220703125,61.20000076293945,61.47999954223633,135300,VTV
2008-04-11,37.93610763549805,60.43000030517578,61.849998474121094,60.29999923706055,61.20000076293945,174900,VTV
2008-04-14,37.74778747558594,60.130001068115234,60.40999984741211,59.959999084472656,60.40999984741211,227900,VTV
2008-04-15,37.948665618896484,60.45000076293945,60.54999923706055,59.959999084472656,60.5,160500,VTV
2008-04-16,38.7961540222168,61.79999923706055,61.79999923706055,60.90999984741211,60.9900016784668,173800,VTV
2008-04-17,38.902870178222656,61.970001220703125,62.0,61.41999816894531,61.84000015258789,209800,VTV
2008-04-18,39.386268615722656,62.7400016784668,63.779998779296875,62.459999084472656,63.77000045776367,175200,VTV
2008-04-21,39.13515853881836,62.34000015258789,62.45000076293945,62.0,62.400001525878906,141300,VTV
2008-04-22,38.95310592651367,62.04999923706055,62.279998779296875,61.720001220703125,62.2400016784668,308000,VTV
2008-04-23,38.84638595581055,61.880001068115234,62.349998474121094,61.65999984741211,62.189998626708984,126400,VTV
2008-04-24,39.26700210571289,62.54999923706055,62.93000030517578,61.70000076293945,61.91999816894531,203000,VTV
2008-04-25,39.69386672973633,63.22999954223633,63.22999954223633,62.290000915527344,62.959999084472656,153000,VTV
2008-04-28,39.5745964050293,63.040000915527344,63.29999923706055,62.90999984741211,63.18000030517578,168000,VTV
2008-04-29,39.379974365234375,62.72999954223633,63.0,62.540000915527344,63.0,268400,VTV
2008-04-30,39.329769134521484,62.650001525878906,63.52000045776367,62.540000915527344,62.88999938964844,258800,VTV
2008-05-01,40.0140380859375,63.7400016784668,63.7400016784668,62.45000076293945,62.5099983215332,203200,VTV
2008-05-02,40.120765686035156,63.90999984741211,64.30000305175781,63.56999969482422,64.30000305175781,246700,VTV
2008-05-05,39.87592315673828,63.52000045776367,63.810001373291016,63.310001373291016,63.779998779296875,196400,VTV
2008-05-06,40.158424377441406,63.970001220703125,64.05999755859375,62.97999954223633,63.16999816894531,203300,VTV
2008-05-07,39.37369918823242,62.720001220703125,64.04000091552734,62.56999969482422,64.01000213623047,201600,VTV
2008-05-08,39.292091369628906,62.59000015258789,62.95000076293945,62.380001068115234,62.900001525878906,244400,VTV
2008-05-09,39.128875732421875,62.33000183105469,62.599998474121094,62.150001525878906,62.31999969482422,149800,VTV
2008-05-12,39.58087158203125,63.04999923706055,63.04999923706055,62.310001373291016,62.470001220703125,186900,VTV
2008-05-13,39.51810073852539,62.95000076293945,63.2400016784668,62.75,63.2400016784668,220900,VTV
2008-05-14,39.75665283203125,63.33000183105469,63.65999984741211,63.09000015258789,63.09000015258789,181500,VTV
2008-05-15,40.083091735839844,63.849998474121094,63.849998474121094,63.119998931884766,63.380001068115234,407400,VTV
2008-05-16,40.114479064941406,63.900001525878906,64.02999877929688,63.40999984741211,64.02999877929688,288100,VTV
2008-05-19,40.29024124145508,64.18000030517578,64.55000305175781,63.779998779296875,63.9900016784668,166400,VTV
2008-05-20,39.87592315673828,63.52000045776367,63.91999816894531,63.209999084472656,63.91999816894531,208400,VTV
2008-05-21,39.26071548461914,62.540000915527344,63.619998931884766,62.400001525878906,63.58000183105469,295600,VTV
2008-05-22,39.29838943481445,62.599998474121094,62.90999984741211,62.40999984741211,62.560001373291016,658900,VTV
2008-05-23,38.676883697509766,61.61000061035156,62.40999984741211,61.61000061035156,62.22999954223633,287500,VTV
2008-05-27,38.86522674560547,61.90999984741211,61.97999954223633,61.41999816894531,61.529998779296875,203600,VTV
2008-05-28,38.94054412841797,62.029998779296875,62.060001373291016,61.47999954223633,62.060001373291016,143900,VTV
2008-05-29,39.22304916381836,62.47999954223633,62.81999969482422,61.939998626708984,61.939998626708984,162000,VTV
2008-05-30,39.103782653808594,62.290000915527344,62.66999816894531,62.27000045776367,62.66999816894531,180100,VTV
2008-06-02,38.752220153808594,61.72999954223633,62.2400016784668,61.36000061035156,62.2400016784668,205400,VTV
2008-06-03,38.51366424560547,61.349998474121094,61.959999084472656,60.95000076293945,61.959999084472656,304200,VTV
2008-06-04,38.40068817138672,61.16999816894531,61.65999984741211,60.900001525878906,61.25,283100,VTV
2008-06-05,39.141441345214844,62.349998474121094,62.349998474121094,61.25,61.380001068115234,108200,VTV
2008-06-06,37.854496002197266,60.29999923706055,61.84000015258789,60.290000915527344,61.84000015258789,186200,VTV
2008-06-09,37.81684494018555,60.2400016784668,60.790000915527344,59.869998931884766,60.56999969482422,204000,VTV
2008-06-10,37.66618728637695,60.0,60.439998626708984,59.70000076293945,59.70000076293945,167400,VTV
2008-06-11,37.09490203857422,59.09000015258789,60.029998779296875,59.09000015258789,60.029998779296875,214100,VTV
2008-06-12,37.25812530517578,59.349998474121094,59.900001525878906,58.970001220703125,59.400001525878906,199700,VTV
2008-06-13,37.67247009277344,60.0099983215332,60.099998474121094,59.22999954223633,59.650001525878906,176000,VTV
2008-06-16,37.722660064697266,60.09000015258789,60.31999969482422,59.619998931884766,59.66999816894531,160000,VTV
2008-06-17,37.415061950683594,59.599998474121094,60.5,59.59000015258789,60.4900016784668,196300,VTV
2008-06-18,37.00700759887695,58.95000076293945,59.29999923706055,58.7400016784668,59.29999923706055,333000,VTV
2008-06-19,37.044673919677734,59.0099983215332,59.189998626708984,58.5,58.90999984741211,234300,VTV
2008-06-20,36.41062545776367,58.0,58.70000076293945,57.869998931884766,58.70000076293945,231100,VTV
2008-06-23,36.31019592285156,57.84000015258789,58.189998626708984,57.75,58.130001068115234,260600,VTV
2008-06-24,36.31399154663086,57.43000030517578,57.95000076293945,56.88999938964844,57.380001068115234,202300,VTV
2008-06-25,36.566932678222656,57.83000183105469,58.4900016784668,57.72999954223633,57.81999969482422,379400,VTV
2008-06-26,35.523590087890625,56.18000030517578,57.36000061035156,56.150001525878906,57.36000061035156,531600,VTV
2008-06-27,35.31490707397461,55.849998474121094,56.439998626708984,55.63999938964844,56.369998931884766,424300,VTV
2008-06-30,35.378143310546875,55.95000076293945,56.400001525878906,55.650001525878906,55.9900016784668,287700,VTV
2008-07-01,35.54256057739258,56.209999084472656,56.209999084472656,55.16999816894531,55.4900016784668,360400,VTV
2008-07-02,34.9608268737793,55.290000915527344,56.650001525878906,55.290000915527344,56.5099983215332,253300,VTV
2008-07-03,34.973487854003906,55.310001373291016,56.04999923706055,55.02000045776367,55.7400016784668,238700,VTV
2008-07-07,34.53086853027344,54.61000061035156,55.810001373291016,54.20000076293945,55.560001373291016,407000,VTV
2008-07-08,35.378143310546875,55.95000076293945,56.029998779296875,54.38999938964844,54.56999969482422,855800,VTV
2008-07-09,34.5877571105957,54.70000076293945,56.2400016784668,54.70000076293945,56.189998626708984,441300,VTV
2008-07-10,34.695247650146484,54.869998931884766,55.20000076293945,54.25,54.72999954223633,511300,VTV
2008-07-11,34.258949279785156,54.18000030517578,55.0099983215332,53.560001373291016,54.20000076293945,539600,VTV
2008-07-14,33.84163284301758,53.52000045776367,55.099998474121094,53.279998779296875,54.7400016784668,929900,VTV
2008-07-15,33.240936279296875,52.56999969482422,53.619998931884766,52.060001373291016,52.720001220703125,1298300,VTV
2008-07-16,34.29688262939453,54.2400016784668,54.2400016784668,52.529998779296875,52.630001068115234,1029100,VTV
2008-07-17,34.82172393798828,55.06999969482422,55.189998626708984,54.15999984741211,54.77000045776367,1158400,VTV
2008-07-18,35.12523651123047,55.54999923706055,55.54999923706055,54.900001525878906,55.38999938964844,607500,VTV
2008-07-21,35.02406692504883,55.38999938964844,55.88999938964844,55.209999084472656,55.88999938964844,576600,VTV
2008-07-22,35.71961212158203,56.4900016784668,56.540000915527344,54.7599983215332,54.90999984741211,726000,VTV
2008-07-23,35.997825622558594,56.93000030517578,57.34000015258789,56.5099983215332,56.86000061035156,846300,VTV
2008-07-24,35.04304885864258,55.41999816894531,57.119998931884766,55.25,57.119998931884766,780800,VTV
2008-07-25,34.954505920410156,55.279998779296875,55.7599983215332,55.029998779296875,55.5,550300,VTV
2008-07-28,34.23997116088867,54.150001525878906,55.45000076293945,54.150001525878906,55.349998474121094,366100,VTV
2008-07-29,35.12523651123047,55.54999923706055,55.560001373291016,54.15999984741211,54.349998474121094,507200,VTV
2008-07-30,35.808143615722656,56.630001068115234,56.63999938964844,55.63999938964844,56.0099983215332,437400,VTV
2008-07-31,35.31490707397461,55.849998474121094,56.61000061035156,55.77000045776367,56.040000915527344,378800,VTV
2008-08-01,35.24537658691406,55.7400016784668,56.2400016784668,55.380001068115234,56.0,262800,VTV
2008-08-04,34.935543060302734,55.25,55.779998779296875,55.029998779296875,55.709999084472656,204000,VTV
2008-08-05,35.940921783447266,56.84000015258789,56.849998474121094,55.68000030517578,55.83000183105469,257200,VTV
2008-08-06,35.953575134277344,56.86000061035156,56.959999084472656,56.38999938964844,56.630001068115234,316400,VTV
2008-08-07,35.239051818847656,55.72999954223633,56.560001373291016,55.54999923706055,56.4900016784668,273000,VTV
2008-08-08,36.11165237426758,57.11000061035156,57.22999954223633,55.290000915527344,55.720001220703125,313900,VTV
2008-08-11,36.45308303833008,57.650001525878906,58.04999923706055,56.959999084472656,57.150001525878906,294700,VTV
2008-08-12,35.85239791870117,56.70000076293945,57.54999923706055,56.439998626708984,57.54999923706055,262200,VTV
2008-08-13,35.64372634887695,56.369998931884766,56.689998626708984,55.810001373291016,56.529998779296875,263200,VTV
2008-08-14,35.85239791870117,56.70000076293945,57.0,55.88999938964844,56.099998474121094,288600,VTV
2008-08-15,36.029457092285156,56.97999954223633,57.16999816894531,56.63999938964844,56.93000030517578,313000,VTV
2008-08-18,35.41609573364258,56.0099983215332,57.22999954223633,55.849998474121094,57.22999954223633,347600,VTV
2008-08-19,35.17581558227539,55.630001068115234,55.779998779296875,55.16999816894531,55.779998779296875,222200,VTV
2008-08-20,35.276981353759766,55.790000915527344,55.790000915527344,54.95000076293945,55.41999816894531,319300,VTV
2008-08-21,35.3402214050293,55.88999938964844,56.06999969482422,55.27000045776367,55.5,297600,VTV
2008-08-22,35.77650833129883,56.58000183105469,56.619998931884766,56.119998931884766,56.31999969482422,310500,VTV
2008-08-25,35.07463836669922,55.470001220703125,56.470001220703125,55.36000061035156,56.470001220703125,273600,VTV
2008-08-26,35.1884651184082,55.650001525878906,55.86000061035156,55.279998779296875,55.54999923706055,325200,VTV
2008-08-27,35.536231994628906,56.20000076293945,56.34000015258789,55.68000030517578,55.81999969482422,198400,VTV
2008-08-28,36.20649337768555,57.2599983215332,57.27000045776367,56.529998779296875,56.689998626708984,334100,VTV
2008-08-29,35.89032745361328,56.7599983215332,57.33000183105469,56.75,57.130001068115234,270500,VTV
2008-09-02,35.915618896484375,56.79999923706055,57.709999084472656,56.540000915527344,57.58000183105469,423200,VTV
2008-09-03,36.035770416259766,56.9900016784668,57.11000061035156,56.529998779296875,56.790000915527344,595800,VTV
2008-09-04,34.954505920410156,55.279998779296875,56.65999984741211,55.25,56.4900016784668,475200,VTV
2008-09-05,35.239051818847656,55.72999954223633,55.83000183105469,54.43000030517578,55.0099983215332,446100,VTV
2008-09-08,36.21915054321289,57.279998779296875,58.5099983215332,56.27000045776367,57.84000015258789,541000,VTV
2008-09-09,34.85334396362305,55.119998931884766,57.290000915527344,55.119998931884766,57.2400016784668,571200,VTV
2008-09-10,34.910255432128906,55.209999084472656,55.779998779296875,54.65999984741211,55.47999954223633,508600,VTV
2008-09-11,35.270668029785156,55.779998779296875,55.84000015258789,54.11000061035156,54.56999969482422,450900,VTV
2008-09-12,35.34654998779297,55.900001525878906,56.04999923706055,55.08000183105469,55.349998474121094,443000,VTV
2008-09-15,33.53178787231445,53.029998779296875,55.029998779296875,52.02000045776367,53.060001373291016,713300,VTV
2008-09-16,34.119842529296875,53.959999084472656,53.959999084472656,51.27000045776367,51.66999816894531,1132700,VTV
2008-09-17,32.45684814453125,51.33000183105469,53.279998779296875,51.18000030517578,52.95000076293945,1014900,VTV
2008-09-18,33.96177291870117,53.709999084472656,54.290000915527344,50.310001373291016,51.91999816894531,1185800,VTV
2008-09-19,35.77019500732422,56.56999969482422,58.75,55.0,56.95000076293945,417900,VTV
2008-09-22,34.39806365966797,54.400001525878906,56.4900016784668,54.31999969482422,56.099998474121094,350000,VTV
2008-09-23,33.898536682128906,53.61000061035156,55.09000015258789,53.470001220703125,54.400001525878906,425400,VTV
2008-09-24,33.90938949584961,53.16999816894531,54.72999954223633,52.7400016784668,54.72999954223633,384800,VTV
2008-09-25,34.71931838989258,54.439998626708984,54.650001525878906,53.25,54.34000015258789,356800,VTV
2008-09-26,34.71294403076172,54.43000030517578,54.43000030517578,52.86000061035156,52.86000061035156,247000,VTV
2008-09-29,32.38514709472656,50.779998779296875,53.7599983215332,50.0,53.61000061035156,492400,VTV
2008-09-30,33.43105697631836,52.41999816894531,52.41999816894531,50.689998626708984,52.29999923706055,476300,VTV
2008-10-01,33.584129333496094,52.65999984741211,52.88999938964844,51.36000061035156,52.88999938964844,460300,VTV
2008-10-02,32.38514709472656,50.779998779296875,53.31999969482422,50.58000183105469,52.310001373291016,351300,VTV
2008-10-03,31.887712478637695,50.0,52.65999984741211,50.0,52.4900016784668,652500,VTV
2008-10-06,31.052227020263672,48.689998626708984,49.279998779296875,46.0,48.34000015258789,1098100,VTV
2008-10-07,28.839237213134766,45.220001220703125,48.9900016784668,45.099998474121094,48.5,584100,VTV
2008-10-08,28.042049407958984,43.970001220703125,46.029998779296875,43.650001525878906,43.970001220703125,974500,VTV
2008-10-09,26.34561538696289,41.310001373291016,60.0,40.25,45.97999954223633,1032700,VTV
2008-10-10,26.205307006835938,41.09000015258789,42.209999084472656,37.22999954223633,39.11000061035156,1698300,VTV
2008-10-13,28.64152717590332,44.90999984741211,45.70000076293945,41.47999954223633,42.77000045776367,924700,VTV
2008-10-14,28.973163604736328,45.43000030517578,49.0,43.72999954223633,47.400001525878906,1224200,VTV
2008-10-15,26.090497970581055,40.90999984741211,44.38999938964844,40.88999938964844,44.290000915527344,735100,VTV
2008-10-16,27.21295928955078,42.66999816894531,42.68000030517578,39.0099983215332,41.099998474121094,821200,VTV
2008-10-17,26.95786476135254,42.27000045776367,44.29999923706055,41.29999923706055,41.619998931884766,666200,VTV
2008-10-20,28.3162841796875,44.400001525878906,44.5099983215332,42.58000183105469,43.189998626708984,728100,VTV
2008-10-21,27.62749481201172,43.31999969482422,44.59000015258789,43.150001525878906,43.95000076293945,733400,VTV
2008-10-22,25.94382667541504,40.68000030517578,42.43000030517578,39.56999969482422,42.43000030517578,808000,VTV
2008-10-23,26.307357788085938,41.25,41.790000915527344,38.91999816894531,40.9900016784668,900200,VTV
2008-10-24,25.395366668701172,39.81999969482422,40.790000915527344,37.63999938964844,37.63999938964844,955500,VTV
2008-10-27,24.585418701171875,38.54999923706055,40.63999938964844,38.540000915527344,38.9900016784668,957000,VTV
2008-10-28,27.23209571838379,42.70000076293945,42.7599983215332,38.380001068115234,39.970001220703125,770200,VTV
2008-10-29,26.66449546813965,41.810001373291016,43.95000076293945,41.689998626708984,42.790000915527344,917600,VTV
2008-10-30,27.36602783203125,42.90999984741211,43.68000030517578,41.779998779296875,43.529998779296875,753800,VTV
2008-10-31,28.003780364990234,43.90999984741211,44.400001525878906,42.56999969482422,42.56999969482422,673400,VTV
2008-11-03,27.882604598999023,43.720001220703125,44.040000915527344,43.33000183105469,43.779998779296875,645300,VTV
2008-11-04,29.043306350708008,45.540000915527344,45.68000030517578,44.43000030517578,44.90999984741211,672700,VTV
2008-11-05,27.378774642944336,42.93000030517578,45.34000015258789,42.86000061035156,45.040000915527344,857700,VTV
2008-11-06,26.1032657623291,40.93000030517578,43.08000183105469,40.599998474121094,42.41999816894531,892500,VTV
2008-11-07,26.881315231323242,42.150001525878906,42.15999984741211,40.88999938964844,41.290000915527344,804600,VTV
2008-11-10,26.53055191040039,41.599998474121094,43.189998626708984,40.88999938964844,43.15999984741211,1005900,VTV
2008-11-11,25.931066513061523,40.65999984741211,41.470001220703125,39.959999084472656,40.97999954223633,945800,VTV
2008-11-12,24.591796875,38.560001373291016,40.189998626708984,38.36000061035156,39.790000915527344,718900,VTV
2008-11-13,26.390260696411133,41.380001068115234,41.40999984741211,37.099998474121094,38.79999923706055,1640200,VTV
2008-11-14,25.2423095703125,39.58000183105469,41.61000061035156,39.45000076293945,40.220001220703125,911800,VTV
2008-11-17,24.668331146240234,38.68000030517578,40.11000061035156,38.52000045776367,39.31999969482422,1043200,VTV
2008-11-18,24.948938369750977,39.119998931884766,39.43000030517578,37.529998779296875,38.400001525878906,932800,VTV
2008-11-19,23.37369155883789,36.650001525878906,39.20000076293945,36.459999084472656,38.97999954223633,771500,VTV
2008-11-20,21.619850158691406,33.900001525878906,36.93000030517578,33.52000045776367,36.0,1335000,VTV
2008-11-21,22.96552085876465,36.0099983215332,36.0099983215332,33.040000915527344,34.72999954223633,2366100,VTV
2008-11-24,24.34307098388672,38.16999816894531,39.11000061035156,36.279998779296875,36.5,1616300,VTV
2008-11-25,24.891529083251953,39.029998779296875,39.459999084472656,37.7400016784668,39.45000076293945,11999000,VTV
2008-11-26,25.77801513671875,40.41999816894531,40.41999816894531,38.0,38.02000045776367,2505500,VTV
2008-11-28,26.141536712646484,40.9900016784668,41.029998779296875,39.849998474121094,39.90999984741211,400700,VTV
2008-12-01,23.603275299072266,37.0099983215332,39.880001068115234,36.84000015258789,39.83000183105469,1342600,VTV
2008-12-02,24.82776641845703,38.93000030517578,38.93000030517578,37.11000061035156,37.689998626708984,1486100,VTV
2008-12-03,25.510162353515625,40.0,40.08000183105469,37.779998779296875,37.97999954223633,1162400,VTV
2008-12-04,24.63644027709961,38.630001068115234,40.2400016784668,38.06999969482422,39.33000183105469,1196300,VTV
2008-12-05,25.746135711669922,40.369998931884766,40.439998626708984,37.439998626708984,38.04999923706055,1119100,VTV
2008-12-08,26.7537841796875,41.95000076293945,42.400001525878906,41.11000061035156,41.349998474121094,1222700,VTV
2008-12-09,26.058616638183594,40.86000061035156,42.20000076293945,40.70000076293945,41.56999969482422,1760100,VTV
2008-12-10,26.38388442993164,41.369998931884766,41.790000915527344,40.66999816894531,41.40999984741211,1540200,VTV
2008-12-11,25.59307289123535,40.130001068115234,41.54999923706055,39.79999923706055,41.08000183105469,2041600,VTV
2008-12-12,25.854541778564453,40.540000915527344,40.709999084472656,38.869998931884766,39.0099983215332,1318000,VTV
2008-12-15,25.42724609375,39.869998931884766,40.91999816894531,39.310001373291016,40.91999816894531,1133900,VTV
2008-12-16,26.881315231323242,42.150001525878906,42.220001220703125,40.2400016784668,42.150001525878906,1180100,VTV
2008-12-17,26.549697875976562,41.630001068115234,42.40999984741211,41.22999954223633,41.66999816894531,1335600,VTV
2008-12-18,25.822654724121094,40.4900016784668,41.939998626708984,40.189998626708984,41.88999938964844,1077000,VTV
2008-12-19,25.8417911529541,40.52000045776367,41.52000045776367,40.40999984741211,40.939998626708984,1231300,VTV
2008-12-22,25.38475227355957,39.380001068115234,40.400001525878906,38.7400016784668,40.400001525878906,1981400,VTV
2008-12-23,25.20427131652832,39.099998474121094,39.880001068115234,38.88999938964844,39.849998474121094,1244700,VTV
2008-12-24,25.35253143310547,39.33000183105469,39.40999984741211,38.93000030517578,39.09000015258789,424600,VTV
2008-12-26,25.52657127380371,39.599998474121094,39.65999984741211,39.27000045776367,39.63999938964844,579300,VTV
2008-12-29,25.46212387084961,39.5,39.75,38.88999938964844,39.689998626708984,1118100,VTV
2008-12-30,26.145402908325195,40.560001373291016,40.56999969482422,39.59000015258789,39.81999969482422,1621900,VTV
2008-12-31,26.532176971435547,41.15999984741211,41.540000915527344,40.459999084472656,40.54999923706055,1148300,VTV
2009-01-02,27.267024993896484,42.29999923706055,42.599998474121094,40.95000076293945,41.369998931884766,689100,VTV
2009-01-05,27.12520980834961,42.08000183105469,42.599998474121094,41.79999923706055,42.209999084472656,1145600,VTV
2009-01-06,27.344383239746094,42.41999816894531,42.900001525878906,42.099998474121094,42.58000183105469,1202200,VTV
2009-01-07,26.454816818237305,41.040000915527344,41.86000061035156,40.83000183105469,41.86000061035156,884500,VTV
2009-01-08,26.564403533935547,41.209999084472656,41.22999954223633,40.70000076293945,40.7599983215332,715300,VTV
2009-01-09,25.9842472076416,40.310001373291016,41.43000030517578,40.220001220703125,41.369998931884766,927400,VTV
2009-01-12,25.26227378845215,39.189998626708984,40.27000045776367,38.939998626708984,40.16999816894531,1803200,VTV
2009-01-13,25.35253143310547,39.33000183105469,39.540000915527344,38.869998931884766,39.060001373291016,798700,VTV
2009-01-14,24.417842864990234,37.880001068115234,38.65999984741211,37.599998474121094,38.65999984741211,948700,VTV
2009-01-15,24.308265686035156,37.709999084472656,38.220001220703125,36.459999084472656,37.900001525878906,953200,VTV
2009-01-16,24.372726440429688,37.810001373291016,38.58000183105469,36.91999816894531,38.4900016784668,1010200,VTV
2009-01-20,22.986818313598633,35.65999984741211,37.52000045776367,35.61000061035156,37.459999084472656,1178800,VTV
2009-01-21,24.08910369873047,37.369998931884766,37.439998626708984,35.54999923706055,36.290000915527344,1003700,VTV
2009-01-22,23.60563850402832,36.619998931884766,37.290000915527344,35.869998931884766,36.790000915527344,2372300,VTV
2009-01-23,23.786123275756836,36.900001525878906,37.150001525878906,35.56999969482422,35.68000030517578,1574600,VTV
2009-01-26,23.8828182220459,37.04999923706055,37.93000030517578,36.63999938964844,37.15999984741211,1146100,VTV
2009-01-27,24.159997940063477,37.47999954223633,37.72999954223633,36.93000030517578,37.27000045776367,908400,VTV
2009-01-28,25.101131439208984,38.939998626708984,39.130001068115234,38.209999084472656,38.45000076293945,986600,VTV
2009-01-29,24.10843276977539,37.400001525878906,38.36000061035156,37.34000015258789,38.349998474121094,754700,VTV
2009-01-30,23.586299896240234,36.59000015258789,37.77000045776367,36.290000915527344,37.599998474121094,996600,VTV
2009-02-02,23.483163833618164,36.43000030517578,36.66999816894531,35.86000061035156,35.97999954223633,679300,VTV
2009-02-03,23.67009925842285,36.720001220703125,37.0099983215332,36.27000045776367,36.75,666800,VTV
2009-02-04,23.463825225830078,36.400001525878906,37.40999984741211,36.33000183105469,37.02000045776367,719900,VTV
2009-02-05,23.77324104309082,36.880001068115234,37.2400016784668,35.779998779296875,36.18000030517578,997700,VTV
2009-02-06,24.546768188476562,38.08000183105469,38.25,36.9900016784668,37.04999923706055,799900,VTV
2009-02-09,24.643457412719727,38.22999954223633,38.54999923706055,37.88999938964844,38.150001525878906,740300,VTV
2009-02-10,23.263996124267578,36.09000015258789,38.15999984741211,35.869998931884766,37.91999816894531,611600,VTV
2009-02-11,23.51539421081543,36.47999954223633,36.689998626708984,35.880001068115234,36.38999938964844,976600,VTV
2009-02-12,23.450931549072266,36.380001068115234,36.47999954223633,35.150001525878906,35.90999984741211,1302300,VTV
2009-02-13,23.15441131591797,35.91999816894531,36.599998474121094,35.880001068115234,36.279998779296875,1183300,VTV
2009-02-17,21.92320442199707,34.0099983215332,34.79999923706055,34.0099983215332,34.54999923706055,1026800,VTV
2009-02-18,21.781389236450195,33.790000915527344,34.349998474121094,33.529998779296875,34.279998779296875,560900,VTV
2009-02-19,21.53643798828125,33.40999984741211,34.33000183105469,33.279998779296875,34.189998626708984,626600,VTV
2009-02-20,21.16900634765625,32.84000015258789,33.29999923706055,31.950000762939453,32.72999954223633,1014100,VTV
2009-02-23,20.4857234954834,31.780000686645508,33.43000030517578,31.709999084472656,33.290000915527344,813300,VTV
2009-02-24,21.446184158325195,33.27000045776367,33.400001525878906,31.790000915527344,31.979999542236328,934500,VTV
2009-02-25,21.317276000976562,33.06999969482422,33.81999969482422,32.349998474121094,33.0,1041700,VTV
2009-02-26,20.99496841430664,32.56999969482422,33.93000030517578,32.560001373291016,33.630001068115234,732000,VTV
2009-02-27,20.38903045654297,31.6299991607666,32.470001220703125,31.6200008392334,31.860000610351562,1072900,VTV
2009-03-02,19.312530517578125,29.959999084472656,31.06999969482422,29.8700008392334,30.829999923706055,1891300,VTV
2009-03-03,19.054689407348633,29.559999465942383,30.450000762939453,29.360000610351562,30.360000610351562,1440400,VTV
2009-03-04,19.44145393371582,30.15999984741211,30.729999542236328,29.6299991607666,30.229999542236328,1185100,VTV
2009-03-05,18.519662857055664,28.729999542236328,29.719999313354492,28.440000534057617,29.540000915527344,805900,VTV
2009-03-06,18.60991096496582,28.8700008392334,29.600000381469727,28.030000686645508,29.110000610351562,1011900,VTV
2009-03-09,18.53899383544922,28.760000228881836,29.469999313354492,28.360000610351562,28.360000610351562,827800,VTV
2009-03-10,19.860450744628906,30.809999465942383,30.809999465942383,29.309999465942383,29.360000610351562,1065600,VTV
2009-03-11,19.84756088256836,30.790000915527344,31.479999542236328,30.450000762939453,31.209999084472656,677600,VTV
2009-03-12,20.820920944213867,32.29999923706055,32.439998626708984,30.610000610351562,30.940000534057617,722200,VTV
2009-03-13,21.046527862548828,32.650001525878906,32.86000061035156,31.959999084472656,32.75,999400,VTV
2009-03-16,20.982074737548828,32.54999923706055,33.68000030517578,32.529998779296875,33.130001068115234,689700,VTV
2009-03-17,21.697582244873047,33.65999984741211,33.68000030517578,32.2400016784668,32.68000030517578,922900,VTV
2009-03-18,22.387332916259766,34.72999954223633,35.119998931884766,33.06999969482422,33.540000915527344,1459400,VTV
2009-03-19,21.97477912902832,34.09000015258789,35.31999969482422,33.97999954223633,35.310001373291016,980300,VTV
2009-03-20,21.41396141052246,33.220001220703125,34.33000183105469,33.150001525878906,34.279998779296875,605900,VTV
2009-03-23,23.12862777709961,35.880001068115234,35.93000030517578,34.11000061035156,34.25,741400,VTV
2009-03-24,22.587146759033203,35.040000915527344,35.9900016784668,35.0,35.4900016784668,783100,VTV
2009-03-25,22.884944915771484,35.119998931884766,35.720001220703125,33.9900016784668,35.040000915527344,1207400,VTV
2009-03-26,23.334562301635742,35.810001373291016,35.86000061035156,35.0099983215332,35.54999923706055,1132700,VTV
2009-03-27,22.85887908935547,35.08000183105469,35.52000045776367,34.970001220703125,35.40999984741211,604100,VTV
2009-03-30,21.87493133544922,33.56999969482422,34.349998474121094,33.279998779296875,34.29999923706055,630700,VTV
2009-03-31,22.06390380859375,33.86000061035156,34.63999938964844,33.689998626708984,34.0,509600,VTV
2009-04-01,22.63081932067871,34.72999954223633,34.959999084472656,33.4900016784668,33.61000061035156,565100,VTV
2009-04-02,23.31501579284668,35.779998779296875,36.290000915527344,35.599998474121094,35.880001068115234,685000,VTV
2009-04-03,23.660377502441406,36.310001373291016,36.310001373291016,35.47999954223633,35.869998931884766,492400,VTV
2009-04-06,23.4583740234375,36.0,36.11000061035156,35.459999084472656,35.95000076293945,587100,VTV
2009-04-07,22.819778442382812,35.02000045776367,35.5099983215332,35.02000045776367,35.22999954223633,559200,VTV
2009-04-08,23.028301239013672,35.34000015258789,35.5,34.900001525878906,35.290000915527344,443400,VTV
2009-04-09,24.194692611694336,37.130001068115234,37.13999938964844,36.34000015258789,36.529998779296875,844900,VTV
2009-04-13,24.325023651123047,37.33000183105469,37.65999984741211,36.540000915527344,36.81999969482422,1055500,VTV
2009-04-14,23.699464797973633,36.369998931884766,37.25,36.29999923706055,37.0,570000,VTV
2009-04-15,24.12953758239746,37.029998779296875,37.130001068115234,36.040000915527344,36.16999816894531,696200,VTV
2009-04-16,24.45534896850586,37.529998779296875,37.81999969482422,36.689998626708984,37.400001525878906,484400,VTV
2009-04-17,24.6573429107666,37.84000015258789,38.15999984741211,37.36000061035156,37.72999954223633,702500,VTV
2009-04-20,23.334562301635742,35.810001373291016,37.15999984741211,35.790000915527344,37.04999923706055,492400,VTV
2009-04-21,23.960121154785156,36.77000045776367,36.77000045776367,35.36000061035156,35.52000045776367,252900,VTV
2009-04-22,23.75160789489746,36.45000076293945,37.290000915527344,36.25,36.279998779296875,1003500,VTV
2009-04-23,23.9731502532959,36.790000915527344,36.869998931884766,36.0,36.4900016784668,1022000,VTV
2009-04-24,24.36412239074707,37.38999938964844,37.709999084472656,36.95000076293945,37.15999984741211,683300,VTV
2009-04-27,24.070884704589844,36.939998626708984,37.43000030517578,36.7400016784668,36.93000030517578,624200,VTV
2009-04-28,23.960121154785156,36.77000045776367,37.25,36.41999816894531,36.4900016784668,492500,VTV
2009-04-29,24.5530948638916,37.68000030517578,38.029998779296875,37.150001525878906,37.220001220703125,919500,VTV
2009-04-30,24.49444007873535,37.59000015258789,38.29999923706055,37.470001220703125,38.25,645100,VTV
2009-05-01,24.65083885192871,37.83000183105469,38.029998779296875,37.369998931884766,37.68000030517578,697400,VTV
2009-05-04,25.810733795166016,39.61000061035156,39.61000061035156,38.220001220703125,38.310001373291016,1370000,VTV
2009-05-05,25.595684051513672,39.279998779296875,39.58000183105469,39.02000045776367,39.41999816894531,527700,VTV
2009-05-06,26.3515625,40.439998626708984,40.47999954223633,39.599998474121094,39.90999984741211,935600,VTV
2009-05-07,25.98666763305664,39.880001068115234,41.06999969482422,39.61000061035156,41.0099983215332,879200,VTV
2009-05-08,26.8989200592041,41.279998779296875,41.290000915527344,40.31999969482422,40.560001373291016,761700,VTV
2009-05-11,26.136531829833984,40.11000061035156,40.68000030517578,40.040000915527344,40.65999984741211,910300,VTV
2009-05-12,26.032283782958984,39.95000076293945,40.43000030517578,39.31999969482422,40.400001525878906,543900,VTV
2009-05-13,25.224260330200195,38.709999084472656,39.470001220703125,38.599998474121094,39.349998474121094,460500,VTV
2009-05-14,25.49794578552246,39.130001068115234,39.400001525878906,38.52000045776367,38.77000045776367,577200,VTV
2009-05-15,25.159114837646484,38.61000061035156,39.349998474121094,38.33000183105469,39.130001068115234,578400,VTV
2009-05-18,25.993173599243164,39.88999938964844,39.959999084472656,39.04999923706055,39.04999923706055,464400,VTV
2009-05-19,25.92150115966797,39.779998779296875,40.27000045776367,39.709999084472656,39.939998626708984,579600,VTV
2009-05-20,25.699954986572266,39.439998626708984,40.56999969482422,39.349998474121094,40.279998779296875,599600,VTV
2009-05-21,25.321998596191406,38.86000061035156,39.04999923706055,38.41999816894531,38.849998474121094,617400,VTV
2009-05-22,25.26987648010254,38.779998779296875,39.20000076293945,38.689998626708984,39.060001373291016,534700,VTV
2009-05-26,25.901952743530273,39.75,39.810001373291016,38.459999084472656,38.529998779296875,388300,VTV
2009-05-27,25.354591369628906,38.90999984741211,39.90999984741211,38.84000015258789,39.88999938964844,316900,VTV
2009-05-28,25.77815055847168,39.560001373291016,39.68000030517578,38.68000030517578,39.25,466300,VTV
2009-05-29,26.234285354614258,40.2599983215332,40.290000915527344,39.439998626708984,39.84000015258789,603100,VTV
2009-06-01,26.827251434326172,41.16999816894531,41.38999938964844,40.63999938964844,40.95000076293945,595400,VTV
2009-06-02,26.820741653442383,41.15999984741211,41.33000183105469,40.95000076293945,41.0,445000,VTV
2009-06-03,26.34505844116211,40.43000030517578,40.83000183105469,40.040000915527344,40.83000183105469,392200,VTV
2009-06-04,26.703445434570312,40.97999954223633,41.040000915527344,40.369998931884766,40.560001373291016,423100,VTV
2009-06-05,26.6252384185791,40.86000061035156,41.5099983215332,40.61000061035156,41.5,369300,VTV
2009-06-08,26.59918212890625,40.81999969482422,41.18000030517578,40.310001373291016,40.70000076293945,324100,VTV
2009-06-09,26.68390655517578,40.95000076293945,41.13999938964844,40.65999984741211,41.06999969482422,503100,VTV
2009-06-10,26.6252384185791,40.86000061035156,41.400001525878906,40.36000061035156,41.400001525878906,348800,VTV
2009-06-11,26.89242172241211,41.27000045776367,41.75,40.93000030517578,40.959999084472656,447500,VTV
2009-06-12,26.931520462036133,41.33000183105469,41.36000061035156,40.86000061035156,41.04999923706055,729800,VTV
2009-06-15,26.240793228149414,40.27000045776367,40.84000015258789,40.060001373291016,40.79999923706055,344700,VTV
2009-06-16,25.862857818603516,39.689998626708984,40.4900016784668,39.650001525878906,40.459999084472656,392000,VTV
2009-06-17,25.699954986572266,39.439998626708984,39.7599983215332,39.119998931884766,39.689998626708984,423800,VTV
2009-06-18,25.941051483154297,39.810001373291016,39.97999954223633,39.310001373291016,39.5099983215332,381300,VTV
2009-06-19,25.993173599243164,39.88999938964844,40.220001220703125,39.65999984741211,40.209999084472656,347400,VTV
2009-06-22,25.13954734802246,38.58000183105469,39.529998779296875,38.56999969482422,39.529998779296875,466500,VTV
2009-06-23,25.230785369873047,38.720001220703125,38.88999938964844,38.380001068115234,38.70000076293945,446100,VTV
2009-06-24,25.374486923217773,38.66999816894531,39.13999938964844,38.45000076293945,38.869998931884766,785500,VTV
2009-06-25,25.89943504333496,39.470001220703125,39.529998779296875,38.459999084472656,38.529998779296875,335200,VTV
2009-06-26,25.846927642822266,39.38999938964844,39.61000061035156,39.13999938964844,39.349998474121094,308000,VTV
2009-06-29,26.14877700805664,39.849998474121094,39.90999984741211,39.31999969482422,39.599998474121094,525200,VTV
2009-06-30,25.951921463012695,39.54999923706055,39.970001220703125,39.189998626708984,39.93000030517578,363300,VTV
2009-07-01,26.05690574645996,39.709999084472656,40.099998474121094,39.689998626708984,39.72999954223633,388600,VTV
2009-07-02,25.276052474975586,38.52000045776367,39.220001220703125,38.52000045776367,39.220001220703125,353800,VTV
2009-07-06,25.256370544433594,38.4900016784668,38.52000045776367,37.900001525878906,38.13999938964844,325900,VTV
2009-07-07,24.764232635498047,37.7400016784668,38.5,37.72999954223633,38.4900016784668,1819400,VTV
2009-07-08,24.659238815307617,37.58000183105469,38.02000045776367,37.029998779296875,37.900001525878906,507100,VTV
2009-07-09,24.737995147705078,37.70000076293945,37.97999954223633,37.529998779296875,37.84000015258789,649200,VTV
2009-07-10,24.593626022338867,37.47999954223633,37.650001525878906,37.209999084472656,37.459999084472656,363600,VTV
2009-07-13,25.295743942260742,38.54999923706055,38.58000183105469,37.45000076293945,37.630001068115234,532000,VTV
2009-07-14,25.486034393310547,38.84000015258789,38.86000061035156,38.40999984741211,38.7400016784668,293800,VTV
2009-07-15,26.280012130737305,40.04999923706055,40.15999984741211,39.33000183105469,39.38999938964844,278600,VTV
2009-07-16,26.483427047729492,40.36000061035156,40.529998779296875,39.72999954223633,39.939998626708984,300200,VTV
2009-07-17,26.378446578979492,40.20000076293945,40.34000015258789,39.9900016784668,40.29999923706055,296000,VTV
2009-07-20,26.699981689453125,40.689998626708984,40.72999954223633,40.2599983215332,40.4900016784668,287300,VTV
2009-07-21,26.791841506958008,40.83000183105469,41.08000183105469,40.38999938964844,40.9900016784668,329800,VTV
2009-07-22,26.79839515686035,40.84000015258789,41.11000061035156,40.45000076293945,40.529998779296875,388000,VTV
2009-07-23,27.46770477294922,41.86000061035156,42.060001373291016,40.90999984741211,40.91999816894531,388700,VTV
2009-07-24,27.644874572753906,42.130001068115234,42.20000076293945,41.58000183105469,41.75,310200,VTV
2009-07-27,27.867969512939453,42.470001220703125,42.470001220703125,41.9900016784668,42.15999984741211,326200,VTV
2009-07-28,27.723613739013672,42.25,42.459999084472656,41.869998931884766,42.15999984741211,317000,VTV
2009-07-29,27.526756286621094,41.95000076293945,42.13999938964844,41.65999984741211,42.0,233900,VTV
2009-07-30,27.900779724121094,42.52000045776367,42.9900016784668,42.439998626708984,42.540000915527344,332800,VTV
2009-07-31,28.018890380859375,42.70000076293945,42.939998626708984,42.36000061035156,42.4900016784668,631500,VTV
2009-08-03,28.497905731201172,43.43000030517578,43.5099983215332,42.97999954223633,43.2400016784668,506800,VTV
2009-08-04,28.661956787109375,43.68000030517578,43.779998779296875,43.15999984741211,43.29999923706055,345400,VTV
2009-08-05,28.740678787231445,43.79999923706055,43.97999954223633,43.279998779296875,43.84000015258789,395400,VTV
2009-08-06,28.65538215637207,43.66999816894531,44.150001525878906,43.40999984741211,44.08000183105469,319500,VTV
2009-08-07,29.06878662109375,44.29999923706055,44.7400016784668,43.90999984741211,44.099998474121094,1205100,VTV
2009-08-10,28.98348045349121,44.16999816894531,44.369998931884766,43.90999984741211,44.08000183105469,306200,VTV
2009-08-11,28.511028289794922,43.45000076293945,44.04999923706055,43.380001068115234,44.04999923706055,428300,VTV
2009-08-12,28.878490447998047,44.0099983215332,44.34000015258789,43.369998931884766,43.439998626708984,343200,VTV
2009-08-13,29.127838134765625,44.38999938964844,44.38999938964844,43.77000045776367,44.290000915527344,436100,VTV
2009-08-14,28.87191390991211,44.0,44.41999816894531,43.540000915527344,44.41999816894531,413000,VTV
2009-08-17,28.150129318237305,42.900001525878906,43.15999984741211,42.790000915527344,43.130001068115234,415400,VTV
2009-08-18,28.399477005004883,43.279998779296875,43.38999938964844,42.90999984741211,42.959999084472656,250400,VTV
2009-08-19,28.661956787109375,43.68000030517578,43.849998474121094,42.849998474121094,42.93000030517578,341000,VTV
2009-08-20,28.990039825439453,44.18000030517578,44.220001220703125,43.619998931884766,43.7599983215332,1169900,VTV
2009-08-21,29.593717575073242,45.099998474121094,45.20000076293945,44.45000076293945,44.599998474121094,313500,VTV
2009-08-24,29.62653160095215,45.150001525878906,45.650001525878906,44.970001220703125,45.369998931884766,340600,VTV
2009-08-25,29.67902183532715,45.22999954223633,45.720001220703125,45.16999816894531,45.31999969482422,458200,VTV
2009-08-26,29.672466278076172,45.220001220703125,45.45000076293945,44.869998931884766,45.119998931884766,268000,VTV
2009-08-27,29.764328002929688,45.36000061035156,45.4900016784668,44.689998626708984,45.2400016784668,332400,VTV
2009-08-28,29.73152732849121,45.310001373291016,45.720001220703125,44.9900016784668,45.58000183105469,354700,VTV
2009-08-31,29.482179641723633,44.93000030517578,44.939998626708984,44.63999938964844,44.83000183105469,382100,VTV
2009-09-01,28.6816349029541,43.709999084472656,45.189998626708984,43.63999938964844,44.63999938964844,772400,VTV
2009-09-02,28.511028289794922,43.45000076293945,43.779998779296875,43.38999938964844,43.5,378700,VTV
2009-09-03,28.80630111694336,43.900001525878906,43.91999816894531,43.40999984741211,43.79999923706055,344600,VTV
2009-09-04,29.173770904541016,44.459999084472656,44.5,43.79999923706055,43.959999084472656,324600,VTV
2009-09-08,29.488733291625977,44.939998626708984,45.0099983215332,44.720001220703125,45.0,247200,VTV
2009-09-09,29.777448654174805,45.380001068115234,45.52000045776367,44.91999816894531,45.08000183105469,326200,VTV
2009-09-10,30.098981857299805,45.869998931884766,45.869998931884766,45.060001373291016,45.43000030517578,325700,VTV
2009-09-11,30.007112503051758,45.72999954223633,46.06999969482422,45.59000015258789,45.959999084472656,307400,VTV
2009-09-14,30.282705307006836,46.150001525878906,46.18000030517578,45.36000061035156,45.41999816894531,406700,VTV
2009-09-15,30.440195083618164,46.38999938964844,46.560001373291016,45.900001525878906,46.25,392900,VTV
2009-09-16,30.978254318237305,47.209999084472656,47.22999954223633,46.38999938964844,46.630001068115234,490700,VTV
2009-09-17,30.847023010253906,47.0099983215332,47.59000015258789,46.79999923706055,47.20000076293945,438900,VTV
2009-09-18,30.886402130126953,47.06999969482422,47.31999969482422,46.900001525878906,47.25,341000,VTV
2009-09-21,30.715801239013672,46.810001373291016,46.95000076293945,46.5,46.70000076293945,535400,VTV
2009-09-22,30.971698760986328,47.20000076293945,47.369998931884766,47.0,47.189998626708984,786600,VTV
2009-09-23,30.650169372558594,46.709999084472656,47.650001525878906,46.65999984741211,47.38999938964844,400700,VTV
2009-09-24,30.273740768432617,45.84000015258789,46.63999938964844,45.630001068115234,46.619998931884766,433800,VTV
2009-09-25,30.108623504638672,45.59000015258789,45.970001220703125,45.40999984741211,45.77000045776367,382000,VTV
2009-09-28,30.689800262451172,46.470001220703125,46.5,45.689998626708984,45.7599983215332,199600,VTV
2009-09-29,30.643556594848633,46.400001525878906,46.810001373291016,46.25,46.599998474121094,270100,VTV
2009-09-30,30.432235717773438,46.08000183105469,46.560001373291016,45.709999084472656,46.529998779296875,536200,VTV
2009-10-01,29.613304138183594,44.84000015258789,46.02000045776367,44.83000183105469,46.02000045776367,351100,VTV
2009-10-02,29.435001373291016,44.56999969482422,44.83000183105469,44.2400016784668,44.29999923706055,559300,VTV
2009-10-05,30.029373168945312,45.470001220703125,45.540000915527344,44.689998626708984,44.81999969482422,294000,VTV
2009-10-06,30.438844680786133,46.09000015258789,46.400001525878906,45.70000076293945,45.880001068115234,260900,VTV
2009-10-07,30.51148796081543,46.20000076293945,46.209999084472656,45.84000015258789,45.91999816894531,237300,VTV
2009-10-08,30.755849838256836,46.56999969482422,46.79999923706055,46.349998474121094,46.599998474121094,221200,VTV
2009-10-09,30.8945255279541,46.779998779296875,46.779998779296875,46.439998626708984,46.54999923706055,269300,VTV
2009-10-12,31.10585594177246,47.099998474121094,47.209999084472656,46.91999816894531,47.08000183105469,228800,VTV
2009-10-13,30.980384826660156,46.90999984741211,47.0,46.54999923706055,46.939998626708984,214600,VTV
2009-10-14,31.62098503112793,47.880001068115234,47.880001068115234,47.29999923706055,47.5,203800,VTV
2009-10-15,31.693628311157227,47.9900016784668,48.0,47.52000045776367,47.599998474121094,223100,VTV
2009-10-16,31.38324737548828,47.52000045776367,47.70000076293945,47.22999954223633,47.4900016784668,314300,VTV
2009-10-19,31.667226791381836,47.95000076293945,48.130001068115234,47.459999084472656,47.630001068115234,257700,VTV
2009-10-20,31.449270248413086,47.619998931884766,48.029998779296875,47.40999984741211,48.029998779296875,310300,VTV
2009-10-21,31.079458236694336,47.060001373291016,48.06999969482422,47.060001373291016,47.540000915527344,341300,VTV
2009-10-22,31.528545379638672,47.7400016784668,47.849998474121094,46.83000183105469,47.0099983215332,426600,VTV
2009-10-23,31.046432495117188,47.0099983215332,47.79999923706055,46.779998779296875,47.79999923706055,312900,VTV
2009-10-26,30.577529907226562,46.29999923706055,47.5,46.16999816894531,47.0,336400,VTV
2009-10-27,30.524682998657227,46.220001220703125,46.56999969482422,46.04999923706055,46.400001525878906,411100,VTV
2009-10-28,29.870866775512695,45.22999954223633,46.150001525878906,45.18000030517578,46.130001068115234,283000,VTV
2009-10-29,30.59073829650879,46.31999969482422,46.38999938964844,45.470001220703125,45.5099983215332,299100,VTV
2009-10-30,29.62651824951172,44.86000061035156,46.220001220703125,44.709999084472656,46.18000030517578,454500,VTV
2009-11-02,29.771808624267578,45.08000183105469,45.630001068115234,44.41999816894531,45.029998779296875,586600,VTV
2009-11-03,29.88408851623535,45.25,45.400001525878906,44.72999954223633,44.790000915527344,379500,VTV
2009-11-04,29.88408851623535,45.25,46.040000915527344,45.209999084472656,45.689998626708984,399300,VTV
2009-11-05,30.51148796081543,46.20000076293945,46.20000076293945,45.599998474121094,45.68000030517578,284300,VTV
2009-11-06,30.531295776367188,46.22999954223633,46.380001068115234,45.79999923706055,45.93000030517578,265200,VTV
2009-11-09,31.2775821685791,47.36000061035156,47.369998931884766,46.65999984741211,46.68000030517578,220900,VTV
2009-11-10,31.270971298217773,47.349998474121094,47.529998779296875,47.11000061035156,47.290000915527344,268800,VTV
2009-11-11,31.47569465637207,47.65999984741211,47.9900016784668,47.41999816894531,47.7599983215332,655900,VTV
2009-11-12,31.086050033569336,47.06999969482422,47.84000015258789,46.939998626708984,47.63999938964844,663300,VTV
2009-11-13,31.211519241333008,47.2599983215332,47.5099983215332,46.93000030517578,47.150001525878906,525200,VTV
2009-11-16,31.739850997924805,48.060001373291016,48.29999923706055,47.66999816894531,47.70000076293945,563900,VTV
2009-11-17,31.772886276245117,48.11000061035156,48.130001068115234,47.75,47.93000030517578,483200,VTV
2009-11-18,31.832317352294922,48.20000076293945,48.22999954223633,47.869998931884766,48.099998474121094,595400,VTV
2009-11-19,31.3502254486084,47.470001220703125,47.880001068115234,47.220001220703125,47.880001068115234,378600,VTV
2009-11-20,31.257753372192383,47.33000183105469,47.43000030517578,47.119998931884766,47.290000915527344,302800,VTV
2009-11-23,31.693628311157227,47.9900016784668,48.33000183105469,47.84000015258789,47.97999954223633,595100,VTV
2009-11-24,31.673826217651367,47.959999084472656,48.060001373291016,47.560001373291016,47.939998626708984,899200,VTV
2009-11-25,31.82572364807129,48.189998626708984,48.220001220703125,47.900001525878906,48.099998474121094,302300,VTV
2009-11-27,31.237957000732422,47.29999923706055,47.65999984741211,46.68000030517578,46.75,147600,VTV
2009-11-30,31.422861099243164,47.58000183105469,47.65999984741211,47.13999938964844,47.349998474121094,320500,VTV
2009-12-01,31.812503814697266,48.16999816894531,48.279998779296875,47.88999938964844,48.04999923706055,346100,VTV
2009-12-02,31.819128036499023,48.18000030517578,48.41999816894531,47.959999084472656,48.20000076293945,360800,VTV
2009-12-03,31.541748046875,47.7599983215332,48.599998474121094,47.709999084472656,48.29999923706055,321300,VTV
2009-12-04,31.73325538635254,48.04999923706055,48.599998474121094,47.630001068115234,48.400001525878906,486500,VTV
2009-12-07,31.693628311157227,47.9900016784668,48.310001373291016,47.88999938964844,48.04999923706055,360600,VTV
2009-12-08,31.343616485595703,47.459999084472656,47.7400016784668,47.349998474121094,47.72999954223633,272000,VTV
2009-12-09,31.44266700744629,47.61000061035156,47.66999816894531,47.2400016784668,47.47999954223633,230800,VTV
2009-12-10,31.587966918945312,47.83000183105469,48.04999923706055,47.7400016784668,47.900001525878906,373600,VTV
2009-12-11,31.792709350585938,48.13999938964844,48.189998626708984,47.849998474121094,48.04999923706055,330100,VTV
2009-12-14,31.957786560058594,48.38999938964844,48.52000045776367,48.16999816894531,48.52000045776367,361100,VTV
2009-12-15,31.75307846069336,48.08000183105469,48.310001373291016,47.959999084472656,48.18000030517578,288200,VTV
2009-12-16,31.805904388427734,48.15999984741211,48.43000030517578,48.08000183105469,48.349998474121094,378900,VTV
2009-12-17,31.462501525878906,47.63999938964844,47.95000076293945,47.619998931884766,47.849998474121094,478000,VTV
2009-12-18,31.587966918945312,47.83000183105469,47.95000076293945,47.439998626708984,47.95000076293945,567600,VTV
2009-12-21,31.885162353515625,48.279998779296875,48.45000076293945,48.02000045776367,48.06999969482422,303300,VTV
2009-12-22,31.972423553466797,48.0,48.119998931884766,47.88999938964844,47.93000030517578,389400,VTV
2009-12-23,31.972423553466797,48.0,48.18000030517578,47.84000015258789,48.18000030517578,403300,VTV
2009-12-24,32.152259826660156,48.27000045776367,48.27000045776367,48.04999923706055,48.150001525878906,152200,VTV
2009-12-28,32.16557693481445,48.290000915527344,48.45000076293945,48.11000061035156,48.45000076293945,300000,VTV
2009-12-29,32.11229705810547,48.209999084472656,48.47999954223633,48.209999084472656,48.439998626708984,349500,VTV
2009-12-30,32.07899475097656,48.15999984741211,48.20000076293945,48.029998779296875,48.09000015258789,328400,VTV
2009-12-31,31.805885314941406,47.75,48.29999923706055,47.72999954223633,48.25,236800,VTV
2010-01-04,32.3387565612793,48.54999923706055,48.59000015258789,48.13999938964844,48.20000076293945,360400,VTV
2010-01-05,32.44533920288086,48.709999084472656,48.7400016784668,48.369998931884766,48.54999923706055,405500,VTV
2010-01-06,32.55192184448242,48.869998931884766,48.91999816894531,48.59000015258789,48.689998626708984,456000,VTV
2010-01-07,32.73176574707031,49.13999938964844,49.209999084472656,48.630001068115234,48.790000915527344,323200,VTV
2010-01-08,32.765071868896484,49.189998626708984,49.20000076293945,48.91999816894531,48.95000076293945,263300,VTV
2010-01-11,32.90494918823242,49.400001525878906,49.47999954223633,49.150001525878906,49.369998931884766,271400,VTV
2010-01-12,32.571895599365234,48.900001525878906,49.13999938964844,48.72999954223633,49.08000183105469,368200,VTV
2010-01-13,32.8649787902832,49.34000015258789,49.45000076293945,48.79999923706055,49.08000183105469,282400,VTV
2010-01-14,32.9249382019043,49.43000030517578,49.47999954223633,49.220001220703125,49.220001220703125,275800,VTV
2010-01-15,32.55192184448242,48.869998931884766,49.36000061035156,48.650001525878906,49.36000061035156,313200,VTV
2010-01-19,32.97154998779297,49.5,49.540000915527344,48.790000915527344,48.88999938964844,386500,VTV
2010-01-20,32.71178436279297,49.11000061035156,49.209999084472656,48.72999954223633,49.11000061035156,357800,VTV
2010-01-21,32.01237869262695,48.060001373291016,49.25,48.02000045776367,49.119998931884766,481900,VTV
2010-01-22,31.379594802856445,47.11000061035156,48.06999969482422,47.08000183105469,47.93000030517578,464100,VTV
2010-01-25,31.539459228515625,47.349998474121094,47.68000030517578,47.20000076293945,47.529998779296875,548200,VTV
2010-01-26,31.359617233276367,47.08000183105469,47.560001373291016,47.0,47.20000076293945,353900,VTV
2010-01-27,31.486164093017578,47.27000045776367,47.36000061035156,46.61000061035156,46.959999084472656,463200,VTV
2010-01-28,31.246379852294922,46.90999984741211,47.54999923706055,46.619998931884766,47.5,438400,VTV
2010-01-29,31.02657127380371,46.58000183105469,47.459999084472656,46.52000045776367,47.11000061035156,468600,VTV
2010-02-01,31.439533233642578,47.20000076293945,47.22999954223633,46.84000015258789,46.900001525878906,291400,VTV
2010-02-02,31.932453155517578,47.939998626708984,48.0,47.18000030517578,47.290000915527344,306900,VTV
2010-02-03,31.679325103759766,47.560001373291016,47.880001068115234,47.45000076293945,47.66999816894531,387100,VTV
2010-02-04,30.673542022705078,46.04999923706055,47.209999084472656,46.040000915527344,47.209999084472656,534600,VTV
2010-02-05,30.70018196105957,46.09000015258789,46.189998626708984,45.08000183105469,46.130001068115234,566600,VTV
2010-02-08,30.407094955444336,45.650001525878906,46.310001373291016,45.650001525878906,46.16999816894531,272000,VTV
2010-02-09,30.793432235717773,46.22999954223633,46.59000015258789,45.790000915527344,46.13999938964844,399700,VTV
2010-02-10,30.766788482666016,46.189998626708984,46.40999984741211,45.77000045776367,46.20000076293945,293400,VTV
2010-02-11,31.02657127380371,46.58000183105469,46.599998474121094,45.81999969482422,46.06999969482422,287800,VTV
2010-02-12,30.993261337280273,46.529998779296875,46.529998779296875,45.84000015258789,46.130001068115234,251400,VTV
2010-02-16,31.51280975341797,47.310001373291016,47.33000183105469,46.709999084472656,46.849998474121094,181800,VTV
2010-02-17,31.619400024414062,47.470001220703125,47.58000183105469,47.290000915527344,47.459999084472656,259200,VTV
2010-02-18,31.81255340576172,47.7599983215332,47.81999969482422,47.349998474121094,47.439998626708984,669800,VTV
2010-02-19,31.892488479614258,47.880001068115234,48.08000183105469,47.560001373291016,47.68000030517578,234800,VTV
2010-02-22,31.91912078857422,47.91999816894531,48.13999938964844,47.86000061035156,48.06999969482422,262100,VTV
2010-02-23,31.559438705444336,47.380001068115234,48.029998779296875,47.27000045776367,47.779998779296875,269900,VTV
2010-02-24,31.86583709716797,47.84000015258789,47.86000061035156,47.36000061035156,47.45000076293945,284500,VTV
2010-02-25,31.77259635925293,47.70000076293945,47.720001220703125,47.0,47.16999816894531,426900,VTV
2010-02-26,31.839197158813477,47.79999923706055,47.900001525878906,47.47999954223633,47.72999954223633,254400,VTV
2010-03-01,32.07899475097656,48.15999984741211,48.22999954223633,47.900001525878906,48.0,331600,VTV
2010-03-02,32.17890167236328,48.310001373291016,48.529998779296875,48.25,48.400001525878906,292900,VTV
2010-03-03,32.152259826660156,48.27000045776367,48.650001525878906,48.20000076293945,48.5,302200,VTV
2010-03-04,32.27216720581055,48.45000076293945,48.529998779296875,48.2400016784668,48.34000015258789,314200,VTV
2010-03-05,32.74508285522461,49.15999984741211,49.209999084472656,48.650001525878906,48.81999969482422,426900,VTV
2010-03-08,32.805030822753906,49.25,49.34000015258789,49.13999938964844,49.22999954223633,190200,VTV
2010-03-09,32.858314514160156,49.33000183105469,49.5099983215332,49.029998779296875,49.150001525878906,347700,VTV
2010-03-10,33.011512756347656,49.560001373291016,49.689998626708984,49.31999969482422,49.380001068115234,357300,VTV
2010-03-11,33.138099670410156,49.75,49.77000045776367,49.27000045776367,49.45000076293945,348100,VTV
2010-03-12,33.10478973388672,49.70000076293945,49.9900016784668,49.540000915527344,49.939998626708984,210300,VTV
2010-03-15,33.118099212646484,49.720001220703125,49.72999954223633,49.31999969482422,49.52000045776367,262300,VTV
2010-03-16,33.437808990478516,50.20000076293945,50.22999954223633,49.720001220703125,49.86000061035156,309200,VTV
2010-03-17,33.66427993774414,50.540000915527344,50.68000030517578,50.349998474121094,50.349998474121094,388900,VTV
2010-03-18,33.59768295288086,50.439998626708984,50.599998474121094,50.25,50.5,237500,VTV
2010-03-19,33.457794189453125,50.22999954223633,50.650001525878906,50.060001373291016,50.22999954223633,287300,VTV
2010-03-22,33.58436584472656,50.41999816894531,50.5099983215332,49.90999984741211,49.90999984741211,284200,VTV
2010-03-23,33.89078140258789,50.880001068115234,50.88999938964844,50.41999816894531,50.5,393800,VTV
2010-03-24,33.75088882446289,50.66999816894531,50.88999938964844,50.56999969482422,50.70000076293945,600100,VTV
2010-03-25,33.650428771972656,50.25,50.880001068115234,50.189998626708984,50.70000076293945,522900,VTV
2010-03-26,33.65713119506836,50.2599983215332,50.599998474121094,50.060001373291016,50.400001525878906,249200,VTV
2010-03-29,33.891510009765625,50.61000061035156,50.63999938964844,50.369998931884766,50.470001220703125,344800,VTV
2010-03-30,33.85132598876953,50.54999923706055,50.77000045776367,50.38999938964844,50.65999984741211,255900,VTV
2010-03-31,33.79776382446289,50.470001220703125,50.66999816894531,50.22999954223633,50.40999984741211,267200,VTV
2010-04-01,34.0924186706543,50.90999984741211,51.0,50.630001068115234,50.790000915527344,233700,VTV
2010-04-05,34.387046813964844,51.349998474121094,51.349998474121094,50.939998626708984,51.119998931884766,336600,VTV
2010-04-06,34.47412109375,51.47999954223633,51.54999923706055,51.150001525878906,51.220001220703125,325300,VTV
2010-04-07,34.25313186645508,51.150001525878906,51.459999084472656,50.900001525878906,51.41999816894531,298300,VTV
2010-04-08,34.34687423706055,51.290000915527344,51.400001525878906,50.790000915527344,51.0,268200,VTV
2010-04-09,34.594669342041016,51.65999984741211,51.68000030517578,51.380001068115234,51.40999984741211,185000,VTV
2010-04-12,34.67501449584961,51.779998779296875,51.880001068115234,51.70000076293945,51.7599983215332,239700,VTV
2010-04-13,34.67501449584961,51.779998779296875,51.869998931884766,51.45000076293945,51.72999954223633,238800,VTV
2010-04-14,35.083518981933594,52.38999938964844,52.38999938964844,51.880001068115234,52.0099983215332,274000,VTV
2010-04-15,35.110286712646484,52.43000030517578,52.5,52.2400016784668,52.349998474121094,333400,VTV
2010-04-16,34.447330474853516,51.439998626708984,52.25,51.189998626708984,52.189998626708984,257000,VTV
2010-04-19,34.60135269165039,51.66999816894531,51.70000076293945,51.06999969482422,51.29999923706055,187200,VTV
2010-04-20,34.956275939941406,52.20000076293945,52.220001220703125,51.900001525878906,52.0,237300,VTV
2010-04-21,34.85581970214844,52.04999923706055,52.34000015258789,51.7599983215332,52.22999954223633,259700,VTV
2010-04-22,34.92948532104492,52.15999984741211,52.22999954223633,51.40999984741211,51.709999084472656,175000,VTV
2010-04-23,35.1906623840332,52.54999923706055,52.56999969482422,51.959999084472656,52.15999984741211,265800,VTV
2010-04-26,35.02324295043945,52.29999923706055,52.66999816894531,52.25,52.599998474121094,247200,VTV
2010-04-27,34.16606903076172,51.02000045776367,52.290000915527344,50.91999816894531,52.0099983215332,416400,VTV
2010-04-28,34.494205474853516,51.5099983215332,51.65999984741211,51.06999969482422,51.310001373291016,300000,VTV
2010-04-29,34.94957733154297,52.189998626708984,52.349998474121094,51.810001373291016,51.88999938964844,230600,VTV
2010-04-30,34.40045166015625,51.369998931884766,52.2599983215332,51.369998931884766,52.15999984741211,303000,VTV
2010-05-03,34.86922073364258,52.06999969482422,52.209999084472656,51.54999923706055,51.56999969482422,296500,VTV
2010-05-04,34.0924186706543,50.90999984741211,51.4900016784668,50.61000061035156,51.47999954223633,305600,VTV
2010-05-05,33.85802459716797,50.560001373291016,51.02000045776367,50.16999816894531,50.470001220703125,350000,VTV
2010-05-06,32.66603469848633,48.779998779296875,50.9900016784668,22.399999618530273,50.349998474121094,1178600,VTV
2010-05-07,32.284339904785156,48.209999084472656,49.279998779296875,47.599998474121094,48.70000076293945,832400,VTV
2010-05-10,33.68391799926758,50.29999923706055,50.529998779296875,49.689998626708984,50.150001525878906,427200,VTV
2010-05-11,33.61024475097656,50.189998626708984,50.810001373291016,49.72999954223633,49.83000183105469,411700,VTV
2010-05-12,34.03215026855469,50.81999969482422,50.869998931884766,50.2599983215332,50.29999923706055,244100,VTV
2010-05-13,33.63035583496094,50.220001220703125,50.849998474121094,50.189998626708984,50.720001220703125,233700,VTV
2010-05-14,33.03435516357422,49.33000183105469,49.959999084472656,48.880001068115234,49.84000015258789,281500,VTV
2010-05-17,33.03435516357422,49.33000183105469,49.560001373291016,48.369998931884766,49.43000030517578,515800,VTV
2010-05-18,32.55219650268555,48.61000061035156,49.869998931884766,48.439998626708984,49.790000915527344,647200,VTV
2010-05-19,32.39817428588867,48.380001068115234,48.7400016784668,47.720001220703125,48.36000061035156,492800,VTV
2010-05-20,31.119125366210938,46.470001220703125,47.540000915527344,46.470001220703125,47.439998626708984,691300,VTV
2010-05-21,31.621379852294922,47.220001220703125,47.2400016784668,45.61000061035156,45.709999084472656,617000,VTV
2010-05-24,31.139202117919922,46.5,47.2400016784668,46.43000030517578,46.97999954223633,501800,VTV
2010-05-25,31.17939567565918,46.560001373291016,46.560001373291016,44.97999954223633,45.290000915527344,566100,VTV
2010-05-26,31.052160263061523,46.369998931884766,47.220001220703125,46.2400016784668,46.779998779296875,521200,VTV
2010-05-27,32.1035270690918,47.939998626708984,47.939998626708984,47.09000015258789,47.20000076293945,330400,VTV
2010-05-28,31.728506088256836,47.380001068115234,48.02000045776367,47.20000076293945,48.0,376500,VTV
2010-06-01,31.119125366210938,46.470001220703125,47.58000183105469,46.439998626708984,46.849998474121094,619300,VTV
2010-06-02,31.916011810302734,47.65999984741211,47.689998626708984,46.560001373291016,46.7599983215332,229300,VTV
2010-06-03,31.99637222290039,47.779998779296875,47.95000076293945,47.349998474121094,47.83000183105469,190000,VTV
2010-06-04,30.884748458862305,46.119998931884766,47.08000183105469,45.959999084472656,46.90999984741211,337600,VTV
2010-06-07,30.489646911621094,45.529998779296875,46.40999984741211,45.5099983215332,46.22999954223633,421800,VTV
2010-06-08,30.9249210357666,46.18000030517578,46.20000076293945,45.189998626708984,45.5099983215332,565600,VTV
2010-06-09,30.750808715820312,45.91999816894531,46.81999969482422,45.77000045776367,46.38999938964844,296500,VTV
2010-06-10,31.674942016601562,47.29999923706055,47.31999969482422,46.66999816894531,46.66999816894531,287100,VTV
2010-06-11,31.79547882080078,47.47999954223633,47.5,46.810001373291016,46.90999984741211,217200,VTV
2010-06-14,31.755306243896484,47.41999816894531,48.11000061035156,47.36000061035156,47.88999938964844,355400,VTV
2010-06-15,32.44505310058594,48.45000076293945,48.47999954223633,47.65999984741211,47.75,226100,VTV
2010-06-16,32.39817428588867,48.380001068115234,48.58000183105469,48.099998474121094,48.25,209700,VTV
2010-06-17,32.47853469848633,48.5,48.54999923706055,47.9900016784668,48.5,154500,VTV
2010-06-18,32.53211212158203,48.58000183105469,48.650001525878906,48.380001068115234,48.599998474121094,136500,VTV
2010-06-21,32.41826248168945,48.40999984741211,49.220001220703125,48.15999984741211,49.20000076293945,259400,VTV
2010-06-22,31.855751037597656,47.56999969482422,48.560001373291016,47.529998779296875,48.38999938964844,423500,VTV
2010-06-23,31.728506088256836,47.380001068115234,47.709999084472656,47.13999938964844,47.59000015258789,278200,VTV
2010-06-24,31.214221954345703,46.310001373291016,46.849998474121094,46.189998626708984,46.849998474121094,252900,VTV
2010-06-25,31.402952194213867,46.59000015258789,46.77000045776367,46.060001373291016,46.45000076293945,311600,VTV
2010-06-28,31.30858039855957,46.45000076293945,46.75,46.29999923706055,46.61000061035156,292200,VTV
2010-06-29,30.391921997070312,45.09000015258789,45.86000061035156,44.84000015258789,45.779998779296875,547800,VTV
2010-06-30,30.088603973388672,44.63999938964844,45.41999816894531,44.560001373291016,45.04999923706055,498100,VTV
2010-07-01,29.93355941772461,44.40999984741211,44.7599983215332,43.689998626708984,44.63999938964844,647700,VTV
2010-07-02,29.771799087524414,44.16999816894531,44.689998626708984,43.869998931884766,44.5099983215332,550900,VTV
2010-07-06,29.940303802490234,44.41999816894531,45.029998779296875,44.02000045776367,44.689998626708984,326100,VTV
2010-07-07,30.89742088317871,45.84000015258789,45.900001525878906,44.5,44.529998779296875,234100,VTV
2010-07-08,31.214221954345703,46.310001373291016,46.36000061035156,45.810001373291016,46.2599983215332,193700,VTV
2010-07-09,31.483837127685547,46.709999084472656,46.709999084472656,46.22999954223633,46.279998779296875,335600,VTV
2010-07-12,31.463603973388672,46.68000030517578,46.72999954223633,46.310001373291016,46.58000183105469,396500,VTV
2010-07-13,31.969148635864258,47.43000030517578,47.619998931884766,47.13999938964844,47.189998626708984,362600,VTV
2010-07-14,31.861291885375977,47.27000045776367,47.45000076293945,46.970001220703125,47.25,293400,VTV
2010-07-15,31.915212631225586,47.349998474121094,47.470001220703125,46.650001525878906,47.25,204000,VTV
2010-07-16,30.958097457885742,45.93000030517578,47.08000183105469,45.849998474121094,47.08000183105469,285200,VTV
2010-07-19,31.160301208496094,46.22999954223633,46.349998474121094,45.75,46.06999969482422,186200,VTV
2010-07-20,31.41644287109375,46.61000061035156,46.619998931884766,45.5099983215332,45.58000183105469,252200,VTV
2010-07-21,31.00527572631836,46.0,46.91999816894531,45.849998474121094,46.90999984741211,203500,VTV
2010-07-22,31.699533462524414,47.029998779296875,47.20000076293945,46.4900016784668,46.58000183105469,179900,VTV
2010-07-23,31.969148635864258,47.43000030517578,47.5,46.79999923706055,47.02000045776367,313600,VTV
2010-07-26,32.414005279541016,48.09000015258789,48.099998474121094,47.41999816894531,47.56999969482422,241000,VTV
2010-07-27,32.42747116088867,48.11000061035156,48.459999084472656,47.95000076293945,48.40999984741211,248300,VTV
2010-07-28,32.1780891418457,47.7400016784668,48.15999984741211,47.619998931884766,48.029998779296875,170100,VTV
2010-07-29,32.0904541015625,47.61000061035156,48.189998626708984,47.220001220703125,48.13999938964844,201700,VTV
2010-07-30,32.08372116088867,47.599998474121094,47.810001373291016,47.029998779296875,47.060001373291016,376400,VTV
2010-08-02,32.81841278076172,48.689998626708984,48.720001220703125,48.150001525878906,48.33000183105469,388600,VTV
2010-08-03,32.649906158447266,48.439998626708984,48.70000076293945,48.310001373291016,48.56999969482422,684800,VTV
2010-08-04,32.858856201171875,48.75,48.75,48.400001525878906,48.630001068115234,493800,VTV
2010-08-05,32.825164794921875,48.70000076293945,48.709999084472656,48.31999969482422,48.41999816894531,201700,VTV
2010-08-06,32.66339111328125,48.459999084472656,48.540000915527344,47.88999938964844,48.2599983215332,205500,VTV
2010-08-09,32.85212326049805,48.7400016784668,48.79999923706055,48.41999816894531,48.7400016784668,254100,VTV
2010-08-10,32.67012405395508,48.470001220703125,48.72999954223633,48.040000915527344,48.349998474121094,405100,VTV
2010-08-11,31.739957809448242,47.09000015258789,47.77000045776367,47.060001373291016,47.77000045776367,305700,VTV
2010-08-12,31.645610809326172,46.95000076293945,47.09000015258789,46.33000183105469,46.40999984741211,323300,VTV
2010-08-13,31.54450225830078,46.79999923706055,47.06999969482422,46.7599983215332,46.7599983215332,214000,VTV
2010-08-16,31.510807037353516,46.75,46.86000061035156,46.29999923706055,46.45000076293945,814600,VTV
2010-08-17,31.87476921081543,47.290000915527344,47.59000015258789,46.9900016784668,47.18000030517578,318700,VTV
2010-08-18,31.915212631225586,47.349998474121094,47.58000183105469,46.9900016784668,47.279998779296875,459600,VTV
2010-08-19,31.33554458618164,46.4900016784668,47.20000076293945,46.290000915527344,47.150001525878906,324000,VTV
2010-08-20,31.167049407958984,46.2400016784668,46.380001068115234,45.93000030517578,46.380001068115234,246400,VTV
2010-08-23,31.099637985229492,46.13999938964844,46.689998626708984,46.119998931884766,46.38999938964844,270300,VTV
2010-08-24,30.701969146728516,45.54999923706055,45.849998474121094,45.29999923706055,45.70000076293945,310800,VTV
2010-08-25,30.78284454345703,45.66999816894531,45.79999923706055,44.959999084472656,45.220001220703125,320000,VTV
2010-08-26,30.580642700195312,45.369998931884766,45.959999084472656,45.25,45.84000015258789,338000,VTV
2010-08-27,31.10637855529785,46.150001525878906,46.18000030517578,45.060001373291016,45.709999084472656,315000,VTV
2010-08-30,30.64130973815918,45.459999084472656,46.11000061035156,45.459999084472656,46.06999969482422,279400,VTV
2010-08-31,30.722192764282227,45.58000183105469,45.79999923706055,45.130001068115234,45.25,923100,VTV
2010-09-01,31.62537956237793,46.91999816894531,46.970001220703125,46.11000061035156,46.18000030517578,445800,VTV
2010-09-02,31.888254165649414,47.310001373291016,47.33000183105469,46.90999984741211,47.04999923706055,547800,VTV
2010-09-03,32.29941177368164,47.91999816894531,47.95000076293945,47.52000045776367,47.720001220703125,278700,VTV
2010-09-07,31.87476921081543,47.290000915527344,47.720001220703125,47.25,47.63999938964844,294200,VTV
2010-09-08,32.076995849609375,47.59000015258789,47.79999923706055,47.310001373291016,47.38999938964844,255500,VTV
2010-09-09,32.32637023925781,47.959999084472656,48.20000076293945,47.810001373291016,48.13999938964844,294800,VTV
2010-09-10,32.46117401123047,48.15999984741211,48.22999954223633,47.959999084472656,48.09000015258789,744100,VTV
2010-09-13,32.83863830566406,48.720001220703125,48.79999923706055,48.47999954223633,48.66999816894531,793400,VTV
2010-09-14,32.77797317504883,48.630001068115234,48.869998931884766,48.38999938964844,48.650001525878906,474900,VTV
2010-09-15,32.845375061035156,48.72999954223633,48.779998779296875,48.290000915527344,48.47999954223633,285300,VTV
2010-09-16,32.77122497558594,48.619998931884766,48.66999816894531,48.400001525878906,48.58000183105469,228500,VTV
2010-09-17,32.75100326538086,48.59000015258789,48.93000030517578,48.52000045776367,48.91999816894531,300500,VTV
2010-09-20,33.27001953125,49.36000061035156,49.459999084472656,48.65999984741211,48.779998779296875,422500,VTV
2010-09-21,33.1756477355957,49.220001220703125,49.599998474121094,49.08000183105469,49.40999984741211,308500,VTV
2010-09-22,32.95322036743164,48.88999938964844,49.41999816894531,48.79999923706055,49.150001525878906,305300,VTV
2010-09-23,32.582496643066406,48.34000015258789,48.869998931884766,48.22999954223633,48.5099983215332,278200,VTV
2010-09-24,33.231937408447266,48.970001220703125,49.0,48.4900016784668,48.56999969482422,224600,VTV
2010-09-27,33.055484771728516,48.709999084472656,49.04999923706055,48.65999984741211,49.04999923706055,255300,VTV
2010-09-28,33.22515106201172,48.959999084472656,49.04999923706055,48.33000183105469,48.84000015258789,293600,VTV
2010-09-29,33.09621810913086,48.77000045776367,49.0,48.619998931884766,48.81999969482422,358100,VTV
2010-09-30,33.0487174987793,48.70000076293945,49.380001068115234,48.529998779296875,49.130001068115234,364500,VTV
2010-10-01,33.25908279418945,49.0099983215332,49.119998931884766,48.68000030517578,49.06999969482422,287000,VTV
2010-10-04,33.0351448059082,48.68000030517578,49.15999984741211,48.47999954223633,48.97999954223633,327100,VTV
2010-10-05,33.69340896606445,49.650001525878906,49.7599983215332,49.02000045776367,49.09000015258789,376000,VTV
2010-10-06,33.72734069824219,49.70000076293945,49.790000915527344,49.529998779296875,49.599998474121094,313100,VTV
2010-10-07,33.700172424316406,49.65999984741211,49.95000076293945,49.38999938964844,49.95000076293945,289800,VTV
2010-10-08,33.84268569946289,49.869998931884766,49.97999954223633,49.54999923706055,49.75,337100,VTV
2010-10-11,33.86983871459961,49.90999984741211,50.02000045776367,49.75,50.02000045776367,415700,VTV
2010-10-12,33.9987678527832,50.099998474121094,50.220001220703125,49.529998779296875,49.810001373291016,282200,VTV
2010-10-13,34.17521667480469,50.36000061035156,50.63999938964844,50.189998626708984,50.41999816894531,307200,VTV
2010-10-14,33.9987678527832,50.099998474121094,50.349998474121094,49.7400016784668,50.349998474121094,418000,VTV
2010-10-15,33.81554412841797,49.83000183105469,50.40999984741211,49.529998779296875,50.40999984741211,310000,VTV
2010-10-18,34.14807891845703,50.31999969482422,50.369998931884766,49.79999923706055,49.79999923706055,323900,VTV
2010-10-19,33.645904541015625,49.58000183105469,50.119998931884766,49.310001373291016,49.75,389200,VTV
2010-10-20,34.00556564331055,50.11000061035156,50.29999923706055,49.630001068115234,49.720001220703125,345000,VTV
2010-10-21,34.00556564331055,50.11000061035156,50.54999923706055,49.79999923706055,50.34000015258789,275200,VTV
2010-10-22,34.01235580444336,50.119998931884766,50.22999954223633,49.9900016784668,50.189998626708984,255600,VTV
2010-10-25,34.07343292236328,50.209999084472656,50.689998626708984,50.15999984741211,50.470001220703125,269900,VTV
2010-10-26,34.01912307739258,50.130001068115234,50.209999084472656,49.900001525878906,49.970001220703125,199300,VTV
2010-10-27,33.92412567138672,49.9900016784668,50.0099983215332,49.560001373291016,49.86000061035156,260800,VTV
2010-10-28,33.958072662353516,50.040000915527344,50.31999969482422,49.81999969482422,50.209999084472656,237500,VTV
2010-10-29,33.95127868652344,50.029998779296875,50.09000015258789,49.83000183105469,50.0,178100,VTV
2010-11-01,33.910560607910156,49.970001220703125,50.5099983215332,49.68000030517578,50.33000183105469,305300,VTV
2010-11-02,34.14128875732422,50.310001373291016,50.40999984741211,50.15999984741211,50.29999923706055,218000,VTV
2010-11-03,34.270225524902344,50.5,50.52000045776367,49.900001525878906,50.41999816894531,415300,VTV
2010-11-04,34.996341705322266,51.56999969482422,51.59000015258789,51.0,51.09000015258789,367800,VTV
2010-11-05,35.20672607421875,51.880001068115234,51.970001220703125,51.54999923706055,51.65999984741211,456400,VTV
2010-11-08,35.098140716552734,51.720001220703125,51.779998779296875,51.459999084472656,51.709999084472656,280800,VTV
2010-11-09,34.77239990234375,51.2400016784668,51.869998931884766,51.08000183105469,51.869998931884766,330700,VTV
2010-11-10,34.94205856323242,51.4900016784668,51.5,50.869998931884766,51.2599983215332,364900,VTV
2010-11-11,34.86740493774414,51.380001068115234,51.459999084472656,51.040000915527344,51.150001525878906,218500,VTV
2010-11-12,34.50774383544922,50.849998474121094,51.2599983215332,50.630001068115234,51.060001373291016,385900,VTV
2010-11-15,34.49415588378906,50.83000183105469,51.27000045776367,50.810001373291016,51.08000183105469,226000,VTV
2010-11-16,33.94449234008789,50.02000045776367,50.52000045776367,49.7599983215332,50.52000045776367,364900,VTV
2010-11-17,33.93769454956055,50.0099983215332,50.189998626708984,49.869998931884766,50.04999923706055,367700,VTV
2010-11-18,34.39237594604492,50.68000030517578,50.81999969482422,50.4900016784668,50.5,351900,VTV
2010-11-19,34.43988800048828,50.75,50.75,50.290000915527344,50.63999938964844,371200,VTV
2010-11-22,34.290592193603516,50.529998779296875,50.59000015258789,49.9900016784668,50.529998779296875,215800,VTV
2010-11-23,33.79519271850586,49.79999923706055,50.0099983215332,49.689998626708984,50.0,434000,VTV
2010-11-24,34.24308776855469,50.459999084472656,50.459999084472656,50.099998474121094,50.119998931884766,465600,VTV
2010-11-26,33.93769454956055,50.0099983215332,50.25,49.939998626708984,50.060001373291016,119300,VTV
2010-11-29,33.96485137939453,50.04999923706055,50.150001525878906,49.43000030517578,49.72999954223633,210900,VTV
2010-11-30,33.74090576171875,49.720001220703125,50.0,49.529998779296875,49.61000061035156,403800,VTV
2010-12-01,34.47380447387695,50.79999923706055,50.84000015258789,50.45000076293945,50.45000076293945,247100,VTV
2010-12-02,34.948848724365234,51.5,51.5099983215332,50.869998931884766,50.91999816894531,281900,VTV
2010-12-03,35.05063247680664,51.650001525878906,51.70000076293945,51.2599983215332,51.31999969482422,433000,VTV
2010-12-06,35.003135681152344,51.58000183105469,51.70000076293945,51.43000030517578,51.47999954223633,344400,VTV
2010-12-07,35.05063247680664,51.650001525878906,52.08000183105469,51.630001068115234,52.0099983215332,549200,VTV
2010-12-08,35.227081298828125,51.90999984741211,51.939998626708984,51.54999923706055,51.7400016784668,260400,VTV
2010-12-09,35.42387771606445,52.20000076293945,52.25,51.91999816894531,52.20000076293945,215100,VTV
2010-12-10,35.68853759765625,52.59000015258789,52.630001068115234,52.2599983215332,52.369998931884766,317500,VTV
2010-12-13,35.722469329833984,52.63999938964844,52.869998931884766,52.619998931884766,52.86000061035156,293200,VTV
2010-12-14,35.75639343261719,52.689998626708984,52.900001525878906,52.529998779296875,52.72999954223633,303100,VTV
2010-12-15,35.56637954711914,52.40999984741211,52.790000915527344,52.349998474121094,52.58000183105469,405400,VTV
2010-12-16,35.77676773071289,52.720001220703125,52.7599983215332,52.290000915527344,52.459999084472656,438100,VTV
2010-12-17,35.810672760009766,52.77000045776367,52.79999923706055,52.5,52.63999938964844,282800,VTV
2010-12-20,35.91926574707031,52.93000030517578,53.04999923706055,52.720001220703125,52.86000061035156,458200,VTV
2010-12-21,36.1771354675293,53.310001373291016,53.369998931884766,53.099998474121094,53.119998931884766,400500,VTV
2010-12-22,36.40108108520508,53.63999938964844,53.63999938964844,53.349998474121094,53.400001525878906,233600,VTV
2010-12-23,36.33323287963867,53.540000915527344,53.65999984741211,53.43000030517578,53.529998779296875,1052300,VTV
2010-12-27,36.38993453979492,53.27000045776367,53.279998779296875,52.970001220703125,53.060001373291016,246900,VTV
2010-12-28,36.45823287963867,53.369998931884766,53.43000030517578,53.20000076293945,53.34000015258789,251100,VTV
2010-12-29,36.471893310546875,53.38999938964844,53.52000045776367,53.369998931884766,53.52000045776367,233600,VTV
2010-12-30,36.417240142822266,53.310001373291016,53.41999816894531,53.22999954223633,53.349998474121094,256500,VTV
2010-12-31,36.43091583251953,53.33000183105469,53.41999816894531,53.15999984741211,53.25,326500,VTV
2011-01-03,36.85445022583008,53.95000076293945,54.119998931884766,53.709999084472656,53.790000915527344,360300,VTV
2011-01-04,36.91593551635742,54.040000915527344,54.119998931884766,53.689998626708984,54.119998931884766,475500,VTV
2011-01-05,37.07986831665039,54.279998779296875,54.31999969482422,53.81999969482422,53.880001068115234,389100,VTV
2011-01-06,36.9774169921875,54.130001068115234,54.36000061035156,54.0099983215332,54.349998474121094,1395000,VTV
2011-01-07,36.88862228393555,54.0,54.279998779296875,53.56999969482422,54.16999816894531,360500,VTV
2011-01-10,36.78614807128906,53.849998474121094,53.93000030517578,53.529998779296875,53.790000915527344,290900,VTV
2011-01-11,36.936424255371094,54.06999969482422,54.20000076293945,53.880001068115234,54.06999969482422,331800,VTV
2011-01-12,37.277984619140625,54.56999969482422,54.650001525878906,54.33000183105469,54.34000015258789,279100,VTV
2011-01-13,37.20966720581055,54.470001220703125,54.599998474121094,54.33000183105469,54.59000015258789,273600,VTV
2011-01-14,37.503414154052734,54.900001525878906,54.90999984741211,54.369998931884766,54.38999938964844,379200,VTV
2011-01-18,37.517066955566406,54.91999816894531,54.970001220703125,54.7599983215332,54.90999984741211,631600,VTV
2011-01-19,37.1276969909668,54.349998474121094,54.900001525878906,54.22999954223633,54.900001525878906,319500,VTV
2011-01-20,37.141357421875,54.369998931884766,54.5,54.0099983215332,54.27000045776367,451100,VTV
2011-01-21,37.38045120239258,54.720001220703125,54.88999938964844,54.599998474121094,54.70000076293945,323200,VTV
2011-01-24,37.5239143371582,54.93000030517578,55.0,54.709999084472656,54.7400016784668,438300,VTV
2011-01-25,37.54441452026367,54.959999084472656,55.040000915527344,54.540000915527344,54.849998474121094,450100,VTV
2011-01-26,37.646873474121094,55.11000061035156,55.279998779296875,55.0099983215332,55.08000183105469,367800,VTV
2011-01-27,37.78349304199219,55.310001373291016,55.34000015258789,55.040000915527344,55.130001068115234,483100,VTV
2011-01-28,37.18235778808594,54.43000030517578,55.4900016784668,54.40999984741211,55.349998474121094,879600,VTV
2011-01-31,37.469261169433594,54.849998474121094,54.91999816894531,54.54999923706055,54.68000030517578,432400,VTV
2011-02-01,38.15921401977539,55.86000061035156,55.91999816894531,55.209999084472656,55.209999084472656,496500,VTV
2011-02-02,38.0362548828125,55.68000030517578,55.869998931884766,55.65999984741211,55.68000030517578,247100,VTV
2011-02-03,38.14556884765625,55.84000015258789,55.900001525878906,55.27000045776367,55.619998931884766,286400,VTV
2011-02-04,38.166038513183594,55.869998931884766,55.88999938964844,55.52000045776367,55.86000061035156,375300,VTV
2011-02-07,38.44611740112305,56.279998779296875,56.40999984741211,56.02000045776367,56.02000045776367,509200,VTV
2011-02-08,38.616905212402344,56.529998779296875,56.54999923706055,56.189998626708984,56.380001068115234,475000,VTV
2011-02-09,38.48027801513672,56.33000183105469,56.47999954223633,56.060001373291016,56.31999969482422,321300,VTV
2011-02-10,38.52808380126953,56.400001525878906,56.47999954223633,56.0,56.09000015258789,252200,VTV
2011-02-11,38.739864349365234,56.709999084472656,56.79999923706055,56.119998931884766,56.209999084472656,284600,VTV
2011-02-14,38.869667053222656,56.900001525878906,56.939998626708984,56.599998474121094,56.68000030517578,327400,VTV
2011-02-15,38.7330322265625,56.70000076293945,56.79999923706055,56.560001373291016,56.7400016784668,333800,VTV
2011-02-16,38.972129821777344,57.04999923706055,57.119998931884766,56.79999923706055,56.93000030517578,293500,VTV
2011-02-17,39.17023468017578,57.34000015258789,57.400001525878906,56.939998626708984,56.939998626708984,1130100,VTV
2011-02-18,39.27953338623047,57.5,57.5099983215332,57.27000045776367,57.38999938964844,304600,VTV
2011-02-22,38.582767486572266,56.47999954223633,57.29999923706055,56.31999969482422,56.95000076293945,425600,VTV
2011-02-23,38.3914680480957,56.20000076293945,56.61000061035156,55.90999984741211,56.4900016784668,979300,VTV
2011-02-24,38.29582595825195,56.060001373291016,56.27000045776367,55.58000183105469,56.060001373291016,473300,VTV
2011-02-25,38.67155456542969,56.61000061035156,56.650001525878906,56.27000045776367,56.33000183105469,299300,VTV
2011-02-28,38.978965759277344,57.060001373291016,57.099998474121094,56.7400016784668,56.849998474121094,359000,VTV
2011-03-01,38.350486755371094,56.13999938964844,57.27000045776367,56.13999938964844,57.2400016784668,302200,VTV
2011-03-02,38.384647369384766,56.189998626708984,56.439998626708984,55.97999954223633,56.08000183105469,460700,VTV
2011-03-03,39.02677536010742,57.130001068115234,57.209999084472656,56.70000076293945,56.720001220703125,488200,VTV
2011-03-04,38.69205093383789,56.63999938964844,57.130001068115234,56.279998779296875,57.11000061035156,431400,VTV
2011-03-07,38.44611740112305,56.279998779296875,56.97999954223633,56.060001373291016,56.7400016784668,343400,VTV
2011-03-08,38.84916687011719,56.869998931884766,57.06999969482422,56.25,56.36000061035156,385200,VTV
2011-03-09,38.869667053222656,56.900001525878906,57.029998779296875,56.529998779296875,56.75,286700,VTV
2011-03-10,38.09090805053711,55.7599983215332,56.31999969482422,55.70000076293945,56.31999969482422,390500,VTV
2011-03-11,38.336822509765625,56.119998931884766,56.33000183105469,55.5099983215332,55.5099983215332,479000,VTV
2011-03-14,38.104557037353516,55.779998779296875,55.88999938964844,55.380001068115234,55.7400016784668,308900,VTV
2011-03-15,37.68102264404297,55.15999984741211,55.45000076293945,54.22999954223633,54.27000045776367,459500,VTV
2011-03-16,36.99106216430664,54.150001525878906,55.15999984741211,53.810001373291016,55.029998779296875,997600,VTV
2011-03-17,37.49656677246094,54.88999938964844,55.04999923706055,54.52000045776367,54.95000076293945,873700,VTV
2011-03-18,37.756187438964844,55.27000045776367,55.66999816894531,55.13999938964844,55.66999816894531,604900,VTV
2011-03-21,38.27534103393555,56.029998779296875,56.130001068115234,55.880001068115234,55.97999954223633,985700,VTV
2011-03-22,38.13870620727539,55.83000183105469,56.09000015258789,55.790000915527344,56.06999969482422,359600,VTV
2011-03-23,38.15921401977539,55.86000061035156,55.9900016784668,55.380001068115234,55.599998474121094,272100,VTV
2011-03-24,38.44611740112305,56.279998779296875,56.369998931884766,55.84000015258789,56.15999984741211,353000,VTV
2011-03-25,38.58146667480469,56.15999984741211,56.38999938964844,56.0,56.08000183105469,410800,VTV
2011-03-28,38.512760162353516,56.060001373291016,56.439998626708984,56.060001373291016,56.2400016784668,430000,VTV
2011-03-29,38.71886444091797,56.36000061035156,56.38999938964844,55.79999923706055,56.040000915527344,277600,VTV
2011-03-30,39.0417594909668,56.83000183105469,57.0,56.619998931884766,56.689998626708984,378500,VTV
2011-03-31,38.966182708740234,56.720001220703125,56.90999984741211,56.70000076293945,56.810001373291016,436400,VTV
2011-04-01,39.186031341552734,57.040000915527344,57.22999954223633,56.900001525878906,57.119998931884766,367200,VTV
2011-04-04,39.22036361694336,57.09000015258789,57.2400016784668,56.970001220703125,57.189998626708984,288900,VTV
2011-04-05,39.247840881347656,57.130001068115234,57.34000015258789,56.959999084472656,56.959999084472656,361500,VTV
2011-04-06,39.405853271484375,57.36000061035156,57.43000030517578,57.150001525878906,57.38999938964844,273800,VTV
2011-04-07,39.295936584472656,57.20000076293945,57.439998626708984,56.939998626708984,57.29999923706055,379400,VTV
2011-04-08,39.186031341552734,57.040000915527344,57.5,56.83000183105469,57.470001220703125,290900,VTV
2011-04-11,39.04861068725586,56.84000015258789,57.279998779296875,56.720001220703125,57.09000015258789,282100,VTV
2011-04-12,38.72572326660156,56.369998931884766,56.56999969482422,56.150001525878906,56.47999954223633,406100,VTV
2011-04-13,38.636417388916016,56.2400016784668,56.68000030517578,56.08000183105469,56.65999984741211,324300,VTV
2011-04-14,38.65703201293945,56.27000045776367,56.38999938964844,55.7400016784668,55.900001525878906,299800,VTV
2011-04-15,38.883731842041016,56.599998474121094,56.72999954223633,56.36000061035156,56.439998626708984,370700,VTV
2011-04-18,38.375370025634766,55.86000061035156,56.0,55.5,56.0,393900,VTV
2011-04-19,38.608943939208984,56.20000076293945,56.220001220703125,55.869998931884766,55.93000030517578,386500,VTV
2011-04-20,39.07609939575195,56.880001068115234,57.02000045776367,56.7599983215332,56.90999984741211,381400,VTV
2011-04-21,39.186031341552734,57.040000915527344,57.13999938964844,56.869998931884766,57.13999938964844,314100,VTV
2011-04-25,39.15853500366211,57.0,57.08000183105469,56.86000061035156,56.939998626708984,287600,VTV
2011-04-26,39.56386184692383,57.59000015258789,57.66999816894531,57.16999816894531,57.25,342000,VTV
2011-04-27,39.838653564453125,57.9900016784668,58.09000015258789,57.5,57.72999954223633,331600,VTV
2011-04-28,40.017269134521484,58.25,58.29999923706055,57.88999938964844,57.97999954223633,470800,VTV
2011-04-29,40.120323181152344,58.400001525878906,58.41999816894531,58.13999938964844,58.209999084472656,465000,VTV
2011-05-02,40.05849838256836,58.310001373291016,58.75,58.20000076293945,58.75,398800,VTV
2011-05-03,39.948577880859375,58.150001525878906,58.31999969482422,57.849998474121094,58.22999954223633,480100,VTV
2011-05-04,39.66004180908203,57.72999954223633,58.15999984741211,57.5,58.130001068115234,515100,VTV
2011-05-05,39.268470764160156,57.15999984741211,57.66999816894531,56.869998931884766,57.45000076293945,358100,VTV
2011-05-06,39.405853271484375,57.36000061035156,57.939998626708984,57.150001525878906,57.7400016784668,326900,VTV
2011-05-09,39.536376953125,57.54999923706055,57.689998626708984,57.209999084472656,57.369998931884766,335700,VTV
2011-05-10,39.86613845825195,58.029998779296875,58.150001525878906,57.66999816894531,57.709999084472656,333600,VTV
2011-05-11,39.44706726074219,57.41999816894531,57.959999084472656,57.18000030517578,57.959999084472656,424400,VTV
2011-05-12,39.60508346557617,57.650001525878906,57.75,56.959999084472656,57.29999923706055,572000,VTV
2011-05-13,39.30280685424805,57.209999084472656,57.75,56.970001220703125,57.70000076293945,323900,VTV
2011-05-16,39.1654052734375,57.0099983215332,57.529998779296875,56.90999984741211,57.060001373291016,404500,VTV
2011-05-17,39.1654052734375,57.0099983215332,57.09000015258789,56.599998474121094,56.810001373291016,420000,VTV
2011-05-18,39.5089111328125,57.5099983215332,57.560001373291016,56.95000076293945,57.08000183105469,525600,VTV
2011-05-19,39.56386184692383,57.59000015258789,57.7400016784668,57.279998779296875,57.720001220703125,365900,VTV
2011-05-20,39.2135009765625,57.08000183105469,57.4900016784668,57.0099983215332,57.47999954223633,333500,VTV
2011-05-23,38.76007843017578,56.41999816894531,56.619998931884766,56.27000045776367,56.40999984741211,513700,VTV
2011-05-24,38.76007843017578,56.41999816894531,56.720001220703125,56.310001373291016,56.58000183105469,366000,VTV
2011-05-25,38.856258392333984,56.560001373291016,56.790000915527344,56.11000061035156,56.18000030517578,364800,VTV
2011-05-26,38.97990417480469,56.7400016784668,56.84000015258789,56.20000076293945,56.38999938964844,256100,VTV
2011-05-27,39.17915725708008,57.029998779296875,57.16999816894531,56.88999938964844,56.91999816894531,207800,VTV
2011-05-31,39.57072830200195,57.599998474121094,57.650001525878906,57.189998626708984,57.59000015258789,397500,VTV
2011-06-01,38.6707649230957,56.290000915527344,57.439998626708984,56.2400016784668,57.43000030517578,566400,VTV
2011-06-02,38.58834457397461,56.16999816894531,56.45000076293945,55.86000061035156,56.38999938964844,458300,VTV
2011-06-03,38.23795700073242,55.65999984741211,56.06999969482422,55.45000076293945,55.5099983215332,419300,VTV
2011-06-06,37.80514907836914,55.029998779296875,55.54999923706055,54.93000030517578,55.540000915527344,456300,VTV
2011-06-07,37.763954162597656,54.970001220703125,55.45000076293945,54.970001220703125,55.34000015258789,330600,VTV
2011-06-08,37.64715576171875,54.79999923706055,55.150001525878906,54.70000076293945,54.959999084472656,484400,VTV
2011-06-09,37.92881774902344,55.209999084472656,55.439998626708984,54.81999969482422,54.970001220703125,254100,VTV
2011-06-10,37.47541046142578,54.54999923706055,55.0,54.33000183105469,55.0,467000,VTV
2011-06-13,37.57845687866211,54.70000076293945,54.95000076293945,54.459999084472656,54.630001068115234,311300,VTV
2011-06-14,37.990657806396484,55.29999923706055,55.540000915527344,55.189998626708984,55.22999954223633,268800,VTV
2011-06-15,37.317413330078125,54.31999969482422,54.97999954223633,54.150001525878906,54.880001068115234,500000,VTV
2011-06-16,37.46166229248047,54.529998779296875,54.75,54.130001068115234,54.34000015258789,375900,VTV
2011-06-17,37.640289306640625,54.790000915527344,55.099998474121094,54.58000183105469,55.099998474121094,474100,VTV
2011-06-20,37.798309326171875,55.02000045776367,55.13999938964844,54.540000915527344,54.619998931884766,234400,VTV
2011-06-21,38.21735763549805,55.630001068115234,55.75,55.20000076293945,55.31999969482422,296400,VTV
2011-06-22,37.990657806396484,55.29999923706055,55.810001373291016,55.29999923706055,55.5099983215332,351900,VTV
2011-06-23,37.798309326171875,55.02000045776367,55.04999923706055,54.2599983215332,54.68000030517578,794100,VTV
2011-06-24,37.4044075012207,54.130001068115234,54.779998779296875,54.060001373291016,54.779998779296875,277200,VTV
2011-06-27,37.67390823364258,54.52000045776367,54.70000076293945,54.099998474121094,54.16999816894531,340100,VTV
2011-06-28,38.03324508666992,55.040000915527344,55.060001373291016,54.630001068115234,54.77000045776367,241500,VTV
2011-06-29,38.4063835144043,55.58000183105469,55.650001525878906,55.189998626708984,55.310001373291016,1008600,VTV
2011-06-30,38.73115158081055,56.04999923706055,56.130001068115234,55.650001525878906,55.810001373291016,346700,VTV
2011-07-01,39.297786712646484,56.869998931884766,56.95000076293945,56.029998779296875,56.119998931884766,328100,VTV
2011-07-05,39.1457633972168,56.650001525878906,56.84000015258789,56.5,56.84000015258789,330500,VTV
2011-07-06,39.13885498046875,56.63999938964844,56.70000076293945,56.34000015258789,56.56999969482422,354800,VTV
2011-07-07,39.51891326904297,57.189998626708984,57.31999969482422,56.9900016784668,57.16999816894531,487900,VTV
2011-07-08,39.20103454589844,56.72999954223633,56.7599983215332,56.36000061035156,56.560001373291016,318700,VTV
2011-07-11,38.523841857910156,55.75,56.130001068115234,55.599998474121094,56.09000015258789,268700,VTV
2011-07-12,38.38566207885742,55.54999923706055,56.09000015258789,55.5099983215332,55.5099983215332,893500,VTV
2011-07-13,38.482391357421875,55.689998626708984,56.2599983215332,55.56999969482422,55.84000015258789,486400,VTV
2011-07-14,38.26127624511719,55.369998931884766,56.09000015258789,55.29999923706055,55.93000030517578,327600,VTV
2011-07-15,38.337276458740234,55.47999954223633,55.65999984741211,55.13999938964844,55.65999984741211,276300,VTV
2011-07-18,37.9503173828125,54.91999816894531,55.2599983215332,54.560001373291016,55.2599983215332,272600,VTV
2011-07-19,38.413291931152344,55.59000015258789,55.650001525878906,55.09000015258789,55.15999984741211,312600,VTV
2011-07-20,38.4962043762207,55.709999084472656,55.900001525878906,55.560001373291016,55.7400016784668,240500,VTV
2011-07-21,39.06976318359375,56.540000915527344,56.709999084472656,55.970001220703125,56.08000183105469,297600,VTV
2011-07-22,39.02829360961914,56.47999954223633,56.630001068115234,56.22999954223633,56.540000915527344,292200,VTV
2011-07-25,38.758792877197266,56.09000015258789,56.33000183105469,55.84000015258789,55.970001220703125,259400,VTV
2011-07-26,38.586036682128906,55.84000015258789,56.130001068115234,55.75,56.06999969482422,402900,VTV
2011-07-27,37.86738967895508,54.79999923706055,55.56999969482422,54.72999954223633,55.560001373291016,521900,VTV
2011-07-28,37.64626693725586,54.47999954223633,55.150001525878906,54.400001525878906,54.7599983215332,361900,VTV
2011-07-29,37.376773834228516,54.09000015258789,54.599998474121094,53.70000076293945,53.95000076293945,458100,VTV
2011-08-01,37.28004455566406,53.95000076293945,54.869998931884766,53.459999084472656,54.849998474121094,609700,VTV
2011-08-02,36.34025955200195,52.59000015258789,53.7400016784668,52.59000015258789,53.560001373291016,733900,VTV
2011-08-03,36.45772171020508,52.7599983215332,52.77000045776367,51.7400016784668,52.619998931884766,857400,VTV
2011-08-04,34.70945739746094,50.22999954223633,52.09000015258789,50.209999084472656,52.0099983215332,868200,VTV
2011-08-05,34.61273193359375,50.09000015258789,50.959999084472656,48.81999969482422,50.81999969482422,895300,VTV
2011-08-08,32.22873306274414,46.63999938964844,49.29999923706055,46.540000915527344,48.70000076293945,856100,VTV
2011-08-09,33.811161041259766,48.93000030517578,48.93000030517578,45.79999923706055,47.5,1005200,VTV
2011-08-10,32.22182846069336,46.630001068115234,48.36000061035156,46.560001373291016,48.02000045776367,758700,VTV
2011-08-11,33.74205017089844,48.83000183105469,49.5,46.939998626708984,46.959999084472656,714500,VTV
2011-08-12,33.845699310302734,48.97999954223633,49.709999084472656,48.77000045776367,49.41999816894531,475600,VTV
2011-08-15,34.75783920288086,50.29999923706055,50.29999923706055,49.5099983215332,49.5099983215332,419100,VTV
2011-08-16,34.40543746948242,49.790000915527344,50.2599983215332,49.36000061035156,49.79999923706055,449100,VTV
2011-08-17,34.50907516479492,49.939998626708984,50.529998779296875,49.58000183105469,50.11000061035156,405400,VTV
2011-08-18,33.12704849243164,47.939998626708984,48.65999984741211,47.47999954223633,48.65999984741211,639200,VTV
2011-08-19,32.57426071166992,47.13999938964844,48.43000030517578,47.130001068115234,47.25,663000,VTV
2011-08-22,32.567344665527344,47.130001068115234,48.27000045776367,47.0,48.27000045776367,347800,VTV
2011-08-23,33.54856491088867,48.54999923706055,48.560001373291016,47.0099983215332,47.31999969482422,337200,VTV
2011-08-24,34.0599365234375,49.290000915527344,49.349998474121094,48.33000183105469,48.470001220703125,381100,VTV
2011-08-25,33.59695053100586,48.619998931884766,50.06999969482422,48.38999938964844,49.68000030517578,633600,VTV
2011-08-26,33.92863082885742,49.099998474121094,49.36000061035156,47.459999084472656,48.310001373291016,284600,VTV
2011-08-29,34.99970245361328,50.650001525878906,50.65999984741211,49.79999923706055,49.84000015258789,358800,VTV
2011-08-30,35.00659942626953,50.65999984741211,50.97999954223633,49.9900016784668,50.459999084472656,394200,VTV
2011-08-31,35.17245864868164,50.900001525878906,51.40999984741211,50.58000183105469,51.099998474121094,674900,VTV
2011-09-01,34.75094223022461,50.290000915527344,51.400001525878906,50.290000915527344,51.0,446800,VTV
2011-09-02,33.845699310302734,48.97999954223633,49.5,48.880001068115234,49.29999923706055,408800,VTV
2011-09-06,33.48638153076172,48.459999084472656,48.5,47.5099983215332,47.58000183105469,752900,VTV
2011-09-07,34.5021858215332,49.93000030517578,49.959999084472656,49.060001373291016,49.22999954223633,244900,VTV
2011-09-08,34.11520767211914,49.369998931884766,50.11000061035156,49.2599983215332,49.68000030517578,276400,VTV
2011-09-09,33.22380065917969,48.08000183105469,48.939998626708984,47.849998474121094,48.810001373291016,456500,VTV
2011-09-12,33.41728973388672,48.36000061035156,48.369998931884766,47.290000915527344,47.459999084472656,386600,VTV
2011-09-13,33.672950744628906,48.72999954223633,48.91999816894531,48.16999816894531,48.529998779296875,349700,VTV
2011-09-14,34.094482421875,49.34000015258789,49.88999938964844,48.33000183105469,49.029998779296875,450000,VTV
2011-09-15,34.688751220703125,50.20000076293945,50.209999084472656,49.4900016784668,49.869998931884766,383400,VTV
2011-09-16,34.868412017822266,50.459999084472656,50.689998626708984,49.95000076293945,50.380001068115234,246400,VTV
2011-09-19,34.384700775146484,49.7599983215332,50.02000045776367,49.25,49.61000061035156,349400,VTV
2011-09-20,34.37089157104492,49.7400016784668,50.41999816894531,49.70000076293945,50.0,430300,VTV
2011-09-21,33.22380065917969,48.08000183105469,49.79999923706055,48.08000183105469,49.79999923706055,385700,VTV
2011-09-22,32.25636672973633,46.68000030517578,47.18000030517578,46.029998779296875,46.779998779296875,889400,VTV
2011-09-23,32.43605422973633,46.58000183105469,46.81999969482422,45.939998626708984,46.04999923706055,587500,VTV
2011-09-26,33.26469802856445,47.77000045776367,47.83000183105469,46.5099983215332,47.0099983215332,514100,VTV
2011-09-27,33.67555236816406,48.36000061035156,49.20000076293945,48.09000015258789,48.7599983215332,481400,VTV
2011-09-28,33.00706100463867,47.400001525878906,48.7400016784668,47.349998474121094,48.4900016784668,376900,VTV
2011-09-29,33.515377044677734,48.130001068115234,48.5,47.27000045776367,48.22999954223633,658700,VTV
2011-09-30,32.76333236694336,47.04999923706055,47.91999816894531,47.0099983215332,47.52000045776367,707500,VTV
2011-10-03,31.690946578979492,45.5099983215332,47.36000061035156,45.5099983215332,46.84000015258789,764800,VTV
2011-10-04,32.40122985839844,46.529998779296875,46.630001068115234,44.470001220703125,44.93000030517578,710000,VTV
2011-10-05,32.965274810791016,47.34000015258789,47.47999954223633,46.2400016784668,46.65999984741211,547600,VTV
2011-10-06,33.585018157958984,48.22999954223633,48.22999954223633,46.88999938964844,47.29999923706055,573400,VTV
2011-10-07,33.25774002075195,47.7599983215332,48.560001373291016,47.54999923706055,48.560001373291016,606700,VTV
2011-10-10,34.38583755493164,49.380001068115234,49.380001068115234,48.599998474121094,48.599998474121094,447500,VTV
2011-10-11,34.30224609375,49.2599983215332,49.45000076293945,48.970001220703125,49.08000183105469,415400,VTV
2011-10-12,34.7270393371582,49.869998931884766,50.43000030517578,49.560001373291016,49.72999954223633,373000,VTV
2011-10-13,34.51813507080078,49.56999969482422,49.75,49.0,49.56999969482422,364500,VTV
2011-10-14,35.019508361816406,50.290000915527344,50.29999923706055,49.779998779296875,50.13999938964844,325600,VTV
2011-10-17,34.2744026184082,49.220001220703125,50.060001373291016,49.189998626708984,50.02000045776367,285100,VTV
2011-10-18,35.17965316772461,50.52000045776367,50.88999938964844,49.04999923706055,49.27000045776367,453100,VTV
2011-10-19,34.84540939331055,50.040000915527344,50.88999938964844,49.93000030517578,50.47999954223633,331800,VTV
2011-10-20,35.068241119384766,50.36000061035156,50.52000045776367,49.54999923706055,50.25,378300,VTV
2011-10-21,35.708900451660156,51.279998779296875,51.310001373291016,50.83000183105469,51.0,331200,VTV
2011-10-24,36.1475944519043,51.90999984741211,52.0,51.349998474121094,51.40999984741211,361900,VTV
2011-10-25,35.41643524169922,50.86000061035156,51.709999084472656,50.72999954223633,51.709999084472656,319700,VTV
2011-10-26,35.91780471801758,51.58000183105469,51.7400016784668,50.75,51.45000076293945,322500,VTV
2011-10-27,37.178192138671875,53.38999938964844,53.75,52.58000183105469,53.029998779296875,1160000,VTV
2011-10-28,37.164268493652344,53.369998931884766,53.43000030517578,53.0099983215332,53.20000076293945,2859000,VTV
2011-10-31,36.126705169677734,51.880001068115234,52.7599983215332,51.869998931884766,52.7599983215332,349300,VTV
2011-11-01,35.068241119384766,50.36000061035156,51.060001373291016,50.13999938964844,50.34000015258789,853300,VTV
2011-11-02,35.68800354003906,51.25,51.400001525878906,50.7599983215332,51.16999816894531,289200,VTV
2011-11-03,36.314720153808594,52.150001525878906,52.25,51.060001373291016,51.86000061035156,402500,VTV
2011-11-04,36.05707550048828,51.779998779296875,51.86000061035156,51.20000076293945,51.689998626708984,336400,VTV
2011-11-07,36.34257888793945,52.189998626708984,52.189998626708984,51.349998474121094,51.790000915527344,288900,VTV
2011-11-08,36.80216979980469,52.849998474121094,52.880001068115234,51.95000076293945,52.4900016784668,444600,VTV
2011-11-09,35.40946960449219,50.849998474121094,51.810001373291016,50.7599983215332,51.650001525878906,387000,VTV
2011-11-10,35.785491943359375,51.38999938964844,51.630001068115234,50.88999938964844,51.5,336500,VTV
2011-11-11,36.44701385498047,52.34000015258789,52.4900016784668,52.040000915527344,52.06999969482422,253600,VTV
2011-11-14,36.022247314453125,51.72999954223633,52.119998931884766,51.5,52.119998931884766,206900,VTV
2011-11-15,36.1475944519043,51.90999984741211,52.16999816894531,51.40999984741211,51.54999923706055,435500,VTV
2011-11-16,35.54177474975586,51.040000915527344,51.90999984741211,50.970001220703125,51.31999969482422,373500,VTV
2011-11-17,35.0473747253418,50.33000183105469,51.119998931884766,50.0,50.91999816894531,563600,VTV
2011-11-18,35.0752067565918,50.369998931884766,50.650001525878906,50.150001525878906,50.540000915527344,403300,VTV
2011-11-21,34.357975006103516,49.34000015258789,49.70000076293945,49.029998779296875,49.650001525878906,1032100,VTV
2011-11-22,34.14210891723633,49.029998779296875,49.439998626708984,48.84000015258789,49.279998779296875,417100,VTV
2011-11-23,33.355224609375,47.900001525878906,48.54999923706055,47.900001525878906,48.54999923706055,465000,VTV
2011-11-25,33.3412971496582,47.880001068115234,48.43000030517578,47.81999969482422,47.81999969482422,178100,VTV
2011-11-28,34.225669860839844,49.150001525878906,49.41999816894531,48.79999923706055,49.2400016784668,338400,VTV
2011-11-29,34.37886428833008,49.369998931884766,49.650001525878906,49.13999938964844,49.290000915527344,366500,VTV
2011-11-30,35.92475891113281,51.59000015258789,51.63999938964844,50.689998626708984,50.77000045776367,516600,VTV
2011-12-01,35.8133430480957,51.43000030517578,51.72999954223633,51.22999954223633,51.439998626708984,500500,VTV
2011-12-02,35.903865814208984,51.560001373291016,52.15999984741211,51.470001220703125,51.939998626708984,358200,VTV
2011-12-05,36.286861419677734,52.11000061035156,52.560001373291016,51.79999923706055,52.2599983215332,310500,VTV
2011-12-06,36.39828872680664,52.27000045776367,52.58000183105469,51.91999816894531,52.15999984741211,276600,VTV
2011-12-07,36.55149459838867,52.4900016784668,52.75,51.75,52.06999969482422,332900,VTV
2011-12-08,35.69495391845703,51.2599983215332,52.209999084472656,51.11000061035156,52.209999084472656,313300,VTV
2011-12-09,36.2938232421875,52.119998931884766,52.27000045776367,51.369998931884766,51.47999954223633,252300,VTV
2011-12-12,35.72281265258789,51.29999923706055,51.70000076293945,50.900001525878906,51.70000076293945,307500,VTV
2011-12-13,35.43731689453125,50.88999938964844,51.88999938964844,50.630001068115234,51.599998474121094,423800,VTV
2011-12-14,35.17965316772461,50.52000045776367,50.959999084472656,50.40999984741211,50.630001068115234,549300,VTV
2011-12-15,35.39554214477539,50.83000183105469,51.15999984741211,50.689998626708984,51.11000061035156,443800,VTV
2011-12-16,35.465171813964844,50.93000030517578,51.40999984741211,50.810001373291016,51.220001220703125,400000,VTV
2011-12-19,35.01254653930664,50.279998779296875,51.20000076293945,50.15999984741211,51.150001525878906,418300,VTV
2011-12-20,36.04314041137695,51.7599983215332,51.869998931884766,51.040000915527344,51.099998474121094,394000,VTV
2011-12-21,36.33562088012695,52.18000030517578,52.25,51.630001068115234,51.810001373291016,382800,VTV
2011-12-22,36.78823471069336,52.83000183105469,52.880001068115234,52.29999923706055,52.349998474121094,311800,VTV
2011-12-23,37.08157730102539,52.84000015258789,52.84000015258789,52.459999084472656,52.650001525878906,270200,VTV
2011-12-27,37.053489685058594,52.79999923706055,53.0,52.630001068115234,52.779998779296875,301700,VTV
2011-12-28,36.6184196472168,52.18000030517578,52.849998474121094,52.09000015258789,52.849998474121094,382800,VTV
2011-12-29,37.0043830871582,52.72999954223633,52.75,52.279998779296875,52.36000061035156,595400,VTV
2011-12-30,36.83596420288086,52.4900016784668,52.7599983215332,52.470001220703125,52.720001220703125,318400,VTV
2012-01-03,37.40438461303711,53.29999923706055,53.59000015258789,53.22999954223633,53.349998474121094,423900,VTV
2012-01-04,37.397361755371094,53.290000915527344,53.34000015258789,52.90999984741211,53.189998626708984,283700,VTV
2012-01-05,37.53071594238281,53.47999954223633,53.54999923706055,52.709999084472656,53.040000915527344,256000,VTV
2012-01-06,37.418434143066406,53.31999969482422,53.54999923706055,53.130001068115234,53.54999923706055,378100,VTV
2012-01-09,37.537723541259766,53.4900016784668,53.540000915527344,53.220001220703125,53.41999816894531,622600,VTV
2012-01-10,37.909664154052734,54.02000045776367,54.150001525878906,53.93000030517578,54.040000915527344,505900,VTV
2012-01-11,37.98684310913086,54.130001068115234,54.18000030517578,53.7400016784668,53.83000183105469,382700,VTV
2012-01-12,38.05704879760742,54.22999954223633,54.31999969482422,53.810001373291016,54.27000045776367,266200,VTV
2012-01-13,37.867557525634766,53.959999084472656,53.959999084472656,53.40999984741211,53.81999969482422,316500,VTV
2012-01-17,37.88862228393555,53.9900016784668,54.5099983215332,53.88999938964844,54.380001068115234,793500,VTV
2012-01-18,38.31669616699219,54.599998474121094,54.619998931884766,53.849998474121094,53.970001220703125,565600,VTV
2012-01-19,38.45705795288086,54.79999923706055,54.86000061035156,54.529998779296875,54.7599983215332,547100,VTV
2012-01-20,38.590396881103516,54.9900016784668,54.9900016784668,54.630001068115234,54.7599983215332,471500,VTV
2012-01-23,38.576358795166016,54.970001220703125,55.27000045776367,54.77000045776367,54.9900016784668,561500,VTV
2012-01-24,38.48512268066406,54.84000015258789,54.849998474121094,54.45000076293945,54.630001068115234,533400,VTV
2012-01-25,38.66757583618164,55.099998474121094,55.18000030517578,54.349998474121094,54.70000076293945,335100,VTV
2012-01-26,38.39388656616211,54.709999084472656,55.38999938964844,54.54999923706055,55.38999938964844,350600,VTV
2012-01-27,38.35881042480469,54.65999984741211,54.79999923706055,54.40999984741211,54.52000045776367,525800,VTV
2012-01-30,38.17635726928711,54.400001525878906,54.45000076293945,53.91999816894531,54.119998931884766,496100,VTV
2012-01-31,38.11318588256836,54.310001373291016,54.720001220703125,54.08000183105469,54.709999084472656,494700,VTV
2012-02-01,38.51319122314453,54.880001068115234,55.18000030517578,54.75,54.7599983215332,448500,VTV
2012-02-02,38.576358795166016,54.970001220703125,55.09000015258789,54.77000045776367,54.97999954223633,452000,VTV
2012-02-03,39.1447868347168,55.779998779296875,55.790000915527344,55.47999954223633,55.540000915527344,280100,VTV
2012-02-06,39.116703033447266,55.7400016784668,55.7599983215332,55.47999954223633,55.59000015258789,513600,VTV
2012-02-07,39.20793151855469,55.869998931884766,55.970001220703125,55.40999984741211,55.630001068115234,328700,VTV
2012-02-08,39.320220947265625,56.029998779296875,56.09000015258789,55.720001220703125,55.88999938964844,344200,VTV
2012-02-09,39.31321716308594,56.02000045776367,56.209999084472656,55.75,56.20000076293945,339000,VTV
2012-02-10,39.00442886352539,55.58000183105469,55.59000015258789,55.349998474121094,55.54999923706055,471100,VTV
2012-02-13,39.250057220458984,55.93000030517578,56.040000915527344,55.7400016784668,55.9900016784668,327200,VTV
2012-02-14,39.1307487487793,55.7599983215332,55.79999923706055,55.380001068115234,55.79999923706055,509500,VTV
2012-02-15,38.95530700683594,55.5099983215332,56.0099983215332,55.439998626708984,56.0,561800,VTV
2012-02-16,39.47462463378906,56.25,56.290000915527344,55.4900016784668,55.58000183105469,378600,VTV
2012-02-17,39.64304733276367,56.4900016784668,56.560001373291016,56.349998474121094,56.5,369700,VTV
2012-02-21,39.63603591918945,56.47999954223633,56.7400016784668,56.349998474121094,56.70000076293945,299500,VTV
2012-02-22,39.41849136352539,56.16999816894531,56.470001220703125,56.11000061035156,56.41999816894531,538900,VTV
2012-02-23,39.57987594604492,56.400001525878906,56.43000030517578,55.939998626708984,56.150001525878906,309400,VTV
2012-02-24,39.607948303222656,56.439998626708984,56.61000061035156,56.34000015258789,56.560001373291016,414800,VTV
2012-02-27,39.741275787353516,56.630001068115234,56.72999954223633,55.9900016784668,56.130001068115234,355100,VTV
2012-02-28,39.797428131103516,56.709999084472656,56.77000045776367,56.470001220703125,56.650001525878906,642800,VTV
2012-02-29,39.59391784667969,56.41999816894531,56.97999954223633,56.369998931884766,56.810001373291016,320200,VTV
2012-03-01,39.832523345947266,56.7599983215332,56.880001068115234,56.529998779296875,56.56999969482422,258500,VTV
2012-03-02,39.713226318359375,56.59000015258789,56.810001373291016,56.459999084472656,56.75,291000,VTV
2012-03-05,39.607948303222656,56.439998626708984,56.5099983215332,56.189998626708984,56.45000076293945,294800,VTV
2012-03-06,38.95530700683594,55.5099983215332,55.88999938964844,55.380001068115234,55.880001068115234,484500,VTV
2012-03-07,39.26408004760742,55.95000076293945,56.02000045776367,55.529998779296875,55.650001525878906,305500,VTV
2012-03-08,39.57987594604492,56.400001525878906,56.5,56.11000061035156,56.31999969482422,327200,VTV
2012-03-09,39.713226318359375,56.59000015258789,56.790000915527344,56.41999816894531,56.54999923706055,298800,VTV
2012-03-12,39.76934814453125,56.66999816894531,56.709999084472656,56.470001220703125,56.61000061035156,240100,VTV
2012-03-13,40.54833221435547,57.779998779296875,57.810001373291016,56.900001525878906,56.9900016784668,375800,VTV
2012-03-14,40.42902374267578,57.61000061035156,57.900001525878906,57.459999084472656,57.75,336600,VTV
2012-03-15,40.695701599121094,57.9900016784668,58.029998779296875,57.529998779296875,57.689998626708984,327700,VTV
2012-03-16,40.75886154174805,58.08000183105469,58.189998626708984,57.9900016784668,58.16999816894531,327100,VTV
2012-03-19,40.85009002685547,58.209999084472656,58.47999954223633,57.97999954223633,58.029998779296875,457100,VTV
2012-03-20,40.73078155517578,58.040000915527344,58.15999984741211,57.72999954223633,57.91999816894531,367900,VTV
2012-03-21,40.64659118652344,57.91999816894531,58.150001525878906,57.790000915527344,58.13999938964844,329000,VTV
2012-03-22,40.27463150024414,57.38999938964844,57.58000183105469,57.2400016784668,57.52000045776367,309900,VTV
2012-03-23,40.46411895751953,57.65999984741211,57.720001220703125,57.189998626708984,57.41999816894531,245100,VTV
2012-03-26,40.98793411254883,58.060001373291016,58.060001373291016,57.720001220703125,57.79999923706055,369200,VTV
2012-03-27,40.811439514160156,57.810001373291016,58.22999954223633,57.79999923706055,58.13999938964844,298900,VTV
2012-03-28,40.60671615600586,57.52000045776367,57.84000015258789,57.189998626708984,57.779998779296875,399300,VTV
2012-03-29,40.529052734375,57.40999984741211,57.470001220703125,56.849998474121094,57.22999954223633,559800,VTV
2012-03-30,40.71965408325195,57.68000030517578,57.779998779296875,57.380001068115234,57.75,304100,VTV
2012-04-02,40.973812103271484,58.040000915527344,58.22999954223633,57.5099983215332,57.66999816894531,305100,VTV
2012-04-03,40.74789810180664,57.720001220703125,57.9900016784668,57.33000183105469,57.959999084472656,436500,VTV
2012-04-04,40.366695404052734,57.18000030517578,57.310001373291016,56.959999084472656,57.279998779296875,450400,VTV
2012-04-05,40.1972541809082,56.939998626708984,57.189998626708984,56.790000915527344,56.95000076293945,267900,VTV
2012-04-09,39.72425842285156,56.27000045776367,56.459999084472656,56.099998474121094,56.22999954223633,484600,VTV
2012-04-10,39.011260986328125,55.2599983215332,56.290000915527344,55.22999954223633,56.16999816894531,566400,VTV
2012-04-11,39.35716247558594,55.75,55.939998626708984,55.65999984741211,55.88999938964844,446400,VTV
2012-04-12,39.87252426147461,56.47999954223633,56.52000045776367,55.790000915527344,55.790000915527344,489700,VTV
2012-04-13,39.35716247558594,55.75,56.369998931884766,55.720001220703125,56.369998931884766,1767300,VTV
2012-04-16,39.54071807861328,56.0099983215332,56.25,55.7599983215332,56.099998474121094,335300,VTV
2012-04-17,40.049007415771484,56.72999954223633,56.84000015258789,56.25,56.369998931884766,315400,VTV
2012-04-18,39.87252426147461,56.47999954223633,56.66999816894531,56.369998931884766,56.47999954223633,371000,VTV
2012-04-19,39.71719741821289,56.2599983215332,56.68000030517578,56.0,56.58000183105469,374600,VTV
2012-04-20,39.801937103271484,56.380001068115234,56.68000030517578,56.380001068115234,56.540000915527344,234700,VTV
2012-04-23,39.51953887939453,55.97999954223633,56.029998779296875,55.619998931884766,55.849998474121094,334600,VTV
2012-04-24,39.85133743286133,56.45000076293945,56.47999954223633,56.06999969482422,56.06999969482422,321200,VTV
2012-04-25,40.176082611083984,56.90999984741211,56.970001220703125,56.63999938964844,56.90999984741211,305400,VTV
2012-04-26,40.47964096069336,57.34000015258789,57.38999938964844,56.75,56.810001373291016,241700,VTV
2012-04-27,40.48670196533203,57.349998474121094,57.54999923706055,57.11000061035156,57.540000915527344,324500,VTV
2012-04-30,40.345516204833984,57.150001525878906,57.29999923706055,57.0099983215332,57.25,299500,VTV
2012-05-01,40.677303314208984,57.619998931884766,57.939998626708984,57.09000015258789,57.20000076293945,377900,VTV
2012-05-02,40.47257614135742,57.33000183105469,57.40999984741211,57.06999969482422,57.29999923706055,300400,VTV
2012-05-03,40.1972541809082,56.939998626708984,57.400001525878906,56.83000183105469,57.400001525878906,407000,VTV
2012-05-04,39.64661407470703,56.15999984741211,56.720001220703125,56.06999969482422,56.68000030517578,509100,VTV
2012-05-07,39.6960334777832,56.22999954223633,56.369998931884766,55.900001525878906,55.900001525878906,273300,VTV
2012-05-08,39.54071807861328,56.0099983215332,56.060001373291016,55.47999954223633,55.84000015258789,393100,VTV
2012-05-09,39.23715591430664,55.58000183105469,55.939998626708984,55.20000076293945,55.459999084472656,475900,VTV
2012-05-10,39.47718048095703,55.91999816894531,56.20000076293945,55.810001373291016,56.09000015258789,293400,VTV
2012-05-11,39.3077507019043,55.68000030517578,56.18000030517578,55.47999954223633,55.52000045776367,293000,VTV
2012-05-14,38.848873138427734,55.029998779296875,55.369998931884766,54.93000030517578,55.15999984741211,374600,VTV
2012-05-15,38.587684631347656,54.65999984741211,55.209999084472656,54.560001373291016,55.0,402200,VTV
2012-05-16,38.439422607421875,54.45000076293945,55.16999816894531,54.439998626708984,54.959999084472656,321700,VTV
2012-05-17,37.90290069580078,53.689998626708984,54.470001220703125,53.689998626708984,54.43000030517578,520600,VTV
2012-05-18,37.627567291259766,53.29999923706055,53.91999816894531,53.150001525878906,53.849998474121094,857500,VTV
2012-05-21,38.03703308105469,53.880001068115234,53.88999938964844,53.310001373291016,53.459999084472656,483300,VTV
2012-05-22,38.12173843383789,54.0,54.41999816894531,53.70000076293945,54.02000045776367,414000,VTV
2012-05-23,38.051151275634766,53.900001525878906,53.93000030517578,53.029998779296875,53.66999816894531,440000,VTV
2012-05-24,38.206451416015625,54.119998931884766,54.209999084472656,53.66999816894531,54.099998474121094,337600,VTV
2012-05-25,38.149986267089844,54.040000915527344,54.310001373291016,53.900001525878906,54.119998931884766,342500,VTV
2012-05-29,38.51707458496094,54.560001373291016,54.65999984741211,54.25,54.470001220703125,475600,VTV
2012-05-30,37.98054504394531,53.79999923706055,54.16999816894531,53.689998626708984,54.15999984741211,323500,VTV
2012-05-31,37.959373474121094,53.77000045776367,54.15999984741211,53.279998779296875,53.79999923706055,393600,VTV
2012-06-01,37.06281280517578,52.5,53.099998474121094,52.470001220703125,52.970001220703125,518800,VTV
2012-06-04,36.92160415649414,52.29999923706055,52.65999984741211,51.970001220703125,52.599998474121094,736600,VTV
2012-06-05,37.23929214477539,52.75,52.810001373291016,52.15999984741211,52.20000076293945,442800,VTV
2012-06-06,38.086456298828125,53.95000076293945,53.95000076293945,53.09000015258789,53.119998931884766,1405300,VTV
2012-06-07,38.135868072509766,54.02000045776367,54.619998931884766,53.959999084472656,54.560001373291016,397500,VTV
2012-06-08,38.439422607421875,54.45000076293945,54.470001220703125,53.77000045776367,53.90999984741211,555000,VTV
2012-06-11,38.0087890625,53.84000015258789,54.9900016784668,53.779998779296875,54.970001220703125,438100,VTV
2012-06-12,38.4323616027832,54.439998626708984,54.470001220703125,53.75,53.959999084472656,718900,VTV
2012-06-13,38.27703857421875,54.220001220703125,54.65999984741211,54.02000045776367,54.25,2403100,VTV
2012-06-14,38.7218017578125,54.849998474121094,55.060001373291016,54.22999954223633,54.310001373291016,358100,VTV
2012-06-15,39.09596252441406,55.380001068115234,55.40999984741211,54.97999954223633,55.09000015258789,259400,VTV
2012-06-18,39.03242492675781,55.290000915527344,55.45000076293945,55.02000045776367,55.09000015258789,364500,VTV
2012-06-19,39.44894027709961,55.880001068115234,56.099998474121094,55.47999954223633,55.630001068115234,334600,VTV
2012-06-20,39.38540267944336,55.790000915527344,56.060001373291016,55.43000030517578,55.88999938964844,454500,VTV
2012-06-21,38.60884475708008,54.689998626708984,56.029998779296875,54.630001068115234,55.91999816894531,254500,VTV
2012-06-22,38.841827392578125,55.02000045776367,55.15999984741211,54.77000045776367,54.97999954223633,339400,VTV
2012-06-25,38.214744567871094,53.75,54.060001373291016,53.560001373291016,54.060001373291016,321700,VTV
2012-06-26,38.40670394897461,54.02000045776367,54.220001220703125,53.619998931884766,53.869998931884766,516700,VTV
2012-06-27,38.811946868896484,54.59000015258789,54.689998626708984,54.15999984741211,54.220001220703125,811100,VTV
2012-06-28,38.84040069580078,54.630001068115234,54.65999984741211,53.95000076293945,54.25,438700,VTV
2012-06-29,39.77177047729492,55.939998626708984,55.939998626708984,55.45000076293945,55.650001525878906,473700,VTV
2012-07-02,39.82866668701172,56.02000045776367,56.25,55.61000061035156,56.08000183105469,367400,VTV
2012-07-03,40.05616760253906,56.34000015258789,56.400001525878906,55.9900016784668,56.029998779296875,395000,VTV
2012-07-05,39.75044250488281,55.90999984741211,56.2400016784668,55.77000045776367,56.06999969482422,390200,VTV
2012-07-06,39.458953857421875,55.5,55.56999969482422,55.2599983215332,55.40999984741211,315400,VTV
2012-07-09,39.35940170288086,55.36000061035156,55.5,55.11000061035156,55.40999984741211,268600,VTV
2012-07-10,39.04657745361328,54.91999816894531,55.709999084472656,54.75,55.65999984741211,2851500,VTV
2012-07-11,39.174556732177734,55.099998474121094,55.2400016784668,54.83000183105469,54.939998626708984,468800,VTV
2012-07-12,39.01814651489258,54.880001068115234,55.08000183105469,54.560001373291016,54.77000045776367,466200,VTV
2012-07-13,39.658016204833984,55.779998779296875,55.84000015258789,54.959999084472656,55.02000045776367,348600,VTV
2012-07-16,39.59403610229492,55.689998626708984,55.84000015258789,55.459999084472656,55.650001525878906,359400,VTV
2012-07-17,39.935298919677734,56.16999816894531,56.2400016784668,55.38999938964844,55.939998626708984,341800,VTV
2012-07-18,40.1414794921875,56.459999084472656,56.54999923706055,55.939998626708984,56.02000045776367,1114400,VTV
2012-07-19,40.063270568847656,56.349998474121094,56.5099983215332,56.189998626708984,56.4900016784668,309500,VTV
2012-07-20,39.73622512817383,55.88999938964844,56.08000183105469,55.81999969482422,56.0099983215332,344100,VTV
2012-07-23,39.40208435058594,55.41999816894531,55.5099983215332,54.93000030517578,55.150001525878906,379900,VTV
2012-07-24,39.01814651489258,54.880001068115234,55.41999816894531,54.47999954223633,55.41999816894531,430000,VTV
2012-07-25,39.075016021728516,54.959999084472656,55.20000076293945,54.72999954223633,55.09000015258789,428100,VTV
2012-07-26,39.66512680053711,55.790000915527344,55.93000030517578,55.5,55.72999954223633,411500,VTV
2012-07-27,40.383209228515625,56.79999923706055,56.970001220703125,56.040000915527344,56.18000030517578,619200,VTV
2012-07-30,40.36188507080078,56.77000045776367,57.0099983215332,56.619998931884766,56.709999084472656,1123300,VTV
2012-07-31,40.241004943847656,56.599998474121094,56.90999984741211,56.560001373291016,56.65999984741211,396700,VTV
2012-08-01,40.12725830078125,56.439998626708984,56.869998931884766,56.40999984741211,56.84000015258789,546100,VTV
2012-08-02,39.74333953857422,55.900001525878906,56.27000045776367,55.47999954223633,56.040000915527344,483100,VTV
2012-08-03,40.51830291748047,56.9900016784668,57.130001068115234,56.68000030517578,56.849998474121094,330300,VTV
2012-08-06,40.58229064941406,57.08000183105469,57.34000015258789,57.08000183105469,57.150001525878906,646600,VTV
2012-08-07,40.73869705200195,57.29999923706055,57.540000915527344,57.29999923706055,57.34000015258789,332500,VTV
2012-08-08,40.845333099365234,57.45000076293945,57.4900016784668,57.130001068115234,57.150001525878906,347200,VTV
2012-08-09,40.888004302978516,57.5099983215332,57.630001068115234,57.34000015258789,57.34000015258789,313100,VTV
2012-08-10,40.98753356933594,57.650001525878906,57.68000030517578,57.150001525878906,57.2599983215332,237500,VTV
2012-08-13,40.89511489868164,57.52000045776367,57.630001068115234,57.310001373291016,57.59000015258789,261000,VTV
2012-08-14,40.89511489868164,57.52000045776367,57.79999923706055,57.369998931884766,57.7400016784668,481600,VTV
2012-08-15,40.9022216796875,57.529998779296875,57.650001525878906,57.40999984741211,57.40999984741211,236800,VTV
2012-08-16,41.12263107299805,57.84000015258789,57.95000076293945,57.439998626708984,57.650001525878906,247200,VTV
2012-08-17,41.136844635009766,57.86000061035156,57.9900016784668,57.75,57.91999816894531,250300,VTV
2012-08-20,41.17238235473633,57.90999984741211,57.90999984741211,57.689998626708984,57.810001373291016,299400,VTV
2012-08-21,41.08708572387695,57.790000915527344,58.290000915527344,57.66999816894531,58.0099983215332,291500,VTV
2012-08-22,41.0159797668457,57.689998626708984,57.77000045776367,57.38999938964844,57.59000015258789,505500,VTV
2012-08-23,40.68893051147461,57.22999954223633,57.58000183105469,57.15999984741211,57.58000183105469,269900,VTV
2012-08-24,40.9306526184082,57.56999969482422,57.68000030517578,57.040000915527344,57.11000061035156,403700,VTV
2012-08-27,40.87377166748047,57.4900016784668,57.70000076293945,57.43000030517578,57.65999984741211,386100,VTV
2012-08-28,40.86667251586914,57.47999954223633,57.66999816894531,57.310001373291016,57.349998474121094,387000,VTV
2012-08-29,40.888004302978516,57.5099983215332,57.689998626708984,57.400001525878906,57.529998779296875,263400,VTV
2012-08-30,40.64625549316406,57.16999816894531,57.31999969482422,56.9900016784668,57.279998779296875,291900,VTV
2012-08-31,40.838226318359375,57.439998626708984,57.65999984741211,57.209999084472656,57.5,393200,VTV
2012-09-04,40.7529182434082,57.31999969482422,57.5099983215332,57.040000915527344,57.38999938964844,415600,VTV
2012-09-05,40.78844451904297,57.369998931884766,57.529998779296875,57.27000045776367,57.38999938964844,447600,VTV
2012-09-06,41.61318588256836,58.529998779296875,58.529998779296875,57.720001220703125,57.720001220703125,619700,VTV
2012-09-07,41.85490798950195,58.869998931884766,58.869998931884766,58.540000915527344,58.63999938964844,451200,VTV
2012-09-10,41.655853271484375,58.59000015258789,58.91999816894531,58.56999969482422,58.75,270000,VTV
2012-09-11,41.819374084472656,58.81999969482422,58.959999084472656,58.619998931884766,58.66999816894531,286400,VTV
2012-09-12,41.91179275512695,58.95000076293945,59.06999969482422,58.84000015258789,59.029998779296875,233400,VTV
2012-09-13,42.594337463378906,59.90999984741211,60.029998779296875,58.810001373291016,58.959999084472656,398100,VTV
2012-09-14,42.70808792114258,60.06999969482422,60.47999954223633,59.880001068115234,60.02000045776367,331300,VTV
2012-09-17,42.46635437011719,59.72999954223633,60.029998779296875,59.61000061035156,59.90999984741211,266400,VTV
2012-09-18,42.40947723388672,59.650001525878906,59.72999954223633,59.5,59.66999816894531,290100,VTV
2012-09-19,42.44501876831055,59.70000076293945,59.900001525878906,59.59000015258789,59.75,268600,VTV
2012-09-20,42.49479293823242,59.77000045776367,59.81999969482422,59.220001220703125,59.380001068115234,316100,VTV
2012-09-21,42.49479293823242,59.77000045776367,60.08000183105469,59.75,60.08000183105469,274400,VTV
2012-09-24,42.48619842529297,59.369998931884766,59.529998779296875,59.11000061035156,59.150001525878906,366300,VTV
2012-09-25,42.099796295166016,58.83000183105469,59.63999938964844,58.79999923706055,59.56999969482422,1027400,VTV
2012-09-26,41.90655517578125,58.560001373291016,58.81999969482422,58.41999816894531,58.779998779296875,698600,VTV
2012-09-27,42.20710372924805,58.97999954223633,59.119998931884766,58.619998931884766,58.810001373291016,309700,VTV
2012-09-28,42.02104949951172,58.720001220703125,58.939998626708984,58.52000045776367,58.790000915527344,411100,VTV
2012-10-01,42.14270782470703,58.88999938964844,59.400001525878906,58.79999923706055,58.97999954223633,320100,VTV
2012-10-02,42.23573684692383,59.02000045776367,59.2599983215332,58.779998779296875,59.16999816894531,305800,VTV
2012-10-03,42.357398986816406,59.189998626708984,59.38999938964844,58.869998931884766,59.189998626708984,346100,VTV
2012-10-04,42.75098419189453,59.7400016784668,59.75,59.38999938964844,59.459999084472656,442000,VTV
2012-10-05,42.815399169921875,59.83000183105469,60.18000030517578,59.650001525878906,60.060001373291016,271800,VTV
2012-10-08,42.736671447753906,59.720001220703125,59.790000915527344,59.540000915527344,59.599998474121094,232000,VTV
2012-10-09,42.414649963378906,59.27000045776367,59.81999969482422,59.25,59.720001220703125,377600,VTV
2012-10-10,42.135555267333984,58.880001068115234,59.22999954223633,58.720001220703125,59.220001220703125,551200,VTV
2012-10-11,42.185646057128906,58.95000076293945,59.33000183105469,58.95000076293945,59.2400016784668,229200,VTV
2012-10-12,41.935176849365234,58.599998474121094,59.029998779296875,58.45000076293945,58.90999984741211,305100,VTV
2012-10-15,42.2786865234375,59.08000183105469,59.13999938964844,58.58000183105469,58.7400016784668,484800,VTV
2012-10-16,42.65795135498047,59.61000061035156,59.66999816894531,59.369998931884766,59.400001525878906,640800,VTV
2012-10-17,43.03007125854492,60.130001068115234,60.15999984741211,59.720001220703125,59.7400016784668,487400,VTV
2012-10-18,43.123111724853516,60.2599983215332,60.400001525878906,59.9900016784668,60.0,362800,VTV
2012-10-19,42.47905731201172,59.36000061035156,60.11000061035156,59.20000076293945,60.11000061035156,263400,VTV
2012-10-22,42.42180633544922,59.279998779296875,59.400001525878906,58.81999969482422,59.290000915527344,869700,VTV
2012-10-23,41.78489303588867,58.38999938964844,58.619998931884766,58.099998474121094,58.619998931884766,439400,VTV
2012-10-24,41.69187927246094,58.2599983215332,58.63999938964844,58.189998626708984,58.56999969482422,388600,VTV
2012-10-25,41.8779411315918,58.52000045776367,58.81999969482422,58.16999816894531,58.75,257200,VTV
2012-10-26,41.77058410644531,58.369998931884766,58.619998931884766,58.08000183105469,58.459999084472656,711000,VTV
2012-10-31,41.856468200683594,58.4900016784668,58.7400016784668,58.18000030517578,58.650001525878906,905400,VTV
2012-11-01,42.25722122192383,59.04999923706055,59.08000183105469,58.540000915527344,58.58000183105469,279800,VTV
2012-11-02,41.89224624633789,58.540000915527344,59.38999938964844,58.47999954223633,59.38999938964844,265600,VTV
2012-11-05,41.92802810668945,58.59000015258789,58.70000076293945,58.220001220703125,58.45000076293945,444900,VTV
2012-11-06,42.300148010253906,59.11000061035156,59.310001373291016,58.709999084472656,58.7400016784668,326600,VTV
2012-11-07,41.24102783203125,57.630001068115234,58.529998779296875,57.36000061035156,58.529998779296875,732800,VTV
2012-11-08,40.804500579833984,57.02000045776367,57.95000076293945,57.02000045776367,57.65999984741211,556200,VTV
2012-11-09,40.818817138671875,57.040000915527344,57.52000045776367,56.75,56.810001373291016,612100,VTV
2012-11-12,40.790191650390625,57.0,57.22999954223633,56.93000030517578,57.16999816894531,562000,VTV
2012-11-13,40.58266830444336,56.709999084472656,57.349998474121094,56.599998474121094,56.72999954223633,984900,VTV
2012-11-14,40.03880310058594,55.95000076293945,56.95000076293945,55.779998779296875,56.880001068115234,728600,VTV
2012-11-15,39.92429733276367,55.790000915527344,56.150001525878906,55.59000015258789,55.939998626708984,520600,VTV
2012-11-16,40.1318244934082,56.08000183105469,56.15999984741211,55.400001525878906,55.810001373291016,568100,VTV
2012-11-19,40.82597351074219,57.04999923706055,57.04999923706055,56.4900016784668,56.689998626708984,575800,VTV
2012-11-20,40.861751556396484,57.099998474121094,57.18000030517578,56.650001525878906,56.959999084472656,632300,VTV
2012-11-21,40.95478820800781,57.22999954223633,57.25,57.029998779296875,57.189998626708984,421500,VTV
2012-11-23,41.455726623535156,57.93000030517578,57.93000030517578,57.459999084472656,57.4900016784668,275500,VTV
2012-11-26,41.34838104248047,57.779998779296875,57.779998779296875,57.470001220703125,57.65999984741211,892800,VTV
2012-11-27,41.10506820678711,57.439998626708984,57.88999938964844,57.38999938964844,57.72999954223633,871000,VTV
2012-11-28,41.44141387939453,57.90999984741211,57.93000030517578,56.900001525878906,57.20000076293945,749500,VTV
2012-11-29,41.58452224731445,58.11000061035156,58.27000045776367,57.810001373291016,58.119998931884766,959600,VTV
2012-11-30,41.54876708984375,58.060001373291016,58.25,57.91999816894531,58.11000061035156,616200,VTV
2012-12-03,41.41278076171875,57.869998931884766,58.45000076293945,57.810001373291016,58.400001525878906,611600,VTV
2012-12-04,41.36985397338867,57.810001373291016,58.09000015258789,57.68000030517578,57.900001525878906,482800,VTV
2012-12-05,41.684715270996094,58.25,58.47999954223633,57.75,57.90999984741211,907400,VTV
2012-12-06,41.81354522705078,58.43000030517578,58.45000076293945,58.15999984741211,58.279998779296875,729600,VTV
2012-12-07,42.03535842895508,58.7400016784668,58.7599983215332,58.369998931884766,58.63999938964844,453000,VTV
2012-12-10,42.08545684814453,58.810001373291016,58.900001525878906,58.66999816894531,58.709999084472656,414300,VTV
2012-12-11,42.32876968383789,59.150001525878906,59.369998931884766,58.970001220703125,58.970001220703125,706300,VTV
2012-12-12,42.428955078125,59.290000915527344,59.709999084472656,59.20000076293945,59.400001525878906,531200,VTV
2012-12-13,42.15701675415039,58.90999984741211,59.349998474121094,58.77000045776367,59.2599983215332,723400,VTV
2012-12-14,42.06399917602539,58.779998779296875,58.959999084472656,58.709999084472656,58.86000061035156,738500,VTV
2012-12-17,42.543453216552734,59.45000076293945,59.45000076293945,58.970001220703125,59.040000915527344,1299300,VTV
2012-12-18,43.00861358642578,60.099998474121094,60.16999816894531,59.38999938964844,59.61000061035156,1190700,VTV
2012-12-19,42.722373962402344,59.70000076293945,60.220001220703125,59.66999816894531,60.220001220703125,1097800,VTV
2012-12-20,43.00861358642578,60.099998474121094,60.11000061035156,59.630001068115234,59.72999954223633,480800,VTV
2012-12-21,42.615028381347656,59.54999923706055,59.689998626708984,59.189998626708984,59.290000915527344,989200,VTV
2012-12-24,42.44908142089844,58.83000183105469,58.93000030517578,58.720001220703125,58.93000030517578,323000,VTV
2012-12-26,42.33361053466797,58.66999816894531,59.0099983215332,58.56999969482422,58.939998626708984,556700,VTV
2012-12-27,42.23980712890625,58.540000915527344,58.810001373291016,57.88999938964844,58.72999954223633,511800,VTV
2012-12-28,41.763587951660156,57.880001068115234,58.470001220703125,57.869998931884766,58.150001525878906,624400,VTV
2012-12-31,42.42741394042969,58.79999923706055,58.83000183105469,57.72999954223633,57.77000045776367,1039000,VTV
2013-01-02,43.48088455200195,60.2599983215332,60.2599983215332,59.75,60.130001068115234,919700,VTV
2013-01-03,43.430355072021484,60.189998626708984,60.40999984741211,60.060001373291016,60.29999923706055,1946200,VTV
2013-01-04,43.7262077331543,60.599998474121094,60.68000030517578,60.22999954223633,60.36000061035156,591600,VTV
2013-01-07,43.58912658691406,60.40999984741211,60.47999954223633,60.18000030517578,60.47999954223633,1060200,VTV
2013-01-08,43.437599182128906,60.20000076293945,60.369998931884766,60.0099983215332,60.34000015258789,458100,VTV
2013-01-09,43.56747055053711,60.380001068115234,60.540000915527344,60.220001220703125,60.36000061035156,3434900,VTV
2013-01-10,43.94989013671875,60.90999984741211,60.93000030517578,60.4900016784668,60.709999084472656,4039200,VTV
2013-01-11,43.913822174072266,60.86000061035156,60.88999938964844,60.63999938964844,60.88999938964844,2220800,VTV
2013-01-14,43.957115173339844,60.91999816894531,60.95000076293945,60.66999816894531,60.880001068115234,1179800,VTV
2013-01-15,44.06536102294922,61.06999969482422,61.11000061035156,60.66999816894531,60.70000076293945,755600,VTV
2013-01-16,44.029258728027344,61.02000045776367,61.09000015258789,60.86000061035156,60.939998626708984,453700,VTV
2013-01-17,44.29624938964844,61.38999938964844,61.560001373291016,61.15999984741211,61.25,1154100,VTV
2013-01-18,44.42611312866211,61.56999969482422,61.61000061035156,61.20000076293945,61.38999938964844,609000,VTV
2013-01-22,44.69309997558594,61.939998626708984,61.970001220703125,61.459999084472656,61.560001373291016,485400,VTV
2013-01-23,44.67143630981445,61.90999984741211,61.970001220703125,61.66999816894531,61.970001220703125,532000,VTV
2013-01-24,44.86627197265625,62.18000030517578,62.45000076293945,62.029998779296875,62.029998779296875,750600,VTV
2013-01-25,45.14046096801758,62.560001373291016,62.560001373291016,62.20000076293945,62.439998626708984,483300,VTV
2013-01-28,45.07550811767578,62.470001220703125,62.689998626708984,62.2400016784668,62.689998626708984,467800,VTV
2013-01-29,45.39299774169922,62.90999984741211,62.970001220703125,62.40999984741211,62.439998626708984,531400,VTV
2013-01-30,45.24147033691406,62.70000076293945,62.97999954223633,62.61000061035156,62.959999084472656,530500,VTV
2013-01-31,45.12603759765625,62.540000915527344,62.709999084472656,62.45000076293945,62.56999969482422,466200,VTV
2013-02-01,45.5589485168457,63.13999938964844,63.20000076293945,62.790000915527344,62.939998626708984,426600,VTV
2013-02-04,45.12603759765625,62.540000915527344,62.83000183105469,62.4900016784668,62.79999923706055,821000,VTV
2013-02-05,45.52287673950195,63.09000015258789,63.279998779296875,62.880001068115234,62.880001068115234,479200,VTV
2013-02-06,45.61669158935547,63.220001220703125,63.220001220703125,62.790000915527344,62.849998474121094,761200,VTV
2013-02-07,45.465152740478516,63.0099983215332,63.27000045776367,62.61000061035156,63.220001220703125,969300,VTV
2013-02-08,45.64554214477539,63.2599983215332,63.27000045776367,63.060001373291016,63.060001373291016,714200,VTV
2013-02-11,45.681636810302734,63.310001373291016,63.36000061035156,63.130001068115234,63.2400016784668,1028300,VTV
2013-02-12,45.869232177734375,63.56999969482422,63.65999984741211,63.2599983215332,63.33000183105469,1082900,VTV
2013-02-13,45.92695617675781,63.650001525878906,63.79999923706055,63.459999084472656,63.70000076293945,3332800,VTV
2013-02-14,45.99909973144531,63.75,63.790000915527344,63.36000061035156,63.459999084472656,418400,VTV
2013-02-15,45.876441955566406,63.58000183105469,63.849998474121094,63.38999938964844,63.84000015258789,1836800,VTV
2013-02-19,46.29494857788086,64.16000366210938,64.18000030517578,63.7400016784668,63.7400016784668,752000,VTV
2013-02-20,45.72492218017578,63.369998931884766,64.16000366210938,63.349998474121094,64.12000274658203,1778100,VTV
2013-02-21,45.465152740478516,63.0099983215332,63.25,62.77000045776367,63.20000076293945,1081600,VTV
2013-02-22,45.85479736328125,63.54999923706055,63.54999923706055,63.130001068115234,63.33000183105469,650600,VTV
2013-02-25,44.95285415649414,62.29999923706055,63.959999084472656,62.29999923706055,63.869998931884766,825500,VTV
2013-02-26,45.24869155883789,62.709999084472656,62.790000915527344,62.18000030517578,62.619998931884766,757100,VTV
2013-02-27,45.84758758544922,63.540000915527344,63.65999984741211,62.619998931884766,62.709999084472656,469200,VTV
2013-02-28,45.71770095825195,63.36000061035156,63.900001525878906,63.36000061035156,63.560001373291016,489700,VTV
2013-03-01,45.90529251098633,63.619998931884766,63.66999816894531,62.880001068115234,63.189998626708984,646700,VTV
2013-03-04,46.11455154418945,63.90999984741211,63.90999984741211,63.36000061035156,63.47999954223633,718700,VTV
2013-03-05,46.48976516723633,64.43000030517578,64.62999725341797,64.2699966430664,64.29000091552734,558100,VTV
2013-03-06,46.65571975708008,64.66000366210938,64.80000305175781,64.44999694824219,64.68000030517578,528200,VTV
2013-03-07,46.771183013916016,64.81999969482422,64.9000015258789,64.72000122070312,64.7699966430664,498600,VTV
2013-03-08,46.92991638183594,65.04000091552734,65.16999816894531,64.75,65.12000274658203,717500,VTV
2013-03-11,47.1247444152832,65.30999755859375,65.33999633789062,64.9000015258789,65.05000305175781,525500,VTV
2013-03-12,47.08865737915039,65.26000213623047,65.44000244140625,65.05999755859375,65.30000305175781,661000,VTV
2013-03-13,47.13916778564453,65.33000183105469,65.38999938964844,65.08000183105469,65.29000091552734,494000,VTV
2013-03-14,47.42778015136719,65.7300033569336,65.75,65.4800033569336,65.4800033569336,872600,VTV
2013-03-15,47.40613555908203,65.69999694824219,65.73999786376953,65.38999938964844,65.61000061035156,1176600,VTV
2013-03-18,47.1319465637207,65.31999969482422,65.61000061035156,64.9800033569336,65.08000183105469,771300,VTV
2013-03-19,47.02369689941406,65.16999816894531,65.54000091552734,64.79000091552734,65.45999908447266,508900,VTV
2013-03-20,47.333980560302734,65.5999984741211,65.72000122070312,65.45999908447266,65.55000305175781,2369800,VTV
2013-03-21,47.01649856567383,65.16000366210938,65.48999786376953,64.97000122070312,65.26000213623047,842300,VTV
2013-03-22,47.23280715942383,65.06999969482422,65.11000061035156,64.80999755859375,64.87999725341797,530500,VTV
2013-03-25,47.087623596191406,64.87000274658203,65.4000015258789,64.61000061035156,65.30999755859375,1448500,VTV
2013-03-26,47.457847595214844,65.37999725341797,65.38999938964844,65.05000305175781,65.1500015258789,705700,VTV
2013-03-27,47.42154312133789,65.33000183105469,65.37999725341797,64.91000366210938,65.0199966430664,576700,VTV
2013-03-28,47.56672286987305,65.52999877929688,65.6500015258789,65.25,65.37000274658203,621200,VTV
2013-04-01,47.494140625,65.43000030517578,65.68000030517578,65.2300033569336,65.51000213623047,821600,VTV
2013-04-02,47.559452056884766,65.5199966430664,65.77999877929688,65.41999816894531,65.61000061035156,954200,VTV
2013-04-03,47.1021614074707,64.88999938964844,65.66000366210938,64.72000122070312,65.66000366210938,916700,VTV
2013-04-04,47.37798309326172,65.2699966430664,65.30999755859375,64.88999938964844,65.0,2944800,VTV
2013-04-05,47.240074157714844,65.08000183105469,65.11000061035156,64.37000274658203,64.45999908447266,761700,VTV
2013-04-08,47.494140625,65.43000030517578,65.45999908447266,64.83000183105469,65.12999725341797,616300,VTV
2013-04-09,47.74092483520508,65.7699966430664,66.01000213623047,65.41999816894531,65.58000183105469,1020000,VTV
2013-04-10,48.25630187988281,66.4800033569336,66.55000305175781,65.93000030517578,65.94999694824219,811700,VTV
2013-04-11,48.40874099731445,66.69000244140625,66.86000061035156,66.3499984741211,66.45999908447266,1279000,VTV
2013-04-12,48.234527587890625,66.44999694824219,66.56999969482422,66.12999725341797,66.41000366210938,338500,VTV
2013-04-15,47.15297317504883,64.95999908447266,66.1500015258789,64.95999908447266,66.13999938964844,635400,VTV
2013-04-16,47.777217864990234,65.81999969482422,65.83999633789062,65.23999786376953,65.4800033569336,687100,VTV
2013-04-17,47.138450622558594,64.94000244140625,65.4000015258789,64.58000183105469,65.33999633789062,632200,VTV
2013-04-18,46.97150421142578,64.70999908447266,65.11000061035156,64.4800033569336,65.08999633789062,575500,VTV
2013-04-19,47.47235107421875,65.4000015258789,65.43000030517578,64.8499984741211,65.0,789800,VTV
2013-04-22,47.63928985595703,65.62999725341797,65.7699966430664,65.05999755859375,65.54000091552734,755400,VTV
2013-04-23,48.161930084228516,66.3499984741211,66.3499984741211,65.62999725341797,65.88999938964844,600500,VTV
2013-04-24,48.17645263671875,66.37000274658203,66.55999755859375,66.25,66.41999816894531,3376900,VTV
2013-04-25,48.37245559692383,66.63999938964844,66.95999908447266,66.45999908447266,66.63999938964844,657600,VTV
2013-04-26,48.321624755859375,66.56999969482422,66.69999694824219,66.3499984741211,66.55999755859375,359200,VTV
2013-04-29,48.619239807128906,66.9800033569336,67.0999984741211,66.62999725341797,66.7300033569336,356500,VTV
2013-04-30,48.619239807128906,66.9800033569336,67.0199966430664,66.62000274658203,66.95999908447266,416300,VTV
2013-05-01,48.132904052734375,66.30999755859375,66.87000274658203,66.23999786376953,66.87000274658203,475500,VTV
2013-05-02,48.524879455566406,66.8499984741211,66.87000274658203,66.41000366210938,66.48999786376953,441900,VTV
2013-05-03,48.945892333984375,67.43000030517578,67.66000366210938,67.3499984741211,67.41999816894531,337300,VTV
2013-05-06,49.06200408935547,67.58999633789062,67.69000244140625,67.41000366210938,67.44000244140625,538400,VTV
2013-05-07,49.323341369628906,67.94999694824219,67.9800033569336,67.58999633789062,67.73999786376953,487900,VTV
2013-05-08,49.56287384033203,68.27999877929688,68.27999877929688,67.88999938964844,67.91999816894531,404100,VTV
2013-05-09,49.308815002441406,67.93000030517578,68.29000091552734,67.7699966430664,68.25,445600,VTV
2013-05-10,49.454002380371094,68.12999725341797,68.13999938964844,67.7300033569336,68.0,331600,VTV
2013-05-13,49.475772857666016,68.16000366210938,68.20999908447266,67.81999969482422,68.0199966430664,925400,VTV
2013-05-14,50.06374740600586,68.97000122070312,69.04000091552734,68.16999816894531,68.16999816894531,463500,VTV
2013-05-15,50.42666244506836,69.47000122070312,69.62999725341797,68.88999938964844,68.88999938964844,951600,VTV
2013-05-16,50.23067855834961,69.19999694824219,69.58000183105469,69.11000061035156,69.33999633789062,1563500,VTV
2013-05-17,50.72428512573242,69.87999725341797,69.93000030517578,69.38999938964844,69.45999908447266,1167400,VTV
2013-05-20,50.760581970214844,69.93000030517578,70.18000030517578,69.79000091552734,69.81999969482422,576500,VTV
2013-05-21,50.83316421508789,70.02999877929688,70.23999786376953,69.75,69.95999908447266,410400,VTV
2013-05-22,50.46296691894531,69.5199966430664,70.77999877929688,69.2699966430664,70.0999984741211,2698600,VTV
2013-05-23,50.40489959716797,69.44000244140625,69.5999984741211,68.72000122070312,68.83000183105469,811600,VTV
2013-05-24,50.36134338378906,69.37999725341797,69.37999725341797,68.87000274658203,69.13999938964844,1328300,VTV
2013-05-28,50.6879997253418,69.83000183105469,70.4000015258789,69.58999633789062,70.05999755859375,558100,VTV
2013-05-29,50.40489959716797,69.44000244140625,69.6500015258789,69.0199966430664,69.48999786376953,1084900,VTV
2013-05-30,50.63717269897461,69.76000213623047,70.04000091552734,69.44999694824219,69.48999786376953,426500,VTV
2013-05-31,49.87501907348633,68.70999908447266,69.91999816894531,68.6500015258789,69.58000183105469,940200,VTV
2013-06-03,50.18712615966797,69.13999938964844,69.1500015258789,68.4000015258789,68.88999938964844,672800,VTV
2013-06-04,49.94032669067383,68.80000305175781,69.4000015258789,68.44999694824219,69.12999725341797,896400,VTV
2013-06-05,49.26527404785156,67.87000274658203,68.70999908447266,67.80999755859375,68.63999938964844,518800,VTV
2013-06-06,49.75160217285156,68.54000091552734,68.54000091552734,67.4800033569336,67.86000061035156,745600,VTV
2013-06-07,50.36134338378906,69.37999725341797,69.45999908447266,68.79000091552734,68.97000122070312,375100,VTV
2013-06-10,50.41214370727539,69.44999694824219,69.66999816894531,69.22000122070312,69.66999816894531,515700,VTV
2013-06-11,49.91129684448242,68.76000213623047,69.30000305175781,68.63999938964844,68.8499984741211,546800,VTV
2013-06-12,49.584659576416016,68.30999755859375,69.33000183105469,68.2300033569336,69.30000305175781,696600,VTV
2013-06-13,50.303287506103516,69.30000305175781,69.41000366210938,68.0999984741211,68.27999877929688,1503300,VTV
2013-06-14,49.96936798095703,68.83999633789062,69.44000244140625,68.72000122070312,69.16999816894531,2731000,VTV
2013-06-17,50.33955764770508,69.3499984741211,69.6500015258789,68.95999908447266,69.31999969482422,1520400,VTV
2013-06-18,50.69523620605469,69.83999633789062,69.93000030517578,69.38999938964844,69.43000030517578,652300,VTV
2013-06-19,50.00566482543945,68.88999938964844,69.88999938964844,68.87999725341797,69.79000091552734,848800,VTV
2013-06-20,48.81523895263672,67.25,68.30999755859375,67.04000091552734,68.30000305175781,1218700,VTV
2013-06-21,49.00395584106445,67.51000213623047,67.83999633789062,66.8499984741211,67.79000091552734,3129200,VTV
2013-06-24,48.38410568237305,66.2699966430664,66.80999755859375,65.7300033569336,66.48999786376953,886000,VTV
2013-06-25,48.873268127441406,66.94000244140625,67.1500015258789,66.43000030517578,66.88999938964844,758900,VTV
2013-06-26,49.355133056640625,67.5999984741211,67.7300033569336,67.18000030517578,67.5199966430664,1550700,VTV
2013-06-27,49.72748565673828,68.11000061035156,68.36000061035156,67.95999908447266,67.98999786376953,824200,VTV
2013-06-28,49.362422943115234,67.61000061035156,68.16999816894531,67.61000061035156,67.98999786376953,831700,VTV
2013-07-01,49.67637252807617,68.04000091552734,68.54000091552734,67.94000244140625,68.08999633789062,642200,VTV
2013-07-02,49.57416915893555,67.9000015258789,68.41000366210938,67.6500015258789,68.0,660400,VTV
2013-07-03,49.57416915893555,67.9000015258789,68.0199966430664,67.5,67.63999938964844,289300,VTV
2013-07-05,50.129051208496094,68.66000366210938,68.66000366210938,67.9000015258789,68.43000030517578,773900,VTV
2013-07-08,50.494117736816406,69.16000366210938,69.2699966430664,68.94999694824219,69.0,648500,VTV
2013-07-09,50.91026306152344,69.7300033569336,69.80000305175781,69.3499984741211,69.62000274658203,702500,VTV
2013-07-10,50.85185623168945,69.6500015258789,69.91000366210938,69.44999694824219,69.69999694824219,539800,VTV
2013-07-11,51.479740142822266,70.51000213623047,70.58999633789062,70.0999984741211,70.48999786376953,709100,VTV
2013-07-12,51.57466125488281,70.63999938964844,70.69000244140625,70.38999938964844,70.45999908447266,859700,VTV
2013-07-15,51.78639602661133,70.93000030517578,71.0,70.6500015258789,70.7699966430664,2024700,VTV
2013-07-16,51.57466125488281,70.63999938964844,71.01000213623047,70.41999816894531,71.0,1426100,VTV
2013-07-17,51.70606231689453,70.81999969482422,71.05000305175781,70.72000122070312,70.94999694824219,1287000,VTV
2013-07-18,52.100345611572266,71.36000061035156,71.48999786376953,71.0,71.0199966430664,385200,VTV
2013-07-19,52.224456787109375,71.52999877929688,71.52999877929688,71.08999633789062,71.19000244140625,496100,VTV
2013-07-22,52.370487213134766,71.7300033569336,71.79000091552734,71.45999908447266,71.56999969482422,513900,VTV
2013-07-23,52.38508605957031,71.75,71.87999725341797,71.5999984741211,71.87000274658203,751800,VTV
2013-07-24,52.07843017578125,71.33000183105469,71.91999816894531,71.1500015258789,71.91999816894531,646300,VTV
2013-07-25,52.12954330444336,71.4000015258789,71.44000244140625,70.94999694824219,71.05999755859375,723700,VTV
2013-07-26,52.18793487548828,71.4800033569336,71.48999786376953,70.81999969482422,71.08000183105469,351200,VTV
2013-07-29,52.02732467651367,71.26000213623047,71.43000030517578,71.0999984741211,71.33999633789062,639400,VTV
2013-07-30,51.96889114379883,71.18000030517578,71.61000061035156,71.05999755859375,71.54000091552734,598900,VTV
2013-07-31,52.020015716552734,71.25,71.80999755859375,71.19999694824219,71.37999725341797,476400,VTV
2013-08-01,52.63329315185547,72.08999633789062,72.12999725341797,71.80000305175781,71.80000305175781,416700,VTV
2013-08-02,52.662498474121094,72.12999725341797,72.13999938964844,71.79000091552734,71.94000244140625,454700,VTV
2013-08-05,52.55299377441406,71.9800033569336,72.0999984741211,71.8499984741211,71.9800033569336,715400,VTV
2013-08-06,52.23906326293945,71.55000305175781,71.91000366210938,71.41000366210938,71.87999725341797,336000,VTV
2013-08-07,52.085723876953125,71.33999633789062,71.44000244140625,71.11000061035156,71.29000091552734,510200,VTV
2013-08-08,52.3339729309082,71.68000030517578,71.83000183105469,71.30000305175781,71.7300033569336,390100,VTV
2013-08-09,52.16604232788086,71.44999694824219,71.77999877929688,71.19000244140625,71.55000305175781,377500,VTV
2013-08-12,52.100345611572266,71.36000061035156,71.44000244140625,71.0199966430664,71.11000061035156,591600,VTV
2013-08-13,52.19524002075195,71.48999786376953,71.6500015258789,71.08999633789062,71.44999694824219,400500,VTV
2013-08-14,51.925113677978516,71.12000274658203,71.5,71.06999969482422,71.43000030517578,452800,VTV
2013-08-15,51.18040084838867,70.0999984741211,70.58000183105469,69.98999786376953,70.58000183105469,632300,VTV
2013-08-16,51.019775390625,69.87999725341797,70.19000244140625,69.69000244140625,69.94000244140625,914400,VTV
2013-08-19,50.58901596069336,69.29000091552734,69.87000274658203,69.29000091552734,69.7699966430664,475100,VTV
2013-08-20,50.82994842529297,69.62000274658203,69.83000183105469,69.2699966430664,69.38999938964844,636900,VTV
2013-08-21,50.46489715576172,69.12000274658203,69.72000122070312,68.9800033569336,69.44999694824219,898700,VTV
2013-08-22,50.87376022338867,69.68000030517578,69.81999969482422,69.23999786376953,69.27999877929688,446700,VTV
2013-08-23,51.18040084838867,70.0999984741211,70.16000366210938,69.66000366210938,69.91000366210938,471600,VTV
2013-08-26,50.87376022338867,69.68000030517578,70.19999694824219,69.63999938964844,70.19000244140625,757500,VTV
2013-08-27,50.04873275756836,68.55000305175781,69.2300033569336,68.51000213623047,68.9800033569336,1066000,VTV
2013-08-28,50.18013381958008,68.7300033569336,69.0,66.13999938964844,68.52999877929688,367000,VTV
2013-08-29,50.260467529296875,68.83999633789062,69.20999908447266,68.5999984741211,68.5999984741211,586800,VTV
2013-08-30,50.10713195800781,68.62999725341797,68.93000030517578,68.45999908447266,68.93000030517578,352300,VTV
2013-09-03,50.22396469116211,68.79000091552734,69.36000061035156,68.52999877929688,69.31999969482422,418400,VTV
2013-09-04,50.58901596069336,69.29000091552734,69.38999938964844,68.66000366210938,68.75,453800,VTV
2013-09-05,50.64010238647461,69.36000061035156,69.52999877929688,69.25,69.26000213623047,428100,VTV
2013-09-06,50.58901596069336,69.29000091552734,69.70999908447266,68.73999786376953,69.62000274658203,735300,VTV
2013-09-09,51.06357192993164,69.94000244140625,69.97000122070312,69.48999786376953,69.48999786376953,586200,VTV
2013-09-10,51.52354049682617,70.56999969482422,70.58000183105469,70.22000122070312,70.43000030517578,601600,VTV
2013-09-11,51.72798156738281,70.8499984741211,70.8499984741211,70.44000244140625,70.56999969482422,570600,VTV
2013-09-12,51.5162467956543,70.55999755859375,70.87999725341797,70.47000122070312,70.8499984741211,558200,VTV
2013-09-13,51.69147491455078,70.80000305175781,70.83999633789062,70.55999755859375,70.66999816894531,505600,VTV
2013-09-16,52.07843017578125,71.33000183105469,71.62999725341797,71.2300033569336,71.56999969482422,1253900,VTV
2013-09-17,52.28287124633789,71.61000061035156,71.61000061035156,71.38999938964844,71.38999938964844,686000,VTV
2013-09-18,52.81584167480469,72.33999633789062,72.55999755859375,71.31999969482422,71.41999816894531,3798400,VTV
2013-09-19,52.662498474121094,72.12999725341797,72.54000091552734,72.0199966430664,72.44999694824219,485300,VTV
2013-09-20,52.23173522949219,71.54000091552734,72.2300033569336,71.4800033569336,72.2300033569336,389200,VTV
2013-09-23,51.95047378540039,70.73999786376953,70.91999816894531,70.5199966430664,70.88999938964844,361100,VTV
2013-09-24,51.8036003112793,70.54000091552734,70.97000122070312,70.43000030517578,70.69000244140625,491700,VTV
2013-09-25,51.744842529296875,70.45999908447266,70.76000213623047,70.37999725341797,70.55999755859375,540900,VTV
2013-09-26,51.77421569824219,70.5,70.80000305175781,70.26000213623047,70.54000091552734,502200,VTV
2013-09-27,51.56126403808594,70.20999908447266,70.29000091552734,70.02999877929688,70.19000244140625,565400,VTV
2013-09-30,51.2528190612793,69.79000091552734,69.98999786376953,69.55999755859375,69.58999633789062,1049700,VTV
2013-10-01,51.58329391479492,70.23999786376953,70.30000305175781,69.76000213623047,69.76000213623047,866100,VTV
2013-10-02,51.546573638916016,70.19000244140625,70.22000122070312,69.62999725341797,69.86000061035156,367500,VTV
2013-10-03,51.1573486328125,69.66000366210938,70.08999633789062,69.33000183105469,70.08999633789062,394700,VTV
2013-10-04,51.502498626708984,70.12999725341797,70.19000244140625,69.61000061035156,69.79000091552734,700200,VTV
2013-10-07,51.09859085083008,69.58000183105469,69.95999908447266,69.4800033569336,69.55000305175781,309800,VTV
2013-10-08,50.606563568115234,68.91000366210938,69.66000366210938,68.9000015258789,69.61000061035156,498700,VTV
2013-10-09,50.73139190673828,69.08000183105469,69.33000183105469,68.68000030517578,69.05999755859375,567600,VTV
2013-10-10,51.81828689575195,70.55999755859375,70.55999755859375,69.68000030517578,69.83000183105469,674700,VTV
2013-10-11,52.14876174926758,71.01000213623047,71.01000213623047,70.4000015258789,70.4800033569336,613400,VTV
2013-10-14,52.31768035888672,71.23999786376953,71.25,70.45999908447266,70.5199966430664,364000,VTV
2013-10-15,51.92110824584961,70.69999694824219,71.27999877929688,70.58000183105469,71.04000091552734,763800,VTV
2013-10-16,52.65548324584961,71.69999694824219,71.7300033569336,71.01000213623047,71.12999725341797,416500,VTV
2013-10-17,53.1181640625,72.33000183105469,72.33999633789062,71.44999694824219,71.44999694824219,439700,VTV
2013-10-18,53.309112548828125,72.58999633789062,72.63999938964844,72.23999786376953,72.62000274658203,454600,VTV
2013-10-21,53.30173873901367,72.58000183105469,72.70999908447266,72.41000366210938,72.70999908447266,441400,VTV
2013-10-22,53.61021423339844,73.0,73.1500015258789,72.72000122070312,72.75,650500,VTV
2013-10-23,53.360511779785156,72.66000366210938,72.79000091552734,72.45999908447266,72.70999908447266,320600,VTV
2013-10-24,53.43392562866211,72.76000213623047,72.83999633789062,72.5199966430664,72.79000091552734,1331100,VTV
2013-10-25,53.66160202026367,73.06999969482422,73.06999969482422,72.76000213623047,72.88999938964844,274100,VTV
2013-10-28,53.74972152709961,73.19000244140625,73.30999755859375,72.91999816894531,72.9800033569336,600500,VTV
2013-10-29,54.065513610839844,73.62000274658203,73.62000274658203,73.33999633789062,73.37000274658203,340000,VTV
2013-10-30,53.80848693847656,73.2699966430664,73.77999877929688,72.98999786376953,73.75,350000,VTV
2013-10-31,53.602848052978516,72.98999786376953,73.44999694824219,72.94000244140625,73.22000122070312,384300,VTV
2013-11-01,53.77174758911133,73.22000122070312,73.30000305175781,72.77999877929688,73.06999969482422,327800,VTV
2013-11-04,54.02144241333008,73.55999755859375,73.56999969482422,73.23999786376953,73.45999908447266,287600,VTV
2013-11-05,53.88190841674805,73.37000274658203,73.54000091552734,73.1500015258789,73.30999755859375,395200,VTV
2013-11-06,54.28583526611328,73.91999816894531,73.91999816894531,73.58999633789062,73.62999725341797,302000,VTV
2013-11-07,53.65425109863281,73.05999755859375,74.05000305175781,72.98999786376953,74.05000305175781,354800,VTV
2013-11-08,54.39598083496094,74.06999969482422,74.0999984741211,72.93000030517578,72.94000244140625,384200,VTV
2013-11-11,54.432701110839844,74.12000274658203,74.1500015258789,73.95999908447266,74.06999969482422,590200,VTV
2013-11-12,54.25644302368164,73.87999725341797,74.11000061035156,73.6500015258789,73.9800033569336,357100,VTV
2013-11-13,54.653018951416016,74.41999816894531,74.41999816894531,73.52999877929688,73.52999877929688,427700,VTV
2013-11-14,54.92476272583008,74.79000091552734,74.80999755859375,74.31999969482422,74.44000244140625,363900,VTV
2013-11-15,55.152400970458984,75.0999984741211,75.0999984741211,74.76000213623047,74.94999694824219,323200,VTV
2013-11-18,55.00553894042969,74.9000015258789,75.2699966430664,74.75,75.2699966430664,423900,VTV
2013-11-19,54.932098388671875,74.80000305175781,75.08999633789062,74.66000366210938,74.8499984741211,358800,VTV
2013-11-20,54.748504638671875,74.55000305175781,75.11000061035156,74.37999725341797,74.94000244140625,932900,VTV
2013-11-21,55.189117431640625,75.1500015258789,75.23999786376953,74.73999786376953,74.75,395600,VTV
2013-11-22,55.49022674560547,75.55999755859375,75.56999969482422,75.04000091552734,75.19000244140625,1549100,VTV
2013-11-25,55.4461784362793,75.5,75.76000213623047,75.41999816894531,75.70999908447266,826700,VTV
2013-11-26,55.33599853515625,75.3499984741211,75.58999633789062,75.33000183105469,75.56999969482422,378800,VTV
2013-11-27,55.43146514892578,75.4800033569336,75.55000305175781,75.27999877929688,75.44999694824219,457400,VTV
2013-11-29,55.306617736816406,75.30999755859375,75.69999694824219,75.22000122070312,75.48999786376953,261800,VTV
2013-12-02,55.225860595703125,75.19999694824219,75.55999755859375,75.08000183105469,75.31999969482422,550800,VTV
2013-12-03,54.961456298828125,74.83999633789062,75.06999969482422,74.5199966430664,74.95999908447266,562300,VTV
2013-12-04,54.92476272583008,74.79000091552734,75.11000061035156,74.2300033569336,74.54000091552734,598900,VTV
2013-12-05,54.5355224609375,74.26000213623047,74.66000366210938,74.16000366210938,74.54000091552734,873600,VTV
2013-12-06,55.25524139404297,75.23999786376953,75.23999786376953,74.83999633789062,75.01000213623047,312700,VTV
2013-12-09,55.416778564453125,75.45999908447266,75.56999969482422,75.30000305175781,75.44999694824219,381400,VTV
2013-12-10,55.19647979736328,75.16000366210938,75.38999938964844,75.11000061035156,75.2699966430664,378000,VTV
2013-12-11,54.51350402832031,74.2300033569336,75.18000030517578,74.12999725341797,75.18000030517578,363600,VTV
2013-12-12,54.32255554199219,73.97000122070312,74.30000305175781,73.80999755859375,74.19999694824219,568800,VTV
2013-12-13,54.33723449707031,73.98999786376953,74.16000366210938,73.80999755859375,74.13999938964844,916800,VTV
2013-12-16,54.63098907470703,74.38999938964844,74.68000030517578,74.30999755859375,74.37999725341797,1119400,VTV
2013-12-17,54.41801071166992,74.0999984741211,74.48999786376953,73.9800033569336,74.48999786376953,786100,VTV
2013-12-18,55.394737243652344,75.43000030517578,75.44000244140625,73.68000030517578,74.20999908447266,544800,VTV
2013-12-19,55.3506965637207,75.37000274658203,75.41000366210938,75.0199966430664,75.1500015258789,442100,VTV
2013-12-20,55.637107849121094,75.76000213623047,75.8499984741211,75.37000274658203,75.44000244140625,417700,VTV
2013-12-23,55.791316986083984,75.97000122070312,76.02999877929688,75.83000183105469,75.94999694824219,753800,VTV
2013-12-24,55.94802474975586,75.69000244140625,75.69999694824219,75.31999969482422,75.45999908447266,281700,VTV
2013-12-26,56.21415710449219,76.05000305175781,76.11000061035156,75.83000183105469,75.87999725341797,455400,VTV
2013-12-27,56.295448303222656,76.16000366210938,76.26000213623047,76.02999877929688,76.2300033569336,415900,VTV
2013-12-30,56.243690490722656,76.08999633789062,76.23999786376953,75.98999786376953,76.23999786376953,596000,VTV
2013-12-31,56.46543884277344,76.38999938964844,76.44999694824219,76.12000274658203,76.20999908447266,571900,VTV
2014-01-02,55.94802474975586,75.69000244140625,76.16999816894531,75.54000091552734,76.12000274658203,723700,VTV
2014-01-03,55.99977111816406,75.76000213623047,76.02999877929688,75.63999938964844,75.81999969482422,439500,VTV
2014-01-06,55.94802474975586,75.69000244140625,76.18000030517578,75.56999969482422,76.05000305175781,609600,VTV
2014-01-07,56.228919982910156,76.06999969482422,76.20999908447266,75.94000244140625,75.97000122070312,574900,VTV
2014-01-08,56.184574127197266,76.01000213623047,76.08999633789062,75.77999877929688,76.0,657000,VTV
2014-01-09,56.31024169921875,76.18000030517578,76.30999755859375,75.81999969482422,76.26000213623047,423300,VTV
2014-01-10,56.376739501953125,76.2699966430664,76.38999938964844,75.94000244140625,76.30999755859375,442200,VTV
2014-01-13,55.74842071533203,75.41999816894531,76.36000061035156,75.33000183105469,76.1500015258789,499900,VTV
2014-01-14,56.228919982910156,76.06999969482422,76.0999984741211,75.48999786376953,75.69000244140625,406500,VTV
2014-01-15,56.53196716308594,76.4800033569336,76.56999969482422,76.19999694824219,76.26000213623047,798600,VTV
2014-01-16,56.391536712646484,76.29000091552734,76.33000183105469,76.02999877929688,76.31999969482422,722100,VTV
2014-01-17,56.132808685302734,75.94000244140625,76.23999786376953,75.81999969482422,76.16999816894531,470500,VTV
2014-01-21,56.20672607421875,76.04000091552734,76.37000274658203,75.58999633789062,76.37000274658203,571200,VTV
2014-01-22,56.1993522644043,76.02999877929688,76.19999694824219,75.8499984741211,76.19999694824219,407800,VTV
2014-01-23,55.65974807739258,75.30000305175781,75.66000366210938,74.91999816894531,75.66000366210938,781400,VTV
2014-01-24,54.573158264160156,73.83000183105469,74.94999694824219,73.83000183105469,74.9000015258789,1523000,VTV
2014-01-27,54.36618423461914,73.55000305175781,74.08999633789062,73.26000213623047,73.91000366210938,960200,VTV
2014-01-28,54.757938385009766,74.08000183105469,74.20999908447266,73.80999755859375,73.83999633789062,661700,VTV
2014-01-29,54.33662796020508,73.51000213623047,73.98999786376953,73.31999969482422,73.58999633789062,848900,VTV
2014-01-30,54.77273178100586,74.0999984741211,74.26000213623047,73.6500015258789,73.94999694824219,619900,VTV
2014-01-31,54.3809814453125,73.56999969482422,74.0999984741211,73.0999984741211,73.25,1865700,VTV
2014-02-03,53.18350601196289,71.94999694824219,73.69000244140625,71.81999969482422,73.56999969482422,1116700,VTV
2014-02-04,53.41265106201172,72.26000213623047,72.43000030517578,71.94999694824219,72.30999755859375,971900,VTV
2014-02-05,53.34614562988281,72.16999816894531,72.30999755859375,71.63999938964844,72.05999755859375,606000,VTV
2014-02-06,53.94487762451172,72.9800033569336,73.02999877929688,72.26000213623047,72.33000183105469,588400,VTV
2014-02-07,54.61012649536133,73.87999725341797,73.91000366210938,73.12000274658203,73.41999816894531,593800,VTV
2014-02-10,54.61750793457031,73.88999938964844,73.94999694824219,73.55000305175781,73.94999694824219,498400,VTV
2014-02-11,55.260589599609375,74.76000213623047,74.91999816894531,73.87000274658203,74.0,717500,VTV
2014-02-12,55.2753791809082,74.77999877929688,75.08999633789062,74.61000061035156,74.87000274658203,687600,VTV
2014-02-13,55.52669143676758,75.12000274658203,75.12000274658203,74.19000244140625,74.19999694824219,1004100,VTV
2014-02-14,55.888893127441406,75.61000061035156,75.72000122070312,74.9800033569336,75.0,661200,VTV
2014-02-18,55.888893127441406,75.61000061035156,75.73999786376953,75.43000030517578,75.7300033569336,631200,VTV
2014-02-19,55.5045280456543,75.08999633789062,75.97000122070312,75.06999969482422,75.41000366210938,676700,VTV
2014-02-20,55.94062805175781,75.68000030517578,75.80999755859375,75.04000091552734,75.23999786376953,506600,VTV
2014-02-21,55.881500244140625,75.5999984741211,75.94999694824219,75.55000305175781,75.83000183105469,472800,VTV
2014-02-24,56.184574127197266,76.01000213623047,76.4800033569336,75.75,75.76000213623047,801100,VTV
2014-02-25,56.02195358276367,75.79000091552734,76.19000244140625,75.69999694824219,75.9800033569336,472800,VTV
2014-02-26,56.08846664428711,75.87999725341797,76.0999984741211,75.66999816894531,75.98999786376953,540300,VTV
2014-02-27,56.347190856933594,76.2300033569336,76.2300033569336,75.6500015258789,75.77999877929688,428800,VTV
2014-02-28,56.53933334350586,76.48999786376953,76.8499984741211,76.05999755859375,76.2300033569336,450100,VTV
2014-03-03,56.16239547729492,75.9800033569336,76.16000366210938,75.52999877929688,75.83000183105469,581000,VTV
2014-03-04,56.960697174072266,77.05999755859375,77.22000122070312,76.69000244140625,76.7300033569336,929600,VTV
2014-03-05,56.95330810546875,77.05000305175781,77.20999908447266,76.93000030517578,77.08999633789062,858600,VTV
2014-03-06,57.13810729980469,77.30000305175781,77.47000122070312,77.23999786376953,77.30999755859375,445200,VTV
2014-03-07,57.29330825805664,77.51000213623047,77.66000366210938,77.18000030517578,77.62999725341797,576200,VTV
2014-03-10,57.248966217041016,77.44999694824219,77.5,77.02999877929688,77.4000015258789,572500,VTV
2014-03-11,56.91636276245117,77.0,77.58000183105469,76.8499984741211,77.58000183105469,1362100,VTV
2014-03-12,56.90895080566406,76.98999786376953,77.04000091552734,76.56999969482422,76.5999984741211,1193100,VTV
2014-03-13,56.406307220458984,76.30999755859375,77.30999755859375,76.12000274658203,77.26000213623047,771200,VTV
2014-03-14,56.28064727783203,76.13999938964844,76.61000061035156,76.04000091552734,76.12000274658203,1030900,VTV
2014-03-17,56.79806900024414,76.83999633789062,76.95999908447266,76.51000213623047,76.55000305175781,671500,VTV
2014-03-18,57.19721603393555,77.37999725341797,77.45999908447266,76.91999816894531,76.93000030517578,657200,VTV
2014-03-19,56.91636276245117,77.0,77.5,76.52999877929688,77.41000366210938,760800,VTV
2014-03-20,57.374629974365234,77.62000274658203,77.66999816894531,76.81999969482422,76.88999938964844,637900,VTV
2014-03-21,57.308101654052734,77.52999877929688,78.25,77.47000122070312,77.80999755859375,1093500,VTV
2014-03-24,57.19721603393555,77.37999725341797,77.91000366210938,77.0999984741211,77.79000091552734,1626900,VTV
2014-03-25,57.554012298583984,77.43000030517578,77.51000213623047,77.02999877929688,77.31999969482422,643300,VTV
2014-03-26,57.27155303955078,77.05000305175781,77.83999633789062,77.04000091552734,77.80000305175781,794200,VTV
2014-03-27,57.18234634399414,76.93000030517578,77.18000030517578,76.70999908447266,76.94999694824219,720100,VTV
2014-03-28,57.516845703125,77.37999725341797,77.68000030517578,77.16000366210938,77.20999908447266,470800,VTV
2014-03-31,58.05946731567383,78.11000061035156,78.16999816894531,77.81999969482422,77.91000366210938,782400,VTV
2014-04-01,58.23785400390625,78.3499984741211,78.41000366210938,78.05000305175781,78.36000061035156,988600,VTV
2014-04-02,58.45341491699219,78.63999938964844,78.72000122070312,78.22000122070312,78.47000122070312,808200,VTV
2014-04-03,58.48316955566406,78.68000030517578,78.79000091552734,78.45999908447266,78.79000091552734,725200,VTV
2014-04-04,58.00743865966797,78.04000091552734,79.1500015258789,77.94000244140625,79.11000061035156,695900,VTV
2014-04-07,57.39792251586914,77.22000122070312,77.95999908447266,77.19000244140625,77.86000061035156,708900,VTV
2014-04-08,57.539154052734375,77.41000366210938,77.52999877929688,76.86000061035156,77.26000213623047,662700,VTV
2014-04-09,58.02973175048828,78.06999969482422,78.06999969482422,77.31999969482422,77.6500015258789,1654600,VTV
2014-04-10,56.989105224609375,76.66999816894531,78.12000274658203,76.61000061035156,78.06999969482422,1013200,VTV
2014-04-11,56.557979583740234,76.08999633789062,76.77999877929688,76.0199966430664,76.19999694824219,1099100,VTV
2014-04-14,56.95193099975586,76.62000274658203,76.69999694824219,76.0199966430664,76.63999938964844,713300,VTV
2014-04-15,57.345882415771484,77.1500015258789,77.18000030517578,76.18000030517578,76.72000122070312,896300,VTV
2014-04-16,57.86617660522461,77.8499984741211,77.8499984741211,77.33999633789062,77.66999816894531,1251100,VTV
2014-04-17,57.98513412475586,78.01000213623047,78.19000244140625,77.70999908447266,77.80999755859375,608300,VTV
2014-04-21,58.11891555786133,78.19000244140625,78.19000244140625,77.94999694824219,78.05999755859375,644300,VTV
2014-04-22,58.2750129699707,78.4000015258789,78.61000061035156,78.11000061035156,78.2300033569336,759000,VTV
2014-04-23,58.28986740112305,78.41999816894531,78.5,78.29000091552734,78.45999908447266,882800,VTV
2014-04-24,58.260135650634766,78.37999725341797,78.70999908447266,78.12999725341797,78.62000274658203,2393100,VTV
2014-04-25,57.962833404541016,77.9800033569336,78.27999877929688,77.80999755859375,78.19999694824219,683900,VTV
2014-04-28,58.185813903808594,78.27999877929688,78.5,77.58999633789062,78.25,1820500,VTV
2014-04-29,58.38650894165039,78.55000305175781,78.6500015258789,78.37999725341797,78.51000213623047,430000,VTV
2014-04-30,58.5574951171875,78.77999877929688,78.80000305175781,78.4000015258789,78.44999694824219,623600,VTV
2014-05-01,58.423667907714844,78.5999984741211,78.76000213623047,78.41000366210938,78.55999755859375,468300,VTV
2014-05-02,58.32705307006836,78.47000122070312,78.91999816894531,78.36000061035156,78.66999816894531,1161400,VTV
2014-05-05,58.252723693847656,78.37000274658203,78.4800033569336,77.83999633789062,78.12999725341797,465500,VTV
2014-05-06,57.836456298828125,77.80999755859375,78.26000213623047,77.77999877929688,78.23999786376953,522200,VTV
2014-05-07,58.39394760131836,78.55999755859375,78.56999969482422,77.77999877929688,78.16999816894531,1102600,VTV
2014-05-08,58.32705307006836,78.47000122070312,78.91000366210938,78.2300033569336,78.51000213623047,898800,VTV
2014-05-09,58.34937286376953,78.5,78.56999969482422,78.12000274658203,78.47000122070312,988000,VTV
2014-05-12,58.795318603515625,79.0999984741211,79.12000274658203,78.80000305175781,78.86000061035156,478200,VTV
2014-05-13,58.90681076049805,79.25,79.33999633789062,79.1500015258789,79.19000244140625,692900,VTV
2014-05-14,58.66154479980469,78.91999816894531,79.2699966430664,78.80999755859375,79.26000213623047,591400,VTV
2014-05-15,58.11146926879883,78.18000030517578,78.7300033569336,77.9000015258789,78.68000030517578,616300,VTV
2014-05-16,58.2081184387207,78.30999755859375,78.37999725341797,77.9000015258789,78.37999725341797,476500,VTV
2014-05-19,58.364219665527344,78.5199966430664,78.55999755859375,78.04000091552734,78.04000091552734,659300,VTV
2014-05-20,57.97769546508789,78.0,78.44999694824219,77.80000305175781,78.37999725341797,702200,VTV
2014-05-21,58.438533782958984,78.62000274658203,78.66000366210938,78.29000091552734,78.31999969482422,1930800,VTV
2014-05-22,58.53517150878906,78.75,78.87000274658203,78.48999786376953,78.69000244140625,365300,VTV
2014-05-23,58.67638397216797,78.94000244140625,79.0199966430664,78.79000091552734,78.83999633789062,436600,VTV
2014-05-27,58.93655776977539,79.29000091552734,79.36000061035156,79.1500015258789,79.31999969482422,594200,VTV
2014-05-28,58.951419830322266,79.30999755859375,79.51000213623047,79.19999694824219,79.33000183105469,540400,VTV
2014-05-29,59.2264289855957,79.68000030517578,79.69000244140625,79.2699966430664,79.52999877929688,584800,VTV
2014-05-30,59.36769104003906,79.87000274658203,79.91999816894531,79.55999755859375,79.61000061035156,707300,VTV
2014-06-02,59.456878662109375,79.98999786376953,80.05000305175781,79.69000244140625,80.0199966430664,365600,VTV
2014-06-03,59.449432373046875,79.9800033569336,80.05000305175781,79.7699966430664,79.83999633789062,425000,VTV
2014-06-04,59.53861999511719,80.0999984741211,80.13999938964844,79.83000183105469,79.83000183105469,372100,VTV
2014-06-05,59.917724609375,80.61000061035156,80.66000366210938,79.94999694824219,80.30999755859375,527100,VTV
2014-06-06,60.207611083984375,81.0,81.04000091552734,80.73999786376953,80.80000305175781,344100,VTV
2014-06-09,60.244781494140625,81.05000305175781,81.26000213623047,80.93000030517578,81.02999877929688,510800,VTV
2014-06-10,60.289344787597656,81.11000061035156,81.11000061035156,80.80999755859375,80.95999908447266,313100,VTV
2014-06-11,59.99946594238281,80.72000122070312,80.87999725341797,80.58999633789062,80.81999969482422,814400,VTV
2014-06-12,59.61297607421875,80.19999694824219,80.81999969482422,80.04000091552734,80.61000061035156,634000,VTV
2014-06-13,59.880523681640625,80.55999755859375,80.66000366210938,80.26000213623047,80.26000213623047,377900,VTV
2014-06-16,59.940025329589844,80.63999938964844,80.79000091552734,80.4000015258789,80.44000244140625,714000,VTV
2014-06-17,60.118408203125,80.87999725341797,80.93000030517578,80.38999938964844,80.4800033569336,815700,VTV
2014-06-18,60.586692810058594,81.51000213623047,81.54000091552734,80.76000213623047,80.91999816894531,573700,VTV
2014-06-19,60.675880432128906,81.62999725341797,81.6500015258789,81.37999725341797,81.44999694824219,893300,VTV
2014-06-20,60.891456604003906,81.91999816894531,81.98999786376953,81.81999969482422,81.91000366210938,482200,VTV
2014-06-23,60.87657928466797,81.9000015258789,82.0,81.73999786376953,82.0,448700,VTV
2014-06-24,60.45352554321289,80.87999725341797,81.56999969482422,80.83000183105469,81.30000305175781,470900,VTV
2014-06-25,60.59553527832031,81.06999969482422,81.12000274658203,80.61000061035156,80.70999908447266,505600,VTV
2014-06-26,60.52826690673828,80.9800033569336,81.0999984741211,80.45999908447266,81.06999969482422,366800,VTV
2014-06-27,60.5731315612793,81.04000091552734,81.05999755859375,80.63999938964844,80.73999786376953,513200,VTV
2014-06-30,60.50584411621094,80.94999694824219,81.16000366210938,80.86000061035156,81.02999877929688,603400,VTV
2014-07-01,60.8646354675293,81.43000030517578,81.66000366210938,81.02999877929688,81.1500015258789,705500,VTV
2014-07-02,60.87956619262695,81.44999694824219,81.5199966430664,81.3499984741211,81.44000244140625,377800,VTV
2014-07-03,61.15612030029297,81.81999969482422,81.87000274658203,81.68000030517578,81.68000030517578,323900,VTV
2014-07-07,60.98419952392578,81.58999633789062,81.72000122070312,81.45999908447266,81.66000366210938,533800,VTV
2014-07-08,60.67028045654297,81.16999816894531,81.45999908447266,81.0199966430664,81.44000244140625,372800,VTV
2014-07-09,60.872108459472656,81.44000244140625,81.5,81.20999908447266,81.3499984741211,421300,VTV
2014-07-10,60.71511459350586,81.2300033569336,81.37000274658203,80.56999969482422,80.69000244140625,353900,VTV
2014-07-11,60.76746368408203,81.30000305175781,81.33000183105469,80.94000244140625,81.19999694824219,281700,VTV
2014-07-14,60.991668701171875,81.5999984741211,81.79000091552734,81.55999755859375,81.7300033569336,354800,VTV
2014-07-15,61.02906799316406,81.6500015258789,81.86000061035156,81.33000183105469,81.6500015258789,1426500,VTV
2014-07-16,61.440155029296875,82.19999694824219,82.20999908447266,81.87000274658203,81.98999786376953,512500,VTV
2014-07-17,60.827239990234375,81.37999725341797,82.3499984741211,81.29000091552734,82.0199966430664,567200,VTV
2014-07-18,61.32805252075195,82.05000305175781,82.12000274658203,81.52999877929688,81.62000274658203,447500,VTV
2014-07-21,61.20844650268555,81.88999938964844,81.95999908447266,81.5,81.77999877929688,443100,VTV
2014-07-22,61.470054626464844,82.23999786376953,82.36000061035156,82.11000061035156,82.12999725341797,404000,VTV
2014-07-23,61.537330627441406,82.33000183105469,82.41999816894531,82.1500015258789,82.29000091552734,315100,VTV
2014-07-24,61.559749603271484,82.36000061035156,82.51000213623047,82.2699966430664,82.41999816894531,541600,VTV
2014-07-25,61.357940673828125,82.08999633789062,82.2699966430664,81.94000244140625,82.1500015258789,430800,VTV
2014-07-28,61.34299087524414,82.06999969482422,82.18000030517578,81.63999938964844,82.08999633789062,482400,VTV
2014-07-29,61.066429138183594,81.69999694824219,82.31999969482422,81.66000366210938,82.2699966430664,370600,VTV
2014-07-30,60.924415588378906,81.51000213623047,82.0,81.16999816894531,81.94000244140625,518200,VTV
2014-07-31,59.78081130981445,79.9800033569336,81.05999755859375,79.94999694824219,81.0199966430664,686700,VTV
2014-08-01,59.59396743774414,79.7300033569336,80.19000244140625,79.33999633789062,79.79000091552734,672900,VTV
2014-08-04,60.00505065917969,80.27999877929688,80.37000274658203,79.51000213623047,79.91999816894531,960200,VTV
2014-08-05,59.369728088378906,79.43000030517578,80.11000061035156,79.16000366210938,79.98999786376953,805500,VTV
2014-08-06,59.33234786987305,79.37999725341797,79.66999816894531,78.93000030517578,78.94000244140625,712800,VTV
2014-08-07,59.010948181152344,78.94999694824219,79.79000091552734,78.75,79.79000091552734,655300,VTV
2014-08-08,59.68364715576172,79.8499984741211,79.88999938964844,78.9000015258789,79.05999755859375,473200,VTV
2014-08-11,59.80327606201172,80.01000213623047,80.37000274658203,79.97000122070312,80.19000244140625,583100,VTV
2014-08-12,59.77335739135742,79.97000122070312,80.16999816894531,79.75,79.94999694824219,488900,VTV
2014-08-13,60.15453338623047,80.4800033569336,80.5199966430664,80.08999633789062,80.29000091552734,557600,VTV
2014-08-14,60.423614501953125,80.83999633789062,80.83999633789062,80.5,80.58999633789062,665800,VTV
2014-08-15,60.304039001464844,80.68000030517578,81.0999984741211,80.1500015258789,81.0999984741211,989600,VTV
2014-08-18,60.759979248046875,81.29000091552734,81.31999969482422,81.01000213623047,81.01000213623047,546100,VTV
2014-08-19,60.98419952392578,81.58999633789062,81.66000366210938,81.38999938964844,81.44999694824219,597900,VTV
2014-08-20,61.17854309082031,81.8499984741211,81.93000030517578,81.41000366210938,81.43000030517578,637200,VTV
2014-08-21,61.447635650634766,82.20999908447266,82.33999633789062,81.91999816894531,81.93000030517578,969300,VTV
2014-08-22,61.26076126098633,81.95999908447266,82.2699966430664,81.83999633789062,82.12000274658203,523500,VTV
2014-08-25,61.597137451171875,82.41000366210938,82.55999755859375,82.2699966430664,82.3499984741211,378900,VTV
2014-08-26,61.62702941894531,82.44999694824219,82.69999694824219,82.41999816894531,82.45999908447266,577100,VTV
2014-08-27,61.67932891845703,82.5199966430664,82.5999984741211,82.36000061035156,82.48999786376953,495500,VTV
2014-08-28,61.62702941894531,82.44999694824219,82.48999786376953,82.1500015258789,82.19999694824219,382900,VTV
2014-08-29,61.8363151550293,82.7300033569336,82.7300033569336,82.36000061035156,82.51000213623047,615000,VTV
2014-09-02,61.716705322265625,82.56999969482422,82.8499984741211,82.26000213623047,82.8499984741211,488700,VTV
2014-09-03,61.8363151550293,82.7300033569336,82.95999908447266,82.62000274658203,82.88999938964844,506400,VTV
2014-09-04,61.80641555786133,82.69000244140625,83.12000274658203,82.43000030517578,82.91999816894531,792400,VTV
2014-09-05,62.06801223754883,83.04000091552734,83.05000305175781,82.36000061035156,82.62000274658203,1464500,VTV
2014-09-08,61.87370681762695,82.77999877929688,83.06999969482422,82.61000061035156,82.94000244140625,526000,VTV
2014-09-09,61.52238082885742,82.30999755859375,82.77999877929688,82.18000030517578,82.77999877929688,1684400,VTV
2014-09-10,61.66439437866211,82.5,82.55999755859375,82.08000183105469,82.3499984741211,589700,VTV
2014-09-11,61.79144287109375,82.66999816894531,82.66999816894531,82.16999816894531,82.30000305175781,1007500,VTV
2014-09-12,61.4775390625,82.25,82.66000366210938,82.01000213623047,82.66000366210938,1641700,VTV
2014-09-15,61.559749603271484,82.36000061035156,82.4800033569336,82.0199966430664,82.23999786376953,749800,VTV
2014-09-16,61.99325942993164,82.94000244140625,83.11000061035156,82.2300033569336,82.23999786376953,392600,VTV
2014-09-17,62.06801223754883,83.04000091552734,83.4000015258789,82.70999908447266,83.08000183105469,577300,VTV
2014-09-18,62.389400482177734,83.47000122070312,83.5199966430664,83.20999908447266,83.29000091552734,674000,VTV
2014-09-19,62.42680740356445,83.5199966430664,83.88999938964844,83.33999633789062,83.77999877929688,1444400,VTV
2014-09-22,61.970821380615234,82.91000366210938,83.37999725341797,82.80000305175781,83.37999725341797,539700,VTV
2014-09-23,61.52238082885742,82.30999755859375,82.86000061035156,82.30000305175781,82.6500015258789,475300,VTV
2014-09-24,61.92533493041992,82.37000274658203,82.41999816894531,81.62000274658203,81.8499984741211,1182700,VTV
2014-09-25,61.03070831298828,81.18000030517578,82.19000244140625,81.1500015258789,82.18000030517578,811900,VTV
2014-09-26,61.38405227661133,81.6500015258789,81.83000183105469,81.0999984741211,81.2699966430664,744600,VTV
2014-09-29,61.20362854003906,81.41000366210938,81.58000183105469,80.87999725341797,81.06999969482422,826900,VTV
2014-09-30,61.04572296142578,81.19999694824219,81.68000030517578,81.0,81.55000305175781,1185600,VTV
2014-10-01,60.256343841552734,80.1500015258789,81.18000030517578,80.0,81.0,983900,VTV
2014-10-02,60.2187614440918,80.0999984741211,80.4000015258789,79.4000015258789,80.11000061035156,960100,VTV
2014-10-03,60.9329833984375,81.05000305175781,81.13999938964844,80.41999816894531,80.6500015258789,548800,VTV
2014-10-06,60.85028076171875,80.94000244140625,81.51000213623047,80.69999694824219,81.38999938964844,1319500,VTV
2014-10-07,59.91802978515625,79.69999694824219,80.70999908447266,79.69999694824219,80.62999725341797,753600,VTV
2014-10-08,60.940494537353516,81.05999755859375,81.12999725341797,79.37000274658203,79.73999786376953,624300,VTV
2014-10-09,59.692501068115234,79.4000015258789,81.01000213623047,79.31999969482422,80.91000366210938,1097700,VTV
2014-10-10,59.15121078491211,78.68000030517578,79.80999755859375,78.68000030517578,79.4000015258789,1014100,VTV
2014-10-13,58.24905776977539,77.4800033569336,78.94000244140625,77.43000030517578,78.69999694824219,1103500,VTV
2014-10-14,58.32423782348633,77.58000183105469,78.4000015258789,77.29000091552734,77.86000061035156,2401400,VTV
2014-10-15,57.69273376464844,76.73999786376953,76.98999786376953,74.97000122070312,76.68000030517578,2197500,VTV
2014-10-16,57.6701774597168,76.70999908447266,77.2699966430664,75.5,75.54000091552734,1473900,VTV
2014-10-17,58.43700408935547,77.7300033569336,78.1500015258789,77.30999755859375,77.61000061035156,957900,VTV
2014-10-20,58.842960357666016,78.2699966430664,78.30000305175781,77.5,77.5,957400,VTV
2014-10-21,59.895477294921875,79.66999816894531,79.7699966430664,78.69999694824219,78.80999755859375,888700,VTV
2014-10-22,59.54212951660156,79.19999694824219,80.08000183105469,79.16999816894531,79.87000274658203,844300,VTV
2014-10-23,60.06841278076172,79.9000015258789,80.41000366210938,79.70999908447266,79.94000244140625,1335600,VTV
2014-10-24,60.602195739746094,80.61000061035156,80.63999938964844,79.80000305175781,80.13999938964844,849400,VTV
2014-10-27,60.496917724609375,80.47000122070312,80.61000061035156,80.08000183105469,80.33999633789062,949500,VTV
2014-10-28,61.15099334716797,81.33999633789062,81.33999633789062,80.63999938964844,80.80000305175781,756500,VTV
2014-10-29,61.13594055175781,81.31999969482422,81.69000244140625,80.75,81.48999786376953,1344700,VTV
2014-10-30,61.481781005859375,81.77999877929688,81.9800033569336,80.95999908447266,81.04000091552734,850100,VTV
2014-10-31,62.143348693847656,82.66000366210938,82.79000091552734,82.23999786376953,82.79000091552734,890300,VTV
2014-11-03,62.13583755493164,82.6500015258789,82.97000122070312,82.47000122070312,82.7699966430664,1058200,VTV
2014-11-04,62.038089752197266,82.5199966430664,82.7300033569336,82.13999938964844,82.48999786376953,1329700,VTV
2014-11-05,62.526771545410156,83.16999816894531,83.16999816894531,82.70999908447266,83.16000366210938,966900,VTV
2014-11-06,62.75230026245117,83.47000122070312,83.5199966430664,82.83000183105469,83.19999694824219,663000,VTV
2014-11-07,62.83500289916992,83.58000183105469,83.69999694824219,83.29000091552734,83.5,867600,VTV
2014-11-10,63.05303955078125,83.87000274658203,83.88999938964844,83.5,83.58999633789062,820500,VTV
2014-11-11,63.05303955078125,83.87000274658203,84.0199966430664,83.7699966430664,83.93000030517578,1262900,VTV
2014-11-12,62.95527267456055,83.73999786376953,83.81999969482422,83.43000030517578,83.52999877929688,1885900,VTV
2014-11-13,62.97783660888672,83.7699966430664,84.05000305175781,83.41000366210938,83.79000091552734,1086700,VTV
2014-11-14,62.992897033691406,83.79000091552734,83.94000244140625,83.5999984741211,83.80999755859375,1013200,VTV
2014-11-17,63.150753021240234,84.0,84.05000305175781,83.58999633789062,83.61000061035156,527900,VTV
2014-11-18,63.428916931152344,84.37000274658203,84.55999755859375,84.02999877929688,84.02999877929688,413000,VTV
2014-11-19,63.33120346069336,84.23999786376953,84.3499984741211,83.91999816894531,84.30000305175781,780500,VTV
2014-11-20,63.48154830932617,84.44000244140625,84.44000244140625,83.87000274658203,83.87999725341797,405300,VTV
2014-11-21,63.752193450927734,84.80000305175781,85.31999969482422,84.55000305175781,85.31999969482422,468500,VTV
2014-11-24,63.83489990234375,84.91000366210938,85.06999969482422,84.77999877929688,84.98999786376953,451000,VTV
2014-11-25,63.76724624633789,84.81999969482422,85.0199966430664,84.62999725341797,85.0199966430664,546800,VTV
2014-11-26,63.917598724365234,85.0199966430664,85.02999877929688,84.7699966430664,84.88999938964844,549700,VTV
2014-11-28,63.676998138427734,84.69999694824219,85.0,84.58999633789062,84.81999969482422,612100,VTV
2014-12-01,63.43645477294922,84.37999725341797,84.58999633789062,84.1500015258789,84.37000274658203,570300,VTV
2014-12-02,63.88752746582031,84.9800033569336,85.06999969482422,84.41999816894531,84.43000030517578,612200,VTV
2014-12-03,64.10553741455078,85.2699966430664,85.4000015258789,84.91999816894531,85.0199966430664,1376100,VTV
2014-12-04,64.06043243408203,85.20999908447266,85.41999816894531,84.76000213623047,85.19999694824219,496800,VTV
2014-12-05,64.2258529663086,85.43000030517578,85.62999725341797,85.26000213623047,85.2699966430664,543700,VTV
2014-12-08,63.87248611450195,84.95999908447266,85.5,84.69999694824219,85.25,455800,VTV
2014-12-09,63.70709228515625,84.73999786376953,84.7699966430664,83.83999633789062,84.08999633789062,723300,VTV
2014-12-10,62.65458297729492,83.33999633789062,84.54000091552734,83.27999877929688,84.54000091552734,727500,VTV
2014-12-11,62.97783660888672,83.7699966430664,84.58999633789062,83.62000274658203,83.70999908447266,738600,VTV
2014-12-12,61.917808532714844,82.36000061035156,83.52999877929688,82.30000305175781,83.2300033569336,2065900,VTV
2014-12-15,61.421653747558594,81.69999694824219,82.87999725341797,81.41999816894531,82.76000213623047,2602000,VTV
2014-12-16,61.068302154541016,81.2300033569336,83.02999877929688,81.22000122070312,81.37000274658203,1944500,VTV
2014-12-17,62.271156311035156,82.83000183105469,82.97000122070312,81.5199966430664,81.5999984741211,3448200,VTV
2014-12-18,63.82738494873047,84.9000015258789,84.94000244140625,83.63999938964844,84.11000061035156,4386900,VTV
2014-12-19,64.15817260742188,85.33999633789062,85.58999633789062,84.91000366210938,85.04000091552734,772000,VTV
2014-12-22,64.4478530883789,85.20999908447266,85.20999908447266,84.7699966430664,84.93000030517578,826000,VTV
2014-12-23,64.66717529296875,85.5,85.72000122070312,85.37999725341797,85.45999908447266,1136200,VTV
2014-12-24,64.67474365234375,85.51000213623047,85.70999908447266,85.45999908447266,85.58000183105469,424100,VTV
2014-12-26,64.78063201904297,85.6500015258789,85.9000015258789,85.62999725341797,85.69000244140625,535000,VTV
2014-12-29,64.84113311767578,85.7300033569336,85.8499984741211,85.5199966430664,85.56999969482422,646700,VTV
2014-12-30,64.58399200439453,85.38999938964844,85.58000183105469,85.3499984741211,85.5199966430664,904900,VTV
2014-12-31,63.90327835083008,84.48999786376953,85.48999786376953,84.44000244140625,85.47000122070312,758800,VTV
2015-01-02,63.918399810791016,84.51000213623047,85.0199966430664,83.97000122070312,84.91000366210938,1549200,VTV
2015-01-05,62.73851776123047,82.94999694824219,84.11000061035156,82.77999877929688,84.08999633789062,1427700,VTV
2015-01-06,62.186378479003906,82.22000122070312,83.37000274658203,81.81999969482422,83.1500015258789,1303900,VTV
2015-01-07,62.88220977783203,83.13999938964844,83.29000091552734,82.55999755859375,83.0199966430664,1463700,VTV
2015-01-08,64.03939056396484,84.66999816894531,84.76000213623047,83.8499984741211,83.8499984741211,799100,VTV
2015-01-09,63.4570426940918,83.9000015258789,84.91999816894531,83.66999816894531,84.87000274658203,802200,VTV
2015-01-12,63.02592849731445,83.33000183105469,84.0999984741211,83.0199966430664,84.08999633789062,1156000,VTV
2015-01-13,62.776336669921875,83.0,84.41000366210938,82.4000015258789,83.91999816894531,2442400,VTV
2015-01-14,62.352779388427734,82.44000244140625,82.51000213623047,81.43000030517578,82.11000061035156,2158300,VTV
2015-01-15,61.906524658203125,81.8499984741211,82.86000061035156,81.76000213623047,82.80000305175781,1578900,VTV
2015-01-16,62.71580505371094,82.91999816894531,83.0199966430664,81.63999938964844,81.80999755859375,1486500,VTV
2015-01-20,62.7309455871582,82.94000244140625,83.30000305175781,82.2699966430664,83.08000183105469,1361700,VTV
2015-01-21,63.0637321472168,83.37999725341797,83.5199966430664,82.5,82.83000183105469,742000,VTV
2015-01-22,63.99403381347656,84.61000061035156,84.62000274658203,83.12000274658203,83.88999938964844,832700,VTV
2015-01-23,63.464603424072266,83.91000366210938,84.5,83.87000274658203,84.5,1022800,VTV
2015-01-26,63.61586380004883,84.11000061035156,84.12999725341797,83.41999816894531,83.83000183105469,1813000,VTV
2015-01-27,62.78389358520508,83.01000213623047,83.4800033569336,82.55000305175781,83.0,1181900,VTV
2015-01-28,61.740142822265625,81.62999725341797,83.47000122070312,81.55000305175781,83.47000122070312,3483800,VTV
2015-01-29,62.32251739501953,82.4000015258789,82.4800033569336,80.9800033569336,81.73999786376953,887700,VTV
2015-01-30,61.28633117675781,81.02999877929688,82.19999694824219,80.9800033569336,81.70999908447266,1558500,VTV
2015-02-02,62.26200866699219,82.31999969482422,82.3499984741211,80.68000030517578,81.36000061035156,2556100,VTV
2015-02-03,63.237701416015625,83.61000061035156,83.61000061035156,82.7300033569336,82.7300033569336,1119600,VTV
2015-02-04,62.99567413330078,83.29000091552734,83.83999633789062,83.05999755859375,83.33999633789062,1368600,VTV
2015-02-05,63.6612548828125,84.16999816894531,84.19999694824219,83.61000061035156,83.68000030517578,585500,VTV
2015-02-06,63.608306884765625,84.0999984741211,84.76000213623047,83.87000274658203,84.37999725341797,882600,VTV
2015-02-09,63.32847213745117,83.7300033569336,84.11000061035156,83.5,83.83999633789062,720400,VTV
2015-02-10,63.91082763671875,84.5,84.5999984741211,83.72000122070312,84.23999786376953,712800,VTV
2015-02-11,63.82009506225586,84.37999725341797,84.5999984741211,83.94999694824219,84.33000183105469,844100,VTV
2015-02-12,64.41002655029297,85.16000366210938,85.18000030517578,84.69999694824219,84.8499984741211,1247400,VTV
2015-02-13,64.58399200439453,85.38999938964844,85.45999908447266,85.05000305175781,85.26000213623047,1581800,VTV
2015-02-17,64.73526000976562,85.58999633789062,85.62999725341797,85.12000274658203,85.3499984741211,757300,VTV
2015-02-18,64.64449310302734,85.47000122070312,85.48999786376953,85.18000030517578,85.44000244140625,846700,VTV
2015-02-19,64.45539855957031,85.22000122070312,85.45999908447266,84.9800033569336,85.16999816894531,910000,VTV
2015-02-20,64.81843566894531,85.69999694824219,85.70999908447266,84.62999725341797,85.05999755859375,892400,VTV
2015-02-23,64.7427978515625,85.5999984741211,85.5999984741211,85.33000183105469,85.56999969482422,995800,VTV
2015-02-24,65.05292510986328,86.01000213623047,86.11000061035156,85.54000091552734,85.62999725341797,841000,VTV
2015-02-25,64.91679382324219,85.83000183105469,86.01000213623047,85.66000366210938,85.98999786376953,708200,VTV
2015-02-26,64.75796508789062,85.62000274658203,85.80000305175781,85.33999633789062,85.80000305175781,665300,VTV
2015-02-27,64.53858184814453,85.33000183105469,85.66000366210938,85.30000305175781,85.58000183105469,639300,VTV
2015-03-02,64.81086730957031,85.69000244140625,85.69000244140625,85.22000122070312,85.31999969482422,1176500,VTV
2015-03-03,64.52346801757812,85.30999755859375,85.55000305175781,84.95999908447266,85.55000305175781,1119300,VTV
2015-03-04,64.27388763427734,84.9800033569336,85.1500015258789,84.51000213623047,85.1500015258789,817200,VTV
2015-03-05,64.35706329345703,85.08999633789062,85.18000030517578,84.83000183105469,85.16999816894531,875600,VTV
2015-03-06,63.441917419433594,83.87999725341797,84.87999725341797,83.69000244140625,84.77999877929688,715200,VTV
2015-03-09,63.714202880859375,84.23999786376953,84.41999816894531,83.94999694824219,84.04000091552734,560500,VTV
2015-03-10,62.67044448852539,82.86000061035156,83.62999725341797,82.83000183105469,83.62999725341797,1134700,VTV
2015-03-11,62.67044448852539,82.86000061035156,83.16000366210938,82.7699966430664,83.13999938964844,773200,VTV
2015-03-12,63.41921615600586,83.8499984741211,83.8499984741211,83.22000122070312,83.29000091552734,1353500,VTV
2015-03-13,63.02592849731445,83.33000183105469,83.75,82.73999786376953,83.75,986300,VTV
2015-03-16,63.86545944213867,84.44000244140625,84.44000244140625,83.68000030517578,83.7300033569336,922500,VTV
2015-03-17,63.555355072021484,84.02999877929688,84.16999816894531,83.62999725341797,84.06999969482422,761700,VTV
2015-03-18,64.34952545166016,85.08000183105469,85.36000061035156,83.54000091552734,83.80000305175781,682400,VTV
2015-03-19,63.87301254272461,84.44999694824219,84.83000183105469,84.26000213623047,84.7699966430664,636600,VTV
2015-03-20,64.43273162841797,85.19000244140625,85.41999816894531,84.70999908447266,84.91000366210938,697500,VTV
2015-03-23,64.43273162841797,85.19000244140625,85.62000274658203,85.18000030517578,85.2300033569336,691100,VTV
2015-03-24,63.963783264160156,84.56999969482422,85.19000244140625,84.5199966430664,84.98999786376953,670200,VTV
2015-03-25,63.24858474731445,83.12999725341797,84.38999938964844,83.12000274658203,84.29000091552734,654900,VTV
2015-03-26,63.0735969543457,82.9000015258789,83.30000305175781,82.4800033569336,82.86000061035156,609900,VTV
2015-03-27,63.21815490722656,83.08999633789062,83.16999816894531,82.7699966430664,82.87999725341797,818000,VTV
2015-03-30,64.03225708007812,84.16000366210938,84.33000183105469,83.62999725341797,83.63999938964844,713700,VTV
2015-03-31,63.682273864746094,83.69999694824219,84.05999755859375,83.41000366210938,83.81999969482422,734300,VTV
2015-04-01,63.27903747558594,83.16999816894531,83.41999816894531,82.76000213623047,83.41999816894531,4623700,VTV
2015-04-02,63.49968338012695,83.45999908447266,83.72000122070312,83.0,83.0,914000,VTV
2015-04-06,63.92573928833008,84.0199966430664,84.29000091552734,83.05000305175781,83.13999938964844,889800,VTV
2015-04-07,63.78120040893555,83.83000183105469,84.30000305175781,83.83000183105469,84.16000366210938,795500,VTV
2015-04-08,63.8420524597168,83.91000366210938,84.23999786376953,83.5999984741211,83.83000183105469,1032200,VTV
2015-04-09,64.17681884765625,84.3499984741211,84.4800033569336,83.66999816894531,83.91000366210938,830100,VTV
2015-04-10,64.61812591552734,84.93000030517578,84.94999694824219,84.47000122070312,84.5999984741211,893300,VTV
2015-04-13,64.35181427001953,84.58000183105469,85.06999969482422,84.55999755859375,84.88999938964844,835500,VTV
2015-04-14,64.53440856933594,84.81999969482422,84.91000366210938,84.2699966430664,84.54000091552734,1552800,VTV
2015-04-15,64.87681579589844,85.2699966430664,85.55000305175781,85.0199966430664,85.1500015258789,938300,VTV
2015-04-16,64.8159408569336,85.19000244140625,85.44999694824219,84.91999816894531,85.19000244140625,1252300,VTV
2015-04-17,64.15400695800781,84.31999969482422,84.81999969482422,83.95999908447266,84.81999969482422,2235000,VTV
2015-04-20,64.7018051147461,85.04000091552734,85.26000213623047,84.73999786376953,84.87999725341797,772300,VTV
2015-04-21,64.45072937011719,84.70999908447266,85.45999908447266,84.55000305175781,85.45999908447266,1115200,VTV
2015-04-22,64.73983764648438,85.08999633789062,85.18000030517578,84.4000015258789,84.93000030517578,876300,VTV
2015-04-23,64.93003845214844,85.33999633789062,85.62000274658203,84.91999816894531,85.0,591900,VTV
2015-04-24,65.05177307128906,85.5,85.5999984741211,85.29000091552734,85.56999969482422,511200,VTV
2015-04-27,64.77786254882812,85.13999938964844,85.73999786376953,85.08999633789062,85.7300033569336,1145000,VTV
2015-04-28,65.21916961669922,85.72000122070312,85.72000122070312,84.80000305175781,85.19999694824219,1245600,VTV
2015-04-29,65.0441665649414,85.48999786376953,85.73999786376953,85.12000274658203,85.37000274658203,993300,VTV
2015-04-30,64.49638366699219,84.7699966430664,85.41999816894531,84.51000213623047,85.30000305175781,1177000,VTV
2015-05-01,65.11265563964844,85.58000183105469,85.5999984741211,85.08999633789062,85.12000274658203,876600,VTV
2015-05-04,65.37135314941406,85.91999816894531,86.04000091552734,85.69000244140625,85.75,1949600,VTV
2015-05-05,64.66375732421875,84.98999786376953,85.97000122070312,84.94000244140625,85.87000274658203,1430600,VTV
2015-05-06,64.42790985107422,84.68000030517578,85.44000244140625,84.16999816894531,85.37999725341797,710600,VTV
2015-05-07,64.60289001464844,84.91000366210938,85.13999938964844,84.44000244140625,84.69000244140625,1025100,VTV
2015-05-08,65.49305725097656,86.08000183105469,86.11000061035156,85.69999694824219,85.7699966430664,530000,VTV
2015-05-11,65.1659164428711,85.6500015258789,86.13999938964844,85.61000061035156,86.0999984741211,522500,VTV
2015-05-12,64.9604721069336,85.37999725341797,85.58999633789062,84.86000061035156,85.36000061035156,572800,VTV
2015-05-13,65.01374053955078,85.44999694824219,85.81999969482422,85.30000305175781,85.62999725341797,1315800,VTV
2015-05-14,65.58438110351562,86.19999694824219,86.23999786376953,85.87000274658203,85.91000366210938,1780200,VTV
2015-05-15,65.6528549194336,86.29000091552734,86.31999969482422,86.04000091552734,86.29000091552734,1087800,VTV
2015-05-18,65.82025146484375,86.51000213623047,86.62000274658203,86.19999694824219,86.20999908447266,432100,VTV
2015-05-19,65.83546447753906,86.52999877929688,86.70999908447266,86.31999969482422,86.61000061035156,420600,VTV
2015-05-20,65.79740905761719,86.4800033569336,86.80000305175781,86.4000015258789,86.61000061035156,469000,VTV
2015-05-21,65.94960021972656,86.68000030517578,86.79000091552734,86.3499984741211,86.41000366210938,398000,VTV
2015-05-22,65.69852447509766,86.3499984741211,86.58000183105469,86.33000183105469,86.5,475500,VTV
2015-05-26,65.05177307128906,85.5,86.12000274658203,85.2699966430664,86.12000274658203,676800,VTV
2015-05-27,65.56917572021484,86.18000030517578,86.29000091552734,85.55999755859375,85.79000091552734,503700,VTV
2015-05-28,65.57677459716797,86.19000244140625,86.2300033569336,85.77999877929688,86.08000183105469,540000,VTV
2015-05-29,65.25721740722656,85.7699966430664,86.16999816894531,85.58000183105469,86.16999816894531,801000,VTV
2015-06-01,65.31045532226562,85.83999633789062,86.16999816894531,85.51000213623047,86.08000183105469,821600,VTV
2015-06-02,65.2039566040039,85.69999694824219,85.9800033569336,85.30999755859375,85.66999816894531,656900,VTV
2015-06-03,65.3637466430664,85.91000366210938,86.27999877929688,85.7300033569336,86.01000213623047,977600,VTV
2015-06-04,64.77786254882812,85.13999938964844,85.83000183105469,84.9800033569336,85.68000030517578,553200,VTV
2015-06-05,64.63331604003906,84.94999694824219,85.37000274658203,84.77999877929688,85.1500015258789,1050100,VTV
2015-06-08,64.33660125732422,84.55999755859375,85.02999877929688,84.54000091552734,84.95999908447266,1092500,VTV
2015-06-09,64.4202880859375,84.66999816894531,84.93000030517578,84.4000015258789,84.61000061035156,758300,VTV
2015-06-10,65.19635009765625,85.69000244140625,85.91999816894531,85.12000274658203,85.12000274658203,630400,VTV
2015-06-11,65.40177917480469,85.95999908447266,86.11000061035156,85.7699966430664,85.83999633789062,741900,VTV
2015-06-12,64.90721893310547,85.30999755859375,85.6500015258789,85.16999816894531,85.5999984741211,2227600,VTV
2015-06-15,64.58766174316406,84.88999938964844,85.08999633789062,84.47000122070312,84.77999877929688,945500,VTV
2015-06-16,64.96808624267578,85.38999938964844,85.41999816894531,84.7699966430664,84.9000015258789,622500,VTV
2015-06-17,65.08218383789062,85.54000091552734,85.80000305175781,85.0999984741211,85.5999984741211,721900,VTV
2015-06-18,65.67570495605469,86.31999969482422,86.55000305175781,85.7300033569336,85.7300033569336,598100,VTV
2015-06-19,65.30287170410156,85.83000183105469,86.29000091552734,85.80999755859375,86.22000122070312,491600,VTV
2015-06-22,65.67024230957031,85.80000305175781,86.0999984741211,85.72000122070312,85.9000015258789,468400,VTV
2015-06-23,65.72382354736328,85.87000274658203,86.04000091552734,85.66000366210938,85.87000274658203,508900,VTV
2015-06-24,65.19570922851562,85.18000030517578,85.80999755859375,85.18000030517578,85.66999816894531,536600,VTV
2015-06-25,64.98139953613281,84.9000015258789,85.4800033569336,84.87999725341797,85.47000122070312,543200,VTV
2015-06-26,65.03499603271484,84.97000122070312,85.19000244140625,84.69999694824219,85.18000030517578,938400,VTV
2015-06-29,63.74147415161133,83.27999877929688,84.51000213623047,83.25,84.31999969482422,902400,VTV
2015-06-30,63.80271530151367,83.36000061035156,84.11000061035156,83.13999938964844,84.11000061035156,1035400,VTV
2015-07-01,64.30020141601562,84.01000213623047,84.19000244140625,83.62000274658203,84.0999984741211,711200,VTV
2015-07-02,64.21600341796875,83.9000015258789,84.30999755859375,83.69999694824219,84.16000366210938,689200,VTV
2015-07-06,63.92516326904297,83.5199966430664,83.9000015258789,83.08000183105469,83.30000305175781,2390300,VTV
2015-07-07,64.39205932617188,84.12999725341797,84.18000030517578,82.5199966430664,83.69999694824219,1466800,VTV
2015-07-08,63.358795166015625,82.77999877929688,83.58999633789062,82.66000366210938,83.5199966430664,1622000,VTV
2015-07-09,63.50422286987305,82.97000122070312,83.9000015258789,82.97000122070312,83.5999984741211,2770500,VTV
2015-07-10,64.21600341796875,83.9000015258789,84.19000244140625,83.55999755859375,83.79000091552734,709800,VTV
2015-07-13,64.82832336425781,84.69999694824219,84.7300033569336,84.44000244140625,84.55000305175781,1981300,VTV
2015-07-14,65.09620666503906,85.05000305175781,85.12000274658203,84.5199966430664,84.7300033569336,1052300,VTV
2015-07-15,65.05030822753906,84.98999786376953,85.18000030517578,84.7699966430664,85.0999984741211,1264400,VTV
2015-07-16,65.46359252929688,85.52999877929688,85.55999755859375,85.37999725341797,85.51000213623047,470900,VTV
2015-07-17,65.26459503173828,85.2699966430664,85.41999816894531,85.05999755859375,85.41999816894531,1034400,VTV
2015-07-20,65.19570922851562,85.18000030517578,85.36000061035156,85.0199966430664,85.36000061035156,1822100,VTV
2015-07-21,64.80535888671875,84.66999816894531,85.12999725341797,84.48999786376953,85.12999725341797,1034300,VTV
2015-07-22,64.76708221435547,84.62000274658203,84.7699966430664,84.44999694824219,84.61000061035156,1125100,VTV
2015-07-23,64.42265319824219,84.16999816894531,84.80999755859375,84.04000091552734,84.76000213623047,2104600,VTV
2015-07-24,63.71084213256836,83.23999786376953,84.20999908447266,83.0999984741211,84.20999908447266,544700,VTV
2015-07-27,63.351097106933594,82.7699966430664,83.01000213623047,82.45999908447266,82.93000030517578,874300,VTV
2015-07-28,64.09356689453125,83.73999786376953,83.80999755859375,82.76000213623047,83.0999984741211,1289500,VTV
2015-07-29,64.62933349609375,84.44000244140625,84.54000091552734,83.70999908447266,83.72000122070312,1076300,VTV
2015-07-30,64.65995025634766,84.4800033569336,84.5199966430664,84.04000091552734,84.31999969482422,633100,VTV
2015-07-31,64.44563293457031,84.19999694824219,84.62000274658203,84.12000274658203,84.61000061035156,1705700,VTV
2015-08-03,64.23897552490234,83.93000030517578,84.2300033569336,83.5199966430664,84.2300033569336,2784800,VTV
2015-08-04,64.10884857177734,83.76000213623047,84.12000274658203,83.55999755859375,83.97000122070312,812200,VTV
2015-08-05,64.36146545410156,84.08999633789062,84.58999633789062,83.97000122070312,84.30000305175781,1616200,VTV
2015-08-06,64.09356689453125,83.73999786376953,84.26000213623047,83.45999908447266,84.12999725341797,1005600,VTV
2015-08-07,63.84097671508789,83.41000366210938,83.73999786376953,83.11000061035156,83.73999786376953,1051300,VTV
2015-08-10,64.71351623535156,84.55000305175781,84.55000305175781,83.76000213623047,83.95999908447266,546200,VTV
2015-08-11,64.14714050292969,83.80999755859375,83.9800033569336,83.41000366210938,83.93000030517578,827800,VTV
2015-08-12,64.17009735107422,83.83999633789062,83.94000244140625,82.56999969482422,83.23999786376953,659700,VTV
2015-08-13,64.07823181152344,83.72000122070312,84.0,83.54000091552734,83.9000015258789,3011000,VTV
2015-08-14,64.36146545410156,84.08999633789062,84.12000274658203,83.63999938964844,83.69999694824219,720200,VTV
2015-08-17,64.62167358398438,84.43000030517578,84.44999694824219,83.5199966430664,83.8499984741211,669600,VTV
2015-08-18,64.48391723632812,84.25,84.44999694824219,84.11000061035156,84.3499984741211,720600,VTV
2015-08-19,63.85630416870117,83.43000030517578,84.08999633789062,83.04000091552734,83.83999633789062,963000,VTV
2015-08-20,62.66229248046875,81.87000274658203,82.94000244140625,81.8499984741211,82.80000305175781,1053700,VTV
2015-08-21,60.87895584106445,79.54000091552734,81.45999908447266,79.5199966430664,81.05999755859375,3046800,VTV
2015-08-24,58.36846923828125,76.26000213623047,78.55999755859375,72.25,76.7300033569336,5743700,VTV
2015-08-25,57.396419525146484,74.98999786376953,79.06999969482422,74.9800033569336,76.88999938964844,3727200,VTV
2015-08-26,59.52416229248047,77.7699966430664,77.86000061035156,75.45999908447266,75.7300033569336,4795200,VTV
2015-08-27,60.97077178955078,79.66000366210938,79.76000213623047,78.1500015258789,78.54000091552734,2816600,VTV
2015-08-28,61.00139236450195,79.69999694824219,79.91000366210938,79.19999694824219,79.33999633789062,1461900,VTV
2015-08-31,60.67992401123047,79.27999877929688,79.63999938964844,78.87999725341797,79.38999938964844,2360900,VTV
2015-09-01,58.835350036621094,76.87000274658203,77.95999908447266,76.44000244140625,77.51000213623047,1492700,VTV
2015-09-02,59.792076110839844,78.12000274658203,78.18000030517578,77.08999633789062,77.62999725341797,1895800,VTV
2015-09-03,59.99871826171875,78.38999938964844,79.31999969482422,78.1500015258789,78.52999877929688,1890500,VTV
2015-09-04,58.98841094970703,77.06999969482422,77.62999725341797,76.66999816894531,77.61000061035156,1507300,VTV
2015-09-08,60.457942962646484,78.98999786376953,79.04000091552734,78.0,78.41999816894531,1870500,VTV
2015-09-09,59.60072326660156,77.87000274658203,79.81999969482422,77.7300033569336,79.77999877929688,1783400,VTV
2015-09-10,59.88391876220703,78.23999786376953,78.75,77.63999938964844,77.73999786376953,2249800,VTV
2015-09-11,60.05996322631836,78.47000122070312,78.4800033569336,77.72000122070312,78.08999633789062,1133600,VTV
2015-09-14,59.830318450927734,78.16999816894531,78.47000122070312,77.95999908447266,78.44999694824219,1236000,VTV
2015-09-15,60.64164352416992,79.2300033569336,79.43000030517578,78.36000061035156,78.36000061035156,1117600,VTV
2015-09-16,61.17742919921875,79.93000030517578,80.05000305175781,79.30999755859375,79.3499984741211,1964600,VTV
2015-09-17,60.96310043334961,79.6500015258789,80.91999816894531,79.5,79.80000305175781,2031100,VTV
2015-09-18,59.89158248901367,78.25,79.01000213623047,78.0199966430664,78.58999633789062,1235600,VTV
2015-09-21,60.19593048095703,78.12000274658203,78.56999969482422,77.7300033569336,78.16999816894531,2031600,VTV
2015-09-22,59.47931671142578,77.19000244140625,77.38999938964844,76.69000244140625,77.08000183105469,1747800,VTV
2015-09-23,59.32522201538086,76.98999786376953,77.45999908447266,76.73999786376953,77.19000244140625,1701500,VTV
2015-09-24,59.17880630493164,76.80000305175781,76.9800033569336,75.87999725341797,76.47000122070312,2311700,VTV
2015-09-25,59.31752014160156,76.9800033569336,77.68000030517578,76.58000183105469,77.54000091552734,2082000,VTV
2015-09-28,57.976741790771484,75.23999786376953,76.55000305175781,75.11000061035156,76.48999786376953,2543600,VTV
2015-09-29,58.184791564941406,75.51000213623047,75.8499984741211,75.05000305175781,75.44999694824219,2764400,VTV
2015-09-30,59.14027404785156,76.75,76.83000183105469,75.97000122070312,76.33999633789062,2010000,VTV
2015-10-01,59.2096061706543,76.83999633789062,77.1500015258789,75.95999908447266,76.94999694824219,1839000,VTV
2015-10-02,59.98017883300781,77.83999633789062,77.87000274658203,75.6500015258789,75.91000366210938,2332400,VTV
2015-10-05,61.236183166503906,79.47000122070312,79.56999969482422,78.4800033569336,78.48999786376953,1938000,VTV
2015-10-06,61.13604736328125,79.33999633789062,79.70999908447266,79.11000061035156,79.5199966430664,1147300,VTV
2015-10-07,61.675418853759766,80.04000091552734,80.2300033569336,79.30999755859375,79.79000091552734,892900,VTV
2015-10-08,62.26873779296875,80.80999755859375,80.91999816894531,79.76000213623047,79.80999755859375,1257900,VTV
2015-10-09,62.18397903442383,80.69999694824219,81.08999633789062,80.41000366210938,80.93000030517578,1196200,VTV
2015-10-12,62.15314865112305,80.66000366210938,80.69000244140625,80.37999725341797,80.52999877929688,824100,VTV
2015-10-13,61.82182312011719,80.2300033569336,80.87999725341797,80.13999938964844,80.26000213623047,860600,VTV
2015-10-14,61.51357650756836,79.83000183105469,80.37999725341797,79.68000030517578,80.1500015258789,807000,VTV
2015-10-15,62.407470703125,80.98999786376953,80.98999786376953,79.88999938964844,79.98999786376953,1518000,VTV
2015-10-16,62.68484115600586,81.3499984741211,81.37999725341797,80.83999633789062,81.19000244140625,1414500,VTV
2015-10-19,62.57697677612305,81.20999908447266,81.23999786376953,80.87000274658203,81.04000091552734,762900,VTV
2015-10-20,62.60009765625,81.23999786376953,81.47000122070312,80.94000244140625,81.05999755859375,802100,VTV
2015-10-21,62.19939422607422,80.72000122070312,81.5,80.6500015258789,81.3499984741211,923100,VTV
2015-10-22,63.25503158569336,82.08999633789062,82.2300033569336,81.05999755859375,81.05999755859375,1392300,VTV
2015-10-23,63.88692855834961,82.91000366210938,83.05999755859375,82.47000122070312,82.76000213623047,1073100,VTV
2015-10-26,63.648048400878906,82.5999984741211,82.86000061035156,82.47000122070312,82.83000183105469,853600,VTV
2015-10-27,63.455406188964844,82.3499984741211,82.51000213623047,82.05000305175781,82.37999725341797,827800,VTV
2015-10-28,64.30299377441406,83.44999694824219,83.44999694824219,82.27999877929688,82.45999908447266,1287000,VTV
2015-10-29,64.05643463134766,83.12999725341797,83.33000183105469,82.9000015258789,83.08000183105469,617200,VTV
2015-10-30,63.6634521484375,82.62000274658203,83.2699966430664,82.62000274658203,83.13999938964844,830400,VTV
2015-11-02,64.4802474975586,83.68000030517578,83.77999877929688,82.75,82.83000183105469,1643000,VTV
2015-11-03,64.61895751953125,83.86000061035156,84.1500015258789,83.36000061035156,83.44999694824219,823600,VTV
2015-11-04,64.41859436035156,83.5999984741211,84.05999755859375,83.37000274658203,84.04000091552734,816900,VTV
2015-11-05,64.33382415771484,83.48999786376953,83.7699966430664,83.12999725341797,83.58000183105469,1260400,VTV
2015-11-06,64.38006591796875,83.55000305175781,83.62000274658203,82.9000015258789,83.51000213623047,658800,VTV
2015-11-09,63.771339416503906,82.76000213623047,83.36000061035156,82.36000061035156,83.36000061035156,849400,VTV
2015-11-10,63.94083786010742,82.9800033569336,83.06999969482422,82.48999786376953,82.62999725341797,766200,VTV
2015-11-11,63.732818603515625,82.70999908447266,83.19000244140625,82.68000030517578,83.19000244140625,570800,VTV
2015-11-12,62.74647521972656,81.43000030517578,82.30000305175781,81.43000030517578,82.26000213623047,1687400,VTV
2015-11-13,62.299556732177734,80.8499984741211,81.44000244140625,80.7699966430664,81.16000366210938,1052400,VTV
2015-11-16,63.301300048828125,82.1500015258789,82.1500015258789,80.75,80.75,1398000,VTV
2015-11-17,63.17031478881836,81.9800033569336,82.6500015258789,81.7699966430664,82.2699966430664,1034300,VTV
2015-11-18,64.0949478149414,83.18000030517578,83.2699966430664,82.1500015258789,82.1500015258789,873800,VTV
2015-11-19,64.0410385131836,83.11000061035156,83.29000091552734,82.91999816894531,83.16999816894531,808100,VTV
2015-11-20,64.0872573852539,83.16999816894531,83.62999725341797,83.0199966430664,83.44999694824219,700200,VTV
2015-11-23,63.971656799316406,83.0199966430664,83.4000015258789,82.87000274658203,83.18000030517578,1707200,VTV
2015-11-24,64.1489028930664,83.25,83.45999908447266,82.47000122070312,82.66999816894531,1456400,VTV
2015-11-25,64.07185363769531,83.1500015258789,83.30000305175781,83.04000091552734,83.20999908447266,756500,VTV
2015-11-27,64.15660858154297,83.26000213623047,83.37999725341797,83.0,83.1500015258789,446800,VTV
2015-11-30,64.01020050048828,83.06999969482422,83.41999816894531,83.0199966430664,83.33000183105469,650200,VTV
2015-12-01,64.69598388671875,83.95999908447266,83.98999786376953,83.25,83.37999725341797,1583400,VTV
2015-12-02,63.93317413330078,82.97000122070312,84.0199966430664,82.8499984741211,83.95999908447266,1075100,VTV
2015-12-03,63.07010269165039,81.8499984741211,83.2300033569336,81.58999633789062,83.20999908447266,1467500,VTV
2015-12-04,64.30299377441406,83.44999694824219,83.5999984741211,82.0199966430664,82.08000183105469,1299900,VTV
2015-12-07,63.88692855834961,82.91000366210938,83.25,82.45999908447266,83.25,2609200,VTV
2015-12-08,63.24735641479492,82.08000183105469,82.62999725341797,81.77999877929688,82.16000366210938,1143300,VTV
2015-12-09,62.985382080078125,81.73999786376953,82.9800033569336,81.2300033569336,81.87999725341797,1988700,VTV
2015-12-10,63.124053955078125,81.91999816894531,82.55999755859375,81.62999725341797,81.80999755859375,1332300,VTV
2015-12-11,61.952823638916016,80.4000015258789,81.2699966430664,80.29000091552734,80.94999694824219,2013400,VTV
2015-12-14,62.25332260131836,80.79000091552734,80.8499984741211,79.73999786376953,80.4800033569336,2850200,VTV
2015-12-15,63.1086540222168,81.9000015258789,82.23999786376953,81.44000244140625,81.44000244140625,2951300,VTV
2015-12-16,64.03331756591797,83.0999984741211,83.2300033569336,81.88999938964844,82.47000122070312,3888900,VTV
2015-12-17,63.116355895996094,81.91000366210938,83.23999786376953,81.88999938964844,83.23999786376953,1668200,VTV
2015-12-18,62.00676345825195,80.47000122070312,81.66000366210938,80.47000122070312,81.66000366210938,2174900,VTV
2015-12-21,62.47868347167969,80.48999786376953,80.61000061035156,79.88999938964844,80.44999694824219,2359200,VTV
2015-12-22,63.16950988769531,81.37999725341797,81.51000213623047,80.43000030517578,80.93000030517578,1870800,VTV
2015-12-23,64.07772827148438,82.55000305175781,82.58000183105469,81.7699966430664,81.91999816894531,1343500,VTV
2015-12-24,63.96131134033203,82.4000015258789,82.66000366210938,82.26000213623047,82.45999908447266,881900,VTV
2015-12-28,63.736183166503906,82.11000061035156,82.12000274658203,81.62999725341797,82.05999755859375,1458900,VTV
2015-12-29,64.32612609863281,82.87000274658203,83.0,82.5999984741211,82.70999908447266,1154300,VTV
2015-12-30,63.875938415527344,82.29000091552734,82.80000305175781,82.19999694824219,82.76000213623047,1233000,VTV
2015-12-31,63.278228759765625,81.5199966430664,82.26000213623047,81.5199966430664,81.95999908447266,2106200,VTV
2016-01-04,62.509761810302734,80.52999877929688,80.52999877929688,79.54000091552734,80.36000061035156,2336200,VTV
2016-01-05,62.7115592956543,80.79000091552734,80.88999938964844,80.19000244140625,80.66000366210938,2090400,VTV
2016-01-06,61.81890106201172,79.63999938964844,80.08999633789062,79.19000244140625,79.58999633789062,1664200,VTV
2016-01-07,60.375125885009766,77.77999877929688,79.04000091552734,77.55000305175781,78.20999908447266,2119200,VTV
2016-01-08,59.66098403930664,76.86000061035156,78.4000015258789,76.69000244140625,78.4000015258789,2065700,VTV
2016-01-11,59.622169494628906,76.80999755859375,77.33999633789062,76.0,77.2699966430664,2621900,VTV
2016-01-12,59.986995697021484,77.27999877929688,77.66999816894531,76.31999969482422,77.55000305175781,2165100,VTV
2016-01-13,58.737281799316406,75.66999816894531,77.91000366210938,75.44000244140625,77.69999694824219,1751200,VTV
2016-01-14,59.69205856323242,76.9000015258789,77.38999938964844,75.4800033569336,76.02999877929688,2322500,VTV
2016-01-15,58.40349197387695,75.23999786376953,75.54000091552734,74.33000183105469,75.0,2630400,VTV
2016-01-19,58.4112548828125,75.25,76.05000305175781,74.5999984741211,76.05000305175781,4245300,VTV
2016-01-20,57.51858901977539,74.0999984741211,74.7699966430664,72.4800033569336,74.05999755859375,4773300,VTV
2016-01-21,57.78250503540039,74.44000244140625,75.30000305175781,73.73999786376953,74.26000213623047,4305500,VTV
2016-01-22,58.80714416503906,75.76000213623047,75.8499984741211,75.1500015258789,75.66999816894531,2505800,VTV
2016-01-25,57.78250503540039,74.44000244140625,75.55000305175781,74.38999938964844,75.45999908447266,2000100,VTV
2016-01-26,58.776100158691406,75.72000122070312,75.80999755859375,74.80000305175781,74.80000305175781,2106200,VTV
2016-01-27,58.473350524902344,75.33000183105469,76.62000274658203,74.9000015258789,75.52999877929688,2143600,VTV
2016-01-28,58.72175598144531,75.6500015258789,76.05999755859375,74.95999908447266,75.94999694824219,2075900,VTV
2016-01-29,60.266441345214844,77.63999938964844,77.6500015258789,76.19999694824219,76.2300033569336,1536800,VTV
2016-02-01,60.16553497314453,77.51000213623047,77.83999633789062,76.80000305175781,77.16000366210938,1708000,VTV
2016-02-02,58.9779167175293,75.9800033569336,76.62000274658203,75.76000213623047,76.62000274658203,1469500,VTV
2016-02-03,59.45917510986328,76.5999984741211,76.7699966430664,74.79000091552734,76.44999694824219,4674200,VTV
2016-02-04,59.65322494506836,76.8499984741211,77.33000183105469,76.29000091552734,76.38999938964844,1819800,VTV
2016-02-05,58.99343490600586,76.0,76.79000091552734,75.69000244140625,76.70999908447266,3474300,VTV
2016-02-08,58.35693359375,75.18000030517578,75.44000244140625,74.29000091552734,75.19999694824219,4209000,VTV
2016-02-09,58.28708267211914,75.08999633789062,75.62999725341797,74.26000213623047,74.38999938964844,2751300,VTV
2016-02-10,58.13957214355469,74.9000015258789,76.0199966430664,74.83999633789062,75.47000122070312,2234500,VTV
2016-02-11,57.18480682373047,73.66999816894531,74.2300033569336,73.01000213623047,73.7300033569336,2486700,VTV
2016-02-12,58.465599060058594,75.31999969482422,75.33999633789062,74.23999786376953,74.45999908447266,1977300,VTV
2016-02-16,59.36602783203125,76.4800033569336,76.5,75.69000244140625,76.2300033569336,1852400,VTV
2016-02-17,60.25092315673828,77.62000274658203,77.77999877929688,77.0199966430664,77.02999877929688,2777000,VTV
2016-02-18,60.16553497314453,77.51000213623047,77.80000305175781,77.31999969482422,77.7300033569336,1113100,VTV
2016-02-19,60.041343688964844,77.3499984741211,77.41000366210938,76.83000183105469,77.16999816894531,1149600,VTV
2016-02-22,60.879669189453125,78.43000030517578,78.5,78.02999877929688,78.02999877929688,1352300,VTV
2016-02-23,60.10345458984375,77.43000030517578,78.12999725341797,77.31999969482422,78.12000274658203,1172000,VTV
2016-02-24,60.28971862792969,77.66999816894531,77.75,76.18000030517578,76.69000244140625,1002000,VTV
2016-02-25,61.00385284423828,78.58999633789062,78.61000061035156,77.56999969482422,77.86000061035156,1418100,VTV
2016-02-26,60.85639190673828,78.4000015258789,79.11000061035156,78.36000061035156,79.05000305175781,1013300,VTV
2016-02-29,60.32854080200195,77.72000122070312,78.81999969482422,77.72000122070312,78.45999908447266,1121800,VTV
2016-03-01,61.6558952331543,79.43000030517578,79.44999694824219,78.12000274658203,78.36000061035156,1149100,VTV
2016-03-02,62.16044998168945,80.08000183105469,80.08000183105469,79.16999816894531,79.29000091552734,3086100,VTV
2016-03-03,62.4864616394043,80.5,80.51000213623047,79.69999694824219,80.05999755859375,1355900,VTV
2016-03-04,62.72707748413086,80.80999755859375,81.16000366210938,80.22000122070312,80.55000305175781,1725100,VTV
2016-03-07,62.95220947265625,81.0999984741211,81.25,80.2699966430664,80.44000244140625,1129900,VTV
2016-03-08,62.22255325317383,80.16000366210938,80.75,80.08999633789062,80.63999938964844,1002900,VTV
2016-03-09,62.57183837890625,80.61000061035156,80.91000366210938,80.31999969482422,80.62999725341797,1043700,VTV
2016-03-10,62.57183837890625,80.61000061035156,81.19000244140625,79.80000305175781,80.86000061035156,1668600,VTV
2016-03-11,63.56542205810547,81.88999938964844,81.93000030517578,81.29000091552734,81.30000305175781,876500,VTV
2016-03-14,63.40242385864258,81.68000030517578,81.87000274658203,81.37000274658203,81.58999633789062,1078100,VTV
2016-03-15,63.22386169433594,81.44999694824219,81.45999908447266,80.9800033569336,81.08000183105469,921100,VTV
2016-03-16,63.542110443115234,81.86000061035156,82.01000213623047,81.18000030517578,81.25,1865200,VTV
2016-03-17,64.054443359375,82.5199966430664,82.73999786376953,81.62999725341797,81.88999938964844,1256200,VTV
2016-03-18,64.3416519165039,82.88999938964844,83.08000183105469,82.5999984741211,82.83000183105469,2005900,VTV
2016-03-21,64.38538360595703,82.41000366210938,82.5,82.05000305175781,82.16000366210938,2363100,VTV
2016-03-22,64.29167175292969,82.29000091552734,82.58000183105469,81.91999816894531,82.0999984741211,1121700,VTV
2016-03-23,63.8385124206543,81.70999908447266,82.19000244140625,81.6500015258789,82.19000244140625,1310600,VTV
2016-03-24,63.79943084716797,81.66000366210938,81.66000366210938,81.05000305175781,81.16999816894531,811900,VTV
2016-03-28,63.82290267944336,81.69000244140625,81.9000015258789,81.41999816894531,81.8499984741211,913600,VTV
2016-03-29,64.23695373535156,82.22000122070312,82.22000122070312,81.23999786376953,81.48999786376953,795800,VTV
2016-03-30,64.47916412353516,82.52999877929688,82.87000274658203,82.38999938964844,82.6500015258789,781700,VTV
2016-03-31,64.3697738647461,82.38999938964844,82.69000244140625,82.2699966430664,82.52999877929688,960500,VTV
2016-04-01,64.65885162353516,82.76000213623047,82.83999633789062,81.6500015258789,81.76000213623047,904700,VTV
2016-04-04,64.37760162353516,82.4000015258789,82.7300033569336,82.25,82.68000030517578,782400,VTV
2016-04-05,63.7760009765625,81.62999725341797,82.0199966430664,81.5,81.94000244140625,1115900,VTV
2016-04-06,64.3307113647461,82.33999633789062,82.36000061035156,81.41000366210938,81.63999938964844,775900,VTV
2016-04-07,63.572872161865234,81.37000274658203,82.0,81.02999877929688,81.80999755859375,691100,VTV
2016-04-08,63.8072395324707,81.66999816894531,82.19000244140625,81.44999694824219,81.91000366210938,576800,VTV
2016-04-11,63.75259017944336,81.5999984741211,82.36000061035156,81.58000183105469,81.95999908447266,862700,VTV
2016-04-12,64.40101623535156,82.43000030517578,82.55999755859375,81.55999755859375,81.69000244140625,714000,VTV
2016-04-13,65.12761688232422,83.36000061035156,83.38999938964844,82.73999786376953,82.9000015258789,813900,VTV
2016-04-14,65.14324188232422,83.37999725341797,83.55000305175781,83.13999938964844,83.30999755859375,744600,VTV
2016-04-15,65.06510925292969,83.27999877929688,83.4800033569336,83.12000274658203,83.41000366210938,703100,VTV
2016-04-18,65.54167938232422,83.88999938964844,83.93000030517578,82.97000122070312,83.0,684200,VTV
2016-04-19,66.05735778808594,84.55000305175781,84.58999633789062,84.12999725341797,84.12999725341797,1025900,VTV
2016-04-20,66.16673278808594,84.69000244140625,85.02999877929688,84.41999816894531,84.56999969482422,1302800,VTV
2016-04-21,65.7136001586914,84.11000061035156,84.75,83.9800033569336,84.69000244140625,706300,VTV
2016-04-22,65.89326477050781,84.33999633789062,84.37000274658203,83.94999694824219,84.08000183105469,795000,VTV
2016-04-25,65.6901626586914,84.08000183105469,84.20999908447266,83.66000366210938,84.08000183105469,860600,VTV
2016-04-26,65.95577239990234,84.41999816894531,84.47000122070312,84.12999725341797,84.23999786376953,838800,VTV
2016-04-27,66.35421752929688,84.93000030517578,85.0999984741211,84.3499984741211,84.44999694824219,617000,VTV
2016-04-28,65.72137451171875,84.12000274658203,84.88999938964844,83.91999816894531,84.36000061035156,705500,VTV
2016-04-29,65.34638977050781,83.63999938964844,83.97000122070312,83.0999984741211,83.80000305175781,1099600,VTV
2016-05-02,65.7682876586914,84.18000030517578,84.2699966430664,83.62000274658203,83.87000274658203,800500,VTV
2016-05-03,65.10419464111328,83.33000183105469,83.58000183105469,82.9800033569336,83.58000183105469,1146400,VTV
2016-05-04,64.64323425292969,82.73999786376953,83.19999694824219,82.52999877929688,82.88999938964844,1245200,VTV
2016-05-05,64.64323425292969,82.73999786376953,83.20999908447266,82.5199966430664,82.95999908447266,608100,VTV
2016-05-06,64.81510925292969,82.95999908447266,83.0,82.29000091552734,82.38999938964844,2009800,VTV
2016-05-09,64.70573425292969,82.81999969482422,83.08999633789062,82.55999755859375,82.88999938964844,820100,VTV
2016-05-10,65.51043701171875,83.8499984741211,83.86000061035156,83.08000183105469,83.08000183105469,764900,VTV
2016-05-11,65.11199188232422,83.33999633789062,83.95999908447266,83.29000091552734,83.68000030517578,867900,VTV
2016-05-12,65.14324188232422,83.37999725341797,83.72000122070312,82.94999694824219,83.62999725341797,687600,VTV
2016-05-13,64.47916412353516,82.52999877929688,83.47000122070312,82.37000274658203,83.2300033569336,1127200,VTV
2016-05-16,65.08857727050781,83.30999755859375,83.51000213623047,82.5199966430664,82.5199966430664,724000,VTV
2016-05-17,64.56511688232422,82.63999938964844,83.25,82.36000061035156,83.12999725341797,1322000,VTV
2016-05-18,64.6197738647461,82.70999908447266,83.25,82.19999694824219,82.47000122070312,2761100,VTV
2016-05-19,64.45574188232422,82.5,82.6500015258789,81.86000061035156,82.4000015258789,2590100,VTV
2016-05-20,64.79166412353516,82.93000030517578,83.19000244140625,82.7300033569336,82.83000183105469,4359300,VTV
2016-05-23,64.6197738647461,82.70999908447266,82.9800033569336,82.6500015258789,82.83999633789062,845500,VTV
2016-05-24,65.35419464111328,83.6500015258789,83.83999633789062,83.08000183105469,83.08000183105469,1001900,VTV
2016-05-25,65.94014739990234,84.4000015258789,84.62000274658203,83.95999908447266,83.95999908447266,646800,VTV
2016-05-26,65.85421752929688,84.29000091552734,84.55999755859375,84.18000030517578,84.41999816894531,604000,VTV
2016-05-27,66.14328002929688,84.66000366210938,84.66000366210938,84.36000061035156,84.41999816894531,497000,VTV
2016-05-31,66.04170989990234,84.52999877929688,84.93000030517578,84.22000122070312,84.80999755859375,674500,VTV
2016-06-01,66.19796752929688,84.7300033569336,84.81999969482422,84.04000091552734,84.22000122070312,743500,VTV
2016-06-02,66.37767791748047,84.95999908447266,84.9800033569336,84.3499984741211,84.4800033569336,721700,VTV
2016-06-03,66.16673278808594,84.69000244140625,84.87000274658203,84.18000030517578,84.66999816894531,854300,VTV
2016-06-06,66.61988067626953,85.2699966430664,85.45999908447266,84.86000061035156,84.86000061035156,934700,VTV
2016-06-07,66.80736541748047,85.51000213623047,85.75,85.37999725341797,85.37999725341797,601300,VTV
2016-06-08,67.01050567626953,85.7699966430664,85.86000061035156,85.55000305175781,85.56999969482422,504300,VTV
2016-06-09,66.86988067626953,85.58999633789062,85.68000030517578,85.20999908447266,85.38999938964844,695800,VTV
2016-06-10,66.31517028808594,84.87999725341797,85.22000122070312,84.62000274658203,85.0,717800,VTV
2016-06-13,65.79171752929688,84.20999908447266,84.95999908447266,84.1500015258789,84.58999633789062,1019100,VTV
2016-06-14,65.54338836669922,83.41000366210938,83.75,82.97000122070312,83.51000213623047,710000,VTV
2016-06-15,65.45695495605469,83.30000305175781,83.87999725341797,83.20999908447266,83.58000183105469,857100,VTV
2016-06-16,65.7398452758789,83.66000366210938,83.70999908447266,82.4800033569336,82.97000122070312,905800,VTV
2016-06-17,65.73198699951172,83.6500015258789,83.79000091552734,83.22000122070312,83.69999694824219,1124400,VTV
2016-06-20,66.07775115966797,84.08999633789062,84.75,84.02999877929688,84.56999969482422,787100,VTV
2016-06-21,66.3134536743164,84.38999938964844,84.61000061035156,84.02999877929688,84.30000305175781,722600,VTV
2016-06-22,66.23490142822266,84.29000091552734,84.83999633789062,84.23999786376953,84.45999908447266,2173500,VTV
2016-06-23,67.17784881591797,85.48999786376953,85.48999786376953,84.87999725341797,85.05000305175781,683000,VTV
2016-06-24,64.69473266601562,82.33000183105469,83.9000015258789,82.19000244140625,82.69000244140625,1932000,VTV
2016-06-27,63.47675704956055,80.77999877929688,81.69999694824219,80.43000030517578,81.69999694824219,1649700,VTV
2016-06-28,64.55329895019531,82.1500015258789,82.1500015258789,81.30999755859375,81.73999786376953,1770800,VTV
2016-06-29,65.7083969116211,83.62000274658203,83.70999908447266,82.7699966430664,82.83000183105469,980700,VTV
2016-06-30,66.78495788574219,84.98999786376953,85.0,83.62999725341797,83.87999725341797,903100,VTV
2016-07-01,66.80853271484375,85.0199966430664,85.2300033569336,84.87999725341797,84.87999725341797,2305200,VTV
2016-07-05,66.19561767578125,84.23999786376953,84.5999984741211,84.0,84.5999984741211,814400,VTV
2016-07-06,66.61994934082031,84.77999877929688,84.81999969482422,83.5999984741211,83.94999694824219,988700,VTV
2016-07-07,66.45491790771484,84.56999969482422,85.2300033569336,84.22000122070312,84.87999725341797,738000,VTV
2016-07-08,67.43718719482422,85.81999969482422,85.91999816894531,85.12999725341797,85.19999694824219,701300,VTV
2016-07-11,67.66503143310547,86.11000061035156,86.3499984741211,85.95999908447266,86.04000091552734,863100,VTV
2016-07-12,68.21508026123047,86.80999755859375,86.9800033569336,86.4800033569336,86.4800033569336,763100,VTV
2016-07-13,68.36442565917969,87.0,87.05000305175781,86.63999938964844,86.94999694824219,1171900,VTV
2016-07-14,68.73372650146484,87.47000122070312,87.7300033569336,87.30000305175781,87.58999633789062,1363700,VTV
2016-07-15,68.69442749023438,87.41999816894531,87.79000091552734,87.12999725341797,87.69000244140625,1056500,VTV
2016-07-18,68.78874206542969,87.54000091552734,87.5999984741211,87.29000091552734,87.43000030517578,700800,VTV
2016-07-19,68.7180404663086,87.44999694824219,87.47000122070312,87.16000366210938,87.4000015258789,788100,VTV
2016-07-20,68.95377349853516,87.75,87.9000015258789,87.4800033569336,87.73999786376953,631300,VTV
2016-07-21,68.71015930175781,87.44000244140625,87.87000274658203,87.30000305175781,87.72000122070312,569100,VTV
2016-07-22,69.05593872070312,87.87999725341797,87.91000366210938,87.43000030517578,87.4800033569336,557000,VTV
2016-07-25,68.82015991210938,87.58000183105469,87.76000213623047,87.29000091552734,87.76000213623047,675600,VTV
2016-07-26,68.88304901123047,87.66000366210938,87.79000091552734,87.30000305175781,87.54000091552734,636900,VTV
2016-07-27,68.63158416748047,87.33999633789062,87.69999694824219,87.05000305175781,87.66000366210938,689800,VTV
2016-07-28,68.59226989746094,87.29000091552734,87.43000030517578,86.88999938964844,87.16999816894531,571700,VTV
2016-07-29,68.66300201416016,87.37999725341797,87.5199966430664,86.95999908447266,87.04000091552734,808300,VTV
2016-08-01,68.38800048828125,87.02999877929688,87.44999694824219,86.86000061035156,87.41999816894531,656200,VTV
2016-08-02,68.01081085205078,86.55000305175781,87.02999877929688,86.19000244140625,86.94000244140625,1261800,VTV
2016-08-03,68.26224517822266,86.87000274658203,86.88999938964844,86.4000015258789,86.52999877929688,760300,VTV
2016-08-04,68.30156707763672,86.91999816894531,87.08999633789062,86.80999755859375,86.87999725341797,821400,VTV
2016-08-05,69.00089263916016,87.80999755859375,87.80999755859375,87.33999633789062,87.33999633789062,503500,VTV
2016-08-08,69.04021453857422,87.86000061035156,88.04000091552734,87.76000213623047,87.9000015258789,631100,VTV
2016-08-09,69.04021453857422,87.86000061035156,88.06999969482422,87.68000030517578,87.93000030517578,736800,VTV
2016-08-10,68.81233978271484,87.56999969482422,87.94999694824219,87.41000366210938,87.88999938964844,811200,VTV
2016-08-11,69.16593933105469,88.0199966430664,88.12000274658203,87.72000122070312,87.79000091552734,589900,VTV
2016-08-12,69.08733367919922,87.91999816894531,88.0,87.72000122070312,87.83000183105469,1146700,VTV
2016-08-15,69.29167175292969,88.18000030517578,88.31999969482422,88.0999984741211,88.0999984741211,809100,VTV
2016-08-16,68.97733306884766,87.77999877929688,88.0199966430664,87.7699966430664,87.97000122070312,626100,VTV
2016-08-17,69.1187744140625,87.95999908447266,88.04000091552734,87.43000030517578,87.72000122070312,587800,VTV
2016-08-18,69.33092498779297,88.2300033569336,88.29000091552734,87.93000030517578,87.94999694824219,819600,VTV
2016-08-19,69.21308135986328,88.08000183105469,88.1500015258789,87.72000122070312,88.05999755859375,517200,VTV
2016-08-22,69.15807342529297,88.01000213623047,88.0999984741211,87.66000366210938,87.97000122070312,661100,VTV
2016-08-23,69.26807403564453,88.1500015258789,88.44000244140625,88.12999725341797,88.23999786376953,613300,VTV
2016-08-24,69.05593872070312,87.87999725341797,88.16999816894531,87.69999694824219,88.12000274658203,517700,VTV
2016-08-25,69.01663970947266,87.83000183105469,88.01000213623047,87.69999694824219,87.7300033569336,577300,VTV
2016-08-26,68.83589172363281,87.5999984741211,88.41000366210938,87.25,87.91999816894531,797600,VTV
2016-08-29,69.307373046875,88.19999694824219,88.30000305175781,87.66999816894531,87.69999694824219,579100,VTV
2016-08-30,69.27594757080078,88.16000366210938,88.33000183105469,87.91999816894531,88.20999908447266,1001300,VTV
2016-08-31,69.12665557861328,87.97000122070312,88.11000061035156,87.51000213623047,88.04000091552734,619100,VTV
2016-09-01,69.04021453857422,87.86000061035156,88.08999633789062,87.30000305175781,87.97000122070312,851500,VTV
2016-09-02,69.40955352783203,88.33000183105469,88.44999694824219,88.0199966430664,88.19000244140625,637500,VTV
2016-09-06,69.50379180908203,88.44999694824219,88.4800033569336,88.0,88.44000244140625,1676100,VTV
2016-09-07,69.52740478515625,88.4800033569336,88.55000305175781,88.20999908447266,88.37000274658203,798500,VTV
2016-09-08,69.55883026123047,88.5199966430664,88.5999984741211,88.25,88.37000274658203,825800,VTV
2016-09-09,67.96367645263672,86.48999786376953,87.9800033569336,86.47000122070312,87.9000015258789,1338800,VTV
2016-09-12,68.85160827636719,87.62000274658203,87.79000091552734,85.97000122070312,86.0999984741211,1183800,VTV
2016-09-13,67.70333099365234,85.61000061035156,86.37000274658203,85.33999633789062,86.33000183105469,1837000,VTV
2016-09-14,67.45025634765625,85.29000091552734,86.04000091552734,85.06999969482422,85.58999633789062,1278400,VTV
2016-09-15,68.0908203125,86.0999984741211,86.27999877929688,85.08999633789062,85.22000122070312,1405200,VTV
2016-09-16,67.78239440917969,85.70999908447266,85.8499984741211,85.41999816894531,85.8499984741211,746600,VTV
2016-09-19,67.90101623535156,85.86000061035156,86.4000015258789,85.69999694824219,86.06999969482422,1555800,VTV
2016-09-20,67.81402587890625,85.75,86.31999969482422,85.73999786376953,86.25,1026200,VTV
2016-09-21,68.5811538696289,86.72000122070312,86.79000091552734,85.8499984741211,86.0199966430664,1084000,VTV
2016-09-22,68.92910766601562,87.16000366210938,87.36000061035156,86.95999908447266,87.0999984741211,1309000,VTV
2016-09-23,68.58905029296875,86.7300033569336,87.06999969482422,86.66999816894531,86.97000122070312,928300,VTV
2016-09-26,67.98011016845703,85.95999908447266,86.51000213623047,85.91000366210938,86.38999938964844,861200,VTV
2016-09-27,68.37552642822266,86.45999908447266,86.55999755859375,85.75,85.86000061035156,1305900,VTV
2016-09-28,68.9053955078125,87.12999725341797,87.19000244140625,86.13999938964844,86.62999725341797,822500,VTV
2016-09-29,68.24901580810547,86.30000305175781,87.2699966430664,86.01000213623047,87.05000305175781,1177200,VTV
2016-09-30,68.80257415771484,87.0,87.30999755859375,86.58999633789062,86.68000030517578,1058400,VTV
2016-10-03,68.60486602783203,86.75,86.8499984741211,86.48999786376953,86.80000305175781,1374400,VTV
2016-10-04,68.24109649658203,86.29000091552734,86.87999725341797,86.0199966430664,86.83000183105469,1708100,VTV
2016-10-05,68.66812896728516,86.83000183105469,87.05999755859375,86.54000091552734,86.54000091552734,1018300,VTV
2016-10-06,68.73139190673828,86.91000366210938,86.94999694824219,86.41999816894531,86.73999786376953,942600,VTV
2016-10-07,68.49413299560547,86.61000061035156,87.04000091552734,86.20999908447266,86.91999816894531,992400,VTV
2016-10-10,68.83419799804688,87.04000091552734,87.30000305175781,86.61000061035156,86.61000061035156,923400,VTV
2016-10-11,68.01966094970703,86.01000213623047,86.87000274658203,85.66999816894531,86.87000274658203,787800,VTV
2016-10-12,68.06710052490234,86.06999969482422,86.27999877929688,85.7699966430664,86.08000183105469,1176100,VTV
2016-10-13,67.83773803710938,85.77999877929688,85.9800033569336,85.01000213623047,85.48999786376953,908800,VTV
2016-10-14,67.86148071289062,85.80999755859375,86.4800033569336,85.80999755859375,86.22000122070312,1732400,VTV
2016-10-17,67.68749237060547,85.58999633789062,86.01000213623047,85.5,85.81999969482422,852700,VTV
2016-10-18,68.06710052490234,86.06999969482422,86.31999969482422,85.87000274658203,86.31999969482422,738600,VTV
2016-10-19,68.23318481445312,86.27999877929688,86.4800033569336,85.98999786376953,86.13999938964844,817400,VTV
2016-10-20,68.0908203125,86.0999984741211,86.37000274658203,85.80000305175781,86.08000183105469,1149100,VTV
2016-10-21,67.96427917480469,85.94000244140625,86.05000305175781,85.58999633789062,85.69000244140625,752400,VTV
2016-10-24,68.19364166259766,86.2300033569336,86.47000122070312,86.05000305175781,86.33999633789062,761200,VTV
2016-10-25,68.15409088134766,86.18000030517578,86.5,86.08999633789062,86.22000122070312,819900,VTV
2016-10-26,68.29643249511719,86.36000061035156,86.56999969482422,85.87999725341797,85.91999816894531,916500,VTV
2016-10-27,68.22526550292969,86.2699966430664,86.72000122070312,86.12999725341797,86.72000122070312,1177800,VTV
2016-10-28,67.98800659179688,85.97000122070312,86.52999877929688,85.61000061035156,86.19000244140625,1341700,VTV
2016-10-31,68.05126953125,86.05000305175781,86.3499984741211,86.0,86.12000274658203,1144200,VTV
2016-11-01,67.64795684814453,85.54000091552734,86.2699966430664,84.9800033569336,86.16999816894531,1239300,VTV
2016-11-02,67.24464416503906,85.02999877929688,85.44999694824219,84.80999755859375,85.3499984741211,1422500,VTV
2016-11-03,67.04691314697266,84.77999877929688,85.33000183105469,84.66000366210938,85.13999938964844,942800,VTV
2016-11-04,66.944091796875,84.6500015258789,85.19000244140625,84.58000183105469,84.83000183105469,2857800,VTV
2016-11-07,68.39926147460938,86.48999786376953,86.5199966430664,85.76000213623047,85.76000213623047,818200,VTV
2016-11-08,68.62857818603516,86.77999877929688,87.06999969482422,86.11000061035156,86.26000213623047,851900,VTV
2016-11-09,69.79903411865234,88.26000213623047,88.66000366210938,86.25,86.25,2074800,VTV
2016-11-10,70.51075744628906,89.16000366210938,89.5,88.37000274658203,88.83000183105469,1774400,VTV
2016-11-11,70.37635040283203,88.98999786376953,89.08999633789062,88.44999694824219,88.93000030517578,2913800,VTV
2016-11-14,70.86665344238281,89.61000061035156,89.7699966430664,89.22000122070312,89.26000213623047,2454300,VTV
2016-11-15,71.38072204589844,90.26000213623047,90.2699966430664,89.44999694824219,89.66999816894531,3323500,VTV
2016-11-16,70.99317169189453,89.7699966430664,90.08000183105469,89.56999969482422,89.98999786376953,1014800,VTV
2016-11-17,71.26998138427734,90.12000274658203,90.19999694824219,89.7699966430664,89.79000091552734,1126300,VTV
2016-11-18,71.16715240478516,89.98999786376953,90.25,89.86000061035156,90.19999694824219,762600,VTV
2016-11-21,71.6258544921875,90.56999969482422,90.58000183105469,90.18000030517578,90.2699966430664,1403800,VTV
2016-11-22,71.83146667480469,90.83000183105469,90.91000366210938,90.43000030517578,90.73999786376953,1111200,VTV
2016-11-23,71.9184799194336,90.94000244140625,90.98999786376953,90.54000091552734,90.66000366210938,1648200,VTV
2016-11-25,72.2901611328125,91.41000366210938,91.41000366210938,91.05999755859375,91.16000366210938,744900,VTV
2016-11-28,71.9263687133789,90.94999694824219,91.30000305175781,90.87000274658203,91.22000122070312,1146400,VTV
2016-11-29,71.97382354736328,91.01000213623047,91.19999694824219,90.75,90.97000122070312,947800,VTV
2016-11-30,72.13199615478516,91.20999908447266,91.63999938964844,91.20999908447266,91.52999877929688,1316200,VTV
2016-12-01,72.32969665527344,91.45999908447266,91.75,91.30000305175781,91.48999786376953,1185900,VTV
2016-12-02,72.24270629882812,91.3499984741211,91.62000274658203,91.20999908447266,91.51000213623047,983700,VTV
2016-12-05,72.63812255859375,91.8499984741211,92.01000213623047,91.5199966430664,91.7699966430664,1054200,VTV
2016-12-06,72.93865203857422,92.2300033569336,92.25,91.6500015258789,91.98999786376953,1226300,VTV
2016-12-07,73.91136932373047,93.45999908447266,93.5199966430664,92.0999984741211,92.20999908447266,1721600,VTV
2016-12-08,74.0537109375,93.63999938964844,94.0,93.30000305175781,93.48999786376953,1244900,VTV
2016-12-09,74.4886703491211,94.19000244140625,94.22000122070312,93.62000274658203,93.69000244140625,1298800,VTV
2016-12-12,74.52821350097656,94.23999786376953,94.62000274658203,94.08000183105469,94.19999694824219,1690300,VTV
2016-12-13,74.91571807861328,94.7300033569336,94.93000030517578,94.29000091552734,94.52999877929688,1339100,VTV
2016-12-14,74.21187591552734,93.83999633789062,94.91000366210938,93.61000061035156,94.54000091552734,3478500,VTV
2016-12-15,74.58355712890625,94.30999755859375,94.70999908447266,93.87999725341797,93.97000122070312,2057300,VTV
2016-12-16,74.49657440185547,94.19999694824219,94.7699966430664,94.06999969482422,94.56999969482422,1232800,VTV
2016-12-19,74.69428253173828,94.44999694824219,94.51000213623047,94.12000274658203,94.2699966430664,3004200,VTV
2016-12-20,74.93944549560547,94.76000213623047,94.88999938964844,94.56999969482422,94.66000366210938,1142000,VTV
2016-12-21,74.78919982910156,94.56999969482422,94.80999755859375,94.55000305175781,94.77999877929688,2937100,VTV
2016-12-22,74.7453842163086,93.81999969482422,93.94000244140625,93.62999725341797,93.80000305175781,1232400,VTV
2016-12-23,74.8011474609375,93.88999938964844,93.88999938964844,93.69999694824219,93.79000091552734,810800,VTV
2016-12-27,74.89673614501953,94.01000213623047,94.1500015258789,93.93000030517578,93.9800033569336,1518800,VTV
2016-12-28,74.27533721923828,93.2300033569336,94.19000244140625,93.19000244140625,94.18000030517578,1183100,VTV
2016-12-29,74.24345397949219,93.19000244140625,93.44999694824219,92.97000122070312,93.3499984741211,1171100,VTV
2016-12-30,74.10002899169922,93.01000213623047,93.3499984741211,92.66000366210938,93.3499984741211,1410500,VTV
2017-01-03,74.59400177001953,93.62999725341797,93.87000274658203,93.08999633789062,93.62999725341797,1952000,VTV
2017-01-04,75.00029754638672,94.13999938964844,94.20999908447266,93.80999755859375,93.86000061035156,1733400,VTV
2017-01-05,74.72148132324219,93.79000091552734,94.0199966430664,93.44000244140625,94.0199966430664,1528500,VTV
2017-01-06,74.79316711425781,93.87999725341797,94.13999938964844,93.51000213623047,93.80000305175781,1409700,VTV
2017-01-09,74.3868637084961,93.37000274658203,93.7699966430664,93.31999969482422,93.75,1149200,VTV
2017-01-10,74.37891387939453,93.36000061035156,93.83999633789062,93.16000366210938,93.37999725341797,1189200,VTV
2017-01-11,74.6497573852539,93.69999694824219,93.69999694824219,93.11000061035156,93.37999725341797,1417000,VTV
2017-01-12,74.42668151855469,93.41999816894531,93.66999816894531,92.77999877929688,93.55999755859375,1212700,VTV
2017-01-13,74.5302734375,93.55000305175781,93.8499984741211,93.36000061035156,93.5199966430664,1284700,VTV
2017-01-17,74.13190460205078,93.05000305175781,93.33000183105469,92.83999633789062,93.29000091552734,2078100,VTV
2017-01-18,74.25940704345703,93.20999908447266,93.20999908447266,92.8499984741211,93.19999694824219,1083300,VTV
2017-01-19,73.94072723388672,92.80999755859375,93.3499984741211,92.58000183105469,93.23999786376953,1395100,VTV
2017-01-20,74.2833023071289,93.23999786376953,93.4800033569336,92.9800033569336,93.0999984741211,1046800,VTV
2017-01-23,74.02837371826172,92.91999816894531,93.26000213623047,92.58000183105469,93.08000183105469,7898300,VTV
2017-01-24,74.57009887695312,93.5999984741211,93.80000305175781,92.87000274658203,92.97000122070312,2207400,VTV
2017-01-25,75.1277847290039,94.30000305175781,94.3499984741211,93.91000366210938,94.05999755859375,1664100,VTV
2017-01-26,75.09590911865234,94.26000213623047,94.41000366210938,94.08000183105469,94.29000091552734,1653700,VTV
2017-01-27,74.97643280029297,94.11000061035156,94.31999969482422,94.02999877929688,94.31999969482422,1190700,VTV
2017-01-30,74.5063705444336,93.5199966430664,93.79000091552734,93.06999969482422,93.7300033569336,1802200,VTV
2017-01-31,74.4665298461914,93.47000122070312,93.48999786376953,92.98999786376953,93.37999725341797,1896000,VTV
2017-02-01,74.25140380859375,93.19999694824219,93.83000183105469,93.0,93.69999694824219,1456000,VTV
2017-02-02,74.27533721923828,93.2300033569336,93.29000091552734,92.8499984741211,93.04000091552734,1234500,VTV
2017-02-03,74.95250701904297,94.08000183105469,94.1500015258789,93.55000305175781,93.81999969482422,1345400,VTV
2017-02-06,74.78520202636719,93.87000274658203,94.11000061035156,93.70999908447266,93.9000015258789,1202400,VTV
2017-02-07,74.6418228149414,93.69000244140625,94.12000274658203,93.58999633789062,94.05999755859375,1044000,VTV
2017-02-08,74.6418228149414,93.69000244140625,93.72000122070312,93.33999633789062,93.58000183105469,1923700,VTV
2017-02-09,75.11980438232422,94.29000091552734,94.47000122070312,93.69000244140625,93.69000244140625,1654100,VTV
2017-02-10,75.41460418701172,94.66000366210938,94.80999755859375,94.41999816894531,94.51000213623047,1362900,VTV
2017-02-13,75.92449188232422,95.30000305175781,95.44000244140625,94.86000061035156,94.91999816894531,1076000,VTV
2017-02-14,76.2829818725586,95.75,95.75,95.08999633789062,95.20999908447266,1372500,VTV
2017-02-15,76.62557220458984,96.18000030517578,96.30999755859375,95.5999984741211,95.66999816894531,2014200,VTV
2017-02-16,76.64149475097656,96.19999694824219,96.31999969482422,95.81999969482422,96.20999908447266,1583700,VTV
2017-02-17,76.62557220458984,96.18000030517578,96.19000244140625,95.66000366210938,95.80999755859375,1303800,VTV
2017-02-21,77.09562683105469,96.7699966430664,96.87999725341797,96.30000305175781,96.30000305175781,1667800,VTV
2017-02-22,77.03983306884766,96.69999694824219,96.79000091552734,96.45999908447266,96.5199966430664,2519200,VTV
2017-02-23,77.20713806152344,96.91000366210938,97.0,96.51000213623047,96.95999908447266,1022700,VTV
2017-02-24,77.2151107788086,96.91999816894531,96.94000244140625,96.45999908447266,96.45999908447266,1116700,VTV
2017-02-27,77.29478454589844,97.0199966430664,97.12999725341797,96.7699966430664,96.87999725341797,2818100,VTV
2017-02-28,77.13545989990234,96.81999969482422,96.97000122070312,96.58999633789062,96.79000091552734,2719800,VTV
2017-03-01,78.26673126220703,98.23999786376953,98.5,97.61000061035156,97.62999725341797,1503900,VTV
2017-03-02,77.69309997558594,97.5199966430664,98.23999786376953,97.4800033569336,98.16000366210938,1285700,VTV
2017-03-03,77.71701049804688,97.55000305175781,97.66000366210938,97.3499984741211,97.5199966430664,1591600,VTV
2017-03-06,77.4541244506836,97.22000122070312,97.37999725341797,96.94999694824219,97.16000366210938,1788300,VTV
2017-03-07,77.18325805664062,96.87999725341797,97.19000244140625,96.80000305175781,97.12000274658203,1388100,VTV
2017-03-08,76.9920654296875,96.63999938964844,97.16000366210938,96.55999755859375,97.05000305175781,1489800,VTV
2017-03-09,77.05579376220703,96.72000122070312,96.91999816894531,96.31999969482422,96.70999908447266,1208400,VTV
2017-03-10,77.30276489257812,97.02999877929688,97.27999877929688,96.61000061035156,97.23999786376953,1360500,VTV
2017-03-13,77.23899841308594,96.94999694824219,97.0999984741211,96.80000305175781,97.0,1725700,VTV
2017-03-14,76.94424438476562,96.58000183105469,96.7300033569336,96.25,96.7300033569336,1060500,VTV
2017-03-15,77.59754180908203,97.4000015258789,97.58999633789062,96.66999816894531,96.86000061035156,1283700,VTV
2017-03-16,77.4859848022461,97.26000213623047,97.56999969482422,97.08000183105469,97.52999877929688,2285600,VTV
2017-03-17,77.28682708740234,97.01000213623047,97.4000015258789,97.01000213623047,97.4000015258789,799700,VTV
2017-03-20,77.05579376220703,96.72000122070312,97.01000213623047,96.62000274658203,96.98999786376953,857800,VTV
2017-03-21,75.96430969238281,95.3499984741211,97.02999877929688,95.29000091552734,97.02999877929688,1499400,VTV
2017-03-22,76.05196380615234,95.45999908447266,95.66000366210938,95.02999877929688,95.30000305175781,1255500,VTV
2017-03-23,76.02802276611328,95.43000030517578,96.02999877929688,95.20999908447266,95.31999969482422,1688200,VTV
2017-03-24,75.87417602539062,94.68000030517578,95.25,94.31999969482422,95.0199966430664,1545900,VTV
2017-03-27,75.69789123535156,94.45999908447266,94.5999984741211,93.66999816894531,93.88999938964844,1586800,VTV
2017-03-28,76.33097076416016,95.25,95.45999908447266,94.26000213623047,94.33000183105469,1578600,VTV
2017-03-29,76.29891967773438,95.20999908447266,95.36000061035156,94.91999816894531,95.16000366210938,2012500,VTV
2017-03-30,76.675537109375,95.68000030517578,95.77999877929688,95.08000183105469,95.23999786376953,1010400,VTV
2017-03-31,76.4271011352539,95.37000274658203,95.70999908447266,95.3499984741211,95.58000183105469,1315900,VTV
2017-04-03,76.26685333251953,95.16999816894531,95.44000244140625,94.5199966430664,95.43000030517578,1715800,VTV
2017-04-04,76.37104797363281,95.30000305175781,95.31999969482422,94.8499984741211,95.02999877929688,1031700,VTV
2017-04-05,76.0584945678711,94.91000366210938,96.16999816894531,94.87999725341797,95.69999694824219,1863800,VTV
2017-04-06,76.29891967773438,95.20999908447266,95.51000213623047,94.73999786376953,95.02999877929688,1140400,VTV
2017-04-07,76.2027359008789,95.08999633789062,95.45999908447266,94.9000015258789,95.12999725341797,1122200,VTV
2017-04-10,76.21074676513672,95.0999984741211,95.51000213623047,94.87000274658203,95.1500015258789,1008900,VTV
2017-04-11,76.21074676513672,95.0999984741211,95.0999984741211,94.36000061035156,94.94999694824219,1498900,VTV
2017-04-12,75.89019775390625,94.69999694824219,95.02999877929688,94.5,95.01000213623047,1833100,VTV
2017-04-13,75.2571029663086,93.91000366210938,94.7699966430664,93.9000015258789,94.48999786376953,1158900,VTV
2017-04-17,75.86616516113281,94.66999816894531,94.68000030517578,93.91999816894531,94.08000183105469,1857800,VTV
2017-04-18,75.53759002685547,94.26000213623047,94.51000213623047,93.91999816894531,94.30000305175781,1196100,VTV
2017-04-19,75.27313995361328,93.93000030517578,94.61000061035156,93.80999755859375,94.5,1093800,VTV
2017-04-20,75.91423797607422,94.7300033569336,94.94000244140625,94.05999755859375,94.26000213623047,1175400,VTV
2017-04-21,75.61773681640625,94.36000061035156,94.7300033569336,94.19999694824219,94.66000366210938,918100,VTV
2017-04-24,76.52328491210938,95.48999786376953,95.5999984741211,95.25,95.38999938964844,785400,VTV
2017-04-25,76.9239730834961,95.98999786376953,96.18000030517578,95.79000091552734,95.87999725341797,1359700,VTV
2017-04-26,76.85987091064453,95.91000366210938,96.41000366210938,95.81999969482422,95.91000366210938,1100200,VTV
2017-04-27,76.70761108398438,95.72000122070312,96.0,95.44000244140625,95.97000122070312,1465900,VTV
2017-04-28,76.40309143066406,95.33999633789062,95.81999969482422,95.27999877929688,95.80000305175781,984500,VTV
2017-05-01,76.4111099243164,95.3499984741211,95.62000274658203,95.19999694824219,95.55999755859375,1056200,VTV
2017-05-02,76.36302185058594,95.29000091552734,95.5,95.0999984741211,95.47000122070312,1457000,VTV
2017-05-03,76.40309143066406,95.33999633789062,95.43000030517578,95.01000213623047,95.13999938964844,1106400,VTV
2017-05-04,76.40309143066406,95.33999633789062,95.5999984741211,94.9800033569336,95.55999755859375,891200,VTV
2017-05-05,76.7236328125,95.73999786376953,95.73999786376953,95.33999633789062,95.48999786376953,973000,VTV
2017-05-08,76.6515121459961,95.6500015258789,95.80999755859375,95.51000213623047,95.75,1207700,VTV
2017-05-09,76.4111099243164,95.3499984741211,95.7699966430664,95.19999694824219,95.72000122070312,2470200,VTV
2017-05-10,76.60343170166016,95.58999633789062,95.62999725341797,95.29000091552734,95.31999969482422,846700,VTV
2017-05-11,76.4111099243164,95.3499984741211,95.5,94.87000274658203,95.41000366210938,1511200,VTV
2017-05-12,76.1065902709961,94.97000122070312,95.12000274658203,94.83000183105469,95.12000274658203,789500,VTV
2017-05-15,76.54731750488281,95.5199966430664,95.55999755859375,95.19999694824219,95.19999694824219,868800,VTV
2017-05-16,76.44316101074219,95.38999938964844,95.63999938964844,95.23999786376953,95.61000061035156,921200,VTV
2017-05-17,75.10487365722656,93.72000122070312,94.79000091552734,93.69999694824219,94.61000061035156,2419900,VTV
2017-05-18,75.22505187988281,93.87000274658203,94.33999633789062,93.38999938964844,93.54000091552734,1536300,VTV
2017-05-19,75.81808471679688,94.61000061035156,94.91000366210938,94.0199966430664,94.12000274658203,1748500,VTV
2017-05-22,76.13864135742188,95.01000213623047,95.08000183105469,94.72000122070312,94.8499984741211,1451200,VTV
2017-05-23,76.4111099243164,95.3499984741211,95.44999694824219,95.01000213623047,95.16000366210938,3712800,VTV
2017-05-24,76.48324584960938,95.44000244140625,95.5,95.18000030517578,95.4800033569336,814300,VTV
2017-05-25,76.6835708618164,95.69000244140625,95.88999938964844,95.52999877929688,95.6500015258789,1419100,VTV
2017-05-26,76.69957733154297,95.70999908447266,95.77999877929688,95.54000091552734,95.62999725341797,829400,VTV
2017-05-30,76.55535888671875,95.52999877929688,95.66000366210938,95.37999725341797,95.5,960300,VTV
2017-05-31,76.451171875,95.4000015258789,95.62000274658203,95.11000061035156,95.62000274658203,1729200,VTV
2017-06-01,77.14835357666016,96.2699966430664,96.2699966430664,95.5,95.66000366210938,2407500,VTV
2017-06-02,77.16438293457031,96.29000091552734,96.44000244140625,96.05000305175781,96.2300033569336,1310500,VTV
2017-06-05,77.14835357666016,96.2699966430664,96.4800033569336,96.22000122070312,96.33000183105469,692900,VTV
2017-06-06,76.99610900878906,96.08000183105469,96.30000305175781,95.86000061035156,95.97000122070312,786300,VTV
2017-06-07,77.10028839111328,96.20999908447266,96.30999755859375,95.91999816894531,96.23999786376953,806200,VTV
2017-06-08,77.18041229248047,96.30999755859375,96.66000366210938,96.12999725341797,96.19000244140625,3279500,VTV
2017-06-09,77.79747009277344,97.08000183105469,97.11000061035156,96.43000030517578,96.48999786376953,1994100,VTV
2017-06-12,77.94976043701172,97.2699966430664,97.5,96.95999908447266,97.12999725341797,1531600,VTV
2017-06-13,78.2061767578125,97.58999633789062,97.62000274658203,97.2699966430664,97.38999938964844,2060000,VTV
2017-06-14,78.11802673339844,97.4800033569336,97.62000274658203,97.16000366210938,97.62000274658203,1167800,VTV
2017-06-15,78.00585174560547,97.33999633789062,97.37999725341797,96.9800033569336,97.01000213623047,1138600,VTV
2017-06-16,78.11802673339844,97.4800033569336,97.4800033569336,97.01000213623047,97.3499984741211,711900,VTV
2017-06-19,78.53475952148438,98.0,98.06999969482422,97.72000122070312,97.73999786376953,967500,VTV
2017-06-20,78.02986145019531,97.37000274658203,97.83000183105469,97.37000274658203,97.77999877929688,944800,VTV
2017-06-21,77.71736145019531,96.9800033569336,97.4800033569336,96.83999633789062,97.44000244140625,810900,VTV
2017-06-22,77.65323638916016,96.9000015258789,97.22000122070312,96.87999725341797,97.05000305175781,637000,VTV
2017-06-23,77.66692352294922,96.36000061035156,96.58000183105469,96.20999908447266,96.45999908447266,1540800,VTV
2017-06-26,77.8845443725586,96.62999725341797,96.94000244140625,96.5,96.68000030517578,732500,VTV
2017-06-27,77.4654312133789,96.11000061035156,96.81999969482422,96.11000061035156,96.58000183105469,1102800,VTV
2017-06-28,78.06993865966797,96.86000061035156,97.0199966430664,96.62999725341797,96.62999725341797,4784600,VTV
2017-06-29,77.64273834228516,96.33000183105469,97.2699966430664,95.88999938964844,97.22000122070312,1817000,VTV
2017-06-30,77.8281478881836,96.55999755859375,96.87999725341797,96.38999938964844,96.77999877929688,1522400,VTV
2017-07-03,78.3359375,97.19000244140625,97.5999984741211,96.93000030517578,96.93000030517578,705700,VTV
2017-07-05,78.3278579711914,97.18000030517578,97.37000274658203,96.81999969482422,97.3499984741211,1104100,VTV
2017-07-06,77.60245513916016,96.27999877929688,96.9800033569336,96.20999908447266,96.93000030517578,1075300,VTV
2017-07-07,77.97322845458984,96.73999786376953,96.80000305175781,96.31999969482422,96.5199966430664,869300,VTV
2017-07-10,77.92485046386719,96.68000030517578,96.83999633789062,96.54000091552734,96.63999938964844,857400,VTV
2017-07-11,77.74752044677734,96.45999908447266,96.69999694824219,96.02999877929688,96.66000366210938,637100,VTV
2017-07-12,78.19890594482422,97.0199966430664,97.1500015258789,96.8499984741211,96.8499984741211,773400,VTV
2017-07-13,78.34396362304688,97.19999694824219,97.2300033569336,96.91999816894531,97.11000061035156,707300,VTV
2017-07-14,78.60995483398438,97.52999877929688,97.72000122070312,96.94999694824219,97.11000061035156,1090800,VTV
2017-07-17,78.60188293457031,97.5199966430664,97.66999816894531,97.37000274658203,97.45999908447266,708400,VTV
2017-07-18,78.4809799194336,97.37000274658203,97.37999725341797,97.0199966430664,97.3499984741211,752900,VTV
2017-07-19,78.81952667236328,97.79000091552734,97.79000091552734,97.41000366210938,97.47000122070312,1094900,VTV
2017-07-20,78.8840103149414,97.87000274658203,98.01000213623047,97.66000366210938,97.94000244140625,744000,VTV
2017-07-21,78.73892211914062,97.69000244140625,97.80999755859375,97.37000274658203,97.58999633789062,895000,VTV
2017-07-24,78.61803436279297,97.54000091552734,97.66999816894531,97.38999938964844,97.66999816894531,727400,VTV
2017-07-25,78.98881530761719,98.0,98.19999694824219,97.83999633789062,98.05999755859375,990300,VTV
2017-07-26,78.8276138305664,97.80000305175781,98.20999908447266,97.69000244140625,98.20999908447266,1957900,VTV
2017-07-27,78.95655059814453,97.95999908447266,98.02999877929688,97.55000305175781,97.94999694824219,1099000,VTV
2017-07-28,78.8840103149414,97.87000274658203,97.94999694824219,97.62000274658203,97.80000305175781,693600,VTV
2017-07-31,79.0290756225586,98.05000305175781,98.26000213623047,97.95999908447266,98.08999633789062,874500,VTV
2017-08-01,79.2225112915039,98.29000091552734,98.37999725341797,98.06999969482422,98.37000274658203,843400,VTV
2017-08-02,79.21446990966797,98.27999877929688,98.29000091552734,97.93000030517578,98.13999938964844,816700,VTV
2017-08-03,79.18221282958984,98.23999786376953,98.3499984741211,98.1500015258789,98.26000213623047,1011300,VTV
2017-08-04,79.37567901611328,98.4800033569336,98.61000061035156,98.41000366210938,98.5,815900,VTV
2017-08-07,79.39179229736328,98.5,98.52999877929688,98.33000183105469,98.51000213623047,716700,VTV
2017-08-08,79.24669647216797,98.31999969482422,98.91000366210938,98.16000366210938,98.37000274658203,1068800,VTV
2017-08-09,79.21446990966797,98.27999877929688,98.30000305175781,97.93000030517578,98.12999725341797,800400,VTV
2017-08-10,78.30368041992188,97.1500015258789,97.94999694824219,97.12999725341797,97.94999694824219,891500,VTV
2017-08-11,78.21502685546875,97.04000091552734,97.33000183105469,96.91000366210938,97.1500015258789,1730800,VTV
2017-08-14,78.9001235961914,97.88999938964844,98.05999755859375,97.52999877929688,97.58999633789062,829200,VTV
2017-08-15,78.8920669555664,97.87999725341797,98.0999984741211,97.75,98.0999984741211,733000,VTV
2017-08-16,78.91624450683594,97.91000366210938,98.22000122070312,97.77999877929688,98.04000091552734,1322900,VTV
2017-08-17,77.77172088623047,96.48999786376953,97.79000091552734,96.4800033569336,97.68000030517578,1459400,VTV
2017-08-18,77.60245513916016,96.27999877929688,96.86000061035156,96.11000061035156,96.23999786376953,1173000,VTV
2017-08-21,77.66692352294922,96.36000061035156,96.44000244140625,96.0199966430664,96.25,1178100,VTV
2017-08-22,78.34396362304688,97.19999694824219,97.30000305175781,96.5999984741211,96.66000366210938,1037700,VTV
2017-08-23,78.1424789428711,96.94999694824219,97.2300033569336,96.80000305175781,96.83999633789062,728500,VTV
2017-08-24,78.06185150146484,96.8499984741211,97.23999786376953,96.79000091552734,97.13999938964844,990000,VTV
2017-08-25,78.31175231933594,97.16000366210938,97.4800033569336,97.12000274658203,97.12000274658203,886700,VTV
2017-08-28,78.1747055053711,96.98999786376953,97.3499984741211,96.77999877929688,97.33999633789062,702100,VTV
2017-08-29,78.18278503417969,97.0,97.08999633789062,96.4000015258789,96.43000030517578,1067700,VTV
2017-08-30,78.35205841064453,97.20999908447266,97.3499984741211,96.8499984741211,96.97000122070312,1951000,VTV
2017-08-31,78.6583251953125,97.58999633789062,97.76000213623047,97.33999633789062,97.4800033569336,791100,VTV
2017-09-01,78.8920669555664,97.87999725341797,98.06999969482422,97.66999816894531,97.76000213623047,938700,VTV
2017-09-05,78.1183090209961,96.91999816894531,97.61000061035156,96.62000274658203,97.58999633789062,2769300,VTV
2017-09-06,78.38426208496094,97.25,97.4000015258789,97.12999725341797,97.30999755859375,1214500,VTV
2017-09-07,78.1344223022461,96.94000244140625,97.37000274658203,96.73999786376953,97.37000274658203,1128500,VTV
2017-09-08,78.15052795410156,96.95999908447266,97.12999725341797,96.72000122070312,96.80999755859375,908300,VTV
2017-09-11,79.10163116455078,98.13999938964844,98.18000030517578,97.5199966430664,97.5199966430664,712800,VTV
2017-09-12,79.47240447998047,98.5999984741211,98.62000274658203,98.29000091552734,98.29000091552734,1058500,VTV
2017-09-13,79.62554168701172,98.79000091552734,98.79000091552734,98.4000015258789,98.5199966430664,1633300,VTV
2017-09-14,79.71418762207031,98.9000015258789,98.94999694824219,98.69000244140625,98.72000122070312,1467300,VTV
2017-09-15,79.90762329101562,99.13999938964844,99.16999816894531,98.76000213623047,98.87999725341797,2704500,VTV
2017-09-18,80.26229095458984,99.58000183105469,99.58000183105469,99.23999786376953,99.2699966430664,754200,VTV
2017-09-19,80.4073715209961,99.76000213623047,99.81999969482422,99.55000305175781,99.61000061035156,634900,VTV
2017-09-20,80.55243682861328,99.94000244140625,99.9800033569336,99.58999633789062,99.87000274658203,1299900,VTV
2017-09-21,80.42347717285156,99.77999877929688,100.0,99.7300033569336,99.83999633789062,1012600,VTV
2017-09-22,80.48434448242188,99.18000030517578,99.25,98.94000244140625,99.02999877929688,1032900,VTV
2017-09-25,80.59795379638672,99.31999969482422,99.43000030517578,98.91999816894531,99.13999938964844,970700,VTV
2017-09-26,80.5411376953125,99.25,99.45999908447266,99.22000122070312,99.41000366210938,981500,VTV
2017-09-27,80.76837921142578,99.52999877929688,99.69000244140625,99.11000061035156,99.69000244140625,1104100,VTV
2017-09-28,80.85763549804688,99.63999938964844,99.69000244140625,99.33999633789062,99.45999908447266,1927900,VTV
2017-09-29,81.00370025634766,99.81999969482422,99.8499984741211,99.45999908447266,99.56999969482422,1118600,VTV
2017-10-02,81.51494598388672,100.44999694824219,100.44999694824219,99.80000305175781,99.9000015258789,913100,VTV
2017-10-03,81.70159912109375,100.68000030517578,100.70999908447266,100.4000015258789,100.5199966430664,977000,VTV
2017-10-04,81.7989730834961,100.80000305175781,100.91999816894531,100.58999633789062,100.61000061035156,1183100,VTV
2017-10-05,82.18038177490234,101.2699966430664,101.33999633789062,100.80000305175781,100.87000274658203,758100,VTV
2017-10-06,82.05055236816406,101.11000061035156,101.20999908447266,100.87999725341797,101.16000366210938,1092800,VTV
2017-10-09,81.8314208984375,100.83999633789062,101.25,100.69999694824219,101.20999908447266,684000,VTV
2017-10-10,82.10733032226562,101.18000030517578,101.2699966430664,100.95999908447266,101.11000061035156,1017400,VTV
2017-10-11,82.09112548828125,101.16000366210938,101.16000366210938,100.9800033569336,101.11000061035156,1360100,VTV
2017-10-12,81.90448760986328,100.93000030517578,101.12000274658203,100.80999755859375,101.04000091552734,1259100,VTV
2017-10-13,81.92070770263672,100.94999694824219,101.16999816894531,100.81999969482422,101.0,680800,VTV
2017-10-16,82.05863952636719,101.12000274658203,101.25,100.94999694824219,101.11000061035156,1900100,VTV
2017-10-17,82.16413116455078,101.25,101.27999877929688,100.83999633789062,101.20999908447266,923300,VTV
2017-10-18,82.37513732910156,101.51000213623047,101.58999633789062,101.41000366210938,101.5199966430664,909700,VTV
2017-10-19,82.5780029296875,101.76000213623047,101.76000213623047,101.19000244140625,101.19999694824219,678000,VTV
2017-10-20,83.16229248046875,102.4800033569336,102.4800033569336,102.0,102.18000030517578,939400,VTV
2017-10-23,82.96752166748047,102.23999786376953,102.66000366210938,102.22000122070312,102.5999984741211,1113700,VTV
2017-10-24,83.1054916381836,102.41000366210938,102.55000305175781,102.26000213623047,102.45999908447266,1055600,VTV
2017-10-25,82.63481140136719,101.83000183105469,102.36000061035156,101.33999633789062,102.36000061035156,1327700,VTV
2017-10-26,82.83768463134766,102.08000183105469,102.4000015258789,102.08000183105469,102.22000122070312,1618000,VTV
2017-10-27,83.04056549072266,102.33000183105469,102.4800033569336,102.0199966430664,102.2300033569336,1360100,VTV
2017-10-30,82.52930450439453,101.69999694824219,102.2300033569336,101.62000274658203,102.2300033569336,1125100,VTV
2017-10-31,82.48873901367188,101.6500015258789,101.87000274658203,101.61000061035156,101.87000274658203,1004600,VTV
2017-11-01,82.732177734375,101.94999694824219,102.33999633789062,101.83000183105469,102.05999755859375,1053000,VTV
2017-11-02,82.91883850097656,102.18000030517578,102.20999908447266,101.47000122070312,101.94999694824219,977100,VTV
2017-11-03,82.94319152832031,102.20999908447266,102.25,101.9000015258789,102.12000274658203,2018300,VTV
2017-11-06,82.87016296386719,102.12000274658203,102.23999786376953,102.0199966430664,102.19000244140625,896800,VTV
2017-11-07,82.78089904785156,102.01000213623047,102.37999725341797,101.77999877929688,102.30999755859375,787300,VTV
2017-11-08,82.78898620605469,102.0199966430664,102.05000305175781,101.63999938964844,101.87000274658203,757800,VTV
2017-11-09,82.50497436523438,101.66999816894531,101.75,101.0,101.55000305175781,2808000,VTV
2017-11-10,82.41570281982422,101.55999755859375,101.62000274658203,101.33999633789062,101.55000305175781,746800,VTV
2017-11-13,82.49687194824219,101.66000366210938,101.7300033569336,101.25,101.33000183105469,652200,VTV
2017-11-14,82.3021011352539,101.41999816894531,101.41999816894531,100.94000244140625,101.33999633789062,3562100,VTV
2017-11-15,81.9612808227539,101.0,101.26000213623047,100.66999816894531,100.94999694824219,1874500,VTV
2017-11-16,82.55367279052734,101.7300033569336,101.88999938964844,101.36000061035156,101.45999908447266,1582100,VTV
2017-11-17,82.38324737548828,101.5199966430664,101.66999816894531,101.41000366210938,101.44999694824219,2921400,VTV
2017-11-20,82.56989288330078,101.75,101.83000183105469,101.44000244140625,101.5999984741211,811800,VTV
2017-11-21,82.89448547363281,102.1500015258789,102.27999877929688,102.0,102.0999984741211,723200,VTV
2017-11-22,82.80522155761719,102.04000091552734,102.23999786376953,102.0,102.19999694824219,1236100,VTV
2017-11-24,82.87825775146484,102.12999725341797,102.33999633789062,102.11000061035156,102.30000305175781,404400,VTV
2017-11-27,82.89448547363281,102.1500015258789,102.3499984741211,102.0999984741211,102.19999694824219,2100400,VTV
2017-11-28,84.11174774169922,103.6500015258789,103.68000030517578,102.33000183105469,102.36000061035156,899700,VTV
2017-11-29,84.7284927368164,104.41000366210938,104.61000061035156,103.83000183105469,103.83000183105469,1606500,VTV
2017-11-30,85.39390563964844,105.2300033569336,105.80999755859375,104.70999908447266,104.87000274658203,2230200,VTV
2017-12-01,85.33712005615234,105.16000366210938,105.47000122070312,103.66000366210938,105.2300033569336,1439500,VTV
2017-12-04,85.63735961914062,105.52999877929688,106.43000030517578,105.5,106.06999969482422,2253100,VTV
2017-12-05,85.15045928955078,104.93000030517578,105.80000305175781,104.86000061035156,105.11000061035156,2898400,VTV
2017-12-06,85.06118774414062,104.81999969482422,105.12000274658203,104.76000213623047,104.95999908447266,2096400,VTV
2017-12-07,85.22346496582031,105.0199966430664,105.20999908447266,104.62999725341797,104.69999694824219,941800,VTV
2017-12-08,85.7996597290039,105.7300033569336,105.75,105.22000122070312,105.4000015258789,855800,VTV
2017-12-11,86.03497314453125,106.0199966430664,106.05000305175781,105.66000366210938,105.79000091552734,1094900,VTV
2017-12-12,86.35147094726562,106.41000366210938,106.5999984741211,106.11000061035156,106.1500015258789,1375400,VTV
2017-12-13,86.19729614257812,106.22000122070312,106.62999725341797,106.18000030517578,106.41999816894531,1085500,VTV
2017-12-14,85.67792510986328,105.58000183105469,106.5,105.55000305175781,106.33000183105469,1005700,VTV
2017-12-15,86.3676986694336,106.43000030517578,106.69000244140625,105.95999908447266,105.98999786376953,1086500,VTV
2017-12-18,86.8546142578125,107.02999877929688,107.37000274658203,106.94999694824219,107.02999877929688,1604200,VTV
2017-12-19,86.60304260253906,106.72000122070312,107.44000244140625,106.69000244140625,107.27999877929688,2000100,VTV
2017-12-20,86.635498046875,106.76000213623047,107.2300033569336,106.63999938964844,107.1500015258789,1042200,VTV
2017-12-21,86.9106216430664,106.44999694824219,106.7300033569336,106.2300033569336,106.44999694824219,1128900,VTV
2017-12-22,86.9024658203125,106.44000244140625,106.62000274658203,106.16000366210938,106.62000274658203,1115400,VTV
2017-12-26,86.83714294433594,106.36000061035156,106.6500015258789,106.26000213623047,106.41000366210938,863300,VTV
2017-12-27,86.86166381835938,106.38999938964844,106.52999877929688,106.25,106.48999786376953,1041600,VTV
2017-12-28,87.09027099609375,106.66999816894531,106.7300033569336,106.41000366210938,106.5999984741211,903200,VTV
2017-12-29,86.80453491210938,106.31999969482422,106.97000122070312,106.19999694824219,106.93000030517578,872600,VTV
2018-01-02,87.07395935058594,106.6500015258789,106.75,106.33000183105469,106.66999816894531,1926000,VTV
2018-01-03,87.40868377685547,107.05999755859375,107.12000274658203,106.58999633789062,106.7300033569336,1236700,VTV
2018-01-04,87.91486358642578,107.68000030517578,107.9000015258789,107.26000213623047,107.30000305175781,1502000,VTV
2018-01-05,88.34758758544922,108.20999908447266,108.2699966430664,107.70999908447266,108.04000091552734,1328400,VTV
2018-01-08,88.43739318847656,108.31999969482422,108.37999725341797,107.91999816894531,108.20999908447266,1421400,VTV
2018-01-09,88.6415023803711,108.56999969482422,108.9000015258789,108.41000366210938,108.48999786376953,1652500,VTV
2018-01-10,88.592529296875,108.51000213623047,108.70999908447266,108.12000274658203,108.41000366210938,1480200,VTV
2018-01-11,89.2048568725586,109.26000213623047,109.27999877929688,108.63999938964844,108.80000305175781,2853300,VTV
2018-01-12,89.84983825683594,110.05000305175781,110.12000274658203,109.5,109.61000061035156,2119900,VTV
2018-01-16,89.56410217285156,109.69999694824219,110.86000061035156,109.37999725341797,110.62000274658203,1998600,VTV
2018-01-17,90.35602569580078,110.66999816894531,110.87999725341797,109.7699966430664,110.0999984741211,1822800,VTV
2018-01-18,90.20092010498047,110.4800033569336,110.83000183105469,110.30000305175781,110.72000122070312,1584300,VTV
2018-01-19,90.48665618896484,110.83000183105469,110.83999633789062,110.37000274658203,110.6500015258789,1368000,VTV
2018-01-22,91.20512390136719,111.70999908447266,111.7300033569336,110.66999816894531,110.66999816894531,1177800,VTV
2018-01-23,91.17247772216797,111.66999816894531,111.80000305175781,111.3499984741211,111.66000366210938,1445200,VTV
2018-01-24,91.35211181640625,111.88999938964844,112.41999816894531,111.37000274658203,112.01000213623047,1654100,VTV
2018-01-25,91.4664077758789,112.02999877929688,112.30000305175781,111.69999694824219,112.29000091552734,1876700,VTV
2018-01-26,92.47063446044922,113.26000213623047,113.27999877929688,112.33000183105469,112.41000366210938,2419000,VTV
2018-01-29,91.98076629638672,112.66000366210938,113.45999908447266,112.63999938964844,113.12999725341797,2862300,VTV
2018-01-30,90.86222839355469,111.29000091552734,112.16999816894531,111.20999908447266,111.73999786376953,2137900,VTV
2018-01-31,90.8948974609375,111.33000183105469,111.87999725341797,110.77999877929688,111.72000122070312,3766400,VTV
2018-02-01,91.0091781616211,111.47000122070312,111.91000366210938,110.94000244140625,111.0,2320200,VTV
2018-02-02,88.95175170898438,108.94999694824219,111.13999938964844,108.91999816894531,110.75,2724200,VTV
2018-02-05,85.1552963256836,104.30000305175781,108.87000274658203,103.5999984741211,107.98999786376953,4751100,VTV
2018-02-06,86.50241088867188,105.94999694824219,106.1500015258789,102.01000213623047,102.44999694824219,5054100,VTV
2018-02-07,86.2901382446289,105.69000244140625,107.4000015258789,105.33000183105469,105.5999984741211,3149700,VTV
2018-02-08,83.13866424560547,101.83000183105469,105.93000030517578,101.77999877929688,105.79000091552734,2811800,VTV
2018-02-09,84.4041519165039,103.37999725341797,104.1500015258789,100.08999633789062,103.08000183105469,3424800,VTV
2018-02-12,85.47369384765625,104.69000244140625,105.3499984741211,103.48999786376953,104.12000274658203,1744400,VTV
2018-02-13,85.726806640625,105.0,105.19999694824219,103.86000061035156,104.11000061035156,2613700,VTV
2018-02-14,86.80453491210938,106.31999969482422,106.41999816894531,104.44000244140625,104.51000213623047,1337900,VTV
2018-02-15,87.71075439453125,107.43000030517578,107.43000030517578,105.91999816894531,107.01000213623047,1448000,VTV
2018-02-16,87.81690216064453,107.55999755859375,108.41999816894531,107.0,107.0999984741211,1225700,VTV
2018-02-20,87.03311157226562,106.5999984741211,107.37000274658203,106.25,107.0,3367800,VTV
2018-02-21,86.4779281616211,105.91999816894531,107.73999786376953,105.91000366210938,106.72000122070312,1577700,VTV
2018-02-22,86.5432357788086,106.0,107.13999938964844,105.7300033569336,106.33000183105469,1146100,VTV
2018-02-23,87.86588287353516,107.62000274658203,107.62000274658203,106.27999877929688,106.5199966430664,1226300,VTV
2018-02-26,88.94358825683594,108.94000244140625,108.98999786376953,107.8499984741211,108.12000274658203,1137000,VTV
2018-02-27,87.96382141113281,107.73999786376953,109.55999755859375,107.7300033569336,109.05999755859375,1701200,VTV
2018-02-28,86.86166381835938,106.38999938964844,108.47000122070312,106.3499984741211,108.26000213623047,1194600,VTV
2018-03-01,85.70230102539062,104.97000122070312,107.12999725341797,104.37999725341797,106.41999816894531,1988100,VTV
2018-03-02,86.09419250488281,105.44999694824219,105.66000366210938,103.94999694824219,104.27999877929688,1853400,VTV
2018-03-05,87.09027099609375,106.66999816894531,106.9800033569336,104.79000091552734,104.91000366210938,1501700,VTV
2018-03-06,87.20455932617188,106.80999755859375,107.2300033569336,106.19999694824219,107.06999969482422,1383500,VTV
2018-03-07,87.0657730102539,106.63999938964844,106.77999877929688,105.63999938964844,105.80000305175781,2502000,VTV
2018-03-08,87.31884765625,106.94999694824219,107.04000091552734,106.29000091552734,106.9000015258789,1030800,VTV
2018-03-09,88.79663848876953,108.76000213623047,108.77999877929688,107.43000030517578,107.63999938964844,1112300,VTV
2018-03-12,88.51087951660156,108.41000366210938,109.08000183105469,108.2300033569336,108.80000305175781,920200,VTV
2018-03-13,87.96382141113281,107.73999786376953,109.08000183105469,107.51000213623047,108.83000183105469,1415900,VTV
2018-03-14,87.34337615966797,106.9800033569336,108.33000183105469,106.76000213623047,108.23999786376953,1481700,VTV
2018-03-15,87.3270263671875,106.95999908447266,107.51000213623047,106.75,107.18000030517578,1139100,VTV
2018-03-16,87.539306640625,107.22000122070312,107.73999786376953,107.06999969482422,107.06999969482422,763400,VTV
2018-03-19,86.5432357788086,106.0,107.02999877929688,105.36000061035156,107.02999877929688,1243300,VTV
2018-03-20,86.50241088867188,105.94999694824219,106.44999694824219,105.7699966430664,106.16999816894531,967400,VTV
2018-03-21,86.45339965820312,105.88999938964844,106.87999725341797,105.73999786376953,105.93000030517578,1059200,VTV
2018-03-22,84.30455780029297,102.66999816894531,104.7300033569336,102.52999877929688,104.45999908447266,1736900,VTV
2018-03-23,82.49807739257812,100.47000122070312,102.98999786376953,100.37000274658203,102.88999938964844,2068600,VTV
2018-03-26,84.77259063720703,103.23999786376953,103.36000061035156,101.36000061035156,102.08999633789062,1910600,VTV
2018-03-27,83.70514678955078,101.94000244140625,104.02999877929688,101.37999725341797,103.66000366210938,2461300,VTV
2018-03-28,83.70514678955078,101.94000244140625,102.88999938964844,101.58000183105469,102.23999786376953,2319200,VTV
2018-03-29,84.72331237792969,103.18000030517578,103.69999694824219,102.19999694824219,102.48999786376953,1367900,VTV
2018-04-02,82.85941314697266,100.91000366210938,103.08000183105469,99.79000091552734,102.87000274658203,2128500,VTV
2018-04-03,84.01715850830078,102.31999969482422,102.4800033569336,100.9000015258789,101.44000244140625,1557300,VTV
2018-04-04,84.9942855834961,103.51000213623047,103.69999694824219,100.5999984741211,100.93000030517578,1554500,VTV
2018-04-05,85.56908416748047,104.20999908447266,104.55999755859375,103.69000244140625,103.93000030517578,933900,VTV
2018-04-06,83.79547119140625,102.05000305175781,103.97000122070312,101.26000213623047,103.5,1646000,VTV
2018-04-09,84.10749053955078,102.43000030517578,103.9800033569336,102.30999755859375,102.69000244140625,945300,VTV
2018-04-10,85.42127227783203,104.02999877929688,104.4000015258789,103.30000305175781,103.77999877929688,1149900,VTV
2018-04-11,84.87113189697266,103.36000061035156,103.98999786376953,103.16999816894531,103.4000015258789,866300,VTV
2018-04-12,85.66761016845703,104.33000183105469,104.75,103.93000030517578,103.94000244140625,1200000,VTV
2018-04-13,85.36378479003906,103.95999908447266,104.98999786376953,103.5,104.97000122070312,1284900,VTV
2018-04-16,86.11922454833984,104.87999725341797,105.26000213623047,104.33000183105469,104.66999816894531,1138100,VTV
2018-04-17,86.66117095947266,105.54000091552734,105.81999969482422,105.30999755859375,105.66999816894531,1145100,VTV
2018-04-18,86.63655090332031,105.51000213623047,105.94999694824219,105.5,105.80999755859375,1053200,VTV
2018-04-19,86.4887466430664,105.33000183105469,105.68000030517578,104.8499984741211,105.36000061035156,1172900,VTV
2018-04-20,85.9960708618164,104.7300033569336,105.58000183105469,104.30999755859375,105.4800033569336,1002900,VTV
2018-04-23,86.10281372070312,104.86000061035156,105.13999938964844,104.38999938964844,104.98999786376953,768500,VTV
2018-04-24,85.3802261352539,103.9800033569336,105.6500015258789,103.30999755859375,105.44000244140625,2061900,VTV
2018-04-25,85.47052001953125,104.08999633789062,104.29000091552734,103.02999877929688,103.86000061035156,1478900,VTV
2018-04-26,85.88931274414062,104.5999984741211,104.98999786376953,104.0,104.2699966430664,1343700,VTV
2018-04-27,86.0124740600586,104.75,104.94999694824219,104.36000061035156,104.72000122070312,674100,VTV
2018-04-30,85.07640075683594,103.61000061035156,105.2300033569336,103.58000183105469,105.05000305175781,913100,VTV
2018-05-01,84.92040252685547,103.41999816894531,103.47000122070312,102.41000366210938,103.36000061035156,1053900,VTV
2018-05-02,84.0664291381836,102.37999725341797,103.36000061035156,102.2300033569336,103.18000030517578,1014000,VTV
2018-05-03,83.74617767333984,101.98999786376953,102.30999755859375,100.66999816894531,102.05999755859375,1187200,VTV
2018-05-04,84.64942932128906,103.08999633789062,103.41999816894531,101.36000061035156,101.56999969482422,912200,VTV
2018-05-07,84.81363677978516,103.29000091552734,103.73999786376953,103.04000091552734,103.43000030517578,819100,VTV
2018-05-08,84.7890396118164,103.26000213623047,103.45999908447266,102.61000061035156,103.22000122070312,896500,VTV
2018-05-09,85.51160430908203,104.13999938964844,104.33000183105469,103.30000305175781,103.5999984741211,1215000,VTV
2018-05-10,86.31629943847656,105.12000274658203,105.27999877929688,104.37999725341797,104.5,759000,VTV
2018-05-11,86.58726501464844,105.44999694824219,105.62000274658203,105.0199966430664,105.23999786376953,716100,VTV
2018-05-14,86.74329376220703,105.63999938964844,106.01000213623047,105.44999694824219,105.76000213623047,833600,VTV
2018-05-15,86.34093475341797,105.1500015258789,105.33999633789062,104.80999755859375,105.29000091552734,2052100,VTV
2018-05-16,86.68580627441406,105.56999969482422,105.76000213623047,105.12000274658203,105.22000122070312,994700,VTV
2018-05-17,86.65296936035156,105.52999877929688,105.95999908447266,105.20999908447266,105.47000122070312,816500,VTV
2018-05-18,86.31629943847656,105.12000274658203,105.5,105.06999969482422,105.44000244140625,641500,VTV
2018-05-21,87.03067779541016,105.98999786376953,106.19999694824219,105.72000122070312,105.72000122070312,867300,VTV
2018-05-22,86.9239273071289,105.86000061035156,106.41000366210938,105.75,106.18000030517578,816400,VTV
2018-05-23,86.89109802246094,105.81999969482422,105.83999633789062,105.08999633789062,105.36000061035156,2847900,VTV
2018-05-24,86.6447525024414,105.5199966430664,105.73999786376953,104.73999786376953,105.5999984741211,1368600,VTV
2018-05-25,86.3491439819336,105.16000366210938,105.37000274658203,104.88999938964844,105.2300033569336,1326100,VTV
2018-05-29,85.12567138671875,103.66999816894531,104.61000061035156,103.0999984741211,104.41000366210938,2073600,VTV
2018-05-30,86.3491439819336,105.16000366210938,105.37999725341797,104.25,104.25,2929100,VTV
2018-05-31,85.59371185302734,104.23999786376953,105.05000305175781,104.02999877929688,105.05000305175781,1314900,VTV
2018-06-01,86.4066162109375,105.2300033569336,105.3499984741211,104.75,104.88999938964844,968800,VTV
2018-06-04,86.6447525024414,105.5199966430664,105.87999725341797,105.38999938964844,105.5999984741211,747000,VTV
2018-06-05,86.63655090332031,105.51000213623047,105.63999938964844,105.08999633789062,105.52999877929688,1039000,VTV
2018-06-06,87.41659545898438,106.45999908447266,106.47000122070312,105.54000091552734,105.73999786376953,1813000,VTV
2018-06-07,87.6383056640625,106.7300033569336,106.93000030517578,106.38999938964844,106.66000366210938,884900,VTV
2018-06-08,87.93390655517578,107.08999633789062,107.11000061035156,106.5,106.66999816894531,1726000,VTV
2018-06-11,88.03242492675781,107.20999908447266,107.51000213623047,107.12000274658203,107.16000366210938,3246300,VTV
2018-06-12,87.92569732666016,107.08000183105469,107.4000015258789,106.77999877929688,107.36000061035156,3956400,VTV
2018-06-13,87.54800415039062,106.62000274658203,107.2300033569336,106.56999969482422,107.18000030517578,1153800,VTV
2018-06-14,87.47407531738281,106.52999877929688,107.08000183105469,106.38999938964844,107.0,4413500,VTV
2018-06-15,87.42481994628906,106.47000122070312,106.58999633789062,105.61000061035156,106.30999755859375,1609500,VTV
2018-06-18,87.10456848144531,106.08000183105469,106.12999725341797,105.55999755859375,105.80000305175781,1398000,VTV
2018-06-19,86.8993148803711,105.83000183105469,105.94999694824219,105.16999816894531,105.20999908447266,1011800,VTV
2018-06-20,86.86643981933594,105.79000091552734,106.2300033569336,105.5999984741211,106.11000061035156,3330800,VTV
2018-06-21,86.39021301269531,105.20999908447266,105.69000244140625,104.98999786376953,105.69000244140625,1685000,VTV
2018-06-22,86.66114807128906,104.91000366210938,105.33000183105469,104.86000061035156,105.13999938964844,1216900,VTV
2018-06-25,85.92595672607422,104.0199966430664,104.66999816894531,103.33999633789062,104.55999755859375,3494800,VTV
2018-06-26,85.88465881347656,103.97000122070312,104.33000183105469,103.7699966430664,104.22000122070312,1064300,VTV
2018-06-27,85.3642578125,103.33999633789062,104.81999969482422,103.30000305175781,104.19000244140625,1303600,VTV
2018-06-28,85.72769927978516,103.77999877929688,104.05999755859375,102.94999694824219,103.23999786376953,1057400,VTV
2018-06-29,85.76900482177734,103.83000183105469,104.8499984741211,103.80000305175781,104.22000122070312,1032500,VTV
2018-07-02,85.89291381835938,103.9800033569336,104.02999877929688,103.0999984741211,103.19000244140625,1005300,VTV
2018-07-03,85.77725982666016,103.83999633789062,104.55999755859375,103.68000030517578,104.38999938964844,561600,VTV
2018-07-05,86.38028717041016,104.56999969482422,104.58999633789062,103.87000274658203,104.33000183105469,990500,VTV
2018-07-06,86.89244842529297,105.19000244140625,105.41999816894531,104.37999725341797,104.55000305175781,720000,VTV
2018-07-09,87.718505859375,106.19000244140625,106.30000305175781,105.51000213623047,105.56999969482422,1252400,VTV
2018-07-10,88.10673522949219,106.66000366210938,106.7300033569336,106.37999725341797,106.44000244140625,965200,VTV
2018-07-11,87.36326599121094,105.76000213623047,106.2300033569336,105.62999725341797,106.13999938964844,3427600,VTV
2018-07-12,87.8836898803711,106.38999938964844,106.62000274658203,105.98999786376953,106.33999633789062,1272400,VTV
2018-07-13,87.93324279785156,106.44999694824219,106.62000274658203,106.11000061035156,106.26000213623047,2878400,VTV
2018-07-16,88.01587677001953,106.55000305175781,106.58000183105469,106.2300033569336,106.44999694824219,1014400,VTV
2018-07-17,88.28019714355469,106.87000274658203,107.02999877929688,106.33000183105469,106.44000244140625,1993300,VTV
2018-07-18,88.60237121582031,107.26000213623047,107.33000183105469,106.81999969482422,106.8499984741211,4684500,VTV
2018-07-19,88.17280578613281,106.73999786376953,107.05000305175781,106.51000213623047,107.0199966430664,1497700,VTV
2018-07-20,88.0984878540039,106.6500015258789,106.8499984741211,106.54000091552734,106.76000213623047,771600,VTV
2018-07-23,88.37934875488281,106.98999786376953,107.08000183105469,106.5999984741211,106.61000061035156,4205700,VTV
2018-07-24,88.80888366699219,107.51000213623047,107.68000030517578,107.19999694824219,107.2699966430664,910300,VTV
2018-07-25,89.42840576171875,108.26000213623047,108.30999755859375,107.23999786376953,107.44999694824219,1850900,VTV
2018-07-26,89.70929718017578,108.5999984741211,108.91999816894531,108.44000244140625,108.44000244140625,1268300,VTV
2018-07-27,89.4697036743164,108.30999755859375,108.69000244140625,107.91000366210938,108.47000122070312,2375300,VTV
2018-07-30,89.4118881225586,108.23999786376953,108.61000061035156,108.11000061035156,108.33999633789062,4134000,VTV
2018-07-31,89.75883483886719,108.66000366210938,108.8499984741211,108.4000015258789,108.5999984741211,1286500,VTV
2018-08-01,89.32928466796875,108.13999938964844,108.68000030517578,107.95999908447266,108.55999755859375,1128900,VTV
2018-08-02,89.52754211425781,108.37999725341797,108.45999908447266,107.45999908447266,107.51000213623047,875400,VTV
2018-08-03,90.14705657958984,109.12999725341797,109.12999725341797,108.4000015258789,108.41000366210938,900800,VTV
2018-08-06,90.4031753540039,109.44000244140625,109.62999725341797,108.95999908447266,109.13999938964844,1279000,VTV
2018-08-07,90.70053100585938,109.80000305175781,109.98999786376953,109.5999984741211,109.66999816894531,924900,VTV
2018-08-08,90.65094757080078,109.73999786376953,109.87999725341797,109.55000305175781,109.7699966430664,816400,VTV
2018-08-09,90.45272064208984,109.5,109.8499984741211,109.44999694824219,109.81999969482422,824600,VTV
2018-08-10,89.85796356201172,108.77999877929688,109.08000183105469,108.44999694824219,108.91999816894531,1793700,VTV
2018-08-13,89.34580993652344,108.16000366210938,108.91000366210938,108.04000091552734,108.87000274658203,835600,VTV
2018-08-14,89.93230438232422,108.87000274658203,109.0,108.41999816894531,108.41999816894531,1730100,VTV
2018-08-15,89.39537811279297,108.22000122070312,108.38999938964844,107.6500015258789,108.37000274658203,2297200,VTV
2018-08-16,90.33708953857422,109.36000061035156,109.61000061035156,108.83000183105469,108.83000183105469,1384300,VTV
2018-08-17,90.77489471435547,109.88999938964844,110.12999725341797,109.2300033569336,109.2300033569336,1468700,VTV
2018-08-20,91.03923034667969,110.20999908447266,110.33000183105469,109.9800033569336,110.02999877929688,746900,VTV
2018-08-21,91.15487670898438,110.3499984741211,110.70999908447266,110.06999969482422,110.37999725341797,784900,VTV
2018-08-22,90.92357635498047,110.06999969482422,110.31999969482422,109.9800033569336,110.19999694824219,966100,VTV
2018-08-23,90.73358917236328,109.83999633789062,110.19000244140625,109.70999908447266,110.0199966430664,891300,VTV
2018-08-24,91.13835906982422,110.33000183105469,110.41999816894531,109.98999786376953,110.05000305175781,895500,VTV
2018-08-27,91.80745697021484,111.13999938964844,111.20999908447266,110.66000366210938,110.7300033569336,1326400,VTV
2018-08-28,91.81570434570312,111.1500015258789,111.38999938964844,111.0199966430664,111.33000183105469,947800,VTV
2018-08-29,92.06353759765625,111.44999694824219,111.58000183105469,110.94000244140625,111.18000030517578,839900,VTV
2018-08-30,91.55962371826172,110.83999633789062,111.36000061035156,110.66000366210938,111.23999786376953,839200,VTV
2018-08-31,91.46051788330078,110.72000122070312,110.93000030517578,110.30000305175781,110.66000366210938,809000,VTV
2018-09-04,91.37791442871094,110.62000274658203,110.7300033569336,110.22000122070312,110.62999725341797,1452400,VTV
2018-09-05,91.54309844970703,110.81999969482422,110.87999725341797,110.30000305175781,110.4800033569336,1193900,VTV
2018-09-06,91.43570709228516,110.69000244140625,111.06999969482422,110.27999877929688,110.83000183105469,1041400,VTV
2018-09-07,91.18791198730469,110.38999938964844,110.62000274658203,110.05000305175781,110.3499984741211,1358800,VTV
2018-09-10,91.37791442871094,110.62000274658203,111.08000183105469,110.56999969482422,110.81999969482422,775600,VTV
2018-09-11,91.48528289794922,110.75,110.94999694824219,110.18000030517578,110.38999938964844,1208500,VTV
2018-09-12,91.60920715332031,110.9000015258789,111.1500015258789,110.70999908447266,110.76000213623047,862900,VTV
2018-09-13,92.02222442626953,111.4000015258789,111.58999633789062,111.05000305175781,111.2699966430664,831900,VTV
2018-09-14,92.1957015991211,111.61000061035156,111.66000366210938,111.29000091552734,111.56999969482422,903100,VTV
2018-09-17,92.12960815429688,111.52999877929688,111.81999969482422,111.4000015258789,111.63999938964844,921500,VTV
2018-09-18,92.50135803222656,111.9800033569336,112.19999694824219,111.44000244140625,111.58999633789062,893800,VTV
2018-09-19,92.69131469726562,112.20999908447266,112.4800033569336,111.83000183105469,111.94000244140625,820500,VTV
2018-09-20,93.41827392578125,113.08999633789062,113.23999786376953,112.66999816894531,112.66999816894531,1035100,VTV
2018-09-21,93.55870056152344,113.26000213623047,113.48999786376953,113.18000030517578,113.4800033569336,961500,VTV
2018-09-24,92.94741821289062,112.5199966430664,113.13999938964844,112.4000015258789,113.12999725341797,1011200,VTV
2018-09-25,92.50135803222656,111.9800033569336,112.73999786376953,111.91999816894531,112.73999786376953,1346000,VTV
2018-09-26,92.0800552368164,111.47000122070312,112.3499984741211,111.30000305175781,112.0999984741211,862100,VTV
2018-09-27,92.07179260253906,111.45999908447266,112.05000305175781,111.33999633789062,111.55000305175781,777900,VTV
2018-09-28,92.03104400634766,110.68000030517578,110.91000366210938,110.0999984741211,110.44999694824219,1068500,VTV
2018-10-01,92.4218521118164,111.1500015258789,111.5,110.87000274658203,111.22000122070312,1028600,VTV
2018-10-02,92.63804626464844,111.41000366210938,111.58000183105469,110.94999694824219,111.13999938964844,1047200,VTV
2018-10-03,92.75445556640625,111.55000305175781,112.05000305175781,111.3499984741211,111.87000274658203,1219900,VTV
2018-10-04,92.571533203125,111.33000183105469,111.62000274658203,110.61000061035156,111.4000015258789,1672400,VTV
2018-10-05,92.2804946899414,110.9800033569336,111.6500015258789,110.5,111.43000030517578,1828200,VTV
2018-10-08,92.571533203125,111.33000183105469,111.47000122070312,110.55000305175781,110.7699966430664,1657300,VTV
2018-10-09,92.2887954711914,110.98999786376953,111.45999908447266,110.69000244140625,111.12000274658203,2028100,VTV
2018-10-10,89.90239715576172,108.12000274658203,111.04000091552734,108.0199966430664,110.80999755859375,3651500,VTV
2018-10-11,87.69058227539062,105.45999908447266,108.05000305175781,104.83000183105469,107.7699966430664,6457000,VTV
2018-10-12,88.30587768554688,106.19999694824219,106.86000061035156,104.94000244140625,106.7300033569336,3564600,VTV
2018-10-15,88.05645751953125,105.9000015258789,106.8499984741211,105.9000015258789,106.11000061035156,2037500,VTV
2018-10-16,89.63629913330078,107.80000305175781,107.95999908447266,106.43000030517578,106.66000366210938,1655700,VTV
2018-10-17,89.77764892578125,107.97000122070312,108.33000183105469,106.87000274658203,107.7300033569336,2179500,VTV
2018-10-18,88.91288757324219,106.93000030517578,108.12999725341797,106.37999725341797,107.63999938964844,2124600,VTV
2018-10-19,88.95448303222656,106.9800033569336,107.83000183105469,106.75,107.0199966430664,1838600,VTV
2018-10-22,88.30587768554688,106.19999694824219,107.30999755859375,106.01000213623047,107.22000122070312,1604500,VTV
2018-10-23,87.78205871582031,105.56999969482422,106.0999984741211,104.01000213623047,104.83999633789062,2685600,VTV
2018-10-24,85.53700256347656,102.87000274658203,105.52999877929688,102.5999984741211,105.48999786376953,3008700,VTV
2018-10-25,86.65118408203125,104.20999908447266,104.87000274658203,103.05000305175781,103.5199966430664,2198700,VTV
2018-10-26,85.48712158203125,102.80999755859375,103.9000015258789,101.87999725341797,103.12999725341797,3563600,VTV
2018-10-29,85.60350036621094,102.94999694824219,104.80000305175781,101.68000030517578,103.94000244140625,3381400,VTV
2018-10-30,86.85907745361328,104.45999908447266,104.62000274658203,103.0,103.11000061035156,3229800,VTV
2018-10-31,87.44943237304688,105.16999816894531,106.1500015258789,105.0,105.30000305175781,1750100,VTV
2018-11-01,88.02318572998047,105.86000061035156,106.0,105.22000122070312,105.47000122070312,2435800,VTV
2018-11-02,87.86518096923828,105.66999816894531,106.75,104.83000183105469,106.68000030517578,1850600,VTV
2018-11-05,88.8796157836914,106.88999938964844,107.13999938964844,105.97000122070312,105.97000122070312,1812600,VTV
2018-11-06,89.34528350830078,107.44999694824219,107.51000213623047,106.76000213623047,106.8499984741211,1378200,VTV
2018-11-07,90.87525939941406,109.29000091552734,109.3499984741211,107.91000366210938,108.3499984741211,1435100,VTV
2018-11-08,90.80040740966797,109.19999694824219,109.55000305175781,108.75,108.97000122070312,1088700,VTV
2018-11-09,90.11856842041016,108.37999725341797,108.91999816894531,107.87999725341797,108.81999969482422,1204300,VTV
2018-11-12,88.92123413085938,106.94000244140625,108.4800033569336,106.73999786376953,108.3499984741211,1478700,VTV
2018-11-13,88.84638214111328,106.8499984741211,107.9000015258789,106.55000305175781,107.16999816894531,1683900,VTV
2018-11-14,88.1479263305664,106.01000213623047,107.66000366210938,105.30999755859375,107.55999755859375,1748400,VTV
2018-11-15,88.95448303222656,106.9800033569336,107.13999938964844,104.93000030517578,105.52999877929688,1915800,VTV
2018-11-16,89.42842102050781,107.55000305175781,107.9000015258789,106.69999694824219,106.73999786376953,1196900,VTV
2018-11-19,88.82141876220703,106.81999969482422,107.7300033569336,106.25,107.41000366210938,1355600,VTV
2018-11-20,87.06694793701172,104.70999908447266,106.0199966430664,104.37000274658203,105.77999877929688,1851100,VTV
2018-11-21,87.16673278808594,104.83000183105469,105.63999938964844,104.81999969482422,105.04000091552734,1361500,VTV
2018-11-23,86.73433685302734,104.30999755859375,104.79000091552734,104.0,104.19000244140625,721900,VTV
2018-11-26,87.95665740966797,105.77999877929688,105.83999633789062,105.0199966430664,105.11000061035156,1329100,VTV
2018-11-27,88.30587768554688,106.19999694824219,106.19999694824219,105.2300033569336,105.44000244140625,1441200,VTV
2018-11-28,89.86083984375,108.06999969482422,108.06999969482422,106.05999755859375,106.5,2494100,VTV
2018-11-29,89.62799072265625,107.79000091552734,108.38999938964844,107.30999755859375,107.6500015258789,1440800,VTV
2018-11-30,90.309814453125,108.61000061035156,108.77999877929688,107.69999694824219,107.69999694824219,1347400,VTV
2018-12-03,90.9916763305664,109.43000030517578,110.1500015258789,108.70999908447266,109.94999694824219,1920200,VTV
2018-12-04,88.43063354492188,106.3499984741211,109.41000366210938,106.16999816894531,109.27999877929688,1847600,VTV
2018-12-06,88.00655364990234,105.83999633789062,105.86000061035156,103.11000061035156,104.94000244140625,2947400,VTV
2018-12-07,86.21881103515625,103.69000244140625,106.36000061035156,103.29000091552734,105.72000122070312,3079300,VTV
2018-12-10,86.07746124267578,103.5199966430664,103.9000015258789,101.37999725341797,103.62999725341797,3070200,VTV
2018-12-11,85.99429321289062,103.41999816894531,105.06999969482422,102.87999725341797,104.7300033569336,3054000,VTV
2018-12-12,86.3185806274414,103.80999755859375,105.05999755859375,103.76000213623047,104.63999938964844,2039400,VTV
2018-12-13,86.31028747558594,103.80000305175781,104.47000122070312,103.36000061035156,104.12000274658203,2343100,VTV
2018-12-14,84.888427734375,102.08999633789062,103.43000030517578,101.80000305175781,102.97000122070312,2617600,VTV
2018-12-17,83.24202728271484,100.11000061035156,102.05000305175781,99.5,101.6500015258789,4204300,VTV
2018-12-18,82.91775512695312,99.72000122070312,101.16000366210938,99.02999877929688,100.8499984741211,4012800,VTV
2018-12-19,81.96150970458984,98.56999969482422,101.45999908447266,97.86000061035156,99.80999755859375,4589600,VTV
2018-12-20,80.83065795898438,97.20999908447266,98.7300033569336,96.27999877929688,98.12000274658203,5518700,VTV
2018-12-21,79.59172821044922,95.72000122070312,98.91000366210938,95.44999694824219,97.25,5551200,VTV
2018-12-24,77.31988525390625,92.30000305175781,94.70999908447266,92.26000213623047,94.30999755859375,3926800,VTV
2018-12-26,80.51151275634766,96.11000061035156,96.1500015258789,91.62000274658203,92.69000244140625,7220800,VTV
2018-12-27,81.33246612548828,97.08999633789062,97.08999633789062,93.66000366210938,94.94000244140625,7524200,VTV
2018-12-28,81.24868774414062,96.98999786376953,98.26000213623047,96.63999938964844,97.58000183105469,6286900,VTV
2018-12-31,82.05289459228516,97.94999694824219,97.94999694824219,96.86000061035156,97.55000305175781,5322900,VTV
2019-01-02,82.09479522705078,98.0,98.26000213623047,96.37999725341797,96.48999786376953,4261900,VTV
2019-01-03,80.57853698730469,96.19000244140625,97.7300033569336,96.0199966430664,97.55000305175781,2676600,VTV
2019-01-04,82.89898681640625,98.95999908447266,99.2300033569336,97.25,97.44999694824219,2507400,VTV
2019-01-07,83.37644958496094,99.52999877929688,100.23999786376953,98.55000305175781,99.05999755859375,2865000,VTV
2019-01-08,83.98798370361328,100.26000213623047,100.5,99.43000030517578,100.37999725341797,2012100,VTV
2019-01-09,84.13876342773438,100.44000244140625,100.83999633789062,99.94000244140625,100.62999725341797,1683500,VTV
2019-01-10,84.4403305053711,100.80000305175781,101.08000183105469,99.62999725341797,99.91000366210938,3097900,VTV
2019-01-11,84.60787200927734,101.0,101.0199966430664,100.18000030517578,100.4000015258789,3021100,VTV
2019-01-14,84.23091125488281,100.55000305175781,100.83999633789062,100.1500015258789,100.25,2412600,VTV
2019-01-15,84.99321746826172,101.45999908447266,101.54000091552734,100.58000183105469,100.58999633789062,2922200,VTV
2019-01-16,85.27804565429688,101.80000305175781,102.19000244140625,101.58000183105469,101.62999725341797,6466700,VTV
2019-01-17,85.89794158935547,102.54000091552734,102.87999725341797,101.44000244140625,101.44000244140625,2789400,VTV
2019-01-18,87.08746337890625,103.95999908447266,104.08000183105469,103.05000305175781,103.31999969482422,3178600,VTV
2019-01-22,86.14925384521484,102.83999633789062,103.45999908447266,102.16000366210938,103.36000061035156,5162200,VTV
2019-01-23,86.3921890258789,103.12999725341797,103.54000091552734,102.18000030517578,103.27999877929688,2149900,VTV
2019-01-24,86.31678771972656,103.04000091552734,103.2699966430664,102.4800033569336,102.95999908447266,2497800,VTV
2019-01-25,86.7859115600586,103.5999984741211,104.04000091552734,103.41999816894531,103.6500015258789,2010300,VTV
2019-01-28,86.27490234375,102.98999786376953,103.0199966430664,102.29000091552734,102.83999633789062,3270000,VTV
2019-01-29,86.4340591430664,103.18000030517578,103.41999816894531,102.83000183105469,103.01000213623047,1539100,VTV
2019-01-30,87.25502014160156,104.16000366210938,104.55999755859375,103.08999633789062,103.5,2496600,VTV
2019-01-31,87.75763702392578,104.76000213623047,104.94999694824219,103.5,103.86000061035156,2067300,VTV
2019-02-01,87.98384094238281,105.02999877929688,105.37000274658203,104.6500015258789,105.05000305175781,1690800,VTV
2019-02-04,88.33564758300781,105.44999694824219,105.45999908447266,104.48999786376953,105.04000091552734,2307500,VTV
2019-02-05,88.44454956054688,105.58000183105469,105.77999877929688,105.2300033569336,105.62000274658203,1853200,VTV
2019-02-06,88.4864501953125,105.62999725341797,105.76000213623047,105.38999938964844,105.41000366210938,1820300,VTV
2019-02-07,87.74088287353516,104.73999786376953,105.19000244140625,103.98999786376953,105.08000183105469,1787000,VTV
2019-02-08,87.69062805175781,104.68000030517578,104.69000244140625,103.72000122070312,104.37000274658203,1385300,VTV
2019-02-11,87.73249053955078,104.7300033569336,104.97000122070312,104.51000213623047,104.9000015258789,1596100,VTV
2019-02-12,88.87178039550781,106.08999633789062,106.29000091552734,105.41000366210938,105.44000244140625,1264600,VTV
2019-02-13,89.1314697265625,106.4000015258789,106.7699966430664,106.19000244140625,106.4000015258789,1885000,VTV
2019-02-14,88.7293701171875,105.91999816894531,106.45999908447266,105.48999786376953,105.9800033569336,2050500,VTV
2019-02-15,90.01943969726562,107.45999908447266,107.45999908447266,106.7300033569336,106.75,1456000,VTV
2019-02-19,90.2456283569336,107.7300033569336,107.9800033569336,107.11000061035156,107.16000366210938,1396400,VTV
2019-02-20,90.52205657958984,108.05999755859375,108.20999908447266,107.51000213623047,107.69000244140625,1196400,VTV
2019-02-21,90.27911376953125,107.7699966430664,107.94999694824219,107.33999633789062,107.81999969482422,1102300,VTV
2019-02-22,90.66446685791016,108.2300033569336,108.33999633789062,107.83000183105469,108.04000091552734,2052000,VTV
2019-02-25,90.80686950683594,108.4000015258789,109.05999755859375,108.3499984741211,108.7300033569336,2408400,VTV
2019-02-26,90.66446685791016,108.2300033569336,108.68000030517578,108.13999938964844,108.26000213623047,1336800,VTV
2019-02-27,90.58069610595703,108.12999725341797,108.30000305175781,107.72000122070312,108.05000305175781,1505600,VTV
2019-02-28,90.2707290649414,107.76000213623047,108.12000274658203,107.68000030517578,108.08000183105469,1388400,VTV
2019-03-01,90.73147583007812,108.30999755859375,108.69000244140625,107.80000305175781,108.45999908447266,1388100,VTV
2019-03-04,90.31262969970703,107.80999755859375,108.75,106.83999633789062,108.66999816894531,1811000,VTV
2019-03-05,90.10321044921875,107.55999755859375,107.87000274658203,107.33000183105469,107.87000274658203,1502000,VTV
2019-03-06,89.51681518554688,106.86000061035156,107.58000183105469,106.7300033569336,107.58000183105469,1305500,VTV
2019-03-07,88.9471664428711,106.18000030517578,106.75,105.80999755859375,106.7300033569336,2458800,VTV
2019-03-08,88.78800201416016,105.98999786376953,106.05999755859375,105.29000091552734,105.55000305175781,1339400,VTV
2019-03-11,89.93565368652344,107.36000061035156,107.37999725341797,106.3499984741211,106.3499984741211,1005300,VTV
2019-03-12,90.16184997558594,107.62999725341797,107.94000244140625,107.47000122070312,107.5199966430664,1007100,VTV
2019-03-13,90.79850006103516,108.38999938964844,108.72000122070312,107.66999816894531,107.9800033569336,1148000,VTV
2019-03-14,90.73147583007812,108.30999755859375,108.66999816894531,108.16999816894531,108.37000274658203,949200,VTV
2019-03-15,91.08332061767578,108.7300033569336,109.04000091552734,108.4000015258789,108.47000122070312,1268400,VTV
2019-03-18,91.560791015625,109.30000305175781,109.33999633789062,108.80999755859375,108.81999969482422,991700,VTV
2019-03-19,91.41839599609375,109.12999725341797,109.98999786376953,108.75,109.7300033569336,1466800,VTV
2019-03-20,90.58906555175781,108.13999938964844,109.06999969482422,108.04000091552734,109.0,1290700,VTV
2019-03-21,91.31787109375,109.01000213623047,109.26000213623047,107.79000091552734,107.80999755859375,1159300,VTV
2019-03-22,89.80999755859375,107.20999908447266,108.69999694824219,107.02999877929688,108.41999816894531,2128700,VTV
2019-03-25,89.65921783447266,107.02999877929688,107.5199966430664,106.56999969482422,107.08999633789062,1755500,VTV
2019-03-26,90.42152404785156,107.94000244140625,108.18000030517578,107.33999633789062,107.70999908447266,1235700,VTV
2019-03-27,90.01943969726562,107.45999908447266,108.16000366210938,106.94000244140625,107.94999694824219,1449800,VTV
2019-03-28,90.26824951171875,107.0199966430664,107.29000091552734,106.33999633789062,106.94000244140625,1396200,VTV
2019-03-29,90.78276062011719,107.62999725341797,107.70999908447266,107.0999984741211,107.5999984741211,1468800,VTV
2019-04-01,91.84555053710938,108.88999938964844,109.0,108.26000213623047,108.31999969482422,2016000,VTV
2019-04-02,91.61780548095703,108.62000274658203,108.9800033569336,108.41999816894531,108.95999908447266,1625600,VTV
2019-04-03,91.63465881347656,108.63999938964844,109.12000274658203,108.37999725341797,109.08999633789062,1848800,VTV
2019-04-04,92.03954315185547,109.12000274658203,109.1500015258789,108.69999694824219,108.75,1371500,VTV
2019-04-05,92.44441986083984,109.5999984741211,109.61000061035156,109.13999938964844,109.31999969482422,1083000,VTV
2019-04-08,92.51190185546875,109.68000030517578,109.69000244140625,109.23999786376953,109.45999908447266,1402400,VTV
2019-04-09,91.91301727294922,108.97000122070312,109.27999877929688,108.72000122070312,109.26000213623047,1034000,VTV
2019-04-10,92.16606140136719,109.2699966430664,109.31999969482422,108.9000015258789,109.1500015258789,802500,VTV
2019-04-11,92.18292236328125,109.29000091552734,109.61000061035156,109.01000213623047,109.5,1191500,VTV
2019-04-12,92.76493835449219,109.9800033569336,110.2699966430664,109.55999755859375,109.94999694824219,860400,VTV
2019-04-15,92.66374206542969,109.86000061035156,110.08000183105469,109.62999725341797,110.0,1046400,VTV
2019-04-16,92.86614990234375,110.0999984741211,110.33999633789062,109.87000274658203,110.2300033569336,1439400,VTV
2019-04-17,92.6384048461914,109.83000183105469,110.5,109.66000366210938,110.47000122070312,1225800,VTV
2019-04-18,92.66374206542969,109.86000061035156,110.08999633789062,109.5199966430664,110.08999633789062,1526100,VTV
2019-04-22,92.66374206542969,109.86000061035156,109.95999908447266,109.55000305175781,109.62000274658203,1012700,VTV
2019-04-23,93.31319427490234,110.62999725341797,110.69000244140625,109.80999755859375,109.9800033569336,1091900,VTV
2019-04-24,93.05171203613281,110.31999969482422,110.58999633789062,110.12000274658203,110.51000213623047,2286500,VTV
2019-04-25,92.73961639404297,109.94999694824219,110.22000122070312,109.3499984741211,109.9000015258789,1160800,VTV
2019-04-26,93.2035140991211,110.5,110.51000213623047,109.83999633789062,109.87000274658203,1041000,VTV
2019-04-29,93.43970489501953,110.77999877929688,111.04000091552734,110.5199966430664,110.55999755859375,1071800,VTV
2019-04-30,93.83614349365234,111.25,111.36000061035156,110.44999694824219,111.0199966430664,1205300,VTV
2019-05-01,93.11918640136719,110.4000015258789,111.4000015258789,110.4000015258789,111.38999938964844,2066900,VTV
2019-05-02,92.9083251953125,110.1500015258789,110.62999725341797,109.56999969482422,110.33999633789062,1558200,VTV
2019-05-03,93.6252670288086,111.0,111.11000061035156,110.51000213623047,110.62999725341797,1150500,VTV
2019-05-06,93.31319427490234,110.62999725341797,110.77999877929688,109.43000030517578,109.4800033569336,1333900,VTV
2019-05-07,91.92146301269531,108.9800033569336,109.80999755859375,108.29000091552734,109.69999694824219,2049600,VTV
2019-05-08,91.67684936523438,108.69000244140625,109.37999725341797,108.5199966430664,108.87000274658203,1554900,VTV
2019-05-09,91.46598815917969,108.44000244140625,108.6500015258789,107.22000122070312,107.93000030517578,2162400,VTV
2019-05-10,91.99736785888672,109.06999969482422,109.31999969482422,106.97000122070312,108.04000091552734,1636900,VTV
2019-05-13,90.15860748291016,106.88999938964844,107.62000274658203,106.41000366210938,107.41000366210938,1371300,VTV
2019-05-14,90.73217010498047,107.56999969482422,108.2300033569336,107.0199966430664,107.18000030517578,1752300,VTV
2019-05-15,90.9261703491211,107.80000305175781,108.06999969482422,106.73999786376953,106.95999908447266,1188900,VTV
2019-05-16,91.65996551513672,108.66999816894531,109.2699966430664,108.12000274658203,108.19000244140625,1614100,VTV
2019-05-17,91.29727935791016,108.23999786376953,109.05000305175781,107.79000091552734,107.9000015258789,905100,VTV
2019-05-20,91.16234588623047,108.08000183105469,108.55999755859375,107.73999786376953,107.86000061035156,942300,VTV
2019-05-21,91.8539810180664,108.9000015258789,109.05999755859375,108.52999877929688,108.63999938964844,720800,VTV
2019-05-22,91.55875396728516,108.55000305175781,108.79000091552734,108.25,108.58000183105469,759400,VTV
2019-05-23,90.57191467285156,107.37999725341797,107.68000030517578,106.69999694824219,107.68000030517578,1280300,VTV
2019-05-24,90.81652069091797,107.66999816894531,107.9800033569336,107.2699966430664,107.87000274658203,1031200,VTV
2019-05-28,89.6019058227539,106.2300033569336,107.87999725341797,106.19999694824219,107.73999786376953,936700,VTV
2019-05-29,89.10427856445312,105.63999938964844,105.88999938964844,104.94000244140625,105.77999877929688,1575500,VTV
2019-05-30,89.0789794921875,105.61000061035156,106.16000366210938,105.20999908447266,105.9000015258789,1030200,VTV
2019-05-31,87.8980941772461,104.20999908447266,104.80000305175781,104.1500015258789,104.58999633789062,1496300,VTV
2019-06-03,88.7331314086914,105.19999694824219,105.45999908447266,104.3499984741211,104.37000274658203,1679400,VTV
2019-06-04,90.50442504882812,107.30000305175781,107.36000061035156,106.12000274658203,106.16999816894531,1174100,VTV
2019-06-05,91.06111907958984,107.95999908447266,108.01000213623047,107.16000366210938,107.69999694824219,1226500,VTV
2019-06-06,91.62622833251953,108.62999725341797,108.94999694824219,107.94000244140625,108.16000366210938,1039000,VTV
2019-06-07,92.08173370361328,109.16999816894531,109.63999938964844,108.88999938964844,108.98999786376953,798100,VTV
2019-06-10,92.3769302368164,109.5199966430664,110.0199966430664,109.5,109.69999694824219,1361100,VTV
2019-06-11,92.33476257324219,109.47000122070312,110.31999969482422,109.31999969482422,110.11000061035156,1187000,VTV
2019-06-12,92.20824432373047,109.31999969482422,109.61000061035156,109.1500015258789,109.47000122070312,863200,VTV
2019-06-13,92.59622192382812,109.77999877929688,109.94000244140625,109.41000366210938,109.66000366210938,1211000,VTV
2019-06-14,92.5456314086914,109.72000122070312,110.56999969482422,109.4000015258789,109.72000122070312,1389400,VTV
2019-06-17,92.36006927490234,109.5,109.80000305175781,109.4000015258789,109.7699966430664,892500,VTV
2019-06-18,93.14448547363281,110.43000030517578,110.87000274658203,109.87999725341797,109.94000244140625,1181000,VTV
2019-06-19,93.38065338134766,110.70999908447266,110.95999908447266,110.36000061035156,110.5199966430664,1094900,VTV
2019-06-20,94.19039154052734,111.66999816894531,111.8499984741211,110.79000091552734,111.63999938964844,1060400,VTV
2019-06-21,94.13135528564453,111.5999984741211,112.13999938964844,111.48999786376953,111.62999725341797,873100,VTV
2019-06-24,94.03012084960938,111.4800033569336,111.83000183105469,111.41999816894531,111.62999725341797,932600,VTV
2019-06-25,93.63369750976562,111.01000213623047,111.58000183105469,110.94000244140625,111.58000183105469,975700,VTV
2019-06-26,93.23727416992188,110.54000091552734,111.27999877929688,110.54000091552734,111.20999908447266,945100,VTV
2019-06-27,93.60992431640625,110.27999877929688,110.4800033569336,110.05999755859375,110.12999725341797,978900,VTV
2019-06-28,94.15319061279297,110.91999816894531,111.12000274658203,110.62000274658203,110.72000122070312,1612600,VTV
2019-07-01,94.8067855834961,111.69000244140625,112.13999938964844,111.19999694824219,112.05999755859375,1953000,VTV
2019-07-02,94.97655487060547,111.88999938964844,111.9000015258789,111.2699966430664,111.7300033569336,1199400,VTV
2019-07-03,95.72350311279297,112.7699966430664,112.7699966430664,112.1500015258789,112.19000244140625,859900,VTV
2019-07-05,95.57074737548828,112.58999633789062,112.69999694824219,111.87999725341797,112.37999725341797,749000,VTV
2019-07-08,95.16329193115234,112.11000061035156,112.4800033569336,111.9000015258789,112.26000213623047,851400,VTV
2019-07-09,95.10387420654297,112.04000091552734,112.0999984741211,111.6500015258789,111.69000244140625,1591100,VTV
2019-07-10,95.2651596069336,112.2300033569336,112.73999786376953,112.08999633789062,112.3499984741211,861400,VTV
2019-07-11,95.52828979492188,112.54000091552734,112.69000244140625,112.05999755859375,112.52999877929688,835000,VTV
2019-07-12,95.95270538330078,113.04000091552734,113.05999755859375,112.48999786376953,112.7699966430664,711200,VTV
2019-07-15,95.8508529663086,112.91999816894531,113.16000366210938,112.73999786376953,113.16000366210938,1176400,VTV
2019-07-16,95.63016510009766,112.66000366210938,112.98999786376953,112.55000305175781,112.94999694824219,779900,VTV
2019-07-17,94.8661880493164,111.76000213623047,112.70999908447266,111.76000213623047,112.66999816894531,1409800,VTV
2019-07-18,95.32459259033203,112.30000305175781,112.44999694824219,111.55000305175781,111.61000061035156,2097100,VTV
2019-07-19,94.89166259765625,111.79000091552734,112.6500015258789,111.72000122070312,112.58000183105469,946200,VTV
2019-07-22,94.8492202758789,111.73999786376953,111.91999816894531,111.43000030517578,111.88999938964844,893400,VTV
2019-07-23,95.58771514892578,112.61000061035156,112.6500015258789,111.9800033569336,112.18000030517578,1307600,VTV
2019-07-24,95.96967315673828,113.05999755859375,113.05999755859375,112.33999633789062,112.38999938964844,871200,VTV
2019-07-25,95.5792236328125,112.5999984741211,113.02999877929688,112.27999877929688,113.02999877929688,803200,VTV
2019-07-26,96.06307220458984,113.16999816894531,113.23999786376953,112.55000305175781,112.73999786376953,682800,VTV
2019-07-29,96.04609680175781,113.1500015258789,113.36000061035156,113.06999969482422,113.20999908447266,729100,VTV
2019-07-30,95.90177917480469,112.9800033569336,112.9800033569336,112.44000244140625,112.70999908447266,953300,VTV
2019-07-31,94.93407440185547,111.83999633789062,113.0199966430664,111.19000244140625,112.94000244140625,1049500,VTV
2019-08-01,93.88155364990234,110.5999984741211,112.6500015258789,110.31999969482422,111.80999755859375,1552600,VTV
2019-08-02,93.37220764160156,110.0,110.47000122070312,109.30999755859375,110.33999633789062,1430300,VTV
2019-08-05,90.85118865966797,107.02999877929688,108.73999786376953,106.29000091552734,108.55999755859375,1617300,VTV
2019-08-06,91.89525604248047,108.26000213623047,108.3499984741211,106.8499984741211,107.66000366210938,1201700,VTV
2019-08-07,91.70001220703125,108.02999877929688,108.36000061035156,105.97000122070312,107.0999984741211,1453300,VTV
2019-08-08,93.15155029296875,109.73999786376953,109.7699966430664,108.41999816894531,108.56999969482422,1467800,VTV
2019-08-09,92.63375854492188,109.12999725341797,109.6500015258789,108.41000366210938,109.43000030517578,1113200,VTV
2019-08-12,91.50479888916016,107.80000305175781,108.69999694824219,107.44999694824219,108.58000183105469,951500,VTV
2019-08-13,92.59978485107422,109.08999633789062,109.7300033569336,107.55000305175781,107.69999694824219,1126700,VTV
2019-08-14,89.93444061279297,105.94999694824219,107.68000030517578,105.91999816894531,107.63999938964844,1212500,VTV
2019-08-15,90.00235748291016,106.02999877929688,106.47000122070312,105.20999908447266,106.18000030517578,1330300,VTV
2019-08-16,91.3095703125,107.56999969482422,107.76000213623047,106.5999984741211,106.62000274658203,1224000,VTV
2019-08-19,92.26874542236328,108.69999694824219,108.98999786376953,108.4800033569336,108.69999694824219,1111800,VTV
2019-08-20,91.35201263427734,107.62000274658203,108.66999816894531,107.55999755859375,108.55999755859375,799200,VTV
2019-08-21,91.92074584960938,108.29000091552734,108.48999786376953,108.11000061035156,108.4800033569336,789900,VTV
2019-08-22,91.98863983154297,108.37000274658203,108.93000030517578,107.9000015258789,108.62999725341797,1123200,VTV
2019-08-23,89.81562042236328,105.80999755859375,108.4000015258789,105.25,107.94000244140625,1209400,VTV
2019-08-26,90.66446685791016,106.80999755859375,106.80999755859375,106.02999877929688,106.62999725341797,1172600,VTV
2019-08-27,90.10420227050781,106.1500015258789,107.5,106.01000213623047,107.36000061035156,1104400,VTV
2019-08-28,90.91910552978516,107.11000061035156,107.16000366210938,105.80999755859375,105.94999694824219,824600,VTV
2019-08-29,91.8782730102539,108.23999786376953,108.4800033569336,107.5999984741211,108.02999877929688,992400,VTV
2019-08-30,92.115966796875,108.5199966430664,109.08000183105469,108.26000213623047,108.86000061035156,1030700,VTV
2019-09-03,91.77642822265625,108.12000274658203,108.19999694824219,107.27999877929688,107.87000274658203,1552400,VTV
2019-09-04,92.66771697998047,109.16999816894531,109.2300033569336,108.75,108.97000122070312,798100,VTV
2019-09-05,93.72027587890625,110.41000366210938,110.91000366210938,110.11000061035156,110.16999816894531,1048900,VTV
2019-09-06,93.89002990722656,110.61000061035156,110.81999969482422,110.31999969482422,110.58000183105469,901500,VTV
2019-09-09,94.58606719970703,111.43000030517578,111.47000122070312,110.91000366210938,111.04000091552734,947800,VTV
2019-09-10,95.10387420654297,112.04000091552734,112.04000091552734,111.20999908447266,111.20999908447266,1517700,VTV
2019-09-11,95.82537841796875,112.88999938964844,112.91999816894531,111.70999908447266,112.13999938964844,1645500,VTV
2019-09-12,95.94422912597656,113.02999877929688,113.33999633789062,112.5,113.01000213623047,1586900,VTV
2019-09-13,96.05459594726562,113.16000366210938,113.62999725341797,113.02999877929688,113.29000091552734,1658700,VTV
2019-09-16,95.79672241210938,112.19999694824219,112.61000061035156,111.91999816894531,112.22000122070312,1046800,VTV
2019-09-17,95.79672241210938,112.19999694824219,112.20999908447266,111.80999755859375,112.05000305175781,1290300,VTV
2019-09-18,95.82234191894531,112.2300033569336,112.2699966430664,111.41999816894531,112.01000213623047,943900,VTV
2019-09-19,95.72843933105469,112.12000274658203,112.70999908447266,111.98999786376953,112.38999938964844,1006900,VTV
2019-09-20,95.56620025634766,111.93000030517578,112.62000274658203,111.68000030517578,112.37000274658203,884000,VTV
2019-09-23,95.60032653808594,111.97000122070312,112.20999908447266,111.5,111.66000366210938,1440500,VTV
2019-09-24,94.96854400634766,111.2300033569336,112.31999969482422,110.87000274658203,112.2300033569336,1774900,VTV
2019-09-25,95.318603515625,111.63999938964844,111.77999877929688,110.95999908447266,111.2300033569336,764000,VTV
2019-09-26,95.05390167236328,111.33000183105469,111.69000244140625,110.83000183105469,111.66000366210938,945200,VTV
2019-09-27,95.01976013183594,111.29000091552734,111.87999725341797,110.76000213623047,111.63999938964844,873700,VTV
2019-09-30,95.30150604248047,111.62000274658203,111.94999694824219,111.4000015258789,111.4000015258789,1126100,VTV
2019-10-01,93.9269027709961,110.01000213623047,112.12999725341797,109.9000015258789,111.9800033569336,1675300,VTV
2019-10-02,92.26197052001953,108.05999755859375,109.58000183105469,107.61000061035156,109.4800033569336,1181600,VTV
2019-10-03,92.77426147460938,108.66000366210938,108.66000366210938,106.87999725341797,108.01000213623047,1237600,VTV
2019-10-04,94.03788757324219,110.13999938964844,110.19000244140625,108.80000305175781,108.80000305175781,1010400,VTV
2019-10-07,93.61096954345703,109.63999938964844,110.44999694824219,109.5,109.83000183105469,866700,VTV
2019-10-08,92.1253662109375,107.9000015258789,109.19000244140625,107.86000061035156,108.91000366210938,1289400,VTV
2019-10-09,92.82547760009766,108.72000122070312,109.0999984741211,108.27999877929688,108.5999984741211,880100,VTV
2019-10-10,93.45730590820312,109.45999908447266,109.83999633789062,108.62000274658203,108.62999725341797,2404900,VTV
2019-10-11,94.37086486816406,110.52999877929688,111.55000305175781,110.52999877929688,110.55000305175781,1274100,VTV
2019-10-14,94.28547668457031,110.43000030517578,110.58000183105469,110.2300033569336,110.44000244140625,700800,VTV
2019-10-15,95.16490936279297,111.45999908447266,111.80999755859375,110.48999786376953,110.9000015258789,945300,VTV
2019-10-16,95.07099151611328,111.3499984741211,111.73999786376953,111.2699966430664,111.37000274658203,1460100,VTV
2019-10-17,95.40397644042969,111.73999786376953,112.01000213623047,111.47000122070312,111.79000091552734,949800,VTV
2019-10-18,95.3442153930664,111.66999816894531,111.93000030517578,111.4000015258789,111.5,883800,VTV
2019-10-21,95.96748352050781,112.4000015258789,112.45999908447266,112.08999633789062,112.18000030517578,1042400,VTV
2019-10-22,96.28337860107422,112.7699966430664,113.33999633789062,112.43000030517578,112.62999725341797,1026800,VTV
2019-10-23,96.5224609375,113.05000305175781,113.08000183105469,112.44000244140625,112.6500015258789,1236800,VTV
2019-10-24,96.24925231933594,112.7300033569336,113.30000305175781,112.41999816894531,113.23999786376953,901600,VTV
2019-10-25,96.63346862792969,113.18000030517578,113.44000244140625,112.7300033569336,112.7300033569336,818500,VTV
2019-10-28,97.01764678955078,113.62999725341797,114.06999969482422,113.51000213623047,113.62999725341797,1321000,VTV
2019-10-29,97.31649017333984,113.9800033569336,114.2300033569336,113.45999908447266,113.5999984741211,2950300,VTV
2019-10-30,97.50434112548828,114.19999694824219,114.27999877929688,113.54000091552734,114.12000274658203,1030500,VTV
2019-10-31,97.11158752441406,113.73999786376953,113.95999908447266,113.05000305175781,113.95999908447266,816800,VTV
2019-11-01,98.09343719482422,114.88999938964844,114.94999694824219,114.27999877929688,114.27999877929688,881200,VTV
2019-11-04,98.6313247680664,115.5199966430664,115.7300033569336,115.3499984741211,115.55999755859375,1106200,VTV
2019-11-05,98.73382568359375,115.63999938964844,115.88999938964844,115.45999908447266,115.70999908447266,1476100,VTV
2019-11-06,98.86188507080078,115.79000091552734,115.94999694824219,115.44999694824219,115.73999786376953,1118900,VTV
2019-11-07,99.31439971923828,116.31999969482422,116.7300033569336,116.12999725341797,116.33999633789062,3093400,VTV
2019-11-08,99.63883972167969,116.69999694824219,116.69999694824219,115.8499984741211,116.26000213623047,822800,VTV
2019-11-11,99.28023529052734,116.27999877929688,116.33000183105469,116.0199966430664,116.18000030517578,868900,VTV
2019-11-12,99.28878021240234,116.29000091552734,116.7699966430664,116.05000305175781,116.43000030517578,785700,VTV
2019-11-13,99.2119369506836,116.19999694824219,116.4000015258789,115.68000030517578,115.88999938964844,2269400,VTV
2019-11-14,99.13508605957031,116.11000061035156,116.20999908447266,115.6500015258789,116.06999969482422,1397800,VTV
2019-11-15,99.87789916992188,116.9800033569336,116.98999786376953,116.36000061035156,116.5999984741211,1110600,VTV
2019-11-18,99.90352630615234,117.01000213623047,117.0999984741211,116.70999908447266,116.8499984741211,1121300,VTV
2019-11-19,99.74128723144531,116.81999969482422,117.30999755859375,116.5999984741211,117.30999755859375,1306300,VTV
2019-11-20,99.40831756591797,116.43000030517578,116.72000122070312,115.87000274658203,116.5999984741211,1328300,VTV
2019-11-21,99.5022201538086,116.54000091552734,116.66999816894531,116.0199966430664,116.55999755859375,1694800,VTV
2019-11-22,99.86082458496094,116.95999908447266,117.05000305175781,116.58999633789062,116.81999969482422,888100,VTV
2019-11-25,100.42433166503906,117.62000274658203,117.66000366210938,117.23999786376953,117.31999969482422,1058800,VTV
2019-11-26,100.53531646728516,117.75,117.79000091552734,117.43000030517578,117.70999908447266,1327800,VTV
2019-11-27,100.75731658935547,118.01000213623047,118.12000274658203,117.6500015258789,117.94999694824219,874500,VTV
2019-11-29,100.449951171875,117.6500015258789,117.95999908447266,117.5199966430664,117.86000061035156,494500,VTV
2019-12-02,99.8949966430664,117.0,117.80999755859375,116.91000366210938,117.80999755859375,2330600,VTV
2019-12-03,99.05824279785156,116.0199966430664,116.19000244140625,115.33999633789062,116.05000305175781,1395600,VTV
2019-12-04,99.78398132324219,116.87000274658203,117.12000274658203,116.2699966430664,116.44999694824219,1396800,VTV
2019-12-05,99.98889923095703,117.11000061035156,117.20999908447266,116.51000213623047,117.08999633789062,1803200,VTV
2019-12-06,100.82562255859375,118.08999633789062,118.36000061035156,117.7699966430664,117.91000366210938,1120100,VTV
2019-12-09,100.57803344726562,117.80000305175781,118.16999816894531,117.7699966430664,117.95999908447266,999700,VTV
2019-12-10,100.4841079711914,117.69000244140625,117.95999908447266,117.33000183105469,117.7300033569336,1188300,VTV
2019-12-11,100.71464538574219,117.95999908447266,118.12000274658203,117.68000030517578,117.86000061035156,1129000,VTV
2019-12-12,101.85018157958984,119.29000091552734,119.5,117.95999908447266,118.02999877929688,1618400,VTV
2019-12-13,101.54280090332031,118.93000030517578,119.75,118.63999938964844,119.22000122070312,1739500,VTV
2019-12-16,102.26002502441406,119.7699966430664,120.08999633789062,119.61000061035156,119.70999908447266,1188200,VTV
2019-12-17,102.35391235351562,119.87999725341797,120.08000183105469,119.80999755859375,119.95999908447266,1716800,VTV
2019-12-18,102.27709197998047,119.79000091552734,120.08000183105469,119.70999908447266,120.0199966430664,1213900,VTV
2019-12-19,102.49054718017578,120.04000091552734,120.1500015258789,119.83000183105469,119.91999816894531,1539400,VTV
2019-12-20,103.09675598144531,120.75,121.0199966430664,120.48999786376953,120.5999984741211,1818200,VTV
2019-12-23,103.11382293701172,120.7699966430664,120.91999816894531,120.69000244140625,120.91999816894531,1464300,VTV
2019-12-24,103.0699462890625,119.80999755859375,119.94000244140625,119.69000244140625,119.93000030517578,893300,VTV
2019-12-26,103.31941986083984,120.0999984741211,120.13999938964844,119.80000305175781,119.98999786376953,780300,VTV
2019-12-27,103.31941986083984,120.0999984741211,120.3499984741211,119.91999816894531,120.3499984741211,1150900,VTV
2019-12-30,102.84626770019531,119.55000305175781,120.27999877929688,119.4000015258789,120.19999694824219,1475200,VTV
2019-12-31,103.10435485839844,119.8499984741211,119.93000030517578,119.22000122070312,119.4000015258789,1184500,VTV
2020-01-02,103.61193084716797,120.44000244140625,120.44000244140625,119.79000091552734,120.37000274658203,1634700,VTV
2020-01-03,102.78604125976562,119.4800033569336,119.83000183105469,119.08999633789062,119.2300033569336,1401600,VTV
2020-01-06,102.91509246826172,119.62999725341797,119.68000030517578,118.7699966430664,118.93000030517578,1546300,VTV
2020-01-07,102.51934814453125,119.16999816894531,119.37000274658203,118.97000122070312,119.3499984741211,1422200,VTV
2020-01-08,102.76022338867188,119.44999694824219,119.95999908447266,119.11000061035156,119.20999908447266,1401700,VTV
2020-01-09,103.2333984375,120.0,120.02999877929688,119.62000274658203,119.94999694824219,1239100,VTV
2020-01-10,102.88929748535156,119.5999984741211,120.26000213623047,119.44999694824219,120.19000244140625,1736200,VTV
2020-01-13,103.31941986083984,120.0999984741211,120.0999984741211,119.48999786376953,119.80000305175781,2077300,VTV
2020-01-14,103.45707702636719,120.26000213623047,120.52999877929688,119.8499984741211,119.95999908447266,4584700,VTV
2020-01-15,103.62052917480469,120.44999694824219,120.73999786376953,120.02999877929688,120.11000061035156,1222700,VTV
2020-01-16,104.30014038085938,121.23999786376953,121.23999786376953,120.76000213623047,120.94999694824219,1506800,VTV
2020-01-17,104.4119873046875,121.37000274658203,121.52999877929688,121.23999786376953,121.41000366210938,1295300,VTV
2020-01-21,104.00764465332031,120.9000015258789,121.26000213623047,120.75,121.04000091552734,1717100,VTV
2020-01-22,104.11947631835938,121.02999877929688,121.3499984741211,120.91000366210938,121.20999908447266,1300800,VTV
2020-01-23,104.05924224853516,120.95999908447266,121.01000213623047,120.05000305175781,120.66999816894531,1161500,VTV
2020-01-24,103.06132507324219,119.80000305175781,121.12000274658203,119.29000091552734,121.12000274658203,1706500,VTV
2020-01-27,101.62467193603516,118.12999725341797,118.66000366210938,118.0,118.18000030517578,1661100,VTV
2020-01-28,102.35591888427734,118.9800033569336,119.36000061035156,118.44000244140625,118.51000213623047,1232200,VTV
2020-01-29,101.89995574951172,118.44999694824219,119.4000015258789,118.44999694824219,119.29000091552734,1032300,VTV
2020-01-30,102.34730529785156,118.97000122070312,119.08999633789062,117.37999725341797,117.70999908447266,1718900,VTV
2020-01-31,100.52352142333984,116.8499984741211,118.41999816894531,116.44000244140625,118.4000015258789,1895400,VTV
2020-02-03,100.88481903076172,117.2699966430664,118.16000366210938,117.11000061035156,117.41999816894531,1509300,VTV
2020-02-04,102.08061218261719,118.66000366210938,119.12999725341797,118.54000091552734,118.62000274658203,1308600,VTV
2020-02-05,103.82698822021484,120.69000244140625,120.7699966430664,119.55000305175781,119.5999984741211,1624500,VTV
2020-02-06,103.88722229003906,120.76000213623047,121.25,120.61000061035156,121.13999938964844,1120800,VTV
2020-02-07,103.27641296386719,120.05000305175781,120.5,119.91000366210938,120.37999725341797,1047000,VTV
2020-02-10,103.62052917480469,120.44999694824219,120.44999694824219,119.77999877929688,119.80999755859375,984300,VTV
2020-02-11,104.04206085205078,120.94000244140625,121.27999877929688,120.80000305175781,120.91000366210938,1246400,VTV
2020-02-12,104.45498657226562,121.41999816894531,121.70999908447266,121.11000061035156,121.48999786376953,1214700,VTV
2020-02-13,104.17970275878906,121.0999984741211,121.37000274658203,120.55999755859375,120.93000030517578,1016300,VTV
2020-02-14,104.02486419677734,120.91999816894531,121.38999938964844,120.4800033569336,121.26000213623047,871200,VTV
2020-02-18,103.4914779663086,120.30000305175781,120.83000183105469,119.8499984741211,120.73999786376953,1241500,VTV
2020-02-19,103.80976867675781,120.66999816894531,120.87999725341797,120.41999816894531,120.58999633789062,1302000,VTV
2020-02-20,103.70655822753906,120.55000305175781,120.81999969482422,119.5999984741211,120.44000244140625,1494900,VTV
2020-02-21,103.25919342041016,120.02999877929688,120.16000366210938,119.56999969482422,120.0199966430664,1363300,VTV
2020-02-24,100.10197448730469,116.36000061035156,117.62999725341797,116.11000061035156,117.01000213623047,3389200,VTV
2020-02-25,96.95336151123047,112.69999694824219,116.83999633789062,112.33000183105469,116.69000244140625,2987500,VTV
2020-02-26,96.11890411376953,111.7300033569336,114.20999908447266,111.7300033569336,113.19999694824219,2482300,VTV
2020-02-27,92.05838012695312,107.01000213623047,111.2699966430664,106.98999786376953,110.0,4622700,VTV
2020-02-28,90.75936126708984,105.5,105.5999984741211,102.27999877929688,103.94000244140625,5049600,VTV
2020-03-02,94.63922882080078,110.01000213623047,110.02999877929688,104.80999755859375,106.0,3401800,VTV
2020-03-03,92.00676727294922,106.94999694824219,111.70999908447266,106.0199966430664,110.16000366210938,2684500,VTV
2020-03-04,96.06727600097656,111.66999816894531,111.69999694824219,108.27999877929688,109.33999633789062,1994300,VTV
2020-03-05,92.8928451538086,107.9800033569336,109.7300033569336,106.9800033569336,108.98999786376953,1773900,VTV
2020-03-06,91.33573913574219,106.16999816894531,106.66999816894531,103.94999694824219,104.6500015258789,4032500,VTV
2020-03-09,84.05777740478516,97.70999908447266,100.94000244140625,96.95999908447266,98.30999755859375,5845500,VTV
2020-03-10,87.72257232666016,101.97000122070312,102.0199966430664,96.8499984741211,101.37999725341797,5428200,VTV
2020-03-11,83.28356170654297,96.80999755859375,99.63999938964844,95.62999725341797,99.18000030517578,3663800,VTV
2020-03-12,74.92163848876953,87.08999633789062,93.27999877929688,87.0,90.0,7160300,VTV
2020-03-13,81.76945495605469,95.05000305175781,95.31999969482422,87.5999984741211,92.11000061035156,6004700,VTV
2020-03-16,72.7107162475586,84.5199966430664,90.62000274658203,84.25,85.86000061035156,5495100,VTV
2020-03-17,77.59709167480469,90.19999694824219,90.58999633789062,84.04000091552734,86.2699966430664,6685800,VTV
2020-03-18,73.10647583007812,84.9800033569336,86.94999694824219,80.43000030517578,84.51000213623047,5848200,VTV
2020-03-19,72.28919219970703,84.02999877929688,85.87000274658203,81.19999694824219,83.70999908447266,5526800,VTV
2020-03-20,68.86528015136719,80.05000305175781,85.08999633789062,79.93000030517578,84.47000122070312,9696800,VTV
2020-03-23,66.03496551513672,76.76000213623047,79.6500015258789,75.55000305175781,79.44000244140625,8550600,VTV
2020-03-24,72.49564361572266,84.2699966430664,84.41999816894531,80.5199966430664,80.58000183105469,7071000,VTV
2020-03-25,73.82909393310547,85.81999969482422,89.12999725341797,82.88999938964844,84.5,5507800,VTV
2020-03-26,78.55175018310547,90.5,91.20999908447266,85.81999969482422,85.83999633789062,5332300,VTV
2020-03-27,76.47727966308594,88.11000061035156,90.63999938964844,87.0,87.62000274658203,4791900,VTV
2020-03-30,78.82079315185547,90.80999755859375,91.16000366210938,87.94999694824219,88.62000274658203,4864100,VTV
2020-03-31,77.30184936523438,89.05999755859375,91.1500015258789,88.6500015258789,90.66999816894531,4430900,VTV
2020-04-01,73.97750854492188,85.2300033569336,86.76000213623047,84.4000015258789,85.63999938964844,4298200,VTV
2020-04-02,75.89571380615234,87.44000244140625,87.9000015258789,84.76000213623047,84.77999877929688,3386800,VTV
2020-04-03,74.7413330078125,86.11000061035156,88.05999755859375,85.18000030517578,87.16000366210938,3728600,VTV
2020-04-06,79.20272827148438,91.25,92.04000091552734,88.95999908447266,89.44999694824219,3541400,VTV
2020-04-07,79.4978256225586,91.58999633789062,94.97000122070312,91.56999969482422,94.54000091552734,3491200,VTV
2020-04-08,82.71800231933594,95.30000305175781,95.79000091552734,91.77999877929688,92.55999755859375,2650100,VTV
2020-04-09,84.51472473144531,97.37000274658203,98.7300033569336,96.29000091552734,96.5999984741211,3640500,VTV
2020-04-13,82.91766357421875,95.52999877929688,97.48999786376953,94.51000213623047,96.91999816894531,3440000,VTV
2020-04-14,84.83586120605469,97.73999786376953,98.0999984741211,96.45999908447266,97.44000244140625,4067100,VTV
2020-04-15,82.4749755859375,95.0199966430664,95.55999755859375,94.16999816894531,95.47000122070312,2985000,VTV
2020-04-16,82.34480285644531,94.87000274658203,95.31999969482422,93.83000183105469,95.26000213623047,4153900,VTV
2020-04-17,85.22645568847656,98.19000244140625,98.55999755859375,96.55999755859375,97.47000122070312,3101600,VTV
2020-04-20,83.56861877441406,96.27999877929688,97.94999694824219,96.1500015258789,96.5,2699100,VTV
2020-04-21,81.25115966796875,93.61000061035156,95.13999938964844,93.47000122070312,94.29000091552734,1916200,VTV
2020-04-22,82.48365783691406,95.02999877929688,95.69999694824219,94.6500015258789,95.41999816894531,2056500,VTV
2020-04-23,82.63121032714844,95.19999694824219,96.81999969482422,95.16999816894531,95.41000366210938,1903100,VTV
2020-04-24,83.64675903320312,96.37000274658203,96.72000122070312,94.95999908447266,95.69999694824219,2010300,VTV
2020-04-27,85.3740234375,98.36000061035156,98.80000305175781,96.91999816894531,97.05000305175781,3223600,VTV
2020-04-28,85.76460266113281,98.80999755859375,100.23999786376953,98.45999908447266,99.87999725341797,3380300,VTV
2020-04-29,87.42243194580078,100.72000122070312,101.4800033569336,99.93000030517578,100.76000213623047,2346200,VTV
2020-04-30,85.54761505126953,98.55999755859375,99.83000183105469,95.86000061035156,99.7699966430664,1905600,VTV
2020-05-01,83.2301025390625,95.88999938964844,97.16999816894531,95.44000244140625,97.12999725341797,2000400,VTV
2020-05-04,82.95237731933594,95.56999969482422,95.72000122070312,94.33000183105469,95.06999969482422,2998300,VTV
2020-05-05,83.42108917236328,96.11000061035156,97.31999969482422,96.08000183105469,96.69999694824219,2970000,VTV
2020-05-06,82.18855285644531,94.69000244140625,96.7699966430664,94.62999725341797,96.63999938964844,1421900,VTV
2020-05-07,82.8048095703125,95.4000015258789,96.54000091552734,95.27999877929688,95.77999877929688,2415300,VTV
2020-05-08,84.70568084716797,97.58999633789062,97.72000122070312,96.43000030517578,96.77999877929688,2283500,VTV
2020-05-11,84.16753387451172,96.97000122070312,97.51000213623047,96.23999786376953,96.77999877929688,2355700,VTV
2020-05-12,82.41423034667969,94.94999694824219,97.55000305175781,94.94999694824219,97.33000183105469,2938400,VTV
2020-05-13,80.64356231689453,92.91000366210938,94.6500015258789,92.20999908447266,94.62999725341797,4709400,VTV
2020-05-14,81.86740112304688,94.31999969482422,94.37000274658203,90.9800033569336,91.83999633789062,3475700,VTV
2020-05-15,81.85004425048828,94.30000305175781,94.58999633789062,93.19000244140625,93.76000213623047,2676500,VTV
2020-05-18,85.03550720214844,97.97000122070312,98.54000091552734,96.94999694824219,97.11000061035156,2329000,VTV
2020-05-19,83.59465026855469,96.30999755859375,97.7699966430664,96.30999755859375,97.7300033569336,2537800,VTV
2020-05-20,84.94002532958984,97.86000061035156,98.31999969482422,97.33999633789062,97.61000061035156,2515800,VTV
2020-05-21,84.34111785888672,97.16999816894531,98.08999633789062,96.8499984741211,97.6500015258789,1944000,VTV
2020-05-22,84.34111785888672,97.16999816894531,97.23999786376953,96.44000244140625,97.12000274658203,2205300,VTV
2020-05-26,86.44161987304688,99.58999633789062,100.41000366210938,99.44999694824219,99.70999908447266,3805400,VTV
2020-05-27,88.4466552734375,101.9000015258789,101.93000030517578,100.12000274658203,101.47000122070312,4314300,VTV
2020-05-28,88.0213394165039,101.41000366210938,102.91999816894531,101.18000030517578,102.77999877929688,2331900,VTV
2020-05-29,88.01268005371094,101.4000015258789,101.62999725341797,99.72000122070312,100.93000030517578,4240300,VTV
2020-06-01,88.22966003417969,101.6500015258789,102.0199966430664,100.94000244140625,101.20999908447266,1695700,VTV
2020-06-02,89.10629272460938,102.66000366210938,102.66999816894531,101.80000305175781,102.12000274658203,5505800,VTV
2020-06-03,90.88565063476562,104.70999908447266,105.01000213623047,103.5999984741211,103.83000183105469,4610900,VTV
2020-06-04,91.2936019897461,105.18000030517578,105.29000091552734,104.08000183105469,104.19999694824219,1675300,VTV
2020-06-05,93.95829010009766,108.25,109.43000030517578,107.88999938964844,108.38999938964844,2669100,VTV
2020-06-08,95.61611938476562,110.16000366210938,110.22000122070312,108.83000183105469,109.04000091552734,5465500,VTV
2020-06-09,93.87149810791016,108.1500015258789,109.16000366210938,107.79000091552734,108.75,3808200,VTV
2020-06-10,92.1181869506836,106.12999725341797,108.08999633789062,106.05000305175781,107.98999786376953,4952800,VTV
2020-06-11,86.13782501220703,99.23999786376953,103.30999755859375,98.93000030517578,102.72000122070312,3211000,VTV
2020-06-12,87.37902069091797,100.66999816894531,102.26000213623047,98.7300033569336,102.12000274658203,1955000,VTV
2020-06-15,88.07341766357422,101.47000122070312,101.97000122070312,97.77999877929688,98.2300033569336,2762100,VTV
2020-06-16,89.7833251953125,103.44000244140625,104.91999816894531,101.69000244140625,104.79000091552734,3123100,VTV
2020-06-17,88.81120300292969,102.31999969482422,103.66000366210938,102.0999984741211,103.66000366210938,2051000,VTV
2020-06-18,88.7677993774414,102.2699966430664,102.55999755859375,101.30000305175781,101.55000305175781,1859000,VTV
2020-06-19,88.1341552734375,101.54000091552734,103.93000030517578,101.06999969482422,103.75,1922400,VTV
2020-06-22,88.06474304199219,101.45999908447266,101.66999816894531,100.4800033569336,101.1500015258789,1462200,VTV
2020-06-23,88.17757415771484,101.58999633789062,102.58000183105469,101.5,102.54000091552734,1503500,VTV
2020-06-24,85.72120666503906,98.76000213623047,100.66999816894531,98.06999969482422,100.66999816894531,2601100,VTV
2020-06-25,86.6345443725586,99.02999877929688,99.0999984741211,97.05999755859375,97.5,2756300,VTV
2020-06-26,84.79737854003906,96.93000030517578,98.5,96.43000030517578,98.48999786376953,2150600,VTV
2020-06-29,86.14462280273438,98.47000122070312,98.4800033569336,97.05999755859375,97.63999938964844,1874800,VTV
2020-06-30,87.12442779541016,99.58999633789062,100.12999725341797,98.23999786376953,98.37999725341797,2074300,VTV
2020-07-01,87.08944702148438,99.55000305175781,100.56999969482422,99.30000305175781,99.98999786376953,1540200,VTV
2020-07-02,87.49187469482422,100.01000213623047,101.47000122070312,99.83000183105469,100.81999969482422,2045900,VTV
2020-07-06,88.34919738769531,100.98999786376953,101.69000244140625,100.5999984741211,101.45999908447266,1711500,VTV
2020-07-07,87.28190612792969,99.7699966430664,100.45999908447266,99.5999984741211,100.26000213623047,2861500,VTV
2020-07-08,87.55310821533203,100.08000183105469,100.37999725341797,99.19000244140625,99.88999938964844,1960800,VTV
2020-07-09,86.05714416503906,98.37000274658203,100.0,97.62999725341797,99.95999908447266,3652400,VTV
2020-07-10,87.64933776855469,100.19000244140625,100.26000213623047,98.31999969482422,98.31999969482422,2314300,VTV
2020-07-13,87.92926788330078,100.51000213623047,101.91999816894531,100.30999755859375,100.81999969482422,2552200,VTV
2020-07-14,89.25902557373047,102.02999877929688,102.16999816894531,99.80000305175781,100.18000030517578,2646300,VTV
2020-07-15,90.38755798339844,103.31999969482422,103.69000244140625,102.79000091552734,103.45999908447266,2680600,VTV
2020-07-16,90.57127380371094,103.52999877929688,103.87000274658203,102.63999938964844,102.9000015258789,2128600,VTV
2020-07-17,90.7287368774414,103.70999908447266,104.1500015258789,103.43000030517578,103.9000015258789,2065800,VTV
2020-07-20,90.01138305664062,102.88999938964844,103.66000366210938,102.73999786376953,103.5,2121400,VTV
2020-07-21,91.07867431640625,104.11000061035156,104.58999633789062,103.4000015258789,103.55999755859375,1981500,VTV
2020-07-22,91.52482604980469,104.62000274658203,104.7300033569336,103.66000366210938,103.87999725341797,1842000,VTV
2020-07-23,91.46359252929688,104.55000305175781,105.25,104.16000366210938,104.58999633789062,2069800,VTV
2020-07-24,90.61502075195312,103.58000183105469,104.47000122070312,103.16999816894531,104.22000122070312,2013900,VTV
2020-07-27,90.60625457763672,103.56999969482422,103.63999938964844,102.83999633789062,103.63999938964844,1565600,VTV
2020-07-28,90.5887680053711,103.55000305175781,104.12000274658203,103.31999969482422,103.38999938964844,1453100,VTV
2020-07-29,91.51608276367188,104.61000061035156,104.8499984741211,103.5,103.69999694824219,2619600,VTV
2020-07-30,90.65876770019531,103.62999725341797,103.8499984741211,102.68000030517578,103.58999633789062,2264600,VTV
2020-07-31,90.37879943847656,103.30999755859375,103.41000366210938,101.94000244140625,103.30999755859375,1987700,VTV
2020-08-03,90.65876770019531,103.62999725341797,103.97000122070312,103.05999755859375,103.6500015258789,1744300,VTV
2020-08-04,91.08743286132812,104.12000274658203,104.18000030517578,103.36000061035156,103.41999816894531,1289600,VTV
2020-08-05,91.76105499267578,104.88999938964844,105.08999633789062,104.62999725341797,104.88999938964844,1721700,VTV
2020-08-06,91.71728515625,104.83999633789062,104.97000122070312,104.3499984741211,104.69999694824219,1434300,VTV
2020-08-07,92.78459930419922,106.05999755859375,106.05999755859375,104.54000091552734,104.62000274658203,2226200,VTV
2020-08-10,93.70316314697266,107.11000061035156,107.13999938964844,106.2699966430664,106.2699966430664,1576100,VTV
2020-08-11,93.63318634033203,107.02999877929688,108.66999816894531,106.69999694824219,108.22000122070312,2670800,VTV
2020-08-12,94.32428741455078,107.81999969482422,108.11000061035156,107.44000244140625,107.9800033569336,2527000,VTV
2020-08-13,93.58070373535156,106.97000122070312,107.37999725341797,106.66999816894531,107.12000274658203,1452700,VTV
2020-08-14,93.82563781738281,107.25,107.54000091552734,106.51000213623047,106.6500015258789,1382900,VTV
2020-08-17,93.50196075439453,106.87999725341797,107.33000183105469,106.77999877929688,107.33000183105469,2092100,VTV
2020-08-18,93.23075103759766,106.56999969482422,107.13999938964844,106.43000030517578,106.94000244140625,1132600,VTV
2020-08-19,92.94207763671875,106.23999786376953,107.12000274658203,105.94999694824219,106.69999694824219,1448500,VTV
2020-08-20,92.40841674804688,105.62999725341797,105.95999908447266,105.41000366210938,105.55000305175781,1221900,VTV
2020-08-21,92.48715209960938,105.72000122070312,105.86000061035156,105.25,105.44000244140625,1170200,VTV
2020-08-24,93.83439636230469,107.26000213623047,107.26000213623047,105.88999938964844,106.2699966430664,1225200,VTV
2020-08-25,93.71192169189453,107.12000274658203,107.80999755859375,106.72000122070312,107.7300033569336,1389300,VTV
2020-08-26,93.45821380615234,106.83000183105469,107.0999984741211,106.33999633789062,107.0,1545700,VTV
2020-08-27,94.23680877685547,107.72000122070312,108.12000274658203,107.12000274658203,107.12000274658203,1584200,VTV
2020-08-28,94.95417022705078,108.54000091552734,108.58000183105469,107.52999877929688,108.20999908447266,1188100,VTV
2020-08-31,94.15806579589844,107.62999725341797,108.5,107.62999725341797,108.5,1319900,VTV
2020-09-01,94.14058685302734,107.61000061035156,107.62000274658203,107.0,107.52999877929688,1395700,VTV
2020-09-02,95.78524780273438,109.48999786376953,109.83000183105469,107.63999938964844,107.88999938964844,2844000,VTV
2020-09-03,94.07058715820312,107.52999877929688,110.55000305175781,106.75,109.68000030517578,2561100,VTV
2020-09-04,94.06184387207031,107.5199966430664,108.70999908447266,106.18000030517578,108.26000213623047,1872700,VTV
2020-09-08,92.39093017578125,105.61000061035156,107.05999755859375,105.4000015258789,107.05999755859375,1819200,VTV
2020-09-09,93.46694946289062,106.83999633789062,107.75,106.29000091552734,106.41000366210938,2396500,VTV
2020-09-10,92.11097717285156,105.29000091552734,107.33999633789062,105.11000061035156,107.08000183105469,3793700,VTV
2020-09-11,92.73210906982422,106.0,106.4000015258789,105.19000244140625,105.7699966430664,1877700,VTV
2020-09-14,93.86939239501953,107.30000305175781,107.81999969482422,106.61000061035156,106.73999786376953,1265600,VTV
2020-09-15,93.69442749023438,107.0999984741211,108.01000213623047,106.94000244140625,107.79000091552734,2051700,VTV
2020-09-16,94.2805404663086,107.7699966430664,108.83999633789062,107.3499984741211,107.58000183105469,2188400,VTV
2020-09-17,93.86939239501953,107.30000305175781,107.70999908447266,106.12000274658203,106.66999816894531,1759200,VTV
2020-09-18,93.16078186035156,106.48999786376953,107.52999877929688,106.04000091552734,107.43000030517578,1883100,VTV
2020-09-21,91.13115692138672,104.16999816894531,105.02999877929688,102.91999816894531,104.97000122070312,2224400,VTV
2020-09-22,91.20989227294922,104.26000213623047,104.94000244140625,103.6500015258789,104.26000213623047,1829500,VTV
2020-09-23,89.5214614868164,102.33000183105469,104.87000274658203,102.20999908447266,104.51000213623047,1603400,VTV
2020-09-24,89.65270233154297,102.4800033569336,103.41999816894531,101.22000122070312,102.08999633789062,2782000,VTV
2020-09-25,90.64469146728516,102.88999938964844,103.11000061035156,101.11000061035156,101.2699966430664,4190100,VTV
2020-09-28,92.0190200805664,104.44999694824219,104.97000122070312,103.98999786376953,104.0199966430664,2986400,VTV
2020-09-29,91.2437515258789,103.56999969482422,104.54000091552734,103.19999694824219,104.44999694824219,1909000,VTV
2020-09-30,92.07189178466797,104.51000213623047,105.43000030517578,103.88999938964844,103.94000244140625,2935600,VTV
2020-10-01,92.133544921875,104.58000183105469,105.30000305175781,103.93000030517578,104.94999694824219,1823000,VTV
2020-10-02,92.2216567993164,104.68000030517578,105.33999633789062,103.11000061035156,103.11000061035156,1755000,VTV
2020-10-05,93.67527770996094,106.33000183105469,106.44000244140625,105.37999725341797,105.44000244140625,1741600,VTV
2020-10-06,92.79429626464844,105.33000183105469,107.47000122070312,105.16000366210938,106.63999938964844,1906900,VTV
2020-10-07,94.25674438476562,106.98999786376953,107.37000274658203,106.16999816894531,106.19000244140625,1327700,VTV
2020-10-08,95.4284439086914,108.31999969482422,108.3499984741211,107.52999877929688,107.56999969482422,1266900,VTV
2020-10-09,95.59583282470703,108.51000213623047,109.12000274658203,108.19999694824219,108.93000030517578,1108300,VTV
2020-10-12,96.29179382324219,109.30000305175781,109.55000305175781,108.5999984741211,108.80999755859375,1207300,VTV
2020-10-13,95.38438415527344,108.2699966430664,109.12999725341797,107.91999816894531,108.87999725341797,1609200,VTV
2020-10-14,94.96153259277344,107.79000091552734,108.79000091552734,107.66000366210938,108.23999786376953,1571800,VTV
2020-10-15,95.19939422607422,108.05999755859375,108.11000061035156,106.51000213623047,106.69999694824219,1591600,VTV
2020-10-16,95.46371459960938,108.36000061035156,108.91999816894531,108.13999938964844,108.33000183105469,1989100,VTV
2020-10-19,94.16863250732422,106.88999938964844,108.8499984741211,106.63999938964844,108.54000091552734,2270300,VTV
2020-10-20,94.38887786865234,107.13999938964844,108.18000030517578,106.97000122070312,107.37999725341797,1895200,VTV
2020-10-21,94.0893325805664,106.80000305175781,107.55999755859375,106.73999786376953,107.06999969482422,1408900,VTV
2020-10-22,95.30512237548828,108.18000030517578,108.33999633789062,106.83999633789062,106.83999633789062,2199500,VTV
2020-10-23,95.40200805664062,108.29000091552734,108.7699966430664,107.66999816894531,108.55999755859375,1089900,VTV
2020-10-26,93.56073760986328,106.19999694824219,107.1500015258789,105.22000122070312,107.0999984741211,1702200,VTV
2020-10-27,92.30975341796875,104.77999877929688,106.1500015258789,104.75,106.1500015258789,1554900,VTV
2020-10-28,89.6403579711914,101.75,103.72000122070312,101.5999984741211,102.83999633789062,2325700,VTV
2020-10-29,90.19537353515625,102.37999725341797,103.27999877929688,100.68000030517578,101.55000305175781,1960300,VTV
2020-10-30,90.39802551269531,102.61000061035156,102.61000061035156,101.08000183105469,101.98999786376953,2007500,VTV
2020-11-02,92.04546356201172,104.4800033569336,104.68000030517578,103.0,103.94999694824219,2114000,VTV
2020-11-03,93.6312255859375,106.27999877929688,107.0,105.72000122070312,105.87999725341797,1933600,VTV
2020-11-04,93.92196655273438,106.61000061035156,108.55000305175781,105.9000015258789,106.55000305175781,2208100,VTV
2020-11-05,95.46371459960938,108.36000061035156,109.26000213623047,108.01000213623047,108.06999969482422,1362900,VTV
2020-11-06,95.19058990478516,108.05000305175781,108.79000091552734,107.81999969482422,108.55999755859375,1222300,VTV
2020-11-09,99.01404571533203,112.38999938964844,115.20999908447266,112.33000183105469,113.9000015258789,4467400,VTV
2020-11-10,100.47650146484375,114.05000305175781,114.27999877929688,112.5,113.12000274658203,5029100,VTV
2020-11-11,100.08004760742188,113.5999984741211,114.75,113.0999984741211,114.75,3302800,VTV
2020-11-12,98.8026123046875,112.1500015258789,113.0,111.3499984741211,112.80999755859375,2943300,VTV
2020-11-13,100.66148376464844,114.26000213623047,114.5199966430664,112.87999725341797,112.87999725341797,2866800,VTV
2020-11-16,102.36180877685547,116.19000244140625,116.31999969482422,115.08000183105469,116.31999969482422,4239000,VTV
2020-11-17,101.88607788085938,115.6500015258789,116.01000213623047,114.63999938964844,115.22000122070312,3227800,VTV
2020-11-18,100.66148376464844,114.26000213623047,116.3499984741211,114.26000213623047,115.98999786376953,1926600,VTV
2020-11-19,100.80245971679688,114.41999816894531,114.5199966430664,113.27999877929688,113.93000030517578,2643500,VTV
2020-11-20,100.32672882080078,113.87999725341797,114.56999969482422,113.69000244140625,114.27999877929688,1868100,VTV
2020-11-23,101.56010437011719,115.27999877929688,115.51000213623047,114.44000244140625,114.66999816894531,2383900,VTV
2020-11-24,103.69210052490234,117.69999694824219,117.91000366210938,116.45999908447266,116.56999969482422,3292200,VTV
2020-11-25,103.04896545410156,116.97000122070312,117.4000015258789,116.47000122070312,117.31999969482422,3537800,VTV
2020-11-27,103.04017639160156,116.95999908447266,117.41000366210938,116.55999755859375,117.13999938964844,1053500,VTV
2020-11-30,101.93012237548828,115.69999694824219,116.69999694824219,115.36000061035156,116.48999786376953,2280900,VTV
2020-12-01,102.84632873535156,116.73999786376953,117.91999816894531,116.6500015258789,117.05999755859375,2644500,VTV
2020-12-02,103.49828338623047,117.4800033569336,117.62999725341797,116.43000030517578,116.43000030517578,1873800,VTV
2020-12-03,103.70092010498047,117.70999908447266,118.20999908447266,117.25,117.5,1525000,VTV
2020-12-04,104.96952056884766,119.1500015258789,119.16000366210938,118.02999877929688,118.02999877929688,1731700,VTV
2020-12-07,104.30879211425781,118.4000015258789,118.80999755859375,117.9800033569336,118.7699966430664,1959300,VTV
2020-12-08,104.78451538085938,118.94000244140625,119.12000274658203,117.70999908447266,117.75,1604400,VTV
2020-12-09,104.78451538085938,118.94000244140625,119.5999984741211,118.37999725341797,119.36000061035156,2074400,VTV
2020-12-10,104.4409408569336,118.55000305175781,118.79000091552734,118.16999816894531,118.54000091552734,1472500,VTV
2020-12-11,104.18546295166016,118.26000213623047,118.51000213623047,117.5199966430664,118.08999633789062,2891000,VTV
2020-12-14,103.04896545410156,116.97000122070312,119.30999755859375,116.94999694824219,119.30999755859375,1952100,VTV
2020-12-15,104.49376678466797,118.61000061035156,118.79000091552734,117.29000091552734,117.80000305175781,1782800,VTV
2020-12-16,104.326416015625,118.41999816894531,118.72000122070312,118.0999984741211,118.66999816894531,1853700,VTV
2020-12-17,104.78451538085938,118.94000244140625,119.0199966430664,118.4800033569336,118.86000061035156,2168400,VTV
2020-12-18,104.22068786621094,118.30000305175781,119.08000183105469,117.5999984741211,118.98999786376953,2293100,VTV
2020-12-21,103.71853637695312,117.7300033569336,118.11000061035156,116.08000183105469,117.0199966430664,1869800,VTV
2020-12-22,102.9520492553711,116.86000061035156,117.66999816894531,116.83000183105469,117.62999725341797,1596400,VTV
2020-12-23,103.8242416381836,117.8499984741211,118.37000274658203,117.5,117.51000213623047,3787000,VTV
2020-12-24,104.03622436523438,117.30000305175781,117.4800033569336,116.68000030517578,117.26000213623047,885400,VTV
2020-12-28,104.37325286865234,117.68000030517578,118.5,117.54000091552734,118.01000213623047,1998600,VTV
2020-12-29,104.2579574584961,117.55000305175781,118.29000091552734,117.19000244140625,118.2300033569336,2380200,VTV
2020-12-30,104.59497833251953,117.93000030517578,118.33999633789062,117.6500015258789,117.68000030517578,2419600,VTV
2020-12-31,105.50850677490234,118.95999908447266,119.11000061035156,117.58000183105469,117.95999908447266,2052300,VTV
2021-01-04,104.16038513183594,117.44000244140625,119.37000274658203,116.3499984741211,119.29000091552734,3921600,VTV
2021-01-05,104.94087982177734,118.31999969482422,118.81999969482422,117.06999969482422,117.37999725341797,2105800,VTV
2021-01-06,107.46859741210938,121.16999816894531,121.88999938964844,118.76000213623047,118.76000213623047,3288000,VTV
2021-01-07,108.26686096191406,122.06999969482422,122.62000274658203,121.62999725341797,122.0,3806400,VTV
2021-01-08,108.34667205810547,122.16000366210938,122.41999816894531,120.94999694824219,122.36000061035156,2767800,VTV
2021-01-11,108.53292846679688,122.37000274658203,122.58000183105469,121.23999786376953,121.31999969482422,2298300,VTV
2021-01-12,108.98524475097656,122.87999725341797,123.16000366210938,122.20999908447266,122.55000305175781,8483600,VTV
2021-01-13,109.06507873535156,122.97000122070312,123.3499984741211,122.5,122.91999816894531,2383700,VTV
2021-01-14,109.56175994873047,123.52999877929688,124.13999938964844,123.05000305175781,123.47000122070312,3060800,VTV
2021-01-15,108.4974594116211,122.33000183105469,122.83999633789062,121.45999908447266,122.58000183105469,2660900,VTV
2021-01-19,108.95866394042969,122.8499984741211,123.26000213623047,122.5999984741211,123.1500015258789,2422900,VTV
2021-01-20,109.23359680175781,123.16000366210938,123.38999938964844,122.5199966430664,123.0999984741211,2132600,VTV
2021-01-21,108.70143127441406,122.55999755859375,123.38999938964844,122.31999969482422,123.13999938964844,2450100,VTV
2021-01-22,108.04511260986328,121.81999969482422,122.13999938964844,121.16000366210938,121.6500015258789,1977300,VTV
2021-01-25,108.04511260986328,121.81999969482422,121.94000244140625,120.66999816894531,121.30000305175781,2747700,VTV
2021-01-26,107.71695709228516,121.44999694824219,122.38999938964844,121.33000183105469,122.23999786376953,1937200,VTV
2021-01-27,105.0916519165039,118.48999786376953,120.2300033569336,118.05000305175781,120.05000305175781,2299200,VTV
2021-01-28,106.44863891601562,120.0199966430664,121.12000274658203,119.06999969482422,119.31999969482422,2359300,VTV
2021-01-29,104.67481994628906,118.0199966430664,120.0,117.47000122070312,119.55000305175781,2299400,VTV
2021-02-01,105.42870330810547,118.87000274658203,119.3499984741211,118.05000305175781,118.95999908447266,2516200,VTV
2021-02-02,106.77681732177734,120.38999938964844,121.12999725341797,119.83000183105469,120.01000213623047,1930200,VTV
2021-02-03,107.1847915649414,120.8499984741211,121.05000305175781,120.05999755859375,120.2699966430664,1849100,VTV
2021-02-04,108.32893371582031,122.13999938964844,122.20999908447266,120.8499984741211,121.0,1560300,VTV
2021-02-05,108.89655303955078,122.77999877929688,123.19999694824219,122.51000213623047,123.12999725341797,1663900,VTV
2021-02-08,109.90766143798828,123.91999816894531,123.91999816894531,123.20999908447266,123.2300033569336,1975200,VTV
2021-02-09,109.86332702636719,123.87000274658203,124.05000305175781,123.22000122070312,123.62999725341797,1719600,VTV
2021-02-10,109.99634552001953,124.0199966430664,124.48999786376953,123.33000183105469,124.44000244140625,1684800,VTV
2021-02-11,109.86332702636719,123.87000274658203,124.37000274658203,123.01000213623047,124.30000305175781,1970600,VTV
2021-02-12,110.39546203613281,124.47000122070312,124.5199966430664,123.5199966430664,123.5199966430664,1920400,VTV
2021-02-16,110.56399536132812,124.66000366210938,125.18000030517578,124.37999725341797,125.0199966430664,2348700,VTV
2021-02-17,110.98084259033203,125.12999725341797,125.19000244140625,123.95999908447266,124.5199966430664,1957100,VTV
2021-02-18,110.39546203613281,124.47000122070312,124.73999786376953,123.93000030517578,124.5199966430664,1426100,VTV
2021-02-19,110.72364807128906,124.83999633789062,125.2300033569336,124.7699966430664,124.93000030517578,1722300,VTV
2021-02-22,111.51300048828125,125.7300033569336,126.06999969482422,124.44999694824219,124.44999694824219,1683900,VTV
2021-02-23,111.85890197753906,126.12000274658203,126.5,125.08999633789062,126.06999969482422,3285600,VTV
2021-02-24,113.35780334472656,127.80999755859375,128.16000366210938,126.08000183105469,126.30999755859375,2850600,VTV
2021-02-25,111.40655517578125,125.61000061035156,128.10000610351562,125.19000244140625,128.08999633789062,4779300,VTV
2021-02-26,109.90766143798828,123.91999816894531,125.80000305175781,123.62999725341797,125.75,6604500,VTV
2021-03-01,112.30235290527344,126.62000274658203,127.37999725341797,125.66000366210938,125.66000366210938,2911200,VTV
2021-03-02,112.04515838623047,126.33000183105469,127.16000366210938,126.20999908447266,126.69999694824219,3604500,VTV
2021-03-03,112.04515838623047,126.33000183105469,127.52999877929688,126.20999908447266,126.3499984741211,5761900,VTV
2021-03-04,110.98084259033203,125.12999725341797,127.12000274658203,123.58000183105469,126.33000183105469,9681800,VTV
2021-03-05,113.44650268554688,127.91000366210938,128.27999877929688,124.87000274658203,126.56999969482422,4466000,VTV
2021-03-08,114.7768783569336,129.41000366210938,130.75999450683594,128.25,128.69000244140625,6346400,VTV
2021-03-09,114.36002349853516,128.94000244140625,130.38999938964844,128.86000061035156,129.6300048828125,6142000,VTV
2021-03-10,115.89440155029297,130.6699981689453,131.10000610351562,129.2899932861328,129.2899932861328,6059500,VTV
2021-03-11,115.83232116699219,130.60000610351562,131.5,130.25999450683594,130.80999755859375,5593200,VTV
2021-03-12,116.88774871826172,131.7899932861328,131.8300018310547,131.00999450683594,131.1999969482422,3838500,VTV
2021-03-15,117.16271209716797,132.10000610351562,132.2100067138672,130.8699951171875,131.9199981689453,4114300,VTV
2021-03-16,116.41766357421875,131.25999450683594,132.0,130.97000122070312,131.97999572753906,3179900,VTV
2021-03-17,116.91437530517578,131.82000732421875,131.85000610351562,130.6199951171875,131.49000549316406,2996500,VTV
2021-03-18,116.46205139160156,131.30999755859375,132.8699951171875,131.00999450683594,131.99000549316406,6661500,VTV
2021-03-19,115.95649719238281,130.74000549316406,131.44000244140625,129.8300018310547,131.17999267578125,3482200,VTV
2021-03-22,116.0806655883789,130.8800048828125,131.1699981689453,130.11000061035156,130.52999877929688,2762600,VTV
2021-03-23,114.6704330444336,129.2899932861328,130.69000244140625,128.94000244140625,130.3000030517578,2789600,VTV
2021-03-24,114.75914764404297,129.38999938964844,130.94000244140625,129.3800048828125,129.83999633789062,3911400,VTV
2021-03-25,116.12000274658203,130.2100067138672,130.4600067138672,127.69999694824219,128.50999450683594,3783800,VTV
2021-03-26,117.99276733398438,132.30999755859375,132.4499969482422,130.6300048828125,131.19000244140625,3329800,VTV
2021-03-29,117.81441497802734,132.11000061035156,132.61000061035156,131.22999572753906,131.5500030517578,4047000,VTV
2021-03-30,117.76981353759766,132.05999755859375,132.39999389648438,131.72999572753906,132.11000061035156,3321700,VTV
2021-03-31,117.23475646972656,131.4600067138672,132.22000122070312,131.36000061035156,132.02000427246094,3251500,VTV
2021-04-01,117.82332611083984,132.1199951171875,132.16000366210938,131.11000061035156,131.47000122070312,3429900,VTV
2021-04-05,118.77754974365234,133.19000244140625,133.5800018310547,132.8300018310547,133.13999938964844,3393500,VTV
2021-04-06,118.66162109375,133.05999755859375,133.55999755859375,132.89999389648438,133.0800018310547,2759300,VTV
2021-04-07,118.6259536743164,133.02000427246094,133.52999877929688,132.57000732421875,133.22000122070312,2201100,VTV
2021-04-08,118.47434997558594,132.85000610351562,132.9499969482422,132.27000427246094,132.9499969482422,2584600,VTV
2021-04-09,119.16100311279297,133.6199951171875,133.64999389648438,132.7899932861328,133.07000732421875,2133600,VTV
2021-04-12,119.24127197265625,133.7100067138672,133.94000244140625,133.33999633789062,133.5,1898500,VTV
2021-04-13,118.85779571533203,133.27999877929688,133.49000549316406,132.5399932861328,133.22999572753906,2381600,VTV
2021-04-14,119.32154846191406,133.8000030517578,134.2899932861328,133.13999938964844,133.22999572753906,2426300,VTV
2021-04-15,120.00822448730469,134.57000732421875,134.6300048828125,133.77999877929688,134.27999877929688,3309300,VTV
2021-04-16,120.70381927490234,135.35000610351562,135.57000732421875,134.9600067138672,135.17999267578125,2444400,VTV
2021-04-19,120.4095458984375,135.02000427246094,135.3800048828125,134.66000366210938,135.05999755859375,2385200,VTV
2021-04-20,119.49097442626953,133.99000549316406,134.52999877929688,133.58999633789062,134.50999450683594,2734900,VTV
2021-04-21,120.73946380615234,135.38999938964844,135.5,133.77999877929688,134.0,2161000,VTV
2021-04-22,119.74069213867188,134.27000427246094,135.5,134.02000427246094,135.5,3915800,VTV
2021-04-23,120.6592025756836,135.3000030517578,135.72000122070312,134.0800018310547,134.3000030517578,5335400,VTV
2021-04-26,120.49868774414062,135.1199951171875,135.80999755859375,134.99000549316406,135.5,1857200,VTV
2021-04-27,120.7305908203125,135.3800048828125,135.55999755859375,134.77999877929688,135.25,2807700,VTV
2021-04-28,120.9535140991211,135.6300048828125,135.8699951171875,135.36000061035156,135.63999938964844,1795400,VTV
2021-04-29,122.01473999023438,136.82000732421875,136.86000061035156,135.7899932861328,136.1199951171875,2674600,VTV
2021-04-30,121.26560974121094,135.97999572753906,136.49000549316406,135.7100067138672,136.32000732421875,3212300,VTV
2021-05-03,122.45172882080078,137.30999755859375,137.8300018310547,136.77999877929688,136.97000122070312,2853500,VTV
2021-05-04,122.79952239990234,137.6999969482422,137.6999969482422,136.4199981689453,137.02000427246094,3076900,VTV
2021-05-05,123.42377471923828,138.39999389648438,138.64999389648438,138.10000610351562,138.10000610351562,2633000,VTV
2021-05-06,124.49392700195312,139.60000610351562,139.63999938964844,137.97000122070312,138.52000427246094,3270900,VTV
2021-05-07,125.39463806152344,140.61000061035156,140.75,139.00999450683594,139.2899932861328,2598200,VTV
2021-05-10,125.57299041748047,140.80999755859375,142.27999877929688,140.75999450683594,141.36000061035156,3721500,VTV
2021-05-11,123.87858581542969,138.91000366210938,140.1699981689453,138.22000122070312,139.64999389648438,4112600,VTV
2021-05-12,121.88098907470703,136.6699981689453,139.08999633789062,136.55999755859375,138.8300018310547,6327100,VTV
2021-05-13,123.61994934082031,138.6199951171875,139.25,136.57000732421875,136.66000366210938,4056500,VTV
2021-05-14,124.99332427978516,140.16000366210938,140.50999450683594,139.30999755859375,139.33999633789062,4060500,VTV
2021-05-17,125.1003646850586,140.27999877929688,140.6300048828125,139.75,140.1199951171875,3873400,VTV
2021-05-18,123.90533447265625,138.94000244140625,140.35000610351562,138.8699951171875,140.13999938964844,2720400,VTV
2021-05-19,123.18297576904297,138.1300048828125,138.1300048828125,136.30999755859375,137.6199951171875,3394000,VTV
2021-05-20,123.78939819335938,138.80999755859375,139.30999755859375,137.80999755859375,138.24000549316406,2609300,VTV
2021-05-21,124.23530578613281,139.30999755859375,140.1199951171875,138.97999572753906,139.32000732421875,2600200,VTV
2021-05-24,124.74364471435547,139.8800048828125,140.25,139.50999450683594,140.05999755859375,3195300,VTV
2021-05-25,123.96776580810547,139.00999450683594,140.22999572753906,138.80999755859375,140.1699981689453,2856200,VTV
2021-05-26,124.19964599609375,139.27000427246094,139.4199981689453,138.5399932861328,139.19000244140625,2287100,VTV
2021-05-27,124.62769317626953,139.75,140.39999389648438,139.4600067138672,140.11000061035156,2578900,VTV
2021-05-28,124.8060531616211,139.9499969482422,140.3300018310547,139.69000244140625,140.32000732421875,2267400,VTV
2021-06-01,124.93089294433594,140.08999633789062,141.0800018310547,139.89999389648438,141.0,3055000,VTV
2021-06-02,125.24304962158203,140.44000244140625,140.57000732421875,139.77999877929688,140.52000427246094,3188900,VTV
2021-06-03,125.49273681640625,140.72000122070312,140.9600067138672,139.64999389648438,139.94000244140625,3876900,VTV
2021-06-04,125.89402770996094,141.1699981689453,141.3300018310547,140.72999572753906,141.30999755859375,4316400,VTV
2021-06-07,125.71565246582031,140.97000122070312,141.4199981689453,140.74000549316406,141.41000366210938,2136000,VTV
2021-06-08,125.54621887207031,140.77999877929688,140.97000122070312,140.07000732421875,140.97000122070312,2091000,VTV
2021-06-09,125.13603973388672,140.32000732421875,140.91000366210938,140.27000427246094,140.91000366210938,2020100,VTV
2021-06-10,125.09142303466797,140.27000427246094,141.3000030517578,140.1699981689453,141.02999877929688,2877500,VTV
2021-06-11,125.18060302734375,140.3699951171875,140.7100067138672,139.82000732421875,140.6300048828125,1824300,VTV
2021-06-14,124.56526184082031,139.67999267578125,140.32000732421875,138.97999572753906,140.32000732421875,1931900,VTV
2021-06-15,124.71687316894531,139.85000610351562,140.13999938964844,139.2899932861328,139.69000244140625,2540700,VTV
2021-06-16,123.85183715820312,138.8800048828125,139.8000030517578,138.33999633789062,139.8000030517578,2524700,VTV
2021-06-17,122.3268814086914,137.1699981689453,139.11000061035156,136.35000610351562,139.0,2963300,VTV
2021-06-18,119.96363830566406,134.52000427246094,135.82000732421875,134.44000244140625,135.69000244140625,4127800,VTV
2021-06-21,122.24662780761719,137.0800018310547,137.1199951171875,135.3699951171875,135.42999267578125,2147100,VTV
2021-06-22,122.3268814086914,137.1699981689453,137.57000732421875,136.47000122070312,137.13999938964844,2192100,VTV
2021-06-23,121.9166488647461,136.7100067138672,137.5,136.7100067138672,137.27999877929688,2231400,VTV
2021-06-24,122.8330307006836,136.99000549316406,137.13999938964844,136.3800048828125,136.7100067138672,1932600,VTV
2021-06-25,123.61312103271484,137.86000061035156,138.00999450683594,136.97999572753906,137.25,1913000,VTV
2021-06-28,123.06615447998047,137.25,137.8699951171875,136.8300018310547,137.8699951171875,2521900,VTV
2021-06-29,122.770263671875,136.9199981689453,137.92999267578125,136.75,137.61000061035156,2495000,VTV
2021-06-30,123.25447845458984,137.4600067138672,137.63999938964844,136.75999450683594,136.75999450683594,2967500,VTV
2021-07-01,124.08837890625,138.38999938964844,138.5500030517578,137.77000427246094,137.92999267578125,2086800,VTV
2021-07-02,124.47392272949219,138.82000732421875,138.94000244140625,138.16000366210938,138.5399932861328,1741700,VTV
2021-07-06,123.18270111083984,137.3800048828125,138.61000061035156,136.4600067138672,138.61000061035156,2848300,VTV
2021-07-07,123.65792083740234,137.91000366210938,137.9600067138672,136.7899932861328,137.14999389648438,2431900,VTV
2021-07-08,122.4205551147461,136.52999877929688,137.07000732421875,134.5,136.22000122070312,3471100,VTV
2021-07-09,124.1959457397461,138.50999450683594,138.64999389648438,137.47000122070312,137.5800018310547,2232700,VTV
2021-07-12,124.72496032714844,139.10000610351562,139.16000366210938,137.66000366210938,138.11000061035156,1804800,VTV
2021-07-13,123.81932830810547,138.08999633789062,139.00999450683594,138.02999877929688,138.67999267578125,2276100,VTV
2021-07-14,123.75658416748047,138.02000427246094,138.85000610351562,137.42999267578125,138.3300018310547,2230300,VTV
2021-07-15,123.77452087402344,138.0399932861328,138.27999877929688,137.1300048828125,137.2899932861328,2374500,VTV
2021-07-16,122.8330307006836,136.99000549316406,138.47000122070312,136.80999755859375,138.47000122070312,1838100,VTV
2021-07-19,120.60033416748047,134.5,135.57000732421875,133.50999450683594,135.13999938964844,4329300,VTV
2021-07-20,122.54610443115234,136.6699981689453,137.1999969482422,134.61000061035156,134.8000030517578,2666300,VTV
2021-07-21,123.7207260131836,137.97999572753906,138.22000122070312,137.3800048828125,137.4499969482422,2815800,VTV
2021-07-22,123.31720733642578,137.52999877929688,138.0,137.05999755859375,138.0,1722000,VTV
2021-07-23,123.90899658203125,138.19000244140625,138.2899932861328,137.52000427246094,137.99000549316406,1596200,VTV
2021-07-26,124.29456329345703,138.6199951171875,138.8699951171875,137.9499969482422,137.99000549316406,1717300,VTV
2021-07-27,124.39321899414062,138.72999572753906,138.82000732421875,137.50999450683594,138.0500030517578,1901900,VTV
2021-07-28,124.0973129272461,138.39999389648438,139.0,137.91000366210938,138.77000427246094,2360200,VTV
2021-07-29,125.07467651367188,139.49000549316406,139.8699951171875,139.0399932861328,139.22999572753906,1835500,VTV
2021-07-30,124.50079345703125,138.85000610351562,139.74000549316406,138.67999267578125,139.22000122070312,2091800,VTV
2021-08-02,124.36629486083984,138.6999969482422,140.3300018310547,138.63999938964844,139.38999938964844,2381100,VTV
2021-08-03,125.6754379272461,140.16000366210938,140.2100067138672,138.0399932861328,138.9199981689453,2565900,VTV
2021-08-04,124.33043670654297,138.66000366210938,139.77999877929688,138.66000366210938,139.30999755859375,1975200,VTV
2021-08-05,124.91327667236328,139.30999755859375,139.36000061035156,138.83999633789062,139.1199951171875,1576300,VTV
2021-08-06,125.69336700439453,140.17999267578125,140.41000366210938,139.69000244140625,139.83999633789062,1612100,VTV
2021-08-09,125.61266326904297,140.08999633789062,140.3000030517578,139.63999938964844,140.0800018310547,1609100,VTV
2021-08-10,126.59899139404297,141.19000244140625,141.3000030517578,139.97999572753906,140.22000122070312,1756200,VTV
2021-08-11,127.38806915283203,142.07000732421875,142.07000732421875,141.16000366210938,141.47000122070312,1891900,VTV
2021-08-12,127.51359558105469,142.2100067138672,142.22000122070312,141.47000122070312,142.10000610351562,1435500,VTV
2021-08-13,127.48670196533203,142.17999267578125,142.39999389648438,141.92999267578125,142.3000030517578,1514200,VTV
2021-08-16,127.75566864013672,142.47999572753906,142.5399932861328,141.0399932861328,141.69000244140625,1984200,VTV
2021-08-17,127.28044128417969,141.9499969482422,142.3800048828125,140.7899932861328,141.89999389648438,2265000,VTV
2021-08-18,125.72024536132812,140.2100067138672,141.88999938964844,140.1199951171875,141.4600067138672,1990600,VTV
2021-08-19,125.3346939086914,139.77999877929688,140.30999755859375,138.97000122070312,138.97999572753906,2104700,VTV
2021-08-20,125.93547058105469,140.4499969482422,140.7100067138672,139.3800048828125,139.69000244140625,1918500,VTV
2021-08-23,126.57207489013672,141.16000366210938,141.6300048828125,141.0399932861328,141.0800018310547,1507400,VTV
2021-08-24,126.85005187988281,141.47000122070312,141.72999572753906,141.27000427246094,141.3699951171875,1525300,VTV
2021-08-25,127.38806915283203,142.07000732421875,142.49000549316406,141.16000366210938,141.55999755859375,2089100,VTV
2021-08-26,126.63484954833984,141.22999572753906,142.16000366210938,141.1199951171875,142.10000610351562,1657400,VTV
2021-08-27,127.54048919677734,142.24000549316406,142.47999572753906,141.4499969482422,141.49000549316406,1445400,VTV
2021-08-30,127.21771240234375,141.8800048828125,142.47000122070312,141.7899932861328,142.41000366210938,1746600,VTV
2021-08-31,127.10110473632812,141.75,142.25,141.55999755859375,141.7100067138672,2510400,VTV
2021-09-01,126.80517578125,141.4199981689453,141.97999572753906,141.07000732421875,141.97999572753906,1798400,VTV
2021-09-02,127.71980285644531,142.44000244140625,142.4499969482422,141.69000244140625,141.82000732421875,1980200,VTV
2021-09-03,127.21771240234375,141.8800048828125,142.33999633789062,141.6999969482422,142.1999969482422,1414300,VTV
2021-09-07,125.96235656738281,140.47999572753906,141.60000610351562,140.47000122070312,141.52999877929688,1925700,VTV
2021-09-08,125.8816909790039,140.38999938964844,140.77000427246094,139.86000061035156,140.27000427246094,2426500,VTV
2021-09-09,125.2629623413086,139.6999969482422,140.85000610351562,139.58999633789062,140.0800018310547,2016800,VTV
2021-09-10,124.45599365234375,138.8000030517578,140.44000244140625,138.75,140.3699951171875,2186200,VTV
2021-09-13,125.2808837890625,139.72000122070312,140.22000122070312,138.97999572753906,139.74000549316406,3678600,VTV
2021-09-14,123.88211822509766,138.16000366210938,140.1999969482422,137.89999389648438,140.05999755859375,2321600,VTV
2021-09-15,125.13744354248047,139.55999755859375,139.94000244140625,138.1199951171875,138.27999877929688,2561500,VTV
2021-09-16,124.6084213256836,138.97000122070312,140.00999450683594,138.27000427246094,139.63999938964844,1770400,VTV
2021-09-17,123.76557159423828,138.02999877929688,139.0800018310547,137.9199981689453,138.6699981689453,2326800,VTV
2021-09-20,121.91844177246094,135.97000122070312,136.5800018310547,134.47999572753906,135.99000549316406,4587000,VTV
2021-09-21,121.60459899902344,135.6199951171875,137.14999389648438,135.58999633789062,136.8000030517578,2780400,VTV
2021-09-22,122.6268081665039,136.75999450683594,137.69000244140625,136.47999572753906,136.75999450683594,2006600,VTV
2021-09-23,124.29456329345703,138.6199951171875,139.33999633789062,137.32000732421875,137.50999450683594,1987700,VTV
2021-09-24,124.45331573486328,137.99000549316406,138.49000549316406,137.5500030517578,137.55999755859375,1291800,VTV
2021-09-27,124.98542022705078,138.5800018310547,139.24000549316406,138.27999877929688,138.3300018310547,2104800,VTV
2021-09-28,123.61451721191406,137.05999755859375,138.57000732421875,136.77000427246094,138.32000732421875,3266000,VTV
2021-09-29,124.1196060180664,137.6199951171875,138.22000122070312,136.9499969482422,137.38999938964844,2706300,VTV
2021-09-30,122.0903091430664,135.3699951171875,138.1300048828125,135.32000732421875,137.94000244140625,2583300,VTV
2021-10-01,123.52436828613281,136.9600067138672,137.6699981689453,134.92999267578125,136.10000610351562,2412900,VTV
2021-10-04,123.04633331298828,136.42999267578125,138.0,135.8800048828125,136.89999389648438,2264400,VTV
2021-10-05,124.04743957519531,137.5399932861328,138.25,136.49000549316406,136.91000366210938,2267400,VTV
2021-10-06,124.27296447753906,137.7899932861328,137.83999633789062,135.6300048828125,136.52000427246094,2399000,VTV
2021-10-07,125.27404022216797,138.89999389648438,139.82000732421875,138.6999969482422,138.72999572753906,2310300,VTV
2021-10-08,125.40029907226562,139.0399932861328,139.4199981689453,138.6999969482422,138.94000244140625,1477500,VTV
2021-10-11,124.45331573486328,137.99000549316406,139.82000732421875,137.9600067138672,139.22000122070312,1320200,VTV
2021-10-12,124.08354187011719,137.5800018310547,138.36000061035156,137.25999450683594,138.02999877929688,2515800,VTV
2021-10-13,124.21879577636719,137.72999572753906,138.05999755859375,136.25,137.5800018310547,2312300,VTV
2021-10-14,126.1939697265625,139.9199981689453,139.99000549316406,138.63999938964844,138.86000061035156,2240600,VTV
2021-10-15,127.0597915649414,140.8800048828125,141.47000122070312,140.61000061035156,140.75,2162200,VTV
2021-10-18,126.60883331298828,140.3800048828125,141.02999877929688,139.82000732421875,140.38999938964844,3871700,VTV
2021-10-19,127.73628234863281,141.6300048828125,141.6300048828125,140.6300048828125,140.91000366210938,4317300,VTV
2021-10-20,129.02593994140625,143.05999755859375,143.10000610351562,141.69000244140625,141.72999572753906,3048000,VTV
2021-10-21,128.7373809814453,142.74000549316406,143.0800018310547,142.17999267578125,142.91000366210938,1723800,VTV
2021-10-22,129.22439575195312,143.27999877929688,143.5,142.6199951171875,142.83999633789062,2306000,VTV
2021-10-25,129.43179321289062,143.50999450683594,143.74000549316406,142.94000244140625,143.50999450683594,2620000,VTV
2021-10-26,129.47689819335938,143.55999755859375,144.07000732421875,143.41000366210938,143.6300048828125,1798100,VTV
2021-10-27,127.76329803466797,141.66000366210938,143.5500030517578,141.63999938964844,143.5500030517578,2495100,VTV
2021-10-28,128.93580627441406,142.9600067138672,142.9600067138672,141.88999938964844,141.88999938964844,1598300,VTV
2021-10-29,128.7373809814453,142.74000549316406,143.22999572753906,142.38999938964844,142.75,2145600,VTV
2021-11-01,129.20632934570312,143.25999450683594,143.55999755859375,142.8000030517578,143.24000549316406,1886400,VTV
2021-11-02,129.8196258544922,143.94000244140625,144.14999389648438,143.1699981689453,143.58999633789062,1690300,VTV
2021-11-03,130.5140838623047,144.7100067138672,144.75,143.47000122070312,143.52000427246094,2032600,VTV
2021-11-04,129.99099731445312,144.1300048828125,144.8300018310547,143.42999267578125,144.77000427246094,1495800,VTV
2021-11-05,130.66741943359375,144.8800048828125,145.58999633789062,144.42999267578125,144.8300018310547,2353000,VTV
2021-11-08,130.91090393066406,145.14999389648438,145.72000122070312,144.75999450683594,145.33999633789062,1629300,VTV
2021-11-09,130.84779357910156,145.0800018310547,145.25,144.4600067138672,145.07000732421875,2103800,VTV
2021-11-10,130.63133239746094,144.83999633789062,145.6199951171875,144.63999938964844,144.94000244140625,1916300,VTV
2021-11-11,130.72154235839844,144.94000244140625,145.1999969482422,144.67999267578125,145.02000427246094,2020500,VTV
2021-11-12,131.0642547607422,145.32000732421875,145.52000427246094,144.7100067138672,145.39999389648438,1320800,VTV
2021-11-15,131.13636779785156,145.39999389648438,145.7100067138672,145.13999938964844,145.69000244140625,1745700,VTV
2021-11-16,130.919921875,145.16000366210938,145.8000030517578,145.0800018310547,145.47000122070312,1617200,VTV
2021-11-17,130.33370971679688,144.50999450683594,144.99000549316406,144.22999572753906,144.94000244140625,4282000,VTV
2021-11-18,129.8466339111328,143.97000122070312,144.5800018310547,143.41000366210938,144.4199981689453,2732000,VTV
2021-11-19,128.60205078125,142.58999633789062,143.5,142.50999450683594,143.4199981689453,1931900,VTV
2021-11-22,129.37767028808594,143.4499969482422,144.55999755859375,142.82000732421875,143.0399932861328,3114300,VTV
2021-11-23,130.4870147705078,144.67999267578125,144.8000030517578,143.50999450683594,143.6999969482422,2962400,VTV
2021-11-24,130.4239044189453,144.61000061035156,144.74000549316406,144.27000427246094,144.39999389648438,2368600,VTV
2021-11-26,127.68213653564453,141.57000732421875,141.99000549316406,140.69000244140625,141.69000244140625,3275400,VTV
2021-11-29,127.96172332763672,141.8800048828125,142.6699981689453,141.16000366210938,142.55999755859375,2889900,VTV
2021-11-30,124.82311248779297,138.39999389648438,140.92999267578125,138.3300018310547,140.66000366210938,5130200,VTV
2021-12-01,124.07453918457031,137.57000732421875,141.5,137.5399932861328,140.27999877929688,4430600,VTV
2021-12-02,126.49159240722656,140.25,140.92999267578125,137.80999755859375,138.10000610351562,4657000,VTV
2021-12-03,126.4284896850586,140.17999267578125,141.27999877929688,139.07000732421875,140.9499969482422,5961200,VTV
2021-12-06,128.13307189941406,142.07000732421875,142.92999267578125,141.27000427246094,141.42999267578125,4034800,VTV
2021-12-07,129.54904174804688,143.63999938964844,144.10000610351562,142.99000549316406,143.07000732421875,2562400,VTV
2021-12-08,129.35964965820312,143.42999267578125,144.10000610351562,142.8699951171875,143.8300018310547,2682900,VTV
2021-12-09,129.13418579101562,143.17999267578125,143.72000122070312,142.64999389648438,142.9600067138672,2231200,VTV
2021-12-10,130.2164306640625,144.3800048828125,144.4499969482422,143.4199981689453,144.0,2919600,VTV
2021-12-13,129.67530822753906,143.77999877929688,144.3699951171875,143.3699951171875,144.14999389648438,2519500,VTV
2021-12-14,129.7203826904297,143.8300018310547,144.5500030517578,143.17999267578125,143.1999969482422,3054700,VTV
2021-12-15,130.93795776367188,145.17999267578125,145.30999755859375,143.3300018310547,143.9199981689453,4284400,VTV
2021-12-16,131.848876953125,146.19000244140625,147.1699981689453,145.72999572753906,145.9199981689453,3822700,VTV
2021-12-17,129.90078735351562,144.02999877929688,145.64999389648438,144.00999450683594,145.63999938964844,4185000,VTV
2021-12-20,128.6291046142578,142.6199951171875,142.77000427246094,141.32000732421875,142.75,4162900,VTV
2021-12-21,130.12628173828125,144.27999877929688,144.52999877929688,143.30999755859375,143.42999267578125,3041300,VTV
2021-12-22,130.8748321533203,145.11000061035156,145.1999969482422,143.80999755859375,144.19000244140625,2556600,VTV
2021-12-23,131.6504669189453,145.97000122070312,146.42999267578125,145.61000061035156,145.63999938964844,2283100,VTV
2021-12-27,133.01449584960938,146.57000732421875,146.5800018310547,145.11000061035156,145.3699951171875,2303300,VTV
2021-12-28,133.3502960205078,146.94000244140625,147.3300018310547,146.52999877929688,146.58999633789062,2223900,VTV
2021-12-29,133.62252807617188,147.24000549316406,147.5500030517578,146.8000030517578,146.9600067138672,2329600,VTV
2021-12-30,133.4500732421875,147.0500030517578,148.00999450683594,146.9499969482422,147.47999572753906,2288700,VTV
2021-12-31,133.50453186035156,147.11000061035156,147.64999389648438,146.8800048828125,146.94000244140625,1963100,VTV
2022-01-03,134.05810546875,147.72000122070312,147.75,146.66000366210938,147.35000610351562,2859700,VTV
2022-01-04,135.59181213378906,149.41000366210938,149.82000732421875,148.19000244140625,148.39999389648438,3145900,VTV
2022-01-05,134.74783325195312,148.47999572753906,150.8800048828125,148.47999572753906,149.86000061035156,6116700,VTV
2022-01-06,134.9837646484375,148.74000549316406,149.38999938964844,148.24000549316406,148.92999267578125,3951400,VTV
2022-01-07,135.6008758544922,149.4199981689453,149.7899932861328,148.5500030517578,148.6699981689453,4447400,VTV
2022-01-10,135.48289489746094,149.2899932861328,149.58999633789062,147.88999938964844,149.44000244140625,5227000,VTV
2022-01-11,136.40858459472656,150.30999755859375,150.35000610351562,148.3800048828125,149.49000549316406,4536200,VTV
2022-01-12,136.42674255371094,150.3300018310547,150.72999572753906,149.6699981689453,150.49000549316406,4453700,VTV
2022-01-13,136.14540100097656,150.02000427246094,151.16000366210938,149.60000610351562,150.47999572753906,4510500,VTV
2022-01-14,135.954833984375,149.80999755859375,149.88999938964844,148.4600067138672,149.0,3875400,VTV
2022-01-18,134.112548828125,147.77999877929688,149.08999633789062,147.1300048828125,148.9600067138672,4762700,VTV
2022-01-19,132.93280029296875,146.47999572753906,148.5,146.3800048828125,148.1300048828125,4150500,VTV
2022-01-20,131.77117919921875,145.1999969482422,148.07000732421875,145.0500030517578,146.5,4332000,VTV
2022-01-21,130.2374725341797,143.50999450683594,145.7100067138672,143.17999267578125,145.14999389648438,6466700,VTV
2022-01-24,130.34637451171875,143.6300048828125,143.8699951171875,139.0500030517578,141.85000610351562,9886000,VTV
2022-01-25,130.22837829589844,143.5,144.4600067138672,140.02999877929688,142.0,5758200,VTV
2022-01-26,129.5749969482422,142.77999877929688,145.41000366210938,141.49000549316406,144.30999755859375,5951500,VTV
2022-01-27,129.357177734375,142.5399932861328,145.33999633789062,141.82000732421875,143.8300018310547,4952300,VTV
2022-01-28,130.94534301757812,144.2899932861328,144.3699951171875,140.92999267578125,142.2100067138672,5122100,VTV
2022-01-31,132.07064819335938,145.52999877929688,145.64999389648438,143.25,143.5500030517578,5193800,VTV
2022-02-01,132.9600372314453,146.50999450683594,146.75,144.99000549316406,145.64999389648438,4624200,VTV
2022-02-02,134.14886474609375,147.82000732421875,148.08999633789062,146.10000610351562,146.4199981689453,4422000,VTV
2022-02-03,132.996337890625,146.5500030517578,147.7899932861328,146.38999938964844,147.4499969482422,4437800,VTV
2022-02-04,132.83297729492188,146.3699951171875,147.4199981689453,145.17999267578125,146.02999877929688,3097700,VTV
2022-02-07,133.08705139160156,146.64999389648438,147.5,145.88999938964844,146.5500030517578,3520200,VTV
2022-02-08,133.96734619140625,147.6199951171875,147.9199981689453,146.39999389648438,146.6999969482422,3814300,VTV
2022-02-09,135.26512145996094,149.0500030517578,149.2899932861328,148.39999389648438,148.52999877929688,4396600,VTV
2022-02-10,133.3411865234375,146.92999267578125,149.30999755859375,146.30999755859375,147.82000732421875,5989600,VTV
2022-02-11,132.0252685546875,145.47999572753906,147.88999938964844,145.00999450683594,146.97000122070312,5710100,VTV
2022-02-14,130.936279296875,144.27999877929688,145.6300048828125,143.25,145.38999938964844,3683000,VTV
2022-02-15,132.26123046875,145.74000549316406,146.1300048828125,145.07000732421875,145.1999969482422,3021300,VTV
2022-02-16,132.57887268066406,146.08999633789062,146.5399932861328,145.08999633789062,145.2899932861328,2660300,VTV
2022-02-17,130.7729034423828,144.10000610351562,145.27000427246094,143.7899932861328,145.22000122070312,3071100,VTV
2022-02-18,130.27378845214844,143.5500030517578,144.77000427246094,142.9499969482422,143.8800048828125,3371300,VTV
2022-02-22,129.31179809570312,142.49000549316406,143.8699951171875,141.5,143.38999938964844,5069900,VTV
2022-02-23,127.85070037841797,140.8800048828125,143.49000549316406,140.58999633789062,143.08999633789062,4340800,VTV
2022-02-24,127.46955871582031,140.4600067138672,140.69000244140625,137.39999389648438,138.33999633789062,6623000,VTV
2022-02-25,131.27206420898438,144.64999389648438,144.97999572753906,141.0399932861328,141.0399932861328,3866800,VTV
2022-02-28,130.54603576660156,143.85000610351562,144.22999572753906,142.1699981689453,142.3000030517578,5512400,VTV
2022-03-01,128.5858154296875,141.69000244140625,144.0800018310547,140.8000030517578,143.25,5013200,VTV
2022-03-02,131.2266845703125,144.60000610351562,145.22999572753906,142.44000244140625,142.60000610351562,3328400,VTV
2022-03-03,131.56243896484375,144.97000122070312,145.8699951171875,143.9199981689453,145.1199951171875,3043800,VTV
2022-03-04,131.52613830566406,144.92999267578125,145.02999877929688,143.05999755859375,143.32000732421875,2931100,VTV
2022-03-07,128.91249084472656,142.0500030517578,144.5,141.91000366210938,144.5,4647400,VTV
2022-03-08,127.64197540283203,140.64999389648438,143.72999572753906,140.60000610351562,142.55999755859375,5250100,VTV
2022-03-09,129.5477752685547,142.75,143.75,142.2899932861328,142.72000122070312,3658300,VTV
2022-03-10,129.52963256835938,142.72999572753906,142.91000366210938,141.19000244140625,141.3800048828125,2278000,VTV
2022-03-11,128.6039276123047,141.7100067138672,143.8800048828125,141.60000610351562,143.02999877929688,2296400,VTV
2022-03-14,128.78546142578125,141.91000366210938,143.50999450683594,141.30999755859375,142.49000549316406,2784200,VTV
2022-03-15,130.2919464111328,143.57000732421875,143.77000427246094,141.94000244140625,142.5,5261500,VTV
2022-03-16,131.789306640625,145.22000122070312,145.3300018310547,142.75,144.33999633789062,3060200,VTV
2022-03-17,133.45913696289062,147.05999755859375,147.05999755859375,144.63999938964844,144.67999267578125,2975600,VTV
2022-03-18,133.69512939453125,147.32000732421875,147.49000549316406,145.9499969482422,146.6999969482422,2949900,VTV
2022-03-21,134.2033233642578,147.8800048828125,148.67999267578125,147.19000244140625,147.86000061035156,2516900,VTV
2022-03-22,134.9384002685547,148.69000244140625,149.14999389648438,148.1300048828125,148.60000610351562,3613300,VTV
2022-03-23,133.67201232910156,146.50999450683594,147.80999755859375,146.47999572753906,147.58999633789062,3088700,VTV
2022-03-24,134.94937133789062,147.91000366210938,147.9499969482422,146.75999450683594,147.0800018310547,1523000,VTV
2022-03-25,136.35440063476562,149.4499969482422,149.4600067138672,148.05999755859375,148.22000122070312,4142600,VTV
2022-03-28,136.1810760498047,149.25999450683594,149.25999450683594,148.02999877929688,149.0500030517578,3101400,VTV
2022-03-29,137.03871154785156,150.1999969482422,150.32000732421875,148.9199981689453,149.91000366210938,4094300,VTV
2022-03-30,136.82884216308594,149.97000122070312,150.58999633789062,149.30999755859375,150.07000732421875,3862700,VTV
2022-03-31,134.83074951171875,147.77999877929688,150.1199951171875,147.75,149.39999389648438,2378200,VTV
2022-04-01,135.35992431640625,148.36000061035156,148.4499969482422,147.07000732421875,148.39999389648438,3106400,VTV
2022-04-04,135.00408935546875,147.97000122070312,148.25,146.9600067138672,148.1999969482422,4141700,VTV
2022-04-05,134.3107147216797,147.2100067138672,149.13999938964844,146.85000610351562,147.61000061035156,3991400,VTV
2022-04-06,134.78512573242188,147.72999572753906,148.0,146.42999267578125,146.55999755859375,3694300,VTV
2022-04-07,135.50588989257812,148.52000427246094,149.00999450683594,146.83999633789062,147.57000732421875,3775500,VTV
2022-04-08,136.46389770507812,149.57000732421875,150.02000427246094,148.52999877929688,148.72000122070312,2961200,VTV
2022-04-11,135.22305297851562,148.2100067138672,149.72000122070312,148.00999450683594,149.22999572753906,2530600,VTV
2022-04-12,134.89459228515625,147.85000610351562,149.5500030517578,147.3300018310547,148.55999755859375,3168600,VTV
2022-04-13,135.56976318359375,148.58999633789062,148.72000122070312,147.41000366210938,147.63999938964844,3567700,VTV
2022-04-14,135.07705688476562,148.0500030517578,149.5,148.00999450683594,148.6199951171875,1629600,VTV
2022-04-18,135.02235412597656,147.99000549316406,148.85000610351562,147.39999389648438,147.75999450683594,2262600,VTV
2022-04-19,136.4547882080078,149.55999755859375,149.8300018310547,148.00999450683594,148.0500030517578,2245800,VTV
2022-04-20,137.58612060546875,150.8000030517578,151.47000122070312,150.25,150.25999450683594,2836600,VTV
2022-04-21,136.12632751464844,149.1999969482422,151.88999938964844,149.0,151.47999572753906,3378400,VTV
2022-04-22,132.56805419921875,145.3000030517578,148.6300048828125,145.1699981689453,148.6199951171875,2631700,VTV
2022-04-25,132.5498046875,145.27999877929688,145.61000061035156,142.0500030517578,144.3800048828125,3043400,VTV
2022-04-26,130.24147033691406,142.75,145.5,142.7100067138672,144.5399932861328,2516600,VTV
2022-04-27,130.44223022460938,142.97000122070312,144.35000610351562,142.22000122070312,142.9600067138672,2923200,VTV
2022-04-28,132.3490753173828,145.05999755859375,145.52000427246094,142.38999938964844,143.69000244140625,3184500,VTV
2022-04-29,128.37112426757812,140.6999969482422,144.6199951171875,140.49000549316406,144.25,3629400,VTV
2022-05-02,128.4258575439453,140.75999450683594,141.82000732421875,138.22000122070312,140.97000122070312,5083900,VTV
2022-05-03,129.52073669433594,141.9600067138672,143.00999450683594,140.8300018310547,141.3000030517578,3082900,VTV
2022-05-04,132.97862243652344,145.75,145.97999572753906,141.89999389648438,142.2100067138672,2647100,VTV
2022-05-05,130.07730102539062,142.57000732421875,144.92999267578125,141.27000427246094,144.67999267578125,3062000,VTV
2022-05-06,130.01341247558594,142.5,142.9199981689453,140.5,141.88999938964844,3968200,VTV
2022-05-09,126.94783020019531,139.13999938964844,141.1300048828125,138.67999267578125,140.92999267578125,3761600,VTV
2022-05-10,126.56462097167969,138.72000122070312,141.0,137.44000244140625,140.4199981689453,4226300,VTV
2022-05-11,125.91683959960938,138.00999450683594,141.24000549316406,137.88999938964844,138.74000549316406,6435800,VTV
2022-05-12,126.13581085205078,138.25,138.47000122070312,136.0500030517578,137.55999755859375,5034900,VTV
2022-05-13,127.81455993652344,140.08999633789062,140.4600067138672,138.7899932861328,139.25,3282200,VTV
2022-05-16,128.23428344726562,140.5500030517578,141.55999755859375,139.38999938964844,139.99000549316406,3999200,VTV
2022-05-17,130.26890563964844,142.77999877929688,142.83999633789062,141.41000366210938,142.13999938964844,3947100,VTV
2022-05-18,125.9350814819336,138.02999877929688,141.75999450683594,137.55999755859375,141.66000366210938,2664100,VTV
2022-05-19,124.82199096679688,136.80999755859375,138.0800018310547,135.6699981689453,136.5399932861328,3169500,VTV
2022-05-20,125.06832885742188,137.0800018310547,138.0800018310547,134.44000244140625,137.6199951171875,2913500,VTV
2022-05-23,127.31278991699219,139.5399932861328,140.13999938964844,138.10000610351562,138.4499969482422,2548300,VTV
2022-05-24,127.8419418334961,140.1199951171875,140.38999938964844,137.52999877929688,138.9199981689453,2291900,VTV
2022-05-25,128.72694396972656,141.08999633789062,141.50999450683594,139.55999755859375,139.8699951171875,3090200,VTV
2022-05-26,130.44223022460938,142.97000122070312,143.5399932861328,141.58999633789062,141.85000610351562,2807400,VTV
2022-05-27,132.52244567871094,145.25,145.3000030517578,143.2100067138672,143.39999389648438,2299400,VTV
2022-05-31,131.4640655517578,144.08999633789062,145.1199951171875,143.38999938964844,144.42999267578125,3880500,VTV
2022-06-01,130.43310546875,142.9600067138672,144.7899932861328,141.72000122070312,144.6999969482422,3097100,VTV
2022-06-02,131.5370635986328,144.1699981689453,144.19000244140625,141.4199981689453,143.0800018310547,2534800,VTV
2022-06-03,130.45132446289062,142.97999572753906,143.86000061035156,142.8000030517578,143.1300048828125,3142700,VTV
2022-06-06,130.69769287109375,143.25,144.47999572753906,142.99000549316406,144.05999755859375,2180300,VTV
2022-06-07,132.17575073242188,144.8699951171875,144.9600067138672,142.3300018310547,142.3800048828125,2326700,VTV
2022-06-08,130.45132446289062,142.97999572753906,144.39999389648438,142.69000244140625,144.14999389648438,1830100,VTV
2022-06-09,127.65946960449219,139.9199981689453,142.9600067138672,139.89999389648438,142.49000549316406,1911200,VTV
2022-06-10,124.94061279296875,136.94000244140625,138.3300018310547,136.82000732421875,138.00999450683594,2622800,VTV
2022-06-13,120.80754089355469,132.41000366210938,134.5800018310547,131.72999572753906,134.0,4276800,VTV
2022-06-14,119.95903015136719,131.47999572753906,133.55999755859375,130.39999389648438,132.85000610351562,5357500,VTV
2022-06-15,120.57943725585938,132.16000366210938,133.6699981689453,130.1699981689453,132.42999267578125,3363700,VTV
2022-06-16,117.31315612792969,128.5800018310547,129.66000366210938,127.80999755859375,129.60000610351562,5583700,VTV
2022-06-17,116.79309844970703,128.00999450683594,129.6199951171875,127.16000366210938,128.82000732421875,4732800,VTV
2022-06-21,119.63970947265625,131.1300048828125,131.6300048828125,129.67999267578125,129.97999572753906,3435700,VTV
2022-06-22,119.35688781738281,130.82000732421875,132.08999633789062,129.27000427246094,129.39999389648438,2628400,VTV
2022-06-23,119.71039581298828,130.3699951171875,131.02000427246094,128.83999633789062,130.3699951171875,3346100,VTV
2022-06-24,122.795654296875,133.72999572753906,133.74000549316406,131.14999389648438,131.41000366210938,3414900,VTV
2022-06-27,123.09867095947266,134.05999755859375,134.72999572753906,133.4499969482422,134.14999389648438,3083400,VTV
2022-06-28,121.9784164428711,132.83999633789062,135.97000122070312,132.6699981689453,135.0500030517578,3897600,VTV
2022-06-29,121.5193099975586,132.33999633789062,133.3699951171875,131.88999938964844,133.08999633789062,3680600,VTV
2022-06-30,121.096923828125,131.8800048828125,132.58999633789062,130.4199981689453,130.88999938964844,3205900,VTV
2022-07-01,122.3182144165039,133.2100067138672,133.47999572753906,130.57000732421875,131.60000610351562,2198100,VTV
2022-07-05,120.9683837890625,131.74000549316406,131.75,129.22000122070312,131.64999389648438,2760100,VTV
2022-07-06,121.07855987548828,131.86000061035156,132.6699981689453,130.75999450683594,131.6999969482422,2860300,VTV
2022-07-07,122.3182144165039,133.2100067138672,133.55999755859375,132.52999877929688,132.8000030517578,3554300,VTV
2022-07-08,122.20799255371094,133.08999633789062,133.82000732421875,132.67999267578125,133.24000549316406,2027900,VTV
2022-07-11,121.51013946533203,132.3300018310547,132.92999267578125,132.0500030517578,132.2899932861328,2376400,VTV
2022-07-12,120.91327667236328,131.67999267578125,133.0399932861328,131.14999389648438,131.7100067138672,2946100,VTV
2022-07-13,120.07769775390625,130.77000427246094,131.67999267578125,129.77999877929688,130.27000427246094,2197800,VTV
2022-07-14,119.04926300048828,129.64999389648438,129.8300018310547,128.02000427246094,128.58999633789062,3471900,VTV
2022-07-15,121.44586944580078,132.25999450683594,132.32000732421875,130.6300048828125,131.35000610351562,2282500,VTV
2022-07-18,120.51844787597656,131.25,133.47999572753906,130.89999389648438,133.2100067138672,2823900,VTV
2022-07-19,123.2364273071289,134.2100067138672,134.47999572753906,132.25,132.3699951171875,2165500,VTV
2022-07-20,123.0344009399414,133.99000549316406,134.44000244140625,133.24000549316406,134.0500030517578,2314700,VTV
2022-07-21,123.53024291992188,134.52999877929688,134.52999877929688,132.6699981689453,133.4600067138672,2962500,VTV
2022-07-22,123.2823486328125,134.25999450683594,135.33999633789062,133.4600067138672,134.88999938964844,2123400,VTV
2022-07-25,124.22809600830078,135.2899932861328,135.47000122070312,134.2899932861328,134.66000366210938,2285200,VTV
2022-07-26,123.69554138183594,134.7100067138672,135.3699951171875,134.4600067138672,134.99000549316406,1386200,VTV
2022-07-27,125.11881256103516,136.25999450683594,136.77999877929688,134.41000366210938,134.88999938964844,2234900,VTV
2022-07-28,126.239013671875,137.47999572753906,137.82000732421875,135.32000732421875,136.4600067138672,1863500,VTV
2022-07-29,127.22154998779297,138.5500030517578,138.85000610351562,137.2899932861328,137.2899932861328,2477100,VTV
2022-08-01,126.80835723876953,138.10000610351562,138.5800018310547,137.4499969482422,137.64999389648438,2306100,VTV
2022-08-02,125.81665802001953,137.02000427246094,138.57000732421875,136.94000244140625,137.97999572753906,1834700,VTV
2022-08-03,126.70734405517578,137.99000549316406,138.3800048828125,137.0399932861328,137.7100067138672,1967000,VTV
2022-08-04,125.9360122680664,137.14999389648438,137.97999572753906,137.00999450683594,137.91000366210938,1732600,VTV
2022-08-05,126.25741577148438,137.5,137.5800018310547,136.1999969482422,136.36000061035156,3598900,VTV
2022-08-08,126.40434265136719,137.66000366210938,138.63999938964844,137.41000366210938,138.0,1864900,VTV
2022-08-09,126.61553192138672,137.88999938964844,138.39999389648438,137.52999877929688,137.9499969482422,1986000,VTV
2022-08-10,128.3968963623047,139.8300018310547,139.9600067138672,139.24000549316406,139.42999267578125,1759800,VTV
2022-08-11,129.06724548339844,140.55999755859375,141.61000061035156,140.3699951171875,140.5500030517578,2833000,VTV
2022-08-12,130.93124389648438,142.58999633789062,142.63999938964844,140.77000427246094,141.0800018310547,1597900,VTV
2022-08-15,131.14244079589844,142.82000732421875,142.94000244140625,141.3300018310547,141.6300048828125,1845200,VTV
2022-08-16,131.7025604248047,143.42999267578125,143.9600067138672,142.5,142.52000427246094,2065800,VTV
2022-08-17,131.0138702392578,142.67999267578125,143.3699951171875,142.0399932861328,142.22999572753906,1877100,VTV
2022-08-18,131.4637908935547,143.1699981689453,143.3000030517578,142.4499969482422,142.85000610351562,1744500,VTV
2022-08-19,130.5731201171875,142.1999969482422,142.77000427246094,141.8800048828125,142.6199951171875,1696600,VTV
2022-08-22,128.43360900878906,139.8699951171875,140.97999572753906,139.60000610351562,140.97999572753906,2617200,VTV
2022-08-23,128.20407104492188,139.6199951171875,140.5,139.4499969482422,139.8699951171875,1548500,VTV
2022-08-24,128.58056640625,140.02999877929688,140.32000732421875,139.27999877929688,139.5800018310547,1641800,VTV
2022-08-25,130.15072631835938,141.74000549316406,141.75,140.1199951171875,140.4199981689453,1496500,VTV
2022-08-26,126.65222930908203,137.92999267578125,141.94000244140625,137.91000366210938,141.75,2096600,VTV
2022-08-29,126.21151733398438,137.4499969482422,138.47000122070312,136.80999755859375,137.19000244140625,2742000,VTV
2022-08-30,124.81578063964844,135.92999267578125,137.6199951171875,135.4600067138672,137.49000549316406,2326600,VTV
2022-08-31,123.81489562988281,134.83999633789062,136.50999450683594,134.8000030517578,135.99000549316406,2030000,VTV
2022-09-01,124.37504577636719,135.4499969482422,135.50999450683594,133.4199981689453,134.22999572753906,3807800,VTV
2022-09-02,123.33743286132812,134.32000732421875,137.25,133.7899932861328,136.86000061035156,2826200,VTV
2022-09-06,122.97930145263672,133.92999267578125,135.02999877929688,133.44000244140625,134.69000244140625,2688300,VTV
2022-09-07,124.824951171875,135.94000244140625,136.11000061035156,133.42999267578125,133.55999755859375,1820700,VTV
2022-09-08,125.74321746826172,136.94000244140625,137.0399932861328,134.88999938964844,135.3699951171875,2083700,VTV
2022-09-09,127.20317077636719,138.52999877929688,138.88999938964844,137.52000427246094,137.64999389648438,1536800,VTV
2022-09-12,128.3142547607422,139.74000549316406,140.1999969482422,139.10000610351562,139.30999755859375,2169700,VTV
2022-09-13,123.92509460449219,134.9600067138672,137.8699951171875,134.47999572753906,137.52999877929688,2282200,VTV
2022-09-14,124.10873413085938,135.16000366210938,135.7100067138672,134.10000610351562,135.2100067138672,1799000,VTV
2022-09-15,123.43841552734375,134.42999267578125,135.72999572753906,134.1199951171875,134.88999938964844,2713500,VTV
2022-09-16,122.59363555908203,133.50999450683594,133.72000122070312,132.5500030517578,133.5,2695600,VTV
2022-09-19,123.37416076660156,134.36000061035156,134.38999938964844,132.33999633789062,132.39999389648438,1825500,VTV
2022-09-20,121.78559875488281,132.6300048828125,133.44000244140625,131.72999572753906,133.3699951171875,2001800,VTV
2022-09-21,119.88485717773438,130.55999755859375,134.08999633789062,130.52999877929688,133.44000244140625,1855700,VTV
2022-09-22,119.29718780517578,129.9199981689453,130.89999389648438,129.72999572753906,130.77000427246094,2903700,VTV
2022-09-23,117.16556549072266,126.75,127.83999633789062,125.19000244140625,127.83999633789062,4578800,VTV
2022-09-26,115.51091003417969,124.95999908447266,126.69999694824219,124.38999938964844,126.02999877929688,3508700,VTV
2022-09-27,114.99325561523438,124.4000015258789,126.52999877929688,123.68000030517578,125.79000091552734,5388000,VTV
2022-09-28,117.3689193725586,126.97000122070312,127.58999633789062,124.70999908447266,125.25,4114000,VTV
2022-09-29,115.53863525390625,124.98999786376953,126.27999877929688,124.19000244140625,126.16999816894531,3678100,VTV
2022-09-30,114.14282989501953,123.4800033569336,125.69999694824219,123.2699966430664,124.94000244140625,5167900,VTV
2022-10-03,117.19329071044922,126.77999877929688,127.3499984741211,124.4800033569336,124.76000213623047,3079900,VTV
2022-10-04,120.6042709350586,130.47000122070312,130.5,128.0800018310547,128.0800018310547,2745700,VTV
2022-10-05,120.25300598144531,130.08999633789062,130.86000061035156,128.5800018310547,129.22999572753906,2459700,VTV
2022-10-06,118.7555160522461,128.47000122070312,130.25999450683594,128.25,129.49000549316406,2816900,VTV
2022-10-07,116.43529510498047,125.95999908447266,127.77999877929688,125.25,127.58000183105469,2537100,VTV
2022-10-10,115.84368133544922,125.31999969482422,126.76000213623047,124.69000244140625,126.4000015258789,2645600,VTV
2022-10-11,115.72354125976562,125.19000244140625,126.72000122070312,124.43000030517578,124.69000244140625,3914700,VTV
2022-10-12,115.2613296508789,124.69000244140625,125.94999694824219,124.63999938964844,125.30999755859375,2249500,VTV
2022-10-13,118.58910369873047,128.2899932861328,128.74000549316406,122.54000091552734,122.87999725341797,2815000,VTV
2022-10-14,116.7588119506836,126.30999755859375,129.8800048828125,126.04000091552734,128.9600067138672,2209100,VTV
2022-10-17,118.77397918701172,128.49000549316406,129.0800018310547,127.9800033569336,128.02999877929688,3248300,VTV
2022-10-18,120.3731689453125,130.22000122070312,131.0500030517578,128.9499969482422,130.55999755859375,3194400,VTV
2022-10-19,119.45801544189453,129.22999572753906,130.24000549316406,128.3300018310547,129.5500030517578,2637200,VTV
2022-10-20,118.4596939086914,128.14999389648438,130.3300018310547,127.8499984741211,129.2899932861328,2013400,VTV
2022-10-21,121.38074493408203,131.30999755859375,131.5399932861328,127.88999938964844,128.13999938964844,3818800,VTV
2022-10-24,122.98917388916016,133.0500030517578,133.4499969482422,131.83999633789062,132.0800018310547,3060900,VTV
2022-10-25,124.25558471679688,134.4199981689453,134.5399932861328,132.60000610351562,133.0500030517578,3464200,VTV
2022-10-26,125.03205871582031,135.25999450683594,136.38999938964844,134.75,134.97000122070312,2489200,VTV
2022-10-27,125.51275634765625,135.77999877929688,137.10000610351562,135.5399932861328,136.38999938964844,3513500,VTV
2022-10-28,128.07327270507812,138.5500030517578,138.6699981689453,135.88999938964844,136.0399932861328,2237300,VTV
2022-10-31,127.53715515136719,137.97000122070312,138.8000030517578,137.66000366210938,137.88999938964844,3308100,VTV
2022-11-01,127.79597473144531,138.25,139.14999389648438,137.3699951171875,139.14999389648438,2135400,VTV
2022-11-02,125.83626556396484,136.1300048828125,139.91000366210938,136.0800018310547,137.9499969482422,5056800,VTV
2022-11-03,125.57745361328125,135.85000610351562,136.63999938964844,134.42999267578125,134.9499969482422,5104500,VTV
2022-11-04,127.2413101196289,137.64999389648438,138.44000244140625,135.75999450683594,137.6699981689453,6170000,VTV
2022-11-07,128.34133911132812,138.83999633789062,139.05999755859375,137.63999938964844,138.24000549316406,2577400,VTV
2022-11-08,129.09933471679688,139.66000366210938,140.3800048828125,138.35000610351562,139.1199951171875,5176900,VTV
2022-11-09,126.94552612304688,137.3300018310547,139.5800018310547,137.11000061035156,139.07000732421875,3103700,VTV
2022-11-10,131.4010467529297,142.14999389648438,142.30999755859375,139.88999938964844,141.05999755859375,3494000,VTV
2022-11-11,131.47499084472656,142.22999572753906,142.6699981689453,141.07000732421875,142.66000366210938,2492500,VTV
2022-11-14,130.7262725830078,141.4199981689453,143.27999877929688,141.3800048828125,141.80999755859375,5054200,VTV
2022-11-15,131.22544860839844,141.9600067138672,143.14999389648438,140.69000244140625,142.8800048828125,7610600,VTV
2022-11-16,130.4674072265625,141.13999938964844,142.02000427246094,140.9499969482422,141.77999877929688,3005500,VTV
2022-11-17,130.47665405273438,141.14999389648438,141.1999969482422,139.6699981689453,139.6699981689453,2374300,VTV
2022-11-18,131.61367797851562,142.3800048828125,142.6300048828125,141.49000549316406,142.1199951171875,3798900,VTV
2022-11-21,131.75233459472656,142.52999877929688,142.75,141.60000610351562,142.0800018310547,2452000,VTV
2022-11-22,133.37001037597656,144.27999877929688,144.36000061035156,143.13999938964844,143.4499969482422,2469700,VTV
2022-11-23,133.74899291992188,144.69000244140625,144.83999633789062,143.8800048828125,144.0,2159500,VTV
2022-11-25,134.1187286376953,145.08999633789062,145.32000732421875,144.72999572753906,144.97000122070312,1201100,VTV
2022-11-28,132.28846740722656,143.11000061035156,144.57000732421875,142.8699951171875,143.97999572753906,2293200,VTV
2022-11-29,132.70443725585938,143.55999755859375,143.75999450683594,142.74000549316406,143.22000122070312,1962700,VTV
2022-11-30,135.18179321289062,146.24000549316406,146.35000610351562,142.38999938964844,143.5500030517578,3095300,VTV
2022-12-01,134.9969024658203,146.0399932861328,147.10000610351562,145.44000244140625,146.83999633789062,3688500,VTV
2022-12-02,134.95994567871094,146.0,146.1999969482422,144.4199981689453,144.49000549316406,2268300,VTV
2022-12-05,132.70443725585938,143.55999755859375,145.27000427246094,143.1199951171875,145.25,2281400,VTV
2022-12-06,131.53970336914062,142.3000030517578,143.9600067138672,141.50999450683594,143.38999938964844,2272500,VTV
2022-12-07,131.54893493652344,142.30999755859375,143.30999755859375,141.8300018310547,142.16000366210938,2636800,VTV
2022-12-08,132.2052764892578,143.02000427246094,143.4199981689453,142.5399932861328,142.77000427246094,2240600,VTV
2022-12-09,131.1330108642578,141.86000061035156,143.3300018310547,141.80999755859375,142.63999938964844,3011500,VTV
2022-12-12,132.98175048828125,143.86000061035156,143.89999389648438,141.85000610351562,142.27999877929688,2239800,VTV
2022-12-13,133.37001037597656,144.27999877929688,146.9600067138672,143.52000427246094,146.9600067138672,2955500,VTV
2022-12-14,132.88006591796875,143.75,145.47999572753906,142.92999267578125,144.36000061035156,3524600,VTV
2022-12-15,130.430419921875,141.10000610351562,142.4499969482422,140.32000732421875,142.1199951171875,2940000,VTV
2022-12-16,129.09933471679688,139.66000366210938,140.11000061035156,138.6199951171875,139.8000030517578,2841600,VTV
2022-12-19,128.6741180419922,139.1999969482422,140.30999755859375,138.3699951171875,139.72000122070312,2736900,VTV
2022-12-20,128.9699249267578,139.52000427246094,140.1300048828125,138.88999938964844,139.1699981689453,3072100,VTV
2022-12-21,130.7078094482422,141.39999389648438,141.72000122070312,140.2899932861328,140.69000244140625,2700500,VTV
2022-12-22,129.7122802734375,139.2899932861328,139.86000061035156,137.25,139.86000061035156,2956300,VTV
2022-12-23,130.59695434570312,140.24000549316406,140.27000427246094,138.77999877929688,139.22000122070312,2441800,VTV
2022-12-27,130.90428161621094,140.57000732421875,140.9499969482422,139.80999755859375,140.5,2904200,VTV
2022-12-28,129.553955078125,139.1199951171875,141.16000366210938,139.0399932861328,140.9199981689453,2920100,VTV
2022-12-29,131.0067138671875,140.67999267578125,140.97999572753906,139.64999389648438,139.72000122070312,2724800,VTV
2022-12-30,130.71800231933594,140.3699951171875,140.4600067138672,139.1699981689453,140.08999633789062,2922100,VTV
2023-01-03,130.49452209472656,140.1300048828125,141.25999450683594,139.07000732421875,140.72999572753906,2782400,VTV
2023-01-04,131.630615234375,141.35000610351562,142.0800018310547,140.25,140.86000061035156,2436100,VTV
2023-01-05,130.7645721435547,140.4199981689453,140.97000122070312,139.83999633789062,140.72999572753906,1852100,VTV
2023-01-06,133.53965759277344,143.39999389648438,143.77999877929688,141.1999969482422,141.8300018310547,2200200,VTV
2023-01-09,132.54324340820312,142.3300018310547,144.3000030517578,142.24000549316406,144.02999877929688,3034900,VTV
2023-01-10,133.21371459960938,143.0500030517578,143.07000732421875,141.74000549316406,142.44000244140625,1649900,VTV
2023-01-11,134.05186462402344,143.9499969482422,143.97999572753906,142.82000732421875,143.77000427246094,2463600,VTV
2023-01-12,134.34056091308594,144.25999450683594,144.8699951171875,143.25,144.50999450683594,2342000,VTV
2023-01-13,134.5919647216797,144.52999877929688,144.77000427246094,142.9499969482422,143.1300048828125,2615300,VTV
2023-01-17,133.8283233642578,143.7100067138672,144.72000122070312,143.52999877929688,144.64999389648438,2918200,VTV
2023-01-18,131.31399536132812,141.00999450683594,143.9499969482422,140.92999267578125,143.88999938964844,4896500,VTV
2023-01-19,130.42002868652344,140.0500030517578,140.77999877929688,139.63999938964844,140.25,3456700,VTV
2023-01-20,131.88204956054688,141.6199951171875,141.66000366210938,139.57000732421875,140.3699951171875,2815500,VTV
2023-01-23,132.803955078125,142.61000061035156,143.3699951171875,141.5500030517578,141.77999877929688,3527500,VTV
2023-01-24,132.84121704101562,142.64999389648438,143.07000732421875,141.55999755859375,142.1999969482422,2349500,VTV
2023-01-25,133.2602996826172,143.10000610351562,143.11000061035156,141.36000061035156,141.77999877929688,1909300,VTV
2023-01-26,134.0704803466797,143.97000122070312,144.02000427246094,142.72999572753906,143.72000122070312,2078000,VTV
2023-01-27,133.67935180664062,143.5500030517578,144.2899932861328,143.2100067138672,143.8300018310547,2716700,VTV
2023-01-30,132.69224548339844,142.49000549316406,143.8800048828125,142.36000061035156,142.99000549316406,4166400,VTV
2023-01-31,134.35914611816406,144.27999877929688,144.3000030517578,142.3699951171875,142.63999938964844,1914900,VTV
2023-02-01,134.71304321289062,144.66000366210938,145.6699981689453,142.61000061035156,143.8699951171875,1954000,VTV
2023-02-02,134.73165893554688,144.67999267578125,145.0500030517578,143.77000427246094,144.82000732421875,5365800,VTV
2023-02-03,133.98666381835938,143.8800048828125,144.75999450683594,143.47999572753906,144.36000061035156,2576300,VTV
2023-02-06,133.62347412109375,143.49000549316406,143.6699981689453,142.83999633789062,143.30999755859375,1922300,VTV
2023-02-07,134.57333374023438,144.50999450683594,144.8800048828125,142.5,143.1199951171875,1926300,VTV
2023-02-08,133.67935180664062,143.5500030517578,144.36000061035156,143.36000061035156,143.74000549316406,1349300,VTV
2023-02-09,132.56187438964844,142.35000610351562,144.57000732421875,142.05999755859375,144.57000732421875,1826200,VTV
2023-02-10,133.8656005859375,143.75,143.8699951171875,142.36000061035156,142.57000732421875,1675200,VTV
2023-02-13,134.99240112304688,144.9600067138672,144.9600067138672,143.7100067138672,143.75999450683594,1453100,VTV
2023-02-14,134.43368530273438,144.36000061035156,145.32000732421875,143.39999389648438,144.58999633789062,2194600,VTV
2023-02-15,134.38710021972656,144.30999755859375,144.3300018310547,143.22000122070312,143.5,1634200,VTV
2023-02-16,133.27891540527344,143.1199951171875,144.24000549316406,142.72000122070312,143.0,1562100,VTV
2023-02-17,133.53965759277344,143.39999389648438,143.60000610351562,142.2899932861328,142.55999755859375,1391500,VTV
2023-02-21,131.3978271484375,141.10000610351562,142.77999877929688,140.86000061035156,142.32000732421875,1881700,VTV
2023-02-22,131.06256103515625,140.74000549316406,141.6199951171875,140.25999450683594,141.16000366210938,1437200,VTV
2023-02-23,131.31399536132812,141.00999450683594,141.6999969482422,139.80999755859375,141.3000030517578,2171200,VTV
2023-02-24,130.66212463378906,140.30999755859375,140.63999938964844,139.27999877929688,139.80999755859375,1873800,VTV
2023-02-27,130.65281677246094,140.3000030517578,141.64999389648438,140.02000427246094,141.22999572753906,1941700,VTV
2023-02-28,130.01026916503906,139.61000061035156,140.41000366210938,139.5399932861328,140.3800048828125,1655700,VTV
2023-03-01,129.86123657226562,139.4499969482422,139.8699951171875,138.9199981689453,139.22999572753906,2159700,VTV
2023-03-02,130.52244567871094,140.16000366210938,140.5,138.60000610351562,139.13999938964844,1886900,VTV
2023-03-03,132.0962371826172,141.85000610351562,141.99000549316406,140.22999572753906,140.77999877929688,2238100,VTV
2023-03-06,132.10556030273438,141.86000061035156,142.4600067138672,141.63999938964844,141.97999572753906,1818800,VTV
2023-03-07,129.9171600341797,139.50999450683594,141.82000732421875,139.22999572753906,141.82000732421875,1784600,VTV
2023-03-08,129.7029571533203,139.27999877929688,139.7899932861328,138.58999633789062,139.42999267578125,1836600,VTV
2023-03-09,127.22586822509766,136.6199951171875,139.83999633789062,136.22000122070312,139.47999572753906,2290100,VTV
2023-03-10,125.61481475830078,134.88999938964844,137.25999450683594,134.27000427246094,136.27999877929688,3735900,VTV
2023-03-13,124.5625228881836,133.75999450683594,135.60000610351562,132.7100067138672,133.0800018310547,4898900,VTV
2023-03-14,126.0431900024414,135.35000610351562,136.1199951171875,133.8800048828125,135.63999938964844,3122300,VTV
2023-03-15,124.4041976928711,133.58999633789062,133.72999572753906,131.9600067138672,132.9199981689453,3459500,VTV
2023-03-16,125.73589324951172,135.02000427246094,135.3000030517578,132.19000244140625,132.69000244140625,5154800,VTV
2023-03-17,123.62196350097656,132.75,134.4199981689453,132.27000427246094,134.39999389648438,2657700,VTV
2023-03-20,125.3447494506836,134.60000610351562,134.9499969482422,133.4199981689453,133.4199981689453,2795200,VTV
2023-03-21,126.73228454589844,136.08999633789062,136.32000732421875,135.35000610351562,136.14999389648438,2421300,VTV
2023-03-22,124.37630462646484,133.55999755859375,136.6300048828125,133.5399932861328,136.17999267578125,2653200,VTV
2023-03-23,123.80657958984375,132.1300048828125,134.25,131.32000732421875,133.27000427246094,2254400,VTV
2023-03-24,124.87476348876953,133.27000427246094,133.36000061035156,130.88999938964844,131.39999389648438,3009500,VTV
2023-03-27,125.96168518066406,134.42999267578125,135.0399932861328,133.88999938964844,134.44000244140625,2171200,VTV
2023-03-28,126.04601287841797,134.52000427246094,135.00999450683594,134.07000732421875,134.30999755859375,2272800,VTV
2023-03-29,127.54521942138672,136.1199951171875,136.1699981689453,134.83999633789062,135.55999755859375,2324700,VTV
2023-03-30,128.02310180664062,136.6300048828125,137.0399932861328,136.0399932861328,136.91000366210938,2225600,VTV
2023-03-31,129.40988159179688,138.11000061035156,138.1699981689453,137.07000732421875,137.13999938964844,2012100,VTV
2023-04-03,130.45932006835938,139.22999572753906,139.5,138.33999633789062,138.47999572753906,1923200,VTV
2023-04-04,129.34426879882812,138.0399932861328,139.4499969482422,137.4199981689453,139.39999389648438,1928700,VTV
2023-04-05,130.08450317382812,138.8300018310547,138.8800048828125,137.8699951171875,137.97000122070312,1893700,VTV
2023-04-06,130.1969451904297,138.9499969482422,139.1999969482422,138.55999755859375,138.86000061035156,1756800,VTV
2023-04-10,130.60923767089844,139.38999938964844,139.39999389648438,138.3300018310547,138.5399932861328,1760400,VTV
2023-04-11,131.190185546875,140.00999450683594,140.47999572753906,139.49000549316406,139.75999450683594,1954000,VTV
2023-04-12,130.97462463378906,139.77999877929688,140.72999572753906,139.5399932861328,140.58999633789062,2519500,VTV
2023-04-13,131.77113342285156,140.6300048828125,140.83999633789062,139.22999572753906,139.83999633789062,1913200,VTV
2023-04-14,131.57435607910156,140.4199981689453,141.3699951171875,139.77999877929688,140.77999877929688,2714600,VTV
2023-04-17,132.2489776611328,141.13999938964844,141.13999938964844,140.2100067138672,140.41000366210938,5161500,VTV
2023-04-18,132.32395935058594,141.22000122070312,141.41000366210938,140.64999389648438,141.41000366210938,1694600,VTV
2023-04-19,132.17404174804688,141.05999755859375,141.2100067138672,140.52000427246094,140.80999755859375,1340300,VTV
2023-04-20,131.41505432128906,140.25,140.5800018310547,139.8000030517578,140.19000244140625,2323700,VTV
2023-04-21,131.4619140625,140.3000030517578,140.61000061035156,139.6999969482422,140.61000061035156,1347300,VTV
2023-04-24,131.85545349121094,140.72000122070312,140.82000732421875,140.25,140.27000427246094,1508400,VTV
2023-04-25,130.40309143066406,139.1699981689453,140.36000061035156,139.07000732421875,140.22000122070312,1830600,VTV
2023-04-26,128.7258758544922,137.3800048828125,138.6699981689453,137.0800018310547,138.52999877929688,1945500,VTV
2023-04-27,130.55300903320312,139.3300018310547,139.47999572753906,137.60000610351562,137.85000610351562,1825700,VTV
2023-04-28,131.70553588867188,140.55999755859375,140.6300048828125,138.99000549316406,138.99000549316406,1687000,VTV
2023-05-01,131.80859375,140.6699981689453,141.38999938964844,140.35000610351562,140.47000122070312,1441300,VTV
2023-05-02,129.87838745117188,138.61000061035156,140.24000549316406,137.4499969482422,140.24000549316406,2012000,VTV
2023-05-03,128.81016540527344,137.47000122070312,139.22000122070312,137.3699951171875,138.75,1958400,VTV
2023-05-04,127.67640686035156,136.25999450683594,137.27000427246094,135.67999267578125,136.92999267578125,2435000,VTV
2023-05-05,129.68161010742188,138.39999389648438,138.7899932861328,137.47999572753906,137.6300048828125,1938800,VTV
2023-05-08,129.55978393554688,138.27000427246094,138.82000732421875,137.97999572753906,138.72000122070312,1552200,VTV
2023-05-09,129.0631866455078,137.74000549316406,138.17999267578125,137.44000244140625,137.77000427246094,2804300,VTV
2023-05-10,128.83827209472656,137.5,138.58999633789062,136.3800048828125,138.58999633789062,2179200,VTV
2023-05-11,128.29481506347656,136.9199981689453,136.97999572753906,136.14999389648438,136.92999267578125,1977800,VTV
2023-05-12,128.26673889160156,136.88999938964844,137.4499969482422,136.08999633789062,137.3800048828125,2188600,VTV
2023-05-15,128.68838500976562,137.33999633789062,137.58999633789062,136.50999450683594,137.16000366210938,1823600,VTV
2023-05-16,127.08609008789062,135.6300048828125,137.05999755859375,135.5800018310547,137.0500030517578,2687700,VTV
2023-05-17,128.55723571777344,137.1999969482422,137.47999572753906,135.7899932861328,136.3300018310547,2915400,VTV
2023-05-18,128.969482421875,137.63999938964844,137.75999450683594,136.3699951171875,136.8000030517578,3755200,VTV
2023-05-19,128.969482421875,137.63999938964844,138.61000061035156,137.19000244140625,138.16000366210938,1676700,VTV
2023-05-22,128.75396728515625,137.41000366210938,138.25,136.86000061035156,137.72000122070312,1728600,VTV
2023-05-23,128.03248596191406,136.63999938964844,137.9199981689453,136.5800018310547,137.08999633789062,1663100,VTV
2023-05-24,126.80500030517578,135.3300018310547,136.44000244140625,135.19000244140625,136.3000030517578,1430900,VTV
2023-05-25,126.25215911865234,134.74000549316406,135.1699981689453,133.8800048828125,134.99000549316406,2397800,VTV
2023-05-26,127.2078857421875,135.75999450683594,135.99000549316406,134.91000366210938,135.07000732421875,2362000,VTV
2023-05-30,126.82373809814453,135.35000610351562,136.0,134.9499969482422,135.67999267578125,2676100,VTV
2023-05-31,126.28028106689453,134.77000427246094,135.1699981689453,134.14999389648438,134.74000549316406,2906400,VTV
2023-06-01,127.11420440673828,135.66000366210938,136.00999450683594,134.3300018310547,135.0,2747900,VTV
2023-06-02,129.6160125732422,138.3300018310547,138.63999938964844,136.39999389648438,136.5500030517578,2501200,VTV
2023-06-05,129.2505645751953,137.94000244140625,138.75999450683594,137.77000427246094,138.5800018310547,1865300,VTV
2023-06-06,129.67222595214844,138.38999938964844,138.50999450683594,137.7100067138672,137.82000732421875,1425300,VTV
2023-06-07,130.78726196289062,139.5800018310547,139.75,138.11000061035156,138.4600067138672,2234000,VTV
2023-06-08,131.0308837890625,139.83999633789062,140.0,138.9499969482422,139.5,1816900,VTV
2023-06-09,131.0121307373047,139.82000732421875,140.35000610351562,139.5500030517578,139.83999633789062,1381300,VTV
2023-06-12,131.38694763183594,140.22000122070312,140.35000610351562,139.55999755859375,139.80999755859375,1498500,VTV
2023-06-13,132.32395935058594,141.22000122070312,141.55999755859375,140.33999633789062,140.47999572753906,2719500,VTV
2023-06-14,131.8461151123047,140.7100067138672,141.5800018310547,140.0399932861328,141.36000061035156,1823000,VTV
2023-06-15,133.44837951660156,142.4199981689453,142.75999450683594,140.6699981689453,140.6699981689453,2612300,VTV
2023-06-16,133.41090393066406,142.3800048828125,143.24000549316406,142.25999450683594,143.0,2820700,VTV
2023-06-20,132.28643798828125,141.17999267578125,141.80999755859375,140.83999633789062,141.69000244140625,2222800,VTV
2023-06-21,132.27711486816406,141.1699981689453,141.72999572753906,140.27999877929688,140.75999450683594,2702000,VTV
2023-06-22,131.80859375,140.6699981689453,141.1699981689453,140.32000732421875,141.0,3023200,VTV
2023-06-23,130.85694885253906,138.74000549316406,139.50999450683594,138.47999572753906,139.1699981689453,1449400,VTV
2023-06-26,131.36624145507812,139.27999877929688,139.58999633789062,138.4199981689453,138.72000122070312,1487700,VTV
2023-06-27,132.1962432861328,140.16000366210938,140.30999755859375,139.00999450683594,139.25999450683594,1721200,VTV
2023-06-28,131.89442443847656,139.83999633789062,140.07000732421875,139.22000122070312,140.07000732421875,1916200,VTV
2023-06-29,132.89418029785156,140.89999389648438,140.91000366210938,139.50999450683594,139.82000732421875,1375700,VTV
2023-06-30,134.02603149414062,142.10000610351562,142.3800048828125,141.4199981689453,141.6199951171875,1560300,VTV
2023-07-03,134.5447540283203,142.64999389648438,142.77999877929688,141.6300048828125,141.92999267578125,1359600,VTV
2023-07-05,133.96945190429688,142.0399932861328,142.4600067138672,141.69000244140625,142.0,1961600,VTV
2023-07-06,132.6584014892578,140.64999389648438,141.08999633789062,139.91000366210938,140.8699951171875,1562400,VTV
2023-07-07,132.45089721679688,140.42999267578125,141.64999389648438,140.00999450683594,140.1699981689453,2510200,VTV
2023-07-10,133.23374938964844,141.25999450683594,141.64999389648438,140.39999389648438,140.5,1976500,VTV
2023-07-11,134.51646423339844,142.6199951171875,142.74000549316406,141.44000244140625,141.66000366210938,1700600,VTV
2023-07-12,134.8560028076172,142.97999572753906,143.61000061035156,142.6999969482422,143.44000244140625,2065800,VTV
2023-07-13,135.14837646484375,143.2899932861328,143.47000122070312,142.9199981689453,143.25,2070600,VTV
2023-07-14,134.7145233154297,142.8300018310547,143.6199951171875,142.5800018310547,143.6199951171875,1917700,VTV
2023-07-17,134.76168823242188,142.8800048828125,143.25999450683594,142.13999938964844,142.47000122070312,1968900,VTV
2023-07-18,135.72377014160156,143.89999389648438,144.5,142.91000366210938,143.1199951171875,2169100,VTV
2023-07-19,136.4877166748047,144.7100067138672,145.13999938964844,144.0399932861328,144.25,4047900,VTV
2023-07-20,137.685546875,145.97999572753906,146.14999389648438,144.83999633789062,145.0,2824000,VTV
2023-07-21,138.10997009277344,146.42999267578125,146.74000549316406,145.85000610351562,146.27000427246094,2192000,VTV
2023-07-24,138.81736755371094,147.17999267578125,147.47000122070312,146.50999450683594,146.5399932861328,2269000,VTV
2023-07-25,138.62872314453125,146.97999572753906,147.33999633789062,146.5399932861328,146.6300048828125,2214700,VTV
2023-07-26,138.7890625,147.14999389648438,147.61000061035156,146.58999633789062,146.72000122070312,1667000,VTV
2023-07-27,137.92135620117188,146.22999572753906,147.72999572753906,146.0399932861328,147.55999755859375,2051800,VTV
2023-07-28,138.37411499023438,146.7100067138672,147.14999389648438,146.19000244140625,147.1300048828125,2002300,VTV
2023-07-31,138.65704345703125,147.00999450683594,147.32000732421875,146.5,146.9600067138672,1837100,VTV
2023-08-01,138.33633422851562,146.6699981689453,147.22000122070312,146.22000122070312,146.77000427246094,1518800,VTV
2023-08-02,137.50637817382812,145.7899932861328,146.38999938964844,145.58999633789062,146.0,2677700,VTV
2023-08-03,137.1196746826172,145.3800048828125,145.85000610351562,144.8000030517578,145.3699951171875,2005200,VTV
2023-08-04,136.50657653808594,144.72999572753906,146.33999633789062,144.52999877929688,145.77999877929688,1781300,VTV
2023-08-07,137.89305114746094,146.1999969482422,146.33999633789062,145.2100067138672,145.33999633789062,1461600,VTV
2023-08-08,137.2705535888672,145.5399932861328,145.6699981689453,144.2100067138672,145.1199951171875,1483400,VTV
2023-08-09,136.84613037109375,145.08999633789062,146.02000427246094,144.89999389648438,145.55999755859375,2667700,VTV
2023-08-10,136.6292266845703,144.86000061035156,146.5800018310547,144.6199951171875,145.6699981689453,2117100,VTV
2023-08-11,137.2045440673828,145.47000122070312,145.60000610351562,144.47999572753906,144.66000366210938,1946000,VTV
2023-08-14,137.07249450683594,145.3300018310547,145.44000244140625,144.8800048828125,145.27000427246094,1424100,VTV
2023-08-15,135.3087615966797,143.4600067138672,144.60000610351562,143.25999450683594,144.52000427246094,1818800,VTV
2023-08-16,134.55421447753906,142.66000366210938,144.11000061035156,142.55999755859375,143.3699951171875,1770000,VTV
2023-08-17,133.98829650878906,142.05999755859375,143.4499969482422,141.9199981689453,143.02000427246094,1820500,VTV
2023-08-18,134.30897521972656,142.39999389648438,142.64999389648438,141.33999633789062,141.42999267578125,2434500,VTV
2023-08-21,134.09202575683594,142.1699981689453,142.63999938964844,141.3000030517578,142.4199981689453,2194400,VTV
2023-08-22,133.29031372070312,141.32000732421875,142.5399932861328,141.19000244140625,142.33999633789062,1712200,VTV
2023-08-23,134.1203155517578,142.1999969482422,142.25999450683594,141.35000610351562,141.55999755859375,2165900,VTV
2023-08-24,133.1582489013672,141.17999267578125,143.1699981689453,141.14999389648438,142.0,1941900,VTV
2023-08-25,133.87513732910156,141.94000244140625,142.44000244140625,140.83999633789062,141.74000549316406,1932100,VTV
2023-08-28,134.5730438232422,142.67999267578125,143.1300048828125,142.2100067138672,142.52000427246094,1830600,VTV
2023-08-29,135.73316955566406,143.91000366210938,143.9199981689453,142.63999938964844,142.8000030517578,2911600,VTV
2023-08-30,135.92181396484375,144.11000061035156,144.5399932861328,143.77999877929688,144.02000427246094,1966100,VTV
2023-08-31,135.35589599609375,143.50999450683594,144.4499969482422,143.5,144.38999938964844,2170800,VTV
2023-09-01,135.8369140625,144.02000427246094,144.58999633789062,143.5399932861328,144.2899932861328,1703600,VTV
2023-09-05,134.51646423339844,142.6199951171875,144.1999969482422,142.60000610351562,143.92999267578125,2156500,VTV
2023-09-06,134.1486358642578,142.22999572753906,142.5399932861328,141.50999450683594,142.27999877929688,2214300,VTV
2023-09-07,134.23353576660156,142.32000732421875,142.66000366210938,141.85000610351562,142.00999450683594,1663700,VTV
2023-09-08,134.52589416503906,142.6300048828125,142.8699951171875,142.17999267578125,142.36000061035156,1471800,VTV
2023-09-11,134.83717346191406,142.9600067138672,143.41000366210938,142.72999572753906,143.16000366210938,1872600,VTV
2023-09-12,134.96920776367188,143.10000610351562,143.75999450683594,142.6699981689453,142.6699981689453,1795900,VTV
2023-09-13,134.81829833984375,142.94000244140625,143.60000610351562,142.57000732421875,143.1999969482422,1691900,VTV
2023-09-14,136.3179473876953,144.52999877929688,144.69000244140625,143.80999755859375,143.8699951171875,1726800,VTV
2023-09-15,135.37474060058594,143.52999877929688,144.58999633789062,143.42999267578125,144.0,2326300,VTV
2023-09-18,135.4219207763672,143.5800018310547,143.99000549316406,143.0800018310547,143.61000061035156,1782200,VTV
2023-09-19,135.07293701171875,143.2100067138672,143.75,142.55999755859375,143.5800018310547,1704900,VTV
2023-09-20,134.73338317871094,142.85000610351562,144.27999877929688,142.8300018310547,143.69000244140625,1655000,VTV
2023-09-21,133.0410919189453,140.1699981689453,141.5500030517578,140.11000061035156,141.32000732421875,2739200,VTV
2023-09-22,132.5854949951172,139.69000244140625,140.5,139.57000732421875,140.22999572753906,2624300,VTV
2023-09-25,132.99362182617188,140.1199951171875,140.13999938964844,139.14999389648438,139.25999450683594,2488300,VTV
2023-09-26,131.35159301757812,138.38999938964844,139.55999755859375,138.2100067138672,139.22999572753906,2940900,VTV
2023-09-27,131.209228515625,138.24000549316406,138.91000366210938,137.27000427246094,138.6999969482422,2452400,VTV
2023-09-28,131.7692413330078,138.8300018310547,139.25,138.22000122070312,138.27000427246094,2375900,VTV
2023-09-29,130.91500854492188,137.92999267578125,139.47999572753906,137.50999450683594,139.47999572753906,5163800,VTV
2023-10-02,129.65264892578125,136.60000610351562,137.64999389648438,135.7100067138672,137.49000549316406,3350400,VTV
2023-10-03,128.5421600341797,135.42999267578125,136.49000549316406,134.9600067138672,135.97000122070312,3440300,VTV
2023-10-04,128.6940155029297,135.58999633789062,135.66000366210938,134.25999450683594,135.49000549316406,2463800,VTV
2023-10-05,128.28590393066406,135.16000366210938,135.6699981689453,134.47999572753906,135.27999877929688,3308100,VTV
2023-10-06,129.14010620117188,136.05999755859375,136.74000549316406,133.67999267578125,134.5500030517578,2972000,VTV
2023-10-09,130.26959228515625,137.25,137.38999938964844,135.8000030517578,136.0,1922500,VTV
2023-10-10,131.057373046875,138.0800018310547,138.75999450683594,137.4600067138672,137.69000244140625,1530600,VTV
2023-10-11,130.9719696044922,137.99000549316406,138.38999938964844,137.16000366210938,138.22000122070312,1982400,VTV
2023-10-12,130.0038299560547,136.97000122070312,138.24000549316406,136.27000427246094,138.24000549316406,2449100,VTV
2023-10-13,130.32655334472656,137.30999755859375,138.47000122070312,136.80999755859375,137.63999938964844,1985300,VTV
2023-10-16,131.62684631347656,138.67999267578125,139.1300048828125,137.9499969482422,138.17999267578125,2937200,VTV
2023-10-17,131.9495849609375,139.02000427246094,139.6999969482422,137.85000610351562,137.85000610351562,2575000,VTV
2023-10-18,130.59230041503906,137.58999633789062,138.8300018310547,137.32000732421875,138.77000427246094,2523300,VTV
2023-10-19,129.39637756347656,136.3300018310547,138.13999938964844,136.13999938964844,137.49000549316406,2771200,VTV
2023-10-20,128.1055450439453,134.97000122070312,136.57000732421875,134.94000244140625,136.27000427246094,3072300,VTV
2023-10-23,127.1184310913086,133.92999267578125,135.24000549316406,133.86000061035156,134.50999450683594,2943200,VTV
2023-10-24,127.9726791381836,134.8300018310547,135.33999633789062,134.3300018310547,134.61000061035156,2999400,VTV
2023-10-25,127.30828857421875,134.1300048828125,134.94000244140625,133.8800048828125,134.63999938964844,3487500,VTV
2023-10-26,126.87165832519531,133.6699981689453,134.58999633789062,133.5399932861328,133.8800048828125,3388900,VTV
2023-10-27,125.11576843261719,131.82000732421875,133.5800018310547,131.4199981689453,133.5399932861328,5854600,VTV
2023-10-30,126.3970718383789,133.1699981689453,133.4600067138672,132.14999389648438,132.55999755859375,5051000,VTV
2023-10-31,127.46012115478516,134.2899932861328,134.30999755859375,132.99000549316406,133.41000366210938,2636900,VTV
2023-11-01,128.00112915039062,134.86000061035156,135.25999450683594,134.05999755859375,134.47999572753906,4182300,VTV
2023-11-02,130.4119415283203,137.39999389648438,137.49000549316406,135.58999633789062,135.67999267578125,3523200,VTV
2023-11-03,131.5414276123047,138.58999633789062,139.17999267578125,138.44000244140625,138.47000122070312,2398200,VTV
2023-11-06,131.13330078125,138.16000366210938,138.8800048828125,137.77999877929688,138.74000549316406,2967900,VTV
2023-11-07,130.66822814941406,137.6699981689453,137.9499969482422,137.3699951171875,137.77000427246094,2427600,VTV
2023-11-08,130.32655334472656,137.30999755859375,137.86000061035156,136.75,137.75,1948800,VTV
2023-11-09,129.26351928710938,136.19000244140625,137.64999389648438,136.11000061035156,137.6300048828125,2108700,VTV
2023-11-10,130.63027954101562,137.6300048828125,137.77999877929688,136.14999389648438,136.83999633789062,1644400,VTV
2023-11-13,130.55433654785156,137.5500030517578,137.86000061035156,137.10000610351562,137.3800048828125,2233400,VTV
2023-11-14,132.89871215820312,140.02000427246094,140.47000122070312,138.91000366210938,139.08999633789062,2305400,VTV
2023-11-15,133.51565551757812,140.6699981689453,141.11000061035156,140.19000244140625,140.1999969482422,1766300,VTV
2023-11-16,133.1929473876953,140.3300018310547,140.77000427246094,139.85000610351562,140.39999389648438,2579600,VTV
2023-11-17,133.80987548828125,140.97999572753906,141.0800018310547,140.4600067138672,140.8300018310547,1831600,VTV
2023-11-20,134.20851135253906,141.39999389648438,141.77999877929688,140.47999572753906,140.72000122070312,2175400,VTV
2023-11-21,134.13259887695312,141.32000732421875,141.52000427246094,140.8699951171875,141.19000244140625,2959100,VTV
2023-11-22,134.56919860839844,141.77999877929688,141.88999938964844,141.30999755859375,141.4199981689453,2719900,VTV
2023-11-24,135.08177185058594,142.32000732421875,142.4499969482422,141.88999938964844,141.88999938964844,952400,VTV
2023-11-27,134.59768676757812,141.80999755859375,142.1300048828125,141.60000610351562,141.99000549316406,3961000,VTV
2023-11-28,134.54074096679688,141.75,142.3800048828125,141.47000122070312,141.6699981689453,5291100,VTV
2023-11-29,134.6925811767578,141.91000366210938,142.74000549316406,141.74000549316406,142.1699981689453,2156700,VTV
2023-11-30,135.9739227294922,143.25999450683594,143.36000061035156,141.97000122070312,142.25,2473800,VTV
2023-12-01,137.17933654785156,144.52999877929688,144.6199951171875,143.00999450683594,143.16000366210938,2535200,VTV
2023-12-04,137.19833374023438,144.5500030517578,144.8800048828125,143.72000122070312,143.72000122070312,2835900,VTV
2023-12-05,136.25868225097656,143.55999755859375,144.30999755859375,143.4199981689453,144.1300048828125,1977800,VTV
2023-12-06,135.9739227294922,143.25999450683594,144.30999755859375,143.1199951171875,143.9600067138672,2017900,VTV
2023-12-07,136.2871551513672,143.58999633789062,143.88999938964844,143.25,143.66000366210938,2046800,VTV
2023-12-08,136.82815551757812,144.16000366210938,144.42999267578125,143.47999572753906,143.72000122070312,1939300,VTV
2023-12-11,138.1190185546875,145.52000427246094,145.5399932861328,144.55999755859375,144.6699981689453,2958300,VTV
2023-12-12,138.22340393066406,145.6300048828125,145.7899932861328,144.77000427246094,145.33999633789062,1860200,VTV
2023-12-13,140.4158935546875,147.94000244140625,147.97000122070312,145.19000244140625,145.4600067138672,2808400,VTV
2023-12-14,141.8111572265625,149.41000366210938,149.9499969482422,148.75,148.92999267578125,3021100,VTV
2023-12-15,141.0138702392578,148.57000732421875,149.08999633789062,148.1999969482422,148.49000549316406,2377300,VTV
2023-12-18,141.36505126953125,148.94000244140625,149.39999389648438,148.88999938964844,149.2100067138672,2565100,VTV
2023-12-19,142.32366943359375,149.9499969482422,150.0,149.0,149.17999267578125,2267500,VTV
2023-12-20,140.05523681640625,147.55999755859375,149.9499969482422,147.5399932861328,149.5800018310547,2639100,VTV
2023-12-21,141.40390014648438,147.94000244140625,147.9600067138672,146.75,147.44000244140625,3323100,VTV
2023-12-22,141.94869995117188,148.50999450683594,149.1199951171875,148.02000427246094,148.27999877929688,2113900,VTV
2023-12-26,142.70382690429688,149.3000030517578,149.69000244140625,148.5399932861328,148.72000122070312,2242300,VTV
2023-12-27,142.98098754882812,149.58999633789062,149.67999267578125,148.97000122070312,149.3000030517578,2183300,VTV
2023-12-28,143.20082092285156,149.82000732421875,149.9600067138672,149.47000122070312,149.47000122070312,2425200,VTV
2023-12-29,142.89495849609375,149.5,149.80999755859375,148.9600067138672,149.77000427246094,2533600,VTV
2024-01-02,143.77432250976562,150.4199981689453,150.72000122070312,148.8000030517578,148.86000061035156,3190300,VTV
2024-01-03,142.87583923339844,149.47999572753906,150.22999572753906,149.27000427246094,150.05999755859375,2862600,VTV
2024-01-04,142.7324981689453,149.3300018310547,150.3699951171875,149.25,149.61000061035156,2678200,VTV
2024-01-05,143.00965881347656,149.6199951171875,150.2899932861328,148.99000549316406,149.30999755859375,2608400,VTV
2024-01-08,143.96548461914062,150.6199951171875,150.66000366210938,149.02000427246094,149.42999267578125,3187300,VTV
2024-01-09,143.16259765625,149.77999877929688,150.0399932861328,149.5,149.89999389648438,2727400,VTV
2024-01-10,143.21994018554688,149.83999633789062,150.0500030517578,149.25999450683594,149.77000427246094,2336900,VTV
2024-01-11,142.75160217285156,149.35000610351562,149.75,148.47000122070312,149.74000549316406,2835600,VTV
2024-01-12,142.7802734375,149.3800048828125,150.24000549316406,148.94000244140625,149.80999755859375,1779000,VTV
2024-01-16,141.8627166748047,148.4199981689453,149.0399932861328,148.0,148.8000030517578,3003100,VTV
2024-01-17,140.9451141357422,147.4600067138672,148.35000610351562,146.97000122070312,147.39999389648438,3062300,VTV
2024-01-18,141.3943328857422,147.92999267578125,148.08999633789062,146.6699981689453,147.32000732421875,2360200,VTV
2024-01-19,142.60821533203125,149.1999969482422,149.55999755859375,147.58999633789062,148.36000061035156,2051500,VTV
2024-01-22,143.05746459960938,149.6699981689453,150.1300048828125,149.27999877929688,149.4600067138672,2346100,VTV
2024-01-23,143.5736083984375,150.2100067138672,150.2899932861328,149.6199951171875,149.8000030517578,1928000,VTV
2024-01-24,143.095703125,149.7100067138672,150.86000061035156,149.6199951171875,150.77000427246094,2780100,VTV
2024-01-25,144.3478240966797,151.02000427246094,151.02000427246094,149.9600067138672,150.57000732421875,2132300,VTV
2024-01-26,144.42428588867188,151.10000610351562,151.33999633789062,150.74000549316406,150.97000122070312,1769600,VTV
2024-01-29,144.9213104248047,151.6199951171875,151.66000366210938,150.6199951171875,151.0500030517578,2220300,VTV
2024-01-30,145.5043487548828,152.22999572753906,152.4199981689453,151.3000030517578,151.44000244140625,2195800,VTV
2024-01-31,144.1375274658203,150.8000030517578,152.4600067138672,150.8000030517578,152.30999755859375,2632700,VTV
2024-02-01,145.58082580566406,152.30999755859375,152.32000732421875,150.44000244140625,151.0500030517578,2434600,VTV
2024-02-02,145.4947967529297,152.22000122070312,152.92999267578125,151.30999755859375,152.08999633789062,2582900,VTV
2024-02-05,144.46250915527344,151.13999938964844,151.77000427246094,150.72999572753906,151.6300048828125,2560200,VTV
2024-02-06,145.24627685546875,151.9600067138672,152.08999633789062,151.25,151.47999572753906,1798900,VTV
2024-02-07,145.6668243408203,152.39999389648438,152.6999969482422,152.0,152.42999267578125,1805900,VTV
2024-02-08,145.70506286621094,152.44000244140625,152.52000427246094,151.80999755859375,152.39999389648438,1982600,VTV
2024-02-09,145.6668243408203,152.39999389648438,152.42999267578125,151.74000549316406,152.33999633789062,2089300,VTV
2024-02-12,146.49842834472656,153.27000427246094,153.61000061035156,152.3000030517578,152.47999572753906,1793700,VTV
2024-02-13,144.59629821777344,151.27999877929688,152.5,150.24000549316406,152.13999938964844,8312600,VTV
2024-02-14,145.4374542236328,152.16000366210938,152.25999450683594,151.27000427246094,151.91000366210938,5013700,VTV
2024-02-15,147.18661499023438,153.99000549316406,154.2100067138672,152.52000427246094,152.6199951171875,2609500,VTV
2024-02-16,146.8329620361328,153.6199951171875,154.39999389648438,153.39999389648438,153.7100067138672,2154800,VTV
2024-02-20,146.8042755126953,153.58999633789062,154.16000366210938,153.25999450683594,153.3800048828125,2091200,VTV
2024-02-21,147.48291015625,154.3000030517578,154.3300018310547,151.75999450683594,153.52999877929688,1899500,VTV
2024-02-22,148.66812133789062,155.5399932861328,155.91000366210938,154.39999389648438,154.67999267578125,3554500,VTV
2024-02-23,149.13645935058594,156.02999877929688,156.49000549316406,155.63999938964844,155.75999450683594,1940300,VTV
2024-02-26,148.5343017578125,155.39999389648438,156.47000122070312,155.30999755859375,156.0800018310547,2737700,VTV
2024-02-27,148.7445831298828,155.6199951171875,155.6999969482422,155.25999450683594,155.6699981689453,1704800,VTV
2024-02-28,148.76370239257812,155.63999938964844,156.00999450683594,155.13999938964844,155.33999633789062,1745400,VTV
2024-02-29,148.94532775878906,155.8300018310547,156.3699951171875,155.4199981689453,156.1999969482422,1815000,VTV
2024-03-01,149.9106903076172,156.83999633789062,156.91000366210938,155.66000366210938,156.1199951171875,2178800,VTV
2024-03-04,150.20697021484375,157.14999389648438,157.52999877929688,156.5,156.64999389648438,2105500,VTV
2024-03-05,149.6239471435547,156.5399932861328,157.75999450683594,156.00999450683594,157.02999877929688,2128700,VTV
2024-03-06,150.5701904296875,157.52999877929688,158.19000244140625,157.08999633789062,157.2899932861328,1835300,VTV
2024-03-07,151.37307739257812,158.3699951171875,158.72000122070312,158.0500030517578,158.27999877929688,2184200,VTV
2024-03-08,151.17236328125,158.16000366210938,158.91000366210938,158.05999755859375,158.52000427246094,1895300,VTV
2024-03-11,151.76498413085938,158.77999877929688,158.7899932861328,157.52000427246094,157.8300018310547,1914600,VTV
2024-03-12,152.16641235351562,159.1999969482422,159.50999450683594,158.49000549316406,159.14999389648438,2508800,VTV
2024-03-13,152.44361877441406,159.49000549316406,159.99000549316406,158.99000549316406,159.4199981689453,1596500,VTV
2024-03-14,151.51646423339844,158.52000427246094,159.67999267578125,157.6300048828125,159.5500030517578,2419000,VTV
2024-03-15,151.44000244140625,158.44000244140625,158.8300018310547,157.4600067138672,157.75999450683594,1922800,VTV
2024-03-18,151.77452087402344,158.7899932861328,159.24000549316406,158.2899932861328,158.91000366210938,2057300,VTV
2024-03-19,152.5869903564453,159.63999938964844,159.72000122070312,158.64999389648438,158.77999877929688,1637200,VTV
2024-03-20,153.77220153808594,160.8800048828125,161.00999450683594,159.25999450683594,159.5399932861328,1780600,VTV
2024-03-21,155.06683349609375,161.22000122070312,161.72999572753906,160.47999572753906,160.69000244140625,1779100,VTV
2024-03-22,154.32618713378906,160.4499969482422,161.58999633789062,160.41000366210938,161.42999267578125,2145800,VTV
2024-03-25,154.05691528320312,160.1699981689453,160.8800048828125,160.10000610351562,160.39999389648438,2073100,VTV
2024-03-26,153.9703369140625,160.0800018310547,160.63999938964844,160.0,160.4600067138672,3174500,VTV
2024-03-27,156.17294311523438,162.3699951171875,162.3699951171875,160.9199981689453,160.9600067138672,2749000,VTV
2024-03-28,156.6442413330078,162.86000061035156,163.3000030517578,162.42999267578125,162.57000732421875,3574000,VTV
2024-04-01,156.02867126464844,162.22000122070312,163.19000244140625,162.02000427246094,163.05999755859375,2411300,VTV
2024-04-02,155.02833557128906,161.17999267578125,161.52000427246094,160.64999389648438,161.27000427246094,2332500,VTV
2024-04-03,155.05722045898438,161.2100067138672,161.61000061035156,160.74000549316406,160.99000549316406,2862600,VTV
2024-04-04,153.47018432617188,159.55999755859375,162.5,159.22999572753906,162.19000244140625,1947000,VTV
2024-04-05,154.4801025390625,160.61000061035156,161.05999755859375,159.3800048828125,159.58999633789062,2928100,VTV
2024-04-08,154.52821350097656,160.66000366210938,161.00999450683594,160.4499969482422,160.6699981689453,1726300,VTV
2024-04-09,154.66285705566406,160.8000030517578,161.2899932861328,159.50999450683594,161.08999633789062,2350300,VTV
2024-04-10,152.7103271484375,158.77000427246094,159.6199951171875,158.0800018310547,159.14999389648438,2850200,VTV
2024-04-11,152.53720092773438,158.58999633789062,159.35000610351562,157.6300048828125,159.1300048828125,3314900,VTV
2024-04-12,150.3153839111328,156.27999877929688,158.0399932861328,155.8000030517578,157.8000030517578,2510900,VTV
2024-04-15,149.497802734375,155.42999267578125,158.1699981689453,155.02999877929688,157.85000610351562,2341500,VTV
2024-04-16,148.91110229492188,154.82000732421875,155.77999877929688,154.5,155.77999877929688,2322100,VTV
2024-04-17,148.67062377929688,154.57000732421875,155.7100067138672,154.1199951171875,155.47999572753906,1964900,VTV
2024-04-18,148.90145874023438,154.80999755859375,155.8800048828125,154.47000122070312,155.1199951171875,2407400,VTV
2024-04-19,150.00758361816406,155.9600067138672,156.27000427246094,155.02000427246094,155.08999633789062,2495400,VTV
2024-04-22,151.07522583007812,157.07000732421875,157.94000244140625,155.8300018310547,156.47000122070312,2512200,VTV
2024-04-23,152.09475708007812,158.1300048828125,158.5399932861328,157.39999389648438,157.5399932861328,3211000,VTV
2024-04-24,152.2005615234375,158.24000549316406,158.39999389648438,157.35000610351562,157.77999877929688,1817900,VTV
2024-04-25,151.9697265625,158.0,158.3000030517578,156.8300018310547,157.61000061035156,1930300,VTV
2024-04-26,151.88316345214844,157.91000366210938,158.30999755859375,157.3300018310547,157.5399932861328,1692200,VTV
2024-04-29,152.46987915039062,158.52000427246094,158.69000244140625,157.85000610351562,158.1199951171875,1784500,VTV
2024-04-30,150.51734924316406,156.49000549316406,158.08999633789062,156.4600067138672,158.0,1912200,VTV
2024-05-01,150.06527709960938,156.02000427246094,157.75999450683594,155.80999755859375,156.14999389648438,2223800,VTV
2024-05-02,150.86361694335938,156.85000610351562,157.17999267578125,155.72999572753906,156.97000122070312,2730500,VTV
2024-05-03,151.73887634277344,157.75999450683594,158.0800018310547,156.82000732421875,157.88999938964844,1830800,VTV
2024-05-06,152.75843811035156,158.82000732421875,158.83999633789062,158.1999969482422,158.50999450683594,1685700,VTV
2024-05-07,153.24896240234375,159.3300018310547,159.66000366210938,159.13999938964844,159.22000122070312,1224400,VTV
2024-05-08,153.48941040039062,159.5800018310547,159.80999755859375,158.92999267578125,158.9499969482422,1347600,VTV
2024-05-09,154.80712890625,160.9499969482422,160.9499969482422,159.55999755859375,159.5800018310547,1993200,VTV
2024-05-10,155.2399444580078,161.39999389648438,161.6300048828125,161.17999267578125,161.36000061035156,1308700,VTV
2024-05-13,155.1053009033203,161.25999450683594,162.3300018310547,161.1699981689453,161.85000610351562,1344200,VTV
2024-05-14,155.7497100830078,161.92999267578125,162.07000732421875,161.17999267578125,161.5500030517578,1335900,VTV
2024-05-15,157.12515258789062,163.36000061035156,163.4600067138672,162.47000122070312,162.58999633789062,1428200,VTV
2024-05-16,156.9808807373047,163.2100067138672,163.77999877929688,163.16000366210938,163.3699951171875,1277200,VTV
2024-05-17,157.40408325195312,163.64999389648438,163.6699981689453,163.0800018310547,163.38999938964844,1314000,VTV
2024-05-20,156.73080444335938,162.9499969482422,163.80999755859375,162.7899932861328,163.6300048828125,2009000,VTV
2024-05-21,156.83660888671875,163.05999755859375,163.17999267578125,162.63999938964844,162.8000030517578,1202700,VTV
2024-05-22,156.2306365966797,162.42999267578125,163.05999755859375,162.0,162.64999389648438,1130000,VTV
2024-05-23,154.25888061523438,160.3800048828125,162.67999267578125,160.14999389648438,162.67999267578125,2683900,VTV
2024-05-24,154.71095275878906,160.85000610351562,161.27999877929688,160.57000732421875,160.9199981689453,1737300,VTV
2024-05-28,153.6144561767578,159.7100067138672,160.8000030517578,159.24000549316406,160.8000030517578,2249100,VTV
2024-05-29,152.00819396972656,158.0399932861328,158.58999633789062,157.8699951171875,158.58999633789062,1979200,VTV
2024-05-30,152.6622314453125,158.72000122070312,158.8800048828125,157.89999389648438,158.0399932861328,1370600,VTV
2024-05-31,155.02833557128906,161.17999267578125,161.25999450683594,158.75999450683594,159.0,1539000,VTV
2024-06-03,154.16270446777344,160.27999877929688,161.3800048828125,159.07000732421875,161.3800048828125,2676900,VTV
2024-06-04,153.9222412109375,160.02999877929688,160.27999877929688,159.1300048828125,159.75,2197600,VTV
2024-06-05,154.65322875976562,160.7899932861328,160.80999755859375,159.44000244140625,160.4600067138672,1450000,VTV
2024-06-06,154.5089569091797,160.63999938964844,161.1199951171875,160.1199951171875,160.5500030517578,1278300,VTV
2024-06-07,154.2685089111328,160.38999938964844,161.41000366210938,159.88999938964844,160.27999877929688,1131000,VTV
2024-06-10,154.82635498046875,160.97000122070312,160.97000122070312,159.8300018310547,160.1699981689453,1060700,VTV
2024-06-11,153.8933868408203,160.0,160.2899932861328,159.10000610351562,160.2899932861328,1163200,VTV
2024-06-12,154.13385009765625,160.25,161.7100067138672,159.83999633789062,161.69000244140625,1564300,VTV
2024-06-13,154.4993438720703,160.6300048828125,160.8699951171875,159.5800018310547,160.8699951171875,1582600,VTV
2024-06-14,154.07611083984375,160.19000244140625,160.24000549316406,159.0399932861328,159.94000244140625,1935400,VTV
2024-06-17,155.2784423828125,161.44000244140625,161.57000732421875,159.77999877929688,160.16000366210938,1550100,VTV
2024-06-18,155.85552978515625,162.0399932861328,162.44000244140625,161.47000122070312,161.6300048828125,2399300,VTV
2024-06-20,156.1248321533203,162.32000732421875,162.6199951171875,161.6300048828125,161.88999938964844,1772400,VTV
2024-06-21,155.7593536376953,161.94000244140625,162.47000122070312,161.4499969482422,162.47000122070312,1306200,VTV
2024-06-24,156.73080444335938,162.9499969482422,163.72999572753906,162.11000061035156,162.33999633789062,1630800,VTV
2024-06-25,155.48040771484375,161.64999389648438,162.75,161.11000061035156,162.75,1589000,VTV
2024-06-26,154.99949645996094,161.14999389648438,161.38999938964844,160.6699981689453,161.3000030517578,1269200,VTV
2024-06-27,154.81077575683594,159.94000244140625,160.1300048828125,159.22999572753906,160.1300048828125,1533700,VTV
2024-06-28,155.2656707763672,160.41000366210938,161.25999450683594,159.7100067138672,160.50999450683594,2850500,VTV
2024-07-01,154.62684631347656,159.75,161.52000427246094,159.52999877929688,160.9199981689453,2241100,VTV
2024-07-02,155.20761108398438,160.35000610351562,160.35000610351562,159.47000122070312,159.75,1471400,VTV
2024-07-03,155.32376098632812,160.47000122070312,160.92999267578125,160.22999572753906,160.6199951171875,1078500,VTV
2024-07-05,155.188232421875,160.3300018310547,160.72000122070312,159.52999877929688,160.72000122070312,1198700,VTV
2024-07-08,155.41087341308594,160.55999755859375,161.24000549316406,160.2100067138672,160.5399932861328,1185000,VTV
2024-07-09,155.43023681640625,160.5800018310547,161.27999877929688,160.1300048828125,160.52999877929688,1620800,VTV
2024-07-10,156.89178466796875,162.08999633789062,162.13999938964844,160.5800018310547,160.8300018310547,1274100,VTV
2024-07-11,158.1307373046875,163.3699951171875,163.50999450683594,162.22000122070312,162.38999938964844,1509200,VTV
2024-07-12,159.0309295654297,164.3000030517578,165.17999267578125,163.66000366210938,163.8000030517578,1800000,VTV
2024-07-15,159.64071655273438,164.92999267578125,165.61000061035156,164.64999389648438,164.77000427246094,1812400,VTV
2024-07-16,161.8766632080078,167.24000549316406,167.3000030517578,165.22999572753906,165.35000610351562,2989800,VTV
2024-07-17,162.25413513183594,167.6300048828125,168.25999450683594,166.58999633789062,166.58999633789062,2297200,VTV
2024-07-18,160.937744140625,166.27000427246094,168.6699981689453,165.97999572753906,167.2100067138672,2290600,VTV
2024-07-19,159.77626037597656,165.07000732421875,166.75,164.89999389648438,166.4499969482422,1582800,VTV
2024-07-22,160.5505828857422,165.8699951171875,165.9199981689453,164.60000610351562,165.52999877929688,1457200,VTV
2024-07-23,159.9601287841797,165.25999450683594,165.92999267578125,165.10000610351562,165.5399932861328,1525400,VTV
2024-07-24,158.97286987304688,164.24000549316406,165.5500030517578,164.13999938964844,164.97999572753906,1517300,VTV
2024-07-25,159.5342559814453,164.82000732421875,166.60000610351562,164.11000061035156,164.24000549316406,2330900,VTV
2024-07-26,161.55722045898438,166.91000366210938,167.52000427246094,165.61000061035156,165.75999450683594,2210100,VTV
2024-07-29,161.31524658203125,166.66000366210938,167.11000061035156,165.9600067138672,167.08999633789062,1925400,VTV
2024-07-30,161.7121124267578,167.07000732421875,167.66000366210938,166.5399932861328,166.92999267578125,2707200,VTV
2024-07-31,162.62193298339844,168.00999450683594,169.14999389648438,167.5,168.14999389648438,1843200,VTV
2024-08-01,160.87966918945312,166.2100067138672,168.6999969482422,165.52999877929688,168.0800018310547,2196600,VTV
2024-08-02,158.42112731933594,163.6699981689453,165.60000610351562,162.2100067138672,165.16000366210938,2308900,VTV
2024-08-05,154.83010864257812,159.9600067138672,161.3699951171875,159.39999389648438,160.22999572753906,3435500,VTV
2024-08-06,156.0980987548828,161.27000427246094,163.19000244140625,160.0,160.4600067138672,3254600,VTV
2024-08-07,155.1979217529297,160.33999633789062,163.5500030517578,160.22999572753906,162.67999267578125,1736100,VTV
2024-08-08,157.85972595214844,163.08999633789062,163.22000122070312,160.8800048828125,160.8800048828125,1341400,VTV
2024-08-09,158.1307373046875,163.3699951171875,163.82000732421875,162.05999755859375,162.99000549316406,1123000,VTV
2024-08-12,157.49192810058594,162.7100067138672,163.6699981689453,162.32000732421875,163.58999633789062,1296800,VTV
2024-08-13,159.01158142089844,164.27999877929688,164.4199981689453,162.67999267578125,163.27000427246094,1623600,VTV
2024-08-14,159.9601287841797,165.25999450683594,165.6999969482422,164.42999267578125,164.47999572753906,1350500,VTV
2024-08-15,161.82823181152344,167.19000244140625,167.4199981689453,166.25999450683594,166.88999938964844,1428900,VTV
2024-08-16,162.31222534179688,167.69000244140625,167.8000030517578,166.80999755859375,167.25,1451800,VTV
2024-08-19,163.37693786621094,168.7899932861328,168.85000610351562,167.8000030517578,167.80999755859375,1387300,VTV
2024-08-20,162.90264892578125,168.3000030517578,168.7899932861328,168.0800018310547,168.72000122070312,1279100,VTV
2024-08-21,163.52212524414062,168.94000244140625,169.0800018310547,168.27000427246094,168.8699951171875,1250000,VTV
2024-08-22,163.22207641601562,168.6300048828125,169.60000610351562,168.2100067138672,169.35000610351562,1848800,VTV
2024-08-23,165.03208923339844,170.5,170.61000061035156,169.13999938964844,169.4499969482422,1279200,VTV
2024-08-26,165.23538208007812,170.7100067138672,171.57000732421875,170.42999267578125,170.94000244140625,1196000,VTV
2024-08-27,165.3127899169922,170.7899932861328,170.85000610351562,170.2899932861328,170.57000732421875,1007300,VTV
2024-08-28,165.1482391357422,170.6199951171875,171.3699951171875,169.75999450683594,170.5800018310547,1426700,VTV
2024-08-29,165.67095947265625,171.16000366210938,171.97999572753906,170.0800018310547,171.05999755859375,1487600,VTV
2024-08-30,167.30674743652344,172.85000610351562,172.97999572753906,170.91000366210938,171.64999389648438,1808600,VTV
2024-09-03,165.47735595703125,170.9600067138672,172.50999450683594,170.36000061035156,172.1300048828125,2203500,VTV
2024-09-04,165.38055419921875,170.86000061035156,171.85000610351562,170.3800048828125,170.77999877929688,1548100,VTV
2024-09-05,164.15127563476562,169.58999633789062,171.25999450683594,168.88999938964844,171.14999389648438,2455500,VTV
2024-09-06,162.05087280273438,167.4199981689453,169.99000549316406,167.17999267578125,169.32000732421875,2549000,VTV
2024-09-09,163.76409912109375,169.19000244140625,169.86000061035156,167.9600067138672,168.27999877929688,1402400,VTV
2024-09-10,163.94801330566406,169.3800048828125,169.8000030517578,168.1199951171875,169.6699981689453,1562200,VTV
2024-09-11,163.76409912109375,169.19000244140625,169.41000366210938,165.9600067138672,168.9199981689453,1790400,VTV
2024-09-12,164.75140380859375,170.2100067138672,170.24000549316406,168.52999877929688,169.44000244140625,1731800,VTV
2024-09-13,165.93226623535156,171.42999267578125,171.64999389648438,170.67999267578125,170.83999633789062,1264400,VTV
2024-09-16,167.24864196777344,172.7899932861328,172.86000061035156,171.83999633789062,171.97000122070312,1783600,VTV
2024-09-17,167.18089294433594,172.72000122070312,173.61000061035156,172.14999389648438,172.99000549316406,1344300,VTV
2024-09-18,166.81307983398438,172.33999633789062,174.35000610351562,172.1699981689453,172.8000030517578,1356300,VTV
2024-09-19,168.27467346191406,173.85000610351562,174.4199981689453,173.05999755859375,174.22000122070312,1323200,VTV
2024-09-20,168.11978149414062,173.69000244140625,173.77999877929688,172.77999877929688,173.38999938964844,1632700,VTV
2024-09-23,168.71022033691406,174.3000030517578,174.50999450683594,173.8300018310547,174.14999389648438,1460700,VTV
2024-09-24,168.78768920898438,174.3800048828125,174.77000427246094,173.99000549316406,174.47000122070312,1350300,VTV
2024-09-25,167.78102111816406,173.33999633789062,174.8000030517578,173.0399932861328,174.52999877929688,1458100,VTV
2024-09-26,168.7190399169922,173.38999938964844,173.61000061035156,172.89999389648438,173.05999755859375,1310000,VTV
2024-09-27,169.2639617919922,173.9499969482422,174.9199981689453,173.77000427246094,173.99000549316406,2262500,VTV
2024-09-30,169.86724853515625,174.57000732421875,174.72000122070312,173.0,173.92999267578125,3446300,VTV
2024-10-01,169.45855712890625,174.14999389648438,174.64999389648438,173.32000732421875,174.39999389648438,1328000,VTV
2024-10-02,169.341796875,174.02999877929688,174.42999267578125,173.25999450683594,174.10000610351562,1353700,VTV
2024-10-03,168.60227966308594,173.27000427246094,173.72999572753906,172.67999267578125,173.58999633789062,1152200,VTV
2024-10-04,169.91590881347656,174.6199951171875,174.6699981689453,173.27000427246094,174.08999633789062,1013900,VTV
2024-10-07,168.64120483398438,173.30999755859375,174.38999938964844,172.7899932861328,174.25,1649200,VTV
2024-10-08,168.82608032226562,173.5,173.75,172.88999938964844,173.49000549316406,1170400,VTV
2024-10-09,170.3051300048828,175.02000427246094,175.2100067138672,173.1999969482422,173.50999450683594,2245500,VTV
2024-10-10,169.77967834472656,174.47999572753906,175.02000427246094,174.1199951171875,174.97000122070312,1536600,VTV
2024-10-11,171.56039428710938,176.30999755859375,176.39999389648438,174.77999877929688,174.9199981689453,1502400,VTV
2024-10-14,172.63076782226562,177.41000366210938,177.5399932861328,175.97000122070312,176.33999633789062,1474500,VTV
2024-10-15,171.70635986328125,176.4600067138672,177.97000122070312,176.32000732421875,176.92999267578125,1723200,VTV
2024-10-16,172.9615936279297,177.75,177.97000122070312,176.7100067138672,176.83999633789062,1582200,VTV
2024-10-17,172.78646850585938,177.57000732421875,178.17999267578125,177.42999267578125,177.99000549316406,1599200,VTV
2024-10-18,173.0297088623047,177.82000732421875,177.91000366210938,176.9499969482422,177.5399932861328,3218900,VTV
2024-10-21,171.37550354003906,176.1199951171875,177.82000732421875,175.91000366210938,177.5500030517578,1633000,VTV
2024-10-22,171.12249755859375,175.86000061035156,176.13999938964844,174.8800048828125,175.50999450683594,1975700,VTV
2024-10-23,170.73329162597656,175.4600067138672,175.99000549316406,174.57000732421875,175.4600067138672,1167800,VTV
2024-10-24,170.14942932128906,174.86000061035156,175.57000732421875,174.35000610351562,175.4499969482422,1145000,VTV
2024-10-25,168.9525909423828,173.6300048828125,175.72000122070312,173.5,175.57000732421875,1187500,VTV
2024-10-28,169.8769989013672,174.5800018310547,174.77000427246094,174.02000427246094,174.02999877929688,1100000,VTV
2024-10-29,168.74822998046875,173.4199981689453,174.27999877929688,173.33999633789062,173.88999938964844,1295500,VTV
2024-10-30,168.6314697265625,173.3000030517578,174.1199951171875,172.9499969482422,173.0500030517578,1034300,VTV
2024-10-31,167.52220153808594,172.16000366210938,173.38999938964844,172.16000366210938,172.99000549316406,1674400,VTV
2024-11-01,167.56109619140625,172.1999969482422,173.72000122070312,172.0500030517578,173.0500030517578,1268000,VTV
2024-11-04,167.1232147216797,171.75,172.64999389648438,171.19000244140625,172.32000732421875,1635300,VTV
2024-11-05,168.8942108154297,173.57000732421875,173.61000061035156,171.52000427246094,171.80999755859375,1910000,VTV
2024-11-06,173.4384002685547,178.24000549316406,178.52999877929688,176.83999633789062,178.42999267578125,2753200,VTV
2024-11-07,172.9226531982422,177.7100067138672,178.6199951171875,177.35000610351562,178.5800018310547,2115800,VTV
2024-11-08,173.91517639160156,178.72999572753906,179.25999450683594,177.77999877929688,178.0800018310547,3111100,VTV
2024-11-11,174.3433380126953,179.1699981689453,180.05999755859375,179.05999755859375,179.27999877929688,1613000,VTV
2024-11-12,172.98104858398438,177.77000427246094,179.25999450683594,177.4600067138672,179.22999572753906,1502900,VTV
2024-11-13,173.20484924316406,178.0,178.52999877929688,177.50999450683594,178.05999755859375,1692000,VTV
2024-11-14,171.97882080078125,176.74000549316406,178.27000427246094,176.67999267578125,178.2100067138672,3231500,VTV
2024-11-15,171.39495849609375,176.13999938964844,176.9499969482422,175.7899932861328,176.3699951171875,1782400,VTV
2024-11-18,172.18313598632812,176.9499969482422,177.2100067138672,176.0800018310547,176.38999938964844,1603800,VTV
2024-11-19,171.51171875,176.25999450683594,176.63999938964844,175.14999389648438,175.85000610351562,1516100,VTV
2024-11-20,171.86203002929688,176.6199951171875,176.75,175.49000549316406,176.57000732421875,1405800,VTV
2024-11-21,173.9541015625,178.77000427246094,179.17999267578125,176.67999267578125,177.0800018310547,1742000,VTV
2024-11-22,175.2288360595703,180.0800018310547,180.25,178.85000610351562,178.9600067138672,1578900,VTV
2024-11-25,176.32838439941406,181.2100067138672,181.92999267578125,180.75999450683594,181.05999755859375,1475100,VTV
2024-11-26,176.4548797607422,181.33999633789062,181.5399932861328,180.25999450683594,181.07000732421875,1559900,VTV
2024-11-27,176.37704467773438,181.25999450683594,182.3300018310547,181.1999969482422,181.66000366210938,1434500,VTV
2024-11-29,176.97059631347656,181.8699951171875,182.3800048828125,181.55999755859375,181.6199951171875,625400,VTV
2024-12-02,175.79319763183594,180.66000366210938,181.9499969482422,180.2100067138672,181.7899932861328,1866000,VTV
2024-12-03,174.87850952148438,179.72000122070312,181.13999938964844,179.72000122070312,181.1199951171875,1646700,VTV
2024-12-04,174.2849578857422,179.11000061035156,179.99000549316406,178.57000732421875,179.9199981689453,2726100,VTV
2024-12-05,173.9541015625,178.77000427246094,179.63999938964844,178.6999969482422,179.27999877929688,1672100,VTV
2024-12-06,173.4967803955078,178.3000030517578,179.25,178.1300048828125,179.1999969482422,1532500,VTV
2024-12-09,172.46534729003906,177.24000549316406,178.77000427246094,177.16000366210938,178.6699981689453,1716400,VTV
2024-12-10,171.29763793945312,176.0399932861328,177.08999633789062,175.61000061035156,177.0,1648300,VTV
2024-12-11,170.7916717529297,175.52000427246094,176.58999633789062,175.4600067138672,176.58999633789062,2423400,VTV
2024-12-12,169.99375915527344,174.6999969482422,175.80999755859375,174.69000244140625,175.64999389648438,1697100,VTV
2024-12-13,170.34405517578125,175.05999755859375,175.47000122070312,174.64999389648438,175.35000610351562,1367700,VTV
2024-12-16,169.7310333251953,174.42999267578125,175.8000030517578,174.22999572753906,175.36000061035156,2305500,VTV
2024-12-17,168.62173461914062,173.2899932861328,173.88999938964844,172.85000610351562,173.52999877929688,1964300,VTV
2024-12-18,164.35972595214844,168.91000366210938,173.66000366210938,168.83999633789062,173.4499969482422,2398100,VTV
2024-12-19,163.78564453125,168.32000732421875,170.57000732421875,168.27999877929688,169.83999633789062,2554800,VTV
2024-12-20,165.70254516601562,170.2899932861328,171.50999450683594,167.82000732421875,168.16000366210938,3038500,VTV
2024-12-23,166.2604217529297,169.8800048828125,170.02999877929688,168.24000549316406,169.11000061035156,2698800,VTV
2024-12-24,167.65016174316406,171.3000030517578,171.36000061035156,169.77999877929688,170.1300048828125,2055000,VTV
2024-12-26,168.02206420898438,171.67999267578125,171.8300018310547,170.60000610351562,170.8699951171875,2724400,VTV
2024-12-27,167.0335693359375,170.6699981689453,171.77999877929688,169.88999938964844,170.94000244140625,2653200,VTV
2024-12-30,165.34043884277344,168.94000244140625,169.6199951171875,167.83999633789062,169.4199981689453,2514800,VTV
2024-12-31,165.69276428222656,169.3000030517578,169.9199981689453,168.6300048828125,169.42999267578125,3187000,VTV
2025-01-02,165.4578857421875,169.05999755859375,170.72000122070312,168.32000732421875,170.3000030517578,2533300,VTV
2025-01-03,166.73019409179688,170.36000061035156,170.63999938964844,169.05999755859375,169.7899932861328,1721700,VTV
2025-01-06,166.4952850341797,170.1199951171875,171.77000427246094,169.8000030517578,170.9499969482422,2368200,VTV
2025-01-07,166.37786865234375,170.0,171.30999755859375,169.47000122070312,170.85000610351562,2218500,VTV
2025-01-08,166.53445434570312,170.16000366210938,170.25,168.67999267578125,169.64999389648438,2055400,VTV
2025-01-10,164.1562042236328,167.72999572753906,169.67999267578125,167.52000427246094,169.24000549316406,2659300,VTV
2025-01-13,165.63406372070312,169.24000549316406,169.30999755859375,167.36000061035156,167.38999938964844,3199700,VTV
2025-01-14,166.92591857910156,170.55999755859375,170.63999938964844,169.14999389648438,169.86000061035156,2790200,VTV
2025-01-15,168.77566528320312,172.4499969482422,173.02000427246094,171.9199981689453,172.80999755859375,2367900,VTV
2025-01-16,169.9990234375,173.6999969482422,173.77999877929688,172.19000244140625,172.5800018310547,2827900,VTV
2025-01-17,170.9581298828125,174.67999267578125,175.17999267578125,173.9600067138672,174.32000732421875,2807200,VTV
2025-01-21,173.11126708984375,176.8800048828125,176.88999938964844,175.49000549316406,175.49000549316406,2943300,VTV
2025-01-22,172.22067260742188,175.97000122070312,177.1199951171875,175.94000244140625,177.11000061035156,2017400,VTV
2025-01-23,173.52232360839844,177.3000030517578,177.3000030517578,176.00999450683594,176.30999755859375,1723700,VTV
2025-01-24,173.47337341308594,177.25,177.75999450683594,176.92999267578125,177.22000122070312,1804100,VTV
2025-01-27,173.82569885253906,177.61000061035156,177.61000061035156,176.1699981689453,176.22000122070312,3837600,VTV
2025-01-28,172.36744689941406,176.1199951171875,177.52999877929688,175.9199981689453,177.52999877929688,1905400,VTV
2025-01-29,172.18150329589844,175.92999267578125,177.22000122070312,175.60000610351562,176.16000366210938,2279200,VTV
2025-01-30,173.98228454589844,177.77000427246094,178.1999969482422,176.6699981689453,177.00999450683594,2605200,VTV
2025-01-31,172.9351043701172,176.6999969482422,178.25,176.47999572753906,177.7100067138672,2599500,VTV
2025-02-03,172.42617797851562,176.17999267578125,176.77999877929688,173.85000610351562,174.38999938964844,3780000,VTV
2025-02-04,172.42617797851562,176.17999267578125,176.4600067138672,175.44000244140625,175.6199951171875,2285500,VTV
2025-02-05,173.79635620117188,177.5800018310547,177.63999938964844,175.92999267578125,176.9499969482422,4200000,VTV
2025-02-06,173.56146240234375,177.33999633789062,178.24000549316406,176.47000122070312,178.24000549316406,1716400,VTV
2025-02-07,172.44573974609375,176.1999969482422,177.83999633789062,176.08999633789062,177.82000732421875,2652100,VTV
2025-02-10,173.08189392089844,176.85000610351562,176.9499969482422,175.85000610351562,176.9499969482422,2249600,VTV
2025-02-11,173.70826721191406,177.49000549316406,177.50999450683594,176.08999633789062,176.4600067138672,2638600,VTV
2025-02-12,172.73936462402344,176.5,176.8699951171875,175.75,176.05999755859375,2700600,VTV
2025-02-13,173.99209594726562,177.77999877929688,177.9199981689453,176.47999572753906,176.8800048828125,2739600,VTV
2025-02-14,173.59080505371094,177.3699951171875,178.47000122070312,177.2899932861328,178.02000427246094,1765000,VTV
2025-02-18,174.54995727539062,178.35000610351562,178.38999938964844,177.02000427246094,177.38999938964844,2529400,VTV
2025-02-19,175.39161682128906,179.2100067138672,179.25999450683594,177.92999267578125,178.0800018310547,1871900,VTV
2025-02-20,174.598876953125,178.39999389648438,178.6699981689453,177.38999938964844,178.6699981689453,2347700,VTV
2025-02-21,172.582763671875,176.33999633789062,178.10000610351562,176.1300048828125,178.10000610351562,1991200,VTV
2025-02-24,172.7491455078125,176.50999450683594,177.41000366210938,176.30999755859375,176.8800048828125,2048000,VTV
2025-02-25,173.16998291015625,176.94000244140625,177.52999877929688,175.88999938964844,176.8699951171875,2322500,VTV
2025-02-26,172.52403259277344,176.27999877929688,177.57000732421875,175.82000732421875,177.08999633789062,1994000,VTV
2025-02-27,171.93682861328125,175.67999267578125,177.77999877929688,175.58999633789062,176.4499969482422,1969500,VTV
2025-02-28,174.33462524414062,178.1300048828125,178.25,175.22000122070312,176.24000549316406,3851700,VTV
2025-03-03,172.7295684814453,176.49000549316406,179.10000610351562,175.4199981689453,178.5800018310547,3933500,VTV
2025-03-04,169.25521850585938,172.94000244140625,175.72999572753906,172.57000732421875,175.42999267578125,3521600,VTV
2025-03-05,170.66453552246094,174.3800048828125,174.82000732421875,172.13999938964844,172.88999938964844,2923600,VTV
2025-03-06,169.22584533691406,172.91000366210938,173.75,171.83999633789062,172.80999755859375,3818400,VTV
2025-03-07,170.7330322265625,174.4499969482422,174.9199981689453,172.4199981689453,172.52000427246094,2592500,VTV
2025-03-10,168.62884521484375,172.3000030517578,174.57000732421875,171.0,172.92999267578125,3030400,VTV
2025-03-11,166.5736083984375,170.1999969482422,172.19000244140625,169.3800048828125,172.0399932861328,3935300,VTV
2025-03-12,165.82980346679688,169.44000244140625,171.0,168.5,170.8800048828125,2857500,VTV
2025-03-13,164.9783172607422,168.57000732421875,170.38999938964844,168.02999877929688,169.5500030517578,3063200,VTV
2025-03-14,167.65016174316406,171.3000030517578,171.57000732421875,168.94000244140625,169.47000122070312,2152200,VTV
2025-03-17,169.88157653808594,173.5800018310547,173.99000549316406,170.99000549316406,170.99000549316406,1934200,VTV
2025-03-18,169.03990173339844,172.72000122070312,173.5,172.1300048828125,173.30999755859375,2476800,VTV
2025-03-19,170.06752014160156,173.77000427246094,174.49000549316406,172.38999938964844,172.94000244140625,3914000,VTV
2025-03-20,169.7249755859375,173.4199981689453,174.25999450683594,172.67999267578125,172.97000122070312,2599500,VTV
2025-03-21,168.81480407714844,172.49000549316406,172.9499969482422,171.4199981689453,172.57000732421875,4108700,VTV
2025-03-24,170.83091735839844,174.5500030517578,174.8300018310547,173.61000061035156,173.9499969482422,1780800,VTV
2025-03-25,170.32199096679688,174.02999877929688,174.97000122070312,173.3800048828125,174.77999877929688,2302000,VTV
2025-03-26,170.5275115966797,174.24000549316406,175.39999389648438,173.7899932861328,174.49000549316406,2425100,VTV
2025-03-27,170.15640258789062,172.85000610351562,173.75999450683594,172.2899932861328,173.00999450683594,1550100,VTV
2025-03-28,168.16786193847656,170.8300018310547,173.0399932861328,170.61000061035156,172.67999267578125,3299500,VTV
2025-03-31,170.04812622070312,172.74000549316406,173.5,170.0399932861328,170.0399932861328,3605900,VTV
2025-04-01,169.65432739257812,172.33999633789062,173.0500030517578,170.86000061035156,172.25,4784100,VTV
2025-04-02,170.57969665527344,173.27999877929688,173.5500030517578,171.25,171.3699951171875,3737000,VTV
2025-04-03,164.24005126953125,166.83999633789062,170.3800048828125,166.75,169.5500030517578,5798400,VTV
2025-04-04,154.49432373046875,156.94000244140625,163.86000061035156,156.7100067138672,163.49000549316406,6873800,VTV
2025-04-07,153.23428344726562,155.66000366210938,160.58999633789062,150.42999267578125,152.9499969482422,10121200,VTV
2025-04-08,151.27528381347656,153.6699981689453,160.69000244140625,151.5800018310547,160.50999450683594,5902600,VTV
2025-04-09,161.3163299560547,163.8699951171875,164.66000366210938,151.24000549316406,151.9499969482422,5819100,VTV
2025-04-10,157.10301208496094,159.58999633789062,161.77999877929688,155.38999938964844,161.77999877929688,7993500,VTV
2025-04-11,159.30810546875,161.8300018310547,162.72000122070312,158.00999450683594,159.24000549316406,3828600,VTV
2025-04-14,161.40493774414062,163.9600067138672,164.63999938964844,162.4199981689453,163.8300018310547,3975600,VTV
2025-04-15,160.70599365234375,163.25,165.1199951171875,163.19000244140625,164.22000122070312,2834600,VTV
2025-04-16,158.8651580810547,161.3800048828125,163.97999572753906,160.41000366210938,163.27000427246094,2828200,VTV
2025-04-17,159.2392120361328,161.75999450683594,163.16000366210938,160.72000122070312,160.83999633789062,2984500,VTV
2025-04-21,156.276123046875,158.75,161.2100067138672,157.08999633789062,161.00999450683594,3837100,VTV
2025-04-22,159.8003387451172,162.3300018310547,162.6699981689453,160.0500030517578,160.13999938964844,2782000,VTV
2025-04-23,160.804443359375,163.35000610351562,166.32000732421875,162.7899932861328,164.85000610351562,3442100,VTV
2025-04-24,162.50747680664062,165.0800018310547,165.3300018310547,162.5,163.19000244140625,1916700,VTV
2025-04-25,162.1826171875,164.75,164.97000122070312,163.33999633789062,164.77999877929688,2109100,VTV
2025-04-28,162.7141876220703,165.2899932861328,166.02999877929688,164.0399932861328,165.08999633789062,1711500,VTV
2025-04-29,163.66908264160156,166.25999450683594,166.6199951171875,164.7100067138672,164.8699951171875,2516100,VTV
2025-04-30,163.88565063476562,166.47999572753906,167.0,163.33999633789062,165.47000122070312,3442600,VTV
2025-05-01,163.4918975830078,166.0800018310547,167.3000030517578,165.3699951171875,166.00999450683594,2155300,VTV
2025-05-02,165.92340087890625,168.5500030517578,169.02000427246094,167.49000549316406,168.00999450683594,2183000,VTV
2025-05-05,165.07681274414062,167.69000244140625,168.5500030517578,166.94000244140625,167.72000122070312,2326400,VTV
2025-05-06,163.97425842285156,166.57000732421875,167.82000732421875,166.1999969482422,166.75999450683594,3458900,VTV
2025-05-07,164.998046875,167.61000061035156,168.32000732421875,166.77999877929688,167.1999969482422,2875500,VTV
2025-05-08,165.6871337890625,168.30999755859375,169.94000244140625,167.8300018310547,168.36000061035156,2676800,VTV
2025-05-09,165.41151428222656,168.02999877929688,168.85000610351562,167.8300018310547,168.8300018310547,1991300,VTV
2025-05-12,168.86680603027344,171.5399932861328,171.77999877929688,170.5,171.52999877929688,2356600,VTV
2025-05-13,168.03990173339844,170.6999969482422,171.50999450683594,170.69000244140625,171.32000732421875,2491700,VTV
2025-05-14,166.81922912597656,169.4600067138672,170.66000366210938,169.25,170.66000366210938,2810700,VTV
2025-05-15,168.7683563232422,171.44000244140625,171.50999450683594,169.10000610351562,169.22999572753906,2744900,VTV
2025-05-16,170.40249633789062,173.10000610351562,173.10000610351562,171.0800018310547,171.49000549316406,1621500,VTV
2025-05-19,170.6190643310547,173.32000732421875,173.52999877929688,171.83999633789062,172.0,1769000,VTV
2025-05-20,170.2843475341797,172.97999572753906,173.5399932861328,172.42999267578125,173.02999877929688,2636900,VTV
2025-05-21,167.23268127441406,169.8800048828125,172.19000244140625,169.82000732421875,171.99000549316406,2366800,VTV
2025-05-22,166.5435791015625,169.17999267578125,170.08999633789062,168.38999938964844,169.42999267578125,2346500,VTV
2025-05-23,166.40574645996094,169.0399932861328,169.4199981689453,167.6300048828125,167.88999938964844,2619400,VTV
2025-05-27,168.95541381835938,171.6300048828125,171.67999267578125,169.8300018310547,170.55999755859375,1767500,VTV
2025-05-28,167.7150421142578,170.3699951171875,171.8800048828125,170.11000061035156,171.64999389648438,2832500,VTV
2025-05-29,168.45333862304688,171.1199951171875,171.17999267578125,169.61000061035156,170.8300018310547,3177100,VTV
2025-05-30,168.71914672851562,171.38999938964844,171.89999389648438,170.08999633789062,170.7899932861328,2773800,VTV
2025-06-02,168.99476623535156,171.6699981689453,171.72999572753906,169.61000061035156,171.02999877929688,2538200,VTV
2025-06-03,169.89060974121094,172.5800018310547,172.7100067138672,170.9499969482422,171.30999755859375,2694100,VTV
2025-06-04,169.01446533203125,171.69000244140625,172.9600067138672,171.6699981689453,172.85000610351562,2570800,VTV
2025-06-05,168.65023803710938,171.32000732421875,172.30999755859375,170.9499969482422,172.11000061035156,1958700,VTV
2025-06-06,170.32374572753906,173.02000427246094,173.39999389648438,172.4199981689453,172.64999389648438,2317900,VTV
2025-06-09,170.40249633789062,173.10000610351562,173.82000732421875,172.55999755859375,173.32000732421875,2204100,VTV
2025-06-10,171.29830932617188,174.00999450683594,174.25,173.10000610351562,173.10000610351562,1780700,VTV
2025-06-11,171.02268981933594,173.72999572753906,174.3800048828125,173.25,174.25,2154000,VTV
2025-06-12,172.02679443359375,174.75,174.77999877929688,173.02999877929688,173.55999755859375,2322900,VTV
2025-06-13,170.6781463623047,173.3800048828125,174.67999267578125,172.97999572753906,173.82000732421875,2202400,VTV
2025-06-16,171.50503540039062,174.22000122070312,175.07000732421875,173.85000610351562,174.19000244140625,2448000,VTV
2025-06-17,170.0874786376953,172.77999877929688,174.10000610351562,172.63999938964844,173.57000732421875,1874300,VTV
2025-06-18,170.34341430664062,173.0399932861328,174.05999755859375,172.5800018310547,173.1199951171875,1792800,VTV
2025-06-20,170.6387481689453,173.33999633789062,174.10000610351562,173.07000732421875,173.6999969482422,1656100,VTV
2025-06-23,171.8988037109375,174.6199951171875,174.72000122070312,172.60000610351562,173.49000549316406,2518000,VTV
2025-06-24,173.1785430908203,175.9199981689453,176.3300018310547,174.97999572753906,175.19000244140625,2362700,VTV
2025-06-25,172.24334716796875,174.97000122070312,175.77000427246094,174.74000549316406,175.5,2307700,VTV
2025-06-26,173.4344940185547,176.17999267578125,176.3300018310547,175.3300018310547,175.42999267578125,3271100,VTV
2025-06-27,173.9168701171875,176.6699981689453,177.5500030517578,175.99000549316406,176.42999267578125,2701300,VTV
2025-06-30,174.9403533935547,176.74000549316406,176.92999267578125,175.8300018310547,176.35000610351562,2730600,VTV
2025-07-01,176.74180603027344,178.55999755859375,178.99000549316406,176.39999389648438,176.50999450683594,3812000,VTV
2025-07-02,176.8704833984375,178.69000244140625,178.72999572753906,177.8300018310547,178.57000732421875,3793700,VTV
2025-07-03,177.8009033203125,179.6300048828125,179.9499969482422,178.85000610351562,179.2100067138672,1670100,VTV
2025-07-07,176.38546752929688,178.1999969482422,179.47999572753906,177.3699951171875,179.32000732421875,2666700,VTV
2025-07-08,176.29638671875,178.11000061035156,178.64999389648438,177.8300018310547,178.11000061035156,2341400,VTV
2025-07-09,176.43495178222656,178.25,178.67999267578125,177.4499969482422,178.52000427246094,1849000,VTV
2025-07-10,177.5732421875,179.39999389648438,179.77000427246094,178.0800018310547,178.36000061035156,1960200,VTV
2025-07-11,176.44485473632812,178.25999450683594,178.6199951171875,177.72999572753906,178.5,2222300,VTV
2025-07-14,176.62301635742188,178.44000244140625,178.4600067138672,177.5399932861328,177.92999267578125,1907500,VTV
2025-07-15,174.2969512939453,176.08999633789062,178.5500030517578,176.05999755859375,178.32000732421875,3112800,VTV
2025-07-16,175.16798400878906,176.97000122070312,177.10000610351562,175.17999267578125,176.66000366210938,2487300,VTV
2025-07-17,176.1380157470703,177.9499969482422,178.07000732421875,176.55999755859375,176.80999755859375,2118800,VTV
2025-07-18,175.85096740722656,177.66000366210938,178.50999450683594,177.36000061035156,178.0800018310547,3294000,VTV
2025-07-21,175.62330627441406,177.42999267578125,178.64999389648438,177.33999633789062,178.10000610351562,2097300,VTV
2025-07-22,177.04864501953125,178.8699951171875,179.0399932861328,177.30999755859375,177.30999755859375,2699600,VTV
2025-07-23,178.73133850097656,180.57000732421875,180.61000061035156,179.5399932861328,179.66000366210938,2745900,VTV
2025-07-24,178.05825805664062,179.88999938964844,180.77999877929688,179.8300018310547,180.22000122070312,3140500,VTV
2025-07-25,178.82041931152344,180.66000366210938,180.74000549316406,179.50999450683594,180.02999877929688,2172200,VTV
2025-07-28,177.9097900390625,179.74000549316406,180.47999572753906,179.42999267578125,180.47999572753906,2580400,VTV
2025-07-29,177.88998413085938,179.72000122070312,180.1699981689453,179.30999755859375,179.97000122070312,3051000,VTV
2025-07-30,176.89028930664062,178.7100067138672,179.97000122070312,177.86000061035156,179.72000122070312,3240700,VTV
2025-07-31,175.23727416992188,177.0399932861328,178.97999572753906,176.7100067138672,177.9499969482422,5324400,VTV
2025-08-01,173.7228546142578,175.50999450683594,176.1999969482422,174.35000610351562,176.17999267578125,3839900,VTV
2025-08-04,175.3758544921875,177.17999267578125,177.19000244140625,175.80999755859375,176.02999877929688,3035600,VTV
2025-08-05,175.39564514160156,177.1999969482422,177.69000244140625,176.3699951171875,177.32000732421875,3237400,VTV
2025-08-06,175.22738647460938,177.02999877929688,177.66000366210938,176.63999938964844,177.41000366210938,3329800,VTV
2025-08-07,175.07891845703125,176.8800048828125,178.22000122070312,176.22999572753906,177.9499969482422,4809600,VTV
2025-08-08,176.1776123046875,177.99000549316406,178.27000427246094,177.3000030517578,177.33999633789062,2917200,VTV
2025-08-11,175.82127380371094,177.6300048828125,178.72999572753906,177.27999877929688,178.22999572753906,2799000,VTV
2025-08-12,177.6029510498047,179.42999267578125,179.52000427246094,178.10000610351562,178.13999938964844,2227200,VTV
2025-08-13,178.96888732910156,180.80999755859375,180.8800048828125,179.7100067138672,179.99000549316406,2957300,VTV
2025-08-14,178.63235473632812,180.47000122070312,180.60000610351562,179.4600067138672,180.0,2316300,VTV
2025-08-15,178.4145965576172,180.25,181.11000061035156,180.02000427246094,181.07000732421875,1890100,VTV
2025-08-18,178.4442901611328,180.27999877929688,180.66000366210938,180.0,180.25,1912300,VTV
2025-08-19,179.28562927246094,181.1300048828125,181.77999877929688,180.3000030517578,180.41000366210938,2601400,VTV
2025-08-20,179.79043579101562,181.63999938964844,182.02000427246094,181.00999450683594,181.30999755859375,3871900,VTV
2025-08-21,179.1074676513672,180.9499969482422,181.52999877929688,180.4600067138672,181.11000061035156,2543000,VTV
2025-08-22,181.63150024414062,183.5,183.92999267578125,181.8800048828125,181.8800048828125,2696300,VTV
2025-08-25,180.1764678955078,182.02999877929688,183.4199981689453,182.02999877929688,183.33999633789062,2104500,VTV
2025-08-26,180.67138671875,182.52999877929688,182.6699981689453,181.7100067138672,181.91000366210938,1922900,VTV
2025-08-27,181.2058868408203,183.07000732421875,183.3300018310547,182.25999450683594,182.38999938964844,1902400,VTV
2025-08-28,181.28504943847656,183.14999389648438,183.38999938964844,182.44000244140625,183.36000061035156,1938200,VTV
2025-08-29,181.35435485839844,183.22000122070312,183.67999267578125,182.63999938964844,183.1300048828125,2207400,VTV
2025-09-02,180.74066162109375,182.60000610351562,182.60000610351562,181.07000732421875,182.14999389648438,5509900,VTV
2025-09-03,179.93890380859375,181.7899932861328,182.38999938964844,180.83999633789062,182.0,3782600,VTV
2025-09-04,181.27517700195312,183.13999938964844,183.13999938964844,181.55999755859375,182.0399932861328,2728500,VTV
2025-09-05,180.69117736816406,182.5500030517578,183.9199981689453,181.7100067138672,183.27000427246094,3457800,VTV
2025-09-08,180.45362854003906,182.30999755859375,182.4199981689453,181.22000122070312,182.4199981689453,2812600,VTV
2025-09-09,180.61199951171875,182.47000122070312,182.85000610351562,181.9499969482422,182.1199951171875,2997600,VTV
2025-09-10,181.9383544921875,183.80999755859375,184.41000366210938,183.11000061035156,183.47000122070312,3547200,VTV
2025-09-11,184.16542053222656,186.05999755859375,186.24000549316406,183.97000122070312,184.19000244140625,2607200,VTV
2025-09-12,183.04693603515625,184.92999267578125,186.08999633789062,184.85000610351562,185.8000030517578,1910200,VTV
2025-09-15,182.69061279296875,184.57000732421875,185.57000732421875,184.36000061035156,185.39999389648438,4148000,VTV
2025-09-16,182.4926300048828,184.3699951171875,185.1699981689453,183.9600067138672,184.9199981689453,2514600,VTV
2025-09-17,183.28448486328125,185.1699981689453,186.3699951171875,184.11000061035156,184.8000030517578,4373900,VTV
2025-09-18,183.92788696289062,185.82000732421875,186.2899932861328,185.0,185.30999755859375,2988800,VTV
2025-09-19,183.78929138183594,185.67999267578125,186.13999938964844,185.0,186.1300048828125,2665200,VTV
2025-09-22,183.91796875,185.80999755859375,186.1300048828125,184.89999389648438,185.16000366210938,2671800,VTV
2025-09-23,184.36338806152344,186.25999450683594,187.19000244140625,185.8699951171875,185.8699951171875,2667200,VTV
2025-09-24,184.00704956054688,185.89999389648438,186.63999938964844,185.69000244140625,186.25999450683594,2400900,VTV
2025-09-25,183.1558074951172,185.0399932861328,185.7899932861328,184.49000549316406,185.6199951171875,2839400,VTV
2025-09-26,184.6702423095703,186.57000732421875,186.77000427246094,185.52000427246094,185.6699981689453,2483200,VTV
2025-09-29,184.80255126953125,185.75999450683594,186.1999969482422,185.07000732421875,186.1699981689453,3944900,VTV
2025-09-30,185.52879333496094,186.49000549316406,186.60000610351562,185.1199951171875,185.64999389648438,4248600,VTV
2025-10-01,185.90682983398438,186.8699951171875,187.11000061035156,185.75,186.13999938964844,2818400,VTV
2025-10-02,185.56858825683594,186.52999877929688,187.05999755859375,185.89999389648438,186.57000732421875,2323000,VTV
2025-10-03,186.5634307861328,187.52999877929688,188.42999267578125,186.85000610351562,186.8800048828125,2008000,VTV
2025-10-06,186.36447143554688,187.3300018310547,188.14999389648438,187.00999450683594,188.08999633789062,2135200,VTV
2025-10-07,186.19534301757812,187.16000366210938,187.8800048828125,186.6300048828125,187.66000366210938,2726900,VTV
2025-10-08,186.10581970214844,187.07000732421875,187.6699981689453,186.4499969482422,187.47000122070312,2192300,VTV
2025-10-09,185.091064453125,186.0500030517578,187.6699981689453,185.74000549316406,187.3300018310547,2215000,VTV
2025-10-10,181.9274444580078,182.8699951171875,186.91000366210938,182.8300018310547,186.7100067138672,4942300,VTV
2025-10-13,183.58883666992188,184.5399932861328,185.00999450683594,183.6999969482422,183.8000030517578,2681600,VTV
2025-10-14,185.170654296875,186.1300048828125,186.91000366210938,183.27000427246094,183.55999755859375,3945400,VTV
2025-10-15,185.68795776367188,186.64999389648438,187.99000549316406,185.1999969482422,186.9199981689453,3002600,VTV
2025-10-16,183.76791381835938,184.72000122070312,187.08999633789062,184.1999969482422,186.97999572753906,5628500,VTV
2025-10-17,184.6831817626953,185.63999938964844,186.00999450683594,184.6199951171875,184.88999938964844,3981200,VTV
2025-10-20,186.05606079101562,187.02000427246094,187.22999572753906,186.33999633789062,186.33999633789062,2164200,VTV
2025-10-21,186.25503540039062,187.22000122070312,187.99000549316406,186.85000610351562,187.22000122070312,2139300,VTV
2025-10-22,185.68795776367188,186.64999389648438,187.4199981689453,185.92999267578125,187.41000366210938,3543300,VTV
2025-10-23,186.23513793945312,187.1999969482422,187.47000122070312,186.35000610351562,186.8800048828125,2512600,VTV
2025-10-24,187.16033935546875,188.1300048828125,188.63999938964844,188.02000427246094,188.3800048828125,2224100,VTV
2025-10-27,187.78709411621094,188.75999450683594,188.85000610351562,188.14999389648438,188.67999267578125,2383800,VTV
2025-10-28,186.52365112304688,187.49000549316406,188.58999633789062,187.39999389648438,188.58999633789062,4464800,VTV
2025-10-29,185.04132080078125,186.0,187.49000549316406,185.41000366210938,187.07000732421875,5397800,VTV
2025-10-30,184.6433868408203,185.60000610351562,187.32000732421875,185.32000732421875,185.32000732421875,4441800,VTV
2025-10-31,184.80255126953125,185.75999450683594,186.22999572753906,184.72999572753906,185.0,3812200,VTV
2025-11-03,183.92709350585938,184.8800048828125,185.75,183.47000122070312,185.5500030517578,4206900,VTV
2025-11-04,183.36997985839844,184.32000732421875,184.66000366210938,183.47999572753906,183.77999877929688,3065400,VTV
2025-11-05,184.25540161132812,185.2100067138672,185.82000732421875,184.24000549316406,184.4600067138672,2485800,VTV
2025-11-06,184.01663208007812,184.97000122070312,185.77000427246094,184.52999877929688,185.0,3909300,VTV
2025-11-07,185.20050048828125,186.16000366210938,186.19000244140625,184.35000610351562,184.8000030517578,4826100,VTV
2025-11-10,186.01626586914062,186.97999572753906,187.27999877929688,185.58999633789062,186.5500030517578,4209800,VTV
2025-11-11,187.54833984375,188.52000427246094,188.75999450683594,187.1300048828125,187.32000732421875,3207800,VTV
2025-11-12,188.45362854003906,189.42999267578125,189.97000122070312,188.61000061035156,188.6999969482422,3236200,VTV
2025-11-13,186.5634307861328,187.52999877929688,189.60000610351562,187.3300018310547,189.27999877929688,4890500,VTV
2025-11-14,186.18539428710938,187.14999389648438,187.89999389648438,186.08999633789062,186.92999267578125,5027100,VTV
2025-11-17,184.1061553955078,185.05999755859375,187.4499969482422,184.5800018310547,186.9600067138672,6068000,VTV
2025-11-18,184.0862579345703,185.0399932861328,186.10000610351562,184.17999267578125,184.55999755859375,8845200,VTV
2025-11-19,183.65847778320312,184.61000061035156,185.30999755859375,183.88999938964844,184.89999389648438,4889500,VTV
2025-11-20,181.9473419189453,182.88999938964844,186.72999572753906,182.80999755859375,186.0,8354600,VTV
2025-11-21,184.45436096191406,185.41000366210938,186.32000732421875,183.30999755859375,183.64999389648438,10862300,VTV
2025-11-24,184.3449249267578,185.3000030517578,186.22999572753906,184.6300048828125,185.67999267578125,6141000,VTV
2025-11-25,187.05091857910156,188.02000427246094,188.27999877929688,186.0,186.1199951171875,4515200,VTV
2025-11-26,188.25466918945312,189.22999572753906,189.86000061035156,188.0399932861328,188.2100067138672,2752000,VTV
2025-11-28,189.49822998046875,190.47999572753906,190.72999572753906,189.35000610351562,189.42999267578125,1434100,VTV
2025-12-01,188.17507934570312,189.14999389648438,190.5500030517578,189.0399932861328,189.75,3074900,VTV
2025-12-02,187.8766326904297,188.85000610351562,189.41000366210938,188.27000427246094,189.27999877929688,3097800,VTV
2025-12-03,189.607666015625,190.58999633789062,190.72999572753906,189.0500030517578,189.22999572753906,3254200,VTV
2025-12-04,189.5877685546875,190.57000732421875,190.94000244140625,190.02000427246094,190.5,3497100,VTV
2025-12-05,189.37884521484375,190.36000061035156,191.3800048828125,190.22000122070312,190.6199951171875,3212000,VTV
2025-12-08,188.46359252929688,189.44000244140625,190.5500030517578,189.16000366210938,190.49000549316406,2576400,VTV
2025-12-09,187.95620727539062,188.92999267578125,190.5,188.8699951171875,189.5399932861328,2601700,VTV
2025-12-10,190.57266235351562,191.55999755859375,191.9199981689453,188.97999572753906,189.16000366210938,4802500,VTV
2025-12-11,192.14451599121094,193.13999938964844,193.25999450683594,191.3800048828125,191.4199981689453,4244700,VTV
2025-12-12,191.5078125,192.5,193.77999877929688,192.0399932861328,193.64999389648438,5090600,VTV
2025-12-15,192.2340545654297,193.22999572753906,193.72999572753906,192.50999450683594,193.24000549316406,3627000,VTV
2025-12-16,190.37368774414062,191.36000061035156,193.2899932861328,190.8800048828125,193.19000244140625,4391900,VTV
2025-12-17,189.98570251464844,190.97000122070312,192.2100067138672,190.66000366210938,191.61000061035156,6098400,VTV
2025-12-18,189.8762664794922,190.86000061035156,192.3699951171875,190.5,191.69000244140625,3957100,VTV
2025-12-19,190.3140106201172,191.3000030517578,192.11000061035156,190.82000732421875,190.85000610351562,3546000,VTV
2025-12-22,191.77999877929688,191.77999877929688,191.94000244140625,190.66000366210938,190.88999938964844,2932900,VTV
2025-12-23,191.89999389648438,191.89999389648438,192.17999267578125,191.61000061035156,191.61000061035156,3045900,VTV
2025-12-24,192.8699951171875,192.8699951171875,193.1300048828125,191.9600067138672,192.1199951171875,2062800,VTV
2025-12-26,192.77999877929688,192.77999877929688,193.0,192.17999267578125,192.7899932861328,2264900,VTV
2025-12-29,192.58999633789062,192.58999633789062,193.02999877929688,192.27999877929688,192.66000366210938,3819100,VTV
2025-12-30,192.3699951171875,192.3699951171875,192.75999450683594,192.1999969482422,192.6199951171875,2172300,VTV
2025-12-31,190.99000549316406,190.99000549316406,192.47999572753906,190.97999572753906,192.36000061035156,1976300,VTV
2026-01-02,192.80999755859375,192.80999755859375,193.02999877929688,190.47000122070312,191.50999450683594,4845900,VTV
2026-01-05,194.64999389648438,194.64999389648438,195.13999938964844,193.0800018310547,193.24000549316406,5374000,VTV
2026-01-06,196.2899932861328,196.2899932861328,196.5800018310547,194.5,194.5,3128400,VTV
2026-01-07,194.02000427246094,194.02000427246094,196.52000427246094,193.82000732421875,196.33999633789062,3568800,VTV
2026-01-08,195.55999755859375,195.55999755859375,196.00999450683594,193.6199951171875,193.8000030517578,3561900,VTV
2026-01-09,196.82000732421875,196.82000732421875,197.19000244140625,195.99000549316406,196.02999877929688,3306400,VTV
2026-01-12,196.89999389648438,196.89999389648438,197.05999755859375,195.5500030517578,196.0800018310547,4079300,VTV
2026-01-13,196.58999633789062,196.58999633789062,197.5,196.00999450683594,197.3000030517578,10943400,VTV
2026-01-14,197.67999267578125,197.67999267578125,197.69000244140625,196.0800018310547,196.3000030517578,5011700,VTV
2026-01-15,198.41000366210938,198.41000366210938,198.97999572753906,197.8699951171875,198.22999572753906,3806400,VTV
2026-01-16,198.3699951171875,198.3699951171875,198.97000122070312,198.0500030517578,198.4600067138672,3215600,VTV
2026-01-20,195.72999572753906,195.72999572753906,197.39999389648438,195.36000061035156,196.47000122070312,4003800,VTV
2026-01-21,198.4600067138672,198.4600067138672,199.02000427246094,196.32000732421875,196.47000122070312,5389600,VTV
2026-01-22,198.77999877929688,198.77999877929688,199.6699981689453,198.39999389648438,198.91000366210938,3128800,VTV
2026-01-23,197.58999633789062,197.58999633789062,198.3300018310547,196.86000061035156,198.25,3054600,VTV
2026-01-26,198.25999450683594,198.25999450683594,198.57000732421875,197.77999877929688,197.92999267578125,2588500,VTV
2026-01-27,198.0449981689453,198.0449981689453,198.35000610351562,197.42999267578125,197.85000610351562,1556614,VTV
