Date,Adj Close,Close,High,Low,Open,Volume,SEC_ID
2005-05-10,13.806800842285156,23.510000228881836,23.799999237060547,23.5,23.71500015258789,148000,VWO
2005-05-11,13.886068344116211,23.645000457763672,23.649999618530273,23.405000686645508,23.575000762939453,41200,VWO
2005-05-12,13.63941478729248,23.225000381469727,23.68000030517578,23.155000686645508,23.600000381469727,106000,VWO
2005-05-13,13.60711669921875,23.170000076293945,23.325000762939453,23.0049991607666,23.295000076293945,83800,VWO
2005-05-16,13.698144912719727,23.325000762939453,23.3799991607666,23.09000015258789,23.145000457763672,42600,VWO
2005-05-17,13.715765953063965,23.354999542236328,23.40999984741211,23.149999618530273,23.260000228881836,139200,VWO
2005-05-18,14.050503730773926,23.924999237060547,24.030000686645508,23.459999084472656,23.459999084472656,518800,VWO
2005-05-19,13.991778373718262,23.825000762939453,23.905000686645508,23.735000610351562,23.854999542236328,54400,VWO
2005-05-20,13.85964584350586,23.600000381469727,23.704999923706055,23.524999618530273,23.665000915527344,70800,VWO
2005-05-23,13.874321937561035,23.625,23.684999465942383,23.459999084472656,23.559999465942383,56000,VWO
2005-05-24,13.871389389038086,23.6200008392334,23.6299991607666,23.450000762939453,23.600000381469727,49200,VWO
2005-05-25,13.818540573120117,23.530000686645508,23.625,23.3799991607666,23.625,64200,VWO
2005-05-26,13.874321937561035,23.625,23.729999542236328,23.549999237060547,23.635000228881836,45600,VWO
2005-05-27,14.053441047668457,23.93000030517578,23.94499969482422,23.780000686645508,23.829999923706055,69000,VWO
2005-05-31,13.9301176071167,23.719999313354492,23.8799991607666,23.649999618530273,23.875,130200,VWO
2005-06-01,14.006468772888184,23.850000381469727,23.885000228881836,23.450000762939453,23.5,194800,VWO
2005-06-02,14.129789352416992,24.059999465942383,24.059999465942383,23.864999771118164,23.920000076293945,271400,VWO
2005-06-03,14.094549179077148,24.0,24.25,23.940000534057617,24.059999465942383,46000,VWO
2005-06-06,14.217878341674805,24.209999084472656,24.229999542236328,24.040000915527344,24.149999618530273,91800,VWO
2005-06-07,14.1444673538208,24.084999084472656,24.274999618530273,24.06999969482422,24.165000915527344,228200,VWO
2005-06-08,14.082805633544922,23.979999542236328,24.204999923706055,23.975000381469727,24.170000076293945,52000,VWO
2005-06-09,14.18264389038086,24.149999618530273,24.18000030517578,23.950000762939453,24.040000915527344,81600,VWO
2005-06-10,14.191461563110352,24.165000915527344,24.325000762939453,24.049999237060547,24.315000534057617,69600,VWO
2005-06-13,14.18264389038086,24.149999618530273,24.235000610351562,24.049999237060547,24.135000228881836,112600,VWO
2005-06-14,14.235498428344727,24.239999771118164,24.2450008392334,24.125,24.15999984741211,45800,VWO
2005-06-15,14.438105583190918,24.584999084472656,24.584999084472656,24.334999084472656,24.485000610351562,59200,VWO
2005-06-16,14.655403137207031,24.954999923706055,24.9950008392334,24.6299991607666,24.6299991607666,88600,VWO
2005-06-17,14.702384948730469,25.03499984741211,25.045000076293945,24.850000381469727,24.940000534057617,61400,VWO
2005-06-20,14.652467727661133,24.950000762939453,25.045000076293945,24.795000076293945,24.950000762939453,333000,VWO
2005-06-21,14.567300796508789,24.80500030517578,24.875,24.774999618530273,24.875,120600,VWO
2005-06-22,14.684761047363281,25.0049991607666,25.040000915527344,24.889999389648438,25.040000915527344,63800,VWO
2005-06-23,14.467466354370117,24.635000228881836,25.030000686645508,24.5049991607666,25.010000228881836,129400,VWO
2005-06-24,14.388187408447266,24.5,24.719999313354492,24.5,24.684999465942383,49000,VWO
2005-06-27,14.446915626525879,24.600000381469727,24.704999923706055,24.5,24.59000015258789,124400,VWO
2005-06-28,14.564373016357422,24.799999237060547,24.844999313354492,24.639999389648438,24.690000534057617,35600,VWO
2005-06-29,14.517387390136719,24.719999313354492,24.719999313354492,24.565000534057617,24.665000915527344,136400,VWO
2005-06-30,14.4116792678833,24.540000915527344,24.75,24.5,24.7450008392334,87600,VWO
2005-07-01,14.543816566467285,24.764999389648438,24.795000076293945,24.579999923706055,24.774999618530273,23200,VWO
2005-07-05,14.567300796508789,24.80500030517578,24.80500030517578,24.309999465942383,24.450000762939453,233400,VWO
2005-07-06,14.455731391906738,24.614999771118164,24.704999923706055,24.549999237060547,24.575000762939453,174200,VWO
2005-07-07,14.446915626525879,24.600000381469727,24.610000610351562,24.2549991607666,24.389999389648438,71600,VWO
2005-07-08,14.535004615783691,24.75,24.780000686645508,24.549999237060547,24.600000381469727,35400,VWO
2005-07-11,14.769912719726562,25.149999618530273,25.239999771118164,24.899999618530273,24.899999618530273,96200,VWO
2005-07-12,14.9490385055542,25.454999923706055,25.5,25.274999618530273,25.274999618530273,57200,VWO
2005-07-13,14.946102142333984,25.450000762939453,25.475000381469727,25.375,25.434999465942383,42200,VWO
2005-07-14,15.037129402160645,25.604999542236328,25.795000076293945,25.489999771118164,25.790000915527344,66600,VWO
2005-07-15,14.963712692260742,25.479999542236328,25.545000076293945,25.375,25.475000381469727,57800,VWO
2005-07-18,14.922612190246582,25.40999984741211,25.55500030517578,25.40999984741211,25.46500015258789,51800,VWO
2005-07-19,15.075302124023438,25.670000076293945,25.674999237060547,25.450000762939453,25.530000686645508,28200,VWO
2005-07-20,15.204498291015625,25.889999389648438,25.924999237060547,25.59000015258789,25.635000228881836,199200,VWO
2005-07-21,15.31314468383789,26.075000762939453,26.139999389648438,25.68000030517578,25.864999771118164,184000,VWO
2005-07-22,15.336634635925293,26.114999771118164,26.155000686645508,25.8799991607666,26.155000686645508,51000,VWO
2005-07-25,15.078241348266602,25.674999237060547,26.06999969482422,25.674999237060547,26.0049991607666,138800,VWO
2005-07-26,15.163392066955566,25.81999969482422,25.834999084472656,25.649999618530273,25.704999923706055,106200,VWO
2005-07-27,15.269100189208984,26.0,26.020000457763672,25.75,25.895000457763672,105400,VWO
2005-07-28,15.545121192932129,26.469999313354492,26.489999771118164,26.149999618530273,26.200000762939453,74000,VWO
2005-07-29,15.415915489196777,26.25,26.3799991607666,26.225000381469727,26.299999237060547,202800,VWO
2005-08-01,15.595036506652832,26.55500030517578,26.649999618530273,26.424999237060547,26.579999923706055,273000,VWO
2005-08-02,15.909221649169922,27.09000015258789,27.100000381469727,26.895000457763672,26.895000457763672,111000,VWO
2005-08-03,15.938589096069336,27.139999389648438,27.21500015258789,27.045000076293945,27.1299991607666,111800,VWO
2005-08-04,15.812326431274414,26.924999237060547,27.104999542236328,26.8799991607666,27.075000762939453,72600,VWO
2005-08-05,15.562729835510254,26.5,26.829999923706055,26.399999618530273,26.829999923706055,102000,VWO
2005-08-08,15.562729835510254,26.5,26.950000762939453,26.469999313354492,26.71500015258789,87000,VWO
2005-08-09,16.02667999267578,27.290000915527344,27.290000915527344,26.989999771118164,27.03499984741211,66400,VWO
2005-08-10,15.959146499633789,27.174999237060547,27.59000015258789,27.1299991607666,27.30500030517578,124800,VWO
2005-08-11,16.06779670715332,27.360000610351562,27.479999542236328,27.174999237060547,27.415000915527344,270800,VWO
2005-08-12,15.918034553527832,27.104999542236328,27.290000915527344,26.815000534057617,27.165000915527344,625000,VWO
2005-08-15,15.988515853881836,27.225000381469727,27.2450008392334,26.934999465942383,27.09000015258789,77000,VWO
2005-08-16,15.724239349365234,26.774999618530273,27.479999542236328,26.69499969482422,27.18000030517578,241800,VWO
2005-08-17,15.782959938049316,26.875,26.969999313354492,26.825000762939453,26.940000534057617,73400,VWO
2005-08-18,15.515752792358398,26.420000076293945,26.594999313354492,26.375,26.594999313354492,58800,VWO
2005-08-19,15.474652290344238,26.350000381469727,26.559999465942383,26.235000610351562,26.5049991607666,107000,VWO
2005-08-22,15.68312931060791,26.704999923706055,26.860000610351562,26.575000762939453,26.770000457763672,98000,VWO
2005-08-23,15.49226188659668,26.3799991607666,26.575000762939453,26.25,26.575000762939453,104400,VWO
2005-08-24,15.295526504516602,26.045000076293945,26.329999923706055,25.985000610351562,26.204999923706055,65200,VWO
2005-08-25,15.527499198913574,26.440000534057617,26.454999923706055,26.165000915527344,26.299999237060547,76600,VWO
2005-08-26,15.357190132141113,26.149999618530273,26.350000381469727,26.149999618530273,26.350000381469727,60000,VWO
2005-08-29,15.504006385803223,26.399999618530273,26.44499969482422,26.020000457763672,26.155000686645508,120400,VWO
2005-08-30,15.342509269714355,26.125,26.19499969482422,25.979999542236328,26.065000534057617,493400,VWO
2005-08-31,15.636140823364258,26.625,26.639999389648438,26.19499969482422,26.309999465942383,70200,VWO
2005-09-01,15.794715881347656,26.895000457763672,26.959999084472656,26.735000610351562,26.80500030517578,105000,VWO
2005-09-02,15.93565559387207,27.135000228881836,27.229999542236328,27.079999923706055,27.149999618530273,100800,VWO
2005-09-06,16.117713928222656,27.44499969482422,27.489999771118164,27.25,27.350000381469727,329000,VWO
2005-09-07,16.150005340576172,27.5,27.514999389648438,27.350000381469727,27.405000686645508,137200,VWO
2005-09-08,16.1558837890625,27.510000228881836,27.59000015258789,27.389999389648438,27.575000762939453,71400,VWO
2005-09-09,16.35555648803711,27.850000381469727,27.875,27.59000015258789,27.59000015258789,97800,VWO
2005-09-12,16.31444549560547,27.780000686645508,27.850000381469727,27.709999084472656,27.84000015258789,100400,VWO
2005-09-13,16.20579719543457,27.594999313354492,27.739999771118164,27.55500030517578,27.739999771118164,128000,VWO
2005-09-14,16.279211044311523,27.719999313354492,27.799999237060547,27.649999618530273,27.75,83200,VWO
2005-09-15,16.334997177124023,27.815000534057617,27.825000762939453,27.700000762939453,27.81999969482422,96600,VWO
2005-09-16,16.461259841918945,28.030000686645508,28.030000686645508,27.815000534057617,27.950000762939453,123000,VWO
2005-09-19,16.490625381469727,28.079999923706055,28.110000610351562,27.875,27.959999084472656,83200,VWO
2005-09-20,16.50237464904785,28.100000381469727,28.354999542236328,28.049999237060547,28.264999389648438,316600,VWO
2005-09-21,16.561094284057617,28.200000762939453,28.28499984741211,28.084999084472656,28.139999389648438,102200,VWO
2005-09-22,16.543481826782227,28.170000076293945,29.149999618530273,27.950000762939453,28.149999618530273,83800,VWO
2005-09-23,16.411344528198242,27.94499969482422,27.969999313354492,27.69499969482422,27.80500030517578,96000,VWO
2005-09-26,16.63157844543457,28.31999969482422,28.31999969482422,28.014999389648438,28.174999237060547,238200,VWO
2005-09-27,16.496501922607422,28.09000015258789,28.270000457763672,28.0,28.25,104000,VWO
2005-09-28,16.596338272094727,28.260000228881836,28.309999465942383,28.1299991607666,28.309999465942383,72600,VWO
2005-09-29,16.898778915405273,28.774999618530273,28.844999313354492,28.459999084472656,28.55500030517578,306600,VWO
2005-09-30,16.92227554321289,28.815000534057617,28.829999923706055,28.635000228881836,28.75,544200,VWO
2005-10-03,16.84005355834961,28.674999237060547,28.860000610351562,28.674999237060547,28.764999389648438,329600,VWO
2005-10-04,16.810688018798828,28.625,28.989999771118164,28.625,28.989999771118164,186200,VWO
2005-10-05,16.496501922607422,28.09000015258789,28.520000457763672,28.024999618530273,28.520000457763672,150400,VWO
2005-10-06,15.97969913482666,27.209999084472656,27.844999313354492,26.924999237060547,27.844999313354492,257000,VWO
2005-10-07,16.214611053466797,27.610000610351562,27.684999465942383,27.485000610351562,27.625,143200,VWO
2005-10-10,16.25278091430664,27.674999237060547,28.020000457763672,27.645000457763672,28.020000457763672,149600,VWO
2005-10-11,16.326187133789062,27.799999237060547,28.084999084472656,27.770000457763672,28.084999084472656,152200,VWO
2005-10-12,16.032550811767578,27.299999237060547,27.75,27.184999465942383,27.75,147800,VWO
2005-10-13,15.791769981384277,26.889999389648438,26.950000762939453,26.639999389648438,26.950000762939453,144000,VWO
2005-10-14,15.871054649353027,27.024999618530273,27.059999465942383,26.649999618530273,27.059999465942383,132000,VWO
2005-10-17,15.944462776184082,27.149999618530273,27.200000762939453,27.09000015258789,27.200000762939453,212200,VWO
2005-10-18,15.562729835510254,26.5,26.924999237060547,26.40999984741211,26.924999237060547,185800,VWO
2005-10-19,15.568607330322266,26.510000228881836,26.510000228881836,25.90999984741211,26.09000015258789,358200,VWO
2005-10-20,15.060617446899414,25.645000457763672,26.950000762939453,25.6200008392334,26.584999084472656,203000,VWO
2005-10-21,15.556862831115723,26.489999771118164,26.510000228881836,26.15999984741211,26.375,159200,VWO
2005-10-24,15.906291007995605,27.084999084472656,27.104999542236328,26.575000762939453,26.575000762939453,121000,VWO
2005-10-25,15.586228370666504,26.540000915527344,26.90999984741211,26.454999923706055,26.7450008392334,105600,VWO
2005-10-26,15.721302032470703,26.770000457763672,26.93000030517578,26.59000015258789,26.639999389648438,94800,VWO
2005-10-27,15.283780097961426,26.024999618530273,26.670000076293945,26.024999618530273,26.670000076293945,114000,VWO
2005-10-28,15.665509223937988,26.674999237060547,26.674999237060547,26.295000076293945,26.454999923706055,156000,VWO
2005-10-31,15.965006828308105,27.184999465942383,27.239999771118164,26.920000076293945,26.920000076293945,138000,VWO
2005-11-01,16.076601028442383,27.375,27.5,27.21500015258789,27.389999389648438,141800,VWO
2005-11-02,16.4201602935791,27.959999084472656,28.0,27.559999465942383,27.610000610351562,142600,VWO
2005-11-03,16.4260311126709,27.969999313354492,28.21500015258789,27.90999984741211,28.020000457763672,182600,VWO
2005-11-04,16.384912490844727,27.899999618530273,27.9950008392334,27.549999237060547,27.9950008392334,174400,VWO
2005-11-07,16.36142921447754,27.860000610351562,27.875,27.635000228881836,27.875,99800,VWO
2005-11-08,16.2645263671875,27.69499969482422,27.770000457763672,27.540000915527344,27.55500030517578,175000,VWO
2005-11-09,16.458328247070312,28.024999618530273,28.049999237060547,27.700000762939453,27.81999969482422,86000,VWO
2005-11-10,16.514114379882812,28.1200008392334,28.165000915527344,27.729999542236328,28.0,121400,VWO
2005-11-11,16.669750213623047,28.385000228881836,28.415000915527344,28.075000762939453,28.290000915527344,99400,VWO
2005-11-14,16.640380859375,28.334999084472656,28.385000228881836,28.264999389648438,28.385000228881836,154200,VWO
2005-11-15,16.496501922607422,28.09000015258789,28.3799991607666,28.09000015258789,28.264999389648438,105000,VWO
2005-11-16,16.663864135742188,28.375,28.420000076293945,28.21500015258789,28.325000762939453,87000,VWO
2005-11-17,16.881168365478516,28.7450008392334,28.790000915527344,28.6299991607666,28.6299991607666,94000,VWO
2005-11-18,16.942827224731445,28.850000381469727,28.8700008392334,28.71500015258789,28.8700008392334,121200,VWO
2005-11-21,16.969263076782227,28.895000457763672,28.899999618530273,28.739999771118164,28.825000762939453,142600,VWO
2005-11-22,16.92227554321289,28.815000534057617,28.815000534057617,28.375,28.46500015258789,122800,VWO
2005-11-23,17.215911865234375,29.315000534057617,29.375,28.969999313354492,29.079999923706055,137600,VWO
2005-11-25,17.17186164855957,29.239999771118164,29.290000915527344,29.200000762939453,29.21500015258789,105800,VWO
2005-11-28,17.07496452331543,29.075000762939453,29.334999084472656,29.040000915527344,29.334999084472656,108000,VWO
2005-11-29,17.025041580200195,28.989999771118164,29.235000610351562,28.940000534057617,29.19499969482422,120400,VWO
2005-11-30,17.077899932861328,29.079999923706055,29.15999984741211,29.059999465942383,29.114999771118164,149400,VWO
2005-12-01,17.450822830200195,29.71500015258789,29.809999465942383,29.344999313354492,29.344999313354492,104200,VWO
2005-12-02,17.46257209777832,29.735000610351562,29.854999542236328,29.670000076293945,29.770000457763672,147600,VWO
2005-12-05,17.488988876342773,29.780000686645508,29.8799991607666,29.649999618530273,29.825000762939453,466800,VWO
2005-12-06,17.706283569335938,30.149999618530273,30.334999084472656,29.90999984741211,29.90999984741211,167600,VWO
2005-12-07,17.58588981628418,29.94499969482422,30.280000686645508,29.8700008392334,30.274999618530273,197400,VWO
2005-12-08,17.509546279907227,29.815000534057617,30.024999618530273,29.815000534057617,29.924999237060547,147000,VWO
2005-12-09,17.55652618408203,29.895000457763672,29.959999084472656,29.75,29.829999923706055,174200,VWO
2005-12-12,17.74739646911621,30.219999313354492,30.30500030517578,30.149999618530273,30.30500030517578,142800,VWO
2005-12-13,17.86484718322754,30.420000076293945,30.479999542236328,30.09000015258789,30.209999084472656,215800,VWO
2005-12-14,17.79437255859375,30.299999237060547,30.309999465942383,30.200000762939453,30.30500030517578,134800,VWO
2005-12-15,17.744457244873047,30.21500015258789,30.30500030517578,30.145000457763672,30.28499984741211,168000,VWO
2005-12-16,17.67691993713379,30.100000381469727,30.290000915527344,30.084999084472656,30.290000915527344,128600,VWO
2005-12-19,17.72096061706543,30.174999237060547,30.489999771118164,30.174999237060547,30.415000915527344,241400,VWO
2005-12-20,17.809051513671875,30.325000762939453,30.46500015258789,30.25,30.295000076293945,230800,VWO
2005-12-21,18.07626724243164,30.780000686645508,30.9950008392334,30.674999237060547,30.674999237060547,188400,VWO
2005-12-22,18.05864143371582,30.75,30.905000686645508,30.7450008392334,30.770000457763672,172200,VWO
2005-12-23,18.18491554260254,30.96500015258789,31.104999542236328,30.905000686645508,30.920000076293945,134800,VWO
2005-12-27,18.061492919921875,30.219999313354492,30.575000762939453,30.21500015258789,30.510000228881836,255200,VWO
2005-12-28,18.07345199584961,30.239999771118164,30.344999313354492,30.18000030517578,30.344999313354492,230000,VWO
2005-12-29,18.21987533569336,30.485000610351562,30.575000762939453,30.399999618530273,30.520000457763672,192800,VWO
2005-12-30,18.19297218322754,30.440000534057617,30.704999923706055,30.315000534057617,30.5,363600,VWO
2006-01-03,18.796621322631836,31.450000762939453,31.4950008392334,30.96500015258789,31.139999389648438,726600,VWO
2006-01-04,19.041671752929688,31.860000610351562,31.885000228881836,31.674999237060547,31.674999237060547,458200,VWO
2006-01-05,19.059589385986328,31.889999389648438,31.975000381469727,31.75,31.975000381469727,553600,VWO
2006-01-06,19.370386123657227,32.40999984741211,32.52000045776367,32.220001220703125,32.400001525878906,567400,VWO
2006-01-09,19.537729263305664,32.689998626708984,32.7599983215332,32.564998626708984,32.70500183105469,699600,VWO
2006-01-10,19.364410400390625,32.400001525878906,32.415000915527344,32.165000915527344,32.28499984741211,393800,VWO
2006-01-11,19.501869201660156,32.630001068115234,32.75,32.345001220703125,32.54999923706055,843200,VWO
2006-01-12,19.388315200805664,32.439998626708984,32.755001068115234,32.2599983215332,32.755001068115234,612400,VWO
2006-01-13,19.415205001831055,32.48500061035156,32.64500045776367,32.400001525878906,32.53499984741211,1470400,VWO
2006-01-17,19.044654846191406,31.864999771118164,32.625,31.760000228881836,32.505001068115234,713600,VWO
2006-01-18,18.946041107177734,31.700000762939453,31.75,31.200000762939453,31.235000610351562,399000,VWO
2006-01-19,19.477956771850586,32.59000015258789,32.625,32.189998626708984,32.20500183105469,510600,VWO
2006-01-20,18.96097755432129,31.725000381469727,32.625,31.719999313354492,32.60499954223633,377600,VWO
2006-01-23,19.265790939331055,32.23500061035156,32.25,32.04999923706055,32.150001525878906,393000,VWO
2006-01-24,19.531753540039062,32.68000030517578,32.92499923706055,32.54999923706055,32.72999954223633,438800,VWO
2006-01-25,19.540719985961914,32.69499969482422,33.099998474121094,32.650001525878906,33.09000015258789,857400,VWO
2006-01-26,19.839548110961914,33.19499969482422,33.20000076293945,32.61000061035156,32.90999984741211,1479600,VWO
2006-01-27,20.228031158447266,33.845001220703125,33.95500183105469,33.560001373291016,33.560001373291016,587200,VWO
2006-01-30,20.192180633544922,33.78499984741211,33.814998626708984,33.5,33.70000076293945,481000,VWO
2006-01-31,20.308717727661133,33.97999954223633,33.994998931884766,33.654998779296875,33.869998931884766,334800,VWO
2006-02-01,20.374462127685547,34.09000015258789,34.119998931884766,33.88999938964844,33.994998931884766,382400,VWO
2006-02-02,19.872426986694336,33.25,33.834999084472656,33.189998626708984,33.78499984741211,435600,VWO
2006-02-03,19.660247802734375,32.89500045776367,33.189998626708984,32.630001068115234,33.03499984741211,432200,VWO
2006-02-06,20.081607818603516,33.599998474121094,33.61000061035156,33.33000183105469,33.33000183105469,345600,VWO
2006-02-07,19.67220687866211,32.915000915527344,33.42499923706055,32.82500076293945,33.349998474121094,379800,VWO
2006-02-08,19.693126678466797,32.95000076293945,32.95000076293945,32.60499954223633,32.875,386000,VWO
2006-02-09,19.69910430908203,32.959999084472656,33.36000061035156,32.935001373291016,33.0,217800,VWO
2006-02-10,19.725994110107422,33.005001068115234,33.290000915527344,32.20000076293945,33.244998931884766,322000,VWO
2006-02-13,19.286705017089844,32.27000045776367,32.75,32.20000076293945,32.75,395200,VWO
2006-02-14,19.678178787231445,32.92499923706055,33.025001525878906,32.400001525878906,32.474998474121094,228600,VWO
2006-02-15,19.648298263549805,32.875,32.915000915527344,32.55500030517578,32.73500061035156,228000,VWO
2006-02-16,19.991958618164062,33.45000076293945,33.48500061035156,32.900001525878906,33.02000045776367,412200,VWO
2006-02-17,20.033790588378906,33.52000045776367,33.619998931884766,33.375,33.5099983215332,369000,VWO
2006-02-21,19.917255401611328,33.32500076293945,33.75,33.25,33.665000915527344,342600,VWO
2006-02-22,20.045751571655273,33.540000915527344,33.63999938964844,33.29999923706055,33.400001525878906,276400,VWO
2006-02-23,20.066667556762695,33.57500076293945,33.73500061035156,33.375,33.57500076293945,176000,VWO
2006-02-24,20.123443603515625,33.66999816894531,33.720001220703125,33.55500030517578,33.6349983215332,308800,VWO
2006-02-27,20.237001419067383,33.86000061035156,34.0,33.86000061035156,33.95500183105469,316800,VWO
2006-02-28,19.872426986694336,33.25,33.63999938964844,33.150001525878906,33.5,466200,VWO
2006-03-01,20.284809112548828,33.939998626708984,33.94499969482422,33.56999969482422,33.685001373291016,353000,VWO
2006-03-02,20.34756851196289,34.04499816894531,34.125,33.880001068115234,34.10499954223633,282800,VWO
2006-03-03,20.012876510620117,33.48500061035156,33.78499984741211,33.39500045776367,33.78499984741211,424000,VWO
2006-03-06,19.74093246459961,33.029998779296875,33.76499938964844,32.9900016784668,33.76499938964844,333200,VWO
2006-03-07,19.023733139038086,31.829999923706055,32.83000183105469,31.625,32.83000183105469,510200,VWO
2006-03-08,19.173152923583984,32.08000183105469,32.10499954223633,31.260000228881836,31.829999923706055,394400,VWO
2006-03-09,19.092464447021484,31.94499969482422,32.564998626708984,31.885000228881836,32.28499984741211,270800,VWO
2006-03-10,19.424171447753906,32.5,32.619998931884766,32.084999084472656,32.17499923706055,335800,VWO
2006-03-13,19.427162170410156,32.505001068115234,32.94499969482422,32.46500015258789,32.875,279200,VWO
2006-03-14,19.92322540283203,33.334999084472656,33.34000015258789,32.52000045776367,32.78499984741211,234400,VWO
2006-03-15,20.11447525024414,33.654998779296875,33.70500183105469,33.22999954223633,33.345001220703125,353000,VWO
2006-03-16,20.000925064086914,33.46500015258789,33.65999984741211,33.375,33.65999984741211,206400,VWO
2006-03-17,20.0786190032959,33.595001220703125,33.63999938964844,33.474998474121094,33.625,258200,VWO
2006-03-20,20.126428604125977,33.67499923706055,33.78499984741211,33.57500076293945,33.72999954223633,205800,VWO
2006-03-21,19.74093246459961,33.029998779296875,33.59000015258789,33.0,33.57500076293945,309400,VWO
2006-03-22,19.833576202392578,33.185001373291016,33.21500015258789,32.8849983215332,33.025001525878906,307200,VWO
2006-03-23,19.705080032348633,32.970001220703125,33.375,32.959999084472656,33.28499984741211,242000,VWO
2006-03-24,19.833576202392578,33.185001373291016,33.310001373291016,33.03499984741211,33.165000915527344,258200,VWO
2006-03-27,19.92621421813965,33.34000015258789,33.35499954223633,33.209999084472656,33.35499954223633,230800,VWO
2006-03-28,19.69910430908203,32.959999084472656,33.32500076293945,32.834999084472656,33.32500076293945,205200,VWO
2006-03-29,19.935169219970703,33.35499954223633,33.42499923706055,32.869998931884766,32.959999084472656,167800,VWO
2006-03-30,20.0786190032959,33.595001220703125,33.91999816894531,33.43000030517578,33.6349983215332,253200,VWO
2006-03-31,20.105510711669922,33.63999938964844,33.814998626708984,33.529998779296875,33.80500030517578,184200,VWO
2006-04-03,20.595596313476562,34.459999084472656,34.650001525878906,34.0,34.1349983215332,309400,VWO
2006-04-04,20.81075668334961,34.81999969482422,34.849998474121094,34.56999969482422,34.744998931884766,218800,VWO
2006-04-05,21.00799560546875,35.150001525878906,35.150001525878906,34.82500076293945,34.849998474121094,1374600,VWO
2006-04-06,20.97212791442871,35.09000015258789,35.2599983215332,34.83000183105469,35.15999984741211,616200,VWO
2006-04-07,20.71213722229004,34.654998779296875,35.15999984741211,34.529998779296875,35.09000015258789,289400,VWO
2006-04-10,20.68225860595703,34.60499954223633,34.849998474121094,34.45500183105469,34.76499938964844,205600,VWO
2006-04-11,20.470090866088867,34.25,34.775001525878906,34.209999084472656,34.724998474121094,182400,VWO
2006-04-12,20.580656051635742,34.435001373291016,34.439998626708984,34.23500061035156,34.2400016784668,198800,VWO
2006-04-13,20.595596313476562,34.459999084472656,34.60499954223633,34.26499938964844,34.404998779296875,215800,VWO
2006-04-17,20.83765983581543,34.8650016784668,35.095001220703125,34.60499954223633,34.814998626708984,323000,VWO
2006-04-18,21.489105224609375,35.95500183105469,35.994998931884766,35.244998931884766,35.244998931884766,297200,VWO
2006-04-19,21.677379608154297,36.27000045776367,36.275001525878906,35.84000015258789,35.970001220703125,409200,VWO
2006-04-20,21.626577377319336,36.185001373291016,36.30500030517578,35.78499984741211,36.220001220703125,457200,VWO
2006-04-21,21.71024513244629,36.32500076293945,36.540000915527344,36.209999084472656,36.290000915527344,219400,VWO
2006-04-24,21.635540008544922,36.20000076293945,36.439998626708984,35.875,36.439998626708984,258000,VWO
2006-04-25,21.339693069458008,35.70500183105469,36.1150016784668,35.57500076293945,36.099998474121094,307400,VWO
2006-04-26,21.72519874572754,36.349998474121094,36.404998779296875,35.540000915527344,35.540000915527344,223000,VWO
2006-04-27,21.59967803955078,36.13999938964844,36.375,35.70000076293945,36.32500076293945,276600,VWO
2006-04-28,21.67439079284668,36.26499938964844,36.345001220703125,36.09000015258789,36.165000915527344,227800,VWO
2006-05-01,21.734161376953125,36.3650016784668,36.70500183105469,36.29999923706055,36.525001525878906,328800,VWO
2006-05-02,22.11068344116211,36.994998931884766,36.994998931884766,36.689998626708984,36.79999923706055,253600,VWO
2006-05-03,22.12563133239746,37.02000045776367,37.119998931884766,36.775001525878906,37.07500076293945,263800,VWO
2006-05-04,22.30791473388672,37.32500076293945,37.45500183105469,37.04499816894531,37.04999923706055,350800,VWO
2006-05-05,22.591806411743164,37.79999923706055,37.875,37.630001068115234,37.630001068115234,313400,VWO
2006-05-08,22.711339950561523,38.0,38.255001068115234,37.814998626708984,37.814998626708984,406400,VWO
2006-05-09,22.735246658325195,38.040000915527344,38.099998474121094,37.849998474121094,38.099998474121094,332400,VWO
2006-05-10,22.612728118896484,37.834999084472656,38.02000045776367,37.685001373291016,38.01499938964844,374200,VWO
2006-05-11,22.053905487060547,36.900001525878906,37.8650016784668,36.790000915527344,37.75,440200,VWO
2006-05-12,21.56681251525879,36.084999084472656,36.65999984741211,35.0,36.57500076293945,553200,VWO
2006-05-15,20.945234298706055,35.04499816894531,35.5,33.54999923706055,35.0,650800,VWO
2006-05-16,21.0797061920166,35.27000045776367,35.41999816894531,34.84000015258789,35.16999816894531,299400,VWO
2006-05-17,20.410324096679688,34.150001525878906,35.45000076293945,34.05500030517578,35.0,437200,VWO
2006-05-18,20.01885414123535,33.494998931884766,34.314998626708984,33.375,34.150001525878906,513000,VWO
2006-05-19,20.251935958862305,33.8849983215332,33.88999938964844,33.025001525878906,33.66999816894531,423800,VWO
2006-05-22,19.176137924194336,32.084999084472656,33.0,31.5049991607666,33.0,979600,VWO
2006-05-23,19.2329158782959,32.18000030517578,33.19499969482422,32.150001525878906,32.755001068115234,917200,VWO
2006-05-24,19.104415893554688,31.96500015258789,32.474998474121094,31.125,31.950000762939453,625200,VWO
2006-05-25,19.714046478271484,32.98500061035156,33.834999084472656,32.15999984741211,33.834999084472656,424600,VWO
2006-05-26,19.86943244934082,33.244998931884766,33.244998931884766,32.564998626708984,33.11000061035156,283400,VWO
2006-05-30,18.82650375366211,31.5,33.099998474121094,31.5,33.099998474121094,639400,VWO
2006-05-31,19.226943969726562,32.16999816894531,32.31999969482422,31.700000762939453,31.700000762939453,330000,VWO
2006-06-01,19.603469848632812,32.79999923706055,32.79999923706055,31.940000534057617,32.20000076293945,278400,VWO
2006-06-02,19.800703048706055,33.130001068115234,33.60499954223633,32.724998474121094,33.25,369600,VWO
2006-06-05,18.946041107177734,31.700000762939453,32.75,31.604999542236328,32.75,380200,VWO
2006-06-06,18.674100875854492,31.2450008392334,31.684999465942383,30.549999237060547,31.375,596600,VWO
2006-06-07,18.417104721069336,30.815000534057617,31.4950008392334,30.524999618530273,30.530000686645508,426400,VWO
2006-06-08,17.876218795776367,29.90999984741211,30.0,28.844999313354492,30.0,1128200,VWO
2006-06-09,17.75967025756836,29.71500015258789,30.5,29.565000534057617,30.280000686645508,941600,VWO
2006-06-12,17.23372459411621,28.834999084472656,30.274999618530273,28.75,29.75,336800,VWO
2006-06-13,16.82731056213379,28.155000686645508,28.565000534057617,27.915000915527344,28.100000381469727,747400,VWO
2006-06-14,17.281538009643555,28.915000915527344,28.915000915527344,27.75,27.75,786800,VWO
2006-06-15,18.0883846282959,30.264999389648438,30.375,29.420000076293945,29.530000686645508,1198400,VWO
2006-06-16,17.974830627441406,30.075000762939453,30.584999084472656,29.875,30.565000534057617,917800,VWO
2006-06-19,17.407047271728516,29.125,30.135000228881836,29.020000457763672,30.114999771118164,433400,VWO
2006-06-20,17.655080795288086,29.540000915527344,29.725000381469727,28.770000457763672,29.415000915527344,394000,VWO
2006-06-21,18.061492919921875,30.219999313354492,30.309999465942383,29.415000915527344,29.53499984741211,965600,VWO
2006-06-22,17.897136688232422,29.94499969482422,30.299999237060547,29.684999465942383,30.225000381469727,204400,VWO
2006-06-23,18.0196533203125,30.149999618530273,30.18000030517578,29.540000915527344,29.649999618530273,338800,VWO
2006-06-26,17.930002212524414,30.0,30.149999618530273,29.8700008392334,30.024999618530273,159200,VWO
2006-06-27,17.768638610839844,29.729999542236328,30.395000457763672,29.635000228881836,30.299999237060547,361200,VWO
2006-06-28,18.169069290161133,30.399999618530273,30.399999618530273,30.0,30.274999618530273,169000,VWO
2006-06-29,19.15821075439453,32.05500030517578,32.1150016784668,30.524999618530273,30.524999618530273,624200,VWO
2006-06-30,19.209016799926758,32.13999938964844,32.369998931884766,32.03499984741211,32.369998931884766,570000,VWO
2006-07-03,19.651288986206055,32.880001068115234,32.95000076293945,32.0,32.0,224200,VWO
2006-07-05,19.068557739257812,31.905000686645508,32.93000030517578,31.844999313354492,32.625,382400,VWO
2006-07-06,19.46003532409668,32.560001373291016,32.560001373291016,32.21500015258789,32.244998931884766,305600,VWO
2006-07-07,19.137296676635742,32.02000045776367,32.415000915527344,31.8799991607666,32.34000015258789,225400,VWO
2006-07-10,19.27176856994629,32.244998931884766,32.59000015258789,32.11000061035156,32.5,180600,VWO
2006-07-11,19.46600341796875,32.56999969482422,32.56999969482422,31.75,32.244998931884766,271800,VWO
2006-07-12,19.167171478271484,32.06999969482422,32.45000076293945,31.985000610351562,32.45000076293945,162000,VWO
2006-07-13,18.432044982910156,30.84000015258789,31.565000534057617,30.5,31.565000534057617,693000,VWO
2006-07-14,18.288602828979492,30.600000381469727,30.764999389648438,30.21500015258789,30.65999984741211,409000,VWO
2006-07-17,18.058500289916992,30.21500015258789,30.540000915527344,29.954999923706055,30.125,257200,VWO
2006-07-18,18.27963638305664,30.584999084472656,30.639999389648438,29.950000762939453,30.350000381469727,218200,VWO
2006-07-19,19.164182662963867,32.064998626708984,32.064998626708984,30.594999313354492,30.604999542236328,500600,VWO
2006-07-20,18.733869552612305,31.344999313354492,32.220001220703125,31.219999313354492,32.220001220703125,300200,VWO
2006-07-21,18.33941078186035,30.684999465942383,31.524999618530273,30.610000610351562,31.524999618530273,228200,VWO
2006-07-24,19.24188232421875,32.19499969482422,32.20500183105469,31.024999618530273,31.024999618530273,422800,VWO
2006-07-25,19.283714294433594,32.26499938964844,32.349998474121094,31.764999389648438,32.150001525878906,542200,VWO
2006-07-26,19.13430404663086,32.01499938964844,32.099998474121094,31.68000030517578,32.07500076293945,169200,VWO
2006-07-27,19.3135986328125,32.314998626708984,32.78499984741211,32.20500183105469,32.380001068115234,197600,VWO
2006-07-28,19.776796340942383,33.09000015258789,33.09000015258789,32.415000915527344,32.619998931884766,261600,VWO
2006-07-31,19.56463050842285,32.73500061035156,32.900001525878906,32.5,32.900001525878906,334400,VWO
2006-08-01,19.22395133972168,32.165000915527344,32.5,31.920000076293945,32.5,213400,VWO
2006-08-02,19.504858016967773,32.6349983215332,32.810001373291016,32.375,32.540000915527344,234000,VWO
2006-08-03,19.486923217773438,32.60499954223633,32.67499923706055,32.23500061035156,32.625,253200,VWO
2006-08-04,19.480953216552734,32.595001220703125,33.11000061035156,32.345001220703125,32.849998474121094,235000,VWO
2006-08-07,19.418197631835938,32.4900016784668,32.625,32.400001525878906,32.5,239600,VWO
2006-08-08,19.474977493286133,32.584999084472656,32.939998626708984,32.5,32.779998779296875,301200,VWO
2006-08-09,19.48394012451172,32.599998474121094,33.20500183105469,32.599998474121094,32.994998931884766,190000,VWO
2006-08-10,19.630373001098633,32.845001220703125,32.875,32.56999969482422,32.595001220703125,230400,VWO
2006-08-11,19.492904663085938,32.6150016784668,32.81999969482422,32.505001068115234,32.81999969482422,141000,VWO
2006-08-14,19.510835647583008,32.64500045776367,33.025001525878906,32.52000045776367,33.0,151400,VWO
2006-08-15,19.920238494873047,33.33000183105469,33.3849983215332,33.0,33.150001525878906,138000,VWO
2006-08-16,20.257917404174805,33.89500045776367,33.935001373291016,33.505001068115234,33.505001068115234,296000,VWO
2006-08-17,20.1593074798584,33.72999954223633,34.400001525878906,33.584999084472656,34.38999938964844,359600,VWO
2006-08-18,20.054704666137695,33.55500030517578,33.619998931884766,32.779998779296875,33.5,300400,VWO
2006-08-21,19.875404357910156,33.255001068115234,33.33000183105469,33.099998474121094,33.33000183105469,182800,VWO
2006-08-22,19.845521926879883,33.20500183105469,33.494998931884766,33.10499954223633,33.25,139800,VWO
2006-08-23,19.570602416992188,32.744998931884766,33.28499984741211,32.650001525878906,33.005001068115234,239200,VWO
2006-08-24,19.59151268005371,32.779998779296875,32.994998931884766,32.58000183105469,32.80500030517578,181200,VWO
2006-08-25,19.65726661682129,32.88999938964844,33.0,32.724998474121094,32.724998474121094,103200,VWO
2006-08-28,19.767833709716797,33.07500076293945,33.154998779296875,32.70000076293945,32.875,175000,VWO
2006-08-29,19.86046600341797,33.22999954223633,33.29499816894531,32.875,33.244998931884766,150000,VWO
2006-08-30,19.991958618164062,33.45000076293945,33.5,33.25,33.29999923706055,159000,VWO
2006-08-31,19.8544979095459,33.220001220703125,33.43000030517578,33.16999816894531,33.33000183105469,132200,VWO
2006-09-01,20.129419326782227,33.68000030517578,33.71500015258789,33.2599983215332,33.2599983215332,244000,VWO
2006-09-05,20.374462127685547,34.09000015258789,34.099998474121094,33.8650016784668,34.095001220703125,254800,VWO
2006-09-06,19.764841079711914,33.06999969482422,33.89500045776367,32.96500015258789,33.89500045776367,307200,VWO
2006-09-07,19.588523864746094,32.775001525878906,33.119998931884766,32.529998779296875,32.529998779296875,217200,VWO
2006-09-08,19.767833709716797,33.07500076293945,33.09000015258789,32.90999984741211,33.064998626708984,60000,VWO
2006-09-11,19.334518432617188,32.349998474121094,32.650001525878906,32.150001525878906,32.5,198800,VWO
2006-09-12,19.678178787231445,32.92499923706055,32.974998474121094,32.404998779296875,32.404998779296875,182800,VWO
2006-09-13,19.947126388549805,33.375,33.42499923706055,32.92499923706055,33.125,220800,VWO
2006-09-14,19.78875160217285,33.11000061035156,33.21500015258789,32.97999954223633,33.150001525878906,153200,VWO
2006-09-15,19.857481002807617,33.224998474121094,33.375,33.0099983215332,33.084999084472656,96800,VWO
2006-09-18,20.177234649658203,33.7599983215332,33.875,33.5,33.5,166800,VWO
2006-09-19,19.92621421813965,33.34000015258789,33.77000045776367,32.80500030517578,33.77000045776367,288800,VWO
2006-09-20,20.156312942504883,33.724998474121094,33.79999923706055,33.42499923706055,33.42499923706055,272800,VWO
2006-09-21,19.797719955444336,33.125,33.88999938964844,32.994998931884766,33.88999938964844,209600,VWO
2006-09-22,19.585538864135742,32.77000045776367,32.9900016784668,32.51499938964844,32.775001525878906,143600,VWO
2006-09-25,19.776796340942383,33.09000015258789,33.099998474121094,32.404998779296875,33.06999969482422,140800,VWO
2006-09-26,20.021841049194336,33.5,33.595001220703125,32.93000030517578,32.939998626708984,142400,VWO
2006-09-27,20.009885787963867,33.47999954223633,33.6150016784668,33.36000061035156,33.439998626708984,189400,VWO
2006-09-28,20.17125129699707,33.75,33.75,33.494998931884766,33.619998931884766,129600,VWO
2006-09-29,20.063676834106445,33.56999969482422,33.720001220703125,33.45500183105469,33.599998474121094,352200,VWO
2006-10-02,20.08757972717285,33.61000061035156,33.880001068115234,33.525001525878906,33.71500015258789,155000,VWO
2006-10-03,19.827598571777344,33.17499923706055,33.55500030517578,33.119998931884766,33.55500030517578,220400,VWO
2006-10-04,20.213090896606445,33.81999969482422,33.90999984741211,33.07500076293945,33.095001220703125,207400,VWO
2006-10-05,20.470090866088867,34.25,34.380001068115234,33.78499984741211,33.875,295200,VWO
2006-10-06,20.35055923461914,34.04999923706055,34.185001373291016,33.654998779296875,33.845001220703125,601000,VWO
2006-10-09,20.228031158447266,33.845001220703125,34.1349983215332,33.65999984741211,33.65999984741211,322000,VWO
2006-10-10,20.40733528137207,34.14500045776367,34.14500045776367,33.8849983215332,34.029998779296875,116200,VWO
2006-10-11,20.31171226501465,33.98500061035156,34.150001525878906,33.810001373291016,33.939998626708984,219600,VWO
2006-10-12,20.789838790893555,34.78499984741211,34.79499816894531,34.07500076293945,34.07500076293945,229200,VWO
2006-10-13,20.858577728271484,34.900001525878906,34.95000076293945,34.66999816894531,34.75,192800,VWO
2006-10-16,20.9183406829834,35.0,35.06999969482422,34.709999084472656,34.84000015258789,4348800,VWO
2006-10-17,20.68225860595703,34.60499954223633,34.900001525878906,34.30500030517578,34.900001525878906,485400,VWO
2006-10-18,20.75696563720703,34.72999954223633,35.07500076293945,34.689998626708984,35.060001373291016,188400,VWO
2006-10-19,20.915346145629883,34.994998931884766,35.005001068115234,34.685001373291016,34.72999954223633,93800,VWO
2006-10-20,20.79581642150879,34.79499816894531,34.974998474121094,34.665000915527344,34.96500015258789,257000,VWO
2006-10-23,20.840635299682617,34.869998931884766,34.90999984741211,34.5099983215332,34.599998474121094,196400,VWO
2006-10-24,20.9123592376709,34.9900016784668,35.01499938964844,34.7599983215332,34.845001220703125,175600,VWO
2006-10-25,21.115575790405273,35.33000183105469,35.349998474121094,34.9900016784668,35.040000915527344,280200,VWO
2006-10-26,21.20522689819336,35.47999954223633,35.540000915527344,35.20500183105469,35.5,222200,VWO
2006-10-27,20.843626022338867,34.875,35.29999923706055,34.80500030517578,35.22999954223633,345800,VWO
2006-10-30,20.69721031188965,34.630001068115234,34.900001525878906,34.44499969482422,34.875,192400,VWO
2006-10-31,21.08269500732422,35.275001525878906,35.334999084472656,34.994998931884766,35.099998474121094,347600,VWO
2006-11-01,21.046842575073242,35.21500015258789,35.70500183105469,35.17499923706055,35.63999938964844,216800,VWO
2006-11-02,21.1484432220459,35.3849983215332,35.42499923706055,35.130001068115234,35.130001068115234,163200,VWO
2006-11-03,21.312795639038086,35.65999984741211,35.790000915527344,35.5,35.790000915527344,265600,VWO
2006-11-06,21.73116111755371,36.36000061035156,36.38999938964844,35.880001068115234,35.880001068115234,323600,VWO
2006-11-07,21.67139434814453,36.2599983215332,36.4900016784668,36.15999984741211,36.36000061035156,468800,VWO
2006-11-08,21.6893310546875,36.290000915527344,36.31999969482422,35.8849983215332,36.150001525878906,280600,VWO
2006-11-09,21.72519874572754,36.349998474121094,36.689998626708984,36.25,36.57500076293945,462200,VWO
2006-11-10,21.784955978393555,36.45000076293945,36.525001525878906,36.310001373291016,36.5,224000,VWO
2006-11-13,21.740137100219727,36.375,36.44499969482422,36.21500015258789,36.400001525878906,242600,VWO
2006-11-14,22.071840286254883,36.93000030517578,36.970001220703125,36.54499816894531,36.86000061035156,324400,VWO
2006-11-15,22.027006149291992,36.85499954223633,36.93000030517578,36.63999938964844,36.724998474121094,344400,VWO
2006-11-16,21.847715377807617,36.55500030517578,36.900001525878906,36.5,36.89500045776367,296400,VWO
2006-11-17,21.743120193481445,36.380001068115234,36.5,36.0,36.5,352800,VWO
2006-11-20,21.70427703857422,36.314998626708984,36.529998779296875,36.220001220703125,36.435001373291016,406400,VWO
2006-11-21,22.053905487060547,36.900001525878906,36.900001525878906,36.47999954223633,36.47999954223633,302000,VWO
2006-11-22,22.278026580810547,37.275001525878906,37.32500076293945,37.005001068115234,37.224998474121094,366000,VWO
2006-11-24,22.361703872680664,37.415000915527344,37.45500183105469,37.05500030517578,37.349998474121094,173600,VWO
2006-11-27,21.9254150390625,36.685001373291016,37.525001525878906,36.625,37.525001525878906,902800,VWO
2006-11-28,22.077816009521484,36.939998626708984,36.94499969482422,36.435001373291016,36.59000015258789,324000,VWO
2006-11-29,22.532041549682617,37.70000076293945,37.71500015258789,37.32500076293945,37.32500076293945,351200,VWO
2006-11-30,22.627660751342773,37.86000061035156,37.95000076293945,37.505001068115234,37.7400016784668,362400,VWO
2006-12-01,22.47825050354004,37.61000061035156,38.01499938964844,37.334999084472656,37.994998931884766,620400,VWO
2006-12-04,22.938451766967773,38.380001068115234,38.400001525878906,37.810001373291016,37.869998931884766,390000,VWO
2006-12-05,23.201438903808594,38.81999969482422,38.849998474121094,38.34000015258789,38.3849983215332,520600,VWO
2006-12-06,22.980287551879883,38.45000076293945,38.689998626708984,38.415000915527344,38.63999938964844,595600,VWO
2006-12-07,22.89362907409668,38.30500030517578,38.650001525878906,38.244998931884766,38.619998931884766,365600,VWO
2006-12-08,22.848804473876953,38.22999954223633,38.404998779296875,38.09000015258789,38.310001373291016,808400,VWO
2006-12-11,22.8338623046875,38.20500183105469,38.275001525878906,38.04999923706055,38.20000076293945,251200,VWO
2006-12-12,22.573881149291992,37.77000045776367,37.939998626708984,37.4900016784668,37.93000030517578,472000,VWO
2006-12-13,22.633644104003906,37.869998931884766,37.900001525878906,37.724998474121094,37.814998626708984,323200,VWO
2006-12-14,23.007186889648438,38.494998931884766,38.494998931884766,38.0,38.0,392800,VWO
2006-12-15,23.06097412109375,38.584999084472656,38.724998474121094,38.54999923706055,38.685001373291016,387200,VWO
2006-12-18,22.935468673706055,38.375,38.90999984741211,38.25,38.724998474121094,360400,VWO
2006-12-19,22.84581184387207,38.224998474121094,38.32500076293945,37.51499938964844,37.70000076293945,702200,VWO
2006-12-20,22.98625946044922,38.459999084472656,38.650001525878906,38.22999954223633,38.650001525878906,516800,VWO
2006-12-21,23.040067672729492,38.54999923706055,38.7400016784668,38.29499816894531,38.7400016784668,504000,VWO
2006-12-22,23.054962158203125,37.904998779296875,38.029998779296875,37.724998474121094,37.915000915527344,503400,VWO
2006-12-26,23.28304100036621,38.279998779296875,38.314998626708984,37.939998626708984,38.150001525878906,920800,VWO
2006-12-27,23.535463333129883,38.69499969482422,38.755001068115234,38.42499923706055,38.5,265200,VWO
2006-12-28,23.556747436523438,38.72999954223633,39.0,38.51499938964844,39.0,432600,VWO
2006-12-29,23.535463333129883,38.69499969482422,38.849998474121094,38.59000015258789,38.849998474121094,566000,VWO
2007-01-03,23.6905517578125,38.95000076293945,39.54999923706055,38.70000076293945,39.1349983215332,1176000,VWO
2007-01-04,23.432065963745117,38.525001525878906,38.724998474121094,38.27000045776367,38.70000076293945,1115600,VWO
2007-01-05,22.778209686279297,37.45000076293945,38.125,37.32500076293945,38.01499938964844,1145800,VWO
2007-01-08,23.027584075927734,37.86000061035156,37.8849983215332,37.439998626708984,37.65999984741211,496200,VWO
2007-01-09,22.477140426635742,36.95500183105469,37.650001525878906,36.6150016784668,37.650001525878906,934600,VWO
2007-01-10,22.41326904296875,36.849998474121094,36.92499923706055,36.125,36.5,839200,VWO
2007-01-11,22.71131134033203,37.34000015258789,37.65999984741211,36.79999923706055,36.94499969482422,1155600,VWO
2007-01-12,23.04278564453125,37.8849983215332,37.8849983215332,37.375,37.55500030517578,403200,VWO
2007-01-16,23.051916122436523,37.900001525878906,38.20000076293945,37.76499938964844,38.20000076293945,1024000,VWO
2007-01-17,22.991098403930664,37.79999923706055,38.0,37.67499923706055,37.875,1346400,VWO
2007-01-18,22.86945343017578,37.599998474121094,38.25,37.54999923706055,38.25,724800,VWO
2007-01-19,23.310413360595703,38.32500076293945,38.32500076293945,37.75,37.880001068115234,998000,VWO
2007-01-22,23.289127349853516,38.290000915527344,38.5,38.084999084472656,38.48500061035156,616800,VWO
2007-01-23,23.6905517578125,38.95000076293945,38.95000076293945,38.2599983215332,38.369998931884766,847600,VWO
2007-01-24,23.90648651123047,39.30500030517578,39.30500030517578,38.81999969482422,39.04499816894531,652000,VWO
2007-01-25,23.176605224609375,38.10499954223633,39.099998474121094,37.97999954223633,39.04499816894531,1030000,VWO
2007-01-26,23.31650161743164,38.334999084472656,38.5,37.849998474121094,38.5,520000,VWO
2007-01-29,23.127952575683594,38.025001525878906,38.29999923706055,37.88999938964844,38.220001220703125,380200,VWO
2007-01-30,23.37732696533203,38.435001373291016,38.435001373291016,37.89500045776367,37.89500045776367,1012600,VWO
2007-01-31,23.553712844848633,38.724998474121094,38.72999954223633,37.915000915527344,38.060001373291016,2860200,VWO
2007-02-01,23.790922164916992,39.1150016784668,39.185001373291016,38.82500076293945,38.959999084472656,1995600,VWO
2007-02-02,23.78179168701172,39.099998474121094,39.20000076293945,38.89500045776367,39.20000076293945,650800,VWO
2007-02-05,23.78179168701172,39.099998474121094,39.20000076293945,38.8849983215332,39.20000076293945,1338200,VWO
2007-02-06,24.03725242614746,39.52000045776367,39.55500030517578,39.20000076293945,39.55500030517578,825200,VWO
2007-02-07,23.994670867919922,39.45000076293945,39.68000030517578,39.32500076293945,39.525001525878906,1913200,VWO
2007-02-08,24.040298461914062,39.525001525878906,39.525001525878906,39.0,39.279998779296875,1085600,VWO
2007-02-09,23.62061309814453,38.834999084472656,39.654998779296875,38.685001373291016,39.650001525878906,1126400,VWO
2007-02-12,23.44727325439453,38.54999923706055,38.92499923706055,38.375,38.915000915527344,557800,VWO
2007-02-13,23.848695755004883,39.209999084472656,39.209999084472656,38.810001373291016,38.91999816894531,563400,VWO
2007-02-14,24.26837730407715,39.900001525878906,39.959999084472656,39.345001220703125,39.45000076293945,588800,VWO
2007-02-15,24.26230239868164,39.88999938964844,40.029998779296875,39.66999816894531,40.029998779296875,545600,VWO
2007-02-16,24.244041442871094,39.86000061035156,39.935001373291016,39.6150016784668,39.935001373291016,413800,VWO
2007-02-20,24.36264991760254,40.05500030517578,40.10499954223633,39.650001525878906,40.099998474121094,524000,VWO
2007-02-21,24.313989639282227,39.974998474121094,40.119998931884766,39.69499969482422,39.95000076293945,530000,VWO
2007-02-22,24.4630126953125,40.220001220703125,40.400001525878906,40.05500030517578,40.25,453000,VWO
2007-02-23,24.35048484802246,40.03499984741211,40.2599983215332,39.75,40.209999084472656,501200,VWO
2007-02-26,24.304866790771484,39.959999084472656,40.32500076293945,39.64500045776367,40.20000076293945,491200,VWO
2007-02-27,22.531885147094727,37.04499816894531,39.0,36.02000045776367,38.7599983215332,2139400,VWO
2007-02-28,23.006303787231445,37.82500076293945,38.275001525878906,37.25,37.2599983215332,2332200,VWO
2007-03-01,22.732593536376953,37.375,37.599998474121094,36.150001525878906,37.244998931884766,1349000,VWO
2007-03-02,22.261219024658203,36.599998474121094,37.44499969482422,36.54499816894531,37.03499984741211,1348400,VWO
2007-03-05,21.622573852539062,35.54999923706055,36.28499984741211,35.025001525878906,35.32500076293945,2326200,VWO
2007-03-06,22.656570434570312,37.25,37.25,36.51499938964844,36.564998626708984,1362800,VWO
2007-03-07,22.42847442626953,36.875,37.125,36.64500045776367,36.915000915527344,664800,VWO
2007-03-08,22.87857437133789,37.6150016784668,37.84000015258789,37.42499923706055,37.665000915527344,1443800,VWO
2007-03-09,22.957643508911133,37.744998931884766,37.900001525878906,37.42499923706055,37.89500045776367,667400,VWO
2007-03-12,23.18572235107422,38.119998931884766,38.224998474121094,37.7400016784668,37.779998779296875,447600,VWO
2007-03-13,22.23384666442871,36.55500030517578,37.869998931884766,36.5,37.775001525878906,1809600,VWO
2007-03-14,22.647445678710938,37.23500061035156,37.23500061035156,36.185001373291016,36.81999969482422,988400,VWO
2007-03-15,22.88161849975586,37.619998931884766,37.7400016784668,37.064998626708984,37.26499938964844,464200,VWO
2007-03-16,22.690021514892578,37.30500030517578,37.76499938964844,37.150001525878906,37.53499984741211,340200,VWO
2007-03-19,23.124902725219727,38.02000045776367,38.05500030517578,37.71500015258789,37.95000076293945,488600,VWO
2007-03-20,23.346904754638672,38.3849983215332,38.400001525878906,37.900001525878906,38.02000045776367,1240200,VWO
2007-03-21,24.015960693359375,39.48500061035156,39.58000183105469,38.32500076293945,38.4900016784668,729200,VWO
2007-03-22,23.897356033325195,39.290000915527344,40.43000030517578,39.13999938964844,40.43000030517578,510000,VWO
2007-03-23,23.946014404296875,39.369998931884766,39.505001068115234,39.18000030517578,39.279998779296875,636800,VWO
2007-03-26,23.933849334716797,39.349998474121094,39.654998779296875,38.849998474121094,39.654998779296875,431200,VWO
2007-03-27,23.80307960510254,39.1349983215332,39.25,39.040000915527344,39.18000030517578,950400,VWO
2007-03-28,23.593238830566406,38.790000915527344,39.095001220703125,38.56999969482422,39.095001220703125,498400,VWO
2007-03-29,24.046367645263672,39.53499984741211,39.72999954223633,39.05500030517578,39.474998474121094,374400,VWO
2007-03-30,23.985553741455078,39.435001373291016,39.724998474121094,39.13999938964844,39.5,972400,VWO
2007-04-02,24.195388793945312,39.779998779296875,39.834999084472656,39.375,39.5099983215332,761800,VWO
2007-04-03,24.55728530883789,40.375,40.724998474121094,39.994998931884766,40.724998474121094,572800,VWO
2007-04-04,24.639394760131836,40.5099983215332,40.540000915527344,40.209999084472656,40.39500045776367,972000,VWO
2007-04-05,24.706298828125,40.619998931884766,40.73500061035156,40.400001525878906,40.41999816894531,1741600,VWO
2007-04-09,24.852283477783203,40.86000061035156,41.02000045776367,40.77000045776367,40.79499816894531,530000,VWO
2007-04-10,24.928308486938477,40.98500061035156,41.1349983215332,40.81999969482422,40.9900016784668,382000,VWO
2007-04-11,24.858354568481445,40.869998931884766,41.21500015258789,40.61000061035156,41.17499923706055,890200,VWO
2007-04-12,25.17464828491211,41.38999938964844,41.40999984741211,40.64500045776367,40.959999084472656,434800,VWO
2007-04-13,25.256755828857422,41.525001525878906,41.525001525878906,41.125,41.275001525878906,277400,VWO
2007-04-16,25.57303237915039,42.04499816894531,42.07500076293945,41.880001068115234,41.97999954223633,456600,VWO
2007-04-17,25.481794357299805,41.89500045776367,42.07500076293945,41.6349983215332,42.05500030517578,1060800,VWO
2007-04-18,25.363201141357422,41.70000076293945,41.810001373291016,41.17499923706055,41.68000030517578,429000,VWO
2007-04-19,25.192886352539062,41.41999816894531,41.41999816894531,40.564998626708984,41.244998931884766,534400,VWO
2007-04-20,25.569992065429688,42.040000915527344,42.099998474121094,41.685001373291016,41.994998931884766,426000,VWO
2007-04-23,25.46355628967285,41.8650016784668,42.0,41.599998474121094,42.0,429200,VWO
2007-04-24,25.481794357299805,41.89500045776367,41.959999084472656,41.54499816894531,41.959999084472656,437200,VWO
2007-04-25,25.84369468688965,42.4900016784668,42.4900016784668,41.86000061035156,42.099998474121094,1247200,VWO
2007-04-26,25.49700355529785,41.91999816894531,42.33000183105469,41.915000915527344,42.310001373291016,761000,VWO
2007-04-27,25.39359474182129,41.75,41.849998474121094,41.369998931884766,41.60499954223633,507600,VWO
2007-04-30,24.89789390563965,40.935001373291016,41.58000183105469,40.79999923706055,41.505001068115234,484600,VWO
2007-05-01,25.074277877807617,41.224998474121094,41.255001068115234,40.79999923706055,41.255001068115234,662800,VWO
2007-05-02,25.557825088500977,42.02000045776367,43.0,41.3849983215332,41.48500061035156,1061600,VWO
2007-05-03,25.81023597717285,42.435001373291016,42.435001373291016,41.94499969482422,42.07500076293945,457200,VWO
2007-05-04,25.907564163208008,42.595001220703125,42.66999816894531,42.33000183105469,42.45000076293945,387200,VWO
2007-05-07,25.998796463012695,42.744998931884766,42.869998931884766,42.57500076293945,42.665000915527344,830200,VWO
2007-05-08,25.76462745666504,42.36000061035156,42.43000030517578,42.0099983215332,42.275001525878906,856600,VWO
2007-05-09,26.07482147216797,42.869998931884766,42.875,42.30500030517578,42.474998474121094,452600,VWO
2007-05-10,25.42705535888672,41.80500030517578,42.6349983215332,41.755001068115234,42.619998931884766,591200,VWO
2007-05-11,26.09307289123535,42.900001525878906,42.95000076293945,42.29999923706055,42.33000183105469,508600,VWO
2007-05-14,25.92884635925293,42.630001068115234,42.994998931884766,42.32500076293945,42.915000915527344,556800,VWO
2007-05-15,25.941003799438477,42.650001525878906,42.95500183105469,42.27000045776367,42.46500015258789,646200,VWO
2007-05-16,26.357641220092773,43.334999084472656,43.334999084472656,42.65999984741211,42.94499969482422,929600,VWO
2007-05-17,26.205583572387695,43.084999084472656,43.21500015258789,42.71500015258789,42.90999984741211,958200,VWO
2007-05-18,26.39110565185547,43.38999938964844,43.38999938964844,42.974998474121094,43.125,382800,VWO
2007-05-21,26.44887351989746,43.48500061035156,43.654998779296875,43.275001525878906,43.51499938964844,1299600,VWO
2007-05-22,26.518831253051758,43.599998474121094,43.724998474121094,43.439998626708984,43.60499954223633,500400,VWO
2007-05-23,26.34547233581543,43.314998626708984,43.875,43.21500015258789,43.70000076293945,744600,VWO
2007-05-24,25.77374839782715,42.375,43.470001220703125,42.095001220703125,43.099998474121094,1026800,VWO
2007-05-25,26.28162384033203,43.209999084472656,43.209999084472656,42.80500030517578,42.8849983215332,1171000,VWO
2007-05-29,26.19951057434082,43.07500076293945,43.36000061035156,42.755001068115234,43.314998626708984,412200,VWO
2007-05-30,26.4580078125,43.5,43.505001068115234,42.290000915527344,42.44499969482422,576800,VWO
2007-05-31,26.555326461791992,43.65999984741211,43.810001373291016,43.5,43.72999954223633,433600,VWO
2007-06-01,27.154428482055664,44.64500045776367,44.64500045776367,44.18000030517578,44.2599983215332,653800,VWO
2007-06-04,27.072322845458984,44.5099983215332,44.619998931884766,44.224998474121094,44.619998931884766,620200,VWO
2007-06-05,26.92330551147461,44.26499938964844,44.415000915527344,43.91999816894531,44.375,354000,VWO
2007-06-06,26.47928810119629,43.53499984741211,43.97999954223633,43.275001525878906,43.880001068115234,504000,VWO
2007-06-07,26.01096534729004,42.76499938964844,43.82500076293945,42.54499816894531,43.7400016784668,834800,VWO
2007-06-08,26.62222671508789,43.77000045776367,43.79999923706055,42.83000183105469,43.25,716000,VWO
2007-06-11,26.70130157470703,43.900001525878906,44.18000030517578,43.459999084472656,43.869998931884766,492600,VWO
2007-06-12,26.26641082763672,43.185001373291016,43.834999084472656,43.125,43.525001525878906,539600,VWO
2007-06-13,26.850317001342773,44.14500045776367,44.15999984741211,43.5099983215332,43.57500076293945,606000,VWO
2007-06-14,27.266948699951172,44.83000183105469,45.0,44.33000183105469,44.54499816894531,1722800,VWO
2007-06-15,27.73530387878418,45.599998474121094,45.654998779296875,45.125,45.189998626708984,498600,VWO
2007-06-18,27.95729637145996,45.96500015258789,46.060001373291016,45.51499938964844,45.994998931884766,497200,VWO
2007-06-19,28.01202392578125,46.05500030517578,46.05500030517578,45.5,45.65999984741211,480600,VWO
2007-06-20,27.817399978637695,45.73500061035156,46.375,45.189998626708984,46.18000030517578,882000,VWO
2007-06-21,28.130638122558594,46.25,46.25,45.345001220703125,45.73500061035156,828400,VWO
2007-06-22,27.73530387878418,45.599998474121094,46.16999816894531,45.209999084472656,45.9900016784668,653800,VWO
2007-06-25,27.504161834716797,45.220001220703125,45.67499923706055,44.900001525878906,45.57500076293945,464400,VWO
2007-06-26,27.370349884033203,45.0,45.494998931884766,44.935001373291016,45.494998931884766,527400,VWO
2007-06-27,27.726165771484375,45.584999084472656,45.584999084472656,44.584999084472656,44.77000045776367,497600,VWO
2007-06-28,27.729211807250977,45.59000015258789,45.84000015258789,45.255001068115234,45.584999084472656,424400,VWO
2007-06-29,27.762662887573242,45.64500045776367,45.91999816894531,45.17499923706055,45.845001220703125,455200,VWO
2007-07-02,28.337446212768555,46.59000015258789,46.685001373291016,45.92499923706055,46.220001220703125,3319200,VWO
2007-07-03,28.644590377807617,47.095001220703125,47.099998474121094,46.814998626708984,47.095001220703125,866000,VWO
2007-07-05,28.86659049987793,47.459999084472656,47.48500061035156,47.064998626708984,47.31999969482422,3051200,VWO
2007-07-06,29.258901596069336,48.10499954223633,48.25,47.5099983215332,47.775001525878906,693000,VWO
2007-07-09,29.483945846557617,48.474998474121094,48.67499923706055,48.20500183105469,48.53499984741211,857600,VWO
2007-07-10,28.96695899963379,47.625,48.470001220703125,47.47999954223633,48.44499969482422,742600,VWO
2007-07-11,29.185922622680664,47.98500061035156,48.029998779296875,47.42499923706055,47.584999084472656,963400,VWO
2007-07-12,29.949247360229492,49.2400016784668,49.349998474121094,48.40999984741211,48.68000030517578,552200,VWO
2007-07-13,30.15604019165039,49.58000183105469,49.595001220703125,49.26499938964844,49.290000915527344,478000,VWO
2007-07-16,29.71813201904297,48.86000061035156,49.474998474121094,48.7599983215332,49.279998779296875,1174600,VWO
2007-07-17,29.788063049316406,48.974998474121094,49.2400016784668,48.86000061035156,49.154998779296875,960800,VWO
2007-07-18,29.678598403930664,48.79499816894531,48.8650016784668,48.21500015258789,48.619998931884766,819800,VWO
2007-07-19,29.955333709716797,49.25,49.59000015258789,49.154998779296875,49.59000015258789,589200,VWO
2007-07-20,29.876266479492188,49.119998931884766,49.595001220703125,48.709999084472656,49.470001220703125,841400,VWO
2007-07-23,30.57876968383789,50.275001525878906,50.31999969482422,49.83000183105469,50.0,547800,VWO
2007-07-24,29.672500610351562,48.78499984741211,49.974998474121094,48.560001373291016,49.85499954223633,845200,VWO
2007-07-25,30.034400939941406,49.380001068115234,50.0,48.4900016784668,49.73500061035156,777000,VWO
2007-07-26,28.380008697509766,46.65999984741211,49.125,45.7599983215332,47.540000915527344,2002800,VWO
2007-07-27,28.069820404052734,46.150001525878906,47.275001525878906,45.974998474121094,46.935001373291016,1201200,VWO
2007-07-30,29.14942169189453,47.92499923706055,48.060001373291016,46.83000183105469,47.2400016784668,1130800,VWO
2007-07-31,28.73887062072754,47.25,48.650001525878906,47.025001525878906,48.33000183105469,1339200,VWO
2007-08-01,28.282690048217773,46.5,46.7599983215332,45.75,46.5099983215332,1999200,VWO
2007-08-02,28.583770751953125,46.994998931884766,47.34000015258789,46.375,46.83000183105469,522400,VWO
2007-08-03,27.43117904663086,45.099998474121094,46.94499969482422,44.775001525878906,46.904998779296875,921600,VWO
2007-08-06,28.130638122558594,46.25,46.25,44.70500183105469,45.17499923706055,888000,VWO
2007-08-07,28.234033584594727,46.41999816894531,46.72999954223633,45.57500076293945,45.849998474121094,552800,VWO
2007-08-08,29.0125732421875,47.70000076293945,48.20000076293945,46.875,46.875,1116000,VWO
2007-08-09,27.80828094482422,45.720001220703125,47.130001068115234,45.45500183105469,47.130001068115234,2677600,VWO
2007-08-10,27.50720977783203,45.224998474121094,45.72999954223633,44.25,44.80500030517578,1653800,VWO
2007-08-13,27.67447280883789,45.5,46.279998779296875,45.375,46.150001525878906,738400,VWO
2007-08-14,26.807729721069336,44.07500076293945,45.564998626708984,43.86000061035156,45.564998626708984,1273000,VWO
2007-08-15,25.48787498474121,41.904998779296875,43.994998931884766,41.904998779296875,43.44499969482422,1479800,VWO
2007-08-16,25.059083938598633,41.20000076293945,41.75,38.86000061035156,40.125,2274600,VWO
2007-08-17,26.02007484436035,42.779998779296875,44.224998474121094,41.595001220703125,42.8650016784668,1384800,VWO
2007-08-20,26.16909408569336,43.025001525878906,43.42499923706055,42.224998474121094,43.150001525878906,1300800,VWO
2007-08-21,25.968387603759766,42.69499969482422,43.095001220703125,42.334999084472656,42.64500045776367,953600,VWO
2007-08-22,27.023662567138672,44.43000030517578,44.68000030517578,43.98500061035156,44.04499816894531,1246600,VWO
2007-08-23,27.248708724975586,44.79999923706055,45.25,44.15999984741211,44.974998474121094,1423400,VWO
2007-08-24,27.863018035888672,45.810001373291016,45.900001525878906,44.630001068115234,44.75,725600,VWO
2007-08-27,27.993789672851562,46.025001525878906,46.279998779296875,45.54499816894531,45.84000015258789,911000,VWO
2007-08-28,26.883766174316406,44.20000076293945,45.744998931884766,43.869998931884766,45.744998931884766,1122800,VWO
2007-08-29,28.154970169067383,46.290000915527344,46.31999969482422,44.95500183105469,45.25,658000,VWO
2007-08-30,27.872140884399414,45.82500076293945,46.529998779296875,45.36000061035156,45.599998474121094,734200,VWO
2007-08-31,28.735820770263672,47.244998931884766,47.47999954223633,46.755001068115234,47.025001525878906,1209000,VWO
2007-09-04,29.137250900268555,47.904998779296875,48.2400016784668,46.18000030517578,46.18000030517578,906200,VWO
2007-09-05,28.46212387084961,46.79499816894531,47.244998931884766,46.53499984741211,47.040000915527344,1693000,VWO
2007-09-06,28.88789176940918,47.494998931884766,47.64500045776367,46.880001068115234,46.880001068115234,844200,VWO
2007-09-07,28.31613540649414,46.55500030517578,46.72999954223633,45.90999984741211,46.5,774000,VWO
2007-09-10,28.121517181396484,46.23500061035156,47.119998931884766,45.70000076293945,47.119998931884766,691800,VWO
2007-09-11,28.927431106567383,47.560001373291016,47.66999816894531,47.029998779296875,47.18000030517578,545000,VWO
2007-09-12,28.842256546020508,47.41999816894531,47.71500015258789,46.95500183105469,47.29499816894531,832800,VWO
2007-09-13,29.128143310546875,47.88999938964844,48.21500015258789,47.625,47.849998474121094,796800,VWO
2007-09-14,29.170719146728516,47.959999084472656,48.2400016784668,47.599998474121094,47.72999954223633,596800,VWO
2007-09-17,28.903100967407227,47.52000045776367,48.125,47.17499923706055,47.76499938964844,639200,VWO
2007-09-18,30.259431838989258,49.75,49.904998779296875,47.68000030517578,47.90999984741211,1107600,VWO
2007-09-19,30.326345443725586,49.86000061035156,50.68000030517578,49.439998626708984,49.439998626708984,1958600,VWO
2007-09-20,30.125627517700195,49.529998779296875,50.04499816894531,49.29999923706055,49.8650016784668,925200,VWO
2007-09-21,30.639589309692383,50.375,50.70000076293945,50.1150016784668,50.70000076293945,1333000,VWO
2007-09-24,31.01974105834961,51.0,51.27000045776367,50.72999954223633,50.8650016784668,2047000,VWO
2007-09-25,31.047109603881836,51.04499816894531,51.04499816894531,50.29999923706055,50.83000183105469,846000,VWO
2007-09-26,31.278240203857422,51.42499923706055,51.58000183105469,50.994998931884766,51.44499969482422,1196200,VWO
2007-09-27,31.813491821289062,52.30500030517578,52.36000061035156,51.724998474121094,52.119998931884766,1423600,VWO
2007-09-28,31.56106185913086,51.88999938964844,52.41999816894531,51.61000061035156,52.41999816894531,1326400,VWO
2007-10-01,32.77447509765625,53.8849983215332,53.95000076293945,52.349998474121094,52.46500015258789,2959600,VWO
2007-10-02,32.661949157714844,53.70000076293945,54.98500061035156,53.46500015258789,54.28499984741211,1406200,VWO
2007-10-03,32.16321563720703,52.880001068115234,53.650001525878906,52.59000015258789,53.5099983215332,844200,VWO
2007-10-04,32.44906234741211,53.349998474121094,53.380001068115234,52.404998779296875,53.275001525878906,787400,VWO
2007-10-05,33.330997467041016,54.79999923706055,55.21500015258789,54.10499954223633,54.334999084472656,1721000,VWO
2007-10-08,33.02688217163086,54.29999923706055,54.38999938964844,53.970001220703125,54.29999923706055,1110600,VWO
2007-10-09,33.38270568847656,54.8849983215332,55.20000076293945,54.4900016784668,54.744998931884766,1268600,VWO
2007-10-10,33.60470962524414,55.25,55.744998931884766,54.755001068115234,55.744998931884766,1273000,VWO
2007-10-11,33.44960403442383,54.994998931884766,56.494998931884766,54.0,56.275001525878906,1936800,VWO
2007-10-12,33.954444885253906,55.82500076293945,55.82500076293945,55.04499816894531,55.17499923706055,859200,VWO
2007-10-15,33.72636032104492,55.45000076293945,56.369998931884766,54.540000915527344,56.369998931884766,1528400,VWO
2007-10-16,32.98126220703125,54.224998474121094,55.060001373291016,53.93000030517578,54.98500061035156,1376400,VWO
2007-10-17,33.954444885253906,55.82500076293945,55.90999984741211,54.564998626708984,55.6349983215332,1691800,VWO
2007-10-18,34.10346603393555,56.06999969482422,56.14500045776367,54.78499984741211,54.900001525878906,1545600,VWO
2007-10-19,32.415626525878906,53.29499816894531,55.755001068115234,53.25,55.755001068115234,2312000,VWO
2007-10-22,32.84440612792969,54.0,54.04999923706055,50.005001068115234,51.75,2213200,VWO
2007-10-23,33.63511276245117,55.29999923706055,55.625,54.619998931884766,55.345001220703125,1494600,VWO
2007-10-24,33.33404541015625,54.80500030517578,55.165000915527344,53.650001525878906,54.9900016784668,1649400,VWO
2007-10-25,33.72636032104492,55.45000076293945,55.790000915527344,54.845001220703125,55.75,1326800,VWO
2007-10-26,35.01580047607422,57.56999969482422,57.625,56.60499954223633,56.994998931884766,1150000,VWO
2007-10-29,35.60883331298828,58.54499816894531,58.80500030517578,57.5,57.98500061035156,1794200,VWO
2007-10-30,34.95802688598633,57.474998474121094,58.09000015258789,57.23500061035156,57.845001220703125,1649200,VWO
2007-10-31,35.66661071777344,58.63999938964844,58.92499923706055,57.32500076293945,58.05500030517578,1584600,VWO
2007-11-01,34.41061019897461,56.57500076293945,57.45000076293945,56.13999938964844,57.125,1592600,VWO
2007-11-02,34.59309005737305,56.875,57.09000015258789,55.77000045776367,56.95000076293945,1562800,VWO
2007-11-05,33.756771087646484,55.5,55.72999954223633,54.599998474121094,55.0,1457200,VWO
2007-11-06,34.79075241088867,57.20000076293945,57.20000076293945,55.90999984741211,56.165000915527344,1576000,VWO
2007-11-07,33.464820861816406,55.02000045776367,56.775001525878906,54.95000076293945,56.775001525878906,1562200,VWO
2007-11-08,33.7689208984375,55.52000045776367,55.95000076293945,53.415000915527344,55.1150016784668,3526400,VWO
2007-11-09,33.03905487060547,54.31999969482422,55.39500045776367,53.90999984741211,55.39500045776367,1681600,VWO
2007-11-12,31.269094467163086,51.40999984741211,53.71500015258789,51.25,53.71500015258789,2033600,VWO
2007-11-13,33.39183044433594,54.900001525878906,55.189998626708984,51.98500061035156,51.98500061035156,2019200,VWO
2007-11-14,33.543880462646484,55.150001525878906,56.33000183105469,54.654998779296875,56.08000183105469,1260200,VWO
2007-11-15,32.783592224121094,53.900001525878906,54.6150016784668,53.0099983215332,54.439998626708984,1619600,VWO
2007-11-16,32.83833694458008,53.9900016784668,54.43000030517578,53.25,53.900001525878906,1038000,VWO
2007-11-19,31.932079315185547,52.5,53.5,51.810001373291016,52.89500045776367,1038800,VWO
2007-11-20,32.35784149169922,53.20000076293945,53.724998474121094,51.98500061035156,52.810001373291016,1361000,VWO
2007-11-21,30.84029769897461,50.70500183105469,52.150001525878906,50.42499923706055,52.029998779296875,1948200,VWO
2007-11-23,31.402915954589844,51.630001068115234,52.130001068115234,50.935001373291016,51.57500076293945,1549800,VWO
2007-11-26,29.89450454711914,49.150001525878906,52.55500030517578,48.75,52.279998779296875,1447000,VWO
2007-11-27,31.357290267944336,51.55500030517578,51.90999984741211,50.33000183105469,50.73500061035156,1844000,VWO
2007-11-28,32.905235290527344,54.099998474121094,54.404998779296875,52.209999084472656,52.334999084472656,1972200,VWO
2007-11-29,32.63154220581055,53.650001525878906,54.07500076293945,53.0,53.29499816894531,2063200,VWO
2007-11-30,32.625457763671875,53.63999938964844,55.470001220703125,53.32500076293945,55.470001220703125,2707600,VWO
2007-12-03,32.69844055175781,53.7599983215332,53.915000915527344,53.39500045776367,53.849998474121094,1260400,VWO
2007-12-04,32.64066696166992,53.665000915527344,54.025001525878906,53.314998626708984,53.709999084472656,1549600,VWO
2007-12-05,33.86015319824219,55.66999816894531,55.775001525878906,54.720001220703125,54.720001220703125,1479400,VWO
2007-12-06,34.167320251464844,56.17499923706055,56.529998779296875,55.220001220703125,55.369998931884766,1472800,VWO
2007-12-07,33.96052169799805,55.834999084472656,56.31999969482422,55.48500061035156,56.31999969482422,1295400,VWO
2007-12-10,33.94226837158203,55.80500030517578,55.92499923706055,55.42499923706055,55.900001525878906,1065200,VWO
2007-12-11,32.52510452270508,53.474998474121094,56.41999816894531,53.19499969482422,56.41999816894531,1857200,VWO
2007-12-12,33.46177673339844,55.01499938964844,56.20000076293945,53.900001525878906,54.83000183105469,1347600,VWO
2007-12-13,32.8626823425293,54.029998779296875,54.75,53.0,54.75,1423800,VWO
2007-12-14,31.944244384765625,52.52000045776367,53.625,52.29999923706055,53.625,1419800,VWO
2007-12-17,30.490575790405273,50.130001068115234,51.93000030517578,50.0,51.93000030517578,1742800,VWO
2007-12-18,31.29343032836914,51.45000076293945,51.685001373291016,50.290000915527344,50.994998931884766,2066800,VWO
2007-12-19,31.430273056030273,51.67499923706055,52.165000915527344,51.41999816894531,51.915000915527344,1370800,VWO
2007-12-20,31.536727905273438,51.849998474121094,52.150001525878906,51.36000061035156,51.80500030517578,1711600,VWO
2007-12-21,32.373050689697266,53.224998474121094,53.3849983215332,52.2599983215332,52.2599983215332,1102800,VWO
2007-12-24,32.98313522338867,53.224998474121094,53.2400016784668,52.630001068115234,52.724998474121094,701600,VWO
2007-12-26,33.22480773925781,53.6150016784668,53.65999984741211,52.849998474121094,52.994998931884766,1081400,VWO
2007-12-27,32.53695297241211,52.505001068115234,53.959999084472656,52.19499969482422,53.959999084472656,782400,VWO
2007-12-28,32.66398239135742,52.709999084472656,52.709999084472656,52.2400016784668,52.505001068115234,1095200,VWO
2007-12-31,32.316951751708984,52.150001525878906,53.2400016784668,52.150001525878906,53.09000015258789,1039000,VWO
2008-01-02,32.22400665283203,52.0,52.97999954223633,51.314998626708984,52.125,1454800,VWO
2008-01-03,32.53385925292969,52.5,52.540000915527344,52.02000045776367,52.35499954223633,1434800,VWO
2008-01-04,31.45868492126465,50.76499938964844,52.11000061035156,50.3650016784668,51.79499816894531,2638800,VWO
2008-01-07,31.706552505493164,51.165000915527344,51.459999084472656,50.33000183105469,51.0,1826000,VWO
2008-01-08,31.6817626953125,51.125,52.95000076293945,50.88999938964844,51.96500015258789,1864600,VWO
2008-01-09,32.45018005371094,52.3650016784668,52.540000915527344,51.15999984741211,51.689998626708984,1724400,VWO
2008-01-10,32.750755310058594,52.849998474121094,53.30500030517578,51.45000076293945,51.95000076293945,2439800,VWO
2008-01-11,31.976125717163086,51.599998474121094,52.19499969482422,51.125,52.19499969482422,2259200,VWO
2008-01-14,32.32004928588867,52.154998779296875,52.29499816894531,51.6349983215332,52.189998626708984,1212400,VWO
2008-01-15,30.95673370361328,49.95500183105469,51.474998474121094,49.650001525878906,51.474998474121094,1900800,VWO
2008-01-16,29.766925811767578,48.03499984741211,49.380001068115234,47.05500030517578,49.25,3338200,VWO
2008-01-17,28.91484260559082,46.65999984741211,48.904998779296875,46.27000045776367,48.084999084472656,3145200,VWO
2008-01-18,29.54694175720215,47.68000030517578,48.29499816894531,46.599998474121094,47.59000015258789,3931800,VWO
2008-01-22,28.64218521118164,46.220001220703125,47.07500076293945,43.94499969482422,44.474998474121094,5044800,VWO
2008-01-23,28.952028274536133,46.720001220703125,46.744998931884766,42.775001525878906,44.21500015258789,3599400,VWO
2008-01-24,29.156522750854492,47.04999923706055,47.369998931884766,46.040000915527344,46.375,3348600,VWO
2008-01-25,28.474864959716797,45.95000076293945,47.98500061035156,45.81999969482422,47.834999084472656,3737000,VWO
2008-01-28,29.12554931640625,47.0,47.5,45.39500045776367,46.0,1645000,VWO
2008-01-29,29.237083435058594,47.18000030517578,47.5,46.560001373291016,47.345001220703125,1631800,VWO
2008-01-30,28.719635009765625,46.345001220703125,48.02000045776367,46.11000061035156,46.42499923706055,2987000,VWO
2008-01-31,29.401308059692383,47.44499969482422,47.709999084472656,45.369998931884766,45.83000183105469,3092000,VWO
2008-02-01,30.11394500732422,48.595001220703125,48.599998474121094,47.525001525878906,47.790000915527344,2586800,VWO
2008-02-04,30.076770782470703,48.53499984741211,48.97999954223633,48.33000183105469,48.900001525878906,2664200,VWO
2008-02-05,28.825000762939453,46.51499938964844,47.92499923706055,46.09000015258789,47.92499923706055,1659400,VWO
2008-02-06,28.381914138793945,45.79999923706055,47.224998474121094,45.57500076293945,46.77000045776367,2646400,VWO
2008-02-07,28.83738899230957,46.53499984741211,46.86000061035156,45.1349983215332,45.494998931884766,2271600,VWO
2008-02-08,28.657684326171875,46.244998931884766,46.45000076293945,45.58000183105469,46.17499923706055,2205600,VWO
2008-02-11,29.048086166381836,46.875,46.875,45.494998931884766,46.005001068115234,1466800,VWO
2008-02-12,29.156522750854492,47.04999923706055,48.09000015258789,46.845001220703125,47.0099983215332,2798200,VWO
2008-02-13,29.776226043701172,48.04999923706055,48.23500061035156,47.095001220703125,48.04499816894531,1453000,VWO
2008-02-14,29.435396194458008,47.5,48.709999084472656,47.5,48.709999084472656,1611200,VWO
2008-02-15,29.884662628173828,48.224998474121094,48.224998474121094,47.25,47.45500183105469,778200,VWO
2008-02-19,30.175914764404297,48.69499969482422,49.43000030517578,48.474998474121094,49.005001068115234,1286800,VWO
2008-02-20,30.417600631713867,49.084999084472656,49.22999954223633,47.560001373291016,48.025001525878906,1289800,VWO
2008-02-21,30.00551414489746,48.41999816894531,49.505001068115234,48.275001525878906,49.375,1416400,VWO
2008-02-22,30.457883834838867,49.150001525878906,49.349998474121094,48.04999923706055,49.060001373291016,1378000,VWO
2008-02-25,30.79252052307129,49.689998626708984,50.1150016784668,48.845001220703125,49.994998931884766,1411400,VWO
2008-02-26,31.368837356567383,50.619998931884766,50.689998626708984,49.459999084472656,49.869998931884766,1373200,VWO
2008-02-27,31.49587631225586,50.82500076293945,51.150001525878906,50.125,50.334999084472656,1573600,VWO
2008-02-28,31.235586166381836,50.404998779296875,50.845001220703125,50.19499969482422,50.43000030517578,1453600,VWO
2008-02-29,30.247194290161133,48.810001373291016,50.029998779296875,48.505001068115234,49.869998931884766,1308400,VWO
2008-03-03,30.420698165893555,49.09000015258789,49.09000015258789,48.209999084472656,48.744998931884766,1557200,VWO
2008-03-04,29.862991333007812,48.189998626708984,48.665000915527344,47.25,48.43000030517578,4079600,VWO
2008-03-05,30.423810958862305,49.095001220703125,49.314998626708984,48.279998779296875,48.56999969482422,1439000,VWO
2008-03-06,29.506649017333984,47.6150016784668,49.095001220703125,47.505001068115234,49.005001068115234,1505200,VWO
2008-03-07,29.18752098083496,47.099998474121094,47.900001525878906,46.529998779296875,47.14500045776367,1662800,VWO
2008-03-10,28.36642074584961,45.775001525878906,47.16999816894531,45.599998474121094,46.564998626708984,1419800,VWO
2008-03-11,30.284360885620117,48.869998931884766,49.18000030517578,47.220001220703125,48.20500183105469,1857600,VWO
2008-03-12,29.562437057495117,47.70500183105469,48.849998474121094,47.70500183105469,48.630001068115234,1891000,VWO
2008-03-13,29.5035457611084,47.61000061035156,47.849998474121094,46.1349983215332,46.34000015258789,2226600,VWO
2008-03-14,28.437685012817383,45.88999938964844,47.71500015258789,45.474998474121094,47.71500015258789,2729000,VWO
2008-03-17,27.511241912841797,44.39500045776367,44.915000915527344,43.474998474121094,44.915000915527344,3267400,VWO
2008-03-18,29.082164764404297,46.93000030517578,46.93000030517578,45.29999923706055,45.77000045776367,2060400,VWO
2008-03-19,27.458572387695312,44.310001373291016,46.45500183105469,44.0099983215332,46.05500030517578,1965800,VWO
2008-03-20,27.873760223388672,44.97999954223633,45.06999969482422,43.58000183105469,44.54999923706055,1885000,VWO
2008-03-24,28.91794204711914,46.665000915527344,47.01499938964844,45.25,45.25,1811400,VWO
2008-03-25,29.23398780822754,47.17499923706055,47.5,46.665000915527344,47.16999816894531,1857800,VWO
2008-03-26,28.862157821655273,46.57500076293945,47.69499969482422,46.57500076293945,47.69499969482422,1794400,VWO
2008-03-27,29.178218841552734,47.084999084472656,47.6150016784668,46.76499938964844,47.51499938964844,1368200,VWO
2008-03-28,28.96442222595215,46.7400016784668,47.459999084472656,46.7400016784668,47.14500045776367,1131400,VWO
2008-03-31,29.134841918945312,47.01499938964844,47.25,46.80500030517578,47.06999969482422,2115600,VWO
2008-04-01,29.993125915527344,48.400001525878906,48.689998626708984,47.255001068115234,47.54999923706055,3481200,VWO
2008-04-02,29.986907958984375,48.38999938964844,48.8650016784668,48.07500076293945,48.8650016784668,1709400,VWO
2008-04-03,30.302959442138672,48.900001525878906,49.25,48.1349983215332,48.525001525878906,2967400,VWO
2008-04-04,30.250288009643555,48.814998626708984,49.375,48.45000076293945,49.0099983215332,1547600,VWO
2008-04-07,30.399009704589844,49.05500030517578,50.025001525878906,49.05500030517578,49.994998931884766,1435000,VWO
2008-04-08,30.337034225463867,48.95500183105469,49.435001373291016,48.76499938964844,49.11000061035156,966400,VWO
2008-04-09,30.1015682220459,48.57500076293945,49.21500015258789,48.375,49.21500015258789,1235400,VWO
2008-04-10,30.622093200683594,49.415000915527344,49.630001068115234,48.61000061035156,49.150001525878906,1024200,VWO
2008-04-11,30.058185577392578,48.505001068115234,49.16999816894531,48.5,48.86000061035156,1424200,VWO
2008-04-14,30.098459243774414,48.56999969482422,48.915000915527344,48.19499969482422,48.60499954223633,840600,VWO
2008-04-15,30.60972023010254,49.39500045776367,49.39500045776367,48.78499984741211,49.0,678000,VWO
2008-04-16,31.251083374023438,50.43000030517578,50.494998931884766,49.7599983215332,49.78499984741211,1182000,VWO
2008-04-17,31.058982849121094,50.119998931884766,50.244998931884766,49.619998931884766,49.9900016784668,1401200,VWO
2008-04-18,31.37192153930664,50.625,50.915000915527344,50.310001373291016,50.79999923706055,2163800,VWO
2008-04-21,31.67868423461914,51.119998931884766,51.125,50.310001373291016,50.57500076293945,1193800,VWO
2008-04-22,31.40291976928711,50.67499923706055,51.04499816894531,50.25,51.04499816894531,2481000,VWO
2008-04-23,31.79020881652832,51.29999923706055,51.29999923706055,50.599998474121094,50.900001525878906,1344400,VWO
2008-04-24,31.604328155517578,51.0,51.40999984741211,50.25,51.040000915527344,915000,VWO
2008-04-25,31.904848098754883,51.48500061035156,51.48500061035156,50.3849983215332,51.25,3164600,VWO
2008-04-28,31.616714477539062,51.02000045776367,51.525001525878906,50.904998779296875,51.525001525878906,3015800,VWO
2008-04-29,31.083770751953125,50.15999984741211,51.0099983215332,50.08000183105469,51.0099983215332,1011000,VWO
2008-04-30,31.591922760009766,50.97999954223633,51.31999969482422,50.33000183105469,50.47999954223633,2132400,VWO
2008-05-01,32.047393798828125,51.71500015258789,51.94499969482422,50.81999969482422,50.92499923706055,2427400,VWO
2008-05-02,32.264278411865234,52.064998626708984,52.25,51.73500061035156,51.9900016784668,2571800,VWO
2008-05-05,32.16203689575195,51.900001525878906,52.32500076293945,51.560001373291016,52.32500076293945,2390000,VWO
2008-05-06,32.44709396362305,52.36000061035156,52.435001373291016,51.47999954223633,51.685001373291016,1962400,VWO
2008-05-07,31.68488311767578,51.130001068115234,52.18000030517578,50.68000030517578,52.18000030517578,2572200,VWO
2008-05-08,31.80262565612793,51.31999969482422,51.51499938964844,50.994998931884766,51.30500030517578,2026000,VWO
2008-05-09,31.638391494750977,51.05500030517578,51.185001373291016,50.665000915527344,50.959999084472656,1154800,VWO
2008-05-12,31.8831729888916,51.45000076293945,51.46500015258789,50.61000061035156,50.92499923706055,1270000,VWO
2008-05-13,32.00090789794922,51.63999938964844,51.875,51.314998626708984,51.650001525878906,1651000,VWO
2008-05-14,32.0690803527832,51.75,52.35499954223633,51.75,51.8849983215332,1394400,VWO
2008-05-15,32.719757080078125,52.79999923706055,52.875,51.904998779296875,52.11000061035156,2753200,VWO
2008-05-16,33.07917022705078,53.380001068115234,53.474998474121094,52.880001068115234,53.1150016784668,1879200,VWO
2008-05-19,33.24338912963867,53.64500045776367,54.15999984741211,53.369998931884766,53.55500030517578,1620000,VWO
2008-05-20,32.46568298339844,52.38999938964844,52.834999084472656,52.08000183105469,52.834999084472656,2195000,VWO
2008-05-21,32.21162033081055,51.97999954223633,53.17499923706055,51.869998931884766,53.17499923706055,1433400,VWO
2008-05-22,32.580322265625,52.57500076293945,52.57500076293945,51.79499816894531,52.25,1098600,VWO
2008-05-23,31.715864181518555,51.18000030517578,51.83000183105469,51.04999923706055,51.689998626708984,1527200,VWO
2008-05-27,31.821191787719727,51.349998474121094,51.404998779296875,50.6349983215332,51.404998779296875,2138400,VWO
2008-05-28,31.966821670532227,51.584999084472656,51.60499954223633,50.689998626708984,51.09000015258789,2612000,VWO
2008-05-29,32.208518981933594,51.974998474121094,52.26499938964844,51.505001068115234,51.65999984741211,2060800,VWO
2008-05-30,32.155845642089844,51.88999938964844,52.19499969482422,51.814998626708984,51.93000030517578,1723600,VWO
2008-06-02,31.976125717163086,51.599998474121094,52.23500061035156,51.084999084472656,52.185001373291016,1918400,VWO
2008-06-03,31.4215030670166,50.70500183105469,51.619998931884766,50.33000183105469,51.619998931884766,2165200,VWO
2008-06-04,30.984615325927734,50.0,50.60499954223633,49.94499969482422,50.44499969482422,1545600,VWO
2008-06-05,31.901771545410156,51.47999954223633,51.505001068115234,50.150001525878906,50.4900016784668,1937400,VWO
2008-06-06,30.79252052307129,49.689998626708984,51.0,49.689998626708984,50.89500045776367,2063200,VWO
2008-06-09,30.693357467651367,49.529998779296875,49.959999084472656,49.0099983215332,49.650001525878906,1468800,VWO
2008-06-10,30.027189254760742,48.45500183105469,48.93000030517578,48.2599983215332,48.79499816894531,2235800,VWO
2008-06-11,29.90015411376953,48.25,48.665000915527344,47.724998474121094,48.5,1550000,VWO
2008-06-12,30.08917999267578,48.55500030517578,48.6150016784668,47.834999084472656,48.220001220703125,1603600,VWO
2008-06-13,30.1015682220459,48.57500076293945,48.60499954223633,47.875,48.314998626708984,1921200,VWO
2008-06-16,30.364938735961914,49.0,49.0,48.32500076293945,48.45000076293945,1435000,VWO
2008-06-17,30.14183807373047,48.63999938964844,49.20000076293945,48.63999938964844,48.935001373291016,1897800,VWO
2008-06-18,30.408313751220703,49.06999969482422,49.27000045776367,48.040000915527344,48.90999984741211,1251400,VWO
2008-06-19,30.011703491210938,48.43000030517578,48.689998626708984,48.189998626708984,48.470001220703125,1310000,VWO
2008-06-20,29.063575744628906,46.900001525878906,48.0,46.900001525878906,48.0,2132200,VWO
2008-06-23,29.12554931640625,47.0,47.25,46.83000183105469,47.25,922300,VWO
2008-06-24,29.063575744628906,46.900001525878906,47.34000015258789,46.40999984741211,46.599998474121094,1672000,VWO
2008-06-25,29.584115982055664,47.7400016784668,48.2400016784668,47.029998779296875,47.029998779296875,1314600,VWO
2008-06-26,28.635995864868164,46.209999084472656,47.33000183105469,46.15999984741211,47.33000183105469,1394300,VWO
2008-06-27,28.87148094177246,46.59000015258789,46.709999084472656,46.02000045776367,46.540000915527344,1556100,VWO
2008-06-30,29.001602172851562,46.79999923706055,46.939998626708984,46.43000030517578,46.66999816894531,1417500,VWO
2008-07-01,28.202192306518555,45.5099983215332,46.0,45.0099983215332,45.63999938964844,2846800,VWO
2008-07-02,27.495746612548828,44.369998931884766,46.099998474121094,44.36000061035156,45.86000061035156,3052800,VWO
2008-07-03,27.56392478942871,44.47999954223633,44.939998626708984,44.029998779296875,44.709999084472656,957800,VWO
2008-07-07,27.371814727783203,44.16999816894531,45.119998931884766,43.790000915527344,44.880001068115234,2418900,VWO
2008-07-08,27.594905853271484,44.529998779296875,44.65999984741211,43.56999969482422,44.279998779296875,2288500,VWO
2008-07-09,26.851285934448242,43.33000183105469,45.06999969482422,43.25,44.970001220703125,2599000,VWO
2008-07-10,27.700244903564453,44.70000076293945,44.7400016784668,43.84000015258789,44.08000183105469,1940200,VWO
2008-07-11,27.433780670166016,44.27000045776367,44.97999954223633,43.869998931884766,44.380001068115234,1799200,VWO
2008-07-14,27.576311111450195,44.5,45.119998931884766,44.099998474121094,44.810001373291016,1027200,VWO
2008-07-15,26.9442195892334,43.47999954223633,44.27000045776367,42.75,43.540000915527344,2266300,VWO
2008-07-16,27.694061279296875,44.689998626708984,44.779998779296875,43.31999969482422,43.54999923706055,1461100,VWO
2008-07-17,28.189817428588867,45.4900016784668,45.4900016784668,44.43000030517578,44.77000045776367,2163100,VWO
2008-07-18,27.886157989501953,45.0,45.0,44.2599983215332,44.66999816894531,1216800,VWO
2008-07-21,27.941926956176758,45.09000015258789,45.16999816894531,44.720001220703125,45.060001373291016,1193100,VWO
2008-07-22,27.638286590576172,44.599998474121094,45.459999084472656,44.369998931884766,44.75,2053200,VWO
2008-07-23,27.892356872558594,45.0099983215332,46.0,45.0099983215332,45.36000061035156,1567800,VWO
2008-07-24,27.40279769897461,44.220001220703125,45.65999984741211,43.91999816894531,45.65999984741211,1996600,VWO
2008-07-25,27.40279769897461,44.220001220703125,44.349998474121094,43.86000061035156,44.16999816894531,1399300,VWO
2008-07-28,27.495746612548828,44.369998931884766,44.720001220703125,43.470001220703125,44.720001220703125,1782400,VWO
2008-07-29,27.446184158325195,44.290000915527344,44.47999954223633,43.56999969482422,43.86000061035156,1292900,VWO
2008-07-30,27.886157989501953,45.0,45.599998474121094,44.61000061035156,44.7400016784668,4108400,VWO
2008-07-31,27.632078170776367,44.59000015258789,45.13999938964844,44.380001068115234,44.7400016784668,1779200,VWO
2008-08-01,27.570114135742188,44.4900016784668,45.04999923706055,43.959999084472656,44.95000076293945,2699500,VWO
2008-08-04,26.6591739654541,43.02000045776367,43.90999984741211,42.869998931884766,43.90999984741211,1886100,VWO
2008-08-05,27.012388229370117,43.59000015258789,43.77000045776367,43.0099983215332,43.09000015258789,1859400,VWO
2008-08-06,27.40279769897461,44.220001220703125,44.27000045776367,43.560001373291016,43.84000015258789,1749000,VWO
2008-08-07,26.584810256958008,42.900001525878906,43.709999084472656,42.650001525878906,43.63999938964844,2112900,VWO
2008-08-08,26.6839542388916,43.060001373291016,43.13999938964844,42.29999923706055,42.38999938964844,1207300,VWO
2008-08-11,26.361722946166992,42.540000915527344,43.060001373291016,42.540000915527344,42.86000061035156,1598400,VWO
2008-08-12,26.26255989074707,42.380001068115234,42.61000061035156,41.939998626708984,42.36000061035156,1345800,VWO
2008-08-13,26.200592041015625,42.279998779296875,42.36000061035156,41.70000076293945,41.84000015258789,2168900,VWO
2008-08-14,26.37410545349121,42.560001373291016,42.79999923706055,42.20000076293945,42.20000076293945,1747800,VWO
2008-08-15,26.008493423461914,41.970001220703125,42.38999938964844,41.849998474121094,42.34000015258789,4934600,VWO
2008-08-18,25.41358757019043,41.0099983215332,41.93000030517578,40.91999816894531,41.63999938964844,1562800,VWO
2008-08-19,25.178104400634766,40.630001068115234,40.83000183105469,40.2400016784668,40.5,1464900,VWO
2008-08-20,25.927928924560547,41.84000015258789,41.84000015258789,41.0,41.0,1626800,VWO
2008-08-21,25.803998947143555,41.63999938964844,41.83000183105469,41.11000061035156,41.31999969482422,1972300,VWO
2008-08-22,25.927928924560547,41.84000015258789,41.849998474121094,41.36000061035156,41.709999084472656,1450700,VWO
2008-08-25,25.134727478027344,40.560001373291016,41.470001220703125,40.540000915527344,41.43000030517578,2242700,VWO
2008-08-26,25.22148323059082,40.70000076293945,40.88999938964844,40.459999084472656,40.7599983215332,2010100,VWO
2008-08-27,25.711036682128906,41.4900016784668,41.56999969482422,40.880001068115234,40.880001068115234,1184300,VWO
2008-08-28,25.735820770263672,41.529998779296875,41.70000076293945,41.33000183105469,41.56999969482422,1478300,VWO
2008-08-29,25.444580078125,41.060001373291016,41.4900016784668,41.02000045776367,41.369998931884766,1039400,VWO
2008-09-02,24.5708065032959,39.650001525878906,40.709999084472656,39.650001525878906,40.68000030517578,2562800,VWO
2008-09-03,24.36011505126953,39.310001373291016,39.7599983215332,38.90999984741211,39.470001220703125,1771300,VWO
2008-09-04,23.548316955566406,38.0,38.959999084472656,37.43000030517578,38.90999984741211,2407700,VWO
2008-09-05,23.486339569091797,37.900001525878906,38.09000015258789,36.97999954223633,37.5,2047700,VWO
2008-09-08,23.851970672607422,38.4900016784668,39.65999984741211,37.959999084472656,39.2599983215332,2190200,VWO
2008-09-09,22.83565902709961,36.849998474121094,38.040000915527344,36.43000030517578,37.91999816894531,2942800,VWO
2008-09-10,22.866653442382812,36.900001525878906,37.369998931884766,36.41999816894531,37.09000015258789,2023200,VWO
2008-09-11,22.922420501708984,36.9900016784668,36.9900016784668,35.52000045776367,36.11000061035156,3158900,VWO
2008-09-12,23.21986961364746,37.470001220703125,37.75,36.27000045776367,36.40999984741211,2152900,VWO
2008-09-15,21.546710968017578,34.77000045776367,36.2400016784668,34.77000045776367,35.560001373291016,5483100,VWO
2008-09-16,21.255447387695312,34.29999923706055,35.0,33.02000045776367,33.310001373291016,4645700,VWO
2008-09-17,19.848751068115234,32.029998779296875,33.93000030517578,32.029998779296875,33.650001525878906,7648800,VWO
2008-09-18,21.069541931152344,34.0,35.029998779296875,31.940000534057617,32.97999954223633,5726000,VWO
2008-09-19,24.149412155151367,38.970001220703125,42.9900016784668,35.0099983215332,35.0099983215332,6979500,VWO
2008-09-22,22.581588745117188,36.439998626708984,37.95000076293945,36.38999938964844,37.45000076293945,3195300,VWO
2008-09-23,21.825571060180664,35.220001220703125,36.5,35.029998779296875,36.439998626708984,3129400,VWO
2008-09-24,22.178794860839844,35.790000915527344,36.0099983215332,35.31999969482422,35.97999954223633,3287300,VWO
2008-09-25,23.002986907958984,37.119998931884766,37.4900016784668,35.81999969482422,36.119998931884766,2942600,VWO
2008-09-26,22.352304458618164,36.06999969482422,36.119998931884766,35.5,35.65999984741211,2884600,VWO
2008-09-29,19.91071891784668,32.130001068115234,34.77000045776367,31.0,34.77000045776367,3664100,VWO
2008-09-30,21.47853660583496,34.65999984741211,34.65999984741211,32.900001525878906,32.900001525878906,8941600,VWO
2008-10-01,21.20587730407715,34.220001220703125,34.45000076293945,33.36000061035156,34.25,2963500,VWO
2008-10-02,19.638059616088867,31.690000534057617,33.7400016784668,31.6200008392334,33.720001220703125,3290300,VWO
2008-10-03,19.33440399169922,31.200000762939453,33.20000076293945,30.899999618530273,32.06999969482422,3644400,VWO
2008-10-06,17.686023712158203,28.540000915527344,29.799999237060547,26.68000030517578,29.209999084472656,7464500,VWO
2008-10-07,16.490022659301758,26.610000610351562,29.459999084472656,26.600000381469727,29.1299991607666,5199800,VWO
2008-10-08,16.446638107299805,26.540000915527344,27.530000686645508,25.0,25.75,6825100,VWO
2008-10-09,15.771177291870117,25.450000762939453,27.75,24.6299991607666,27.299999237060547,4378900,VWO
2008-10-10,15.36837387084961,24.799999237060547,25.780000686645508,22.729999542236328,23.940000534057617,9109300,VWO
2008-10-13,18.485422134399414,29.829999923706055,30.0,26.639999389648438,26.969999313354492,6867700,VWO
2008-10-14,18.014455795288086,29.06999969482422,30.719999313354492,28.209999084472656,29.969999313354492,9970300,VWO
2008-10-15,15.250629425048828,24.610000610351562,27.389999389648438,24.540000915527344,27.389999389648438,4713500,VWO
2008-10-16,15.634836196899414,25.229999542236328,25.81999969482422,23.219999313354492,25.280000686645508,6142600,VWO
2008-10-17,15.554276466369629,25.100000381469727,26.25,24.030000686645508,24.030000686645508,7540900,VWO
2008-10-20,16.459028244018555,26.559999465942383,26.6200008392334,25.260000228881836,25.649999618530273,3655600,VWO
2008-10-21,15.213449478149414,24.549999237060547,25.799999237060547,24.5,25.799999237060547,4583900,VWO
2008-10-22,13.75097370147705,22.190000534057617,23.489999771118164,21.59000015258789,23.489999771118164,5015500,VWO
2008-10-23,13.91209888458252,22.450000762939453,22.950000762939453,21.049999237060547,22.0,6137100,VWO
2008-10-24,12.672710418701172,20.450000762939453,21.030000686645508,19.309999465942383,19.309999465942383,4718600,VWO
2008-10-27,12.220333099365234,19.719999313354492,20.709999084472656,19.56999969482422,19.760000228881836,5075400,VWO
2008-10-28,14.296304702758789,23.06999969482422,23.09000015258789,20.350000381469727,20.969999313354492,6367500,VWO
2008-10-29,14.153778076171875,22.84000015258789,23.799999237060547,21.790000915527344,22.040000915527344,5441500,VWO
2008-10-30,15.60385513305664,25.18000030517578,25.18000030517578,24.110000610351562,24.530000686645508,4689200,VWO
2008-10-31,15.622445106506348,25.209999084472656,25.3700008392334,24.34000015258789,24.649999618530273,7382000,VWO
2008-11-03,15.641039848327637,25.239999771118164,25.489999771118164,24.899999618530273,25.329999923706055,4381400,VWO
2008-11-04,17.010560989379883,27.450000762939453,27.450000762939453,26.200000762939453,26.350000381469727,4220200,VWO
2008-11-05,15.027546882629395,24.25,26.389999389648438,24.25,26.06999969482422,4360900,VWO
2008-11-06,14.190957069396973,22.899999618530273,24.299999237060547,22.530000686645508,24.1299991607666,4803100,VWO
2008-11-07,15.411751747131348,24.8700008392334,24.989999771118164,23.790000915527344,24.299999237060547,5287200,VWO
2008-11-10,15.467525482177734,24.959999084472656,26.0,24.40999984741211,25.90999984741211,3849400,VWO
2008-11-11,14.655731201171875,23.649999618530273,24.309999465942383,23.149999618530273,24.209999084472656,4025000,VWO
2008-11-12,13.385353088378906,21.600000381469727,23.579999923706055,21.600000381469727,23.579999923706055,5449000,VWO
2008-11-13,15.1638765335083,24.469999313354492,24.56999969482422,21.219999313354492,22.5,9652900,VWO
2008-11-14,13.924489974975586,22.469999313354492,23.68000030517578,22.450000762939453,23.079999923706055,5908300,VWO
2008-11-17,13.70759105682373,22.1200008392334,23.0,21.93000030517578,22.350000381469727,3473300,VWO
2008-11-18,13.521688461303711,21.81999969482422,22.239999771118164,21.040000915527344,22.100000381469727,4495200,VWO
2008-11-19,12.49919605255127,20.170000076293945,21.65999984741211,20.049999237060547,21.530000686645508,5747300,VWO
2008-11-20,11.526280403137207,18.600000381469727,20.34000015258789,18.5,19.829999923706055,8599000,VWO
2008-11-21,13.013542175292969,21.0,21.049999237060547,19.350000381469727,20.260000228881836,9383900,VWO
2008-11-24,13.924489974975586,22.469999313354492,22.90999984741211,20.969999313354492,20.969999313354492,10986100,VWO
2008-11-25,13.65182113647461,22.030000686645508,22.68000030517578,21.43000030517578,22.639999389648438,6553400,VWO
2008-11-26,14.581366539001465,23.530000686645508,23.549999237060547,21.850000381469727,21.969999313354492,5148400,VWO
2008-11-28,14.271515846252441,23.030000686645508,23.280000686645508,22.8700008392334,23.280000686645508,2015200,VWO
2008-12-01,13.00733757019043,20.989999771118164,22.299999237060547,20.850000381469727,22.25,4993600,VWO
2008-12-02,13.732382774353027,22.15999984741211,22.219999313354492,21.360000610351562,21.889999389648438,6368800,VWO
2008-12-03,13.91209888458252,22.450000762939453,22.489999771118164,21.3700008392334,21.5,5071600,VWO
2008-12-04,13.3419771194458,21.530000686645508,22.229999542236328,21.110000610351562,21.81999969482422,5554700,VWO
2008-12-05,13.992652893066406,22.579999923706055,22.600000381469727,21.0,21.270000457763672,5635900,VWO
2008-12-08,14.57516860961914,23.520000457763672,24.149999618530273,23.389999389648438,23.459999084472656,6135600,VWO
2008-12-09,14.48840618133545,23.3799991607666,24.059999465942383,23.170000076293945,23.459999084472656,15147300,VWO
2008-12-10,15.38076400756836,24.81999969482422,24.8799991607666,24.190000534057617,24.239999771118164,5865200,VWO
2008-12-11,15.0833101272583,24.34000015258789,25.3700008392334,24.170000076293945,24.690000534057617,4900200,VWO
2008-12-12,15.22584342956543,24.56999969482422,24.690000534057617,23.520000457763672,23.670000076293945,5492900,VWO
2008-12-15,15.108100891113281,24.3799991607666,24.690000534057617,24.020000457763672,24.65999984741211,5981400,VWO
2008-12-16,16.279315948486328,26.270000457763672,26.399999618530273,24.600000381469727,26.270000457763672,6502300,VWO
2008-12-17,15.86412525177002,25.600000381469727,25.959999084472656,25.309999465942383,25.530000686645508,7356400,VWO
2008-12-18,15.560476303100586,25.110000610351562,25.8700008392334,24.829999923706055,25.850000381469727,4496200,VWO
2008-12-19,15.517098426818848,25.040000915527344,25.56999969482422,24.829999923706055,25.299999237060547,3664000,VWO
2008-12-22,14.996562957763672,24.200000762939453,25.0,23.889999389648438,25.0,4972000,VWO
2008-12-23,14.804451942443848,23.889999389648438,24.3799991607666,23.790000915527344,24.0,4054400,VWO
2008-12-24,14.985662460327148,22.989999771118164,23.139999389648438,22.610000610351562,23.09000015258789,2772500,VWO
2008-12-26,14.972626686096191,22.969999313354492,23.0,22.549999237060547,22.959999084472656,3177500,VWO
2008-12-29,15.031290054321289,23.059999465942383,23.219999313354492,22.739999771118164,23.110000610351562,3866100,VWO
2008-12-30,15.376757621765137,23.59000015258789,23.6299991607666,23.09000015258789,23.299999237060547,7031700,VWO
2008-12-31,15.363722801208496,23.56999969482422,23.90999984741211,23.200000762939453,23.309999465942383,5240700,VWO
2009-01-02,16.185029983520508,24.829999923706055,25.059999465942383,23.920000076293945,24.0,3513000,VWO
2009-01-05,16.445768356323242,25.229999542236328,25.389999389648438,24.639999389648438,24.850000381469727,3500100,VWO
2009-01-06,16.739097595214844,25.68000030517578,25.8799991607666,25.299999237060547,25.600000381469727,3923000,VWO
2009-01-07,15.852602005004883,24.31999969482422,24.899999618530273,24.18000030517578,24.899999618530273,3671500,VWO
2009-01-08,15.754829406738281,24.170000076293945,24.25,23.75,23.920000076293945,3591100,VWO
2009-01-09,15.370241165161133,23.579999923706055,24.1299991607666,23.3700008392334,24.059999465942383,7520900,VWO
2009-01-12,14.659745216369629,22.489999771118164,23.34000015258789,22.399999618530273,23.229999542236328,2643800,VWO
2009-01-13,14.75752067565918,22.639999389648438,22.989999771118164,22.3799991607666,22.540000915527344,2733000,VWO
2009-01-14,14.02746295928955,21.520000457763672,22.360000610351562,21.489999771118164,22.309999465942383,3337800,VWO
2009-01-15,14.216497421264648,21.809999465942383,22.170000076293945,20.899999618530273,21.709999084472656,4739000,VWO
2009-01-16,14.418567657470703,22.1200008392334,22.540000915527344,21.56999969482422,22.489999771118164,3074000,VWO
2009-01-20,13.362595558166504,20.5,21.6200008392334,20.5,21.600000381469727,4326700,VWO
2009-01-21,14.105683326721191,21.639999389648438,21.799999237060547,20.649999618530273,21.149999618530273,4421300,VWO
2009-01-22,13.779765129089355,21.139999389648438,21.40999984741211,20.600000381469727,21.0,3052700,VWO
2009-01-23,13.812361717224121,21.190000534057617,21.399999618530273,20.280000686645508,20.459999084472656,3815800,VWO
2009-01-26,14.020950317382812,21.510000228881836,21.950000762939453,21.229999542236328,21.530000686645508,3237000,VWO
2009-01-27,14.138273239135742,21.690000534057617,21.979999542236328,21.520000457763672,21.780000686645508,2603000,VWO
2009-01-28,14.946550369262695,22.93000030517578,22.959999084472656,22.420000076293945,22.540000915527344,5417100,VWO
2009-01-29,14.177387237548828,21.75,22.209999084472656,21.729999542236328,22.059999465942383,2586400,VWO
2009-01-30,13.994873046875,21.469999313354492,22.219999313354492,21.469999313354492,22.030000686645508,2595100,VWO
2009-02-02,13.903618812561035,21.329999923706055,21.540000915527344,21.079999923706055,21.100000381469727,6690600,VWO
2009-02-03,14.301234245300293,21.940000534057617,22.049999237060547,21.34000015258789,21.600000381469727,4323900,VWO
2009-02-04,14.444640159606934,22.15999984741211,22.6299991607666,21.969999313354492,22.229999542236328,4554200,VWO
2009-02-05,14.718412399291992,22.579999923706055,22.790000915527344,21.799999237060547,21.979999542236328,3686400,VWO
2009-02-06,15.428910255432129,23.670000076293945,23.799999237060547,22.829999923706055,22.969999313354492,4028200,VWO
2009-02-09,15.272470474243164,23.43000030517578,23.780000686645508,23.260000228881836,23.649999618530273,4095300,VWO
2009-02-10,14.45115852355957,22.170000076293945,23.540000915527344,22.06999969482422,23.290000915527344,5821100,VWO
2009-02-11,14.790108680725098,22.690000534057617,22.959999084472656,22.299999237060547,22.780000686645508,3335500,VWO
2009-02-12,14.75752067565918,22.639999389648438,22.670000076293945,21.8799991607666,22.1299991607666,4146300,VWO
2009-02-13,14.842259407043457,22.770000457763672,22.93000030517578,22.510000228881836,22.850000381469727,4104100,VWO
2009-02-17,13.675471305847168,20.979999542236328,21.549999237060547,20.979999542236328,21.450000762939453,4288700,VWO
2009-02-18,13.786285400390625,21.149999618530273,21.43000030517578,20.860000610351562,21.40999984741211,4563400,VWO
2009-02-19,13.727625846862793,21.059999465942383,21.709999084472656,21.010000228881836,21.639999389648438,2712800,VWO
2009-02-20,13.401705741882324,20.559999465942383,20.8700008392334,20.200000762939453,20.479999542236328,5111600,VWO
2009-02-23,13.075785636901855,20.059999465942383,21.079999923706055,20.0,21.040000915527344,4428600,VWO
2009-02-24,13.773244857788086,21.1299991607666,21.209999084472656,20.190000534057617,20.280000686645508,4927900,VWO
2009-02-25,13.571186065673828,20.81999969482422,21.260000228881836,20.399999618530273,20.940000534057617,8514500,VWO
2009-02-26,13.421257019042969,20.59000015258789,21.290000915527344,20.59000015258789,21.100000381469727,4092800,VWO
2009-02-27,13.662440299987793,20.959999084472656,20.959999084472656,20.049999237060547,20.1299991607666,9580000,VWO
2009-03-02,13.023640632629395,19.979999542236328,19.979999542236328,19.0,19.760000228881836,6633900,VWO
2009-03-03,12.652094841003418,19.40999984741211,19.709999084472656,19.059999465942383,19.540000915527344,4814100,VWO
2009-03-04,13.5125150680542,20.729999542236328,20.920000076293945,20.18000030517578,20.350000381469727,5043400,VWO
2009-03-05,12.919347763061523,19.81999969482422,20.260000228881836,19.690000534057617,20.059999465942383,3369800,VWO
2009-03-06,13.101861000061035,20.100000381469727,20.510000228881836,19.610000610351562,20.280000686645508,3380400,VWO
2009-03-09,12.873724937438965,19.75,20.31999969482422,19.5,19.770000457763672,3473000,VWO
2009-03-10,13.903618812561035,21.329999923706055,21.3700008392334,20.530000686645508,20.56999969482422,3474200,VWO
2009-03-11,13.864511489868164,21.270000457763672,21.6200008392334,21.020000457763672,21.520000457763672,4917200,VWO
2009-03-12,14.333822250366211,21.989999771118164,22.139999389648438,21.100000381469727,21.170000076293945,3081600,VWO
2009-03-13,14.425084114074707,22.1299991607666,22.25,21.809999465942383,22.139999389648438,4996200,VWO
2009-03-16,14.483752250671387,22.219999313354492,22.790000915527344,22.170000076293945,22.5,2837200,VWO
2009-03-17,14.816184997558594,22.729999542236328,22.790000915527344,22.049999237060547,22.149999618530273,2790200,VWO
2009-03-18,15.135584831237793,23.219999313354492,23.389999389648438,22.229999542236328,22.68000030517578,5011200,VWO
2009-03-19,15.031290054321289,23.059999465942383,23.579999923706055,23.0,23.43000030517578,5043700,VWO
2009-03-20,14.835740089416504,22.760000228881836,23.190000534057617,22.68000030517578,23.010000228881836,5091700,VWO
2009-03-23,16.1394100189209,24.760000228881836,24.84000015258789,23.59000015258789,23.6200008392334,5943400,VWO
2009-03-24,15.683119773864746,24.059999465942383,24.399999618530273,23.969999313354492,24.06999969482422,3990000,VWO
2009-03-25,15.930814743041992,24.440000534057617,24.770000457763672,23.899999618530273,24.25,3910400,VWO
2009-03-26,16.295846939086914,25.0,25.1299991607666,24.65999984741211,24.950000762939453,4360000,VWO
2009-03-27,15.839561462402344,24.299999237060547,24.559999465942383,24.170000076293945,24.530000686645508,8127600,VWO
2009-03-30,15.057365417480469,23.100000381469727,23.3799991607666,22.850000381469727,23.309999465942383,3329900,VWO
2009-03-31,15.357206344604492,23.559999465942383,23.969999313354492,23.440000534057617,23.68000030517578,4461200,VWO
2009-04-01,15.9177885055542,24.420000076293945,24.59000015258789,23.59000015258789,23.68000030517578,6800700,VWO
2009-04-02,16.81731605529785,25.799999237060547,26.15999984741211,25.399999618530273,25.43000030517578,7133900,VWO
2009-04-03,17.01286506652832,26.100000381469727,26.100000381469727,25.469999313354492,25.649999618530273,7338200,VWO
2009-04-06,16.791240692138672,25.760000228881836,25.81999969482422,25.40999984741211,25.760000228881836,4764200,VWO
2009-04-07,16.445768356323242,25.229999542236328,25.5,25.149999618530273,25.3700008392334,2587300,VWO
2009-04-08,16.719541549682617,25.649999618530273,25.81999969482422,25.299999237060547,25.420000076293945,3083700,VWO
2009-04-09,17.449594497680664,26.770000457763672,26.780000686645508,26.440000534057617,26.540000915527344,3954300,VWO
2009-04-13,17.573440551757812,26.959999084472656,27.09000015258789,26.469999313354492,26.719999313354492,2724400,VWO
2009-04-14,17.29966926574707,26.540000915527344,27.030000686645508,26.479999542236328,26.829999923706055,3481500,VWO
2009-04-15,17.527812957763672,26.889999389648438,26.969999313354492,26.43000030517578,26.600000381469727,2858600,VWO
2009-04-16,17.77550506591797,27.270000457763672,27.3700008392334,26.780000686645508,27.100000381469727,4183700,VWO
2009-04-17,17.606033325195312,27.010000228881836,27.219999313354492,26.829999923706055,27.059999465942383,6520900,VWO
2009-04-20,16.75864601135254,25.709999084472656,26.270000457763672,25.68000030517578,26.239999771118164,4389300,VWO
2009-04-21,17.182344436645508,26.360000610351562,26.3799991607666,25.510000228881836,25.670000076293945,1359800,VWO
2009-04-22,17.045459747314453,26.149999618530273,26.600000381469727,25.90999984741211,25.920000076293945,3242400,VWO
2009-04-23,17.37137222290039,26.649999618530273,26.700000762939453,26.219999313354492,26.56999969482422,4544100,VWO
2009-04-24,17.690767288208008,27.139999389648438,27.31999969482422,26.81999969482422,27.020000457763672,4327100,VWO
2009-04-27,17.09760284423828,26.229999542236328,26.639999389648438,26.110000610351562,26.350000381469727,5848800,VWO
2009-04-28,17.00634765625,26.09000015258789,26.389999389648438,25.729999542236328,25.729999542236328,3202300,VWO
2009-04-29,17.925430297851562,27.5,27.760000228881836,26.799999237060547,26.81999969482422,4925400,VWO
2009-04-30,18.036243438720703,27.670000076293945,28.190000534057617,27.510000228881836,28.190000534057617,6352500,VWO
2009-05-01,18.36216163635254,28.170000076293945,28.290000915527344,27.600000381469727,27.75,3972100,VWO
2009-05-04,19.594127655029297,30.059999465942383,30.100000381469727,28.860000610351562,28.889999389648438,5922200,VWO
2009-05-05,19.333396911621094,29.65999984741211,30.030000686645508,29.329999923706055,29.719999313354492,5728600,VWO
2009-05-06,19.744049072265625,30.290000915527344,30.450000762939453,29.75,30.049999237060547,7779900,VWO
2009-05-07,19.203027725219727,29.459999084472656,30.770000457763672,29.25,30.600000381469727,8300900,VWO
2009-05-08,19.92656135559082,30.56999969482422,30.6299991607666,29.8700008392334,30.219999313354492,6015800,VWO
2009-05-11,19.476802825927734,29.8799991607666,30.079999923706055,29.6200008392334,30.0,3953300,VWO
2009-05-12,19.581087112426758,30.040000915527344,30.360000610351562,29.639999389648438,30.329999923706055,4605800,VWO
2009-05-13,18.903181076049805,29.0,29.43000030517578,28.84000015258789,29.43000030517578,5276900,VWO
2009-05-14,19.183473587036133,29.43000030517578,29.579999923706055,28.829999923706055,28.8799991607666,3868500,VWO
2009-05-15,19.033546447753906,29.200000762939453,29.68000030517578,28.979999542236328,29.469999313354492,3541200,VWO
2009-05-18,20.2133731842041,31.010000228881836,31.079999923706055,30.149999618530273,30.200000762939453,7933600,VWO
2009-05-19,20.35025405883789,31.219999313354492,31.600000381469727,30.950000762939453,31.09000015258789,6413700,VWO
2009-05-20,20.4284725189209,31.34000015258789,32.0,31.260000228881836,31.600000381469727,7870600,VWO
2009-05-21,20.089521408081055,30.81999969482422,31.010000228881836,30.459999084472656,31.010000228881836,6126400,VWO
2009-05-22,20.291587829589844,31.1299991607666,31.34000015258789,30.850000381469727,30.989999771118164,5038500,VWO
2009-05-26,20.467586517333984,31.399999618530273,31.43000030517578,30.350000381469727,30.579999923706055,6416300,VWO
2009-05-27,20.272035598754883,31.100000381469727,31.8700008392334,31.049999237060547,31.56999969482422,7637900,VWO
2009-05-28,20.897798538208008,32.060001373291016,32.08000183105469,31.309999465942383,31.639999389648438,5705500,VWO
2009-05-29,21.2628231048584,32.619998931884766,32.650001525878906,32.20000076293945,32.54999923706055,12123300,VWO
2009-06-01,22.090646743774414,33.88999938964844,34.08000183105469,33.380001068115234,33.58000183105469,7320500,VWO
2009-06-02,21.771249771118164,33.400001525878906,33.68000030517578,33.22999954223633,33.31999969482422,5500800,VWO
2009-06-03,21.0803165435791,32.34000015258789,33.0,31.940000534057617,32.9900016784668,6030000,VWO
2009-06-04,21.412744522094727,32.849998474121094,32.959999084472656,32.38999938964844,32.689998626708984,5692900,VWO
2009-06-05,21.44533348083496,32.900001525878906,34.189998626708984,32.529998779296875,34.189998626708984,6676000,VWO
2009-06-08,21.132455825805664,32.41999816894531,32.619998931884766,31.889999389648438,32.209999084472656,5301200,VWO
2009-06-09,21.152008056640625,32.45000076293945,32.56999969482422,32.150001525878906,32.529998779296875,4541900,VWO
2009-06-10,21.354076385498047,32.7599983215332,33.18000030517578,32.349998474121094,33.150001525878906,4907200,VWO
2009-06-11,21.751691818237305,33.369998931884766,33.77000045776367,32.900001525878906,32.93000030517578,4728800,VWO
2009-06-12,21.490962982177734,32.970001220703125,33.040000915527344,32.7599983215332,33.0,3904200,VWO
2009-06-15,20.71527862548828,31.780000686645508,32.47999954223633,31.489999771118164,32.47999954223633,3924200,VWO
2009-06-16,20.441513061523438,31.360000610351562,32.150001525878906,31.229999542236328,32.0099983215332,3874600,VWO
2009-06-17,20.28507423400879,31.1200008392334,31.389999389648438,30.700000762939453,31.200000762939453,4724500,VWO
2009-06-18,20.245960235595703,31.059999465942383,31.280000686645508,30.739999771118164,31.18000030517578,4714400,VWO
2009-06-19,20.330699920654297,31.190000534057617,31.549999237060547,31.139999389648438,31.399999618530273,4291000,VWO
2009-06-22,19.555015563964844,30.0,30.90999984741211,29.979999542236328,30.809999465942383,5719700,VWO
2009-06-23,19.678857803344727,30.190000534057617,30.360000610351562,29.860000610351562,30.190000534057617,4482000,VWO
2009-06-24,20.23944091796875,31.049999237060547,31.399999618530273,30.799999237060547,31.049999237060547,4340000,VWO
2009-06-25,20.741352081298828,31.81999969482422,31.850000381469727,30.799999237060547,30.899999618530273,5150100,VWO
2009-06-26,20.852161407470703,31.989999771118164,32.09000015258789,31.770000457763672,31.790000915527344,10681900,VWO
2009-06-29,20.98253631591797,32.189998626708984,32.349998474121094,31.889999389648438,32.349998474121094,8366400,VWO
2009-06-30,20.741352081298828,31.81999969482422,32.279998779296875,31.579999923706055,32.150001525878906,9863800,VWO
2009-07-01,21.178083419799805,32.4900016784668,32.7400016784668,32.380001068115234,32.38999938964844,15005300,VWO
2009-07-02,20.571882247924805,31.559999465942383,32.0099983215332,31.5,31.860000610351562,5348500,VWO
2009-07-06,20.617509841918945,31.6299991607666,31.649999618530273,30.959999084472656,31.200000762939453,4367900,VWO
2009-07-07,20.13514518737793,30.889999389648438,31.649999618530273,30.809999465942383,31.579999923706055,4851500,VWO
2009-07-08,19.907005310058594,30.540000915527344,31.040000915527344,30.059999465942383,31.0,5938700,VWO
2009-07-09,20.226404190063477,31.030000686645508,31.270000457763672,30.84000015258789,31.149999618530273,5322700,VWO
2009-07-10,19.978710174560547,30.649999618530273,30.829999923706055,30.350000381469727,30.670000076293945,3641600,VWO
2009-07-13,20.122116088867188,30.8700008392334,30.93000030517578,30.030000686645508,30.5,7284000,VWO
2009-07-14,20.317665100097656,31.170000076293945,31.25,30.850000381469727,31.079999923706055,3542300,VWO
2009-07-15,21.373638153076172,32.790000915527344,32.81999969482422,32.040000915527344,32.040000915527344,6957700,VWO
2009-07-16,21.373638153076172,32.790000915527344,33.0,32.290000915527344,32.52000045776367,5173300,VWO
2009-07-17,21.601783752441406,33.13999938964844,33.15999984741211,32.709999084472656,32.83000183105469,9444600,VWO
2009-07-20,22.26665496826172,34.15999984741211,34.189998626708984,33.79999923706055,33.83000183105469,8009900,VWO
2009-07-21,22.240568161010742,34.119998931884766,34.369998931884766,33.560001373291016,34.310001373291016,8949200,VWO
2009-07-22,22.194944381713867,34.04999923706055,34.27000045776367,33.599998474121094,33.63999938964844,7043800,VWO
2009-07-23,22.788114547729492,34.959999084472656,35.150001525878906,34.150001525878906,34.22999954223633,8894000,VWO
2009-07-24,22.722929000854492,34.86000061035156,34.86000061035156,34.380001068115234,34.61000061035156,6335600,VWO
2009-07-27,22.87285804748535,35.09000015258789,35.119998931884766,34.61000061035156,34.970001220703125,5512600,VWO
2009-07-28,22.755516052246094,34.90999984741211,35.040000915527344,34.47999954223633,34.790000915527344,5641500,VWO
2009-07-29,22.273162841796875,34.16999816894531,34.5,34.0,34.45000076293945,7260300,VWO
2009-07-30,22.8663272857666,35.08000183105469,35.45000076293945,35.0,35.15999984741211,6664000,VWO
2009-07-31,23.003215789794922,35.290000915527344,35.58000183105469,35.040000915527344,35.209999084472656,8308400,VWO
2009-08-03,23.876676559448242,36.630001068115234,36.70000076293945,36.060001373291016,36.25,6849800,VWO
2009-08-04,23.69417381286621,36.349998474121094,36.529998779296875,36.029998779296875,36.13999938964844,6216800,VWO
2009-08-05,23.492094039916992,36.040000915527344,36.150001525878906,35.470001220703125,36.09000015258789,6127600,VWO
2009-08-06,23.29001808166504,35.72999954223633,36.25,35.36000061035156,36.220001220703125,5606500,VWO
2009-08-07,23.452987670898438,35.97999954223633,36.189998626708984,35.709999084472656,36.04999923706055,9778600,VWO
2009-08-10,23.257436752319336,35.68000030517578,35.83000183105469,35.349998474121094,35.720001220703125,4107900,VWO
2009-08-11,22.84026527404785,35.040000915527344,35.43000030517578,34.83000183105469,35.380001068115234,4967400,VWO
2009-08-12,23.094480514526367,35.43000030517578,35.599998474121094,34.88999938964844,34.970001220703125,5971800,VWO
2009-08-13,23.48556900024414,36.029998779296875,36.09000015258789,35.5099983215332,35.93000030517578,5907400,VWO
2009-08-14,23.16617774963379,35.540000915527344,36.040000915527344,35.22999954223633,36.02000045776367,6217900,VWO
2009-08-17,22.214502334594727,34.08000183105469,34.189998626708984,33.90999984741211,34.189998626708984,6829000,VWO
2009-08-18,22.57952117919922,34.63999938964844,34.72999954223633,34.34000015258789,34.459999084472656,5439700,VWO
2009-08-19,22.696857452392578,34.81999969482422,34.900001525878906,33.93000030517578,33.97999954223633,6177900,VWO
2009-08-20,22.990182876586914,35.27000045776367,35.41999816894531,34.849998474121094,34.90999984741211,6278000,VWO
2009-08-21,23.420387268066406,35.93000030517578,35.97999954223633,35.529998779296875,35.689998626708984,4461300,VWO
2009-08-24,23.466014862060547,36.0,36.41999816894531,35.880001068115234,36.33000183105469,8572800,VWO
2009-08-25,23.433427810668945,35.95000076293945,36.52000045776367,35.939998626708984,36.27000045776367,6926300,VWO
2009-08-26,23.303062438964844,35.75,35.880001068115234,35.529998779296875,35.83000183105469,4959700,VWO
2009-08-27,23.263957977294922,35.689998626708984,35.790000915527344,35.08000183105469,35.59000015258789,4349300,VWO
2009-08-28,23.263957977294922,35.689998626708984,36.040000915527344,35.470001220703125,35.93000030517578,5566400,VWO
2009-08-31,22.84026527404785,35.040000915527344,35.150001525878906,34.91999816894531,35.09000015258789,5595300,VWO
2009-09-01,22.48175811767578,34.4900016784668,35.65999984741211,34.400001525878906,35.099998474121094,8971900,VWO
2009-09-02,22.74901008605957,34.900001525878906,35.02000045776367,34.4900016784668,34.59000015258789,5278300,VWO
2009-09-03,23.16617774963379,35.540000915527344,35.540000915527344,35.0099983215332,35.40999984741211,6331200,VWO
2009-09-04,23.622465133666992,36.2400016784668,36.2400016784668,35.47999954223633,35.720001220703125,5208100,VWO
2009-09-08,24.124372482299805,37.0099983215332,37.04999923706055,36.790000915527344,37.040000915527344,4561300,VWO
2009-09-09,24.176517486572266,37.09000015258789,37.34000015258789,36.93000030517578,37.189998626708984,7247600,VWO
2009-09-10,24.521997451782227,37.619998931884766,37.619998931884766,36.880001068115234,37.209999084472656,5061100,VWO
2009-09-11,24.44376564025879,37.5,37.810001373291016,37.310001373291016,37.66999816894531,6748700,VWO
2009-09-14,24.430734634399414,37.47999954223633,37.52000045776367,37.0,37.0,3304300,VWO
2009-09-15,24.691476821899414,37.880001068115234,37.93000030517578,37.380001068115234,37.599998474121094,5246700,VWO
2009-09-16,25.349821090698242,38.88999938964844,38.88999938964844,38.25,38.47999954223633,8883200,VWO
2009-09-17,25.128190994262695,38.54999923706055,38.9900016784668,38.400001525878906,38.7599983215332,10978800,VWO
2009-09-18,25.21293830871582,38.68000030517578,38.779998779296875,38.47999954223633,38.75,4481200,VWO
2009-09-21,24.978273391723633,38.31999969482422,38.41999816894531,37.95000076293945,38.2400016784668,7178300,VWO
2009-09-22,25.42804718017578,39.0099983215332,39.06999969482422,38.70000076293945,38.95000076293945,5771900,VWO
2009-09-23,25.036945343017578,38.40999984741211,39.119998931884766,38.369998931884766,38.90999984741211,7143400,VWO
2009-09-24,24.541545867919922,37.650001525878906,38.56999969482422,37.4900016784668,38.5,5512400,VWO
2009-09-25,24.724056243896484,37.93000030517578,38.11000061035156,37.66999816894531,37.709999084472656,4614500,VWO
2009-09-28,25.030418395996094,38.400001525878906,38.56999969482422,37.88999938964844,38.0,3873100,VWO
2009-09-29,24.997825622558594,38.349998474121094,38.599998474121094,38.20000076293945,38.5,5031500,VWO
2009-09-30,25.11515998840332,38.529998779296875,38.93000030517578,38.060001373291016,38.650001525878906,27786800,VWO
2009-10-01,24.482879638671875,37.560001373291016,38.529998779296875,37.5099983215332,38.52000045776367,8733700,VWO
2009-10-02,24.541545867919922,37.650001525878906,37.709999084472656,37.040000915527344,37.06999969482422,5997400,VWO
2009-10-05,25.082561492919922,38.47999954223633,38.59000015258789,37.77000045776367,37.9900016784668,6935400,VWO
2009-10-06,25.493228912353516,39.11000061035156,39.43000030517578,38.83000183105469,38.939998626708984,11213600,VWO
2009-10-07,25.434560775756836,39.02000045776367,39.119998931884766,38.7599983215332,38.970001220703125,6984100,VWO
2009-10-08,25.82565689086914,39.619998931884766,39.75,39.20000076293945,39.470001220703125,6110100,VWO
2009-10-09,25.962543487548828,39.83000183105469,39.83000183105469,39.54999923706055,39.63999938964844,5210200,VWO
2009-10-12,26.118986129760742,40.06999969482422,40.25,39.869998931884766,40.060001373291016,5060600,VWO
2009-10-13,26.125513076782227,40.08000183105469,40.18000030517578,39.630001068115234,39.97999954223633,25530200,VWO
2009-10-14,26.95985984802246,41.36000061035156,41.38999938964844,40.790000915527344,40.970001220703125,17869700,VWO
2009-10-15,26.842514038085938,41.18000030517578,41.20000076293945,40.79999923706055,40.970001220703125,8450200,VWO
2009-10-16,26.451431274414062,40.58000183105469,40.720001220703125,40.189998626708984,40.5099983215332,9842600,VWO
2009-10-19,26.940303802490234,41.33000183105469,41.43000030517578,40.779998779296875,40.939998626708984,6081400,VWO
2009-10-20,26.523120880126953,40.689998626708984,41.16999816894531,40.36000061035156,41.119998931884766,11033400,VWO
2009-10-21,26.431873321533203,40.54999923706055,41.29999923706055,40.52000045776367,40.540000915527344,12071400,VWO
2009-10-22,26.64044761657715,40.869998931884766,40.95000076293945,40.04999923706055,40.43000030517578,7628100,VWO
2009-10-23,26.3862361907959,40.47999954223633,41.25,40.310001373291016,41.11000061035156,9072800,VWO
2009-10-26,26.145051956176758,40.11000061035156,41.150001525878906,39.959999084472656,40.84000015258789,6986800,VWO
2009-10-27,25.714839935302734,39.45000076293945,40.119998931884766,39.40999984741211,40.11000061035156,9850300,VWO
2009-10-28,24.606727600097656,37.75,39.029998779296875,37.630001068115234,39.029998779296875,15079300,VWO
2009-10-29,25.649662017822266,39.349998474121094,39.5,38.290000915527344,38.369998931884766,13010500,VWO
2009-10-30,24.508956909179688,37.599998474121094,39.060001373291016,37.369998931884766,39.040000915527344,14790500,VWO
2009-11-02,24.978273391723633,38.31999969482422,38.68000030517578,37.52000045776367,38.099998474121094,11016600,VWO
2009-11-03,24.73057746887207,37.939998626708984,38.27000045776367,37.400001525878906,37.529998779296875,9460900,VWO
2009-11-04,25.36936378479004,38.91999816894531,39.400001525878906,38.7599983215332,39.0099983215332,7469700,VWO
2009-11-05,25.897363662719727,39.72999954223633,39.72999954223633,39.060001373291016,39.22999954223633,10930800,VWO
2009-11-06,25.8126163482666,39.599998474121094,39.810001373291016,39.220001220703125,39.25,9514700,VWO
2009-11-09,26.705629348754883,40.970001220703125,40.9900016784668,40.33000183105469,40.349998474121094,11262900,VWO
2009-11-10,26.516613006591797,40.68000030517578,40.88999938964844,40.400001525878906,40.529998779296875,7054100,VWO
2009-11-11,26.686084747314453,40.939998626708984,41.349998474121094,40.7599983215332,41.279998779296875,8048800,VWO
2009-11-12,26.118986129760742,40.06999969482422,40.93000030517578,40.060001373291016,40.66999816894531,12246400,VWO
2009-11-13,26.5817928314209,40.779998779296875,40.86000061035156,40.20000076293945,40.38999938964844,9179000,VWO
2009-11-16,27.220577239990234,41.7599983215332,41.97999954223633,41.31999969482422,41.369998931884766,11431600,VWO
2009-11-17,27.12281608581543,41.61000061035156,41.630001068115234,41.0099983215332,41.349998474121094,11366900,VWO
2009-11-18,26.90118408203125,41.27000045776367,41.650001525878906,41.150001525878906,41.650001525878906,15956800,VWO
2009-11-19,26.457942962646484,40.59000015258789,40.83000183105469,40.20000076293945,40.81999969482422,7029400,VWO
2009-11-20,26.431873321533203,40.54999923706055,40.61000061035156,40.22999954223633,40.34000015258789,5742600,VWO
2009-11-23,26.881641387939453,41.2400016784668,41.63999938964844,41.150001525878906,41.5099983215332,5970300,VWO
2009-11-24,26.79037857055664,41.099998474121094,41.18000030517578,40.619998931884766,41.04999923706055,7800800,VWO
2009-11-25,27.011995315551758,41.439998626708984,41.5,41.0099983215332,41.2599983215332,6438500,VWO
2009-11-27,26.02773666381836,39.93000030517578,40.290000915527344,39.04999923706055,39.52000045776367,9214900,VWO
2009-11-30,26.26889991760254,40.29999923706055,40.36000061035156,39.86000061035156,40.209999084472656,22169500,VWO
2009-12-01,26.92725944519043,41.310001373291016,41.470001220703125,40.9900016784668,41.06999969482422,7348700,VWO
2009-12-02,27.051115036010742,41.5,41.75,41.349998474121094,41.380001068115234,6095700,VWO
2009-12-03,26.849040985107422,41.189998626708984,41.90999984741211,41.09000015258789,41.720001220703125,19789400,VWO
2009-12-04,27.018524169921875,41.45000076293945,42.16999816894531,41.0099983215332,42.0,10905600,VWO
2009-12-07,26.80341148376465,41.119998931884766,41.5099983215332,41.09000015258789,41.20000076293945,6699100,VWO
2009-12-08,26.405784606933594,40.5099983215332,40.83000183105469,40.34000015258789,40.790000915527344,9300700,VWO
2009-12-09,26.575260162353516,40.77000045776367,40.79999923706055,40.290000915527344,40.56999969482422,10920300,VWO
2009-12-10,26.633926391601562,40.86000061035156,41.029998779296875,40.619998931884766,40.900001525878906,11777100,VWO
2009-12-11,26.77081298828125,41.06999969482422,41.119998931884766,40.86000061035156,41.09000015258789,18813800,VWO
2009-12-14,26.907703399658203,41.279998779296875,41.40999984741211,41.130001068115234,41.310001373291016,12826400,VWO
2009-12-15,26.7447452545166,41.029998779296875,41.29999923706055,40.849998474121094,40.900001525878906,16316900,VWO
2009-12-16,26.816442489624023,41.13999938964844,41.40999984741211,41.02000045776367,41.2599983215332,10942600,VWO
2009-12-17,26.073354721069336,40.0,40.459999084472656,39.959999084472656,40.43000030517578,8827700,VWO
2009-12-18,26.184167861938477,40.16999816894531,40.22999954223633,39.7599983215332,40.099998474121094,11910400,VWO
2009-12-21,26.1385440826416,40.099998474121094,40.470001220703125,40.04999923706055,40.2400016784668,16585900,VWO
2009-12-22,26.308013916015625,40.36000061035156,40.400001525878906,40.15999984741211,40.2599983215332,16657100,VWO
2009-12-23,26.529626846313477,40.70000076293945,40.900001525878906,40.45000076293945,40.689998626708984,8827600,VWO
2009-12-24,26.850074768066406,40.63999938964844,40.709999084472656,40.5099983215332,40.619998931884766,2458300,VWO
2009-12-28,26.968996047973633,40.81999969482422,40.959999084472656,40.66999816894531,40.95000076293945,7570200,VWO
2009-12-29,26.942569732666016,40.779998779296875,40.959999084472656,40.66999816894531,40.959999084472656,9393000,VWO
2009-12-30,27.00862693786621,40.880001068115234,40.91999816894531,40.720001220703125,40.81999969482422,6366800,VWO
2009-12-31,27.08791732788086,41.0,41.349998474121094,41.0,41.279998779296875,4666600,VWO
2010-01-04,28.01287841796875,42.400001525878906,42.400001525878906,41.75,41.7599983215332,16750400,VWO
2010-01-05,28.105371475219727,42.540000915527344,42.689998626708984,42.310001373291016,42.4900016784668,13083300,VWO
2010-01-06,28.27713966369629,42.79999923706055,42.84000015258789,42.560001373291016,42.61000061035156,16128000,VWO
2010-01-07,28.032684326171875,42.43000030517578,42.529998779296875,42.189998626708984,42.41999816894531,7696600,VWO
2010-01-08,28.204469680786133,42.689998626708984,42.7400016784668,42.33000183105469,42.470001220703125,7663100,VWO
2010-01-11,28.24410057067871,42.75,42.970001220703125,42.4900016784668,42.970001220703125,8068300,VWO
2010-01-12,27.834491729736328,42.130001068115234,42.33000183105469,41.849998474121094,42.290000915527344,11307800,VWO
2010-01-13,27.946796417236328,42.29999923706055,42.36000061035156,41.86000061035156,42.27000045776367,6855000,VWO
2010-01-14,27.880733489990234,42.20000076293945,42.36000061035156,42.09000015258789,42.209999084472656,6466600,VWO
2010-01-15,27.550384521484375,41.70000076293945,42.189998626708984,41.61000061035156,42.189998626708984,6679600,VWO
2010-01-19,28.026077270507812,42.41999816894531,42.529998779296875,41.900001525878906,41.91999816894531,6807700,VWO
2010-01-20,27.338966369628906,41.380001068115234,41.81999969482422,41.099998474121094,41.790000915527344,12561800,VWO
2010-01-21,26.546165466308594,40.18000030517578,41.31999969482422,40.16999816894531,41.220001220703125,13739200,VWO
2010-01-22,25.95155143737793,39.279998779296875,40.0,39.209999084472656,39.95000076293945,16390400,VWO
2010-01-25,26.20260238647461,39.65999984741211,40.0,39.45000076293945,39.88999938964844,13534300,VWO
2010-01-26,25.70049285888672,38.900001525878906,39.369998931884766,38.7400016784668,38.95000076293945,17390700,VWO
2010-01-27,25.627811431884766,38.790000915527344,38.880001068115234,38.209999084472656,38.54999923706055,13263300,VWO
2010-01-28,25.528703689575195,38.63999938964844,39.349998474121094,38.290000915527344,39.25,18574200,VWO
2010-01-29,25.264434814453125,38.2400016784668,39.18000030517578,38.06999969482422,39.060001373291016,16906200,VWO
2010-02-01,25.99118423461914,39.34000015258789,39.34000015258789,38.61000061035156,38.61000061035156,10503100,VWO
2010-02-02,26.116724014282227,39.529998779296875,39.599998474121094,38.97999954223633,39.310001373291016,19955200,VWO
2010-02-03,26.044036865234375,39.41999816894531,39.709999084472656,39.220001220703125,39.619998931884766,12056000,VWO
2010-02-04,24.854820251464844,37.619998931884766,38.77000045776367,37.529998779296875,38.7599983215332,16197300,VWO
2010-02-05,24.808561325073242,37.54999923706055,37.54999923706055,36.2400016784668,37.25,22357500,VWO
2010-02-08,24.346092224121094,36.849998474121094,37.529998779296875,36.790000915527344,37.33000183105469,9580200,VWO
2010-02-09,25.092660903930664,37.97999954223633,38.349998474121094,37.470001220703125,37.7599983215332,15141100,VWO
2010-02-10,25.013368606567383,37.86000061035156,38.209999084472656,37.47999954223633,38.040000915527344,8529400,VWO
2010-02-11,25.627811431884766,38.790000915527344,38.83000183105469,37.84000015258789,38.130001068115234,9560200,VWO
2010-02-12,25.34372329711914,38.36000061035156,38.5,37.79999923706055,38.060001373291016,8314000,VWO
2010-02-16,25.99118423461914,39.34000015258789,39.38999938964844,38.7400016784668,38.939998626708984,9061000,VWO
2010-02-17,26.09029197692871,39.4900016784668,39.619998931884766,39.22999954223633,39.599998474121094,8934700,VWO
2010-02-18,26.143146514892578,39.56999969482422,39.72999954223633,39.13999938964844,39.189998626708984,21926100,VWO
2010-02-19,25.971370697021484,39.310001373291016,39.47999954223633,39.029998779296875,39.150001525878906,8423900,VWO
2010-02-22,25.98457145690918,39.33000183105469,39.56999969482422,39.25,39.54999923706055,11123200,VWO
2010-02-23,25.403181076049805,38.45000076293945,39.33000183105469,38.40999984741211,39.150001525878906,10393500,VWO
2010-02-24,25.720300674438477,38.93000030517578,39.060001373291016,38.56999969482422,38.75,6389200,VWO
2010-02-25,25.515504837036133,38.619998931884766,38.630001068115234,37.849998474121094,38.0099983215332,12701600,VWO
2010-02-26,25.740121841430664,38.959999084472656,39.04999923706055,38.40999984741211,38.65999984741211,10527800,VWO
2010-03-01,26.16956329345703,39.61000061035156,39.720001220703125,39.349998474121094,39.45000076293945,7483700,VWO
2010-03-02,26.466869354248047,40.060001373291016,40.290000915527344,39.869998931884766,40.029998779296875,8403900,VWO
2010-03-03,26.532943725585938,40.15999984741211,40.599998474121094,40.040000915527344,40.279998779296875,14434400,VWO
2010-03-04,26.361164093017578,39.900001525878906,40.2400016784668,39.75,40.209999084472656,29887400,VWO
2010-03-05,27.127561569213867,41.060001373291016,41.060001373291016,40.33000183105469,40.40999984741211,11541900,VWO
2010-03-08,27.120962142944336,41.04999923706055,41.2400016784668,40.9900016784668,41.150001525878906,11589900,VWO
2010-03-09,27.233261108398438,41.220001220703125,41.40999984741211,40.83000183105469,40.869998931884766,14900000,VWO
2010-03-10,27.28611183166504,41.29999923706055,41.65999984741211,41.25,41.33000183105469,7895100,VWO
2010-03-11,27.39182472229004,41.459999084472656,41.47999954223633,41.0,41.2400016784668,9597100,VWO
2010-03-12,27.319162368774414,41.349998474121094,41.650001525878906,41.25,41.650001525878906,8243500,VWO
2010-03-15,27.134157180786133,41.06999969482422,41.15999984741211,40.75,41.02000045776367,8356000,VWO
2010-03-16,27.451290130615234,41.54999923706055,41.560001373291016,41.060001373291016,41.220001220703125,7216800,VWO
2010-03-17,27.72876739501953,41.970001220703125,42.16999816894531,41.79999923706055,41.970001220703125,6937400,VWO
2010-03-18,27.550384521484375,41.70000076293945,41.91999816894531,41.470001220703125,41.869998931884766,7431800,VWO
2010-03-19,27.279521942138672,41.290000915527344,41.83000183105469,41.15999984741211,41.290000915527344,20515100,VWO
2010-03-22,27.345582962036133,41.38999938964844,41.5,40.790000915527344,40.869998931884766,14956200,VWO
2010-03-23,27.563610076904297,41.720001220703125,41.72999954223633,41.29999923706055,41.47999954223633,9365300,VWO
2010-03-24,27.193620681762695,41.15999984741211,41.439998626708984,41.09000015258789,41.2599983215332,7008200,VWO
2010-03-25,27.054882049560547,40.95000076293945,41.58000183105469,40.93000030517578,41.470001220703125,21332300,VWO
2010-03-26,27.246488571166992,41.2400016784668,41.459999084472656,40.88999938964844,41.290000915527344,9028600,VWO
2010-03-29,27.741992950439453,41.9900016784668,41.9900016784668,41.58000183105469,41.709999084472656,8973200,VWO
2010-03-30,27.834491729736328,42.130001068115234,42.209999084472656,41.84000015258789,42.099998474121094,5687300,VWO
2010-03-31,27.847700119018555,42.150001525878906,42.31999969482422,41.93000030517578,42.0099983215332,19106800,VWO
2010-04-01,28.51498031616211,43.15999984741211,43.15999984741211,42.77000045776367,42.77000045776367,16635600,VWO
2010-04-05,28.799081802368164,43.59000015258789,43.650001525878906,43.25,43.43000030517578,8805500,VWO
2010-04-06,28.858535766601562,43.68000030517578,43.79999923706055,43.349998474121094,43.439998626708984,17143500,VWO
2010-04-07,28.633913040161133,43.34000015258789,43.599998474121094,43.11000061035156,43.540000915527344,20281800,VWO
2010-04-08,28.706571578979492,43.45000076293945,43.5,42.849998474121094,43.0099983215332,18212300,VWO
2010-04-09,28.858535766601562,43.68000030517578,43.68000030517578,43.45000076293945,43.54999923706055,18586000,VWO
2010-04-12,28.620691299438477,43.31999969482422,43.56999969482422,43.279998779296875,43.5099983215332,16340700,VWO
2010-04-13,28.600881576538086,43.290000915527344,43.33000183105469,42.81999969482422,43.220001220703125,15363900,VWO
2010-04-14,29.05013084411621,43.970001220703125,43.97999954223633,43.54999923706055,43.7400016784668,8673000,VWO
2010-04-15,28.871755599975586,43.70000076293945,43.90999984741211,43.619998931884766,43.66999816894531,11688700,VWO
2010-04-16,28.111976623535156,42.54999923706055,43.27000045776367,42.29999923706055,43.2400016784668,19577300,VWO
2010-04-19,27.979835510253906,42.349998474121094,42.40999984741211,41.72999954223633,42.04999923706055,22112700,VWO
2010-04-20,28.3035831451416,42.84000015258789,42.91999816894531,42.529998779296875,42.75,10697700,VWO
2010-04-21,28.191253662109375,42.66999816894531,42.81999969482422,42.31999969482422,42.79999923706055,12567000,VWO
2010-04-22,28.3167781829834,42.86000061035156,42.900001525878906,42.060001373291016,42.349998474121094,5544900,VWO
2010-04-23,28.462125778198242,43.08000183105469,43.09000015258789,42.529998779296875,42.72999954223633,8959200,VWO
2010-04-26,28.475337982177734,43.099998474121094,43.380001068115234,43.029998779296875,43.349998474121094,11066900,VWO
2010-04-27,27.464496612548828,41.56999969482422,42.70000076293945,41.5,42.61000061035156,24055400,VWO
2010-04-28,27.73537826538086,41.97999954223633,42.130001068115234,41.40999984741211,42.08000183105469,13648100,VWO
2010-04-29,28.145000457763672,42.599998474121094,42.68000030517578,42.2599983215332,42.380001068115234,14906000,VWO
2010-04-30,27.78823471069336,42.060001373291016,42.720001220703125,42.060001373291016,42.65999984741211,18274100,VWO
2010-05-03,27.96002197265625,42.31999969482422,42.439998626708984,41.93000030517578,42.25,8161800,VWO
2010-05-04,26.810441970825195,40.58000183105469,41.45000076293945,40.400001525878906,41.439998626708984,15761500,VWO
2010-05-05,26.314918518066406,39.83000183105469,40.5099983215332,39.47999954223633,39.83000183105469,20405800,VWO
2010-05-06,25.35031509399414,38.369998931884766,40.02000045776367,36.83000183105469,39.52000045776367,48930200,VWO
2010-05-07,25.376754760742188,38.40999984741211,39.130001068115234,37.540000915527344,38.650001525878906,37402900,VWO
2010-05-10,27.041656494140625,40.93000030517578,41.0,40.47999954223633,40.790000915527344,25015200,VWO
2010-05-11,26.56597900390625,40.209999084472656,40.86000061035156,39.93000030517578,39.970001220703125,14562300,VWO
2010-05-12,26.935949325561523,40.77000045776367,40.83000183105469,40.40999984741211,40.58000183105469,12108500,VWO
2010-05-13,26.67167854309082,40.369998931884766,40.970001220703125,40.33000183105469,40.689998626708984,11296700,VWO
2010-05-14,26.209199905395508,39.66999816894531,40.119998931884766,39.20000076293945,40.04999923706055,21039400,VWO
2010-05-17,26.083681106567383,39.47999954223633,39.790000915527344,38.58000183105469,39.599998474121094,21879400,VWO
2010-05-18,25.522096633911133,38.630001068115234,39.90999984741211,38.5099983215332,39.79999923706055,20500900,VWO
2010-05-19,25.204971313476562,38.150001525878906,38.43000030517578,37.52000045776367,38.0099983215332,19301200,VWO
2010-05-20,24.061994552612305,36.41999816894531,37.150001525878906,36.099998474121094,36.75,39853900,VWO
2010-05-21,24.7160701751709,37.40999984741211,37.43000030517578,35.810001373291016,35.849998474121094,35622700,VWO
2010-05-24,24.458402633666992,37.02000045776367,37.65999984741211,37.0,37.380001068115234,22918900,VWO
2010-05-25,24.220561981201172,36.65999984741211,36.66999816894531,35.29999923706055,35.54999923706055,25086200,VWO
2010-05-26,24.220561981201172,36.65999984741211,37.56999969482422,36.540000915527344,36.97999954223633,20800100,VWO
2010-05-27,25.621200561523438,38.779998779296875,38.790000915527344,37.72999954223633,37.970001220703125,18128800,VWO
2010-05-28,25.23801040649414,38.20000076293945,38.61000061035156,37.95000076293945,38.58000183105469,15386700,VWO
2010-06-01,24.78874397277832,37.52000045776367,38.52000045776367,37.470001220703125,37.77000045776367,20245500,VWO
2010-06-02,25.66745376586914,38.849998474121094,38.849998474121094,37.7599983215332,37.880001068115234,17532000,VWO
2010-06-03,25.561738967895508,38.689998626708984,39.08000183105469,38.189998626708984,39.02000045776367,15652900,VWO
2010-06-04,24.7160701751709,37.40999984741211,38.22999954223633,37.2400016784668,37.88999938964844,25904000,VWO
2010-06-07,24.37252426147461,36.88999938964844,37.65999984741211,36.849998474121094,37.5,15199600,VWO
2010-06-08,24.90105628967285,37.689998626708984,37.7400016784668,36.849998474121094,37.25,27233700,VWO
2010-06-09,24.72929573059082,37.43000030517578,38.279998779296875,37.310001373291016,37.84000015258789,19570200,VWO
2010-06-10,25.502273559570312,38.599998474121094,38.689998626708984,38.16999816894531,38.310001373291016,20720100,VWO
2010-06-11,25.680654525756836,38.869998931884766,38.869998931884766,38.08000183105469,38.11000061035156,13378500,VWO
2010-06-14,25.660842895507812,38.84000015258789,39.560001373291016,38.790000915527344,39.33000183105469,15212000,VWO
2010-06-15,26.44045066833496,40.02000045776367,40.04999923706055,39.18000030517578,39.29999923706055,11313800,VWO
2010-06-16,26.407407760620117,39.970001220703125,40.189998626708984,39.56999969482422,39.630001068115234,13302100,VWO
2010-06-17,26.314918518066406,39.83000183105469,40.150001525878906,39.5,40.150001525878906,10471100,VWO
2010-06-18,26.466869354248047,40.060001373291016,40.209999084472656,39.84000015258789,40.040000915527344,12347500,VWO
2010-06-21,26.95577621459961,40.79999923706055,41.310001373291016,40.5099983215332,41.15999984741211,14590800,VWO
2010-06-22,26.447052001953125,40.029998779296875,40.88999938964844,39.95000076293945,40.7400016784668,15835200,VWO
2010-06-23,26.56597900390625,40.209999084472656,40.38999938964844,39.720001220703125,40.2400016784668,22607500,VWO
2010-06-24,26.16956329345703,39.61000061035156,40.08000183105469,39.43000030517578,40.08000183105469,16979800,VWO
2010-06-25,26.460262298583984,40.04999923706055,40.150001525878906,39.38999938964844,39.779998779296875,12608800,VWO
2010-06-28,26.321529388427734,39.84000015258789,40.13999938964844,39.70000076293945,40.04999923706055,8237000,VWO
2010-06-29,25.310684204101562,38.310001373291016,38.810001373291016,38.11000061035156,38.77000045776367,21819600,VWO
2010-06-30,25.09926414489746,37.9900016784668,38.810001373291016,37.939998626708984,38.47999954223633,26323400,VWO
2010-07-01,25.251222610473633,38.220001220703125,38.310001373291016,37.470001220703125,38.13999938964844,27289000,VWO
2010-07-02,25.30408477783203,38.29999923706055,38.63999938964844,38.09000015258789,38.45000076293945,22616500,VWO
2010-07-06,25.740121841430664,38.959999084472656,39.599998474121094,38.650001525878906,39.29999923706055,13537200,VWO
2010-07-07,26.242237091064453,39.720001220703125,39.779998779296875,38.91999816894531,38.959999084472656,13967600,VWO
2010-07-08,26.414030075073242,39.97999954223633,40.0,39.47999954223633,39.849998474121094,15404000,VWO
2010-07-09,26.744361877441406,40.47999954223633,40.5,39.939998626708984,40.02000045776367,21336200,VWO
2010-07-12,26.539548873901367,40.16999816894531,40.470001220703125,39.91999816894531,40.290000915527344,13063000,VWO
2010-07-13,26.856674194335938,40.650001525878906,40.779998779296875,40.41999816894531,40.4900016784668,10777800,VWO
2010-07-14,26.817041397094727,40.59000015258789,40.689998626708984,40.27000045776367,40.41999816894531,14355000,VWO
2010-07-15,26.75096893310547,40.4900016784668,40.5099983215332,39.93000030517578,40.40999984741211,11402600,VWO
2010-07-16,26.011003494262695,39.369998931884766,40.18000030517578,39.31999969482422,40.13999938964844,17139200,VWO
2010-07-19,26.341337203979492,39.869998931884766,39.97999954223633,39.4900016784668,39.81999969482422,7344600,VWO
2010-07-20,26.843463897705078,40.630001068115234,40.7400016784668,39.59000015258789,39.63999938964844,15362800,VWO
2010-07-21,26.605619430541992,40.27000045776367,40.869998931884766,40.09000015258789,40.849998474121094,15343400,VWO
2010-07-22,27.299335479736328,41.31999969482422,41.47999954223633,40.90999984741211,40.939998626708984,10383500,VWO
2010-07-23,27.517351150512695,41.650001525878906,41.66999816894531,41.0099983215332,41.2400016784668,12109800,VWO
2010-07-26,27.689125061035156,41.90999984741211,41.939998626708984,41.41999816894531,41.58000183105469,10056300,VWO
2010-07-27,27.623071670532227,41.810001373291016,42.15999984741211,41.619998931884766,42.150001525878906,9774800,VWO
2010-07-28,27.490938186645508,41.61000061035156,41.810001373291016,41.439998626708984,41.61000061035156,9538700,VWO
2010-07-29,27.57021141052246,41.72999954223633,42.11000061035156,41.380001068115234,42.04999923706055,9199700,VWO
2010-07-30,27.66271209716797,41.869998931884766,42.0099983215332,41.29999923706055,41.41999816894531,10322700,VWO
2010-08-02,28.38283920288086,42.959999084472656,43.040000915527344,42.58000183105469,42.720001220703125,9660100,VWO
2010-08-03,28.24410057067871,42.75,42.880001068115234,42.41999816894531,42.630001068115234,16498500,VWO
2010-08-04,28.33660316467285,42.88999938964844,42.9900016784668,42.5099983215332,42.81999969482422,22460800,VWO
2010-08-05,28.237499237060547,42.7400016784668,42.7599983215332,42.43000030517578,42.59000015258789,11763500,VWO
2010-08-06,28.17144203186035,42.63999938964844,42.720001220703125,42.20000076293945,42.38999938964844,25053200,VWO
2010-08-09,28.329994201660156,42.880001068115234,42.970001220703125,42.77000045776367,42.959999084472656,5688500,VWO
2010-08-10,27.93358039855957,42.279998779296875,42.52000045776367,41.95000076293945,42.15999984741211,12525900,VWO
2010-08-11,27.107736587524414,41.029998779296875,41.439998626708984,40.93000030517578,41.439998626708984,11300400,VWO
2010-08-12,27.134157180786133,41.06999969482422,41.18000030517578,40.61000061035156,40.619998931884766,7448700,VWO
2010-08-13,27.292726516723633,41.310001373291016,41.459999084472656,41.13999938964844,41.25,15756800,VWO
2010-08-16,27.510759353637695,41.63999938964844,41.70000076293945,41.189998626708984,41.31999969482422,12465400,VWO
2010-08-17,27.814653396606445,42.099998474121094,42.29999923706055,41.88999938964844,42.099998474121094,5776900,VWO
2010-08-18,27.768423080444336,42.029998779296875,42.2599983215332,41.810001373291016,42.029998779296875,7579700,VWO
2010-08-19,27.57021141052246,41.72999954223633,42.18000030517578,41.4900016784668,42.11000061035156,11229800,VWO
2010-08-20,27.53717613220215,41.68000030517578,41.68000030517578,41.349998474121094,41.619998931884766,5182000,VWO
2010-08-23,27.292726516723633,41.310001373291016,41.880001068115234,41.279998779296875,41.83000183105469,18178700,VWO
2010-08-24,26.995412826538086,40.86000061035156,41.04999923706055,40.52000045776367,40.810001373291016,9224900,VWO
2010-08-25,26.876506805419922,40.68000030517578,40.779998779296875,40.060001373291016,40.459999084472656,14689200,VWO
2010-08-26,26.684904098510742,40.38999938964844,45.0,40.33000183105469,40.86000061035156,12745100,VWO
2010-08-27,27.22666358947754,41.209999084472656,41.2400016784668,40.349998474121094,40.84000015258789,7255600,VWO
2010-08-30,26.823638916015625,40.599998474121094,41.15999984741211,40.58000183105469,41.0099983215332,7003000,VWO
2010-08-31,26.95577621459961,40.79999923706055,41.0,40.5,40.61000061035156,13275600,VWO
2010-09-01,27.85430145263672,42.15999984741211,42.2599983215332,41.5,41.54999923706055,14080700,VWO
2010-09-02,27.867523193359375,42.18000030517578,42.2599983215332,41.90999984741211,41.970001220703125,9447200,VWO
2010-09-03,28.178037643432617,42.650001525878906,42.79999923706055,42.45000076293945,42.720001220703125,16200900,VWO
2010-09-07,27.794836044311523,42.06999969482422,42.400001525878906,42.040000915527344,42.38999938964844,9434200,VWO
2010-09-08,28.07892417907715,42.5,42.650001525878906,42.290000915527344,42.369998931884766,9419600,VWO
2010-09-09,28.217676162719727,42.709999084472656,42.95000076293945,42.58000183105469,42.939998626708984,13622600,VWO
2010-09-10,28.36302947998047,42.93000030517578,42.95000076293945,42.75,42.810001373291016,10025800,VWO
2010-09-13,28.9576416015625,43.83000183105469,43.86000061035156,43.619998931884766,43.689998626708984,10523300,VWO
2010-09-14,28.970863342285156,43.849998474121094,44.06999969482422,43.58000183105469,43.66999816894531,10812300,VWO
2010-09-15,28.990673065185547,43.880001068115234,43.91999816894531,43.560001373291016,43.63999938964844,9334700,VWO
2010-09-16,28.858535766601562,43.68000030517578,43.7400016784668,43.5,43.58000183105469,9589800,VWO
2010-09-17,28.84534454345703,43.65999984741211,43.900001525878906,43.560001373291016,43.869998931884766,7872000,VWO
2010-09-20,29.307809829711914,44.36000061035156,44.40999984741211,43.849998474121094,43.9900016784668,8067900,VWO
2010-09-21,29.28798484802246,44.33000183105469,44.5,44.04999923706055,44.38999938964844,10763200,VWO
2010-09-22,29.294591903686523,44.34000015258789,44.59000015258789,44.18000030517578,44.41999816894531,12252900,VWO
2010-09-23,29.13602066040039,44.099998474121094,44.470001220703125,43.970001220703125,44.06999969482422,10792400,VWO
2010-09-24,29.64474105834961,44.869998931884766,44.90999984741211,44.63999938964844,44.650001525878906,13481100,VWO
2010-09-27,29.58527946472168,44.779998779296875,44.970001220703125,44.720001220703125,44.849998474121094,14029900,VWO
2010-09-28,29.783483505249023,45.08000183105469,45.16999816894531,44.52000045776367,44.849998474121094,11866300,VWO
2010-09-29,29.88920021057129,45.2400016784668,45.400001525878906,45.060001373291016,45.16999816894531,20675000,VWO
2010-09-30,30.0345516204834,45.459999084472656,45.689998626708984,45.15999984741211,45.59000015258789,17898900,VWO
2010-10-01,30.503644943237305,46.16999816894531,46.25,45.849998474121094,46.0,24556100,VWO
2010-10-04,30.477197647094727,46.130001068115234,46.2599983215332,45.81999969482422,46.13999938964844,24180600,VWO
2010-10-05,30.926469802856445,46.810001373291016,46.91999816894531,46.29999923706055,46.36000061035156,19091100,VWO
2010-10-06,30.98594093322754,46.900001525878906,46.970001220703125,46.75,46.77000045776367,12470300,VWO
2010-10-07,30.688621520996094,46.45000076293945,46.97999954223633,46.22999954223633,46.959999084472656,18802500,VWO
2010-10-08,31.012367248535156,46.939998626708984,47.040000915527344,46.33000183105469,46.43000030517578,12629600,VWO
2010-10-11,30.999143600463867,46.91999816894531,46.9900016784668,46.77000045776367,46.900001525878906,9851800,VWO
2010-10-12,30.86699676513672,46.720001220703125,46.79999923706055,46.22999954223633,46.529998779296875,12793900,VWO
2010-10-13,31.355899810791016,47.459999084472656,47.689998626708984,47.22999954223633,47.279998779296875,21899600,VWO
2010-10-14,31.395557403564453,47.52000045776367,47.66999816894531,47.22999954223633,47.5,22199200,VWO
2010-10-15,31.3294734954834,47.41999816894531,47.689998626708984,47.099998474121094,47.650001525878906,24502000,VWO
2010-10-18,31.309669494628906,47.38999938964844,47.470001220703125,46.959999084472656,47.04999923706055,19618600,VWO
2010-10-19,30.345069885253906,45.93000030517578,46.63999938964844,45.77000045776367,46.34000015258789,16637700,VWO
2010-10-20,30.860416412353516,46.709999084472656,46.95000076293945,46.29999923706055,46.36000061035156,11648400,VWO
2010-10-21,30.827363967895508,46.65999984741211,47.22999954223633,46.22999954223633,47.0,17779400,VWO
2010-10-22,30.906648635864258,46.779998779296875,46.900001525878906,46.599998474121094,46.79999923706055,8542900,VWO
2010-10-25,31.243606567382812,47.290000915527344,47.58000183105469,47.209999084472656,47.349998474121094,11398300,VWO
2010-10-26,31.243606567382812,47.290000915527344,47.33000183105469,46.84000015258789,46.959999084472656,12222100,VWO
2010-10-27,30.728260040283203,46.5099983215332,46.61000061035156,46.09000015258789,46.599998474121094,15074000,VWO
2010-10-28,30.8868408203125,46.75,46.970001220703125,46.560001373291016,46.959999084472656,10048700,VWO
2010-10-29,30.966087341308594,46.869998931884766,46.90999984741211,46.619998931884766,46.68000030517578,13528100,VWO
2010-11-01,31.289844512939453,47.36000061035156,47.599998474121094,47.130001068115234,47.34000015258789,12394400,VWO
2010-11-02,31.65982437133789,47.91999816894531,47.939998626708984,47.65999984741211,47.75,13297400,VWO
2010-11-03,31.877859115600586,48.25,48.27000045776367,47.47999954223633,48.04999923706055,43025900,VWO
2010-11-04,32.58477783203125,49.31999969482422,49.33000183105469,48.88999938964844,48.93000030517578,18475700,VWO
2010-11-05,32.53193283081055,49.2400016784668,49.290000915527344,49.0,49.0099983215332,22568600,VWO
2010-11-08,32.37336349487305,49.0,49.0099983215332,48.689998626708984,48.84000015258789,13433900,VWO
2010-11-09,32.02322006225586,48.470001220703125,49.310001373291016,48.27000045776367,49.25,15788800,VWO
2010-11-10,32.194969177246094,48.72999954223633,48.83000183105469,48.130001068115234,48.689998626708984,17155300,VWO
2010-11-11,31.950523376464844,48.36000061035156,48.38999938964844,48.09000015258789,48.310001373291016,17749700,VWO
2010-11-12,31.197359085083008,47.220001220703125,47.880001068115234,46.9900016784668,47.689998626708984,22259600,VWO
2010-11-15,31.157705307006836,47.15999984741211,47.61000061035156,47.11000061035156,47.45000076293945,17930000,VWO
2010-11-16,30.325246810913086,45.900001525878906,46.689998626708984,45.779998779296875,46.65999984741211,20856400,VWO
2010-11-17,30.457378387451172,46.099998474121094,46.380001068115234,45.970001220703125,46.0099983215332,31660300,VWO
2010-11-18,31.151100158691406,47.150001525878906,47.31999969482422,46.9900016784668,47.04999923706055,14110100,VWO
2010-11-19,31.190736770629883,47.209999084472656,47.22999954223633,46.650001525878906,46.959999084472656,10441900,VWO
2010-11-22,31.124677658081055,47.11000061035156,47.27000045776367,46.529998779296875,47.0099983215332,14597300,VWO
2010-11-23,30.127038955688477,45.599998474121094,45.90999984741211,45.459999084472656,45.880001068115234,16452600,VWO
2010-11-24,30.794328689575195,46.61000061035156,46.650001525878906,46.279998779296875,46.33000183105469,22499200,VWO
2010-11-26,30.127038955688477,45.599998474121094,45.90999984741211,45.58000183105469,45.689998626708984,9156700,VWO
2010-11-29,30.2988224029541,45.86000061035156,45.91999816894531,45.20000076293945,45.650001525878906,20637900,VWO
2010-11-30,30.08740997314453,45.540000915527344,45.880001068115234,45.209999084472656,45.279998779296875,20764600,VWO
2010-12-01,30.99254035949707,46.90999984741211,46.95000076293945,46.540000915527344,46.68000030517578,16247800,VWO
2010-12-02,31.481441497802734,47.650001525878906,47.720001220703125,47.0,47.029998779296875,12438000,VWO
2010-12-03,31.58717155456543,47.810001373291016,47.90999984741211,47.2599983215332,47.29999923706055,18852100,VWO
2010-12-06,31.57393455505371,47.790000915527344,47.86000061035156,47.560001373291016,47.59000015258789,17386600,VWO
2010-12-07,31.428579330444336,47.56999969482422,48.33000183105469,47.540000915527344,48.29999923706055,16940500,VWO
2010-12-08,31.236984252929688,47.279998779296875,47.560001373291016,47.0,47.45000076293945,16283400,VWO
2010-12-09,31.1643123626709,47.16999816894531,47.439998626708984,46.970001220703125,47.43000030517578,19844000,VWO
2010-12-10,31.303058624267578,47.380001068115234,47.400001525878906,47.08000183105469,47.22999954223633,12982400,VWO
2010-12-13,31.46822166442871,47.630001068115234,47.880001068115234,47.560001373291016,47.689998626708984,12862900,VWO
2010-12-14,31.501279830932617,47.68000030517578,47.83000183105469,47.529998779296875,47.720001220703125,22410800,VWO
2010-12-15,31.038789749145508,46.97999954223633,47.52000045776367,46.93000030517578,47.41999816894531,25601600,VWO
2010-12-16,31.217174530029297,47.25,47.25,46.86000061035156,47.040000915527344,19989500,VWO
2010-12-17,31.190736770629883,47.209999084472656,47.2599983215332,46.97999954223633,47.08000183105469,20946600,VWO
2010-12-20,31.09825325012207,47.06999969482422,47.27000045776367,46.93000030517578,47.25,14435900,VWO
2010-12-21,31.501279830932617,47.68000030517578,47.880001068115234,47.59000015258789,47.61000061035156,20479400,VWO
2010-12-22,31.625608444213867,47.04999923706055,47.099998474121094,46.84000015258789,46.880001068115234,11354400,VWO
2010-12-23,31.578561782836914,46.97999954223633,47.029998779296875,46.869998931884766,46.869998931884766,10104600,VWO
2010-12-27,31.518070220947266,46.88999938964844,47.0,46.7599983215332,46.880001068115234,11203700,VWO
2010-12-28,31.544960021972656,46.93000030517578,47.029998779296875,46.81999969482422,47.02000045776367,6606300,VWO
2010-12-29,31.92809295654297,47.5,47.560001373291016,47.279998779296875,47.290000915527344,8565100,VWO
2010-12-30,32.15663528442383,47.84000015258789,47.880001068115234,47.65999984741211,47.810001373291016,6507800,VWO
2010-12-31,32.364990234375,48.150001525878906,48.150001525878906,47.83000183105469,47.91999816894531,6466300,VWO
2011-01-03,32.68091583251953,48.619998931884766,48.79999923706055,48.54999923706055,48.560001373291016,19627100,VWO
2011-01-04,32.80863952636719,48.810001373291016,48.83000183105469,48.279998779296875,48.79999923706055,17722700,VWO
2011-01-05,32.687652587890625,48.630001068115234,48.7599983215332,48.349998474121094,48.369998931884766,19779300,VWO
2011-01-06,32.39861297607422,48.20000076293945,48.540000915527344,48.09000015258789,48.5,20625400,VWO
2011-01-07,32.09612274169922,47.75,48.08000183105469,47.38999938964844,47.9900016784668,16971400,VWO
2011-01-10,31.766767501831055,47.2599983215332,47.34000015258789,47.0,47.279998779296875,13384900,VWO
2011-01-11,32.12302017211914,47.790000915527344,47.86000061035156,47.59000015258789,47.79999923706055,12041300,VWO
2011-01-12,32.85567855834961,48.880001068115234,48.880001068115234,48.349998474121094,48.45000076293945,20144400,VWO
2011-01-13,32.48599624633789,48.33000183105469,48.619998931884766,48.189998626708984,48.59000015258789,17945000,VWO
2011-01-14,32.57337188720703,48.459999084472656,48.470001220703125,48.150001525878906,48.189998626708984,11803500,VWO
2011-01-18,32.566654205322266,48.45000076293945,48.47999954223633,48.290000915527344,48.400001525878906,10206100,VWO
2011-01-19,32.297786712646484,48.04999923706055,48.56999969482422,47.880001068115234,48.56999969482422,11856700,VWO
2011-01-20,32.01546859741211,47.630001068115234,47.72999954223633,47.150001525878906,47.709999084472656,11339800,VWO
2011-01-21,31.699542999267578,47.15999984741211,47.720001220703125,47.119998931884766,47.630001068115234,13123400,VWO
2011-01-24,31.914644241333008,47.47999954223633,47.52000045776367,47.119998931884766,47.15999984741211,10190200,VWO
2011-01-25,31.726451873779297,47.20000076293945,47.38999938964844,46.900001525878906,47.310001373291016,14081700,VWO
2011-01-26,32.02219772338867,47.63999938964844,47.790000915527344,47.5099983215332,47.66999816894531,15445600,VWO
2011-01-27,31.914644241333008,47.47999954223633,47.810001373291016,47.400001525878906,47.7400016784668,25311200,VWO
2011-01-28,30.926563262939453,46.0099983215332,47.29999923706055,45.880001068115234,47.290000915527344,28234100,VWO
2011-01-31,31.249210357666016,46.4900016784668,46.66999816894531,46.2400016784668,46.36000061035156,24583000,VWO
2011-02-01,31.921375274658203,47.4900016784668,47.58000183105469,46.869998931884766,46.95000076293945,24518200,VWO
2011-02-02,31.67267608642578,47.119998931884766,47.720001220703125,47.06999969482422,47.369998931884766,29050400,VWO
2011-02-03,31.645780563354492,47.08000183105469,47.29999923706055,46.83000183105469,47.2400016784668,25834700,VWO
2011-02-04,31.63232421875,47.060001373291016,47.18000030517578,46.70000076293945,47.150001525878906,11580900,VWO
2011-02-07,31.544960021972656,46.93000030517578,47.22999954223633,46.86000061035156,46.93000030517578,30602900,VWO
2011-02-08,31.457576751708984,46.79999923706055,46.849998474121094,46.560001373291016,46.79999923706055,38073700,VWO
2011-02-09,30.845905303955078,45.88999938964844,46.2599983215332,45.599998474121094,46.2599983215332,48696000,VWO
2011-02-10,30.53669548034668,45.43000030517578,45.52000045776367,45.0,45.16999816894531,46760500,VWO
2011-02-11,30.87278175354004,45.93000030517578,45.970001220703125,45.09000015258789,45.11000061035156,38066800,VWO
2011-02-14,30.852617263793945,45.900001525878906,46.099998474121094,45.88999938964844,46.02000045776367,20655700,VWO
2011-02-15,30.913118362426758,45.9900016784668,46.150001525878906,45.79999923706055,45.93000030517578,17139000,VWO
2011-02-16,31.18872833251953,46.400001525878906,46.43000030517578,46.04999923706055,46.189998626708984,19851900,VWO
2011-02-17,31.32985496520996,46.61000061035156,46.68000030517578,46.209999084472656,46.29999923706055,18226600,VWO
2011-02-18,31.52479362487793,46.900001525878906,47.0,46.630001068115234,46.810001373291016,17423300,VWO
2011-02-22,30.469472885131836,45.33000183105469,46.189998626708984,45.25,45.9900016784668,26949100,VWO
2011-02-23,30.442598342895508,45.290000915527344,45.689998626708984,44.88999938964844,45.529998779296875,28045200,VWO
2011-02-24,30.509801864624023,45.38999938964844,45.45000076293945,44.95000076293945,45.33000183105469,18214800,VWO
2011-02-25,30.926563262939453,46.0099983215332,46.029998779296875,45.650001525878906,45.84000015258789,19346700,VWO
2011-02-28,31.195430755615234,46.40999984741211,46.41999816894531,46.06999969482422,46.150001525878906,17197000,VWO
2011-03-01,30.87278175354004,45.93000030517578,46.7599983215332,45.869998931884766,46.689998626708984,29526500,VWO
2011-03-02,31.3029727935791,46.56999969482422,46.619998931884766,46.09000015258789,46.099998474121094,23243200,VWO
2011-03-03,31.887758255004883,47.439998626708984,47.52000045776367,47.04999923706055,47.16999816894531,26910400,VWO
2011-03-04,31.854156494140625,47.38999938964844,47.70000076293945,47.08000183105469,47.5,19880900,VWO
2011-03-07,31.47100830078125,46.81999969482422,47.56999969482422,46.650001525878906,47.54999923706055,18600700,VWO
2011-03-08,31.8205509185791,47.34000015258789,47.619998931884766,46.86000061035156,47.209999084472656,29313700,VWO
2011-03-09,31.827274322509766,47.349998474121094,47.52000045776367,47.11000061035156,47.31999969482422,21133100,VWO
2011-03-10,30.946731567382812,46.040000915527344,46.59000015258789,46.0,46.52000045776367,22350700,VWO
2011-03-11,31.16853904724121,46.369998931884766,46.560001373291016,45.75,45.7599983215332,18564500,VWO
2011-03-14,31.40378761291504,46.720001220703125,46.790000915527344,46.150001525878906,46.27000045776367,26666000,VWO
2011-03-15,30.906396865844727,45.97999954223633,46.15999984741211,44.869998931884766,44.880001068115234,38708900,VWO
2011-03-16,30.240943908691406,44.9900016784668,46.060001373291016,44.66999816894531,45.970001220703125,36046100,VWO
2011-03-17,30.650962829589844,45.599998474121094,45.81999969482422,45.349998474121094,45.68000030517578,19433200,VWO
2011-03-18,30.745075225830078,45.7400016784668,46.09000015258789,45.689998626708984,46.09000015258789,23674900,VWO
2011-03-21,31.296253204345703,46.560001373291016,46.70000076293945,46.470001220703125,46.540000915527344,13216800,VWO
2011-03-22,31.32985496520996,46.61000061035156,46.720001220703125,46.47999954223633,46.650001525878906,19705200,VWO
2011-03-23,31.7331600189209,47.209999084472656,47.33000183105469,46.61000061035156,46.77000045776367,17444200,VWO
2011-03-24,32.12302017211914,47.790000915527344,47.84000015258789,47.27000045776367,47.5099983215332,20910900,VWO
2011-03-25,32.12302017211914,47.790000915527344,48.0,47.599998474121094,47.72999954223633,19629900,VWO
2011-03-28,31.934812545776367,47.5099983215332,47.810001373291016,47.459999084472656,47.689998626708984,21712600,VWO
2011-03-29,32.25074005126953,47.97999954223633,48.040000915527344,47.529998779296875,47.72999954223633,14602200,VWO
2011-03-30,32.64731979370117,48.56999969482422,48.7400016784668,48.400001525878906,48.439998626708984,23649000,VWO
2011-03-31,32.902732849121094,48.95000076293945,49.09000015258789,48.83000183105469,48.88999938964844,22962900,VWO
2011-04-01,33.44047546386719,49.75,49.88999938964844,49.369998931884766,49.56999969482422,29832400,VWO
2011-04-04,33.749671936035156,50.209999084472656,50.22999954223633,49.84000015258789,49.97999954223633,14661100,VWO
2011-04-05,33.655574798583984,50.06999969482422,50.34000015258789,49.869998931884766,49.91999816894531,21920500,VWO
2011-04-06,33.81016159057617,50.29999923706055,50.61000061035156,50.2599983215332,50.529998779296875,25131800,VWO
2011-04-07,33.803443908691406,50.290000915527344,50.58000183105469,50.029998779296875,50.34000015258789,18994600,VWO
2011-04-08,33.857215881347656,50.369998931884766,50.599998474121094,50.11000061035156,50.54999923706055,18156400,VWO
2011-04-11,33.47409439086914,49.79999923706055,50.310001373291016,49.65999984741211,50.25,13228700,VWO
2011-04-12,32.875858306884766,48.90999984741211,49.47999954223633,48.79999923706055,49.40999984741211,23547400,VWO
2011-04-13,33.09767150878906,49.2400016784668,49.79999923706055,49.029998779296875,49.75,14397000,VWO
2011-04-14,33.2926025390625,49.529998779296875,49.560001373291016,48.97999954223633,49.130001068115234,17901400,VWO
2011-04-15,33.3060417175293,49.54999923706055,49.619998931884766,49.220001220703125,49.47999954223633,15413400,VWO
2011-04-18,32.53303909301758,48.400001525878906,48.630001068115234,48.02000045776367,48.599998474121094,17958700,VWO
2011-04-19,32.969966888427734,49.04999923706055,49.099998474121094,48.72999954223633,48.810001373291016,11405600,VWO
2011-04-20,33.79672622680664,50.279998779296875,50.310001373291016,49.959999084472656,50.150001525878906,13698900,VWO
2011-04-21,34.08574676513672,50.709999084472656,50.720001220703125,50.310001373291016,50.54999923706055,10812700,VWO
2011-04-25,33.79672622680664,50.279998779296875,50.65999984741211,50.150001525878906,50.619998931884766,12968700,VWO
2011-04-26,34.05887222290039,50.66999816894531,50.720001220703125,50.189998626708984,50.459999084472656,14601100,VWO
2011-04-27,34.05215835571289,50.65999984741211,50.720001220703125,49.95000076293945,50.61000061035156,17954200,VWO
2011-04-28,33.76984405517578,50.2400016784668,50.31999969482422,49.959999084472656,50.22999954223633,13139300,VWO
2011-04-29,34.01182174682617,50.599998474121094,50.68000030517578,50.220001220703125,50.310001373291016,13366800,VWO
2011-05-02,33.95804977416992,50.52000045776367,50.91999816894531,50.369998931884766,50.790000915527344,16920600,VWO
2011-05-03,33.26571273803711,49.4900016784668,49.869998931884766,49.130001068115234,49.810001373291016,28514100,VWO
2011-05-04,32.66748046875,48.599998474121094,49.34000015258789,48.36000061035156,49.33000183105469,35558400,VWO
2011-05-05,32.324668884277344,48.09000015258789,48.560001373291016,47.709999084472656,48.209999084472656,33800000,VWO
2011-05-06,32.7615966796875,48.7400016784668,49.29999923706055,48.38999938964844,48.81999969482422,28356800,VWO
2011-05-09,32.848960876464844,48.869998931884766,48.970001220703125,48.439998626708984,48.7400016784668,14276200,VWO
2011-05-10,33.13127517700195,49.290000915527344,49.380001068115234,48.93000030517578,49.0,22756100,VWO
2011-05-11,32.52632141113281,48.38999938964844,49.040000915527344,48.099998474121094,49.040000915527344,23333400,VWO
2011-05-12,32.52632141113281,48.38999938964844,48.56999969482422,47.72999954223633,47.97999954223633,25494400,VWO
2011-05-13,31.874313354492188,47.41999816894531,48.34000015258789,47.150001525878906,48.27000045776367,39648700,VWO
2011-05-16,31.867597579956055,47.40999984741211,47.93000030517578,47.220001220703125,47.25,16040600,VWO
2011-05-17,32.01546859741211,47.630001068115234,47.630001068115234,47.0,47.16999816894531,21527000,VWO
2011-05-18,32.479270935058594,48.31999969482422,48.40999984741211,47.72999954223633,47.93000030517578,9276800,VWO
2011-05-19,32.317962646484375,48.08000183105469,48.2599983215332,47.779998779296875,48.25,14876400,VWO
2011-05-20,32.06925582885742,47.709999084472656,47.9900016784668,47.47999954223633,47.91999816894531,19138000,VWO
2011-05-23,31.410526275634766,46.72999954223633,46.79999923706055,46.439998626708984,46.59000015258789,20700000,VWO
2011-05-24,31.67938804626465,47.130001068115234,47.29999923706055,46.959999084472656,47.15999984741211,20220000,VWO
2011-05-25,31.753324508666992,47.2400016784668,47.380001068115234,46.86000061035156,46.900001525878906,23566600,VWO
2011-05-26,32.1431884765625,47.81999969482422,47.849998474121094,47.34000015258789,47.40999984741211,11640900,VWO
2011-05-27,32.4658317565918,48.29999923706055,48.43000030517578,48.119998931884766,48.20000076293945,16645700,VWO
2011-05-31,33.01028823852539,49.11000061035156,49.16999816894531,48.779998779296875,49.11000061035156,20600000,VWO
2011-06-01,32.53303909301758,48.400001525878906,49.16999816894531,48.33000183105469,49.0099983215332,20522900,VWO
2011-06-02,32.81534957885742,48.81999969482422,48.90999984741211,48.310001373291016,48.709999084472656,9586100,VWO
2011-06-03,32.61369323730469,48.52000045776367,48.790000915527344,48.25,48.279998779296875,20651200,VWO
2011-06-06,32.17679214477539,47.869998931884766,48.47999954223633,47.790000915527344,48.47999954223633,13755500,VWO
2011-06-07,32.432220458984375,48.25,48.66999816894531,48.2400016784668,48.4900016784668,14277000,VWO
2011-06-08,32.22385787963867,47.939998626708984,48.22999954223633,47.810001373291016,48.130001068115234,14125500,VWO
2011-06-09,32.40532684326172,48.209999084472656,48.380001068115234,47.79999923706055,47.95000076293945,21468000,VWO
2011-06-10,31.73988914489746,47.220001220703125,47.70000076293945,47.09000015258789,47.68000030517578,17367400,VWO
2011-06-13,31.67938804626465,47.130001068115234,47.5,46.970001220703125,47.41999816894531,14065100,VWO
2011-06-14,32.12974548339844,47.79999923706055,48.0099983215332,47.709999084472656,47.720001220703125,13857000,VWO
2011-06-15,31.497905731201172,46.86000061035156,47.45000076293945,46.75,47.16999816894531,24708800,VWO
2011-06-16,31.249210357666016,46.4900016784668,46.849998474121094,46.099998474121094,46.59000015258789,17614600,VWO
2011-06-17,31.3029727935791,46.56999969482422,46.810001373291016,46.41999816894531,46.79999923706055,27241700,VWO
2011-06-20,31.215591430664062,46.439998626708984,46.529998779296875,46.220001220703125,46.29999923706055,12113800,VWO
2011-06-21,31.760055541992188,47.25,47.33000183105469,46.790000915527344,46.83000183105469,17198900,VWO
2011-06-22,31.511337280273438,46.880001068115234,47.27000045776367,46.81999969482422,46.900001525878906,19447500,VWO
2011-06-23,31.350019454956055,46.63999938964844,46.68000030517578,45.939998626708984,46.2400016784668,19640900,VWO
2011-06-24,31.350019454956055,46.63999938964844,47.02000045776367,46.56999969482422,46.970001220703125,12697100,VWO
2011-06-27,31.63232421875,47.060001373291016,47.22999954223633,46.58000183105469,46.66999816894531,14577200,VWO
2011-06-28,32.042362213134766,47.66999816894531,47.709999084472656,47.029998779296875,47.16999816894531,14198300,VWO
2011-06-29,32.31122589111328,48.06999969482422,48.20000076293945,47.56999969482422,47.790000915527344,21791700,VWO
2011-06-30,32.68091583251953,48.619998931884766,48.650001525878906,48.209999084472656,48.33000183105469,24351400,VWO
2011-07-01,33.057334899902344,49.18000030517578,49.290000915527344,48.540000915527344,48.599998474121094,14643700,VWO
2011-07-05,32.969966888427734,49.04999923706055,49.29999923706055,48.9900016784668,49.2599983215332,15211900,VWO
2011-07-06,32.882564544677734,48.91999816894531,48.97999954223633,48.61000061035156,48.90999984741211,17959600,VWO
2011-07-07,33.27915573120117,49.5099983215332,49.650001525878906,49.349998474121094,49.40999984741211,13856900,VWO
2011-07-08,32.93635940551758,49.0,49.0,48.529998779296875,48.9900016784668,16989400,VWO
2011-07-11,31.995311737060547,47.599998474121094,48.189998626708984,47.54999923706055,48.06999969482422,29405800,VWO
2011-07-12,31.712989807128906,47.18000030517578,47.61000061035156,47.11000061035156,47.34000015258789,15201200,VWO
2011-07-13,32.190242767333984,47.88999938964844,48.310001373291016,47.470001220703125,47.599998474121094,22930200,VWO
2011-07-14,31.90119171142578,47.459999084472656,48.209999084472656,47.31999969482422,48.20000076293945,26887500,VWO
2011-07-15,32.08269119262695,47.72999954223633,47.91999816894531,47.459999084472656,47.90999984741211,23968200,VWO
2011-07-18,31.719711303710938,47.189998626708984,47.369998931884766,46.880001068115234,47.290000915527344,17944400,VWO
2011-07-19,32.17679214477539,47.869998931884766,47.939998626708984,47.38999938964844,47.54999923706055,14880600,VWO
2011-07-20,32.244014739990234,47.970001220703125,48.16999816894531,47.88999938964844,48.099998474121094,13645200,VWO
2011-07-21,32.694366455078125,48.63999938964844,48.75,48.08000183105469,48.20000076293945,12279700,VWO
2011-07-22,32.72124481201172,48.68000030517578,48.83000183105469,48.439998626708984,48.68000030517578,17812500,VWO
2011-07-25,32.68091583251953,48.619998931884766,48.779998779296875,48.22999954223633,48.34000015258789,17815300,VWO
2011-07-26,32.82207489013672,48.83000183105469,49.060001373291016,48.61000061035156,48.900001525878906,20568800,VWO
2011-07-27,32.304500579833984,48.060001373291016,48.66999816894531,47.900001525878906,48.630001068115234,16224900,VWO
2011-07-28,32.3381233215332,48.11000061035156,48.4900016784668,47.93000030517578,48.25,16963800,VWO
2011-07-29,32.479270935058594,48.31999969482422,48.40999984741211,47.61000061035156,47.7400016784668,29921100,VWO
2011-08-01,32.4523811340332,48.279998779296875,48.869998931884766,47.84000015258789,48.84000015258789,23282200,VWO
2011-08-02,31.504602432250977,46.869998931884766,47.93000030517578,46.849998474121094,47.880001068115234,19827200,VWO
2011-08-03,31.363462448120117,46.65999984741211,46.90999984741211,45.849998474121094,46.900001525878906,57941000,VWO
2011-08-04,29.56877326965332,43.9900016784668,45.52000045776367,43.939998626708984,45.400001525878906,53168500,VWO
2011-08-05,29.340227127075195,43.650001525878906,44.36000061035156,42.36000061035156,44.279998779296875,53412100,VWO
2011-08-08,26.97419548034668,40.130001068115234,42.31999969482422,39.63999938964844,41.790000915527344,84218900,VWO
2011-08-09,28.41264533996582,42.27000045776367,42.349998474121094,39.75,41.06999969482422,70857000,VWO
2011-08-10,26.94731330871582,40.09000015258789,41.439998626708984,40.09000015258789,41.08000183105469,45774500,VWO
2011-08-11,28.500032424926758,42.400001525878906,42.90999984741211,40.72999954223633,41.040000915527344,48216500,VWO
2011-08-12,28.479860305786133,42.369998931884766,42.68000030517578,41.900001525878906,42.459999084472656,30435800,VWO
2011-08-15,29.16546630859375,43.38999938964844,43.41999816894531,43.0099983215332,43.02000045776367,20611900,VWO
2011-08-16,28.842832565307617,42.90999984741211,43.22999954223633,42.40999984741211,42.95000076293945,26005100,VWO
2011-08-17,29.03775405883789,43.20000076293945,43.65999984741211,42.939998626708984,43.2400016784668,28824000,VWO
2011-08-18,27.807682037353516,41.369998931884766,41.810001373291016,40.720001220703125,41.7400016784668,31123900,VWO
2011-08-19,27.384225845336914,40.7400016784668,41.79999923706055,40.66999816894531,40.790000915527344,34652400,VWO
2011-08-22,27.357316970825195,40.70000076293945,41.59000015258789,40.58000183105469,41.40999984741211,17535200,VWO
2011-08-23,28.29836082458496,42.099998474121094,42.13999938964844,40.84000015258789,41.220001220703125,25261700,VWO
2011-08-24,28.103445053100586,41.810001373291016,41.970001220703125,41.08000183105469,41.4900016784668,22082500,VWO
2011-08-25,27.55225944519043,40.9900016784668,41.90999984741211,40.75,41.77000045776367,28424900,VWO
2011-08-26,27.9622859954834,41.599998474121094,41.650001525878906,40.38999938964844,41.02000045776367,27266300,VWO
2011-08-29,28.862991333007812,42.939998626708984,42.939998626708984,42.36000061035156,42.40999984741211,13568700,VWO
2011-08-30,28.903331756591797,43.0,43.2400016784668,42.4900016784668,42.72999954223633,16784900,VWO
2011-08-31,29.5284481048584,43.93000030517578,44.04999923706055,43.54999923706055,43.779998779296875,23863200,VWO
2011-09-01,29.387279510498047,43.720001220703125,44.36000061035156,43.70000076293945,44.040000915527344,28644400,VWO
2011-09-02,28.762163162231445,42.790000915527344,43.279998779296875,42.56999969482422,43.029998779296875,20675600,VWO
2011-09-06,28.419355392456055,42.279998779296875,42.31999969482422,41.369998931884766,41.40999984741211,24786200,VWO
2011-09-07,29.252851486206055,43.52000045776367,43.560001373291016,42.779998779296875,42.97999954223633,11876500,VWO
2011-09-08,28.654621124267578,42.630001068115234,43.290000915527344,42.52000045776367,42.75,31514700,VWO
2011-09-09,27.6597957611084,41.150001525878906,42.060001373291016,40.970001220703125,42.0,34029900,VWO
2011-09-12,27.55898094177246,41.0,41.04999923706055,40.13999938964844,40.38999938964844,28205700,VWO
2011-09-13,27.599323272705078,41.060001373291016,41.130001068115234,40.529998779296875,40.849998474121094,34523400,VWO
2011-09-14,27.485050201416016,40.88999938964844,41.2400016784668,40.0,40.779998779296875,37946100,VWO
2011-09-15,27.8480167388916,41.43000030517578,41.470001220703125,40.869998931884766,41.36000061035156,17350500,VWO
2011-09-16,27.915237426757812,41.529998779296875,41.790000915527344,41.150001525878906,41.650001525878906,14933800,VWO
2011-09-19,27.12879180908203,40.36000061035156,40.56999969482422,39.90999984741211,40.130001068115234,21693300,VWO
2011-09-20,27.027971267700195,40.209999084472656,40.869998931884766,40.13999938964844,40.540000915527344,27475800,VWO
2011-09-21,25.99955177307129,38.68000030517578,40.119998931884766,38.68000030517578,39.959999084472656,42542200,VWO
2011-09-22,24.198129653930664,36.0,37.16999816894531,35.68000030517578,36.88999938964844,60839500,VWO
2011-09-23,24.72914695739746,36.790000915527344,36.939998626708984,36.08000183105469,36.33000183105469,47198900,VWO
2011-09-26,24.971126556396484,37.150001525878906,37.220001220703125,35.97999954223633,36.5,48254400,VWO
2011-09-27,25.757564544677734,38.31999969482422,39.0099983215332,38.150001525878906,38.380001068115234,53512600,VWO
2011-09-28,25.1257266998291,37.380001068115234,38.45000076293945,37.310001373291016,38.13999938964844,55360800,VWO
2011-09-29,25.421483993530273,37.81999969482422,38.5099983215332,37.310001373291016,38.36000061035156,25792600,VWO
2011-09-30,24.0838680267334,35.83000183105469,37.279998779296875,35.79999923706055,36.869998931884766,82505500,VWO
2011-10-03,23.660396575927734,35.20000076293945,36.380001068115234,35.130001068115234,35.88999938964844,70437700,VWO
2011-10-04,23.96287727355957,35.650001525878906,35.70000076293945,34.209999084472656,34.790000915527344,37435700,VWO
2011-10-05,24.379619598388672,36.27000045776367,36.439998626708984,35.25,35.52000045776367,26171700,VWO
2011-10-06,25.192949295043945,37.47999954223633,37.560001373291016,36.29999923706055,36.45000076293945,35352900,VWO
2011-10-07,24.877016067504883,37.0099983215332,37.869998931884766,36.84000015258789,37.7400016784668,22779300,VWO
2011-10-10,25.99955177307129,38.68000030517578,38.689998626708984,38.040000915527344,38.08000183105469,16927700,VWO
2011-10-11,26.073486328125,38.790000915527344,38.93000030517578,38.119998931884766,38.189998626708984,15757200,VWO
2011-10-12,26.79942512512207,39.869998931884766,40.380001068115234,39.54999923706055,39.59000015258789,33934200,VWO
2011-10-13,26.604509353637695,39.58000183105469,39.720001220703125,38.959999084472656,39.56999969482422,23282200,VWO
2011-10-14,27.034687042236328,40.220001220703125,40.290000915527344,39.86000061035156,40.099998474121094,27867900,VWO
2011-10-17,26.20793342590332,38.9900016784668,39.91999816894531,38.91999816894531,39.849998474121094,17982500,VWO
2011-10-18,26.880096435546875,39.9900016784668,40.15999984741211,38.45000076293945,39.040000915527344,34114900,VWO
2011-10-19,26.416297912597656,39.29999923706055,39.880001068115234,39.209999084472656,39.72999954223633,21685400,VWO
2011-10-20,25.898725509643555,38.529998779296875,38.93000030517578,37.849998474121094,38.869998931884766,21934700,VWO
2011-10-21,26.61794090270996,39.599998474121094,39.630001068115234,39.130001068115234,39.13999938964844,22252400,VWO
2011-10-24,27.599323272705078,41.060001373291016,41.25,40.04999923706055,40.099998474121094,31743800,VWO
2011-10-25,27.088457107543945,40.29999923706055,40.72999954223633,40.150001525878906,40.59000015258789,22296500,VWO
2011-10-26,27.572433471679688,41.02000045776367,41.25,40.2599983215332,41.13999938964844,14933700,VWO
2011-10-27,29.21924591064453,43.470001220703125,43.93000030517578,42.470001220703125,42.869998931884766,67958300,VWO
2011-10-28,29.057918548583984,43.22999954223633,43.400001525878906,42.66999816894531,42.7599983215332,21817600,VWO
2011-10-31,27.915237426757812,41.529998779296875,42.5,41.4900016784668,42.40999984741211,27466400,VWO
2011-11-01,27.296838760375977,40.61000061035156,41.0,39.869998931884766,40.029998779296875,41132900,VWO
2011-11-02,28.029497146606445,41.70000076293945,41.86000061035156,41.15999984741211,41.689998626708984,40603900,VWO
2011-11-03,28.338693618774414,42.15999984741211,42.380001068115234,41.41999816894531,42.02000045776367,19027500,VWO
2011-11-04,28.21771240234375,41.97999954223633,42.029998779296875,41.310001373291016,41.88999938964844,24140200,VWO
2011-11-07,28.419355392456055,42.279998779296875,42.380001068115234,41.709999084472656,41.90999984741211,13267700,VWO
2011-11-08,28.775619506835938,42.810001373291016,42.869998931884766,41.93000030517578,42.349998474121094,16487800,VWO
2011-11-09,27.196008682250977,40.459999084472656,41.34000015258789,40.310001373291016,41.150001525878906,21295600,VWO
2011-11-10,27.337162017822266,40.66999816894531,41.13999938964844,40.400001525878906,41.060001373291016,14127700,VWO
2011-11-11,27.9622859954834,41.599998474121094,41.7599983215332,41.220001220703125,41.2400016784668,7550100,VWO
2011-11-14,27.632925033569336,41.11000061035156,41.439998626708984,40.869998931884766,41.31999969482422,7964000,VWO
2011-11-15,27.77408218383789,41.31999969482422,41.560001373291016,40.77000045776367,41.04999923706055,11414500,VWO
2011-11-16,27.122074127197266,40.349998474121094,41.029998779296875,40.279998779296875,40.59000015258789,24760300,VWO
2011-11-17,26.449901580810547,39.349998474121094,40.58000183105469,39.16999816894531,40.5,27050100,VWO
2011-11-18,26.510406494140625,39.439998626708984,39.900001525878906,39.2599983215332,39.880001068115234,13666500,VWO
2011-11-21,25.690351486206055,38.220001220703125,38.529998779296875,37.75,38.43000030517578,16272300,VWO
2011-11-22,25.737396240234375,38.290000915527344,38.599998474121094,37.95000076293945,38.36000061035156,18265000,VWO
2011-11-23,24.99129295349121,37.18000030517578,37.720001220703125,37.130001068115234,37.689998626708984,27847400,VWO
2011-11-25,24.877016067504883,37.0099983215332,37.59000015258789,37.0099983215332,37.209999084472656,10045900,VWO
2011-11-28,25.972658157348633,38.63999938964844,38.75,38.310001373291016,38.63999938964844,19723300,VWO
2011-11-29,25.831501007080078,38.43000030517578,39.0099983215332,38.41999816894531,38.52000045776367,14727200,VWO
2011-11-30,27.4379940032959,40.81999969482422,40.849998474121094,40.11000061035156,40.29999923706055,25517100,VWO
2011-12-01,27.384225845336914,40.7400016784668,41.130001068115234,40.619998931884766,40.81999969482422,15244600,VWO
2011-12-02,27.317007064819336,40.63999938964844,41.2599983215332,40.59000015258789,41.18000030517578,21057000,VWO
2011-12-05,27.767356872558594,41.310001373291016,41.38999938964844,41.0,41.369998931884766,40185800,VWO
2011-12-06,27.357316970825195,40.70000076293945,40.95000076293945,40.40999984741211,40.720001220703125,13930300,VWO
2011-12-07,27.51192283630371,40.93000030517578,41.08000183105469,40.38999938964844,40.619998931884766,30186200,VWO
2011-12-08,26.577619552612305,39.540000915527344,40.439998626708984,39.369998931884766,40.29999923706055,14669500,VWO
2011-12-09,27.021251678466797,40.20000076293945,40.34000015258789,39.58000183105469,39.59000015258789,15732500,VWO
2011-12-12,26.066762924194336,38.779998779296875,39.13999938964844,38.5,39.119998931884766,30489700,VWO
2011-12-13,25.844947814941406,38.45000076293945,39.29999923706055,38.29999923706055,39.130001068115234,25584500,VWO
2011-12-14,25.475252151489258,37.900001525878906,38.5099983215332,37.83000183105469,38.31999969482422,19308800,VWO
2011-12-15,25.62986183166504,38.130001068115234,38.63999938964844,38.029998779296875,38.630001068115234,16025500,VWO
2011-12-16,25.81134033203125,38.400001525878906,38.70000076293945,38.2599983215332,38.52000045776367,24481400,VWO
2011-12-19,25.145893096923828,37.40999984741211,38.13999938964844,37.34000015258789,38.11000061035156,18613100,VWO
2011-12-20,26.140701293945312,38.88999938964844,38.970001220703125,38.400001525878906,38.439998626708984,19927900,VWO
2011-12-21,26.275588989257812,38.18000030517578,38.209999084472656,37.56999969482422,37.91999816894531,23553400,VWO
2011-12-22,26.537109375,38.560001373291016,38.61000061035156,38.220001220703125,38.279998779296875,29063900,VWO
2011-12-23,26.654109954833984,38.72999954223633,38.7400016784668,38.43000030517578,38.54999923706055,14636300,VWO
2011-12-27,26.440757751464844,38.41999816894531,38.56999969482422,38.310001373291016,38.43000030517578,15551500,VWO
2011-12-28,25.993427276611328,37.77000045776367,38.2599983215332,37.70000076293945,38.22999954223633,19166300,VWO
2011-12-29,26.261831283569336,38.15999984741211,38.209999084472656,37.900001525878906,37.939998626708984,16190400,VWO
2011-12-30,26.29623794555664,38.209999084472656,38.34000015258789,38.119998931884766,38.150001525878906,15639900,VWO
2012-01-03,27.0670166015625,39.33000183105469,39.47999954223633,39.119998931884766,39.209999084472656,29435300,VWO
2012-01-04,26.991321563720703,39.220001220703125,39.25,38.869998931884766,38.970001220703125,13972300,VWO
2012-01-05,26.860565185546875,39.029998779296875,39.099998474121094,38.619998931884766,38.93000030517578,18686900,VWO
2012-01-06,26.543991088867188,38.56999969482422,38.9900016784668,38.5,38.970001220703125,21649100,VWO
2012-01-09,26.75733757019043,38.880001068115234,39.02000045776367,38.70000076293945,38.88999938964844,22563300,VWO
2012-01-10,27.356061935424805,39.75,39.970001220703125,39.68000030517578,39.81999969482422,16547600,VWO
2012-01-11,27.362953186035156,39.7599983215332,39.79999923706055,39.43000030517578,39.529998779296875,20206000,VWO
2012-01-12,27.500593185424805,39.959999084472656,40.04999923706055,39.68000030517578,39.97999954223633,19255700,VWO
2012-01-13,27.266597747802734,39.619998931884766,39.70000076293945,39.2599983215332,39.63999938964844,13618200,VWO
2012-01-17,27.71393585205078,40.27000045776367,40.560001373291016,40.13999938964844,40.470001220703125,26786400,VWO
2012-01-18,28.3952579498291,41.2599983215332,41.290000915527344,40.43000030517578,40.5,20889700,VWO
2012-01-19,28.663654327392578,41.650001525878906,41.72999954223633,41.400001525878906,41.5099983215332,16341700,VWO
2012-01-20,28.69805908203125,41.70000076293945,41.75,41.400001525878906,41.56999969482422,16880900,VWO
2012-01-23,28.849475860595703,41.91999816894531,42.16999816894531,41.72999954223633,41.83000183105469,14202900,VWO
2012-01-24,28.90453338623047,42.0,42.0099983215332,41.41999816894531,41.560001373291016,12564400,VWO
2012-01-25,29.241743087768555,42.4900016784668,42.59000015258789,41.58000183105469,41.70000076293945,19387300,VWO
2012-01-26,29.124759674072266,42.31999969482422,42.939998626708984,42.18000030517578,42.790000915527344,43435600,VWO
2012-01-27,29.338092803955078,42.630001068115234,42.72999954223633,42.33000183105469,42.349998474121094,20204900,VWO
2012-01-30,28.897647857666016,41.9900016784668,42.119998931884766,41.619998931884766,41.7599983215332,15422600,VWO
2012-01-31,29.131637573242188,42.33000183105469,42.58000183105469,42.09000015258789,42.540000915527344,39885300,VWO
2012-02-01,29.806072235107422,43.310001373291016,43.529998779296875,42.93000030517578,42.9900016784668,39432300,VWO
2012-02-02,29.923072814941406,43.47999954223633,43.81999969482422,43.439998626708984,43.529998779296875,29546200,VWO
2012-02-03,30.425466537475586,44.209999084472656,44.2599983215332,43.810001373291016,44.040000915527344,31704100,VWO
2012-02-06,30.143301010131836,43.79999923706055,43.81999969482422,43.54999923706055,43.61000061035156,21268600,VWO
2012-02-07,30.205232620239258,43.88999938964844,43.9900016784668,43.369998931884766,43.619998931884766,24170600,VWO
2012-02-08,30.43921661376953,44.22999954223633,44.380001068115234,44.029998779296875,44.189998626708984,26597000,VWO
2012-02-09,30.425466537475586,44.209999084472656,44.31999969482422,43.95000076293945,44.27000045776367,21133600,VWO
2012-02-10,29.785423278808594,43.279998779296875,43.31999969482422,43.09000015258789,43.2599983215332,27037400,VWO
2012-02-13,30.232765197753906,43.93000030517578,44.040000915527344,43.66999816894531,44.0,16566700,VWO
2012-02-14,30.012531280517578,43.61000061035156,43.790000915527344,43.31999969482422,43.68000030517578,13739500,VWO
2012-02-15,30.09511947631836,43.72999954223633,44.119998931884766,43.63999938964844,44.119998931884766,17974400,VWO
2012-02-16,30.397932052612305,44.16999816894531,44.18000030517578,43.43000030517578,43.56999969482422,21315500,VWO
2012-02-17,30.4736385345459,44.279998779296875,44.41999816894531,44.09000015258789,44.349998474121094,22421200,VWO
2012-02-21,30.356645584106445,44.11000061035156,44.38999938964844,44.0099983215332,44.36000061035156,17394000,VWO
2012-02-22,30.452985763549805,44.25,44.2599983215332,44.0099983215332,44.15999984741211,22059800,VWO
2012-02-23,30.384159088134766,44.150001525878906,44.22999954223633,43.880001068115234,44.11000061035156,19247700,VWO
2012-02-24,30.631914138793945,44.5099983215332,44.619998931884766,44.31999969482422,44.36000061035156,22093300,VWO
2012-02-27,30.384159088134766,44.150001525878906,44.27000045776367,43.7400016784668,43.93000030517578,12416800,VWO
2012-02-28,30.769550323486328,44.709999084472656,44.75,44.290000915527344,44.40999984741211,25745200,VWO
2012-02-29,30.714500427246094,44.630001068115234,45.27000045776367,44.529998779296875,45.040000915527344,37502500,VWO
2012-03-01,31.03107452392578,45.09000015258789,45.209999084472656,44.7599983215332,44.810001373291016,20749300,VWO
2012-03-02,30.948484420776367,44.970001220703125,45.09000015258789,44.779998779296875,44.959999084472656,9799600,VWO
2012-03-05,30.487394332885742,44.29999923706055,44.619998931884766,44.119998931884766,44.61000061035156,14442600,VWO
2012-03-06,29.413799285888672,42.7400016784668,43.20000076293945,42.59000015258789,43.16999816894531,31132100,VWO
2012-03-07,29.764785766601562,43.25,43.33000183105469,42.95000076293945,43.150001525878906,21608800,VWO
2012-03-08,30.418575286865234,44.20000076293945,44.29999923706055,43.83000183105469,43.9900016784668,11262100,VWO
2012-03-09,30.391042709350586,44.15999984741211,44.459999084472656,44.150001525878906,44.209999084472656,17740500,VWO
2012-03-12,30.108877182006836,43.75,43.959999084472656,43.56999969482422,43.90999984741211,10361000,VWO
2012-03-13,30.87965965270996,44.869998931884766,44.91999816894531,44.040000915527344,44.15999984741211,13860100,VWO
2012-03-14,30.356645584106445,44.11000061035156,44.7599983215332,44.02000045776367,44.650001525878906,30530300,VWO
2012-03-15,30.60438346862793,44.470001220703125,44.5099983215332,44.11000061035156,44.380001068115234,15934100,VWO
2012-03-16,30.59062957763672,44.45000076293945,44.599998474121094,44.310001373291016,44.38999938964844,25365200,VWO
2012-03-19,30.418575286865234,44.20000076293945,44.400001525878906,43.97999954223633,44.08000183105469,15598300,VWO
2012-03-20,29.99188804626465,43.58000183105469,43.59000015258789,43.25,43.459999084472656,20775900,VWO
2012-03-21,30.06070327758789,43.68000030517578,43.7599983215332,43.349998474121094,43.56999969482422,17684300,VWO
2012-03-22,29.592737197875977,43.0,43.25,42.83000183105469,43.220001220703125,16047000,VWO
2012-03-23,29.806072235107422,43.310001373291016,43.380001068115234,42.849998474121094,43.06999969482422,13305500,VWO
2012-03-26,30.267162322998047,43.97999954223633,44.0099983215332,43.540000915527344,43.61000061035156,14624300,VWO
2012-03-27,30.129520416259766,43.779998779296875,44.04999923706055,43.75,43.9900016784668,17383400,VWO
2012-03-28,29.702835083007812,43.15999984741211,43.65999984741211,42.90999984741211,43.56999969482422,15898400,VWO
2012-03-29,29.60649871826172,43.02000045776367,43.09000015258789,42.34000015258789,42.650001525878906,25561800,VWO
2012-03-30,29.91618537902832,43.470001220703125,43.5099983215332,43.06999969482422,43.470001220703125,33896200,VWO
2012-04-02,30.253416061401367,43.959999084472656,44.13999938964844,43.279998779296875,43.369998931884766,34417400,VWO
2012-04-03,30.13642120361328,43.790000915527344,44.15999984741211,43.45000076293945,44.02000045776367,35868100,VWO
2012-04-04,29.537683486938477,42.91999816894531,43.099998474121094,42.70000076293945,43.04999923706055,14487400,VWO
2012-04-05,29.709718704223633,43.16999816894531,43.31999969482422,42.93000030517578,42.95000076293945,14142700,VWO
2012-04-09,29.276166915893555,42.540000915527344,42.720001220703125,42.38999938964844,42.5,14898900,VWO
2012-04-10,28.711837768554688,41.720001220703125,42.5099983215332,41.599998474121094,42.38999938964844,20828900,VWO
2012-04-11,29.000892639160156,42.13999938964844,42.41999816894531,42.08000183105469,42.310001373291016,19628000,VWO
2012-04-12,29.737262725830078,43.209999084472656,43.220001220703125,42.380001068115234,42.38999938964844,20291300,VWO
2012-04-13,29.296798706054688,42.56999969482422,42.970001220703125,42.47999954223633,42.970001220703125,41026500,VWO
2012-04-16,29.159164428710938,42.369998931884766,42.91999816894531,42.16999816894531,42.869998931884766,33695700,VWO
2012-04-17,29.46198081970215,42.810001373291016,42.93000030517578,42.38999938964844,42.619998931884766,22008100,VWO
2012-04-18,29.331209182739258,42.619998931884766,42.77000045776367,42.40999984741211,42.439998626708984,24114000,VWO
2012-04-19,29.23487091064453,42.47999954223633,42.880001068115234,42.22999954223633,42.599998474121094,14618500,VWO
2012-04-20,29.420677185058594,42.75,42.970001220703125,42.689998626708984,42.75,14799600,VWO
2012-04-23,28.883872985839844,41.970001220703125,42.02000045776367,41.5099983215332,41.9900016784668,15237500,VWO
2012-04-24,28.932056427001953,42.040000915527344,42.29999923706055,41.970001220703125,42.040000915527344,16710900,VWO
2012-04-25,29.17981719970703,42.400001525878906,42.43000030517578,42.15999984741211,42.369998931884766,22048100,VWO
2012-04-26,29.358745574951172,42.65999984741211,42.75,42.220001220703125,42.290000915527344,13222900,VWO
2012-04-27,29.372501373291016,42.68000030517578,42.83000183105469,42.45000076293945,42.66999816894531,19214600,VWO
2012-04-30,29.2899227142334,42.560001373291016,42.720001220703125,42.439998626708984,42.709999084472656,29346300,VWO
2012-05-01,29.496383666992188,42.86000061035156,43.220001220703125,42.5,42.619998931884766,18281400,VWO
2012-05-02,29.46198081970215,42.810001373291016,42.86000061035156,42.52000045776367,42.7400016784668,18263100,VWO
2012-05-03,29.17981719970703,42.400001525878906,42.83000183105469,42.2400016784668,42.83000183105469,24126900,VWO
2012-05-04,28.69805908203125,41.70000076293945,42.25,41.619998931884766,42.220001220703125,14597800,VWO
2012-05-07,28.7600040435791,41.790000915527344,41.88999938964844,41.56999969482422,41.619998931884766,20463400,VWO
2012-05-08,28.34708595275879,41.189998626708984,41.41999816894531,40.72999954223633,41.38999938964844,30027200,VWO
2012-05-09,27.961692810058594,40.630001068115234,40.88999938964844,40.189998626708984,40.41999816894531,33932400,VWO
2012-05-10,28.106229782104492,40.84000015258789,41.060001373291016,40.72999954223633,41.060001373291016,20783700,VWO
2012-05-11,27.72081756591797,40.279998779296875,40.84000015258789,40.27000045776367,40.31999969482422,14768200,VWO
2012-05-14,27.094547271728516,39.369998931884766,39.650001525878906,39.36000061035156,39.59000015258789,27986000,VWO
2012-05-15,26.888090133666992,39.06999969482422,39.540000915527344,38.900001525878906,39.400001525878906,22141400,VWO
2012-05-16,26.461402893066406,38.45000076293945,39.060001373291016,38.40999984741211,38.83000183105469,27216800,VWO
2012-05-17,26.117307662963867,37.95000076293945,38.529998779296875,37.91999816894531,38.439998626708984,19529700,VWO
2012-05-18,25.952136993408203,37.709999084472656,38.189998626708984,37.52000045776367,38.06999969482422,35088400,VWO
2012-05-21,26.550870895385742,38.58000183105469,38.63999938964844,37.84000015258789,37.88999938964844,23786900,VWO
2012-05-22,26.3375301361084,38.27000045776367,38.810001373291016,37.970001220703125,38.529998779296875,24917900,VWO
2012-05-23,26.124187469482422,37.959999084472656,37.959999084472656,37.130001068115234,37.81999969482422,26443800,VWO
2012-05-24,25.96590805053711,37.72999954223633,38.06999969482422,37.40999984741211,38.060001373291016,18569600,VWO
2012-05-25,25.85579490661621,37.56999969482422,37.77000045776367,37.45000076293945,37.61000061035156,21391800,VWO
2012-05-29,26.571517944335938,38.61000061035156,38.7599983215332,38.290000915527344,38.54999923706055,20573100,VWO
2012-05-30,26.0828914642334,37.900001525878906,38.029998779296875,37.720001220703125,37.880001068115234,28555300,VWO
2012-05-31,26.165485382080078,38.02000045776367,38.22999954223633,37.58000183105469,37.959999084472656,43026500,VWO
2012-06-01,25.518573760986328,37.08000183105469,37.470001220703125,37.060001373291016,37.2599983215332,26069500,VWO
2012-06-04,25.614925384521484,37.220001220703125,37.33000183105469,36.939998626708984,37.130001068115234,23347800,VWO
2012-06-05,25.71126365661621,37.36000061035156,37.45000076293945,37.04999923706055,37.209999084472656,23440000,VWO
2012-06-06,26.433881759643555,38.40999984741211,38.45000076293945,37.77000045776367,37.779998779296875,15291200,VWO
2012-06-07,26.557767868041992,38.59000015258789,39.29999923706055,38.52000045776367,39.220001220703125,18685000,VWO
2012-06-08,26.3375301361084,38.27000045776367,38.36000061035156,37.91999816894531,38.04999923706055,13580500,VWO
2012-06-11,26.014080047607422,37.79999923706055,38.68000030517578,37.779998779296875,38.66999816894531,16353800,VWO
2012-06-12,26.557767868041992,38.59000015258789,38.630001068115234,38.150001525878906,38.349998474121094,24577200,VWO
2012-06-13,26.42699432373047,38.400001525878906,38.849998474121094,38.31999969482422,38.540000915527344,24493300,VWO
2012-06-14,26.578411102294922,38.619998931884766,38.77000045776367,38.16999816894531,38.36000061035156,25287400,VWO
2012-06-15,27.00509262084961,39.2400016784668,39.279998779296875,38.72999954223633,38.810001373291016,36920800,VWO
2012-06-18,27.108327865600586,39.38999938964844,39.4900016784668,38.939998626708984,39.040000915527344,25999700,VWO
2012-06-19,27.5212459564209,39.9900016784668,40.2599983215332,39.65999984741211,39.689998626708984,41175700,VWO
2012-06-20,27.47995948791504,39.93000030517578,40.150001525878906,39.5099983215332,40.0,29554000,VWO
2012-06-21,26.47517967224121,38.470001220703125,39.66999816894531,38.439998626708984,39.61000061035156,25765200,VWO
2012-06-22,26.585281372070312,38.630001068115234,38.79999923706055,38.380001068115234,38.779998779296875,17082900,VWO
2012-06-25,26.103538513183594,37.93000030517578,38.040000915527344,37.709999084472656,38.040000915527344,27448300,VWO
2012-06-26,26.3375301361084,38.27000045776367,38.43000030517578,37.900001525878906,38.189998626708984,15377000,VWO
2012-06-27,26.482044219970703,38.47999954223633,38.630001068115234,38.380001068115234,38.5,17699500,VWO
2012-06-28,26.371938705444336,38.31999969482422,38.34000015258789,37.869998931884766,38.130001068115234,14286700,VWO
2012-06-29,27.47995948791504,39.93000030517578,39.959999084472656,39.43000030517578,39.47999954223633,29285800,VWO
2012-07-02,27.50746726989746,39.970001220703125,39.97999954223633,39.59000015258789,39.86000061035156,18237600,VWO
2012-07-03,28.009851455688477,40.70000076293945,40.709999084472656,40.20000076293945,40.33000183105469,18407000,VWO
2012-07-05,27.76898956298828,40.349998474121094,40.540000915527344,40.06999969482422,40.349998474121094,18649900,VWO
2012-07-06,27.266597747802734,39.619998931884766,39.810001373291016,39.43000030517578,39.75,22628000,VWO
2012-07-09,27.142736434936523,39.439998626708984,39.4900016784668,39.209999084472656,39.41999816894531,11112900,VWO
2012-07-10,26.874324798583984,39.04999923706055,39.84000015258789,38.900001525878906,39.79999923706055,23284300,VWO
2012-07-11,26.998214721679688,39.22999954223633,39.41999816894531,38.959999084472656,39.20000076293945,28661900,VWO
2012-07-12,26.571517944335938,38.61000061035156,38.81999969482422,38.290000915527344,38.4900016784668,22893300,VWO
2012-07-13,27.0670166015625,39.33000183105469,39.380001068115234,38.90999984741211,38.91999816894531,20163400,VWO
2012-07-16,27.011966705322266,39.25,39.34000015258789,38.95000076293945,39.119998931884766,13316400,VWO
2012-07-17,27.335416793823242,39.720001220703125,39.790000915527344,39.06999969482422,39.52000045776367,28214600,VWO
2012-07-18,27.239086151123047,39.58000183105469,39.7400016784668,39.15999984741211,39.189998626708984,21121200,VWO
2012-07-19,27.514366149902344,39.97999954223633,40.040000915527344,39.689998626708984,39.83000183105469,17270900,VWO
2012-07-20,27.1014404296875,39.380001068115234,39.599998474121094,39.279998779296875,39.5,14749100,VWO
2012-07-23,26.440757751464844,38.41999816894531,38.59000015258789,37.9900016784668,38.279998779296875,20297600,VWO
2012-07-24,26.330646514892578,38.2599983215332,38.619998931884766,38.0,38.619998931884766,11305500,VWO
2012-07-25,26.440757751464844,38.41999816894531,38.66999816894531,38.209999084472656,38.52000045776367,18474600,VWO
2012-07-26,27.00509262084961,39.2400016784668,39.33000183105469,38.86000061035156,39.029998779296875,32678300,VWO
2012-07-27,27.79652214050293,40.38999938964844,40.47999954223633,39.599998474121094,39.70000076293945,33030700,VWO
2012-07-30,27.63135528564453,40.150001525878906,40.349998474121094,40.060001373291016,40.11000061035156,17334700,VWO
2012-07-31,27.53501319885254,40.0099983215332,40.5099983215332,39.9900016784668,40.349998474121094,29064600,VWO
2012-08-01,27.624473571777344,40.13999938964844,40.4900016784668,40.04999923706055,40.439998626708984,25117400,VWO
2012-08-02,27.239086151123047,39.58000183105469,40.0,39.34000015258789,39.65999984741211,33661800,VWO
2012-08-03,28.051158905029297,40.7599983215332,40.869998931884766,40.400001525878906,40.41999816894531,14182000,VWO
2012-08-06,28.223207473754883,41.0099983215332,41.220001220703125,40.84000015258789,40.849998474121094,17828300,VWO
2012-08-07,28.27827262878418,41.09000015258789,41.40999984741211,41.09000015258789,41.119998931884766,20100300,VWO
2012-08-08,28.36085319519043,41.209999084472656,41.38999938964844,40.95000076293945,40.9900016784668,17925200,VWO
2012-08-09,28.498483657836914,41.40999984741211,41.650001525878906,41.34000015258789,41.400001525878906,15486900,VWO
2012-08-10,28.629243850708008,41.599998474121094,41.65999984741211,41.130001068115234,41.2599983215332,15107700,VWO
2012-08-13,28.3952579498291,41.2599983215332,41.470001220703125,41.02000045776367,41.349998474121094,14542000,VWO
2012-08-14,28.402143478393555,41.27000045776367,41.560001373291016,41.16999816894531,41.5,12311600,VWO
2012-08-15,28.326433181762695,41.15999984741211,41.290000915527344,41.060001373291016,41.119998931884766,9522500,VWO
2012-08-16,28.615488052368164,41.58000183105469,41.630001068115234,41.11000061035156,41.290000915527344,20785000,VWO
2012-08-17,28.45720863342285,41.349998474121094,41.40999984741211,41.150001525878906,41.369998931884766,18921900,VWO
2012-08-20,28.45720863342285,41.349998474121094,41.349998474121094,41.0,41.099998474121094,18635500,VWO
2012-08-21,28.3952579498291,41.2599983215332,41.709999084472656,41.15999984741211,41.54999923706055,11078500,VWO
2012-08-22,28.41591453552246,41.290000915527344,41.36000061035156,40.900001525878906,41.02000045776367,19441500,VWO
2012-08-23,28.168136596679688,40.93000030517578,41.220001220703125,40.810001373291016,41.15999984741211,12478800,VWO
2012-08-24,28.181913375854492,40.95000076293945,41.06999969482422,40.58000183105469,40.7599983215332,18320100,VWO
2012-08-27,27.899747848510742,40.540000915527344,40.7599983215332,40.4900016784668,40.720001220703125,13327700,VWO
2012-08-28,27.851581573486328,40.470001220703125,40.61000061035156,40.380001068115234,40.45000076293945,10077300,VWO
2012-08-29,27.71393585205078,40.27000045776367,40.5099983215332,40.13999938964844,40.4900016784668,11200900,VWO
2012-08-30,27.376718521118164,39.779998779296875,40.029998779296875,39.7400016784668,40.0099983215332,22200100,VWO
2012-08-31,27.603816986083984,40.11000061035156,40.31999969482422,39.810001373291016,40.09000015258789,37323900,VWO
2012-09-04,27.473060607910156,39.91999816894531,40.16999816894531,39.79999923706055,40.150001525878906,21548200,VWO
2012-09-05,27.328556060791016,39.709999084472656,39.81999969482422,39.529998779296875,39.75,17215700,VWO
2012-09-06,27.913516998291016,40.560001373291016,40.70000076293945,39.90999984741211,39.939998626708984,29104400,VWO
2012-09-07,28.567310333251953,41.5099983215332,41.5099983215332,41.08000183105469,41.11000061035156,23327600,VWO
2012-09-10,28.223207473754883,41.0099983215332,41.38999938964844,40.97999954223633,41.25,16988100,VWO
2012-09-11,28.53289031982422,41.459999084472656,41.58000183105469,41.209999084472656,41.22999954223633,19306400,VWO
2012-09-12,28.656780242919922,41.63999938964844,41.77000045776367,41.47999954223633,41.689998626708984,20990100,VWO
2012-09-13,29.386276245117188,42.70000076293945,42.84000015258789,41.40999984741211,41.5099983215332,46426200,VWO
2012-09-14,29.744136810302734,43.220001220703125,43.689998626708984,43.06999969482422,43.15999984741211,28960700,VWO
2012-09-17,29.482633590698242,42.84000015258789,43.099998474121094,42.720001220703125,43.040000915527344,26321300,VWO
2012-09-18,29.46198081970215,42.810001373291016,42.95000076293945,42.630001068115234,42.81999969482422,14618300,VWO
2012-09-19,29.45509147644043,42.79999923706055,42.900001525878906,42.68000030517578,42.83000183105469,18620800,VWO
2012-09-20,29.310565948486328,42.59000015258789,42.61000061035156,42.119998931884766,42.349998474121094,15323900,VWO
2012-09-21,29.35186195373535,42.650001525878906,42.959999084472656,42.630001068115234,42.95000076293945,14766700,VWO
2012-09-24,29.34141731262207,42.11000061035156,42.20000076293945,41.86000061035156,41.97999954223633,14587400,VWO
2012-09-25,28.916370391845703,41.5,42.25,41.4900016784668,42.20000076293945,16980000,VWO
2012-09-26,28.783987045288086,41.310001373291016,41.439998626708984,41.060001373291016,41.38999938964844,23871300,VWO
2012-09-27,29.243854522705078,41.970001220703125,42.08000183105469,41.61000061035156,41.81999969482422,16421700,VWO
2012-09-28,29.069664001464844,41.720001220703125,41.900001525878906,41.59000015258789,41.880001068115234,19055600,VWO
2012-10-01,29.376251220703125,42.15999984741211,42.4900016784668,42.029998779296875,42.08000183105469,13696900,VWO
2012-10-02,29.355350494384766,42.130001068115234,42.439998626708984,41.95000076293945,42.380001068115234,18495100,VWO
2012-10-03,29.202051162719727,41.90999984741211,42.20000076293945,41.83000183105469,42.189998626708984,13027200,VWO
2012-10-04,29.473796844482422,42.29999923706055,42.34000015258789,41.939998626708984,42.040000915527344,19160500,VWO
2012-10-05,29.452898025512695,42.27000045776367,42.65999984741211,42.119998931884766,42.52000045776367,26957200,VWO
2012-10-08,29.181140899658203,41.880001068115234,41.970001220703125,41.70000076293945,41.75,12132200,VWO
2012-10-09,28.944246292114258,41.540000915527344,42.220001220703125,41.43000030517578,41.86000061035156,15267400,VWO
2012-10-10,28.79792594909668,41.33000183105469,41.63999938964844,41.25,41.619998931884766,14868700,VWO
2012-10-11,29.069664001464844,41.720001220703125,41.95000076293945,41.720001220703125,41.81999969482422,10853800,VWO
2012-10-12,28.986051559448242,41.599998474121094,41.88999938964844,41.52000045776367,41.70000076293945,15733100,VWO
2012-10-15,29.181140899658203,41.880001068115234,41.95000076293945,41.54999923706055,41.709999084472656,12002000,VWO
2012-10-16,29.4389591217041,42.25,42.40999984741211,42.119998931884766,42.119998931884766,24583500,VWO
2012-10-17,29.675861358642578,42.59000015258789,42.70000076293945,42.25,42.400001525878906,20533700,VWO
2012-10-18,29.59225082397461,42.470001220703125,42.65999984741211,42.29999923706055,42.36000061035156,14395100,VWO
2012-10-19,29.13237762451172,41.810001373291016,42.20000076293945,41.689998626708984,42.189998626708984,18703100,VWO
2012-10-22,29.4320011138916,42.2400016784668,42.34000015258789,41.939998626708984,42.15999984741211,15256600,VWO
2012-10-23,28.81882667541504,41.36000061035156,41.54999923706055,41.119998931884766,41.540000915527344,16777800,VWO
2012-10-24,28.867595672607422,41.43000030517578,41.79999923706055,41.40999984741211,41.720001220703125,11277600,VWO
2012-10-25,29.153276443481445,41.84000015258789,42.06999969482422,41.630001068115234,42.02000045776367,11473400,VWO
2012-10-26,28.951213836669922,41.54999923706055,41.689998626708984,41.380001068115234,41.599998474121094,13957800,VWO
2012-10-31,28.909408569335938,41.4900016784668,41.7400016784668,41.34000015258789,41.65999984741211,20021100,VWO
2012-11-01,29.334436416625977,42.099998474121094,42.189998626708984,41.79999923706055,41.81999969482422,18799600,VWO
2012-11-02,29.153276443481445,41.84000015258789,42.34000015258789,41.7400016784668,42.31999969482422,18809700,VWO
2012-11-05,29.29265022277832,42.040000915527344,42.040000915527344,41.72999954223633,41.83000183105469,15446800,VWO
2012-11-06,29.480764389038086,42.310001373291016,42.43000030517578,42.09000015258789,42.130001068115234,18335500,VWO
2012-11-07,29.034822463989258,41.66999816894531,41.9900016784668,41.40999984741211,41.97999954223633,36917500,VWO
2012-11-08,28.679462432861328,41.15999984741211,41.869998931884766,41.119998931884766,41.619998931884766,32682500,VWO
2012-11-09,28.783987045288086,41.310001373291016,41.599998474121094,41.18000030517578,41.2400016784668,32991700,VWO
2012-11-12,28.867595672607422,41.43000030517578,41.560001373291016,41.36000061035156,41.470001220703125,12163400,VWO
2012-11-13,28.59585189819336,41.040000915527344,41.2599983215332,40.810001373291016,40.93000030517578,14613800,VWO
2012-11-14,28.177785873413086,40.439998626708984,41.15999984741211,40.36000061035156,41.11000061035156,21341400,VWO
2012-11-15,28.27534294128418,40.58000183105469,40.709999084472656,40.349998474121094,40.52000045776367,19735500,VWO
2012-11-16,28.34502601623535,40.68000030517578,40.70000076293945,40.189998626708984,40.540000915527344,20789500,VWO
2012-11-19,28.846691131591797,41.400001525878906,41.400001525878906,41.0099983215332,41.02000045776367,14642900,VWO
2012-11-20,28.77701187133789,41.29999923706055,41.310001373291016,40.95000076293945,41.060001373291016,17975600,VWO
2012-11-21,28.73522186279297,41.2400016784668,41.31999969482422,41.040000915527344,41.150001525878906,12253600,VWO
2012-11-23,29.181140899658203,41.880001068115234,41.939998626708984,41.70000076293945,41.72999954223633,5113900,VWO
2012-11-26,29.22296142578125,41.939998626708984,41.939998626708984,41.65999984741211,41.7400016784668,11487700,VWO
2012-11-27,28.979082107543945,41.59000015258789,41.93000030517578,41.560001373291016,41.900001525878906,10176700,VWO
2012-11-28,29.118440628051758,41.790000915527344,41.83000183105469,41.189998626708984,41.33000183105469,16353500,VWO
2012-11-29,29.320512771606445,42.08000183105469,42.220001220703125,41.86000061035156,42.029998779296875,16230100,VWO
2012-11-30,29.278701782226562,42.02000045776367,42.189998626708984,41.93000030517578,42.18000030517578,32907600,VWO
2012-12-03,29.28566551208496,42.029998779296875,42.33000183105469,42.0099983215332,42.33000183105469,25021400,VWO
2012-12-04,29.36231803894043,42.13999938964844,42.369998931884766,42.130001068115234,42.189998626708984,23493300,VWO
2012-12-05,29.696762084960938,42.619998931884766,42.84000015258789,42.459999084472656,42.58000183105469,17532300,VWO
2012-12-06,29.884904861450195,42.88999938964844,42.95000076293945,42.650001525878906,42.689998626708984,17100700,VWO
2012-12-07,29.989402770996094,43.040000915527344,43.09000015258789,42.84000015258789,43.02000045776367,15659600,VWO
2012-12-10,30.191476821899414,43.33000183105469,43.400001525878906,43.040000915527344,43.08000183105469,13555800,VWO
2012-12-11,30.344778060913086,43.54999923706055,43.599998474121094,43.31999969482422,43.380001068115234,18825500,VWO
2012-12-12,30.463226318359375,43.720001220703125,43.970001220703125,43.599998474121094,43.720001220703125,22271600,VWO
2012-12-13,30.31690788269043,43.5099983215332,43.79999923706055,43.41999816894531,43.68000030517578,20015300,VWO
2012-12-14,30.47019386291504,43.72999954223633,43.81999969482422,43.560001373291016,43.59000015258789,17409300,VWO
2012-12-17,30.54683494567871,43.84000015258789,43.869998931884766,43.59000015258789,43.650001525878906,22566600,VWO
2012-12-18,30.734975814819336,44.11000061035156,44.150001525878906,43.619998931884766,43.810001373291016,20192700,VWO
2012-12-19,30.693161010742188,44.04999923706055,44.310001373291016,44.029998779296875,44.18000030517578,24975700,VWO
2012-12-20,30.90435218811035,43.900001525878906,43.93000030517578,43.52000045776367,43.63999938964844,26727000,VWO
2012-12-21,30.56644058227539,43.41999816894531,43.43000030517578,43.130001068115234,43.189998626708984,36781400,VWO
2012-12-24,30.50309181213379,43.33000183105469,43.400001525878906,43.22999954223633,43.38999938964844,3808000,VWO
2012-12-26,30.580524444580078,43.439998626708984,43.72999954223633,43.43000030517578,43.630001068115234,12662200,VWO
2012-12-27,30.79875373840332,43.75,43.810001373291016,43.369998931884766,43.689998626708984,15200700,VWO
2012-12-28,30.89027214050293,43.880001068115234,44.04999923706055,43.66999816894531,43.709999084472656,17555700,VWO
2012-12-31,31.347848892211914,44.529998779296875,44.61000061035156,43.849998474121094,43.939998626708984,23846300,VWO
2013-01-02,32.00959396362305,45.470001220703125,45.47999954223633,45.119998931884766,45.130001068115234,25446200,VWO
2013-01-03,31.81951332092285,45.20000076293945,45.540000915527344,45.11000061035156,45.15999984741211,47765500,VWO
2013-01-04,31.87584686279297,45.279998779296875,45.290000915527344,44.939998626708984,44.97999954223633,19000300,VWO
2013-01-07,31.601289749145508,44.88999938964844,44.970001220703125,44.810001373291016,44.900001525878906,16385200,VWO
2013-01-08,31.34081268310547,44.52000045776367,44.75,44.400001525878906,44.709999084472656,16626800,VWO
2013-01-09,31.523841857910156,44.779998779296875,44.84000015258789,44.65999984741211,44.70000076293945,15458300,VWO
2013-01-10,31.805438995361328,45.18000030517578,45.220001220703125,44.86000061035156,45.04999923706055,22008300,VWO
2013-01-11,31.56609535217285,44.84000015258789,44.869998931884766,44.68000030517578,44.790000915527344,20592300,VWO
2013-01-14,31.692792892456055,45.02000045776367,45.06999969482422,44.79999923706055,45.02000045776367,14793500,VWO
2013-01-15,31.573116302490234,44.849998474121094,44.849998474121094,44.61000061035156,44.75,15723900,VWO
2013-01-16,31.51680564880371,44.77000045776367,44.810001373291016,44.47999954223633,44.4900016784668,12085600,VWO
2013-01-17,31.73504638671875,45.08000183105469,45.25,44.959999084472656,45.0,15182200,VWO
2013-01-18,31.770235061645508,45.130001068115234,45.15999984741211,44.95000076293945,45.09000015258789,10905200,VWO
2013-01-22,31.742084503173828,45.09000015258789,45.09000015258789,44.93000030517578,45.0099983215332,12863000,VWO
2013-01-23,31.53792381286621,44.79999923706055,44.900001525878906,44.70000076293945,44.880001068115234,20810700,VWO
2013-01-24,31.4464054107666,44.66999816894531,44.93000030517578,44.540000915527344,44.77000045776367,17504400,VWO
2013-01-25,31.368959426879883,44.560001373291016,44.650001525878906,44.31999969482422,44.58000183105469,13662100,VWO
2013-01-28,31.136672973632812,44.22999954223633,44.439998626708984,44.099998474121094,44.43000030517578,22382700,VWO
2013-01-29,31.502731323242188,44.75,44.83000183105469,44.459999084472656,44.47999954223633,21512200,VWO
2013-01-30,31.34081268310547,44.52000045776367,44.66999816894531,44.5,44.560001373291016,14045900,VWO
2013-01-31,31.368959426879883,44.560001373291016,44.630001068115234,44.41999816894531,44.58000183105469,26095400,VWO
2013-02-01,31.580156326293945,44.86000061035156,44.970001220703125,44.66999816894531,44.810001373291016,12021200,VWO
2013-02-04,31.17186737060547,44.279998779296875,44.540000915527344,44.150001525878906,44.529998779296875,13499000,VWO
2013-02-05,31.26338005065918,44.40999984741211,44.540000915527344,44.290000915527344,44.4900016784668,33305400,VWO
2013-02-06,31.185941696166992,44.29999923706055,44.310001373291016,44.029998779296875,44.150001525878906,18427800,VWO
2013-02-07,30.93250274658203,43.939998626708984,44.2599983215332,43.75,44.2400016784668,14299500,VWO
2013-02-08,31.17889976501465,44.290000915527344,44.29999923706055,44.04999923706055,44.06999969482422,13048000,VWO
2013-02-11,31.164825439453125,44.27000045776367,44.279998779296875,44.04999923706055,44.189998626708984,10492600,VWO
2013-02-12,31.214113235473633,44.34000015258789,44.47999954223633,44.099998474121094,44.220001220703125,11362600,VWO
2013-02-13,31.34081268310547,44.52000045776367,44.65999984741211,44.45000076293945,44.59000015258789,10556900,VWO
2013-02-14,31.312660217285156,44.47999954223633,44.54999923706055,44.29999923706055,44.34000015258789,10268300,VWO
2013-02-15,31.26338005065918,44.40999984741211,44.529998779296875,44.33000183105469,44.529998779296875,13824200,VWO
2013-02-19,31.277462005615234,44.43000030517578,44.56999969482422,44.400001525878906,44.43000030517578,19722800,VWO
2013-02-20,30.98883628845215,44.02000045776367,44.630001068115234,44.02000045776367,44.619998931884766,30313700,VWO
2013-02-21,30.636850357055664,43.52000045776367,43.709999084472656,43.310001373291016,43.689998626708984,26589300,VWO
2013-02-22,30.756513595581055,43.689998626708984,43.790000915527344,43.4900016784668,43.790000915527344,18602100,VWO
2013-02-25,30.2989444732666,43.040000915527344,44.08000183105469,42.97999954223633,44.040000915527344,29123800,VWO
2013-02-26,30.50309181213379,43.33000183105469,43.43000030517578,43.060001373291016,43.27000045776367,30166000,VWO
2013-02-27,30.777647018432617,43.720001220703125,43.810001373291016,43.31999969482422,43.349998474121094,20752600,VWO
2013-02-28,30.629802703857422,43.5099983215332,43.810001373291016,43.47999954223633,43.720001220703125,31158700,VWO
2013-03-01,30.672046661376953,43.56999969482422,43.619998931884766,43.209999084472656,43.380001068115234,17239900,VWO
2013-03-04,30.4045352935791,43.189998626708984,43.2400016784668,42.959999084472656,43.099998474121094,18459000,VWO
2013-03-05,30.74947738647461,43.68000030517578,43.79999923706055,43.58000183105469,43.630001068115234,17769800,VWO
2013-03-06,30.91139030456543,43.90999984741211,43.97999954223633,43.7599983215332,43.900001525878906,13156800,VWO
2013-03-07,30.98883628845215,44.02000045776367,44.08000183105469,43.880001068115234,43.91999816894531,18762400,VWO
2013-03-08,31.270414352416992,44.41999816894531,44.470001220703125,44.11000061035156,44.29999923706055,27187200,VWO
2013-03-11,31.129619598388672,44.220001220703125,44.2400016784668,44.029998779296875,44.189998626708984,14793400,VWO
2013-03-12,30.812837600708008,43.77000045776367,44.040000915527344,43.66999816894531,44.02000045776367,17453400,VWO
2013-03-13,30.51715660095215,43.349998474121094,43.70000076293945,43.33000183105469,43.689998626708984,12152600,VWO
2013-03-14,30.672046661376953,43.56999969482422,43.650001525878906,43.4900016784668,43.5099983215332,13816800,VWO
2013-03-15,30.418609619140625,43.209999084472656,43.38999938964844,43.18000030517578,43.349998474121094,12922000,VWO
2013-03-18,30.08070945739746,42.72999954223633,42.959999084472656,42.709999084472656,42.720001220703125,17460800,VWO
2013-03-19,29.84839630126953,42.400001525878906,42.810001373291016,42.150001525878906,42.779998779296875,15842900,VWO
2013-03-20,30.024389266967773,42.650001525878906,42.790000915527344,42.619998931884766,42.720001220703125,19376800,VWO
2013-03-21,29.749834060668945,42.2599983215332,42.4900016784668,42.16999816894531,42.43000030517578,17197000,VWO
2013-03-22,29.840072631835938,42.33000183105469,42.349998474121094,42.150001525878906,42.2400016784668,18292100,VWO
2013-03-25,29.77661895751953,42.2400016784668,42.59000015258789,42.04999923706055,42.560001373291016,16929500,VWO
2013-03-26,30.115001678466797,42.720001220703125,42.75,42.54999923706055,42.560001373291016,21237300,VWO
2013-03-27,30.227785110473633,42.880001068115234,42.900001525878906,42.349998474121094,42.470001220703125,11982900,VWO
2013-03-28,30.24188232421875,42.900001525878906,42.95000076293945,42.70000076293945,42.779998779296875,17741300,VWO
2013-04-01,29.974008560180664,42.52000045776367,42.93000030517578,42.439998626708984,42.880001068115234,21973300,VWO
2013-04-02,30.002201080322266,42.560001373291016,42.75,42.4900016784668,42.75,25705400,VWO
2013-04-03,29.628591537475586,42.029998779296875,42.54999923706055,41.95000076293945,42.5,14592800,VWO
2013-04-04,29.62152862548828,42.02000045776367,42.13999938964844,41.790000915527344,42.040000915527344,22689600,VWO
2013-04-05,29.57925033569336,41.959999084472656,42.060001373291016,41.279998779296875,41.36000061035156,26455900,VWO
2013-04-08,29.65679168701172,42.06999969482422,42.09000015258789,41.709999084472656,41.79999923706055,11990100,VWO
2013-04-09,29.966962814331055,42.5099983215332,42.709999084472656,42.0099983215332,42.099998474121094,14343000,VWO
2013-04-10,30.227785110473633,42.880001068115234,43.119998931884766,42.7400016784668,42.77000045776367,12786300,VWO
2013-04-11,30.220739364624023,42.869998931884766,43.0,42.75,42.91999816894531,10005100,VWO
2013-04-12,29.847118377685547,42.34000015258789,42.4900016784668,42.0,42.439998626708984,36404100,VWO
2013-04-15,29.064632415771484,41.22999954223633,41.97999954223633,41.22999954223633,41.959999084472656,22504100,VWO
2013-04-16,29.706140518188477,42.13999938964844,42.20000076293945,41.79999923706055,42.119998931884766,14326000,VWO
2013-04-17,29.276123046875,41.529998779296875,41.790000915527344,41.22999954223633,41.779998779296875,19005000,VWO
2013-04-18,29.33957290649414,41.619998931884766,41.79999923706055,41.380001068115234,41.779998779296875,15909400,VWO
2013-04-19,29.762529373168945,42.220001220703125,42.279998779296875,42.029998779296875,42.150001525878906,13701500,VWO
2013-04-22,29.840072631835938,42.33000183105469,42.36000061035156,42.0,42.31999969482422,15684100,VWO
2013-04-23,29.988107681274414,42.540000915527344,42.63999938964844,42.220001220703125,42.27000045776367,16112400,VWO
2013-04-24,30.178442001342773,42.810001373291016,42.970001220703125,42.619998931884766,42.63999938964844,13020700,VWO
2013-04-25,30.432220458984375,43.16999816894531,43.34000015258789,42.959999084472656,43.0099983215332,10662000,VWO
2013-04-26,30.150238037109375,42.77000045776367,43.0099983215332,42.630001068115234,42.939998626708984,8478200,VWO
2013-04-29,30.46746253967285,43.220001220703125,43.34000015258789,42.97999954223633,43.11000061035156,9419400,VWO
2013-04-30,30.848127365112305,43.7599983215332,43.880001068115234,43.18000030517578,43.310001373291016,18425900,VWO
2013-05-01,30.52387237548828,43.29999923706055,43.709999084472656,43.20000076293945,43.70000076293945,13443000,VWO
2013-05-02,30.805843353271484,43.70000076293945,43.709999084472656,43.459999084472656,43.56999969482422,14142600,VWO
2013-05-03,31.017324447631836,44.0,44.25,43.88999938964844,43.939998626708984,13122800,VWO
2013-05-06,31.052574157714844,44.04999923706055,44.119998931884766,43.91999816894531,44.029998779296875,10360300,VWO
2013-05-07,31.29928970336914,44.400001525878906,44.5,44.16999816894531,44.22999954223633,11356500,VWO
2013-05-08,31.5742244720459,44.790000915527344,44.810001373291016,44.59000015258789,44.59000015258789,8591000,VWO
2013-05-09,31.327503204345703,44.439998626708984,44.7400016784668,44.25,44.619998931884766,10075900,VWO
2013-05-10,31.20765495300293,44.27000045776367,44.310001373291016,44.04999923706055,44.25,10651600,VWO
2013-05-13,30.92568016052246,43.869998931884766,44.029998779296875,43.83000183105469,44.0,6943700,VWO
2013-05-14,31.073713302612305,44.08000183105469,44.20000076293945,43.95000076293945,43.9900016784668,16897600,VWO
2013-05-15,31.045520782470703,44.040000915527344,44.09000015258789,43.83000183105469,43.959999084472656,17981000,VWO
2013-05-16,30.92568016052246,43.869998931884766,44.16999816894531,43.849998474121094,44.0,12388400,VWO
2013-05-17,31.031423568725586,44.02000045776367,44.11000061035156,43.880001068115234,43.9900016784668,13544200,VWO
2013-05-20,31.101913452148438,44.119998931884766,44.15999984741211,43.88999938964844,43.97999954223633,11132900,VWO
2013-05-21,31.080768585205078,44.09000015258789,44.27000045776367,43.779998779296875,44.060001373291016,12035000,VWO
2013-05-22,30.72829246520996,43.59000015258789,44.56999969482422,43.439998626708984,44.150001525878906,17340800,VWO
2013-05-23,30.50271987915039,43.27000045776367,43.27000045776367,42.65999984741211,42.849998474121094,20936300,VWO
2013-05-24,30.199586868286133,42.84000015258789,42.95000076293945,42.59000015258789,42.95000076293945,22998800,VWO
2013-05-28,30.347627639770508,43.04999923706055,43.380001068115234,42.95000076293945,43.34000015258789,17409200,VWO
2013-05-29,29.924644470214844,42.45000076293945,42.790000915527344,42.40999984741211,42.68000030517578,18052400,VWO
2013-05-30,29.854175567626953,42.349998474121094,42.650001525878906,42.290000915527344,42.34000015258789,20826400,VWO
2013-05-31,29.283170700073242,41.540000915527344,42.06999969482422,41.52000045776367,42.06999969482422,30571000,VWO
2013-06-03,29.748422622680664,42.20000076293945,42.2599983215332,41.40999984741211,41.720001220703125,27019400,VWO
2013-06-04,29.41006088256836,41.720001220703125,42.18000030517578,41.560001373291016,42.18000030517578,18723900,VWO
2013-06-05,28.81085968017578,40.869998931884766,41.650001525878906,40.86000061035156,41.630001068115234,19904700,VWO
2013-06-06,29.106935501098633,41.290000915527344,41.290000915527344,40.720001220703125,40.79999923706055,18915000,VWO
2013-06-07,28.98004913330078,41.11000061035156,41.38999938964844,40.86000061035156,41.09000015258789,14339100,VWO
2013-06-10,28.571195602416992,40.529998779296875,40.7599983215332,40.400001525878906,40.720001220703125,16252000,VWO
2013-06-11,28.007225036621094,39.72999954223633,40.0,39.560001373291016,39.70000076293945,19352200,VWO
2013-06-12,27.8168888092041,39.459999084472656,40.08000183105469,39.38999938964844,40.06999969482422,16641000,VWO
2013-06-13,28.458389282226562,40.369998931884766,40.369998931884766,39.43000030517578,39.459999084472656,20134600,VWO
2013-06-14,28.04953956604004,39.790000915527344,40.349998474121094,39.630001068115234,40.31999969482422,25794300,VWO
2013-06-17,28.24690055847168,40.06999969482422,40.369998931884766,39.869998931884766,40.220001220703125,20658000,VWO
2013-06-18,28.31035041809082,40.15999984741211,40.189998626708984,39.810001373291016,39.91999816894531,19146900,VWO
2013-06-19,27.408037185668945,38.880001068115234,39.9900016784668,38.849998474121094,39.900001525878906,36388300,VWO
2013-06-20,26.2166805267334,37.189998626708984,38.02000045776367,36.75,38.0,79385400,VWO
2013-06-21,26.681949615478516,37.849998474121094,38.0099983215332,37.099998474121094,37.709999084472656,45082800,VWO
2013-06-24,26.078908920288086,36.5,36.91999816894531,36.02000045776367,36.5,51498400,VWO
2013-06-25,26.579065322875977,37.20000076293945,37.2599983215332,36.68000030517578,37.11000061035156,45888900,VWO
2013-06-26,27.143503189086914,37.9900016784668,38.04999923706055,37.560001373291016,37.599998474121094,37348400,VWO
2013-06-27,27.557912826538086,38.56999969482422,38.63999938964844,38.2599983215332,38.27000045776367,43154000,VWO
2013-06-28,27.715105056762695,38.790000915527344,38.880001068115234,38.22999954223633,38.2599983215332,37191500,VWO
2013-07-01,27.76510238647461,38.86000061035156,39.15999984741211,38.77000045776367,39.0,21667300,VWO
2013-07-02,27.293554306030273,38.20000076293945,39.060001373291016,37.939998626708984,38.779998779296875,24205200,VWO
2013-07-03,27.079206466674805,37.900001525878906,38.209999084472656,37.650001525878906,37.790000915527344,20680400,VWO
2013-07-05,26.95059585571289,37.720001220703125,38.06999969482422,37.34000015258789,38.060001373291016,26303700,VWO
2013-07-08,26.993457794189453,37.779998779296875,38.040000915527344,37.630001068115234,37.72999954223633,19516800,VWO
2013-07-09,27.314983367919922,38.22999954223633,38.310001373291016,37.93000030517578,38.18000030517578,18296600,VWO
2013-07-10,27.050621032714844,37.86000061035156,38.27000045776367,37.84000015258789,38.040000915527344,32041300,VWO
2013-07-11,28.308134078979492,39.619998931884766,39.650001525878906,38.970001220703125,39.13999938964844,54366800,VWO
2013-07-12,28.008039474487305,39.20000076293945,39.310001373291016,39.060001373291016,39.18000030517578,13095500,VWO
2013-07-15,28.37242889404297,39.709999084472656,39.869998931884766,39.400001525878906,39.400001525878906,16138600,VWO
2013-07-16,28.422447204589844,39.779998779296875,39.84000015258789,39.4900016784668,39.79999923706055,12195300,VWO
2013-07-17,28.65821647644043,40.11000061035156,40.16999816894531,39.97999954223633,40.11000061035156,22000400,VWO
2013-07-18,28.379581451416016,39.720001220703125,40.040000915527344,39.650001525878906,39.900001525878906,22677600,VWO
2013-07-19,28.25811195373535,39.54999923706055,39.66999816894531,39.45000076293945,39.63999938964844,20427200,VWO
2013-07-22,28.558202743530273,39.970001220703125,40.040000915527344,39.529998779296875,39.63999938964844,17309900,VWO
2013-07-23,28.872573852539062,40.40999984741211,40.529998779296875,40.20000076293945,40.369998931884766,16429600,VWO
2013-07-24,28.522472381591797,39.91999816894531,40.349998474121094,39.709999084472656,40.349998474121094,18677000,VWO
2013-07-25,28.71538543701172,40.189998626708984,40.20000076293945,39.779998779296875,39.81999969482422,12092600,VWO
2013-07-26,28.62250518798828,40.060001373291016,40.06999969482422,39.59000015258789,39.91999816894531,12764500,VWO
2013-07-29,28.26525115966797,39.560001373291016,39.720001220703125,39.529998779296875,39.70000076293945,18507300,VWO
2013-07-30,28.072351455688477,39.290000915527344,39.70000076293945,39.2599983215332,39.68000030517578,23454600,VWO
2013-07-31,27.90801429748535,39.060001373291016,39.54999923706055,38.86000061035156,39.040000915527344,21470300,VWO
2013-08-01,28.422447204589844,39.779998779296875,39.95000076293945,39.43000030517578,39.5,15774300,VWO
2013-08-02,28.436738967895508,39.79999923706055,40.02000045776367,39.650001525878906,39.650001525878906,17624200,VWO
2013-08-05,28.22239112854004,39.5,39.66999816894531,39.369998931884766,39.66999816894531,9279000,VWO
2013-08-06,27.872278213500977,39.0099983215332,39.349998474121094,38.93000030517578,39.349998474121094,17316700,VWO
2013-08-07,27.550756454467773,38.560001373291016,38.84000015258789,38.560001373291016,38.689998626708984,15020500,VWO
2013-08-08,28.165231704711914,39.41999816894531,39.54999923706055,38.83000183105469,39.099998474121094,14770900,VWO
2013-08-09,28.279537200927734,39.58000183105469,39.77000045776367,39.380001068115234,39.41999816894531,12429900,VWO
2013-08-12,28.508161544799805,39.900001525878906,40.09000015258789,39.72999954223633,39.77000045776367,9830500,VWO
2013-08-13,28.62250518798828,40.060001373291016,40.18000030517578,39.88999938964844,40.13999938964844,15318100,VWO
2013-08-14,28.708240509033203,40.18000030517578,40.290000915527344,40.13999938964844,40.220001220703125,11819400,VWO
2013-08-15,28.37242889404297,39.709999084472656,39.81999969482422,39.349998474121094,39.709999084472656,13614500,VWO
2013-08-16,28.065200805664062,39.279998779296875,39.7400016784668,39.25,39.70000076293945,18802300,VWO
2013-08-19,27.515037536621094,38.5099983215332,38.970001220703125,38.45000076293945,38.91999816894531,18225100,VWO
2013-08-20,27.47931671142578,38.459999084472656,38.689998626708984,38.34000015258789,38.369998931884766,18965400,VWO
2013-08-21,26.87199592590332,37.61000061035156,38.06999969482422,37.52000045776367,38.02000045776367,19546700,VWO
2013-08-22,27.30784034729004,38.220001220703125,38.290000915527344,38.0,38.04999923706055,14534500,VWO
2013-08-23,27.629352569580078,38.66999816894531,38.720001220703125,38.290000915527344,38.5099983215332,16412100,VWO
2013-08-26,27.30069351196289,38.209999084472656,38.709999084472656,38.119998931884766,38.709999084472656,8761100,VWO
2013-08-27,26.59334945678711,37.220001220703125,37.540000915527344,37.150001525878906,37.5,26627400,VWO
2013-08-28,26.571908950805664,37.189998626708984,37.56999969482422,36.95000076293945,37.119998931884766,20212000,VWO
2013-08-29,26.729101181030273,37.40999984741211,37.84000015258789,37.349998474121094,37.540000915527344,18987400,VWO
2013-08-30,26.95059585571289,37.720001220703125,37.869998931884766,37.439998626708984,37.869998931884766,47137400,VWO
2013-09-03,27.10778045654297,37.939998626708984,38.369998931884766,37.810001373291016,38.209999084472656,29742300,VWO
2013-09-04,27.529327392578125,38.529998779296875,38.560001373291016,38.040000915527344,38.13999938964844,15429300,VWO
2013-09-05,27.90087127685547,39.04999923706055,39.150001525878906,38.52000045776367,38.58000183105469,18443500,VWO
2013-09-06,28.279537200927734,39.58000183105469,39.77000045776367,39.18000030517578,39.560001373291016,20473300,VWO
2013-09-09,29.10835075378418,40.7400016784668,40.810001373291016,39.97999954223633,40.0,21642900,VWO
2013-09-10,29.336984634399414,41.060001373291016,41.119998931884766,40.849998474121094,40.959999084472656,30922900,VWO
2013-09-11,29.379859924316406,41.119998931884766,41.20000076293945,40.810001373291016,40.90999984741211,18174100,VWO
2013-09-12,28.99403953552246,40.58000183105469,41.0,40.560001373291016,40.9900016784668,19544100,VWO
2013-09-13,29.20838165283203,40.880001068115234,40.93000030517578,40.560001373291016,40.630001068115234,19008600,VWO
2013-09-16,29.5299072265625,41.33000183105469,41.599998474121094,41.25,41.52000045776367,19618100,VWO
2013-09-17,29.508474349975586,41.29999923706055,41.43000030517578,41.209999084472656,41.400001525878906,18979700,VWO
2013-09-18,30.701677322387695,42.970001220703125,43.0099983215332,40.939998626708984,41.15999984741211,30886500,VWO
2013-09-19,30.580202102661133,42.79999923706055,42.900001525878906,42.52000045776367,42.88999938964844,30950400,VWO
2013-09-20,29.85142707824707,41.779998779296875,42.61000061035156,41.709999084472656,42.61000061035156,25118500,VWO
2013-09-23,30.006317138671875,41.650001525878906,41.790000915527344,41.45000076293945,41.56999969482422,22042800,VWO
2013-09-24,29.703733444213867,41.22999954223633,41.52000045776367,41.16999816894531,41.45000076293945,18014700,VWO
2013-09-25,29.52362823486328,40.97999954223633,41.310001373291016,40.939998626708984,41.29999923706055,16543200,VWO
2013-09-26,29.610084533691406,41.099998474121094,41.29999923706055,40.849998474121094,41.130001068115234,11859400,VWO
2013-09-27,29.192222595214844,40.52000045776367,40.77000045776367,40.40999984741211,40.720001220703125,17579700,VWO
2013-09-30,28.9112548828125,40.130001068115234,40.310001373291016,39.86000061035156,40.13999938964844,26400200,VWO
2013-10-01,29.487611770629883,40.93000030517578,40.95000076293945,40.38999938964844,40.400001525878906,16989800,VWO
2013-10-02,29.581256866455078,41.060001373291016,41.11000061035156,40.61000061035156,40.720001220703125,10574200,VWO
2013-10-03,29.50200843811035,40.95000076293945,41.369998931884766,40.66999816894531,41.25,15040400,VWO
2013-10-04,29.89824104309082,41.5,41.560001373291016,41.0099983215332,41.08000183105469,14847900,VWO
2013-10-07,29.63168716430664,41.130001068115234,41.36000061035156,40.939998626708984,40.970001220703125,15935200,VWO
2013-10-08,29.350723266601562,40.7400016784668,41.34000015258789,40.70000076293945,41.290000915527344,23228800,VWO
2013-10-09,29.581256866455078,41.060001373291016,41.220001220703125,40.70000076293945,41.06999969482422,20172000,VWO
2013-10-10,30.244060516357422,41.97999954223633,42.06999969482422,41.540000915527344,41.58000183105469,16318100,VWO
2013-10-11,30.366535186767578,42.150001525878906,42.189998626708984,41.720001220703125,41.779998779296875,11041300,VWO
2013-10-14,30.561059951782227,42.41999816894531,42.5099983215332,41.709999084472656,41.79999923706055,15091100,VWO
2013-10-15,30.193645477294922,41.90999984741211,42.29999923706055,41.77000045776367,42.150001525878906,19654800,VWO
2013-10-16,30.409770965576172,42.209999084472656,42.400001525878906,42.04999923706055,42.099998474121094,18815300,VWO
2013-10-17,30.618688583374023,42.5,42.540000915527344,42.099998474121094,42.18000030517578,17451300,VWO
2013-10-18,30.618688583374023,42.5,42.7400016784668,42.470001220703125,42.689998626708984,16546000,VWO
2013-10-21,30.633102416992188,42.52000045776367,42.619998931884766,42.349998474121094,42.560001373291016,13128700,VWO
2013-10-22,30.91407585144043,42.90999984741211,43.15999984741211,42.720001220703125,42.7599983215332,19353200,VWO
2013-10-23,30.236854553222656,41.970001220703125,42.279998779296875,41.93000030517578,42.2599983215332,22265300,VWO
2013-10-24,30.172012329101562,41.880001068115234,42.16999816894531,41.790000915527344,42.150001525878906,18132700,VWO
2013-10-25,30.344934463500977,42.119998931884766,42.13999938964844,41.810001373291016,41.959999084472656,14390700,VWO
2013-10-28,30.431385040283203,42.2400016784668,42.29999923706055,42.06999969482422,42.08000183105469,13861700,VWO
2013-10-29,30.517839431762695,42.36000061035156,42.45000076293945,42.31999969482422,42.38999938964844,9218500,VWO
2013-10-30,30.366535186767578,42.150001525878906,42.540000915527344,41.939998626708984,42.529998779296875,17838800,VWO
2013-10-31,30.16481590270996,41.869998931884766,42.36000061035156,41.849998474121094,42.36000061035156,20353600,VWO
2013-11-01,30.15041160583496,41.849998474121094,42.04999923706055,41.58000183105469,41.91999816894531,19047400,VWO
2013-11-04,30.344934463500977,42.119998931884766,42.130001068115234,41.959999084472656,41.9900016784668,12040900,VWO
2013-11-05,29.73974609375,41.279998779296875,41.619998931884766,41.27000045776367,41.560001373291016,17095000,VWO
2013-11-06,29.847824096679688,41.43000030517578,41.63999938964844,41.380001068115234,41.61000061035156,15901700,VWO
2013-11-07,29.329111099243164,40.709999084472656,41.54999923706055,40.630001068115234,41.52000045776367,19648100,VWO
2013-11-08,29.228235244750977,40.56999969482422,40.599998474121094,40.2400016784668,40.45000076293945,47208300,VWO
2013-11-11,29.09136199951172,40.380001068115234,40.619998931884766,40.29999923706055,40.56999969482422,10337900,VWO
2013-11-12,28.889644622802734,40.099998474121094,40.38999938964844,39.86000061035156,40.349998474121094,18527500,VWO
2013-11-13,29.004907608032227,40.2599983215332,40.34000015258789,39.75,39.79999923706055,19114000,VWO
2013-11-14,29.480398178100586,40.91999816894531,40.95000076293945,40.20000076293945,40.290000915527344,14657100,VWO
2013-11-15,29.977506637573242,41.61000061035156,41.790000915527344,41.25,41.25,18723400,VWO
2013-11-18,30.272891998291016,42.02000045776367,42.470001220703125,41.9900016784668,42.13999938964844,17858700,VWO
2013-11-19,29.98470687866211,41.619998931884766,42.11000061035156,41.599998474121094,42.06999969482422,18596600,VWO
2013-11-20,29.610084533691406,41.099998474121094,41.7599983215332,41.0099983215332,41.70000076293945,25865700,VWO
2013-11-21,29.602880477905273,41.09000015258789,41.15999984741211,40.88999938964844,40.97999954223633,12720800,VWO
2013-11-22,29.790184020996094,41.349998474121094,41.439998626708984,41.06999969482422,41.119998931884766,9531100,VWO
2013-11-25,29.429962158203125,40.849998474121094,41.38999938964844,40.810001373291016,41.38999938964844,15174100,VWO
2013-11-26,29.451581954956055,40.880001068115234,41.02000045776367,40.65999984741211,40.84000015258789,12566300,VWO
2013-11-27,29.638900756835938,41.13999938964844,41.22999954223633,40.88999938964844,40.959999084472656,9395600,VWO
2013-11-29,29.883848190307617,41.47999954223633,41.61000061035156,41.349998474121094,41.40999984741211,8886600,VWO
2013-12-02,29.321895599365234,40.70000076293945,41.45000076293945,40.619998931884766,41.380001068115234,24138300,VWO
2013-12-03,29.213830947875977,40.54999923706055,40.869998931884766,40.31999969482422,40.58000183105469,21322000,VWO
2013-12-04,29.22104263305664,40.560001373291016,40.689998626708984,40.15999984741211,40.369998931884766,29191100,VWO
2013-12-05,29.127389907836914,40.43000030517578,40.75,40.400001525878906,40.47999954223633,27715500,VWO
2013-12-06,29.775779724121094,41.33000183105469,41.45000076293945,41.0099983215332,41.04999923706055,23180700,VWO
2013-12-09,29.78299331665039,41.34000015258789,41.58000183105469,41.31999969482422,41.43000030517578,15373900,VWO
2013-12-10,29.840618133544922,41.41999816894531,41.439998626708984,41.15999984741211,41.18000030517578,26049000,VWO
2013-12-11,29.235450744628906,40.58000183105469,41.11000061035156,40.45000076293945,41.099998474121094,25228300,VWO
2013-12-12,28.976093292236328,40.220001220703125,40.369998931884766,40.02000045776367,40.290000915527344,19571300,VWO
2013-12-13,29.06254768371582,40.34000015258789,40.41999816894531,40.15999984741211,40.36000061035156,18957500,VWO
2013-12-16,29.206636428833008,40.540000915527344,40.849998474121094,40.52000045776367,40.529998779296875,15484000,VWO
2013-12-17,29.012113571166992,40.27000045776367,40.529998779296875,40.20000076293945,40.4900016784668,15132200,VWO
2013-12-18,29.487611770629883,40.93000030517578,41.380001068115234,39.79999923706055,40.459999084472656,37865600,VWO
2013-12-19,28.997699737548828,40.25,40.38999938964844,39.93000030517578,40.2400016784668,20168300,VWO
2013-12-20,28.936864852905273,39.95000076293945,40.2400016784668,39.90999984741211,40.08000183105469,21910500,VWO
2013-12-23,29.146921157836914,40.2400016784668,40.43000030517578,40.13999938964844,40.209999084472656,19991100,VWO
2013-12-24,29.299026489257812,40.45000076293945,40.5099983215332,40.36000061035156,40.369998931884766,10329600,VWO
2013-12-26,29.11069107055664,40.189998626708984,40.36000061035156,40.13999938964844,40.349998474121094,8545800,VWO
2013-12-27,29.458375930786133,40.66999816894531,40.66999816894531,40.41999816894531,40.459999084472656,12732200,VWO
2013-12-30,29.5670223236084,40.81999969482422,40.91999816894531,40.65999984741211,40.68000030517578,12105200,VWO
2013-12-31,29.798810958862305,41.13999938964844,41.15999984741211,40.68000030517578,40.959999084472656,13949700,VWO
2014-01-02,28.755781173706055,39.70000076293945,40.529998779296875,39.63999938964844,40.5099983215332,48716300,VWO
2014-01-03,28.719558715820312,39.650001525878906,39.93000030517578,39.470001220703125,39.90999984741211,44478300,VWO
2014-01-06,28.44431495666504,39.27000045776367,39.560001373291016,39.27000045776367,39.540000915527344,14390900,VWO
2014-01-07,28.56021499633789,39.43000030517578,39.63999938964844,39.349998474121094,39.5,15990800,VWO
2014-01-08,28.509496688842773,39.36000061035156,39.560001373291016,39.22999954223633,39.52000045776367,21010100,VWO
2014-01-09,28.32842445373535,39.11000061035156,39.2599983215332,38.810001373291016,39.209999084472656,16266900,VWO
2014-01-10,28.8789119720459,39.869998931884766,40.0099983215332,39.349998474121094,39.349998474121094,26005300,VWO
2014-01-13,28.516752243041992,39.369998931884766,39.970001220703125,39.2599983215332,39.90999984741211,16094200,VWO
2014-01-14,28.835451126098633,39.810001373291016,39.900001525878906,39.41999816894531,39.630001068115234,12584300,VWO
2014-01-15,28.828210830688477,39.79999923706055,39.90999984741211,39.72999954223633,39.75,13821900,VWO
2014-01-16,28.66885757446289,39.58000183105469,39.86000061035156,39.5099983215332,39.790000915527344,12403800,VWO
2014-01-17,28.56745147705078,39.439998626708984,39.599998474121094,39.36000061035156,39.599998474121094,9840600,VWO
2014-01-21,28.48053550720215,39.31999969482422,39.630001068115234,39.13999938964844,39.619998931884766,19951000,VWO
2014-01-22,28.842695236206055,39.81999969482422,39.849998474121094,39.4900016784668,39.59000015258789,16219800,VWO
2014-01-23,28.183568954467773,38.90999984741211,39.45000076293945,38.630001068115234,39.439998626708984,19647300,VWO
2014-01-24,27.495452880859375,37.959999084472656,38.41999816894531,37.90999984741211,38.41999816894531,32588900,VWO
2014-01-27,27.31437873840332,37.709999084472656,38.0099983215332,37.400001525878906,37.900001525878906,33060600,VWO
2014-01-28,27.495452880859375,37.959999084472656,38.11000061035156,37.83000183105469,37.900001525878906,22512700,VWO
2014-01-29,27.01014518737793,37.290000915527344,37.779998779296875,37.189998626708984,37.34000015258789,33390800,VWO
2014-01-30,27.292638778686523,37.68000030517578,37.95000076293945,37.56999969482422,37.869998931884766,25723100,VWO
2014-01-31,27.285396575927734,37.66999816894531,37.869998931884766,37.209999084472656,37.25,24855500,VWO
2014-02-03,26.56106185913086,36.66999816894531,37.5099983215332,36.650001525878906,37.5,31513700,VWO
2014-02-04,27.1767520904541,37.52000045776367,37.709999084472656,37.22999954223633,37.31999969482422,22462700,VWO
2014-02-05,27.08258056640625,37.38999938964844,37.630001068115234,37.130001068115234,37.400001525878906,17615800,VWO
2014-02-06,27.61858558654785,38.130001068115234,38.15999984741211,37.59000015258789,37.619998931884766,28605500,VWO
2014-02-07,27.727231979370117,38.279998779296875,38.5099983215332,38.11000061035156,38.38999938964844,18019700,VWO
2014-02-10,27.415782928466797,37.849998474121094,38.220001220703125,37.7400016784668,38.220001220703125,9570000,VWO
2014-02-11,27.995243072509766,38.650001525878906,38.7400016784668,38.04999923706055,38.04999923706055,26770500,VWO
2014-02-12,27.95177459716797,38.59000015258789,39.08000183105469,38.52000045776367,38.880001068115234,16511100,VWO
2014-02-13,27.98075294494629,38.630001068115234,38.66999816894531,38.060001373291016,38.099998474121094,18583900,VWO
2014-02-14,28.32118797302246,39.099998474121094,39.29999923706055,38.810001373291016,38.869998931884766,10676700,VWO
2014-02-18,28.082155227661133,38.77000045776367,39.189998626708984,38.77000045776367,39.11000061035156,12031000,VWO
2014-02-19,27.959016799926758,38.599998474121094,38.959999084472656,38.47999954223633,38.70000076293945,34637000,VWO
2014-02-20,28.10388946533203,38.79999923706055,38.88999938964844,38.369998931884766,38.560001373291016,27963500,VWO
2014-02-21,28.299449920654297,39.06999969482422,39.15999984741211,38.84000015258789,38.84000015258789,26589200,VWO
2014-02-24,28.270484924316406,39.029998779296875,39.369998931884766,38.970001220703125,39.0,18554500,VWO
2014-02-25,27.91556167602539,38.540000915527344,39.0099983215332,38.41999816894531,38.939998626708984,14129700,VWO
2014-02-26,27.843128204345703,38.439998626708984,38.720001220703125,38.29999923706055,38.650001525878906,14250900,VWO
2014-02-27,28.393611907958984,39.20000076293945,39.25,38.72999954223633,38.790000915527344,19574100,VWO
2014-02-28,28.169071197509766,38.88999938964844,39.279998779296875,38.68000030517578,39.20000076293945,21899800,VWO
2014-03-03,27.676528930664062,38.209999084472656,38.33000183105469,37.91999816894531,38.189998626708984,26634900,VWO
2014-03-04,28.13286590576172,38.84000015258789,39.02000045776367,38.70000076293945,38.91999816894531,13426800,VWO
2014-03-05,28.219772338867188,38.959999084472656,38.9900016784668,38.689998626708984,38.75,10025800,VWO
2014-03-06,28.610916137695312,39.5,39.68000030517578,39.2400016784668,39.2400016784668,13865300,VWO
2014-03-07,28.2125244140625,38.95000076293945,39.349998474121094,38.75,39.31999969482422,19698800,VWO
2014-03-10,28.045936584472656,38.720001220703125,38.7599983215332,38.439998626708984,38.7400016784668,14103000,VWO
2014-03-11,27.719989776611328,38.27000045776367,38.93000030517578,38.18000030517578,38.77000045776367,17460500,VWO
2014-03-12,27.828638076782227,38.41999816894531,38.45000076293945,38.029998779296875,38.11000061035156,19015100,VWO
2014-03-13,27.350582122802734,37.7599983215332,38.529998779296875,37.560001373291016,38.47999954223633,18654100,VWO
2014-03-14,27.531661987304688,38.0099983215332,38.209999084472656,37.84000015258789,37.84000015258789,15544300,VWO
2014-03-17,27.828638076782227,38.41999816894531,38.52000045776367,38.29999923706055,38.40999984741211,13620200,VWO
2014-03-18,28.25598907470703,39.0099983215332,39.04999923706055,38.5,38.529998779296875,14198000,VWO
2014-03-19,27.69826316833496,38.2400016784668,38.91999816894531,38.029998779296875,38.70000076293945,22847800,VWO
2014-03-20,27.828638076782227,38.41999816894531,38.529998779296875,37.849998474121094,37.959999084472656,18680400,VWO
2014-03-21,27.995243072509766,38.650001525878906,39.150001525878906,38.59000015258789,38.65999984741211,19791100,VWO
2014-03-24,28.241506576538086,38.9900016784668,39.11000061035156,38.7599983215332,38.9900016784668,23802000,VWO
2014-03-25,28.680910110473633,39.4900016784668,39.59000015258789,39.2400016784668,39.279998779296875,17673500,VWO
2014-03-26,28.688175201416016,39.5,39.880001068115234,39.459999084472656,39.72999954223633,26585300,VWO
2014-03-27,29.022253036499023,39.959999084472656,40.0,39.56999969482422,39.61000061035156,16809800,VWO
2014-03-28,29.254667282104492,40.279998779296875,40.58000183105469,40.27000045776367,40.31999969482422,15315900,VWO
2014-03-31,29.472564697265625,40.58000183105469,40.79999923706055,40.5099983215332,40.58000183105469,20248500,VWO
2014-04-01,29.75580406188965,40.970001220703125,40.9900016784668,40.7599983215332,40.970001220703125,12472100,VWO
2014-04-02,29.864742279052734,41.119998931884766,41.150001525878906,40.790000915527344,40.849998474121094,11813800,VWO
2014-04-03,29.690433502197266,40.880001068115234,40.93000030517578,40.4900016784668,40.90999984741211,23427100,VWO
2014-04-04,29.639596939086914,40.810001373291016,41.630001068115234,40.75,41.36000061035156,38442400,VWO
2014-04-07,29.799379348754883,41.029998779296875,41.130001068115234,40.779998779296875,40.95000076293945,12439600,VWO
2014-04-08,30.07537841796875,41.40999984741211,41.779998779296875,41.29999923706055,41.599998474121094,29428700,VWO
2014-04-09,30.31505012512207,41.7400016784668,41.91999816894531,41.18000030517578,41.599998474121094,13632000,VWO
2014-04-10,30.024524688720703,41.34000015258789,41.93000030517578,41.279998779296875,41.790000915527344,18638200,VWO
2014-04-11,30.010009765625,41.31999969482422,41.380001068115234,41.029998779296875,41.040000915527344,15167400,VWO
2014-04-14,29.9664249420166,41.2599983215332,41.439998626708984,41.040000915527344,41.380001068115234,11506100,VWO
2014-04-15,29.523387908935547,40.650001525878906,41.0099983215332,40.119998931884766,41.0099983215332,23778900,VWO
2014-04-16,29.828428268432617,41.06999969482422,41.13999938964844,40.70000076293945,40.7400016784668,12091800,VWO
2014-04-17,30.18430519104004,41.560001373291016,41.689998626708984,41.040000915527344,41.189998626708984,10141600,VWO
2014-04-21,29.988224029541016,41.290000915527344,41.47999954223633,41.18000030517578,41.41999816894531,8541100,VWO
2014-04-22,29.886533737182617,41.150001525878906,41.369998931884766,41.13999938964844,41.279998779296875,9462800,VWO
2014-04-23,29.72675895690918,40.93000030517578,41.02000045776367,40.650001525878906,41.0099983215332,14422900,VWO
2014-04-24,29.72675895690918,40.93000030517578,41.0,40.56999969482422,41.0,10679300,VWO
2014-04-25,29.385398864746094,40.459999084472656,40.54999923706055,40.18000030517578,40.54999923706055,15519200,VWO
2014-04-28,29.472564697265625,40.58000183105469,40.72999954223633,40.25,40.4900016784668,11892700,VWO
2014-04-29,29.75580406188965,40.970001220703125,41.18000030517578,40.84000015258789,40.86000061035156,15126200,VWO
2014-04-30,29.734012603759766,40.939998626708984,40.939998626708984,40.63999938964844,40.66999816894531,11793000,VWO
2014-05-01,29.75580406188965,40.970001220703125,41.060001373291016,40.689998626708984,40.849998474121094,8681600,VWO
2014-05-02,29.951908111572266,41.2400016784668,41.349998474121094,40.880001068115234,40.939998626708984,14743400,VWO
2014-05-05,29.82118034362793,41.060001373291016,41.08000183105469,40.86000061035156,41.02000045776367,11111900,VWO
2014-05-06,29.9373836517334,41.220001220703125,41.459999084472656,41.06999969482422,41.08000183105469,9665900,VWO
2014-05-07,30.12621307373047,41.47999954223633,41.5,41.06999969482422,41.130001068115234,8329300,VWO
2014-05-08,30.046314239501953,41.369998931884766,41.70000076293945,41.369998931884766,41.59000015258789,12276300,VWO
2014-05-09,30.024524688720703,41.34000015258789,41.529998779296875,41.27000045776367,41.41999816894531,13521100,VWO
2014-05-12,30.511131286621094,42.0099983215332,42.060001373291016,41.790000915527344,41.880001068115234,12806900,VWO
2014-05-13,30.641876220703125,42.189998626708984,42.33000183105469,42.0099983215332,42.060001373291016,14746500,VWO
2014-05-14,30.84522247314453,42.470001220703125,42.59000015258789,42.310001373291016,42.33000183105469,16633300,VWO
2014-05-15,30.569242477416992,42.09000015258789,42.40999984741211,41.880001068115234,42.40999984741211,11088300,VWO
2014-05-16,30.946922302246094,42.61000061035156,42.68000030517578,42.279998779296875,42.400001525878906,11901400,VWO
2014-05-19,30.961435317993164,42.630001068115234,42.70000076293945,42.529998779296875,42.560001373291016,6559100,VWO
2014-05-20,30.6999568939209,42.27000045776367,42.560001373291016,42.119998931884766,42.41999816894531,11702000,VWO
2014-05-21,30.917863845825195,42.56999969482422,42.630001068115234,42.459999084472656,42.459999084472656,15397100,VWO
2014-05-22,31.15753173828125,42.900001525878906,42.90999984741211,42.7599983215332,42.83000183105469,8280700,VWO
2014-05-23,31.15753173828125,42.900001525878906,43.02000045776367,42.86000061035156,42.90999984741211,20551100,VWO
2014-05-27,30.903339385986328,42.54999923706055,42.810001373291016,42.369998931884766,42.75,11396400,VWO
2014-05-28,31.019540786743164,42.709999084472656,42.77000045776367,42.5099983215332,42.61000061035156,10312700,VWO
2014-05-29,31.05585479736328,42.7599983215332,42.86000061035156,42.66999816894531,42.83000183105469,7035300,VWO
2014-05-30,30.656400680541992,42.209999084472656,42.599998474121094,42.13999938964844,42.540000915527344,13774100,VWO
2014-06-02,30.808923721313477,42.41999816894531,42.529998779296875,42.380001068115234,42.400001525878906,9076500,VWO
2014-06-03,30.98322105407715,42.65999984741211,42.779998779296875,42.43000030517578,42.470001220703125,7256200,VWO
2014-06-04,30.808923721313477,42.41999816894531,42.4900016784668,42.31999969482422,42.470001220703125,6949900,VWO
2014-06-05,31.15753173828125,42.900001525878906,43.0,42.70000076293945,42.83000183105469,9615200,VWO
2014-06-06,31.491626739501953,43.36000061035156,43.4900016784668,43.209999084472656,43.209999084472656,9160500,VWO
2014-06-09,31.687719345092773,43.630001068115234,43.68000030517578,43.36000061035156,43.41999816894531,9324400,VWO
2014-06-10,31.81119155883789,43.79999923706055,43.83000183105469,43.58000183105469,43.70000076293945,9653100,VWO
2014-06-11,31.702232360839844,43.650001525878906,43.75,43.54999923706055,43.599998474121094,7968900,VWO
2014-06-12,31.556989669799805,43.45000076293945,43.79999923706055,43.36000061035156,43.779998779296875,9127000,VWO
2014-06-13,31.673189163208008,43.61000061035156,43.63999938964844,43.34000015258789,43.470001220703125,7699200,VWO
2014-06-16,31.469837188720703,43.33000183105469,43.470001220703125,43.22999954223633,43.439998626708984,8539900,VWO
2014-06-17,31.491626739501953,43.36000061035156,43.36000061035156,43.13999938964844,43.290000915527344,9028300,VWO
2014-06-18,31.854755401611328,43.86000061035156,43.88999938964844,43.13999938964844,43.2599983215332,17662300,VWO
2014-06-19,31.658662796020508,43.59000015258789,43.810001373291016,43.47999954223633,43.709999084472656,8962100,VWO
2014-06-20,31.673189163208008,43.61000061035156,43.630001068115234,43.43000030517578,43.54999923706055,14210300,VWO
2014-06-23,31.527936935424805,43.40999984741211,43.540000915527344,43.279998779296875,43.529998779296875,15211800,VWO
2014-06-24,31.482467651367188,42.93000030517578,43.40999984741211,42.869998931884766,43.16999816894531,17451200,VWO
2014-06-25,31.614471435546875,43.11000061035156,43.13999938964844,42.95000076293945,43.09000015258789,13493500,VWO
2014-06-26,31.599807739257812,43.09000015258789,43.16999816894531,42.95000076293945,43.16999816894531,11566300,VWO
2014-06-27,31.680465698242188,43.20000076293945,43.2400016784668,42.970001220703125,43.119998931884766,7431000,VWO
2014-06-30,31.629140853881836,43.130001068115234,43.290000915527344,43.04999923706055,43.279998779296875,8567700,VWO
2014-07-01,31.915143966674805,43.52000045776367,43.56999969482422,43.36000061035156,43.36000061035156,10496300,VWO
2014-07-02,32.10580062866211,43.779998779296875,43.779998779296875,43.65999984741211,43.65999984741211,7641100,VWO
2014-07-03,32.27447509765625,44.0099983215332,44.06999969482422,43.650001525878906,43.720001220703125,6807600,VWO
2014-07-07,32.340484619140625,44.099998474121094,44.11000061035156,43.95000076293945,44.04999923706055,8695700,VWO
2014-07-08,32.20113754272461,43.90999984741211,44.130001068115234,43.79999923706055,44.130001068115234,7398000,VWO
2014-07-09,32.39180374145508,44.16999816894531,44.20000076293945,43.88999938964844,43.90999984741211,16559400,VWO
2014-07-10,32.19382858276367,43.900001525878906,43.939998626708984,43.380001068115234,43.529998779296875,18552700,VWO
2014-07-11,32.25247573852539,43.97999954223633,44.02000045776367,43.75,43.79999923706055,7000100,VWO
2014-07-14,32.50181579589844,44.31999969482422,44.33000183105469,44.130001068115234,44.220001220703125,6750600,VWO
2014-07-15,32.45781326293945,44.2599983215332,44.400001525878906,44.060001373291016,44.349998474121094,7029400,VWO
2014-07-16,32.56050109863281,44.400001525878906,44.560001373291016,44.33000183105469,44.4900016784668,6164500,VWO
2014-07-17,31.9371395111084,43.54999923706055,44.130001068115234,43.470001220703125,44.0099983215332,9976700,VWO
2014-07-18,32.43582534790039,44.22999954223633,44.349998474121094,44.029998779296875,44.08000183105469,5486600,VWO
2014-07-21,32.55315017700195,44.38999938964844,44.4900016784668,44.0099983215332,44.08000183105469,18890200,VWO
2014-07-22,32.89048385620117,44.849998474121094,44.939998626708984,44.79999923706055,44.81999969482422,13261400,VWO
2014-07-23,32.897823333740234,44.86000061035156,44.970001220703125,44.790000915527344,44.959999084472656,5720500,VWO
2014-07-24,33.05916213989258,45.08000183105469,45.16999816894531,44.93000030517578,44.959999084472656,11809400,VWO
2014-07-25,32.927162170410156,44.900001525878906,44.95000076293945,44.7599983215332,44.849998474121094,9415600,VWO
2014-07-28,33.10315704345703,45.13999938964844,45.15999984741211,44.810001373291016,44.900001525878906,7212300,VWO
2014-07-29,32.802490234375,44.72999954223633,45.119998931884766,44.72999954223633,45.11000061035156,9090800,VWO
2014-07-30,32.63381576538086,44.5,44.93000030517578,44.2599983215332,44.869998931884766,12966300,VWO
2014-07-31,32.06180191040039,43.720001220703125,44.029998779296875,43.529998779296875,43.97999954223633,12562700,VWO
2014-08-01,32.25247573852539,43.97999954223633,44.08000183105469,43.56999969482422,43.849998474121094,18805600,VWO
2014-08-04,32.6191520690918,44.47999954223633,44.54999923706055,44.040000915527344,44.279998779296875,9841300,VWO
2014-08-05,32.1278190612793,43.810001373291016,44.130001068115234,43.650001525878906,44.040000915527344,12124800,VWO
2014-08-06,31.900470733642578,43.5,43.720001220703125,43.459999084472656,43.56999969482422,11361000,VWO
2014-08-07,31.753808975219727,43.29999923706055,43.66999816894531,43.16999816894531,43.630001068115234,13451300,VWO
2014-08-08,32.10580062866211,43.779998779296875,43.849998474121094,43.40999984741211,43.5099983215332,13077200,VWO
2014-08-11,32.56781768798828,44.40999984741211,44.45000076293945,44.029998779296875,44.060001373291016,9570000,VWO
2014-08-12,32.57515335083008,44.41999816894531,44.43000030517578,44.20000076293945,44.22999954223633,10632900,VWO
2014-08-13,32.71450424194336,44.61000061035156,44.86000061035156,44.5,44.77000045776367,8844800,VWO
2014-08-14,32.736488342285156,44.63999938964844,44.7400016784668,44.54999923706055,44.63999938964844,4965400,VWO
2014-08-15,32.6924934387207,44.58000183105469,44.84000015258789,44.31999969482422,44.810001373291016,11960400,VWO
2014-08-18,33.02983474731445,45.040000915527344,45.060001373291016,44.7599983215332,44.900001525878906,6372200,VWO
2014-08-19,33.220497131347656,45.29999923706055,45.310001373291016,45.08000183105469,45.08000183105469,6587000,VWO
2014-08-20,33.16915512084961,45.22999954223633,45.33000183105469,45.060001373291016,45.11000061035156,7220200,VWO
2014-08-21,33.13982009887695,45.189998626708984,45.31999969482422,45.11000061035156,45.2400016784668,8392800,VWO
2014-08-22,32.99315643310547,44.9900016784668,45.25,44.869998931884766,45.209999084472656,7724500,VWO
2014-08-25,33.2718391418457,45.369998931884766,45.38999938964844,45.099998474121094,45.119998931884766,6201100,VWO
2014-08-26,33.45515823364258,45.619998931884766,45.63999938964844,45.40999984741211,45.40999984741211,7718900,VWO
2014-08-27,33.62382507324219,45.849998474121094,45.86000061035156,45.619998931884766,45.70000076293945,6193700,VWO
2014-08-28,33.315834045410156,45.43000030517578,45.43000030517578,45.20000076293945,45.22999954223633,5110500,VWO
2014-08-29,33.293827056884766,45.400001525878906,45.5,45.279998779296875,45.470001220703125,8893300,VWO
2014-09-02,33.35982894897461,45.4900016784668,45.52000045776367,45.33000183105469,45.43000030517578,8423100,VWO
2014-09-03,33.917171478271484,46.25,46.400001525878906,46.130001068115234,46.400001525878906,9409000,VWO
2014-09-04,33.77049255371094,46.04999923706055,46.43000030517578,45.939998626708984,46.369998931884766,8460100,VWO
2014-09-05,34.093177795410156,46.4900016784668,46.4900016784668,46.060001373291016,46.220001220703125,12796400,VWO
2014-09-08,33.69717025756836,45.95000076293945,46.40999984741211,45.869998931884766,46.40999984741211,10875600,VWO
2014-09-09,33.286495208740234,45.38999938964844,45.779998779296875,45.220001220703125,45.70000076293945,16864600,VWO
2014-09-10,33.13982009887695,45.189998626708984,45.2599983215332,44.849998474121094,44.95000076293945,9892500,VWO
2014-09-11,32.9051513671875,44.869998931884766,44.95000076293945,44.790000915527344,44.93000030517578,16440700,VWO
2014-09-12,32.45781326293945,44.2599983215332,44.560001373291016,44.13999938964844,44.54999923706055,12908600,VWO
2014-09-15,32.3184814453125,44.06999969482422,44.209999084472656,43.90999984741211,44.209999084472656,8249800,VWO
2014-09-16,32.729164123535156,44.630001068115234,44.959999084472656,43.939998626708984,43.939998626708984,16662400,VWO
2014-09-17,32.413822174072266,44.20000076293945,44.70000076293945,44.15999984741211,44.630001068115234,17700000,VWO
2014-09-18,32.487144470214844,44.29999923706055,44.470001220703125,44.22999954223633,44.33000183105469,6975000,VWO
2014-09-19,32.245140075683594,43.970001220703125,44.5,43.84000015258789,44.43000030517578,9872600,VWO
2014-09-22,31.768476486206055,43.31999969482422,43.66999816894531,43.13999938964844,43.63999938964844,8417100,VWO
2014-09-23,31.563146591186523,43.040000915527344,43.400001525878906,42.9900016784668,43.2400016784668,9503300,VWO
2014-09-24,32.05665588378906,43.2599983215332,43.310001373291016,42.70000076293945,42.869998931884766,24576300,VWO
2014-09-25,31.315624237060547,42.2599983215332,42.58000183105469,42.150001525878906,42.56999969482422,10643000,VWO
2014-09-26,31.515716552734375,42.529998779296875,42.70000076293945,42.25,42.29999923706055,10346400,VWO
2014-09-29,30.84138298034668,41.619998931884766,41.83000183105469,41.439998626708984,41.52000045776367,9813500,VWO
2014-09-30,30.908065795898438,41.709999084472656,41.779998779296875,41.43000030517578,41.54999923706055,17054200,VWO
2014-10-01,30.31525230407715,40.90999984741211,41.56999969482422,40.880001068115234,41.56999969482422,16451400,VWO
2014-10-02,30.500513076782227,41.15999984741211,41.400001525878906,40.529998779296875,41.0,13899500,VWO
2014-10-03,30.752452850341797,41.5,41.61000061035156,41.130001068115234,41.25,10816200,VWO
2014-10-06,31.30082130432129,42.2400016784668,42.540000915527344,42.16999816894531,42.4900016784668,13566700,VWO
2014-10-07,30.996994018554688,41.83000183105469,42.27000045776367,41.83000183105469,42.2400016784668,9017600,VWO
2014-10-08,31.47125244140625,42.470001220703125,42.58000183105469,41.459999084472656,41.91999816894531,20005800,VWO
2014-10-09,31.03404998779297,41.880001068115234,42.380001068115234,41.77000045776367,42.369998931884766,16903600,VWO
2014-10-10,30.330080032348633,40.93000030517578,41.58000183105469,40.90999984741211,41.560001373291016,14541000,VWO
2014-10-13,30.700590133666992,41.43000030517578,42.0099983215332,41.40999984741211,41.65999984741211,13471900,VWO
2014-10-14,30.84138298034668,41.619998931884766,41.90999984741211,41.29999923706055,41.4900016784668,21901300,VWO
2014-10-15,30.41158676147461,41.040000915527344,41.209999084472656,40.13999938964844,40.90999984741211,22885200,VWO
2014-10-16,30.10776138305664,40.630001068115234,41.099998474121094,40.0,40.09000015258789,19816000,VWO
2014-10-17,30.493106842041016,41.150001525878906,41.439998626708984,40.900001525878906,40.900001525878906,14580100,VWO
2014-10-20,30.515336990356445,41.18000030517578,41.25,40.970001220703125,41.029998779296875,12094500,VWO
2014-10-21,30.6561222076416,41.369998931884766,41.560001373291016,41.04999923706055,41.04999923706055,12031700,VWO
2014-10-22,30.41158676147461,41.040000915527344,41.400001525878906,40.91999816894531,41.369998931884766,10747800,VWO
2014-10-23,30.441234588623047,41.08000183105469,41.29999923706055,41.0099983215332,41.099998474121094,12315200,VWO
2014-10-24,30.730228424072266,41.470001220703125,41.63999938964844,41.099998474121094,41.15999984741211,10254100,VWO
2014-10-27,30.41158676147461,41.040000915527344,41.060001373291016,40.56999969482422,40.68000030517578,13554900,VWO
2014-10-28,31.04888343811035,41.900001525878906,41.97999954223633,41.5,41.58000183105469,11078200,VWO
2014-10-29,30.989580154418945,41.81999969482422,42.290000915527344,41.61000061035156,42.130001068115234,18343100,VWO
2014-10-30,31.345279693603516,42.29999923706055,42.470001220703125,41.97999954223633,42.0099983215332,10325600,VWO
2014-10-31,31.59722328186035,42.63999938964844,42.72999954223633,42.43000030517578,42.47999954223633,11619800,VWO
2014-11-03,31.38233184814453,42.349998474121094,42.540000915527344,42.22999954223633,42.5,10467100,VWO
2014-11-04,31.411970138549805,42.38999938964844,42.43000030517578,42.119998931884766,42.349998474121094,9961400,VWO
2014-11-05,31.226715087890625,42.13999938964844,42.20000076293945,41.90999984741211,42.13999938964844,11449600,VWO
2014-11-06,30.78209686279297,41.540000915527344,41.95000076293945,41.529998779296875,41.900001525878906,11926800,VWO
2014-11-07,30.982177734375,41.810001373291016,41.810001373291016,41.560001373291016,41.560001373291016,9549300,VWO
2014-11-10,31.004405975341797,41.84000015258789,42.220001220703125,41.81999969482422,42.220001220703125,6117000,VWO
2014-11-11,31.0562801361084,41.90999984741211,41.959999084472656,41.72999954223633,41.810001373291016,6155100,VWO
2014-11-12,30.967355728149414,41.790000915527344,42.06999969482422,41.75,41.869998931884766,10036500,VWO
2014-11-13,30.89324951171875,41.689998626708984,42.0099983215332,41.59000015258789,42.0,5725300,VWO
2014-11-14,31.21930503845215,42.130001068115234,42.130001068115234,41.68000030517578,41.72999954223633,9329700,VWO
2014-11-17,30.826553344726562,41.599998474121094,41.709999084472656,41.540000915527344,41.70000076293945,8701400,VWO
2014-11-18,30.982177734375,41.810001373291016,41.849998474121094,41.599998474121094,41.63999938964844,10234500,VWO
2014-11-19,31.041458129882812,41.88999938964844,42.02000045776367,41.58000183105469,41.7599983215332,11202500,VWO
2014-11-20,30.989580154418945,41.81999969482422,42.0099983215332,41.75,41.88999938964844,5362600,VWO
2014-11-21,31.94550895690918,43.11000061035156,43.130001068115234,42.720001220703125,42.81999969482422,20346300,VWO
2014-11-24,31.700977325439453,42.779998779296875,42.95000076293945,42.72999954223633,42.91999816894531,6854500,VWO
2014-11-25,31.493478775024414,42.5,42.849998474121094,42.459999084472656,42.849998474121094,8999400,VWO
2014-11-26,31.81953239440918,42.939998626708984,43.0,42.790000915527344,42.83000183105469,9824500,VWO
2014-11-28,31.24892807006836,42.16999816894531,42.5,42.119998931884766,42.5,8916300,VWO
2014-12-01,30.678354263305664,41.400001525878906,41.709999084472656,41.31999969482422,41.709999084472656,15525800,VWO
2014-12-02,30.663532257080078,41.380001068115234,41.59000015258789,41.369998931884766,41.529998779296875,10411600,VWO
2014-12-03,30.81915283203125,41.59000015258789,41.709999084472656,41.4900016784668,41.540000915527344,11135700,VWO
2014-12-04,30.78209686279297,41.540000915527344,41.720001220703125,41.47999954223633,41.70000076293945,8921900,VWO
2014-12-05,30.759862899780273,41.5099983215332,41.61000061035156,41.27000045776367,41.38999938964844,9472900,VWO
2014-12-08,30.263383865356445,40.84000015258789,41.34000015258789,40.75,41.220001220703125,8763600,VWO
2014-12-09,29.92251968383789,40.380001068115234,40.400001525878906,40.11000061035156,40.22999954223633,10952400,VWO
2014-12-10,29.492713928222656,39.79999923706055,40.380001068115234,39.77000045776367,40.34000015258789,18882400,VWO
2014-12-11,29.218544006347656,39.43000030517578,39.84000015258789,39.38999938964844,39.630001068115234,20709000,VWO
2014-12-12,28.781343460083008,38.84000015258789,39.38999938964844,38.83000183105469,39.36000061035156,13660100,VWO
2014-12-15,28.20333480834961,38.060001373291016,38.810001373291016,37.86000061035156,38.72999954223633,22763900,VWO
2014-12-16,27.943981170654297,37.709999084472656,38.380001068115234,37.29999923706055,37.47999954223633,32239800,VWO
2014-12-17,28.81098175048828,38.880001068115234,39.40999984741211,37.970001220703125,37.970001220703125,44882800,VWO
2014-12-18,29.25559425354004,39.47999954223633,39.689998626708984,39.209999084472656,39.529998779296875,20617900,VWO
2014-12-19,29.39638328552246,39.66999816894531,39.81999969482422,39.4900016784668,39.529998779296875,21019200,VWO
2014-12-22,29.77895164489746,40.0099983215332,40.06999969482422,39.81999969482422,39.83000183105469,18404500,VWO
2014-12-23,29.5407772064209,39.689998626708984,39.79999923706055,39.459999084472656,39.79999923706055,17551100,VWO
2014-12-24,29.60032081604004,39.77000045776367,39.810001373291016,39.54999923706055,39.68000030517578,7001000,VWO
2014-12-26,29.801279067993164,40.040000915527344,40.290000915527344,40.040000915527344,40.04999923706055,7018900,VWO
2014-12-29,29.70452308654785,39.90999984741211,40.2400016784668,39.88999938964844,40.130001068115234,14944200,VWO
2014-12-30,29.78639030456543,40.02000045776367,40.119998931884766,39.869998931884766,39.95000076293945,17308200,VWO
2014-12-31,29.78639030456543,40.02000045776367,40.22999954223633,39.95000076293945,40.130001068115234,13162800,VWO
2015-01-02,29.444019317626953,39.560001373291016,39.959999084472656,39.470001220703125,39.95000076293945,17844900,VWO
2015-01-05,28.975122451782227,38.93000030517578,39.41999816894531,38.869998931884766,39.41999816894531,17336400,VWO
2015-01-06,28.83370590209961,38.7400016784668,39.11000061035156,38.54999923706055,38.93000030517578,13779200,VWO
2015-01-07,29.49612045288086,39.630001068115234,39.68000030517578,39.34000015258789,39.45000076293945,11570800,VWO
2015-01-08,29.994796752929688,40.29999923706055,40.439998626708984,40.130001068115234,40.15999984741211,9996800,VWO
2015-01-09,29.845928192138672,40.099998474121094,40.349998474121094,39.95000076293945,40.31999969482422,9140200,VWO
2015-01-12,29.577999114990234,39.7400016784668,40.0,39.63999938964844,39.93000030517578,10631000,VWO
2015-01-13,29.78639030456543,40.02000045776367,40.400001525878906,39.689998626708984,40.279998779296875,14364400,VWO
2015-01-14,29.674739837646484,39.869998931884766,39.939998626708984,39.52000045776367,39.65999984741211,14774300,VWO
2015-01-15,29.764066696166992,39.9900016784668,40.560001373291016,39.959999084472656,40.45000076293945,16712300,VWO
2015-01-16,30.06178092956543,40.38999938964844,40.41999816894531,39.90999984741211,39.91999816894531,14325300,VWO
2015-01-20,29.95758056640625,40.25,40.290000915527344,40.09000015258789,40.279998779296875,15672600,VWO
2015-01-21,30.627445220947266,41.150001525878906,41.20000076293945,40.59000015258789,40.599998474121094,15433200,VWO
2015-01-22,31.274967193603516,42.02000045776367,42.040000915527344,41.279998779296875,41.4900016784668,15263300,VWO
2015-01-23,31.007020950317383,41.65999984741211,41.880001068115234,41.63999938964844,41.83000183105469,11386400,VWO
2015-01-26,31.044233322143555,41.709999084472656,41.849998474121094,41.45000076293945,41.5,9006500,VWO
2015-01-27,30.88050079345703,41.4900016784668,41.599998474121094,41.16999816894531,41.2400016784668,8518600,VWO
2015-01-28,30.51579475402832,41.0,41.5,40.939998626708984,41.40999984741211,7616000,VWO
2015-01-29,30.545564651489258,41.040000915527344,41.13999938964844,40.619998931884766,41.09000015258789,19101200,VWO
2015-01-30,29.72684669494629,39.939998626708984,40.439998626708984,39.91999816894531,40.31999969482422,22047700,VWO
2015-02-02,30.255287170410156,40.650001525878906,40.7599983215332,40.279998779296875,40.400001525878906,15944400,VWO
2015-02-03,30.79117774963379,41.369998931884766,41.40999984741211,41.0,41.029998779296875,20858100,VWO
2015-02-04,30.582778930664062,41.09000015258789,41.5,41.04999923706055,41.189998626708984,8677100,VWO
2015-02-05,30.813508987426758,41.400001525878906,41.43000030517578,41.02000045776367,41.06999969482422,11220500,VWO
2015-02-06,30.307395935058594,40.720001220703125,41.0099983215332,40.59000015258789,40.77000045776367,19724000,VWO
2015-02-09,30.27018165588379,40.66999816894531,40.790000915527344,40.560001373291016,40.59000015258789,7247100,VWO
2015-02-10,30.218093872070312,40.599998474121094,40.63999938964844,40.41999816894531,40.56999969482422,8334500,VWO
2015-02-11,30.084102630615234,40.41999816894531,40.52000045776367,40.08000183105469,40.279998779296875,8760600,VWO
2015-02-12,30.783735275268555,41.36000061035156,41.41999816894531,40.81999969482422,40.83000183105469,12508900,VWO
2015-02-13,31.09633445739746,41.779998779296875,41.81999969482422,41.5099983215332,41.52000045776367,9417500,VWO
2015-02-17,30.999574661254883,41.650001525878906,41.75,41.34000015258789,41.75,11226100,VWO
2015-02-18,31.029348373413086,41.689998626708984,41.75,41.400001525878906,41.560001373291016,8921500,VWO
2015-02-19,30.932598114013672,41.560001373291016,41.75,41.31999969482422,41.41999816894531,9102100,VWO
2015-02-20,31.08889389038086,41.77000045776367,41.83000183105469,41.279998779296875,41.41999816894531,9549800,VWO
2015-02-23,30.79117774963379,41.369998931884766,41.65999984741211,41.2599983215332,41.63999938964844,8091300,VWO
2015-02-24,31.215429306030273,41.939998626708984,42.040000915527344,41.349998474121094,41.52000045776367,14370900,VWO
2015-02-25,31.111223220825195,41.79999923706055,41.93000030517578,41.70000076293945,41.75,17352900,VWO
2015-02-26,31.08889389038086,41.77000045776367,41.869998931884766,41.72999954223633,41.79999923706055,8884800,VWO
2015-02-27,31.111223220825195,41.79999923706055,42.040000915527344,41.720001220703125,41.75,8053900,VWO
2015-03-02,31.06658172607422,41.7400016784668,41.75,41.56999969482422,41.72999954223633,10396600,VWO
2015-03-03,30.783735275268555,41.36000061035156,41.4900016784668,41.310001373291016,41.4900016784668,10312800,VWO
2015-03-04,30.426471710205078,40.880001068115234,40.9900016784668,40.63999938964844,40.939998626708984,8853100,VWO
2015-03-05,30.366939544677734,40.79999923706055,40.970001220703125,40.63999938964844,40.939998626708984,10768900,VWO
2015-03-06,29.875713348388672,40.13999938964844,40.52000045776367,40.040000915527344,40.470001220703125,11776300,VWO
2015-03-09,29.75662612915039,39.97999954223633,40.18000030517578,39.970001220703125,40.18000030517578,11645900,VWO
2015-03-10,29.13886070251465,39.150001525878906,39.47999954223633,39.150001525878906,39.439998626708984,11056900,VWO
2015-03-11,29.369592666625977,39.459999084472656,39.529998779296875,39.22999954223633,39.38999938964844,14603600,VWO
2015-03-12,29.53333282470703,39.68000030517578,40.02000045776367,39.619998931884766,39.880001068115234,11430700,VWO
2015-03-13,29.17608070373535,39.20000076293945,39.400001525878906,38.9900016784668,39.400001525878906,11391200,VWO
2015-03-16,29.518451690673828,39.65999984741211,39.709999084472656,39.47999954223633,39.540000915527344,8754600,VWO
2015-03-17,29.70452308654785,39.90999984741211,40.0099983215332,39.52000045776367,39.56999969482422,22040000,VWO
2015-03-18,30.471134185791016,40.939998626708984,41.06999969482422,39.810001373291016,39.88999938964844,15803800,VWO
2015-03-19,29.935256958007812,40.220001220703125,40.560001373291016,40.11000061035156,40.47999954223633,14064600,VWO
2015-03-20,30.307395935058594,40.720001220703125,40.900001525878906,40.56999969482422,40.58000183105469,9673000,VWO
2015-03-23,30.396709442138672,40.84000015258789,40.939998626708984,40.689998626708984,40.869998931884766,10710700,VWO
2015-03-24,30.51579475402832,41.0,41.04999923706055,40.86000061035156,40.939998626708984,9908500,VWO
2015-03-25,29.9871826171875,40.220001220703125,40.939998626708984,40.220001220703125,40.939998626708984,12034800,VWO
2015-03-26,29.815706253051758,39.9900016784668,40.18000030517578,39.810001373291016,40.18000030517578,15470600,VWO
2015-03-27,29.882789611816406,40.08000183105469,40.16999816894531,39.959999084472656,40.08000183105469,11582700,VWO
2015-03-30,30.49417495727539,40.900001525878906,41.0099983215332,40.459999084472656,40.459999084472656,8958700,VWO
2015-03-31,30.471797943115234,40.869998931884766,40.93000030517578,40.599998474121094,40.709999084472656,7977300,VWO
2015-04-01,30.881868362426758,41.41999816894531,41.52000045776367,41.20000076293945,41.290000915527344,19184900,VWO
2015-04-02,31.359041213989258,42.060001373291016,42.13999938964844,41.70000076293945,41.75,8147100,VWO
2015-04-06,31.739282608032227,42.56999969482422,42.81999969482422,42.38999938964844,42.439998626708984,9861400,VWO
2015-04-07,31.66472816467285,42.470001220703125,42.70000076293945,42.459999084472656,42.619998931884766,8011500,VWO
2015-04-08,32.305931091308594,43.33000183105469,43.560001373291016,43.16999816894531,43.45000076293945,12052700,VWO
2015-04-09,32.723453521728516,43.88999938964844,43.959999084472656,43.59000015258789,43.720001220703125,13440400,VWO
2015-04-10,32.65635681152344,43.79999923706055,43.83000183105469,43.540000915527344,43.65999984741211,16176100,VWO
2015-04-13,32.54451370239258,43.650001525878906,44.099998474121094,43.61000061035156,43.93000030517578,9835600,VWO
2015-04-14,32.633995056152344,43.77000045776367,43.880001068115234,43.45000076293945,43.65999984741211,8511700,VWO
2015-04-15,32.82783889770508,44.029998779296875,44.060001373291016,43.63999938964844,43.7599983215332,7688700,VWO
2015-04-16,33.12606430053711,44.43000030517578,44.650001525878906,44.09000015258789,44.130001068115234,9275300,VWO
2015-04-17,32.44758987426758,43.52000045776367,43.630001068115234,43.2599983215332,43.52000045776367,15807600,VWO
2015-04-20,32.343204498291016,43.380001068115234,43.5,43.34000015258789,43.439998626708984,7263500,VWO
2015-04-21,32.59670639038086,43.720001220703125,43.91999816894531,43.689998626708984,43.83000183105469,13383700,VWO
2015-04-22,32.976951599121094,44.22999954223633,44.2400016784668,43.88999938964844,44.029998779296875,7972000,VWO
2015-04-23,33.140995025634766,44.45000076293945,44.56999969482422,43.90999984741211,43.91999816894531,10249500,VWO
2015-04-24,33.30500411987305,44.66999816894531,44.709999084472656,44.599998474121094,44.68000030517578,9414500,VWO
2015-04-27,33.446651458740234,44.86000061035156,45.0,44.79999923706055,44.849998474121094,12363400,VWO
2015-04-28,33.52867889404297,44.970001220703125,45.08000183105469,44.79999923706055,45.0,9074100,VWO
2015-04-29,33.170799255371094,44.4900016784668,44.66999816894531,44.33000183105469,44.54999923706055,13425300,VWO
2015-04-30,32.73090744018555,43.900001525878906,44.189998626708984,43.86000061035156,44.189998626708984,12762400,VWO
2015-05-01,32.92476272583008,44.15999984741211,44.27000045776367,43.90999984741211,44.060001373291016,16071600,VWO
2015-05-04,33.08878707885742,44.380001068115234,44.43000030517578,44.150001525878906,44.2400016784668,9339800,VWO
2015-05-05,32.745819091796875,43.91999816894531,44.209999084472656,43.88999938964844,44.15999984741211,8205000,VWO
2015-05-06,32.313392639160156,43.34000015258789,44.029998779296875,43.2599983215332,43.97999954223633,11969200,VWO
2015-05-07,32.26865005493164,43.279998779296875,43.29999923706055,42.97999954223633,43.119998931884766,10209000,VWO
2015-05-08,32.76072311401367,43.939998626708984,44.119998931884766,43.7400016784668,43.84000015258789,10508200,VWO
2015-05-11,32.44758987426758,43.52000045776367,44.02000045776367,43.5,43.95000076293945,6711000,VWO
2015-05-12,32.35811996459961,43.400001525878906,43.5099983215332,43.15999984741211,43.2400016784668,6223800,VWO
2015-05-13,32.440128326416016,43.5099983215332,43.900001525878906,43.459999084472656,43.81999969482422,8898200,VWO
2015-05-14,32.745819091796875,43.91999816894531,43.970001220703125,43.689998626708984,43.7599983215332,7597900,VWO
2015-05-15,33.081321716308594,44.369998931884766,44.380001068115234,43.88999938964844,43.959999084472656,11497700,VWO
2015-05-18,32.76072311401367,43.939998626708984,44.20000076293945,43.91999816894531,44.150001525878906,9050400,VWO
2015-05-19,32.835296630859375,44.040000915527344,44.08000183105469,43.93000030517578,44.060001373291016,8265600,VWO
2015-05-20,32.790557861328125,43.97999954223633,44.099998474121094,43.7599983215332,43.90999984741211,9714800,VWO
2015-05-21,32.69363021850586,43.849998474121094,43.880001068115234,43.650001525878906,43.689998626708984,9166900,VWO
2015-05-22,32.77564239501953,43.959999084472656,44.11000061035156,43.88999938964844,44.04999923706055,9856400,VWO
2015-05-26,32.291011810302734,43.310001373291016,43.77000045776367,43.16999816894531,43.77000045776367,8760500,VWO
2015-05-27,32.37303161621094,43.41999816894531,43.470001220703125,42.9900016784668,43.09000015258789,8811600,VWO
2015-05-28,31.918222427368164,42.810001373291016,42.849998474121094,42.560001373291016,42.7599983215332,9480300,VWO
2015-05-29,31.56781768798828,42.34000015258789,42.77000045776367,42.33000183105469,42.720001220703125,9557900,VWO
2015-06-01,31.545438766479492,42.310001373291016,42.540000915527344,42.15999984741211,42.5,12350000,VWO
2015-06-02,31.657268524169922,42.459999084472656,42.63999938964844,42.209999084472656,42.27000045776367,11940100,VWO
2015-06-03,31.500709533691406,42.25,42.38999938964844,42.119998931884766,42.279998779296875,19170100,VWO
2015-06-04,31.0384521484375,41.630001068115234,42.029998779296875,41.58000183105469,41.93000030517578,10652300,VWO
2015-06-05,30.889331817626953,41.43000030517578,41.61000061035156,41.189998626708984,41.36000061035156,8362200,VWO
2015-06-08,30.874418258666992,41.40999984741211,41.54999923706055,41.380001068115234,41.45000076293945,9510900,VWO
2015-06-09,30.650737762451172,41.11000061035156,41.2599983215332,41.06999969482422,41.20000076293945,9589800,VWO
2015-06-10,31.09809112548828,41.709999084472656,41.810001373291016,41.5099983215332,41.56999969482422,8038500,VWO
2015-06-11,30.97134017944336,41.540000915527344,41.630001068115234,41.38999938964844,41.630001068115234,7797900,VWO
2015-06-12,30.97879409790039,41.54999923706055,41.65999984741211,41.459999084472656,41.54999923706055,12815300,VWO
2015-06-15,30.6656551361084,41.130001068115234,41.15999984741211,40.970001220703125,41.099998474121094,9747600,VWO
2015-06-16,30.73276138305664,41.220001220703125,41.25,40.970001220703125,41.06999969482422,7337200,VWO
2015-06-17,30.92660903930664,41.47999954223633,41.65999984741211,40.97999954223633,41.189998626708984,14673000,VWO
2015-06-18,31.202476501464844,41.849998474121094,41.959999084472656,41.65999984741211,41.709999084472656,17347100,VWO
2015-06-19,30.919151306152344,41.470001220703125,41.72999954223633,41.470001220703125,41.630001068115234,16788300,VWO
2015-06-22,31.321775436401367,42.0099983215332,42.13999938964844,41.97999954223633,42.060001373291016,10445000,VWO
2015-06-23,31.605087280273438,42.38999938964844,42.43000030517578,42.189998626708984,42.2400016784668,7286300,VWO
2015-06-24,31.441059112548828,42.16999816894531,42.5,42.15999984741211,42.38999938964844,10280000,VWO
2015-06-25,31.329221725463867,42.02000045776367,42.29999923706055,41.9900016784668,42.29999923706055,9855100,VWO
2015-06-26,31.040264129638672,41.25,41.459999084472656,41.20000076293945,41.290000915527344,8493300,VWO
2015-06-29,30.355497360229492,40.34000015258789,40.7400016784668,40.31999969482422,40.61000061035156,18997300,VWO
2015-06-30,30.761823654174805,40.880001068115234,41.11000061035156,40.75,41.11000061035156,20400900,VWO
2015-07-01,30.761823654174805,40.880001068115234,41.13999938964844,40.7599983215332,41.06999969482422,16460800,VWO
2015-07-02,30.904821395874023,41.06999969482422,41.290000915527344,41.0,41.119998931884766,9116100,VWO
2015-07-06,30.046972274780273,39.93000030517578,40.25,39.75,40.0,14949800,VWO
2015-07-07,29.587961196899414,39.31999969482422,39.36000061035156,38.540000915527344,39.130001068115234,18876400,VWO
2015-07-08,28.496837615966797,37.869998931884766,38.349998474121094,37.83000183105469,38.18000030517578,21238300,VWO
2015-07-09,29.07625961303711,38.63999938964844,39.189998626708984,38.630001068115234,38.9900016784668,18488900,VWO
2015-07-10,29.89647102355957,39.72999954223633,39.83000183105469,39.400001525878906,39.630001068115234,16651400,VWO
2015-07-13,30.08460235595703,39.97999954223633,40.06999969482422,39.880001068115234,39.959999084472656,20934700,VWO
2015-07-14,30.15984535217285,40.08000183105469,40.119998931884766,39.790000915527344,39.900001525878906,10899400,VWO
2015-07-15,29.791118621826172,39.59000015258789,39.88999938964844,39.56999969482422,39.849998474121094,11107800,VWO
2015-07-16,30.144805908203125,40.060001373291016,40.119998931884766,39.90999984741211,40.0099983215332,7439900,VWO
2015-07-17,30.137277603149414,40.04999923706055,40.209999084472656,40.0099983215332,40.15999984741211,8366500,VWO
2015-07-20,29.949153900146484,39.79999923706055,39.88999938964844,39.540000915527344,39.790000915527344,9953900,VWO
2015-07-21,29.95667839050293,39.810001373291016,40.029998779296875,39.79999923706055,39.900001525878906,8696200,VWO
2015-07-22,29.55784797668457,39.279998779296875,39.52000045776367,39.22999954223633,39.459999084472656,9318100,VWO
2015-07-23,29.309526443481445,38.95000076293945,39.290000915527344,38.900001525878906,39.22999954223633,9391100,VWO
2015-07-24,28.888139724731445,38.38999938964844,38.66999816894531,38.20000076293945,38.66999816894531,9799800,VWO
2015-07-27,28.24099349975586,37.529998779296875,37.720001220703125,37.41999816894531,37.65999984741211,16577500,VWO
2015-07-28,28.51188850402832,37.88999938964844,37.88999938964844,37.529998779296875,37.7400016784668,17999500,VWO
2015-07-29,28.77526092529297,38.2400016784668,38.38999938964844,37.81999969482422,37.91999816894531,12955200,VWO
2015-07-30,28.594676971435547,38.0,38.029998779296875,37.75,37.970001220703125,10258100,VWO
2015-07-31,28.83546257019043,38.31999969482422,38.5,38.15999984741211,38.33000183105469,16153200,VWO
2015-08-03,28.361392974853516,37.689998626708984,37.959999084472656,37.540000915527344,37.90999984741211,13893800,VWO
2015-08-04,28.451698303222656,37.810001373291016,38.119998931884766,37.68000030517578,37.9900016784668,12430300,VWO
2015-08-05,28.481801986694336,37.849998474121094,38.25,37.790000915527344,38.13999938964844,11748600,VWO
2015-08-06,28.278623580932617,37.58000183105469,37.720001220703125,37.459999084472656,37.650001525878906,12595100,VWO
2015-08-07,28.248516082763672,37.540000915527344,37.720001220703125,37.470001220703125,37.56999969482422,15026300,VWO
2015-08-10,28.73011589050293,38.18000030517578,38.27000045776367,37.720001220703125,37.720001220703125,9670300,VWO
2015-08-11,28.113073348999023,37.36000061035156,37.459999084472656,37.040000915527344,37.41999816894531,13511000,VWO
2015-08-12,27.676626205444336,36.779998779296875,36.790000915527344,36.47999954223633,36.68000030517578,21512500,VWO
2015-08-13,27.623947143554688,36.709999084472656,36.91999816894531,36.63999938964844,36.810001373291016,10543300,VWO
2015-08-14,27.70672607421875,36.81999969482422,36.91999816894531,36.7599983215332,36.790000915527344,8488500,VWO
2015-08-17,27.413257598876953,36.43000030517578,36.470001220703125,36.209999084472656,36.34000015258789,11034300,VWO
2015-08-18,27.097211837768555,36.0099983215332,36.11000061035156,35.900001525878906,36.02000045776367,10526800,VWO
2015-08-19,26.72848892211914,35.52000045776367,35.900001525878906,35.22999954223633,35.77000045776367,51010200,VWO
2015-08-20,26.322141647338867,34.97999954223633,35.18000030517578,34.91999816894531,35.060001373291016,24409500,VWO
2015-08-21,25.479351043701172,33.86000061035156,34.59000015258789,33.86000061035156,34.54999923706055,28574600,VWO
2015-08-24,24.222694396972656,32.189998626708984,33.16999816894531,30.899999618530273,31.450000762939453,57267200,VWO
2015-08-25,24.553789138793945,32.630001068115234,34.22999954223633,32.619998931884766,34.150001525878906,46411700,VWO
2015-08-26,25.404094696044922,33.7599983215332,33.79999923706055,32.75,33.400001525878906,41855600,VWO
2015-08-27,26.427486419677734,35.119998931884766,35.13999938964844,34.099998474121094,34.63999938964844,33427600,VWO
2015-08-28,26.043725967407227,34.61000061035156,34.880001068115234,34.439998626708984,34.66999816894531,38196200,VWO
2015-08-31,25.991046905517578,34.540000915527344,34.650001525878906,34.0,34.290000915527344,36190300,VWO
2015-09-01,24.975187301635742,33.189998626708984,33.7599983215332,33.040000915527344,33.59000015258789,38527100,VWO
2015-09-02,25.35143280029297,33.689998626708984,33.70000076293945,33.25,33.63999938964844,28058000,VWO
2015-09-03,25.464305877685547,33.84000015258789,34.2599983215332,33.709999084472656,33.72999954223633,24315200,VWO
2015-09-04,24.66666030883789,32.779998779296875,33.2400016784668,32.619998931884766,33.09000015258789,32687900,VWO
2015-09-08,25.49439811706543,33.880001068115234,33.900001525878906,33.59000015258789,33.72999954223633,27382300,VWO
2015-09-09,25.35143280029297,33.689998626708984,34.540000915527344,33.65999984741211,34.52000045776367,23291100,VWO
2015-09-10,25.539552688598633,33.939998626708984,34.15999984741211,33.61000061035156,33.63999938964844,17698900,VWO
2015-09-11,25.637378692626953,34.06999969482422,34.08000183105469,33.77000045776367,33.869998931884766,19755800,VWO
2015-09-14,25.637378692626953,34.06999969482422,34.130001068115234,33.790000915527344,33.9900016784668,15522700,VWO
2015-09-15,25.90074348449707,34.41999816894531,34.47999954223633,34.0099983215332,34.029998779296875,11497900,VWO
2015-09-16,26.50274085998535,35.220001220703125,35.29999923706055,34.79999923706055,34.849998474121094,19198000,VWO
2015-09-17,26.50274085998535,35.220001220703125,36.0,34.81999969482422,34.900001525878906,35484800,VWO
2015-09-18,25.85559844970703,34.36000061035156,34.9900016784668,34.310001373291016,34.81999969482422,25827900,VWO
2015-09-21,25.915803909301758,34.439998626708984,34.59000015258789,34.310001373291016,34.52000045776367,18833600,VWO
2015-09-22,25.411632537841797,33.77000045776367,33.84000015258789,33.52000045776367,33.72999954223633,22127100,VWO
2015-09-23,25.027854919433594,33.2599983215332,33.66999816894531,33.2400016784668,33.61000061035156,16098700,VWO
2015-09-24,24.982711791992188,33.20000076293945,33.279998779296875,32.529998779296875,32.75,38040700,VWO
2015-09-25,24.93693733215332,32.689998626708984,33.18000030517578,32.599998474121094,33.099998474121094,24883000,VWO
2015-09-28,24.38007354736328,31.959999084472656,32.400001525878906,31.889999389648438,32.33000183105469,26861500,VWO
2015-09-29,24.578407287597656,32.220001220703125,32.369998931884766,31.969999313354492,32.08000183105469,17911600,VWO
2015-09-30,25.2420711517334,33.09000015258789,33.15999984741211,32.79999923706055,33.0099983215332,25326500,VWO
2015-10-01,25.325986862182617,33.20000076293945,33.38999938964844,32.93000030517578,33.34000015258789,22868900,VWO
2015-10-02,25.98964500427246,34.06999969482422,34.08000183105469,32.939998626708984,33.04999923706055,25144000,VWO
2015-10-05,26.508371353149414,34.75,34.79999923706055,34.40999984741211,34.470001220703125,20860400,VWO
2015-10-06,26.439712524414062,34.65999984741211,34.790000915527344,34.5,34.68000030517578,19085300,VWO
2015-10-07,27.09574317932129,35.52000045776367,35.81999969482422,35.27000045776367,35.400001525878906,25467000,VWO
2015-10-08,27.446657180786133,35.97999954223633,36.0099983215332,35.279998779296875,35.349998474121094,19821600,VWO
2015-10-09,27.47716522216797,36.02000045776367,36.33000183105469,35.90999984741211,36.130001068115234,14719900,VWO
2015-10-12,27.32459831237793,35.81999969482422,36.16999816894531,35.77000045776367,36.15999984741211,10790600,VWO
2015-10-13,26.83638572692871,35.18000030517578,35.66999816894531,35.15999984741211,35.38999938964844,16355100,VWO
2015-10-14,27.0423583984375,35.45000076293945,35.650001525878906,35.36000061035156,35.43000030517578,20882400,VWO
2015-10-15,27.660240173339844,36.2599983215332,36.310001373291016,35.79999923706055,36.02000045776367,13702000,VWO
2015-10-16,27.744150161743164,36.369998931884766,36.400001525878906,36.02000045776367,36.189998626708984,15284900,VWO
2015-10-19,27.4619140625,36.0,36.040000915527344,35.810001373291016,36.0099983215332,11931000,VWO
2015-10-20,27.400882720947266,35.91999816894531,36.029998779296875,35.810001373291016,35.90999984741211,13382600,VWO
2015-10-21,27.00421714782715,35.400001525878906,35.790000915527344,35.400001525878906,35.779998779296875,18034900,VWO
2015-10-22,27.591588973999023,36.16999816894531,36.25,35.83000183105469,35.83000183105469,13883500,VWO
2015-10-23,27.774673461914062,36.40999984741211,36.529998779296875,36.22999954223633,36.45000076293945,13522100,VWO
2015-10-26,27.4619140625,36.0,36.22999954223633,35.970001220703125,36.18000030517578,10645900,VWO
2015-10-27,27.210174560546875,35.66999816894531,35.72999954223633,35.4900016784668,35.68000030517578,25301900,VWO
2015-10-28,26.91267204284668,35.279998779296875,35.849998474121094,35.029998779296875,35.68000030517578,22700000,VWO
2015-10-29,26.61516571044922,34.88999938964844,35.04999923706055,34.81999969482422,34.88999938964844,13553100,VWO
2015-10-30,26.577024459838867,34.84000015258789,35.09000015258789,34.84000015258789,35.06999969482422,16265300,VWO
2015-11-02,27.080490112304688,35.5,35.52000045776367,35.11000061035156,35.130001068115234,14081100,VWO
2015-11-03,27.416141510009766,35.939998626708984,36.099998474121094,35.400001525878906,35.40999984741211,10746600,VWO
2015-11-04,27.26356315612793,35.7400016784668,36.29999923706055,35.65999984741211,36.2599983215332,14083600,VWO
2015-11-05,27.30171012878418,35.790000915527344,35.95000076293945,35.599998474121094,35.709999084472656,11034000,VWO
2015-11-06,26.996580123901367,35.38999938964844,35.41999816894531,34.88999938964844,35.04999923706055,15823800,VWO
2015-11-09,26.36343765258789,34.560001373291016,35.02000045776367,34.43000030517578,34.91999816894531,21176300,VWO
2015-11-10,26.29477882385254,34.470001220703125,34.529998779296875,34.27000045776367,34.41999816894531,19953100,VWO
2015-11-11,26.32529067993164,34.5099983215332,34.72999954223633,34.40999984741211,34.72999954223633,9942300,VWO
2015-11-12,26.05067253112793,34.150001525878906,34.560001373291016,34.11000061035156,34.380001068115234,11957500,VWO
2015-11-13,25.707393646240234,33.70000076293945,34.029998779296875,33.59000015258789,34.0099983215332,21667000,VWO
2015-11-16,26.26426124572754,34.43000030517578,34.439998626708984,33.810001373291016,33.849998474121094,13815000,VWO
2015-11-17,26.233753204345703,34.38999938964844,34.529998779296875,34.27000045776367,34.459999084472656,32174300,VWO
2015-11-18,26.439712524414062,34.65999984741211,34.70000076293945,34.2400016784668,34.310001373291016,17408200,VWO
2015-11-19,26.63805389404297,34.91999816894531,35.0,34.7599983215332,34.79999923706055,16116300,VWO
2015-11-20,26.866899490356445,35.220001220703125,35.439998626708984,35.13999938964844,35.20000076293945,13749200,VWO
2015-11-23,26.645679473876953,34.93000030517578,35.18000030517578,34.849998474121094,35.08000183105469,19688800,VWO
2015-11-24,26.714338302612305,35.02000045776367,35.08000183105469,34.59000015258789,34.70000076293945,18208200,VWO
2015-11-25,26.508371353149414,34.75,34.810001373291016,34.599998474121094,34.810001373291016,14325600,VWO
2015-11-27,25.92862319946289,33.9900016784668,34.33000183105469,33.939998626708984,34.27000045776367,11853100,VWO
2015-11-30,25.966768264770508,34.040000915527344,34.09000015258789,33.84000015258789,33.91999816894531,20716500,VWO
2015-12-01,26.11933135986328,34.2400016784668,34.29999923706055,34.099998474121094,34.189998626708984,25152600,VWO
2015-12-02,25.859966278076172,33.900001525878906,34.20000076293945,33.7599983215332,34.13999938964844,20783200,VWO
2015-12-03,25.783679962158203,33.79999923706055,34.130001068115234,33.63999938964844,34.06999969482422,18260800,VWO
2015-12-04,25.88285255432129,33.93000030517578,34.02000045776367,33.5,33.56999969482422,21296900,VWO
2015-12-07,25.516687393188477,33.45000076293945,33.75,33.349998474121094,33.75,17519800,VWO
2015-12-08,25.2115535736084,33.04999923706055,33.06999969482422,32.66999816894531,32.77000045776367,27372400,VWO
2015-12-09,25.028474807739258,32.810001373291016,33.310001373291016,32.709999084472656,33.310001373291016,22757400,VWO
2015-12-10,24.776744842529297,32.47999954223633,32.779998779296875,32.41999816894531,32.68000030517578,18375700,VWO
2015-12-11,24.07493782043457,31.559999465942383,31.860000610351562,31.510000228881836,31.81999969482422,35139000,VWO
2015-12-14,24.471616744995117,32.08000183105469,32.099998474121094,31.6299991607666,31.920000076293945,34610700,VWO
2015-12-15,24.830137252807617,32.54999923706055,32.70000076293945,32.45000076293945,32.45000076293945,25302800,VWO
2015-12-16,25.24969482421875,33.099998474121094,33.29999923706055,32.599998474121094,32.75,27582500,VWO
2015-12-17,25.028474807739258,32.810001373291016,33.34000015258789,32.810001373291016,33.290000915527344,25812300,VWO
2015-12-18,24.898799896240234,32.63999938964844,32.900001525878906,32.630001068115234,32.790000915527344,25895500,VWO
2015-12-21,25.074338912963867,32.709999084472656,32.810001373291016,32.4900016784668,32.720001220703125,27997300,VWO
2015-12-22,25.26597785949707,32.959999084472656,32.970001220703125,32.68000030517578,32.689998626708984,23691400,VWO
2015-12-23,25.641597747802734,33.45000076293945,33.470001220703125,33.20000076293945,33.2400016784668,26337300,VWO
2015-12-24,25.56494140625,33.349998474121094,33.439998626708984,33.279998779296875,33.310001373291016,8553500,VWO
2015-12-28,25.43463134765625,33.18000030517578,33.22999954223633,33.0099983215332,33.189998626708984,22117000,VWO
2015-12-29,25.419288635253906,33.15999984741211,33.310001373291016,33.130001068115234,33.25,15829400,VWO
2015-12-30,25.06667137145996,32.70000076293945,32.939998626708984,32.68000030517578,32.84000015258789,18923200,VWO
2015-12-31,25.074338912963867,32.709999084472656,32.900001525878906,32.65999984741211,32.709999084472656,18736900,VWO
2016-01-04,24.361434936523438,31.780000686645508,31.8799991607666,31.520000457763672,31.84000015258789,27116100,VWO
2016-01-05,24.41510009765625,31.850000381469727,31.969999313354492,31.770000457763672,31.899999618530273,17664200,VWO
2016-01-06,23.978151321411133,31.280000686645508,31.469999313354492,31.149999618530273,31.31999969482422,19744800,VWO
2016-01-07,23.203922271728516,30.270000457763672,30.8700008392334,30.25,30.479999542236328,29616400,VWO
2016-01-08,22.9969482421875,30.0,30.579999923706055,29.959999084472656,30.479999542236328,32237200,VWO
2016-01-11,22.897294998168945,29.8700008392334,30.219999313354492,29.610000610351562,30.15999984741211,22946800,VWO
2016-01-12,22.98162078857422,29.979999542236328,30.280000686645508,29.739999771118164,30.15999984741211,18211700,VWO
2016-01-13,22.720989227294922,29.639999389648438,30.350000381469727,29.549999237060547,30.229999542236328,25802600,VWO
2016-01-14,23.012283325195312,30.020000457763672,30.1200008392334,29.43000030517578,29.670000076293945,28402100,VWO
2016-01-15,22.046411514282227,28.760000228881836,29.010000228881836,28.440000534057617,28.850000381469727,30550400,VWO
2016-01-19,22.35303497314453,29.15999984741211,29.520000457763672,28.93000030517578,29.479999542236328,27171300,VWO
2016-01-20,21.885427474975586,28.549999237060547,28.790000915527344,27.979999542236328,28.510000228881836,37987300,VWO
2016-01-21,21.923763275146484,28.600000381469727,29.0,28.290000915527344,28.479999542236328,35402900,VWO
2016-01-22,22.667327880859375,29.56999969482422,29.59000015258789,29.280000686645508,29.440000534057617,27700100,VWO
2016-01-25,22.29170799255371,29.079999923706055,29.469999313354492,29.049999237060547,29.290000915527344,23231500,VWO
2016-01-26,22.613664627075195,29.5,29.540000915527344,29.190000534057617,29.219999313354492,19936800,VWO
2016-01-27,22.468017578125,29.309999465942383,29.790000915527344,29.18000030517578,29.440000534057617,27060500,VWO
2016-01-28,22.82830047607422,29.780000686645508,29.979999542236328,29.549999237060547,29.799999237060547,24075900,VWO
2016-01-29,23.633195877075195,30.829999923706055,30.8700008392334,30.34000015258789,30.389999389648438,26927300,VWO
2016-02-01,23.39556121826172,30.520000457763672,30.6200008392334,30.219999313354492,30.309999465942383,24750700,VWO
2016-02-02,22.69799041748047,29.610000610351562,30.06999969482422,29.530000686645508,30.010000228881836,29716500,VWO
2016-02-03,23.303571701049805,30.399999618530273,30.43000030517578,29.440000534057617,29.950000762939453,32564800,VWO
2016-02-04,23.46455955505371,30.610000610351562,30.979999542236328,30.399999618530273,30.6200008392334,29315800,VWO
2016-02-05,23.219257354736328,30.290000915527344,30.6200008392334,30.18000030517578,30.549999237060547,21578900,VWO
2016-02-08,22.897294998168945,29.8700008392334,30.030000686645508,29.540000915527344,29.90999984741211,21019500,VWO
2016-02-09,22.606002807617188,29.489999771118164,29.799999237060547,29.209999084472656,29.329999923706055,24152800,VWO
2016-02-10,22.67499542236328,29.579999923706055,30.110000610351562,29.579999923706055,29.790000915527344,24953100,VWO
2016-02-11,22.345365524291992,29.149999618530273,29.329999923706055,28.899999618530273,29.049999237060547,33509500,VWO
2016-02-12,22.713319778442383,29.6299991607666,29.65999984741211,29.229999542236328,29.399999618530273,14751400,VWO
2016-02-16,23.249916076660156,30.329999923706055,30.389999389648438,30.1200008392334,30.209999084472656,15600800,VWO
2016-02-17,23.732851028442383,30.959999084472656,31.040000915527344,30.59000015258789,30.59000015258789,14718700,VWO
2016-02-18,23.61786460876465,30.809999465942383,31.1299991607666,30.780000686645508,31.059999465942383,19042100,VWO
2016-02-19,23.51821517944336,30.68000030517578,30.84000015258789,30.510000228881836,30.649999618530273,12877300,VWO
2016-02-22,24.100807189941406,31.440000534057617,31.459999084472656,31.149999618530273,31.200000762939453,11432300,VWO
2016-02-23,23.579538345336914,30.760000228881836,31.139999389648438,30.760000228881836,31.1200008392334,15057200,VWO
2016-02-24,23.579538345336914,30.760000228881836,30.850000381469727,30.1299991607666,30.299999237060547,26766800,VWO
2016-02-25,23.61786460876465,30.809999465942383,30.860000610351562,30.459999084472656,30.6200008392334,13856000,VWO
2016-02-26,23.410892486572266,30.540000915527344,31.030000686645508,30.479999542236328,31.0,23966300,VWO
2016-02-29,23.556537628173828,30.729999542236328,31.049999237060547,30.709999084472656,30.770000457763672,15013400,VWO
2016-03-01,24.41510009765625,31.850000381469727,31.90999984741211,31.329999923706055,31.360000610351562,18666900,VWO
2016-03-02,24.79071617126465,32.34000015258789,32.369998931884766,31.8799991607666,31.93000030517578,20574900,VWO
2016-03-03,25.059003829956055,32.689998626708984,32.7400016784668,32.29999923706055,32.36000061035156,21570700,VWO
2016-03-04,25.610931396484375,33.40999984741211,33.56999969482422,32.970001220703125,33.04999923706055,27889000,VWO
2016-03-07,25.557279586791992,33.34000015258789,33.52000045776367,33.029998779296875,33.150001525878906,20468000,VWO
2016-03-08,25.112668991088867,32.7599983215332,33.02000045776367,32.66999816894531,33.0099983215332,14888800,VWO
2016-03-09,25.273649215698242,32.970001220703125,33.20000076293945,32.90999984741211,32.970001220703125,22002800,VWO
2016-03-10,25.212324142456055,32.88999938964844,33.13999938964844,32.439998626708984,33.099998474121094,18410400,VWO
2016-03-11,25.764245986938477,33.61000061035156,33.65999984741211,33.36000061035156,33.369998931884766,13730600,VWO
2016-03-14,25.618608474731445,33.41999816894531,33.630001068115234,33.29999923706055,33.5,11353200,VWO
2016-03-15,25.18628692626953,32.79999923706055,32.84000015258789,32.650001525878906,32.83000183105469,11979500,VWO
2016-03-16,25.71612548828125,33.4900016784668,33.58000183105469,32.540000915527344,32.56999969482422,13208200,VWO
2016-03-17,26.238277435302734,34.16999816894531,34.279998779296875,33.7400016784668,33.90999984741211,15864200,VWO
2016-03-18,26.41489028930664,34.400001525878906,34.56999969482422,34.36000061035156,34.43000030517578,16644200,VWO
2016-03-21,26.52239418029785,34.540000915527344,34.619998931884766,34.380001068115234,34.439998626708984,10944400,VWO
2016-03-22,26.407209396362305,34.38999938964844,34.58000183105469,34.20000076293945,34.25,16639700,VWO
2016-03-23,26.000232696533203,33.86000061035156,34.16999816894531,33.79999923706055,34.16999816894531,11668200,VWO
2016-03-24,25.961843490600586,33.810001373291016,33.810001373291016,33.380001068115234,33.4900016784668,16494700,VWO
2016-03-28,26.03095245361328,33.900001525878906,33.91999816894531,33.7400016784668,33.86000061035156,11695400,VWO
2016-03-29,26.284351348876953,34.22999954223633,34.279998779296875,33.54999923706055,33.68000030517578,16646000,VWO
2016-03-30,26.583818435668945,34.619998931884766,34.93000030517578,34.619998931884766,34.75,12617700,VWO
2016-03-31,26.5531063079834,34.58000183105469,34.900001525878906,34.54999923706055,34.79999923706055,15589400,VWO
2016-04-01,26.629884719848633,34.68000030517578,34.709999084472656,33.880001068115234,34.0099983215332,19357800,VWO
2016-04-04,26.268991470336914,34.209999084472656,34.68000030517578,34.20000076293945,34.68000030517578,8805500,VWO
2016-04-05,25.777551651000977,33.56999969482422,33.869998931884766,33.529998779296875,33.790000915527344,16533000,VWO
2016-04-06,26.10773468017578,34.0,34.0,33.38999938964844,33.529998779296875,11604700,VWO
2016-04-07,25.56254768371582,33.290000915527344,33.59000015258789,33.20000076293945,33.540000915527344,11248400,VWO
2016-04-08,26.00790786743164,33.869998931884766,34.06999969482422,33.779998779296875,33.970001220703125,14067100,VWO
2016-04-11,26.353456497192383,34.31999969482422,34.59000015258789,34.29999923706055,34.369998931884766,14099300,VWO
2016-04-12,26.760433197021484,34.849998474121094,34.9900016784668,34.310001373291016,34.4900016784668,15883900,VWO
2016-04-13,27.25954818725586,35.5,35.5099983215332,35.279998779296875,35.369998931884766,20159200,VWO
2016-04-14,27.121335983276367,35.31999969482422,35.43000030517578,35.2599983215332,35.41999816894531,12682300,VWO
2016-04-15,26.960079193115234,35.11000061035156,35.310001373291016,35.08000183105469,35.220001220703125,14448200,VWO
2016-04-18,27.052223205566406,35.22999954223633,35.43000030517578,34.88999938964844,34.95000076293945,14337200,VWO
2016-04-19,27.466876983642578,35.77000045776367,35.83000183105469,35.4900016784668,35.52000045776367,14039400,VWO
2016-04-20,27.290267944335938,35.540000915527344,35.7400016784668,35.29999923706055,35.43000030517578,11243500,VWO
2016-04-21,26.99079704284668,35.150001525878906,35.45000076293945,35.06999969482422,35.45000076293945,14503400,VWO
2016-04-22,26.890968322753906,35.02000045776367,35.310001373291016,34.95000076293945,35.11000061035156,13128300,VWO
2016-04-25,26.67596435546875,34.7400016784668,34.970001220703125,34.70000076293945,34.93000030517578,14106300,VWO
2016-04-26,26.99079704284668,35.150001525878906,35.150001525878906,34.90999984741211,35.029998779296875,8723400,VWO
2016-04-27,27.152048110961914,35.36000061035156,35.45000076293945,34.93000030517578,35.04999923706055,17920200,VWO
2016-04-28,26.875621795654297,35.0,35.34000015258789,34.959999084472656,35.04999923706055,12803200,VWO
2016-04-29,26.821857452392578,34.93000030517578,35.099998474121094,34.650001525878906,35.0,15634500,VWO
2016-05-02,26.752758026123047,34.84000015258789,34.91999816894531,34.65999984741211,34.91999816894531,14558400,VWO
2016-05-03,26.00790786743164,33.869998931884766,34.29999923706055,33.849998474121094,34.22999954223633,15472600,VWO
2016-05-04,25.63933563232422,33.38999938964844,33.75,33.349998474121094,33.7400016784668,18129500,VWO
2016-05-05,25.63933563232422,33.38999938964844,33.7599983215332,33.29999923706055,33.68000030517578,10408300,VWO
2016-05-06,25.70076560974121,33.470001220703125,33.56999969482422,33.2400016784668,33.2400016784668,17872600,VWO
2016-05-09,25.309141159057617,32.959999084472656,33.36000061035156,32.849998474121094,33.36000061035156,13903000,VWO
2016-05-10,25.815950393676758,33.619998931884766,33.619998931884766,33.25,33.290000915527344,15833000,VWO
2016-05-11,25.739158630371094,33.52000045776367,33.75,33.45000076293945,33.599998474121094,7523200,VWO
2016-05-12,25.693084716796875,33.459999084472656,33.77000045776367,33.31999969482422,33.720001220703125,13447900,VWO
2016-05-13,25.232357025146484,32.86000061035156,33.34000015258789,32.77000045776367,33.2400016784668,32199700,VWO
2016-05-16,25.52415657043457,33.2400016784668,33.369998931884766,33.13999938964844,33.150001525878906,11871300,VWO
2016-05-17,25.416648864746094,33.099998474121094,33.310001373291016,32.97999954223633,33.220001220703125,11682000,VWO
2016-05-18,25.21700668334961,32.84000015258789,33.279998779296875,32.650001525878906,32.91999816894531,20860300,VWO
2016-05-19,24.909854888916016,32.439998626708984,32.54999923706055,32.25,32.470001220703125,14302500,VWO
2016-05-20,25.18628692626953,32.79999923706055,32.91999816894531,32.70000076293945,32.72999954223633,20352900,VWO
2016-05-23,25.13254165649414,32.72999954223633,32.93000030517578,32.689998626708984,32.709999084472656,16081800,VWO
2016-05-24,25.432008743286133,33.119998931884766,33.220001220703125,32.939998626708984,32.97999954223633,18077800,VWO
2016-05-25,25.72380256652832,33.5,33.63999938964844,33.380001068115234,33.41999816894531,10387000,VWO
2016-05-26,25.89274024963379,33.720001220703125,33.83000183105469,33.560001373291016,33.75,9200700,VWO
2016-05-27,25.885051727294922,33.709999084472656,33.900001525878906,33.599998474121094,33.83000183105469,13249900,VWO
2016-05-31,25.954164505004883,33.79999923706055,33.91999816894531,33.66999816894531,33.75,23613800,VWO
2016-06-01,25.931121826171875,33.77000045776367,33.849998474121094,33.54999923706055,33.689998626708984,16739100,VWO
2016-06-02,26.138463973999023,34.040000915527344,34.06999969482422,33.689998626708984,33.779998779296875,12816100,VWO
2016-06-03,26.54542350769043,34.56999969482422,34.619998931884766,34.209999084472656,34.43000030517578,31196000,VWO
2016-06-06,26.76811408996582,34.86000061035156,34.91999816894531,34.65999984741211,34.66999816894531,14301300,VWO
2016-06-07,27.029191970825195,35.20000076293945,35.25,35.029998779296875,35.060001373291016,12981800,VWO
2016-06-08,27.251876831054688,35.4900016784668,35.52000045776367,35.349998474121094,35.40999984741211,13666600,VWO
2016-06-09,26.944719314575195,35.09000015258789,35.130001068115234,34.95000076293945,35.08000183105469,12983200,VWO
2016-06-10,26.261320114135742,34.20000076293945,34.5,34.11000061035156,34.45000076293945,13902700,VWO
2016-06-13,25.931121826171875,33.77000045776367,34.060001373291016,33.72999954223633,33.86000061035156,17217100,VWO
2016-06-14,25.85614585876465,33.45000076293945,33.61000061035156,33.16999816894531,33.47999954223633,21714100,VWO
2016-06-15,26.09576988220215,33.7599983215332,34.09000015258789,33.689998626708984,33.72999954223633,14844500,VWO
2016-06-16,26.03392791748047,33.68000030517578,33.720001220703125,33.0099983215332,33.279998779296875,18044900,VWO
2016-06-17,26.14988899230957,33.83000183105469,33.88999938964844,33.58000183105469,33.720001220703125,25507600,VWO
2016-06-20,26.528636932373047,34.31999969482422,34.560001373291016,34.290000915527344,34.38999938964844,26054100,VWO
2016-06-21,26.7296142578125,34.58000183105469,34.68000030517578,34.290000915527344,34.5,17067200,VWO
2016-06-22,26.768266677856445,34.630001068115234,34.88999938964844,34.56999969482422,34.7599983215332,30414000,VWO
2016-06-23,27.43303108215332,35.4900016784668,35.52000045776367,34.97999954223633,35.06999969482422,15544600,VWO
2016-06-24,25.87933349609375,33.47999954223633,34.2599983215332,33.36000061035156,33.56999969482422,33890700,VWO
2016-06-27,25.608802795410156,33.130001068115234,33.40999984741211,32.779998779296875,33.380001068115234,35826600,VWO
2016-06-28,26.343116760253906,34.08000183105469,34.08000183105469,33.7400016784668,33.88999938964844,17853600,VWO
2016-06-29,26.961509704589844,34.880001068115234,34.900001525878906,34.630001068115234,34.68000030517578,16422300,VWO
2016-06-30,27.2320499420166,35.22999954223633,35.290000915527344,34.83000183105469,35.0,24261600,VWO
2016-07-01,27.43303108215332,35.4900016784668,35.560001373291016,35.349998474121094,35.369998931884766,18071300,VWO
2016-07-05,26.891937255859375,34.790000915527344,35.04999923706055,34.709999084472656,34.95000076293945,21404200,VWO
2016-07-06,26.891937255859375,34.790000915527344,34.79999923706055,34.25,34.369998931884766,19563600,VWO
2016-07-07,26.7759952545166,34.63999938964844,35.0099983215332,34.540000915527344,34.90999984741211,11178100,VWO
2016-07-08,27.371183395385742,35.40999984741211,35.43000030517578,35.02000045776367,35.02000045776367,9527200,VWO
2016-07-11,27.595346450805664,35.70000076293945,35.81999969482422,35.61000061035156,35.61000061035156,15134400,VWO
2016-07-12,28.02048683166504,36.25,36.349998474121094,36.09000015258789,36.189998626708984,18160500,VWO
2016-07-13,27.9741153717041,36.189998626708984,36.27000045776367,35.959999084472656,36.25,15234600,VWO
2016-07-14,28.36060905456543,36.689998626708984,36.7599983215332,36.459999084472656,36.5,14575100,VWO
2016-07-15,28.260120391845703,36.560001373291016,36.650001525878906,36.45000076293945,36.619998931884766,16445900,VWO
2016-07-18,28.507463455200195,36.880001068115234,36.900001525878906,36.43000030517578,36.47999954223633,10288200,VWO
2016-07-19,28.260120391845703,36.560001373291016,36.66999816894531,36.43000030517578,36.61000061035156,10503800,VWO
2016-07-20,28.40697479248047,36.75,36.81999969482422,36.540000915527344,36.630001068115234,7415600,VWO
2016-07-21,28.32968521118164,36.650001525878906,36.81999969482422,36.540000915527344,36.70000076293945,10652300,VWO
2016-07-22,28.515195846557617,36.88999938964844,36.91999816894531,36.65999984741211,36.7599983215332,13089900,VWO
2016-07-25,28.283300399780273,36.59000015258789,36.79999923706055,36.529998779296875,36.79999923706055,7189200,VWO
2016-07-26,28.453359603881836,36.810001373291016,36.86000061035156,36.650001525878906,36.72999954223633,12670200,VWO
2016-07-27,28.49201011657715,36.86000061035156,36.97999954223633,36.52000045776367,36.849998474121094,13836300,VWO
2016-07-28,28.476545333862305,36.84000015258789,36.86000061035156,36.63999938964844,36.84000015258789,8528500,VWO
2016-07-29,28.631145477294922,37.040000915527344,37.099998474121094,36.70000076293945,36.81999969482422,17030800,VWO
2016-08-01,28.522932052612305,36.900001525878906,37.130001068115234,36.84000015258789,37.08000183105469,11055000,VWO
2016-08-02,28.368335723876953,36.70000076293945,36.93000030517578,36.41999816894531,36.91999816894531,12871300,VWO
2016-08-03,28.522932052612305,36.900001525878906,36.939998626708984,36.40999984741211,36.5099983215332,14441500,VWO
2016-08-04,28.66206169128418,37.08000183105469,37.2400016784668,36.90999984741211,37.0099983215332,17134100,VWO
2016-08-05,28.978979110717773,37.4900016784668,37.5099983215332,37.2400016784668,37.31999969482422,12316500,VWO
2016-08-08,29.16449737548828,37.72999954223633,37.79999923706055,37.66999816894531,37.709999084472656,8541800,VWO
2016-08-09,29.357744216918945,37.97999954223633,38.09000015258789,37.849998474121094,37.869998931884766,12643400,VWO
2016-08-10,29.28817367553711,37.88999938964844,38.130001068115234,37.810001373291016,38.119998931884766,12931300,VWO
2016-08-11,29.628286361694336,38.33000183105469,38.36000061035156,37.9900016784668,38.0099983215332,15284900,VWO
2016-08-12,29.512344360351562,38.18000030517578,38.34000015258789,38.04999923706055,38.25,10770300,VWO
2016-08-15,29.836992263793945,38.599998474121094,38.66999816894531,38.40999984741211,38.40999984741211,9350500,VWO
2016-08-16,29.682397842407227,38.400001525878906,38.529998779296875,38.29999923706055,38.529998779296875,26223200,VWO
2016-08-17,29.57417106628418,38.2599983215332,38.310001373291016,37.86000061035156,38.150001525878906,22088600,VWO
2016-08-18,29.813806533813477,38.56999969482422,38.58000183105469,38.369998931884766,38.43000030517578,8914100,VWO
2016-08-19,29.636009216308594,38.34000015258789,38.36000061035156,37.97999954223633,38.130001068115234,11658200,VWO
2016-08-22,29.264986038208008,37.86000061035156,38.0,37.75,37.9900016784668,12970200,VWO
2016-08-23,29.118118286132812,37.66999816894531,38.2400016784668,37.650001525878906,38.15999984741211,14133800,VWO
2016-08-24,29.203140258789062,37.779998779296875,37.84000015258789,37.529998779296875,37.63999938964844,19143000,VWO
2016-08-25,29.195419311523438,37.77000045776367,37.810001373291016,37.619998931884766,37.66999816894531,17293700,VWO
2016-08-26,28.96352767944336,37.470001220703125,38.25,37.189998626708984,37.849998474121094,24056100,VWO
2016-08-29,29.17995262145996,37.75,37.81999969482422,37.45000076293945,37.470001220703125,9128800,VWO
2016-08-30,29.133573532104492,37.689998626708984,37.91999816894531,37.59000015258789,37.77000045776367,12146200,VWO
2016-08-31,28.855302810668945,37.33000183105469,37.540000915527344,37.15999984741211,37.529998779296875,20049800,VWO
2016-09-01,29.009902954101562,37.529998779296875,37.529998779296875,37.209999084472656,37.34000015258789,18507300,VWO
2016-09-02,29.45049476623535,38.099998474121094,38.130001068115234,37.849998474121094,38.02000045776367,18244600,VWO
2016-09-06,29.96066665649414,38.7599983215332,38.84000015258789,38.459999084472656,38.619998931884766,20559900,VWO
2016-09-07,29.922012329101562,38.709999084472656,38.84000015258789,38.599998474121094,38.79999923706055,15457800,VWO
2016-09-08,29.860183715820312,38.630001068115234,38.869998931884766,38.54999923706055,38.790000915527344,23677200,VWO
2016-09-09,28.917150497436523,37.40999984741211,38.119998931884766,37.40999984741211,38.08000183105469,17067000,VWO
2016-09-12,29.15676498413086,37.720001220703125,37.83000183105469,36.88999938964844,37.0099983215332,18950400,VWO
2016-09-13,28.429216384887695,36.34000015258789,36.83000183105469,36.130001068115234,36.75,26155200,VWO
2016-09-14,28.530914306640625,36.470001220703125,36.810001373291016,36.43000030517578,36.5,19857100,VWO
2016-09-15,28.984661102294922,37.04999923706055,37.16999816894531,36.56999969482422,36.70000076293945,15309100,VWO
2016-09-16,28.789085388183594,36.79999923706055,36.880001068115234,36.5,36.790000915527344,18397800,VWO
2016-09-19,29.031606674194336,37.11000061035156,37.400001525878906,37.060001373291016,37.2599983215332,12623900,VWO
2016-09-20,29.03942108154297,37.119998931884766,37.380001068115234,37.119998931884766,37.36000061035156,18862700,VWO
2016-09-21,29.743499755859375,38.02000045776367,38.06999969482422,37.31999969482422,37.47999954223633,25792800,VWO
2016-09-22,29.876493453979492,38.189998626708984,38.40999984741211,38.08000183105469,38.290000915527344,15670400,VWO
2016-09-23,29.485342025756836,37.689998626708984,38.0,37.68000030517578,37.90999984741211,11140500,VWO
2016-09-26,29.125476837158203,37.22999954223633,37.470001220703125,37.20000076293945,37.38999938964844,9973500,VWO
2016-09-27,29.430574417114258,37.619998931884766,37.63999938964844,37.2400016784668,37.43000030517578,11045800,VWO
2016-09-28,29.72003936767578,37.9900016784668,38.02000045776367,37.40999984741211,37.709999084472656,10150800,VWO
2016-09-29,29.227184295654297,37.36000061035156,37.88999938964844,37.25,37.810001373291016,12570900,VWO
2016-09-30,29.43839454650879,37.630001068115234,37.72999954223633,37.400001525878906,37.54999923706055,19286700,VWO
2016-10-03,29.633983612060547,37.880001068115234,37.93000030517578,37.560001373291016,37.70000076293945,23704700,VWO
2016-10-04,29.336698532104492,37.5,38.02000045776367,37.40999984741211,37.91999816894531,17833400,VWO
2016-10-05,29.782611846923828,38.06999969482422,38.119998931884766,37.790000915527344,37.88999938964844,11921900,VWO
2016-10-06,29.782611846923828,38.06999969482422,38.099998474121094,37.77000045776367,37.86000061035156,13547500,VWO
2016-10-07,29.680917739868164,37.939998626708984,38.150001525878906,37.630001068115234,38.08000183105469,17118600,VWO
2016-10-10,29.884319305419922,38.20000076293945,38.33000183105469,38.06999969482422,38.09000015258789,8509400,VWO
2016-10-11,29.328872680664062,37.4900016784668,37.720001220703125,37.31999969482422,37.68000030517578,19170700,VWO
2016-10-12,29.297582626342773,37.45000076293945,37.59000015258789,37.2599983215332,37.38999938964844,12309300,VWO
2016-10-13,29.117658615112305,37.220001220703125,37.349998474121094,36.75,37.0,12723300,VWO
2016-10-14,29.195880889892578,37.31999969482422,37.63999938964844,37.2599983215332,37.560001373291016,13522800,VWO
2016-10-17,29.14112091064453,37.25,37.380001068115234,37.189998626708984,37.2599983215332,13280100,VWO
2016-10-18,29.657447814941406,37.90999984741211,37.95000076293945,37.709999084472656,37.869998931884766,11709200,VWO
2016-10-19,29.81391716003418,38.11000061035156,38.189998626708984,37.90999984741211,38.04999923706055,10188100,VWO
2016-10-20,29.774797439575195,38.060001373291016,38.16999816894531,37.900001525878906,38.0,12620300,VWO
2016-10-21,29.782611846923828,38.06999969482422,38.099998474121094,37.81999969482422,37.869998931884766,6764100,VWO
2016-10-24,29.931251525878906,38.2599983215332,38.380001068115234,38.13999938964844,38.310001373291016,8127200,VWO
2016-10-25,29.907791137695312,38.22999954223633,38.33000183105469,38.13999938964844,38.209999084472656,7842500,VWO
2016-10-26,29.68873405456543,37.95000076293945,38.11000061035156,37.810001373291016,37.91999816894531,8109200,VWO
2016-10-27,29.461870193481445,37.65999984741211,37.97999954223633,37.630001068115234,37.97999954223633,18351800,VWO
2016-10-28,29.297582626342773,37.45000076293945,37.810001373291016,37.29999923706055,37.689998626708984,14379500,VWO
2016-10-31,29.532270431518555,37.75,37.83000183105469,37.56999969482422,37.65999984741211,11070400,VWO
2016-11-01,29.313228607177734,37.470001220703125,37.88999938964844,37.150001525878906,37.88999938964844,20149500,VWO
2016-11-02,28.97684097290039,37.040000915527344,37.400001525878906,36.869998931884766,37.36000061035156,29829800,VWO
2016-11-03,28.90642738342285,36.95000076293945,37.16999816894531,36.81999969482422,37.06999969482422,24351200,VWO
2016-11-04,28.601333618164062,36.560001373291016,36.790000915527344,36.47999954223633,36.70000076293945,11795700,VWO
2016-11-07,29.571388244628906,37.79999923706055,37.84000015258789,37.38999938964844,37.5,21821000,VWO
2016-11-08,29.712207794189453,37.97999954223633,38.189998626708984,37.54999923706055,37.63999938964844,37954500,VWO
2016-11-09,28.929895401000977,36.97999954223633,37.38999938964844,36.709999084472656,36.900001525878906,24618000,VWO
2016-11-10,28.092819213867188,35.90999984741211,36.72999954223633,35.7400016784668,36.709999084472656,35285600,VWO
2016-11-11,27.576501846313477,35.25,35.5099983215332,34.779998779296875,35.290000915527344,25373300,VWO
2016-11-14,27.443504333496094,35.08000183105469,35.290000915527344,34.810001373291016,35.06999969482422,22905700,VWO
2016-11-15,27.959819793701172,35.7400016784668,35.779998779296875,35.290000915527344,35.369998931884766,21154200,VWO
2016-11-16,27.732961654663086,35.45000076293945,35.529998779296875,35.2599983215332,35.279998779296875,27749800,VWO
2016-11-17,27.74077606201172,35.459999084472656,35.779998779296875,35.41999816894531,35.529998779296875,20662200,VWO
2016-11-18,27.678205490112305,35.380001068115234,35.619998931884766,35.31999969482422,35.54999923706055,9265300,VWO
2016-11-21,27.95200538635254,35.72999954223633,35.790000915527344,35.61000061035156,35.650001525878906,12332900,VWO
2016-11-22,28.257112503051758,36.119998931884766,36.220001220703125,35.939998626708984,36.189998626708984,17857000,VWO
2016-11-23,27.983295440673828,35.77000045776367,35.81999969482422,35.59000015258789,35.650001525878906,13911000,VWO
2016-11-25,28.131935119628906,35.959999084472656,36.029998779296875,35.91999816894531,35.959999084472656,3781700,VWO
2016-11-28,28.27275848388672,36.13999938964844,36.25,36.060001373291016,36.08000183105469,12095100,VWO
2016-11-29,28.288406372070312,36.15999984741211,36.2400016784668,35.97999954223633,36.09000015258789,8356600,VWO
2016-11-30,28.335342407226562,36.220001220703125,36.34000015258789,36.189998626708984,36.31999969482422,22257900,VWO
2016-12-01,28.014585494995117,35.810001373291016,36.150001525878906,35.7599983215332,36.119998931884766,18792600,VWO
2016-12-02,27.983295440673828,35.77000045776367,35.9900016784668,35.7599983215332,35.790000915527344,19213700,VWO
2016-12-05,28.171052932739258,36.0099983215332,36.060001373291016,35.869998931884766,35.880001068115234,11260500,VWO
2016-12-06,28.288406372070312,36.15999984741211,36.22999954223633,36.04999923706055,36.13999938964844,19646200,VWO
2016-12-07,28.71085548400879,36.70000076293945,36.77000045776367,36.349998474121094,36.400001525878906,15254700,VWO
2016-12-08,28.84384536743164,36.869998931884766,36.880001068115234,36.599998474121094,36.65999984741211,10455300,VWO
2016-12-09,28.71085548400879,36.70000076293945,36.75,36.560001373291016,36.63999938964844,9646100,VWO
2016-12-12,28.476167678833008,36.400001525878906,36.54999923706055,36.279998779296875,36.38999938964844,8385500,VWO
2016-12-13,28.765609741210938,36.77000045776367,36.849998474121094,36.599998474121094,36.650001525878906,8788500,VWO
2016-12-14,27.936363220214844,35.709999084472656,36.529998779296875,35.68000030517578,36.459999084472656,18577100,VWO
2016-12-15,28.061532974243164,35.869998931884766,35.970001220703125,35.66999816894531,35.709999084472656,24969800,VWO
2016-12-16,27.88942527770996,35.650001525878906,35.900001525878906,35.58000183105469,35.84000015258789,21234600,VWO
2016-12-19,27.70166778564453,35.40999984741211,35.68000030517578,35.400001525878906,35.650001525878906,13079200,VWO
2016-12-20,27.74883460998535,35.29999923706055,35.38999938964844,35.27000045776367,35.36000061035156,13983500,VWO
2016-12-21,27.662357330322266,35.189998626708984,35.439998626708984,35.189998626708984,35.400001525878906,12815300,VWO
2016-12-22,27.4029598236084,34.86000061035156,34.90999984741211,34.709999084472656,34.90999984741211,16299900,VWO
2016-12-23,27.536584854125977,35.029998779296875,35.029998779296875,34.880001068115234,34.880001068115234,9171400,VWO
2016-12-27,27.67021942138672,35.20000076293945,35.220001220703125,35.119998931884766,35.119998931884766,12169100,VWO
2016-12-28,27.84316062927246,35.41999816894531,35.470001220703125,35.33000183105469,35.38999938964844,13701900,VWO
2016-12-29,28.2755069732666,35.970001220703125,36.040000915527344,35.75,35.75,11408400,VWO
2016-12-30,28.12615394592285,35.779998779296875,36.0,35.70000076293945,35.9900016784668,11523000,VWO
2017-01-03,28.432727813720703,36.16999816894531,36.38999938964844,36.029998779296875,36.18000030517578,18705200,VWO
2017-01-04,28.692129135131836,36.5,36.58000183105469,36.36000061035156,36.38999938964844,19171200,VWO
2017-01-05,28.99085235595703,36.880001068115234,36.93000030517578,36.7400016784668,36.75,11923400,VWO
2017-01-06,28.872941970825195,36.72999954223633,36.790000915527344,36.59000015258789,36.7599983215332,13515300,VWO
2017-01-09,28.82576560974121,36.66999816894531,36.77000045776367,36.650001525878906,36.689998626708984,14763200,VWO
2017-01-10,28.982988357543945,36.869998931884766,37.040000915527344,36.81999969482422,36.869998931884766,12678400,VWO
2017-01-11,29.23453140258789,37.189998626708984,37.209999084472656,36.720001220703125,36.880001068115234,13874600,VWO
2017-01-12,29.30527687072754,37.279998779296875,37.310001373291016,37.119998931884766,37.2599983215332,11681900,VWO
2017-01-13,29.27384376525879,37.2400016784668,37.290000915527344,37.150001525878906,37.189998626708984,11592600,VWO
2017-01-17,29.242393493652344,37.20000076293945,37.2599983215332,37.11000061035156,37.20000076293945,8271700,VWO
2017-01-18,29.132347106933594,37.060001373291016,37.27000045776367,37.0,37.2400016784668,14802100,VWO
2017-01-19,29.05373764038086,36.959999084472656,37.04999923706055,36.79999923706055,36.9900016784668,13001200,VWO
2017-01-20,29.100900650024414,37.02000045776367,37.060001373291016,36.849998474121094,37.0,10665100,VWO
2017-01-23,29.501802444458008,37.529998779296875,37.58000183105469,37.279998779296875,37.29999923706055,11086500,VWO
2017-01-24,29.714035034179688,37.79999923706055,37.93000030517578,37.689998626708984,37.709999084472656,8260100,VWO
2017-01-25,29.973459243774414,38.130001068115234,38.150001525878906,37.93000030517578,37.9900016784668,13756300,VWO
2017-01-26,29.847684860229492,37.970001220703125,38.119998931884766,37.95000076293945,38.099998474121094,10131500,VWO
2017-01-27,29.87912368774414,38.0099983215332,38.09000015258789,37.90999984741211,38.040000915527344,9442900,VWO
2017-01-30,29.729768753051758,37.81999969482422,37.86000061035156,37.709999084472656,37.81999969482422,12465800,VWO
2017-01-31,29.745492935180664,37.84000015258789,37.93000030517578,37.709999084472656,37.81999969482422,15384000,VWO
2017-02-01,29.808378219604492,37.91999816894531,38.099998474121094,37.84000015258789,38.09000015258789,11604600,VWO
2017-02-02,29.91056251525879,38.04999923706055,38.099998474121094,37.97999954223633,38.029998779296875,10856100,VWO
2017-02-03,30.099225997924805,38.290000915527344,38.36000061035156,38.13999938964844,38.2400016784668,8619300,VWO
2017-02-06,30.02848243713379,38.20000076293945,38.31999969482422,38.15999984741211,38.31999969482422,10007500,VWO
2017-02-07,29.918428421020508,38.060001373291016,38.220001220703125,38.02000045776367,38.189998626708984,10258000,VWO
2017-02-08,30.154247283935547,38.36000061035156,38.400001525878906,38.060001373291016,38.060001373291016,7498800,VWO
2017-02-09,30.31147575378418,38.560001373291016,38.619998931884766,38.36000061035156,38.36000061035156,10809300,VWO
2017-02-10,30.58660125732422,38.90999984741211,38.91999816894531,38.630001068115234,38.63999938964844,9271600,VWO
2017-02-13,30.704519271850586,39.060001373291016,39.130001068115234,38.959999084472656,38.959999084472656,8548700,VWO
2017-02-14,30.751678466796875,39.119998931884766,39.130001068115234,38.779998779296875,39.040000915527344,11946300,VWO
2017-02-15,30.97964096069336,39.40999984741211,39.43000030517578,39.099998474121094,39.130001068115234,10624700,VWO
2017-02-16,30.893173217773438,39.29999923706055,39.4900016784668,39.27000045776367,39.459999084472656,9897200,VWO
2017-02-17,30.790987014770508,39.16999816894531,39.16999816894531,38.97999954223633,39.0,8944600,VWO
2017-02-21,31.042543411254883,39.4900016784668,39.52000045776367,39.33000183105469,39.380001068115234,6873400,VWO
2017-02-22,31.121143341064453,39.59000015258789,39.599998474121094,39.439998626708984,39.47999954223633,7027800,VWO
2017-02-23,31.136863708496094,39.61000061035156,39.779998779296875,39.56999969482422,39.75,15360200,VWO
2017-02-24,30.806711196899414,39.189998626708984,39.27000045776367,39.130001068115234,39.189998626708984,12380100,VWO
2017-02-27,30.68092918395996,39.029998779296875,39.16999816894531,38.97999954223633,39.06999969482422,8300700,VWO
2017-02-28,30.413660049438477,38.689998626708984,39.0,38.689998626708984,38.9900016784668,12186300,VWO
2017-03-01,30.901042938232422,39.310001373291016,39.33000183105469,39.0,39.029998779296875,14624700,VWO
2017-03-02,30.350780487060547,38.61000061035156,38.88999938964844,38.599998474121094,38.86000061035156,13655700,VWO
2017-03-03,30.610183715820312,38.939998626708984,38.9900016784668,38.72999954223633,38.810001373291016,10080800,VWO
2017-03-06,30.657358169555664,39.0,39.04999923706055,38.880001068115234,39.029998779296875,8232800,VWO
2017-03-07,30.6966552734375,39.04999923706055,39.13999938964844,38.97999954223633,39.11000061035156,14789500,VWO
2017-03-08,30.39007568359375,38.65999984741211,38.939998626708984,38.61000061035156,38.90999984741211,15601800,VWO
2017-03-09,30.13066864013672,38.33000183105469,38.470001220703125,38.119998931884766,38.43000030517578,12131900,VWO
2017-03-10,30.382226943969727,38.650001525878906,38.650001525878906,38.459999084472656,38.56999969482422,14955600,VWO
2017-03-13,30.76740264892578,39.13999938964844,39.18000030517578,38.970001220703125,39.029998779296875,9506700,VWO
2017-03-14,30.59446144104004,38.91999816894531,39.04999923706055,38.880001068115234,39.04999923706055,12217700,VWO
2017-03-15,31.309804916381836,39.83000183105469,39.91999816894531,38.97999954223633,39.06999969482422,22872700,VWO
2017-03-16,31.522050857543945,40.099998474121094,40.220001220703125,40.040000915527344,40.119998931884766,28561200,VWO
2017-03-17,31.490598678588867,40.060001373291016,40.15999984741211,39.970001220703125,40.119998931884766,17399400,VWO
2017-03-20,31.797176361083984,40.45000076293945,40.52000045776367,40.16999816894531,40.209999084472656,13336300,VWO
2017-03-21,31.411996841430664,39.959999084472656,40.630001068115234,39.93000030517578,40.56999969482422,17365900,VWO
2017-03-22,31.56241226196289,40.08000183105469,40.16999816894531,39.79999923706055,39.88999938964844,14085400,VWO
2017-03-23,31.578157424926758,40.099998474121094,40.22999954223633,39.939998626708984,39.970001220703125,12783300,VWO
2017-03-24,31.664779663085938,40.209999084472656,40.279998779296875,40.09000015258789,40.099998474121094,12543700,VWO
2017-03-27,31.570268630981445,40.09000015258789,40.150001525878906,39.79999923706055,39.91999816894531,12759600,VWO
2017-03-28,31.649015426635742,40.189998626708984,40.279998779296875,40.060001373291016,40.060001373291016,14135900,VWO
2017-03-29,31.69628143310547,40.25,40.2599983215332,40.060001373291016,40.08000183105469,8453000,VWO
2017-03-30,31.515155792236328,40.02000045776367,40.189998626708984,40.0,40.09000015258789,7378000,VWO
2017-03-31,31.27890396118164,39.720001220703125,39.880001068115234,39.720001220703125,39.790000915527344,12271800,VWO
2017-04-03,31.52303123474121,40.029998779296875,40.040000915527344,39.7599983215332,39.93000030517578,15366400,VWO
2017-04-04,31.593902587890625,40.119998931884766,40.150001525878906,39.91999816894531,39.95000076293945,9319600,VWO
2017-04-05,31.538782119750977,40.04999923706055,40.40999984741211,40.02000045776367,40.290000915527344,12539600,VWO
2017-04-06,31.483661651611328,39.97999954223633,40.06999969482422,39.86000061035156,40.029998779296875,9571400,VWO
2017-04-07,31.475786209106445,39.970001220703125,40.13999938964844,39.900001525878906,39.95000076293945,9168500,VWO
2017-04-10,31.326160430908203,39.779998779296875,39.849998474121094,39.68000030517578,39.7599983215332,9915800,VWO
2017-04-11,31.35765838623047,39.81999969482422,39.869998931884766,39.52000045776367,39.84000015258789,9421600,VWO
2017-04-12,31.467914581298828,39.959999084472656,39.959999084472656,39.68000030517578,39.91999816894531,15934700,VWO
2017-04-13,31.30253028869629,39.75,40.08000183105469,39.7400016784668,39.959999084472656,7977100,VWO
2017-04-17,31.570268630981445,40.09000015258789,40.09000015258789,39.81999969482422,39.869998931884766,8196600,VWO
2017-04-18,31.200162887573242,39.619998931884766,39.790000915527344,39.529998779296875,39.65999984741211,9943200,VWO
2017-04-19,30.971784591674805,39.33000183105469,39.68000030517578,39.2599983215332,39.650001525878906,9400400,VWO
2017-04-20,31.294666290283203,39.7400016784668,39.7599983215332,39.56999969482422,39.709999084472656,10125000,VWO
2017-04-21,31.263166427612305,39.70000076293945,39.7400016784668,39.619998931884766,39.720001220703125,15182100,VWO
2017-04-24,31.625398635864258,40.15999984741211,40.22999954223633,40.099998474121094,40.189998626708984,12490700,VWO
2017-04-25,31.853771209716797,40.45000076293945,40.529998779296875,40.34000015258789,40.380001068115234,14389000,VWO
2017-04-26,31.735645294189453,40.29999923706055,40.470001220703125,40.2599983215332,40.349998474121094,14912900,VWO
2017-04-27,31.633268356323242,40.16999816894531,40.349998474121094,40.06999969482422,40.31999969482422,9172700,VWO
2017-04-28,31.767147064208984,40.34000015258789,40.369998931884766,40.20000076293945,40.2599983215332,11072600,VWO
2017-05-01,31.89314842224121,40.5,40.599998474121094,40.38999938964844,40.47999954223633,11578900,VWO
2017-05-02,32.0506477355957,40.70000076293945,40.7400016784668,40.56999969482422,40.599998474121094,12444500,VWO
2017-05-03,31.82227325439453,40.40999984741211,40.560001373291016,40.36000061035156,40.560001373291016,11621700,VWO
2017-05-04,31.483661651611328,39.97999954223633,40.25,39.939998626708984,40.22999954223633,8595000,VWO
2017-05-05,31.664779663085938,40.209999084472656,40.22999954223633,39.900001525878906,39.939998626708984,12179700,VWO
2017-05-08,31.467914581298828,39.959999084472656,40.209999084472656,39.959999084472656,40.16999816894531,11275700,VWO
2017-05-09,31.82227325439453,40.40999984741211,40.4900016784668,40.25,40.25,11584900,VWO
2017-05-10,32.074275970458984,40.72999954223633,40.75,40.59000015258789,40.599998474121094,11575600,VWO
2017-05-11,32.05851745605469,40.709999084472656,40.7599983215332,40.5,40.68000030517578,15037400,VWO
2017-05-12,32.23177719116211,40.93000030517578,40.959999084472656,40.77000045776367,40.79999923706055,12963900,VWO
2017-05-15,32.5310173034668,41.310001373291016,41.31999969482422,41.09000015258789,41.13999938964844,11248300,VWO
2017-05-16,32.562503814697266,41.349998474121094,41.36000061035156,41.20000076293945,41.31999969482422,12030900,VWO
2017-05-17,32.074275970458984,40.72999954223633,41.060001373291016,40.689998626708984,41.0099983215332,15453300,VWO
2017-05-18,31.483661651611328,39.97999954223633,40.29999923706055,39.619998931884766,39.86000061035156,28731200,VWO
2017-05-19,32.042755126953125,40.689998626708984,40.810001373291016,40.470001220703125,40.5,13669500,VWO
2017-05-22,32.0349006652832,40.68000030517578,40.7599983215332,40.58000183105469,40.66999816894531,11599700,VWO
2017-05-23,32.019142150878906,40.65999984741211,40.709999084472656,40.560001373291016,40.65999984741211,9220500,VWO
2017-05-24,32.12938690185547,40.79999923706055,40.880001068115234,40.650001525878906,40.709999084472656,9619400,VWO
2017-05-25,32.29475784301758,41.0099983215332,41.130001068115234,40.93000030517578,40.9900016784668,8191900,VWO
2017-05-26,32.37351989746094,41.11000061035156,41.119998931884766,41.0,41.029998779296875,7416800,VWO
2017-05-30,32.318389892578125,41.040000915527344,41.060001373291016,40.91999816894531,40.95000076293945,6041400,VWO
2017-05-31,32.0821418762207,40.7400016784668,40.939998626708984,40.66999816894531,40.90999984741211,11719000,VWO
2017-06-01,32.318389892578125,41.040000915527344,41.040000915527344,40.7599983215332,40.84000015258789,14434600,VWO
2017-06-02,32.42074966430664,41.16999816894531,41.16999816894531,41.02000045776367,41.09000015258789,9060500,VWO
2017-06-05,32.42074966430664,41.16999816894531,41.2599983215332,41.099998474121094,41.16999816894531,9021800,VWO
2017-06-06,32.44438934326172,41.20000076293945,41.2599983215332,41.06999969482422,41.099998474121094,8196500,VWO
2017-06-07,32.42074966430664,41.16999816894531,41.27000045776367,40.959999084472656,41.13999938964844,9212800,VWO
2017-06-08,32.483760833740234,41.25,41.279998779296875,41.119998931884766,41.220001220703125,8695200,VWO
2017-06-09,32.26325988769531,40.970001220703125,41.27000045776367,40.79999923706055,41.22999954223633,11495200,VWO
2017-06-12,32.14512634277344,40.81999969482422,40.880001068115234,40.630001068115234,40.83000183105469,10177700,VWO
2017-06-13,32.29475784301758,41.0099983215332,41.02000045776367,40.869998931884766,40.959999084472656,11591300,VWO
2017-06-14,32.271148681640625,40.97999954223633,41.2400016784668,40.84000015258789,41.209999084472656,10990800,VWO
2017-06-15,31.987640380859375,40.619998931884766,40.630001068115234,40.380001068115234,40.5,8540000,VWO
2017-06-16,32.090023040771484,40.75,40.77000045776367,40.54999923706055,40.70000076293945,7584200,VWO
2017-06-19,32.302642822265625,41.02000045776367,41.06999969482422,40.869998931884766,40.900001525878906,8124800,VWO
2017-06-20,31.916778564453125,40.529998779296875,40.86000061035156,40.5099983215332,40.810001373291016,9637300,VWO
2017-06-21,32.03801345825195,40.43000030517578,40.630001068115234,40.380001068115234,40.529998779296875,8380200,VWO
2017-06-22,32.15687561035156,40.58000183105469,40.709999084472656,40.4900016784668,40.61000061035156,8842400,VWO
2017-06-23,32.27574157714844,40.72999954223633,40.790000915527344,40.58000183105469,40.63999938964844,6915700,VWO
2017-06-26,32.61649703979492,41.15999984741211,41.209999084472656,41.0,41.11000061035156,10063100,VWO
2017-06-27,32.27574157714844,40.72999954223633,41.02000045776367,40.72999954223633,40.959999084472656,14590500,VWO
2017-06-28,32.46592712402344,40.970001220703125,41.060001373291016,40.77000045776367,40.900001525878906,12546900,VWO
2017-06-29,32.10140609741211,40.5099983215332,40.83000183105469,40.290000915527344,40.81999969482422,11106500,VWO
2017-06-30,32.3549919128418,40.83000183105469,40.959999084472656,40.75,40.810001373291016,11532700,VWO
2017-07-03,32.50554656982422,41.02000045776367,41.119998931884766,40.93000030517578,41.0099983215332,6820200,VWO
2017-07-05,32.4500732421875,40.95000076293945,40.970001220703125,40.619998931884766,40.810001373291016,19264400,VWO
2017-07-06,32.093482971191406,40.5,40.81999969482422,40.47999954223633,40.779998779296875,21303900,VWO
2017-07-07,32.1806526184082,40.61000061035156,40.68000030517578,40.43000030517578,40.63999938964844,12959100,VWO
2017-07-10,32.41045379638672,40.900001525878906,40.939998626708984,40.68000030517578,40.709999084472656,8247300,VWO
2017-07-11,32.640254974365234,41.189998626708984,41.2400016784668,40.970001220703125,41.099998474121094,15378800,VWO
2017-07-12,33.258358001708984,41.970001220703125,41.9900016784668,41.709999084472656,41.72999954223633,11911200,VWO
2017-07-13,33.35344696044922,42.09000015258789,42.099998474121094,41.900001525878906,41.95000076293945,8977700,VWO
2017-07-14,33.6942024230957,42.52000045776367,42.58000183105469,42.33000183105469,42.36000061035156,11393500,VWO
2017-07-17,33.519859313964844,42.29999923706055,42.34000015258789,42.220001220703125,42.33000183105469,9052500,VWO
2017-07-18,33.57533645629883,42.369998931884766,42.380001068115234,42.150001525878906,42.220001220703125,9279400,VWO
2017-07-19,33.900230407714844,42.779998779296875,42.810001373291016,42.66999816894531,42.77000045776367,5670000,VWO
2017-07-20,33.82890701293945,42.689998626708984,42.77000045776367,42.619998931884766,42.7400016784668,9700900,VWO
2017-07-21,33.75757598876953,42.599998474121094,42.709999084472656,42.52000045776367,42.65999984741211,7316900,VWO
2017-07-24,33.88437271118164,42.7599983215332,42.79999923706055,42.630001068115234,42.779998779296875,7845800,VWO
2017-07-25,33.82890701293945,42.689998626708984,42.880001068115234,42.689998626708984,42.81999969482422,8233800,VWO
2017-07-26,34.07455062866211,43.0,43.02000045776367,42.689998626708984,42.77000045776367,7826200,VWO
2017-07-27,33.900230407714844,42.779998779296875,43.130001068115234,42.58000183105469,43.119998931884766,9828500,VWO
2017-07-28,34.02701187133789,42.939998626708984,42.959999084472656,42.720001220703125,42.83000183105469,7734800,VWO
2017-07-31,34.08249282836914,43.0099983215332,43.06999969482422,42.88999938964844,43.06999969482422,13137600,VWO
2017-08-01,34.225120544433594,43.189998626708984,43.25,43.099998474121094,43.20000076293945,12685800,VWO
2017-08-02,34.30436706542969,43.290000915527344,43.29999923706055,43.060001373291016,43.22999954223633,9114600,VWO
2017-08-03,34.17757797241211,43.130001068115234,43.189998626708984,43.02000045776367,43.189998626708984,6689000,VWO
2017-08-04,34.26474380493164,43.2400016784668,43.29999923706055,43.04999923706055,43.209999084472656,7597600,VWO
2017-08-07,34.534183502197266,43.58000183105469,43.58000183105469,43.40999984741211,43.40999984741211,6558800,VWO
2017-08-08,34.486629486083984,43.52000045776367,43.79999923706055,43.47999954223633,43.650001525878906,8501600,VWO
2017-08-09,34.296443939208984,43.279998779296875,43.279998779296875,43.060001373291016,43.15999984741211,8288600,VWO
2017-08-10,33.50401306152344,42.279998779296875,42.91999816894531,42.27000045776367,42.84000015258789,15740200,VWO
2017-08-11,33.60703659057617,42.40999984741211,42.54999923706055,42.220001220703125,42.31999969482422,11205400,VWO
2017-08-14,33.900230407714844,42.779998779296875,42.93000030517578,42.70000076293945,42.79999923706055,7448700,VWO
2017-08-15,33.87644958496094,42.75,42.779998779296875,42.59000015258789,42.689998626708984,6730900,VWO
2017-08-16,34.288516998291016,43.27000045776367,43.279998779296875,43.09000015258789,43.13999938964844,6457500,VWO
2017-08-17,33.85268783569336,42.720001220703125,43.189998626708984,42.689998626708984,43.13999938964844,8869000,VWO
2017-08-18,34.098331451416016,43.029998779296875,43.209999084472656,42.75,42.900001525878906,8787600,VWO
2017-08-21,34.185508728027344,43.13999938964844,43.25,43.029998779296875,43.119998931884766,8192900,VWO
2017-08-22,34.486629486083984,43.52000045776367,43.61000061035156,43.400001525878906,43.40999984741211,6428100,VWO
2017-08-23,34.65304183959961,43.72999954223633,43.77000045776367,43.459999084472656,43.47999954223633,6166200,VWO
2017-08-24,34.73228454589844,43.83000183105469,43.939998626708984,43.72999954223633,43.869998931884766,8666500,VWO
2017-08-25,35.02547836303711,44.20000076293945,44.29999923706055,44.09000015258789,44.130001068115234,8066200,VWO
2017-08-28,35.01754379272461,44.189998626708984,44.25,44.11000061035156,44.2400016784668,6031200,VWO
2017-08-29,34.94624710083008,44.099998474121094,44.119998931884766,43.79999923706055,43.83000183105469,6912100,VWO
2017-08-30,34.98584747314453,44.150001525878906,44.16999816894531,44.029998779296875,44.099998474121094,6004800,VWO
2017-08-31,35.10472869873047,44.29999923706055,44.40999984741211,44.209999084472656,44.2599983215332,20190800,VWO
2017-09-01,35.358306884765625,44.619998931884766,44.66999816894531,44.459999084472656,44.5,12011700,VWO
2017-09-05,35.088871002197266,44.279998779296875,44.560001373291016,44.09000015258789,44.459999084472656,10663500,VWO
2017-09-06,35.34245681762695,44.599998474121094,44.630001068115234,44.38999938964844,44.45000076293945,13072700,VWO
2017-09-07,35.516788482666016,44.81999969482422,44.81999969482422,44.689998626708984,44.75,7514500,VWO
2017-09-08,35.286983489990234,44.529998779296875,44.77000045776367,44.459999084472656,44.7599983215332,7524900,VWO
2017-09-11,35.69904708862305,45.04999923706055,45.09000015258789,44.83000183105469,44.849998474121094,7503500,VWO
2017-09-12,35.635643005371094,44.970001220703125,45.08000183105469,44.93000030517578,44.97999954223633,6662000,VWO
2017-09-13,35.397926330566406,44.66999816894531,44.810001373291016,44.599998474121094,44.79999923706055,6943000,VWO
2017-09-14,35.46923828125,44.7599983215332,44.779998779296875,44.54999923706055,44.619998931884766,8206400,VWO
2017-09-15,35.70698547363281,45.060001373291016,45.099998474121094,44.77000045776367,44.88999938964844,9236800,VWO
2017-09-18,35.67527770996094,45.02000045776367,45.27000045776367,44.9900016784668,45.189998626708984,8914300,VWO
2017-09-19,35.70698547363281,45.060001373291016,45.06999969482422,44.88999938964844,45.0099983215332,7863100,VWO
2017-09-20,35.604347229003906,44.40999984741211,44.63999938964844,44.0,44.599998474121094,10112100,VWO
2017-09-21,35.636417388916016,44.45000076293945,44.54999923706055,44.349998474121094,44.529998779296875,8827900,VWO
2017-09-22,35.41995620727539,44.18000030517578,44.2400016784668,44.11000061035156,44.16999816894531,9244700,VWO
2017-09-25,34.76255416870117,43.36000061035156,43.720001220703125,43.189998626708984,43.709999084472656,15752800,VWO
2017-09-26,34.75453186035156,43.349998474121094,43.529998779296875,43.2599983215332,43.47999954223633,10536900,VWO
2017-09-27,34.5621223449707,43.11000061035156,43.22999954223633,42.90999984741211,43.16999816894531,10746600,VWO
2017-09-28,34.57815170288086,43.130001068115234,43.18000030517578,42.93000030517578,42.970001220703125,11065100,VWO
2017-09-29,34.93091583251953,43.56999969482422,43.650001525878906,43.33000183105469,43.41999816894531,14298700,VWO
2017-10-02,34.962974548339844,43.61000061035156,43.709999084472656,43.529998779296875,43.529998779296875,12778600,VWO
2017-10-03,35.444000244140625,44.209999084472656,44.220001220703125,43.86000061035156,43.93000030517578,11289400,VWO
2017-10-04,35.48408126831055,44.2599983215332,44.33000183105469,44.18000030517578,44.22999954223633,6821600,VWO
2017-10-05,35.708580017089844,44.540000915527344,44.68000030517578,44.380001068115234,44.380001068115234,12686500,VWO
2017-10-06,35.57229232788086,44.369998931884766,44.369998931884766,44.06999969482422,44.209999084472656,15506500,VWO
2017-10-09,35.452030181884766,44.220001220703125,44.22999954223633,44.11000061035156,44.209999084472656,6590500,VWO
2017-10-10,35.796756744384766,44.650001525878906,44.68000030517578,44.52000045776367,44.56999969482422,10455500,VWO
2017-10-11,35.90098571777344,44.779998779296875,44.790000915527344,44.56999969482422,44.56999969482422,11717400,VWO
2017-10-12,35.90098571777344,44.779998779296875,44.869998931884766,44.72999954223633,44.790000915527344,7783100,VWO
2017-10-13,36.2216796875,45.18000030517578,45.27000045776367,45.09000015258789,45.119998931884766,6768400,VWO
2017-10-16,36.18962097167969,45.13999938964844,45.33000183105469,45.13999938964844,45.27000045776367,6396800,VWO
2017-10-17,36.01323318481445,44.91999816894531,45.0,44.7599983215332,45.0,7672900,VWO
2017-10-18,36.045291900634766,44.959999084472656,45.099998474121094,44.869998931884766,45.029998779296875,6273900,VWO
2017-10-19,35.780738830566406,44.630001068115234,44.70000076293945,44.439998626708984,44.70000076293945,7952000,VWO
2017-10-20,35.9250373840332,44.810001373291016,44.84000015258789,44.66999816894531,44.810001373291016,9160700,VWO
2017-10-23,35.604347229003906,44.40999984741211,44.689998626708984,44.40999984741211,44.68000030517578,6816300,VWO
2017-10-24,35.7005500793457,44.529998779296875,44.66999816894531,44.470001220703125,44.529998779296875,9090400,VWO
2017-10-25,35.62038040161133,44.43000030517578,44.720001220703125,44.099998474121094,44.65999984741211,11457400,VWO
2017-10-26,35.43598937988281,44.20000076293945,44.599998474121094,44.20000076293945,44.540000915527344,9558200,VWO
2017-10-27,35.868919372558594,44.7400016784668,44.77000045776367,44.25,44.369998931884766,10371300,VWO
2017-10-30,35.580299377441406,44.380001068115234,44.63999938964844,44.34000015258789,44.369998931884766,13080700,VWO
2017-10-31,35.780738830566406,44.630001068115234,44.63999938964844,44.459999084472656,44.560001373291016,9046800,VWO
2017-11-01,35.868919372558594,44.7400016784668,45.040000915527344,44.709999084472656,44.91999816894531,11585500,VWO
2017-11-02,35.981163024902344,44.880001068115234,44.900001525878906,44.63999938964844,44.810001373291016,13033000,VWO
2017-11-03,35.77272033691406,44.619998931884766,44.810001373291016,44.34000015258789,44.810001373291016,11810400,VWO
2017-11-06,36.11744689941406,45.04999923706055,45.060001373291016,44.77000045776367,44.79999923706055,11000700,VWO
2017-11-07,35.892967224121094,44.77000045776367,45.060001373291016,44.70000076293945,45.040000915527344,9439500,VWO
2017-11-08,36.02125549316406,44.93000030517578,44.970001220703125,44.790000915527344,44.95000076293945,8138100,VWO
2017-11-09,35.88494873046875,44.7599983215332,44.86000061035156,44.470001220703125,44.720001220703125,11793000,VWO
2017-11-10,35.7486572265625,44.59000015258789,44.72999954223633,44.5,44.709999084472656,7360200,VWO
2017-11-13,35.676509857177734,44.5,44.54999923706055,44.31999969482422,44.400001525878906,9159700,VWO
2017-11-14,35.43598937988281,44.20000076293945,44.45000076293945,44.15999984741211,44.400001525878906,10146000,VWO
2017-11-15,35.14738464355469,43.84000015258789,44.0099983215332,43.7599983215332,43.970001220703125,13328300,VWO
2017-11-16,35.77272033691406,44.619998931884766,44.7400016784668,44.31999969482422,44.40999984741211,8438400,VWO
2017-11-17,35.973148345947266,44.869998931884766,45.040000915527344,44.75,44.7599983215332,12684600,VWO
2017-11-20,36.1254768371582,45.060001373291016,45.119998931884766,44.79999923706055,44.79999923706055,7485500,VWO
2017-11-21,36.57442855834961,45.619998931884766,45.810001373291016,45.560001373291016,45.59000015258789,10976100,VWO
2017-11-22,36.69468307495117,45.77000045776367,45.84000015258789,45.59000015258789,45.7599983215332,7984200,VWO
2017-11-24,36.55839920043945,45.599998474121094,45.65999984741211,45.5,45.529998779296875,6938700,VWO
2017-11-27,36.18159103393555,45.130001068115234,45.400001525878906,45.09000015258789,45.380001068115234,9797900,VWO
2017-11-28,36.39805603027344,45.400001525878906,45.540000915527344,45.22999954223633,45.38999938964844,12112400,VWO
2017-11-29,35.892967224121094,44.77000045776367,45.2400016784668,44.70000076293945,45.189998626708984,18533500,VWO
2017-11-30,35.66047286987305,44.47999954223633,44.70000076293945,44.369998931884766,44.65999984741211,23875400,VWO
2017-12-01,35.31573486328125,44.04999923706055,44.290000915527344,43.86000061035156,44.25,20960900,VWO
2017-12-04,35.43598937988281,44.20000076293945,44.58000183105469,44.16999816894531,44.529998779296875,19045700,VWO
2017-12-05,35.3798713684082,44.130001068115234,44.41999816894531,44.09000015258789,44.2400016784668,11648600,VWO
2017-12-06,34.93893051147461,43.58000183105469,43.66999816894531,43.380001068115234,43.650001525878906,14737000,VWO
2017-12-07,34.987030029296875,43.63999938964844,43.7599983215332,43.29999923706055,43.400001525878906,10283400,VWO
2017-12-08,35.38789367675781,44.13999938964844,44.2400016784668,43.97999954223633,44.20000076293945,7498000,VWO
2017-12-11,35.62038040161133,44.43000030517578,44.5,44.33000183105469,44.47999954223633,9189700,VWO
2017-12-12,35.36384201049805,44.11000061035156,44.20000076293945,43.91999816894531,44.0,8005000,VWO
2017-12-13,35.7486572265625,44.59000015258789,44.75,44.31999969482422,44.380001068115234,9287200,VWO
2017-12-14,35.524173736572266,44.310001373291016,44.619998931884766,44.310001373291016,44.470001220703125,8231000,VWO
2017-12-15,35.62038040161133,44.43000030517578,44.52000045776367,44.220001220703125,44.41999816894531,12428100,VWO
2017-12-18,35.989173889160156,44.88999938964844,45.029998779296875,44.75,44.7599983215332,10117200,VWO
2017-12-19,35.892967224121094,44.77000045776367,45.060001373291016,44.68000030517578,45.060001373291016,9252300,VWO
2017-12-20,35.94106674194336,44.83000183105469,45.029998779296875,44.81999969482422,44.970001220703125,11610100,VWO
2017-12-21,36.297122955322266,45.060001373291016,45.20000076293945,44.93000030517578,44.959999084472656,7505900,VWO
2017-12-22,36.595157623291016,45.43000030517578,45.439998626708984,45.11000061035156,45.189998626708984,11845800,VWO
2017-12-26,36.63544845581055,45.47999954223633,45.4900016784668,45.279998779296875,45.400001525878906,6154300,VWO
2017-12-27,36.627384185791016,45.470001220703125,45.529998779296875,45.36000061035156,45.459999084472656,9021600,VWO
2017-12-28,36.804603576660156,45.689998626708984,45.849998474121094,45.630001068115234,45.79999923706055,8106500,VWO
2017-12-29,36.981815338134766,45.90999984741211,46.13999938964844,45.880001068115234,46.099998474121094,10462900,VWO
2018-01-02,37.61817932128906,46.70000076293945,46.7400016784668,46.45000076293945,46.529998779296875,17804600,VWO
2018-01-03,37.98067855834961,47.150001525878906,47.20000076293945,46.95000076293945,46.959999084472656,17896200,VWO
2018-01-04,38.214271545410156,47.439998626708984,47.56999969482422,47.369998931884766,47.380001068115234,13003300,VWO
2018-01-05,38.55260467529297,47.86000061035156,47.900001525878906,47.540000915527344,47.560001373291016,12102300,VWO
2018-01-08,38.560646057128906,47.869998931884766,47.959999084472656,47.77000045776367,47.779998779296875,10947500,VWO
2018-01-09,38.55260467529297,47.86000061035156,47.90999984741211,47.630001068115234,47.880001068115234,11180700,VWO
2018-01-10,38.383445739746094,47.650001525878906,47.7599983215332,47.470001220703125,47.619998931884766,11029500,VWO
2018-01-11,38.63315200805664,47.959999084472656,47.97999954223633,47.599998474121094,47.630001068115234,8602200,VWO
2018-01-12,39.04397201538086,48.470001220703125,48.47999954223633,47.959999084472656,48.060001373291016,15391100,VWO
2018-01-16,38.85063552856445,48.22999954223633,48.66999816894531,48.150001525878906,48.529998779296875,12005900,VWO
2018-01-17,39.398406982421875,48.90999984741211,49.02000045776367,48.61000061035156,48.63999938964844,14469200,VWO
2018-01-18,39.46283721923828,48.9900016784668,49.060001373291016,48.880001068115234,48.90999984741211,9635700,VWO
2018-01-19,39.833377838134766,49.45000076293945,49.459999084472656,49.150001525878906,49.290000915527344,12419600,VWO
2018-01-22,40.15559768676758,49.849998474121094,49.869998931884766,49.5099983215332,49.54999923706055,13386000,VWO
2018-01-23,40.300594329833984,50.029998779296875,50.060001373291016,49.75,49.86000061035156,9450400,VWO
2018-01-24,40.6711311340332,50.4900016784668,50.58000183105469,50.13999938964844,50.34000015258789,15625500,VWO
2018-01-25,40.52613830566406,50.310001373291016,50.75,50.18000030517578,50.43000030517578,15871800,VWO
2018-01-26,41.065853118896484,50.97999954223633,50.9900016784668,50.529998779296875,50.689998626708984,11067100,VWO
2018-01-29,40.42144012451172,50.18000030517578,50.349998474121094,50.11000061035156,50.279998779296875,16983900,VWO
2018-01-30,39.90589141845703,49.540000915527344,49.77000045776367,49.380001068115234,49.7599983215332,18372200,VWO
2018-01-31,40.14755630493164,49.84000015258789,50.2400016784668,49.61000061035156,50.18000030517578,23959200,VWO
2018-02-01,39.76893997192383,49.369998931884766,49.75,49.310001373291016,49.560001373291016,28080700,VWO
2018-02-02,38.87479782104492,48.2599983215332,48.9900016784668,48.209999084472656,48.900001525878906,24335900,VWO
2018-02-05,37.626243591308594,46.709999084472656,48.63999938964844,46.63999938964844,48.209999084472656,31099600,VWO
2018-02-06,38.560646057128906,47.869998931884766,48.349998474121094,46.2599983215332,46.4900016784668,55111300,VWO
2018-02-07,37.46513366699219,46.5099983215332,47.68000030517578,46.5,47.2400016784668,24815200,VWO
2018-02-08,36.21656036376953,44.959999084472656,46.90999984741211,44.939998626708984,46.849998474121094,31474900,VWO
2018-02-09,36.764320373535156,45.63999938964844,45.97999954223633,44.34000015258789,45.560001373291016,35526400,VWO
2018-02-12,37.27180862426758,46.27000045776367,46.599998474121094,45.810001373291016,46.189998626708984,21421800,VWO
2018-02-13,37.561805725097656,46.630001068115234,46.75,46.27000045776367,46.369998931884766,13535000,VWO
2018-02-14,38.33510971069336,47.59000015258789,47.689998626708984,46.439998626708984,46.459999084472656,15575200,VWO
2018-02-15,39.05201721191406,48.47999954223633,48.61000061035156,47.810001373291016,48.40999984741211,16484400,VWO
2018-02-16,38.907039642333984,48.29999923706055,48.72999954223633,48.060001373291016,48.060001373291016,15935200,VWO
2018-02-20,38.560646057128906,47.869998931884766,48.0,47.54999923706055,47.689998626708984,17430700,VWO
2018-02-21,38.512325286865234,47.810001373291016,48.790000915527344,47.779998779296875,48.29999923706055,11135300,VWO
2018-02-22,38.560646057128906,47.869998931884766,48.310001373291016,47.790000915527344,47.9900016784668,14643500,VWO
2018-02-23,39.1889762878418,48.650001525878906,48.68000030517578,48.189998626708984,48.45000076293945,9523400,VWO
2018-02-26,39.559505462646484,49.11000061035156,49.150001525878906,48.540000915527344,48.77000045776367,8733100,VWO
2018-02-27,38.49620819091797,47.790000915527344,48.540000915527344,47.790000915527344,48.529998779296875,11459300,VWO
2018-02-28,37.996788024902344,47.16999816894531,47.93000030517578,47.16999816894531,47.88999938964844,15494200,VWO
2018-03-01,37.98872756958008,47.15999984741211,47.900001525878906,46.790000915527344,47.56999969482422,17585700,VWO
2018-03-02,38.085384368896484,47.279998779296875,47.38999938964844,46.400001525878906,46.650001525878906,15955000,VWO
2018-03-05,38.198158264160156,47.41999816894531,47.54999923706055,46.83000183105469,46.84000015258789,10805600,VWO
2018-03-06,38.31093978881836,47.560001373291016,48.0099983215332,47.45000076293945,48.0099983215332,13594800,VWO
2018-03-07,38.302879333496094,47.54999923706055,47.61000061035156,47.08000183105469,47.279998779296875,10584600,VWO
2018-03-08,38.327056884765625,47.58000183105469,47.70000076293945,47.369998931884766,47.66999816894531,7127100,VWO
2018-03-09,39.011749267578125,48.43000030517578,48.45000076293945,47.810001373291016,47.880001068115234,9149500,VWO
2018-03-12,39.1486930847168,48.599998474121094,48.689998626708984,48.34000015258789,48.52000045776367,7912100,VWO
2018-03-13,38.770084381103516,48.130001068115234,48.869998931884766,48.02000045776367,48.81999969482422,9567400,VWO
2018-03-14,38.81842803955078,48.189998626708984,48.560001373291016,47.95000076293945,48.47999954223633,8146600,VWO
2018-03-15,38.66537094116211,48.0,48.380001068115234,47.869998931884766,48.31999969482422,11780100,VWO
2018-03-16,38.54453659057617,47.849998474121094,48.0099983215332,47.79999923706055,47.849998474121094,13220200,VWO
2018-03-19,38.18206024169922,47.400001525878906,47.709999084472656,47.150001525878906,47.619998931884766,10828200,VWO
2018-03-20,38.512325286865234,47.810001373291016,47.939998626708984,47.650001525878906,47.77000045776367,10136500,VWO
2018-03-21,38.72175598144531,48.06999969482422,48.25,47.599998474121094,47.689998626708984,16454000,VWO
2018-03-22,37.497352600097656,46.54999923706055,47.279998779296875,46.5,47.060001373291016,16549100,VWO
2018-03-23,36.949588775634766,45.869998931884766,46.7599983215332,45.83000183105469,46.720001220703125,20510700,VWO
2018-03-26,38.06257629394531,47.15999984741211,47.209999084472656,46.349998474121094,46.84000015258789,19587400,VWO
2018-03-27,37.49760818481445,46.459999084472656,47.290000915527344,46.290000915527344,47.189998626708984,15427400,VWO
2018-03-28,37.23933029174805,46.13999938964844,46.34000015258789,45.81999969482422,46.220001220703125,15551800,VWO
2018-03-29,37.91729736328125,46.97999954223633,47.16999816894531,46.36000061035156,46.38999938964844,12121900,VWO
2018-04-02,37.360408782958984,46.290000915527344,46.959999084472656,45.81999969482422,46.7400016784668,22033000,VWO
2018-04-03,37.72359848022461,46.7400016784668,46.779998779296875,46.310001373291016,46.65999984741211,15576500,VWO
2018-04-04,37.844661712646484,46.88999938964844,46.90999984741211,45.56999969482422,45.59000015258789,17380200,VWO
2018-04-05,37.925376892089844,46.9900016784668,47.20000076293945,46.79999923706055,47.04999923706055,11815800,VWO
2018-04-06,37.255470275878906,46.15999984741211,46.869998931884766,45.88999938964844,46.5099983215332,17487900,VWO
2018-04-09,37.22320556640625,46.119998931884766,46.59000015258789,46.09000015258789,46.400001525878906,12813900,VWO
2018-04-10,37.91729736328125,46.97999954223633,47.04999923706055,46.58000183105469,46.75,9043200,VWO
2018-04-11,37.965736389160156,47.040000915527344,47.13999938964844,46.720001220703125,46.72999954223633,7750500,VWO
2018-04-12,37.95764923095703,47.029998779296875,47.16999816894531,46.88999938964844,46.97999954223633,7302600,VWO
2018-04-13,37.56217575073242,46.540000915527344,46.97999954223633,46.40999984741211,46.91999816894531,6828300,VWO
2018-04-16,37.594459533691406,46.58000183105469,46.59000015258789,46.29999923706055,46.459999084472656,6754000,VWO
2018-04-17,37.62673568725586,46.619998931884766,46.7400016784668,46.29999923706055,46.34000015258789,8308800,VWO
2018-04-18,37.89308547973633,46.95000076293945,47.060001373291016,46.65999984741211,46.709999084472656,8475400,VWO
2018-04-19,37.68324279785156,46.689998626708984,47.04999923706055,46.529998779296875,47.02000045776367,7601500,VWO
2018-04-20,37.23933029174805,46.13999938964844,46.470001220703125,45.95000076293945,46.43000030517578,7393200,VWO
2018-04-23,36.98914337158203,45.83000183105469,46.150001525878906,45.70000076293945,46.040000915527344,6367000,VWO
2018-04-24,36.81964111328125,45.619998931884766,46.290000915527344,45.439998626708984,46.189998626708984,13532500,VWO
2018-04-25,36.54523849487305,45.279998779296875,45.36000061035156,45.02000045776367,45.29999923706055,9333700,VWO
2018-04-26,36.92457580566406,45.75,45.7599983215332,45.310001373291016,45.369998931884766,11162300,VWO
2018-04-27,37.1182746887207,45.9900016784668,46.0099983215332,45.65999984741211,45.86000061035156,10434400,VWO
2018-04-30,36.86807632446289,45.68000030517578,46.18000030517578,45.65999984741211,46.13999938964844,10113300,VWO
2018-05-01,36.65823745727539,45.41999816894531,45.470001220703125,44.86000061035156,45.38999938964844,16821500,VWO
2018-05-02,36.41611099243164,45.119998931884766,45.63999938964844,45.09000015258789,45.56999969482422,12032200,VWO
2018-05-03,36.30311584472656,44.97999954223633,45.16999816894531,44.4900016784668,45.11000061035156,14692200,VWO
2018-05-04,36.480674743652344,45.20000076293945,45.38999938964844,44.58000183105469,44.63999938964844,16855200,VWO
2018-05-07,36.383827209472656,45.08000183105469,45.31999969482422,44.88999938964844,44.959999084472656,23101400,VWO
2018-05-08,36.5694580078125,45.310001373291016,45.349998474121094,44.93000030517578,45.2400016784668,8755400,VWO
2018-05-09,36.61787033081055,45.369998931884766,45.4900016784668,45.15999984741211,45.45000076293945,5893400,VWO
2018-05-10,37.34425735473633,46.27000045776367,46.41999816894531,45.75,45.84000015258789,12379800,VWO
2018-05-11,37.215126037597656,46.11000061035156,46.45000076293945,46.0,46.369998931884766,11430900,VWO
2018-05-14,37.328121185302734,46.25,46.58000183105469,46.20000076293945,46.45000076293945,7092700,VWO
2018-05-15,36.61787033081055,45.369998931884766,45.58000183105469,45.189998626708984,45.459999084472656,12520900,VWO
2018-05-16,37.13441848754883,46.0099983215332,46.08000183105469,45.77000045776367,45.79999923706055,7113500,VWO
2018-05-17,36.61787033081055,45.369998931884766,45.66999816894531,45.209999084472656,45.540000915527344,10318000,VWO
2018-05-18,36.278900146484375,44.95000076293945,45.09000015258789,44.849998474121094,44.939998626708984,10000300,VWO
2018-05-21,36.51295471191406,45.2400016784668,45.400001525878906,45.060001373291016,45.290000915527344,8062300,VWO
2018-05-22,36.65823745727539,45.41999816894531,45.61000061035156,45.36000061035156,45.470001220703125,6125800,VWO
2018-05-23,36.4968147277832,45.220001220703125,45.2599983215332,44.72999954223633,44.81999969482422,10280500,VWO
2018-05-24,36.36768341064453,45.060001373291016,45.06999969482422,44.61000061035156,44.9900016784668,6830500,VWO
2018-05-25,36.45645523071289,45.16999816894531,45.22999954223633,44.93000030517578,45.029998779296875,6083900,VWO
2018-05-29,35.64936447143555,44.16999816894531,44.66999816894531,43.959999084472656,44.54999923706055,16673400,VWO
2018-05-30,35.96413040161133,44.560001373291016,44.630001068115234,44.060001373291016,44.22999954223633,13925200,VWO
2018-05-31,36.004486083984375,44.61000061035156,44.810001373291016,44.380001068115234,44.56999969482422,14220700,VWO
2018-06-01,36.40803527832031,45.11000061035156,45.150001525878906,44.790000915527344,44.83000183105469,15672900,VWO
2018-06-04,36.78736877441406,45.58000183105469,45.63999938964844,45.41999816894531,45.459999084472656,9361300,VWO
2018-06-05,36.464534759521484,45.18000030517578,45.459999084472656,45.150001525878906,45.380001068115234,15166900,VWO
2018-06-06,36.98914337158203,45.83000183105469,45.83000183105469,45.4900016784668,45.56999969482422,9056900,VWO
2018-06-07,36.424171447753906,45.130001068115234,45.68000030517578,44.81999969482422,45.63999938964844,17280700,VWO
2018-06-08,36.39996337890625,45.099998474121094,45.2599983215332,44.7400016784668,44.90999984741211,11903300,VWO
2018-06-11,36.351539611816406,45.040000915527344,45.22999954223633,45.0,45.11000061035156,6571600,VWO
2018-06-12,36.32732391357422,45.0099983215332,45.130001068115234,44.84000015258789,45.08000183105469,9972600,VWO
2018-06-13,36.060977935791016,44.68000030517578,45.11000061035156,44.459999084472656,45.029998779296875,9965000,VWO
2018-06-14,35.86728286743164,44.439998626708984,44.86000061035156,44.40999984741211,44.779998779296875,11315800,VWO
2018-06-15,35.673580169677734,44.20000076293945,44.22999954223633,43.880001068115234,44.130001068115234,18342900,VWO
2018-06-18,35.261959075927734,43.689998626708984,43.709999084472656,43.349998474121094,43.599998474121094,12885800,VWO
2018-06-19,34.858402252197266,43.189998626708984,43.27000045776367,42.72999954223633,42.91999816894531,16855000,VWO
2018-06-20,34.971405029296875,43.33000183105469,43.56999969482422,43.2599983215332,43.470001220703125,16733300,VWO
2018-06-21,34.47907638549805,42.720001220703125,43.099998474121094,42.650001525878906,43.099998474121094,21299600,VWO
2018-06-22,34.75932693481445,42.790000915527344,42.97999954223633,42.650001525878906,42.97999954223633,19564700,VWO
2018-06-25,34.30442810058594,42.22999954223633,42.380001068115234,41.790000915527344,42.349998474121094,18765800,VWO
2018-06-26,34.16633605957031,42.060001373291016,42.290000915527344,41.939998626708984,42.22999954223633,12667500,VWO
2018-06-27,33.41087341308594,41.130001068115234,41.970001220703125,41.040000915527344,41.93000030517578,24698400,VWO
2018-06-28,33.72768020629883,41.52000045776367,41.529998779296875,41.029998779296875,41.13999938964844,15198000,VWO
2018-06-29,34.28006362915039,42.20000076293945,42.27000045776367,42.0099983215332,42.09000015258789,21602100,VWO
2018-07-02,33.90639114379883,41.7400016784668,41.79999923706055,41.41999816894531,41.56999969482422,39165600,VWO
2018-07-03,33.93888473510742,41.779998779296875,42.060001373291016,41.7599983215332,42.0,9351600,VWO
2018-07-05,33.90639114379883,41.7400016784668,41.97999954223633,41.52000045776367,41.91999816894531,19557700,VWO
2018-07-06,34.32067108154297,42.25,42.40999984741211,41.779998779296875,41.81999969482422,10606600,VWO
2018-07-09,34.9461669921875,43.02000045776367,43.04999923706055,42.63999938964844,42.84000015258789,16749200,VWO
2018-07-10,34.91366958618164,42.97999954223633,43.0,42.63999938964844,42.93000030517578,8374800,VWO
2018-07-11,34.263816833496094,42.18000030517578,42.5,42.0,42.349998474121094,11505700,VWO
2018-07-12,34.74308395385742,42.77000045776367,42.90999984741211,42.58000183105469,42.709999084472656,11355500,VWO
2018-07-13,34.76744842529297,42.79999923706055,42.900001525878906,42.599998474121094,42.7400016784668,8977500,VWO
2018-07-16,34.57249069213867,42.560001373291016,42.650001525878906,42.400001525878906,42.58000183105469,5417400,VWO
2018-07-17,34.84056091308594,42.88999938964844,42.959999084472656,42.36000061035156,42.439998626708984,8495600,VWO
2018-07-18,34.80806350708008,42.849998474121094,42.88999938964844,42.529998779296875,42.630001068115234,6998900,VWO
2018-07-19,34.4100341796875,42.36000061035156,42.529998779296875,42.09000015258789,42.220001220703125,12734200,VWO
2018-07-20,34.856815338134766,42.90999984741211,43.0,42.70000076293945,42.7599983215332,10122000,VWO
2018-07-23,34.75120162963867,42.779998779296875,42.869998931884766,42.630001068115234,42.79999923706055,8881900,VWO
2018-07-24,35.27109146118164,43.41999816894531,43.66999816894531,43.29999923706055,43.47999954223633,7780600,VWO
2018-07-25,35.83159255981445,44.11000061035156,44.13999938964844,43.61000061035156,43.72999954223633,10505600,VWO
2018-07-26,35.4822998046875,43.68000030517578,43.86000061035156,43.58000183105469,43.72999954223633,8623700,VWO
2018-07-27,35.53104019165039,43.7400016784668,44.0099983215332,43.5099983215332,43.88999938964844,11648400,VWO
2018-07-30,35.4822998046875,43.68000030517578,43.900001525878906,43.59000015258789,43.83000183105469,15212500,VWO
2018-07-31,35.644771575927734,43.880001068115234,43.959999084472656,43.56999969482422,43.65999984741211,12934100,VWO
2018-08-01,35.37669372558594,43.54999923706055,43.7400016784668,43.41999816894531,43.52000045776367,9810800,VWO
2018-08-02,34.97053909301758,43.04999923706055,43.119998931884766,42.63999938964844,42.7400016784668,15504100,VWO
2018-08-03,35.18986511230469,43.31999969482422,43.38999938964844,43.099998474121094,43.150001525878906,8813400,VWO
2018-08-06,34.92179489135742,42.9900016784668,43.130001068115234,42.880001068115234,43.029998779296875,12280600,VWO
2018-08-07,35.23859786987305,43.380001068115234,43.61000061035156,43.36000061035156,43.45000076293945,9338200,VWO
2018-08-08,35.15736770629883,43.279998779296875,43.380001068115234,43.15999984741211,43.279998779296875,9664000,VWO
2018-08-09,35.1086311340332,43.220001220703125,43.4900016784668,43.20000076293945,43.41999816894531,7938800,VWO
2018-08-10,34.4100341796875,42.36000061035156,42.4900016784668,42.209999084472656,42.36000061035156,18475700,VWO
2018-08-13,33.85765075683594,41.68000030517578,42.06999969482422,41.540000915527344,41.90999984741211,18977500,VWO
2018-08-14,34.060733795166016,41.93000030517578,42.0099983215332,41.720001220703125,41.81999969482422,10719000,VWO
2018-08-15,33.06156921386719,40.70000076293945,40.849998474121094,40.33000183105469,40.68000030517578,22726100,VWO
2018-08-16,33.297149658203125,40.9900016784668,41.29999923706055,40.939998626708984,41.09000015258789,17396200,VWO
2018-08-17,33.581459045410156,41.34000015258789,41.400001525878906,40.650001525878906,40.7599983215332,14498500,VWO
2018-08-20,33.72768020629883,41.52000045776367,41.54999923706055,41.310001373291016,41.400001525878906,9194100,VWO
2018-08-21,34.09322738647461,41.970001220703125,42.119998931884766,41.849998474121094,41.849998474121094,13516600,VWO
2018-08-22,34.29630661010742,42.220001220703125,42.279998779296875,41.959999084472656,41.970001220703125,8513300,VWO
2018-08-23,33.76016616821289,41.560001373291016,42.220001220703125,41.529998779296875,42.099998474121094,14860200,VWO
2018-08-24,34.263816833496094,42.18000030517578,42.25,41.97999954223633,42.09000015258789,10948400,VWO
2018-08-27,34.824310302734375,42.869998931884766,43.040000915527344,42.59000015258789,42.650001525878906,13398800,VWO
2018-08-28,34.65373611450195,42.65999984741211,43.029998779296875,42.58000183105469,42.939998626708984,10697500,VWO
2018-08-29,34.84868240356445,42.900001525878906,42.91999816894531,42.5099983215332,42.560001373291016,11600200,VWO
2018-08-30,33.922630310058594,41.7599983215332,42.2400016784668,41.599998474121094,42.209999084472656,21254300,VWO
2018-08-31,34.15009307861328,42.040000915527344,42.119998931884766,41.650001525878906,41.72999954223633,17517100,VWO
2018-09-04,33.38648986816406,41.099998474121094,41.33000183105469,40.97999954223633,41.2400016784668,19209200,VWO
2018-09-05,33.02907943725586,40.65999984741211,40.77000045776367,40.470001220703125,40.689998626708984,19402200,VWO
2018-09-06,33.01283645629883,40.63999938964844,40.779998779296875,40.369998931884766,40.68000030517578,14535500,VWO
2018-09-07,32.86662292480469,40.459999084472656,40.83000183105469,40.29999923706055,40.5099983215332,14695300,VWO
2018-09-10,32.4766960144043,39.97999954223633,40.349998474121094,39.90999984741211,40.349998474121094,16287800,VWO
2018-09-11,32.51731491088867,40.029998779296875,40.040000915527344,39.470001220703125,39.58000183105469,16237600,VWO
2018-09-12,32.72039794921875,40.279998779296875,40.52000045776367,39.77000045776367,39.88999938964844,19573900,VWO
2018-09-13,33.13468933105469,40.790000915527344,41.130001068115234,40.68000030517578,40.900001525878906,16522600,VWO
2018-09-14,33.09407043457031,40.7400016784668,41.040000915527344,40.529998779296875,40.939998626708984,13379800,VWO
2018-09-17,32.8341178894043,40.41999816894531,40.630001068115234,40.34000015258789,40.41999816894531,10816400,VWO
2018-09-18,33.09407043457031,40.7400016784668,40.84000015258789,40.54999923706055,40.54999923706055,10998000,VWO
2018-09-19,33.54084777832031,41.290000915527344,41.380001068115234,41.060001373291016,41.060001373291016,12179500,VWO
2018-09-20,33.81703567504883,41.630001068115234,41.70000076293945,41.36000061035156,41.599998474121094,11635100,VWO
2018-09-21,33.95513153076172,41.79999923706055,41.93000030517578,41.65999984741211,41.75,11775400,VWO
2018-09-24,33.53271484375,41.279998779296875,41.38999938964844,41.20000076293945,41.349998474121094,12027800,VWO
2018-09-25,33.743927001953125,41.540000915527344,41.58000183105469,41.33000183105469,41.369998931884766,9965000,VWO
2018-09-26,33.80555725097656,41.13999938964844,41.59000015258789,41.060001373291016,41.060001373291016,11270900,VWO
2018-09-27,33.9041633605957,41.2599983215332,41.38999938964844,41.150001525878906,41.18000030517578,8952000,VWO
2018-09-28,33.69050598144531,41.0,41.22999954223633,40.86000061035156,40.9900016784668,13852400,VWO
2018-10-01,33.772682189941406,41.099998474121094,41.2400016784668,40.9900016784668,41.22999954223633,14389800,VWO
2018-10-02,33.41114044189453,40.65999984741211,40.83000183105469,40.4900016784668,40.63999938964844,16632100,VWO
2018-10-03,33.131736755371094,40.31999969482422,40.939998626708984,40.209999084472656,40.939998626708984,16370600,VWO
2018-10-04,32.37575912475586,39.400001525878906,40.0,39.209999084472656,40.0,21225800,VWO
2018-10-05,32.22784423828125,39.220001220703125,39.400001525878906,38.849998474121094,39.380001068115234,20543000,VWO
2018-10-08,32.28538131713867,39.290000915527344,39.36000061035156,38.88999938964844,38.97999954223633,16332100,VWO
2018-10-09,32.20320129394531,39.189998626708984,39.33000183105469,38.84000015258789,38.97999954223633,18285000,VWO
2018-10-10,31.307518005371094,38.099998474121094,39.04999923706055,38.04999923706055,39.040000915527344,26144900,VWO
2018-10-11,31.028141021728516,37.7599983215332,38.279998779296875,37.36000061035156,37.90999984741211,47600100,VWO
2018-10-12,31.816987991333008,38.720001220703125,38.79999923706055,38.25,38.709999084472656,28567400,VWO
2018-10-15,31.504741668701172,38.34000015258789,38.61000061035156,38.279998779296875,38.41999816894531,16002300,VWO
2018-10-16,32.22784423828125,39.220001220703125,39.290000915527344,38.7400016784668,38.7400016784668,16985900,VWO
2018-10-17,31.841636657714844,38.75,38.959999084472656,38.540000915527344,38.90999984741211,14034300,VWO
2018-10-18,31.011707305908203,37.7400016784668,38.380001068115234,37.61000061035156,38.349998474121094,16859000,VWO
2018-10-19,31.299306869506836,38.09000015258789,38.4900016784668,37.959999084472656,38.31999969482422,15167700,VWO
2018-10-22,31.628005981445312,38.4900016784668,38.810001373291016,38.36000061035156,38.650001525878906,14177800,VWO
2018-10-23,31.31574249267578,38.11000061035156,38.33000183105469,37.45000076293945,37.630001068115234,17778900,VWO
2018-10-24,30.403635025024414,37.0,38.0099983215332,36.9900016784668,37.90999984741211,24787200,VWO
2018-10-25,30.978830337524414,37.70000076293945,37.95000076293945,37.31999969482422,37.40999984741211,18853500,VWO
2018-10-26,30.740543365478516,37.40999984741211,37.650001525878906,36.880001068115234,37.040000915527344,28023400,VWO
2018-10-29,30.14067840576172,36.68000030517578,37.77000045776367,36.349998474121094,37.68000030517578,27499700,VWO
2018-10-30,30.756973266601562,37.43000030517578,37.43000030517578,36.86000061035156,36.939998626708984,23070700,VWO
2018-10-31,31.110309600830078,37.86000061035156,38.02000045776367,37.65999984741211,37.900001525878906,23487500,VWO
2018-11-01,32.22784423828125,39.220001220703125,39.25,38.2599983215332,38.459999084472656,21896400,VWO
2018-11-02,32.34290313720703,39.36000061035156,39.880001068115234,38.939998626708984,39.7599983215332,26037100,VWO
2018-11-05,32.490806579589844,39.540000915527344,39.56999969482422,39.29999923706055,39.36000061035156,13925400,VWO
2018-11-06,32.36754608154297,39.38999938964844,39.470001220703125,39.20000076293945,39.27000045776367,12328700,VWO
2018-11-07,32.942745208740234,40.09000015258789,40.13999938964844,39.68000030517578,39.90999984741211,13378200,VWO
2018-11-08,32.14567184448242,39.119998931884766,39.72999954223633,38.9900016784668,39.58000183105469,14379200,VWO
2018-11-09,31.595129013061523,38.45000076293945,38.599998474121094,38.150001525878906,38.59000015258789,16329300,VWO
2018-11-12,31.176048278808594,37.939998626708984,38.380001068115234,37.84000015258789,38.290000915527344,19434100,VWO
2018-11-13,31.545825958251953,38.38999938964844,38.7599983215332,38.15999984741211,38.31999969482422,16903400,VWO
2018-11-14,31.79233169555664,38.689998626708984,38.90999984741211,38.34000015258789,38.779998779296875,21155800,VWO
2018-11-15,32.41684341430664,39.45000076293945,39.66999816894531,38.779998779296875,38.81999969482422,25360800,VWO
2018-11-16,32.53188705444336,39.59000015258789,39.72999954223633,39.060001373291016,39.15999984741211,18183200,VWO
2018-11-19,32.12924575805664,39.099998474121094,39.380001068115234,38.959999084472656,39.33000183105469,22622200,VWO
2018-11-20,31.455429077148438,38.279998779296875,38.63999938964844,38.119998931884766,38.470001220703125,19310100,VWO
2018-11-21,32.04706954956055,39.0,39.27000045776367,38.91999816894531,39.0,16361300,VWO
2018-11-23,31.71017074584961,38.59000015258789,38.790000915527344,38.52000045776367,38.540000915527344,11634300,VWO
2018-11-26,31.932029724121094,38.86000061035156,39.06999969482422,38.7400016784668,38.939998626708984,21898200,VWO
2018-11-27,32.1621208190918,39.13999938964844,39.13999938964844,38.66999816894531,38.7400016784668,16505200,VWO
2018-11-28,32.877017974853516,40.0099983215332,40.029998779296875,39.09000015258789,39.380001068115234,26402800,VWO
2018-11-29,32.655147552490234,39.7400016784668,39.97999954223633,39.54999923706055,39.75,22376500,VWO
2018-11-30,32.61405563354492,39.689998626708984,39.7400016784668,39.47999954223633,39.619998931884766,18214800,VWO
2018-12-03,33.263214111328125,40.47999954223633,40.75,40.29999923706055,40.689998626708984,22344600,VWO
2018-12-04,32.64692687988281,39.72999954223633,40.619998931884766,39.619998931884766,40.54999923706055,23569400,VWO
2018-12-06,32.383975982666016,39.40999984741211,39.40999984741211,38.470001220703125,38.65999984741211,31668000,VWO
2018-12-07,31.73481559753418,38.619998931884766,39.540000915527344,38.56999969482422,39.29999923706055,22938500,VWO
2018-12-10,31.365034103393555,38.16999816894531,38.380001068115234,37.709999084472656,38.310001373291016,33157000,VWO
2018-12-11,31.68552589416504,38.560001373291016,38.83000183105469,38.279998779296875,38.779998779296875,30196700,VWO
2018-12-12,32.1621208190918,39.13999938964844,39.4900016784668,39.130001068115234,39.2400016784668,26534300,VWO
2018-12-13,32.21140670776367,39.20000076293945,39.40999984741211,39.099998474121094,39.279998779296875,23109700,VWO
2018-12-14,31.80877113342285,38.709999084472656,39.029998779296875,38.650001525878906,38.709999084472656,23516600,VWO
2018-12-17,31.463653564453125,38.290000915527344,38.849998474121094,38.15999984741211,38.70000076293945,26749700,VWO
2018-12-18,31.660863876342773,38.529998779296875,38.7400016784668,38.40999984741211,38.540000915527344,30125000,VWO
2018-12-19,31.134958267211914,37.88999938964844,38.9900016784668,37.59000015258789,38.65999984741211,55565500,VWO
2018-12-20,31.37326431274414,38.18000030517578,38.5099983215332,37.869998931884766,38.2599983215332,38334200,VWO
2018-12-21,31.1185245513916,37.869998931884766,38.470001220703125,37.709999084472656,38.220001220703125,36971100,VWO
2018-12-24,30.877761840820312,37.31999969482422,37.79999923706055,37.29999923706055,37.52000045776367,20581900,VWO
2018-12-26,31.423839569091797,37.97999954223633,38.02000045776367,37.18000030517578,37.47999954223633,39456100,VWO
2018-12-27,31.357646942138672,37.900001525878906,37.95000076293945,37.31999969482422,37.47999954223633,36809700,VWO
2018-12-28,31.581026077270508,38.16999816894531,38.459999084472656,38.0,38.22999954223633,29480000,VWO
2018-12-31,31.523120880126953,38.099998474121094,38.5,37.9900016784668,38.43000030517578,25687900,VWO
2019-01-02,31.663774490356445,38.27000045776367,38.290000915527344,37.689998626708984,37.77000045776367,17856900,VWO
2019-01-03,31.16735076904297,37.66999816894531,37.93000030517578,37.52000045776367,37.900001525878906,15615100,VWO
2019-01-04,32.151920318603516,38.86000061035156,39.0099983215332,38.13999938964844,38.18000030517578,21471400,VWO
2019-01-07,32.218116760253906,38.939998626708984,39.04999923706055,38.65999984741211,38.849998474121094,17582800,VWO
2019-01-08,32.40013122558594,39.15999984741211,39.22999954223633,38.779998779296875,38.9900016784668,17090900,VWO
2019-01-09,32.87174606323242,39.72999954223633,39.91999816894531,39.38999938964844,39.400001525878906,21629700,VWO
2019-01-10,33.119956970214844,40.029998779296875,40.04999923706055,39.52000045776367,39.529998779296875,18736700,VWO
2019-01-11,32.913116455078125,39.779998779296875,39.83000183105469,39.58000183105469,39.63999938964844,22542300,VWO
2019-01-14,32.68144607543945,39.5,39.68000030517578,39.2599983215332,39.34000015258789,15067200,VWO
2019-01-15,32.896568298339844,39.7599983215332,39.90999984741211,39.599998474121094,39.689998626708984,17548300,VWO
2019-01-16,33.2192497253418,40.150001525878906,40.290000915527344,39.93000030517578,39.959999084472656,14705500,VWO
2019-01-17,33.3764533996582,40.34000015258789,40.5,39.790000915527344,39.81999969482422,19549000,VWO
2019-01-18,33.550201416015625,40.54999923706055,40.66999816894531,40.380001068115234,40.470001220703125,19264800,VWO
2019-01-22,32.987579345703125,39.869998931884766,40.15999984741211,39.68000030517578,40.06999969482422,19421400,VWO
2019-01-23,33.31026077270508,40.2599983215332,40.2599983215332,39.91999816894531,40.220001220703125,14975900,VWO
2019-01-24,33.591556549072266,40.599998474121094,40.630001068115234,40.2599983215332,40.2599983215332,16300100,VWO
2019-01-25,33.922508239746094,41.0,41.11000061035156,40.849998474121094,40.90999984741211,18232000,VWO
2019-01-28,33.56673812866211,40.56999969482422,40.599998474121094,40.310001373291016,40.439998626708984,18843600,VWO
2019-01-29,33.608116149902344,40.619998931884766,40.779998779296875,40.529998779296875,40.77000045776367,10577500,VWO
2019-01-30,34.203834533691406,41.34000015258789,41.41999816894531,40.59000015258789,40.779998779296875,21068900,VWO
2019-01-31,34.56786346435547,41.779998779296875,41.81999969482422,41.459999084472656,41.47999954223633,29177100,VWO
2019-02-01,34.31138610839844,41.470001220703125,41.56999969482422,41.380001068115234,41.560001373291016,20402700,VWO
2019-02-04,34.385841369628906,41.560001373291016,41.650001525878906,41.29999923706055,41.349998474121094,18100400,VWO
2019-02-05,34.774715423583984,42.029998779296875,42.06999969482422,41.66999816894531,41.709999084472656,18520300,VWO
2019-02-06,34.361026763916016,41.529998779296875,41.88999938964844,41.45000076293945,41.869998931884766,19303700,VWO
2019-02-07,34.038352966308594,41.13999938964844,41.45000076293945,40.810001373291016,41.27000045776367,20658500,VWO
2019-02-08,33.90595626831055,40.97999954223633,41.040000915527344,40.65999984741211,40.900001525878906,12385500,VWO
2019-02-11,33.707401275634766,40.7400016784668,41.060001373291016,40.7400016784668,41.040000915527344,14924600,VWO
2019-02-12,34.038352966308594,41.13999938964844,41.2599983215332,41.040000915527344,41.13999938964844,11353000,VWO
2019-02-13,33.79841613769531,40.849998474121094,41.25,40.77000045776367,41.18000030517578,18557900,VWO
2019-02-14,33.86460494995117,40.93000030517578,41.060001373291016,40.5099983215332,40.599998474121094,14819300,VWO
2019-02-15,33.80667495727539,40.86000061035156,40.97999954223633,40.72999954223633,40.900001525878906,24894400,VWO
2019-02-19,34.154178619384766,41.279998779296875,41.34000015258789,40.7400016784668,40.7400016784668,16260300,VWO
2019-02-20,34.30311584472656,41.459999084472656,41.72999954223633,41.369998931884766,41.470001220703125,14907000,VWO
2019-02-21,34.228633880615234,41.369998931884766,41.5099983215332,41.209999084472656,41.47999954223633,9401100,VWO
2019-02-22,34.61751937866211,41.84000015258789,41.97999954223633,41.65999984741211,41.7599983215332,9400000,VWO
2019-02-25,35.080848693847656,42.400001525878906,42.59000015258789,42.310001373291016,42.43000030517578,11812100,VWO
2019-02-26,34.973297119140625,42.27000045776367,42.41999816894531,42.099998474121094,42.13999938964844,11900800,VWO
2019-02-27,34.700252532958984,41.939998626708984,42.06999969482422,41.790000915527344,42.0099983215332,12705800,VWO
2019-02-28,34.43548583984375,41.619998931884766,41.790000915527344,41.529998779296875,41.77000045776367,21919600,VWO
2019-03-01,34.47686004638672,41.66999816894531,41.939998626708984,41.59000015258789,41.880001068115234,18902800,VWO
2019-03-04,34.60096740722656,41.81999969482422,42.0,41.439998626708984,41.9900016784668,20129800,VWO
2019-03-05,35.00638198852539,42.310001373291016,42.38999938964844,42.0099983215332,42.11000061035156,27879800,VWO
2019-03-06,34.83262634277344,42.099998474121094,42.40999984741211,42.04999923706055,42.34000015258789,12473400,VWO
2019-03-07,34.27001953125,41.41999816894531,41.91999816894531,41.33000183105469,41.900001525878906,17155400,VWO
2019-03-08,34.02180480957031,41.119998931884766,41.15999984741211,40.90999984741211,40.9900016784668,16063000,VWO
2019-03-11,34.716796875,41.959999084472656,42.0,41.560001373291016,41.599998474121094,10339700,VWO
2019-03-12,34.85744857788086,42.130001068115234,42.2400016784668,42.04999923706055,42.150001525878906,9999100,VWO
2019-03-13,34.931922912597656,42.220001220703125,42.310001373291016,42.099998474121094,42.220001220703125,14035200,VWO
2019-03-14,34.74989700317383,42.0,42.09000015258789,41.86000061035156,42.060001373291016,9892900,VWO
2019-03-15,35.22149658203125,42.56999969482422,42.619998931884766,42.36000061035156,42.36000061035156,13439600,VWO
2019-03-18,35.618629455566406,43.04999923706055,43.06999969482422,42.84000015258789,42.88999938964844,12380900,VWO
2019-03-19,35.62690734863281,43.060001373291016,43.20000076293945,42.95000076293945,43.09000015258789,12983700,VWO
2019-03-20,35.618629455566406,43.04999923706055,43.439998626708984,42.61000061035156,42.90999984741211,19124300,VWO
2019-03-21,35.70138168334961,43.150001525878906,43.150001525878906,42.7599983215332,42.810001373291016,22384800,VWO
2019-03-22,34.62578582763672,41.849998474121094,42.560001373291016,41.83000183105469,42.47999954223633,22669000,VWO
2019-03-25,34.78494644165039,41.959999084472656,42.060001373291016,41.72999954223633,41.81999969482422,15398600,VWO
2019-03-26,34.9010124206543,42.099998474121094,42.20000076293945,41.880001068115234,42.130001068115234,10330200,VWO
2019-03-27,34.51966857910156,41.63999938964844,41.97999954223633,41.529998779296875,41.88999938964844,13250700,VWO
2019-03-28,34.818119049072266,42.0,42.0099983215332,41.68000030517578,41.81999969482422,8694300,VWO
2019-03-29,35.232608795166016,42.5,42.540000915527344,42.27000045776367,42.47999954223633,15447000,VWO
2019-04-01,35.763179779052734,43.13999938964844,43.18000030517578,42.90999984741211,43.060001373291016,14802400,VWO
2019-04-02,35.6554069519043,43.0099983215332,43.20000076293945,42.86000061035156,43.20000076293945,15054200,VWO
2019-04-03,35.829498291015625,43.220001220703125,43.560001373291016,43.150001525878906,43.31999969482422,12024000,VWO
2019-04-04,36.06161880493164,43.5,43.56999969482422,43.189998626708984,43.209999084472656,7841200,VWO
2019-04-05,36.351768493652344,43.849998474121094,43.880001068115234,43.599998474121094,43.66999816894531,11259800,VWO
2019-04-08,36.326904296875,43.81999969482422,43.90999984741211,43.59000015258789,43.66999816894531,7890700,VWO
2019-04-09,36.27715301513672,43.7599983215332,43.88999938964844,43.720001220703125,43.86000061035156,9449900,VWO
2019-04-10,36.45124816894531,43.970001220703125,44.040000915527344,43.84000015258789,43.939998626708984,9027500,VWO
2019-04-11,36.0284538269043,43.459999084472656,43.650001525878906,43.349998474121094,43.619998931884766,11339300,VWO
2019-04-12,36.25229263305664,43.72999954223633,43.880001068115234,43.630001068115234,43.849998474121094,8444700,VWO
2019-04-15,36.06161880493164,43.5,43.66999816894531,43.29999923706055,43.650001525878906,9751200,VWO
2019-04-16,36.351768493652344,43.849998474121094,43.869998931884766,43.65999984741211,43.70000076293945,10231500,VWO
2019-04-17,36.442955017089844,43.959999084472656,44.189998626708984,43.849998474121094,44.150001525878906,9475700,VWO
2019-04-18,36.48440933227539,44.0099983215332,44.119998931884766,43.7599983215332,43.88999938964844,12727500,VWO
2019-04-22,36.268863677978516,43.75,43.790000915527344,43.540000915527344,43.63999938964844,7510300,VWO
2019-04-23,36.351768493652344,43.849998474121094,43.880001068115234,43.599998474121094,43.650001525878906,8520900,VWO
2019-04-24,35.928985595703125,43.34000015258789,43.65999984741211,43.2400016784668,43.65999984741211,9331500,VWO
2019-04-25,35.86264419555664,43.2599983215332,43.31999969482422,42.95000076293945,43.08000183105469,13595300,VWO
2019-04-26,36.0284538269043,43.459999084472656,43.52000045776367,43.2400016784668,43.38999938964844,8892300,VWO
2019-04-29,35.96213912963867,43.380001068115234,43.47999954223633,43.34000015258789,43.47999954223633,8655000,VWO
2019-04-30,35.98700714111328,43.40999984741211,43.5099983215332,43.13999938964844,43.349998474121094,10598500,VWO
2019-05-01,35.78804016113281,43.16999816894531,43.81999969482422,43.11000061035156,43.5,23283100,VWO
2019-05-02,35.837791442871094,43.22999954223633,43.36000061035156,43.0,43.22999954223633,17667800,VWO
2019-05-03,36.302024841308594,43.790000915527344,43.83000183105469,43.540000915527344,43.630001068115234,13250800,VWO
2019-05-06,35.53105926513672,42.86000061035156,42.900001525878906,42.36000061035156,42.40999984741211,21419100,VWO
2019-05-07,34.85956573486328,42.04999923706055,42.369998931884766,41.7599983215332,42.36000061035156,16799200,VWO
2019-05-08,34.76837921142578,41.939998626708984,42.290000915527344,41.91999816894531,42.099998474121094,19133200,VWO
2019-05-09,34.279258728027344,41.349998474121094,41.59000015258789,40.84000015258789,41.20000076293945,25300200,VWO
2019-05-10,34.561119079589844,41.689998626708984,41.79999923706055,41.06999969482422,41.54999923706055,17748100,VWO
2019-05-13,33.392234802246094,40.279998779296875,40.560001373291016,40.099998474121094,40.43000030517578,21780900,VWO
2019-05-14,33.85647201538086,40.84000015258789,40.9900016784668,40.66999816894531,40.810001373291016,15379800,VWO
2019-05-15,33.947662353515625,40.95000076293945,41.02000045776367,40.560001373291016,40.619998931884766,13267800,VWO
2019-05-16,33.864768981933594,40.849998474121094,41.220001220703125,40.83000183105469,40.97999954223633,12010900,VWO
2019-05-17,33.21814727783203,40.06999969482422,40.459999084472656,40.060001373291016,40.209999084472656,14372900,VWO
2019-05-20,33.10207748413086,39.93000030517578,40.130001068115234,39.810001373291016,40.029998779296875,12574800,VWO
2019-05-21,33.549739837646484,40.470001220703125,40.470001220703125,40.119998931884766,40.220001220703125,10937500,VWO
2019-05-22,33.40880584716797,40.29999923706055,40.45000076293945,40.22999954223633,40.41999816894531,9154500,VWO
2019-05-23,32.98601531982422,39.790000915527344,39.900001525878906,39.56999969482422,39.709999084472656,14334300,VWO
2019-05-24,33.0357666015625,39.849998474121094,40.119998931884766,39.77000045776367,40.06999969482422,8292500,VWO
2019-05-28,33.13524627685547,39.970001220703125,40.31999969482422,39.90999984741211,40.2400016784668,13114600,VWO
2019-05-29,33.41709899902344,40.310001373291016,40.31999969482422,39.880001068115234,39.95000076293945,16330800,VWO
2019-05-30,33.56633377075195,40.4900016784668,40.599998474121094,40.33000183105469,40.380001068115234,11041600,VWO
2019-05-31,33.690677642822266,40.63999938964844,40.689998626708984,40.25,40.29999923706055,14599100,VWO
2019-06-03,33.88963317871094,40.880001068115234,41.06999969482422,40.75,40.849998474121094,22369900,VWO
2019-06-04,33.89792251586914,40.88999938964844,40.93000030517578,40.59000015258789,40.66999816894531,19595700,VWO
2019-06-05,33.64921569824219,40.59000015258789,40.970001220703125,40.47999954223633,40.95000076293945,14323700,VWO
2019-06-06,33.640933990478516,40.58000183105469,40.66999816894531,40.400001525878906,40.540000915527344,12285000,VWO
2019-06-07,33.881343841552734,40.869998931884766,41.220001220703125,40.790000915527344,40.810001373291016,10334800,VWO
2019-06-10,34.19636917114258,41.25,41.43000030517578,41.119998931884766,41.209999084472656,12823700,VWO
2019-06-11,34.552833557128906,41.68000030517578,41.83000183105469,41.59000015258789,41.7599983215332,10155000,VWO
2019-06-12,34.17978286743164,41.22999954223633,41.45000076293945,41.189998626708984,41.40999984741211,9932300,VWO
2019-06-13,34.21293640136719,41.27000045776367,41.41999816894531,41.13999938964844,41.34000015258789,8963500,VWO
2019-06-14,33.79014587402344,40.7599983215332,41.0,40.7599983215332,40.97999954223633,12373600,VWO
2019-06-17,33.93122100830078,40.650001525878906,40.7400016784668,40.529998779296875,40.56999969482422,10116700,VWO
2019-06-18,34.69915771484375,41.56999969482422,41.65999984741211,41.06999969482422,41.08000183105469,10405800,VWO
2019-06-19,34.94123077392578,41.86000061035156,42.04999923706055,41.4900016784668,41.619998931884766,18670200,VWO
2019-06-20,35.483795166015625,42.5099983215332,42.81999969482422,42.34000015258789,42.75,15149900,VWO
2019-06-21,35.341896057128906,42.34000015258789,42.47999954223633,42.27000045776367,42.33000183105469,9494500,VWO
2019-06-24,35.366939544677734,42.369998931884766,42.45000076293945,42.290000915527344,42.34000015258789,8305600,VWO
2019-06-25,34.98296356201172,41.90999984741211,42.18000030517578,41.849998474121094,42.16999816894531,16757300,VWO
2019-06-26,35.325199127197266,42.31999969482422,42.45000076293945,42.189998626708984,42.220001220703125,9161700,VWO
2019-06-27,35.52552032470703,42.560001373291016,42.599998474121094,42.38999938964844,42.45000076293945,10934500,VWO
2019-06-28,35.50048828125,42.529998779296875,42.619998931884766,42.40999984741211,42.61000061035156,17584300,VWO
2019-07-01,36.009666442871094,43.13999938964844,43.43000030517578,42.97999954223633,43.349998474121094,17863000,VWO
2019-07-02,35.95958709716797,43.08000183105469,43.209999084472656,42.970001220703125,43.150001525878906,33509300,VWO
2019-07-03,36.001319885253906,43.130001068115234,43.130001068115234,42.90999984741211,42.970001220703125,6009200,VWO
2019-07-05,35.75090026855469,42.83000183105469,42.900001525878906,42.59000015258789,42.779998779296875,7884500,VWO
2019-07-08,35.60899353027344,42.65999984741211,42.709999084472656,42.540000915527344,42.65999984741211,8298700,VWO
2019-07-09,35.51717758178711,42.54999923706055,42.56999969482422,42.31999969482422,42.33000183105469,11298600,VWO
2019-07-10,35.75090026855469,42.83000183105469,43.06999969482422,42.810001373291016,42.90999984741211,11914000,VWO
2019-07-11,35.675785064697266,42.7400016784668,42.959999084472656,42.61000061035156,42.93000030517578,11012600,VWO
2019-07-12,35.675785064697266,42.7400016784668,42.790000915527344,42.59000015258789,42.75,5732200,VWO
2019-07-15,35.84272003173828,42.939998626708984,43.0,42.880001068115234,42.91999816894531,4783100,VWO
2019-07-16,35.775943756103516,42.86000061035156,43.08000183105469,42.83000183105469,42.95000076293945,6803400,VWO
2019-07-17,35.692466735839844,42.7599983215332,42.939998626708984,42.72999954223633,42.90999984741211,10681900,VWO
2019-07-18,35.917842864990234,43.029998779296875,43.029998779296875,42.689998626708984,42.709999084472656,11575100,VWO
2019-07-19,35.684120178222656,42.75,43.060001373291016,42.689998626708984,43.04999923706055,8186900,VWO
2019-07-22,35.64238739013672,42.70000076293945,42.849998474121094,42.66999816894531,42.779998779296875,8014200,VWO
2019-07-23,35.64238739013672,42.70000076293945,42.7599983215332,42.560001373291016,42.75,6357300,VWO
2019-07-24,35.75090026855469,42.83000183105469,42.86000061035156,42.720001220703125,42.720001220703125,7515200,VWO
2019-07-25,35.542213439941406,42.58000183105469,42.81999969482422,42.470001220703125,42.810001373291016,8636000,VWO
2019-07-26,35.57560348510742,42.619998931884766,42.7599983215332,42.5099983215332,42.72999954223633,5603300,VWO
2019-07-29,35.56726837158203,42.61000061035156,42.63999938964844,42.400001525878906,42.54999923706055,4350000,VWO
2019-07-30,35.21668243408203,42.189998626708984,42.27000045776367,42.09000015258789,42.25,6821400,VWO
2019-07-31,34.85774612426758,41.7599983215332,42.290000915527344,41.31999969482422,42.2599983215332,18317400,VWO
2019-08-01,34.223365783691406,41.0,42.099998474121094,40.86000061035156,41.79999923706055,23622500,VWO
2019-08-02,33.89783477783203,40.61000061035156,40.939998626708984,40.4900016784668,40.88999938964844,17077200,VWO
2019-08-05,32.704185485839844,39.18000030517578,39.630001068115234,39.0099983215332,39.599998474121094,18574000,VWO
2019-08-06,33.221717834472656,39.79999923706055,39.970001220703125,39.540000915527344,39.90999984741211,19442300,VWO
2019-08-07,33.363616943359375,39.970001220703125,40.0,39.279998779296875,39.43000030517578,14145300,VWO
2019-08-08,33.797664642333984,40.4900016784668,40.52000045776367,40.15999984741211,40.27000045776367,12756300,VWO
2019-08-09,33.463775634765625,40.09000015258789,40.279998779296875,39.880001068115234,40.220001220703125,10582100,VWO
2019-08-12,33.08815383911133,39.63999938964844,39.779998779296875,39.5099983215332,39.560001373291016,8128700,VWO
2019-08-13,33.48048400878906,40.11000061035156,40.349998474121094,39.279998779296875,39.369998931884766,11871700,VWO
2019-08-14,32.55393981933594,39.0,39.43000030517578,38.97999954223633,39.31999969482422,15201900,VWO
2019-08-15,32.73756790161133,39.220001220703125,39.38999938964844,39.02000045776367,39.29999923706055,18404400,VWO
2019-08-16,33.171634674072266,39.7400016784668,39.810001373291016,39.54999923706055,39.58000183105469,10991100,VWO
2019-08-19,33.280147552490234,39.869998931884766,40.2599983215332,39.849998474121094,40.220001220703125,9873400,VWO
2019-08-20,33.33858108520508,39.939998626708984,40.11000061035156,39.880001068115234,39.97999954223633,7996200,VWO
2019-08-21,33.59733200073242,40.25,40.290000915527344,40.08000183105469,40.290000915527344,7337600,VWO
2019-08-22,33.25510025024414,39.84000015258789,40.06999969482422,39.709999084472656,40.0,18196300,VWO
2019-08-23,32.77931213378906,39.27000045776367,40.130001068115234,39.220001220703125,39.7599983215332,14002600,VWO
2019-08-26,32.98798370361328,39.52000045776367,39.599998474121094,39.400001525878906,39.58000183105469,9735100,VWO
2019-08-27,33.00469970703125,39.540000915527344,39.880001068115234,39.5,39.7599983215332,13179200,VWO
2019-08-28,33.129886627197266,39.689998626708984,39.72999954223633,39.369998931884766,39.45000076293945,10898000,VWO
2019-08-29,33.51386642456055,40.150001525878906,40.16999816894531,39.81999969482422,39.95000076293945,8794100,VWO
2019-08-30,33.7225341796875,40.400001525878906,40.45000076293945,40.15999984741211,40.439998626708984,10270600,VWO
2019-09-03,33.54724884033203,40.189998626708984,40.189998626708984,39.95000076293945,40.0,14146900,VWO
2019-09-04,34.098167419433594,40.849998474121094,40.86000061035156,40.61000061035156,40.650001525878906,10591600,VWO
2019-09-05,34.3569221496582,41.15999984741211,41.29999923706055,41.119998931884766,41.220001220703125,22002800,VWO
2019-09-06,34.4654426574707,41.290000915527344,41.439998626708984,41.2400016784668,41.369998931884766,9765900,VWO
2019-09-09,34.55726623535156,41.400001525878906,41.52000045776367,41.27000045776367,41.400001525878906,5861500,VWO
2019-09-10,34.55726623535156,41.400001525878906,41.47999954223633,41.18000030517578,41.34000015258789,10037700,VWO
2019-09-11,34.816017150878906,41.709999084472656,41.7400016784668,41.4900016784668,41.560001373291016,8676800,VWO
2019-09-12,35.033042907714844,41.970001220703125,42.189998626708984,41.790000915527344,41.95000076293945,10526400,VWO
2019-09-13,35.21668243408203,42.189998626708984,42.279998779296875,42.119998931884766,42.189998626708984,9503700,VWO
2019-09-16,34.932884216308594,41.849998474121094,42.06999969482422,41.779998779296875,41.88999938964844,7936800,VWO
2019-09-17,34.97461700439453,41.900001525878906,41.90999984741211,41.459999084472656,41.5,10816800,VWO
2019-09-18,34.79931640625,41.689998626708984,41.83000183105469,41.36000061035156,41.77000045776367,11450700,VWO
2019-09-19,34.582298278808594,41.43000030517578,41.75,41.40999984741211,41.630001068115234,10263900,VWO
2019-09-20,34.64072799682617,41.5,41.84000015258789,41.38999938964844,41.810001373291016,18953100,VWO
2019-09-23,34.76593780517578,41.650001525878906,41.650001525878906,41.40999984741211,41.459999084472656,13422300,VWO
2019-09-24,34.34245681762695,40.630001068115234,41.08000183105469,40.619998931884766,41.040000915527344,15055800,VWO
2019-09-25,34.37627410888672,40.66999816894531,40.72999954223633,40.290000915527344,40.40999984741211,13863900,VWO
2019-09-26,34.35936737060547,40.650001525878906,40.7599983215332,40.5099983215332,40.709999084472656,20552000,VWO
2019-09-27,33.92829895019531,40.13999938964844,40.72999954223633,39.97999954223633,40.66999816894531,23051800,VWO
2019-09-30,34.029720306396484,40.2599983215332,40.5099983215332,40.2599983215332,40.36000061035156,14543400,VWO
2019-10-01,33.793052673339844,39.97999954223633,40.29999923706055,39.959999084472656,40.2599983215332,26339900,VWO
2019-10-02,33.632450103759766,39.790000915527344,39.869998931884766,39.61000061035156,39.81999969482422,16861600,VWO
2019-10-03,34.038169860839844,40.27000045776367,40.27000045776367,39.83000183105469,39.93000030517578,20121600,VWO
2019-10-04,34.19877243041992,40.459999084472656,40.52000045776367,40.130001068115234,40.15999984741211,13811200,VWO
2019-10-07,33.936744689941406,40.150001525878906,40.41999816894531,40.11000061035156,40.2400016784668,15542800,VWO
2019-10-08,33.64937210083008,39.810001373291016,40.060001373291016,39.779998779296875,40.02000045776367,15143200,VWO
2019-10-09,33.90293884277344,40.11000061035156,40.2599983215332,40.06999969482422,40.13999938964844,9411600,VWO
2019-10-10,34.26640319824219,40.540000915527344,40.70000076293945,40.27000045776367,40.279998779296875,13111600,VWO
2019-10-11,34.72282409667969,41.08000183105469,41.38999938964844,41.029998779296875,41.099998474121094,16599400,VWO
2019-10-14,34.646766662597656,40.9900016784668,41.150001525878906,40.970001220703125,41.099998474121094,6153400,VWO
2019-10-15,34.883419036865234,41.27000045776367,41.380001068115234,41.08000183105469,41.099998474121094,11229100,VWO
2019-10-16,34.976402282714844,41.380001068115234,41.43000030517578,41.16999816894531,41.27000045776367,9017100,VWO
2019-10-17,35.086280822753906,41.5099983215332,41.75,41.47999954223633,41.7400016784668,20217600,VWO
2019-10-18,34.99330520629883,41.400001525878906,41.630001068115234,41.29999923706055,41.5099983215332,9191200,VWO
2019-10-21,35.24688720703125,41.70000076293945,41.70000076293945,41.439998626708984,41.52000045776367,8315700,VWO
2019-10-22,35.22152328491211,41.66999816894531,41.79999923706055,41.630001068115234,41.65999984741211,9087600,VWO
2019-10-23,35.238433837890625,41.689998626708984,41.7400016784668,41.5,41.54999923706055,9716800,VWO
2019-10-24,35.28070068359375,41.7400016784668,41.880001068115234,41.689998626708984,41.86000061035156,11299600,VWO
2019-10-25,35.44129180908203,41.93000030517578,41.9900016784668,41.689998626708984,41.720001220703125,9776500,VWO
2019-10-28,35.7202033996582,42.2599983215332,42.349998474121094,42.15999984741211,42.18000030517578,9763100,VWO
2019-10-29,35.517364501953125,42.02000045776367,42.119998931884766,41.959999084472656,42.0,8959700,VWO
2019-10-30,35.65260314941406,42.18000030517578,42.18000030517578,41.7400016784668,41.900001525878906,13014400,VWO
2019-10-31,35.37367248535156,41.849998474121094,42.060001373291016,41.66999816894531,42.060001373291016,10505500,VWO
2019-11-01,35.92308044433594,42.5,42.5,42.27000045776367,42.310001373291016,22384400,VWO
2019-11-04,36.185115814208984,42.810001373291016,43.0,42.77000045776367,42.97999954223633,10487900,VWO
2019-11-05,36.36261749267578,43.02000045776367,43.06999969482422,42.84000015258789,43.0099983215332,10576500,VWO
2019-11-06,36.303436279296875,42.95000076293945,43.04999923706055,42.790000915527344,42.97999954223633,14736800,VWO
2019-11-07,36.548561096191406,43.2400016784668,43.38999938964844,43.16999816894531,43.189998626708984,13938400,VWO
2019-11-08,36.21892547607422,42.849998474121094,42.97999954223633,42.75,42.91999816894531,9167900,VWO
2019-11-11,36.016056060791016,42.61000061035156,42.630001068115234,42.31999969482422,42.349998474121094,6983100,VWO
2019-11-12,35.745574951171875,42.290000915527344,42.45000076293945,42.209999084472656,42.38999938964844,8638100,VWO
2019-11-13,35.517364501953125,42.02000045776367,42.09000015258789,41.869998931884766,41.88999938964844,9925900,VWO
2019-11-14,35.500465393066406,42.0,42.09000015258789,41.81999969482422,41.959999084472656,9311500,VWO
2019-11-15,35.73712921142578,42.279998779296875,42.349998474121094,42.16999816894531,42.220001220703125,6708700,VWO
2019-11-18,35.728675842285156,42.27000045776367,42.40999984741211,42.209999084472656,42.31999969482422,8754000,VWO
2019-11-19,35.855464935302734,42.41999816894531,42.619998931884766,42.36000061035156,42.61000061035156,9778500,VWO
2019-11-20,35.7202033996582,42.2599983215332,42.459999084472656,42.130001068115234,42.33000183105469,12367400,VWO
2019-11-21,35.762481689453125,42.310001373291016,42.310001373291016,42.09000015258789,42.16999816894531,15122400,VWO
2019-11-22,35.69486618041992,42.22999954223633,42.34000015258789,42.13999938964844,42.33000183105469,6350200,VWO
2019-11-25,36.016056060791016,42.61000061035156,42.650001525878906,42.40999984741211,42.459999084472656,8433700,VWO
2019-11-26,35.87236785888672,42.439998626708984,42.470001220703125,42.18000030517578,42.369998931884766,13212800,VWO
2019-11-27,35.98225021362305,42.56999969482422,42.56999969482422,42.34000015258789,42.400001525878906,7688500,VWO
2019-11-29,35.551170349121094,42.060001373291016,42.18000030517578,42.029998779296875,42.099998474121094,11590600,VWO
2019-12-02,35.559627532958984,42.06999969482422,42.16999816894531,41.91999816894531,42.15999984741211,19384700,VWO
2019-12-03,35.41593933105469,41.900001525878906,41.900001525878906,41.54999923706055,41.72999954223633,9971200,VWO
2019-12-04,35.728675842285156,42.27000045776367,42.33000183105469,42.18000030517578,42.2400016784668,18321300,VWO
2019-12-05,35.91463851928711,42.4900016784668,42.529998779296875,42.33000183105469,42.349998474121094,9433100,VWO
2019-12-06,36.049869537353516,42.650001525878906,42.709999084472656,42.560001373291016,42.650001525878906,10105700,VWO
2019-12-09,35.91463851928711,42.4900016784668,42.77000045776367,42.4900016784668,42.63999938964844,5427200,VWO
2019-12-10,35.99070358276367,42.58000183105469,42.68000030517578,42.4900016784668,42.560001373291016,9171900,VWO
2019-12-11,36.47249984741211,43.150001525878906,43.220001220703125,42.83000183105469,42.83000183105469,8658400,VWO
2019-12-12,36.9712028503418,43.7400016784668,43.81999969482422,43.189998626708984,43.209999084472656,17743400,VWO
2019-12-13,36.928924560546875,43.689998626708984,44.13999938964844,43.619998931884766,43.83000183105469,16061400,VWO
2019-12-16,37.24166488647461,44.060001373291016,44.20000076293945,44.04999923706055,44.099998474121094,10399600,VWO
2019-12-17,37.520591735839844,44.38999938964844,44.439998626708984,44.279998779296875,44.369998931884766,7372500,VWO
2019-12-18,37.723453521728516,44.630001068115234,44.650001525878906,44.5099983215332,44.619998931884766,9846200,VWO
2019-12-19,37.74882125854492,44.65999984741211,44.68000030517578,44.4900016784668,44.540000915527344,8887600,VWO
2019-12-20,37.78262710571289,44.70000076293945,44.7599983215332,44.599998474121094,44.68000030517578,14516000,VWO
2019-12-23,37.850257873535156,44.220001220703125,44.220001220703125,44.11000061035156,44.15999984741211,6509500,VWO
2019-12-24,37.816009521484375,44.18000030517578,44.25,44.11000061035156,44.220001220703125,3320300,VWO
2019-12-26,38.13270950317383,44.54999923706055,44.54999923706055,44.25,44.349998474121094,5064100,VWO
2019-12-27,38.1840705871582,44.61000061035156,44.75,44.52000045776367,44.7400016784668,7894700,VWO
2019-12-30,37.970088958740234,44.36000061035156,44.7599983215332,44.31999969482422,44.75,10039700,VWO
2019-12-31,38.064239501953125,44.470001220703125,44.54999923706055,44.29999923706055,44.43000030517578,6616100,VWO
2020-01-02,38.97154235839844,45.529998779296875,45.529998779296875,45.02000045776367,45.06999969482422,13427400,VWO
2020-01-03,38.278221130371094,44.720001220703125,45.029998779296875,44.720001220703125,44.83000183105469,12501600,VWO
2020-01-06,38.209754943847656,44.63999938964844,44.650001525878906,44.38999938964844,44.400001525878906,10315100,VWO
2020-01-07,38.19263458251953,44.619998931884766,44.68000030517578,44.45000076293945,44.540000915527344,11859300,VWO
2020-01-08,38.36381912231445,44.81999969482422,45.029998779296875,44.470001220703125,44.5099983215332,11113700,VWO
2020-01-09,38.56069564819336,45.04999923706055,45.15999984741211,44.91999816894531,45.13999938964844,17924500,VWO
2020-01-10,38.749000549316406,45.27000045776367,45.43000030517578,45.20000076293945,45.31999969482422,14887200,VWO
2020-01-13,39.279693603515625,45.88999938964844,45.91999816894531,45.45000076293945,45.5099983215332,8973900,VWO
2020-01-14,39.09994888305664,45.68000030517578,45.68000030517578,45.459999084472656,45.619998931884766,13281100,VWO
2020-01-15,38.85171890258789,45.38999938964844,45.59000015258789,45.310001373291016,45.540000915527344,13064600,VWO
2020-01-16,39.048583984375,45.619998931884766,45.65999984741211,45.47999954223633,45.630001068115234,14620400,VWO
2020-01-17,39.29680633544922,45.90999984741211,45.90999984741211,45.65999984741211,45.7599983215332,13094800,VWO
2020-01-21,38.32102584838867,44.77000045776367,45.02000045776367,44.72999954223633,44.970001220703125,14543900,VWO
2020-01-22,38.55213165283203,45.040000915527344,45.22999954223633,44.939998626708984,45.18000030517578,15637600,VWO
2020-01-23,38.20118713378906,44.630001068115234,44.7400016784668,44.150001525878906,44.36000061035156,15386000,VWO
2020-01-24,37.91017150878906,44.290000915527344,44.70000076293945,44.06999969482422,44.70000076293945,19643500,VWO
2020-01-27,36.63479232788086,42.79999923706055,43.02000045776367,42.369998931884766,42.5,19866500,VWO
2020-01-28,36.94293975830078,43.15999984741211,43.25,42.790000915527344,42.97999954223633,13930500,VWO
2020-01-29,37.114131927490234,43.36000061035156,43.54999923706055,43.2599983215332,43.5099983215332,9174200,VWO
2020-01-30,36.60911560058594,42.77000045776367,42.810001373291016,42.2400016784668,42.45000076293945,16587300,VWO
2020-01-31,35.95859146118164,42.0099983215332,42.22999954223633,41.77000045776367,42.18000030517578,15755300,VWO
2020-02-03,36.21538543701172,42.310001373291016,42.45000076293945,42.060001373291016,42.060001373291016,23429800,VWO
2020-02-04,37.07988357543945,43.31999969482422,43.56999969482422,43.29999923706055,43.349998474121094,15264900,VWO
2020-02-05,37.28532028198242,43.560001373291016,44.099998474121094,43.470001220703125,44.060001373291016,20121100,VWO
2020-02-06,37.26820373535156,43.540000915527344,43.869998931884766,43.5099983215332,43.849998474121094,9642900,VWO
2020-02-07,36.76319122314453,42.95000076293945,43.16999816894531,42.869998931884766,43.16999816894531,8298300,VWO
2020-02-10,36.99429702758789,43.220001220703125,43.220001220703125,42.970001220703125,42.970001220703125,8238000,VWO
2020-02-11,37.4650764465332,43.77000045776367,43.970001220703125,43.650001525878906,43.68000030517578,8439700,VWO
2020-02-12,37.94440460205078,44.33000183105469,44.369998931884766,44.02000045776367,44.13999938964844,10143100,VWO
2020-02-13,37.542110443115234,43.86000061035156,44.040000915527344,43.75,43.88999938964844,14411400,VWO
2020-02-14,37.4650764465332,43.77000045776367,44.040000915527344,43.619998931884766,44.02000045776367,8417000,VWO
2020-02-18,37.3366813659668,43.619998931884766,43.709999084472656,43.47999954223633,43.56999969482422,8623800,VWO
2020-02-19,37.64482116699219,43.97999954223633,44.040000915527344,43.90999984741211,43.959999084472656,9889700,VWO
2020-02-20,37.131248474121094,43.380001068115234,43.77000045776367,43.22999954223633,43.72999954223633,13407400,VWO
2020-02-21,36.99429702758789,43.220001220703125,43.400001525878906,43.11000061035156,43.310001373291016,8103800,VWO
2020-02-24,35.693241119384766,41.70000076293945,41.93000030517578,41.45000076293945,41.5,17789800,VWO
2020-02-25,35.4107780456543,41.369998931884766,42.29999923706055,41.349998474121094,42.27000045776367,21292800,VWO
2020-02-26,35.63334274291992,41.630001068115234,42.2400016784668,41.619998931884766,41.849998474121094,25218200,VWO
2020-02-27,34.77737045288086,40.630001068115234,41.40999984741211,40.599998474121094,41.13999938964844,35274700,VWO
2020-02-28,34.6832275390625,40.52000045776367,40.56999969482422,39.220001220703125,39.47999954223633,54845800,VWO
2020-03-02,35.350868225097656,41.29999923706055,41.29999923706055,40.290000915527344,40.5,40151000,VWO
2020-03-03,35.17967987060547,41.099998474121094,41.970001220703125,40.75,41.38999938964844,50334100,VWO
2020-03-04,35.67612075805664,41.68000030517578,41.720001220703125,41.31999969482422,41.560001373291016,25280500,VWO
2020-03-05,34.99135971069336,40.880001068115234,41.5099983215332,40.630001068115234,41.369998931884766,24944100,VWO
2020-03-06,34.33229064941406,40.11000061035156,40.27000045776367,39.65999984741211,40.130001068115234,36225700,VWO
2020-03-09,31.772977828979492,37.119998931884766,37.95000076293945,36.95000076293945,37.189998626708984,38193800,VWO
2020-03-10,33.373619079589844,38.9900016784668,39.029998779296875,37.95000076293945,38.720001220703125,43913600,VWO
2020-03-11,31.927061080932617,37.29999923706055,38.20000076293945,37.09000015258789,38.06999969482422,41684100,VWO
2020-03-12,28.717235565185547,33.54999923706055,34.4900016784668,32.83000183105469,34.0099983215332,42380000,VWO
2020-03-13,30.72871208190918,35.900001525878906,36.52000045776367,34.119998931884766,36.5099983215332,42239300,VWO
2020-03-16,27.013885498046875,31.559999465942383,33.25,31.0,31.760000228881836,44521000,VWO
2020-03-17,28.70867347717285,33.540000915527344,33.61000061035156,31.850000381469727,32.380001068115234,41307800,VWO
2020-03-18,26.37191390991211,30.809999465942383,31.899999618530273,30.040000915527344,30.739999771118164,37816500,VWO
2020-03-19,26.51742935180664,30.979999542236328,31.469999313354492,30.18000030517578,30.68000030517578,40757300,VWO
2020-03-20,26.637266159057617,31.1200008392334,32.560001373291016,31.040000915527344,32.45000076293945,49851800,VWO
2020-03-23,26.121015548706055,30.459999084472656,30.969999313354492,29.959999084472656,30.84000015258789,55124600,VWO
2020-03-24,27.767520904541016,32.380001068115234,32.470001220703125,31.920000076293945,32.15999984741211,40806400,VWO
2020-03-25,28.676517486572266,33.439998626708984,33.91999816894531,32.619998931884766,32.959999084472656,48730200,VWO
2020-03-26,29.834213256835938,34.790000915527344,34.84000015258789,33.77000045776367,33.790000915527344,38009500,VWO
2020-03-27,28.222017288208008,32.90999984741211,33.40999984741211,32.7599983215332,33.0,30660100,VWO
2020-03-30,28.63364601135254,33.38999938964844,33.38999938964844,32.72999954223633,32.95000076293945,26917400,VWO
2020-03-31,28.770856857299805,33.54999923706055,33.959999084472656,33.349998474121094,33.41999816894531,28798700,VWO
2020-04-01,27.750364303588867,32.36000061035156,32.95000076293945,32.2599983215332,32.70000076293945,27389300,VWO
2020-04-02,28.565044403076172,33.310001373291016,33.43000030517578,32.72999954223633,32.869998931884766,23383500,VWO
2020-04-03,28.016204833984375,32.66999816894531,33.380001068115234,32.5,33.2400016784668,20830000,VWO
2020-04-06,29.396860122680664,34.279998779296875,34.33000183105469,33.72999954223633,33.84000015258789,24480000,VWO
2020-04-07,29.568370819091797,34.47999954223633,35.4900016784668,34.40999984741211,35.47999954223633,25931000,VWO
2020-04-08,29.91140365600586,34.880001068115234,34.9900016784668,34.380001068115234,34.65999984741211,20939200,VWO
2020-04-09,29.859939575195312,34.81999969482422,35.47999954223633,34.72999954223633,35.29999923706055,24956000,VWO
2020-04-13,29.971418380737305,34.95000076293945,34.97999954223633,34.54999923706055,34.849998474121094,25044100,VWO
2020-04-14,30.571712493896484,35.650001525878906,35.939998626708984,35.52000045776367,35.66999816894531,21580400,VWO
2020-04-15,29.894237518310547,34.86000061035156,35.040000915527344,34.72999954223633,34.900001525878906,16109900,VWO
2020-04-16,30.065753936767578,35.060001373291016,35.349998474121094,34.93000030517578,35.29999923706055,32117900,VWO
2020-04-17,30.55455780029297,35.630001068115234,35.900001525878906,35.40999984741211,35.86000061035156,28173200,VWO
2020-04-20,30.331592559814453,35.369998931884766,35.709999084472656,35.279998779296875,35.400001525878906,22379500,VWO
2020-04-21,29.491193771362305,34.38999938964844,34.7400016784668,34.310001373291016,34.58000183105469,17501900,VWO
2020-04-22,30.25441551208496,35.279998779296875,35.38999938964844,35.2400016784668,35.36000061035156,16567900,VWO
2020-04-23,30.134353637695312,35.13999938964844,35.77000045776367,35.13999938964844,35.54999923706055,19398700,VWO
2020-04-24,30.091480255126953,35.09000015258789,35.27000045776367,34.790000915527344,35.209999084472656,15272300,VWO
2020-04-27,30.6574649810791,35.75,35.810001373291016,35.470001220703125,35.5099983215332,17169500,VWO
2020-04-28,30.734647750854492,35.84000015258789,36.29999923706055,35.790000915527344,36.2599983215332,15768600,VWO
2020-04-29,31.56647491455078,36.810001373291016,36.88999938964844,36.369998931884766,36.43000030517578,14100100,VWO
2020-04-30,31.01763343811035,36.16999816894531,36.779998779296875,35.90999984741211,36.70000076293945,26071100,VWO
2020-05-01,29.97999382019043,34.959999084472656,35.439998626708984,34.84000015258789,35.310001373291016,21870700,VWO
2020-05-04,30.357324600219727,35.400001525878906,35.400001525878906,35.0,35.099998474121094,22859900,VWO
2020-05-05,30.49453353881836,35.560001373291016,35.900001525878906,35.529998779296875,35.7400016784668,14461600,VWO
2020-05-06,30.417348861694336,35.470001220703125,35.84000015258789,35.459999084472656,35.779998779296875,12747300,VWO
2020-05-07,30.61458969116211,35.70000076293945,35.880001068115234,35.560001373291016,35.779998779296875,13151400,VWO
2020-05-08,31.300622940063477,36.5,36.56999969482422,36.15999984741211,36.18000030517578,16327000,VWO
2020-05-11,31.14627456665039,36.31999969482422,36.529998779296875,36.290000915527344,36.36000061035156,13167700,VWO
2020-05-12,31.051937103271484,36.209999084472656,36.880001068115234,36.189998626708984,36.59000015258789,14340900,VWO
2020-05-13,30.957599639892578,36.099998474121094,36.63999938964844,35.869998931884766,36.540000915527344,17270700,VWO
2020-05-14,31.051937103271484,36.209999084472656,36.27000045776367,35.279998779296875,35.41999816894531,19407500,VWO
2020-05-15,30.66604232788086,35.7599983215332,35.939998626708984,35.56999969482422,35.689998626708984,11522500,VWO
2020-05-18,31.823728561401367,37.11000061035156,37.189998626708984,36.56999969482422,36.58000183105469,13599700,VWO
2020-05-19,31.506444931030273,36.7400016784668,37.16999816894531,36.7400016784668,37.0099983215332,10852400,VWO
2020-05-20,31.900917053222656,37.20000076293945,37.4900016784668,37.02000045776367,37.33000183105469,12651500,VWO
2020-05-21,31.575044631958008,36.81999969482422,37.13999938964844,36.65999984741211,36.9900016784668,12794500,VWO
2020-05-22,30.974754333496094,36.119998931884766,36.290000915527344,35.97999954223633,36.290000915527344,12949400,VWO
2020-05-26,31.66080093383789,36.91999816894531,37.349998474121094,36.84000015258789,37.189998626708984,16462700,VWO
2020-05-27,31.695104598999023,36.959999084472656,37.08000183105469,36.560001373291016,37.04999923706055,15722400,VWO
2020-05-28,31.489290237426758,36.720001220703125,37.279998779296875,36.70000076293945,37.099998474121094,15888900,VWO
2020-05-29,32.03812026977539,37.36000061035156,37.40999984741211,36.720001220703125,36.970001220703125,19256500,VWO
2020-06-01,32.76704788208008,38.209999084472656,38.2400016784668,37.650001525878906,37.7400016784668,17416900,VWO
2020-06-02,33.53025817871094,39.099998474121094,39.16999816894531,38.59000015258789,38.65999984741211,13518600,VWO
2020-06-03,34.18199920654297,39.86000061035156,39.959999084472656,39.5,39.540000915527344,15842100,VWO
2020-06-04,33.753231048583984,39.36000061035156,39.650001525878906,39.16999816894531,39.400001525878906,9021900,VWO
2020-06-05,34.53359603881836,40.27000045776367,40.54999923706055,40.22999954223633,40.29999923706055,15422000,VWO
2020-06-08,34.808013916015625,40.59000015258789,40.630001068115234,40.0099983215332,40.22999954223633,9854000,VWO
2020-06-09,34.61935043334961,40.369998931884766,40.439998626708984,39.91999816894531,40.04999923706055,8289400,VWO
2020-06-10,34.790855407714844,40.56999969482422,40.70000076293945,40.13999938964844,40.459999084472656,14451800,VWO
2020-06-11,33.01572799682617,38.5,39.5099983215332,38.470001220703125,39.29999923706055,15532800,VWO
2020-06-12,33.77037811279297,39.380001068115234,39.619998931884766,38.849998474121094,39.5099983215332,20416800,VWO
2020-06-15,33.6331672668457,39.220001220703125,39.41999816894531,38.459999084472656,38.56999969482422,12808400,VWO
2020-06-16,33.76179504394531,39.369998931884766,40.11000061035156,39.130001068115234,40.099998474121094,23321700,VWO
2020-06-17,34.07051086425781,39.72999954223633,39.91999816894531,39.619998931884766,39.68000030517578,11793300,VWO
2020-06-18,34.0791015625,39.7400016784668,39.90999984741211,39.630001068115234,39.630001068115234,10108700,VWO
2020-06-19,34.139129638671875,39.810001373291016,40.279998779296875,39.619998931884766,40.279998779296875,14298700,VWO
2020-06-22,34.509456634521484,40.06999969482422,40.15999984741211,39.81999969482422,39.90999984741211,11636800,VWO
2020-06-23,34.85394287109375,40.470001220703125,40.720001220703125,40.43000030517578,40.540000915527344,8474300,VWO
2020-06-24,34.328590393066406,39.86000061035156,40.36000061035156,39.619998931884766,40.2400016784668,11226800,VWO
2020-06-25,34.47500991821289,40.029998779296875,40.09000015258789,39.63999938964844,39.79999923706055,9676800,VWO
2020-06-26,34.061614990234375,39.54999923706055,39.939998626708984,39.41999816894531,39.91999816894531,14051900,VWO
2020-06-29,34.28553771972656,39.810001373291016,39.81999969482422,39.40999984741211,39.619998931884766,11001500,VWO
2020-06-30,34.11329650878906,39.61000061035156,39.779998779296875,39.470001220703125,39.720001220703125,17667800,VWO
2020-07-01,34.569740295410156,40.13999938964844,40.31999969482422,39.95000076293945,39.959999084472656,14205900,VWO
2020-07-02,35.387901306152344,41.09000015258789,41.34000015258789,40.95000076293945,41.04999923706055,10983200,VWO
2020-07-06,36.94673156738281,42.900001525878906,42.91999816894531,42.529998779296875,42.540000915527344,14011700,VWO
2020-07-07,36.3610954284668,42.220001220703125,42.66999816894531,42.209999084472656,42.38999938964844,10095000,VWO
2020-07-08,37.33428192138672,43.349998474121094,43.369998931884766,42.81999969482422,42.86000061035156,9999700,VWO
2020-07-09,37.3601188659668,43.380001068115234,43.81999969482422,43.029998779296875,43.779998779296875,12825400,VWO
2020-07-10,37.10175704956055,43.08000183105469,43.18000030517578,42.84000015258789,43.130001068115234,11639100,VWO
2020-07-13,36.9208984375,42.869998931884766,43.75,42.810001373291016,43.400001525878906,13812300,VWO
2020-07-14,36.9381217956543,42.88999938964844,42.9900016784668,42.2400016784668,42.349998474121094,13107100,VWO
2020-07-15,36.97256851196289,42.93000030517578,43.13999938964844,42.77000045776367,43.08000183105469,11187400,VWO
2020-07-16,36.44721221923828,42.31999969482422,42.369998931884766,42.04999923706055,42.099998474121094,10468500,VWO
2020-07-17,36.6108512878418,42.5099983215332,42.630001068115234,42.33000183105469,42.59000015258789,8784800,VWO
2020-07-20,37.127586364746094,43.11000061035156,43.150001525878906,42.689998626708984,42.810001373291016,6068600,VWO
2020-07-21,37.40317916870117,43.43000030517578,43.77000045776367,43.41999816894531,43.75,11708700,VWO
2020-07-22,37.27400207519531,43.279998779296875,43.459999084472656,43.06999969482422,43.45000076293945,7924600,VWO
2020-07-23,37.02423858642578,42.9900016784668,43.4900016784668,42.810001373291016,43.34000015258789,10331200,VWO
2020-07-24,36.92950439453125,42.880001068115234,42.91999816894531,42.400001525878906,42.5,10235300,VWO
2020-07-27,37.44623947143555,43.47999954223633,43.5099983215332,43.0,43.150001525878906,11259000,VWO
2020-07-28,37.041465759277344,43.0099983215332,43.369998931884766,42.9900016784668,43.31999969482422,8114600,VWO
2020-07-29,37.696006774902344,43.77000045776367,43.849998474121094,43.439998626708984,43.459999084472656,10379200,VWO
2020-07-30,37.256771087646484,43.2599983215332,43.43000030517578,42.869998931884766,43.27000045776367,10312000,VWO
2020-07-31,37.041465759277344,43.0099983215332,43.369998931884766,42.709999084472656,43.36000061035156,13362600,VWO
2020-08-03,37.325679779052734,43.34000015258789,43.43000030517578,43.13999938964844,43.189998626708984,13509600,VWO
2020-08-04,37.7476806640625,43.83000183105469,43.84000015258789,43.47999954223633,43.4900016784668,10605300,VWO
2020-08-05,38.135223388671875,44.279998779296875,44.459999084472656,44.150001525878906,44.189998626708984,12702000,VWO
2020-08-06,38.1868896484375,44.34000015258789,44.349998474121094,43.93000030517578,44.130001068115234,8029700,VWO
2020-08-07,37.41179656982422,43.439998626708984,43.66999816894531,43.18000030517578,43.540000915527344,8387500,VWO
2020-08-10,37.40317916870117,43.43000030517578,43.529998779296875,43.130001068115234,43.439998626708984,6852100,VWO
2020-08-11,37.26538848876953,43.27000045776367,43.70000076293945,43.209999084472656,43.63999938964844,10318000,VWO
2020-08-12,37.72183609008789,43.79999923706055,43.869998931884766,43.540000915527344,43.65999984741211,8539800,VWO
2020-08-13,37.5754280090332,43.630001068115234,43.77000045776367,43.45000076293945,43.72999954223633,9935300,VWO
2020-08-14,37.62710189819336,43.689998626708984,43.7400016784668,43.54999923706055,43.599998474121094,9409400,VWO
2020-08-17,38.03187942504883,44.15999984741211,44.189998626708984,43.90999984741211,43.97999954223633,6255500,VWO
2020-08-18,38.16967010498047,44.31999969482422,44.43000030517578,44.02000045776367,44.31999969482422,8910600,VWO
2020-08-19,37.73045349121094,43.810001373291016,44.18000030517578,43.7599983215332,44.18000030517578,7516500,VWO
2020-08-20,37.62710189819336,43.689998626708984,43.72999954223633,43.09000015258789,43.15999984741211,8194300,VWO
2020-08-21,37.86824035644531,43.970001220703125,44.0,43.52000045776367,43.65999984741211,9016600,VWO
2020-08-24,38.2471923828125,44.40999984741211,44.599998474121094,44.2400016784668,44.56999969482422,6431200,VWO
2020-08-25,38.60029220581055,44.81999969482422,44.83000183105469,44.400001525878906,44.4900016784668,8753300,VWO
2020-08-26,38.63473892211914,44.86000061035156,44.90999984741211,44.72999954223633,44.81999969482422,9533100,VWO
2020-08-27,38.41081237792969,44.599998474121094,45.060001373291016,44.400001525878906,45.060001373291016,9293300,VWO
2020-08-28,38.87588119506836,45.13999938964844,45.16999816894531,44.7400016784668,44.86000061035156,10728400,VWO
2020-08-31,38.05771255493164,44.189998626708984,44.40999984741211,43.959999084472656,44.40999984741211,10682700,VWO
2020-09-01,38.82421112060547,45.08000183105469,45.08000183105469,44.63999938964844,44.70000076293945,14007900,VWO
2020-09-02,38.72087097167969,44.959999084472656,45.11000061035156,44.529998779296875,45.09000015258789,16252400,VWO
2020-09-03,38.04048156738281,44.16999816894531,44.65999984741211,43.779998779296875,44.650001525878906,24019500,VWO
2020-09-04,37.971595764160156,44.09000015258789,44.43000030517578,43.369998931884766,44.16999816894531,20440200,VWO
2020-09-08,37.26538848876953,43.27000045776367,43.59000015258789,43.06999969482422,43.20000076293945,12380900,VWO
2020-09-09,37.7476806640625,43.83000183105469,43.959999084472656,43.54999923706055,43.630001068115234,14665800,VWO
2020-09-10,37.17925262451172,43.16999816894531,43.93000030517578,43.13999938964844,43.86000061035156,17578000,VWO
2020-09-11,37.45485305786133,43.4900016784668,43.83000183105469,43.290000915527344,43.72999954223633,12849800,VWO
2020-09-14,38.07493591308594,44.209999084472656,44.279998779296875,43.9900016784668,44.060001373291016,9573000,VWO
2020-09-15,38.50555419921875,44.709999084472656,44.810001373291016,44.560001373291016,44.720001220703125,8892600,VWO
2020-09-16,38.367759704589844,44.54999923706055,44.93000030517578,44.54999923706055,44.83000183105469,8966300,VWO
2020-09-17,38.29886245727539,44.470001220703125,44.529998779296875,44.09000015258789,44.130001068115234,8176800,VWO
2020-09-18,37.997440338134766,44.119998931884766,44.560001373291016,44.08000183105469,44.52000045776367,8180300,VWO
2020-09-21,37.680885314941406,43.33000183105469,43.33000183105469,42.61000061035156,42.959999084472656,11789400,VWO
2020-09-22,37.35042953491211,42.95000076293945,43.150001525878906,42.650001525878906,43.13999938964844,7874800,VWO
2020-09-23,36.76777648925781,42.279998779296875,42.880001068115234,42.279998779296875,42.79999923706055,12848800,VWO
2020-09-24,36.66343307495117,42.15999984741211,42.41999816894531,41.709999084472656,41.790000915527344,13662200,VWO
2020-09-25,36.65472412109375,42.150001525878906,42.15999984741211,41.529998779296875,41.810001373291016,11081400,VWO
2020-09-28,37.01997756958008,42.56999969482422,42.790000915527344,42.38999938964844,42.66999816894531,7950600,VWO
2020-09-29,37.00257873535156,42.54999923706055,42.709999084472656,42.40999984741211,42.45000076293945,13454500,VWO
2020-09-30,37.60261917114258,43.2400016784668,43.310001373291016,42.849998474121094,42.88999938964844,13773800,VWO
2020-10-01,37.93307876586914,43.619998931884766,43.65999984741211,43.29999923706055,43.560001373291016,19828700,VWO
2020-10-02,37.515663146972656,43.13999938964844,43.5099983215332,42.93000030517578,43.0,11787700,VWO
2020-10-05,38.002647399902344,43.70000076293945,43.70000076293945,43.310001373291016,43.34000015258789,6401600,VWO
2020-10-06,38.11570358276367,43.83000183105469,44.130001068115234,43.68000030517578,43.900001525878906,10749600,VWO
2020-10-07,38.47224807739258,44.2400016784668,44.34000015258789,44.029998779296875,44.16999816894531,8247700,VWO
2020-10-08,38.75922775268555,44.56999969482422,44.61000061035156,44.27000045776367,44.400001525878906,7747200,VWO
2020-10-09,39.02881622314453,44.880001068115234,44.97999954223633,44.560001373291016,44.650001525878906,8708500,VWO
2020-10-12,39.411441802978516,45.31999969482422,45.43000030517578,45.04999923706055,45.15999984741211,8960200,VWO
2020-10-13,39.237518310546875,45.119998931884766,45.2400016784668,44.91999816894531,45.15999984741211,13170600,VWO
2020-10-14,39.0635871887207,44.91999816894531,45.279998779296875,44.88999938964844,45.18000030517578,9391400,VWO
2020-10-15,38.750526428222656,44.560001373291016,44.619998931884766,44.22999954223633,44.2599983215332,8102500,VWO
2020-10-16,38.90705871582031,44.7400016784668,44.849998474121094,44.599998474121094,44.720001220703125,4824700,VWO
2020-10-19,38.785301208496094,44.599998474121094,45.08000183105469,44.52000045776367,44.880001068115234,8547500,VWO
2020-10-20,39.1766471862793,45.04999923706055,45.2599983215332,44.810001373291016,44.849998474121094,17041500,VWO
2020-10-21,39.25490951538086,45.13999938964844,45.369998931884766,45.040000915527344,45.11000061035156,12939500,VWO
2020-10-22,39.263607025146484,45.150001525878906,45.27000045776367,44.939998626708984,45.220001220703125,10713600,VWO
2020-10-23,39.446231842041016,45.36000061035156,45.36000061035156,44.93000030517578,45.15999984741211,7445600,VWO
2020-10-26,38.93314743041992,44.77000045776367,45.06999969482422,44.40999984741211,44.810001373291016,9128300,VWO
2020-10-27,39.07228469848633,44.93000030517578,45.08000183105469,44.75,44.90999984741211,14578400,VWO
2020-10-28,38.09830856323242,43.810001373291016,44.290000915527344,43.810001373291016,44.22999954223633,12620700,VWO
2020-10-29,38.49833297729492,44.27000045776367,44.43000030517578,43.88999938964844,44.029998779296875,11452300,VWO
2020-10-30,38.09830856323242,43.810001373291016,44.060001373291016,43.59000015258789,44.0099983215332,14105600,VWO
2020-11-02,38.585296630859375,44.369998931884766,44.369998931884766,44.0,44.2599983215332,13291200,VWO
2020-11-03,38.68965148925781,44.4900016784668,44.58000183105469,44.18000030517578,44.349998474121094,10498200,VWO
2020-11-04,39.9332160949707,45.91999816894531,46.040000915527344,45.04999923706055,45.15999984741211,16731400,VWO
2020-11-05,40.61152267456055,46.70000076293945,46.81999969482422,46.25,46.630001068115234,14643200,VWO
2020-11-06,40.75935363769531,46.869998931884766,47.04999923706055,46.4900016784668,46.630001068115234,10405400,VWO
2020-11-09,41.063724517822266,47.220001220703125,48.43000030517578,47.16999816894531,48.41999816894531,15498100,VWO
2020-11-10,40.60282897949219,46.689998626708984,47.11000061035156,46.470001220703125,46.97999954223633,13534000,VWO
2020-11-11,40.77674865722656,46.88999938964844,46.939998626708984,46.41999816894531,46.5099983215332,8907700,VWO
2020-11-12,40.472389221191406,46.540000915527344,47.15999984741211,46.43000030517578,47.0,9333100,VWO
2020-11-13,40.98545455932617,47.130001068115234,47.16999816894531,46.790000915527344,47.029998779296875,7870500,VWO
2020-11-16,41.46376419067383,47.68000030517578,47.84000015258789,47.5099983215332,47.63999938964844,10332300,VWO
2020-11-17,41.40288543701172,47.61000061035156,47.77000045776367,47.33000183105469,47.459999084472656,9620200,VWO
2020-11-18,41.263736724853516,47.45000076293945,47.869998931884766,47.45000076293945,47.84000015258789,8092000,VWO
2020-11-19,41.368099212646484,47.56999969482422,47.63999938964844,47.2400016784668,47.310001373291016,6457800,VWO
2020-11-20,41.65507507324219,47.900001525878906,48.029998779296875,47.709999084472656,47.7599983215332,6578200,VWO
2020-11-23,41.646385192871094,47.88999938964844,48.36000061035156,47.79999923706055,48.33000183105469,10310200,VWO
2020-11-24,42.20294189453125,48.529998779296875,48.529998779296875,48.02000045776367,48.27000045776367,8058800,VWO
2020-11-25,42.011619567871094,48.310001373291016,48.31999969482422,47.970001220703125,48.04999923706055,7539900,VWO
2020-11-27,42.402950286865234,48.7599983215332,48.86000061035156,48.59000015258789,48.63999938964844,4810600,VWO
2020-11-30,41.35939025878906,47.560001373291016,48.15999984741211,47.529998779296875,48.130001068115234,12958600,VWO
2020-12-01,42.22032928466797,48.54999923706055,48.72999954223633,48.18000030517578,48.43000030517578,14525400,VWO
2020-12-02,42.20294189453125,48.529998779296875,48.63999938964844,48.20000076293945,48.400001525878906,11283000,VWO
2020-12-03,42.620361328125,49.0099983215332,49.22999954223633,48.869998931884766,48.91999816894531,9625700,VWO
2020-12-04,42.9073371887207,49.34000015258789,49.36000061035156,49.15999984741211,49.25,13482300,VWO
2020-12-07,42.9073371887207,49.34000015258789,49.459999084472656,49.18000030517578,49.27000045776367,11203600,VWO
2020-12-08,43.029083251953125,49.47999954223633,49.47999954223633,49.2400016784668,49.45000076293945,7361100,VWO
2020-12-09,42.52470779418945,48.900001525878906,49.4900016784668,48.70000076293945,49.4900016784668,10921800,VWO
2020-12-10,43.09865951538086,49.560001373291016,49.61000061035156,48.83000183105469,48.84000015258789,8627300,VWO
2020-12-11,42.81168746948242,49.22999954223633,49.400001525878906,49.119998931884766,49.22999954223633,6862100,VWO
2020-12-14,42.6551513671875,49.04999923706055,49.400001525878906,49.02000045776367,49.369998931884766,7073600,VWO
2020-12-15,43.055171966552734,49.5099983215332,49.529998779296875,49.119998931884766,49.27000045776367,9327100,VWO
2020-12-16,43.289974212646484,49.779998779296875,49.83000183105469,49.540000915527344,49.619998931884766,11855500,VWO
2020-12-17,43.6378173828125,50.18000030517578,50.20000076293945,49.9900016784668,50.119998931884766,8853900,VWO
2020-12-18,43.50737762451172,50.029998779296875,50.150001525878906,49.959999084472656,50.06999969482422,10548800,VWO
2020-12-21,42.922080993652344,49.060001373291016,49.279998779296875,48.70000076293945,48.72999954223633,9401200,VWO
2020-12-22,42.607120513916016,48.70000076293945,48.9900016784668,48.65999984741211,48.97999954223633,8976600,VWO
2020-12-23,43.0445671081543,49.20000076293945,49.310001373291016,49.119998931884766,49.2400016784668,9989700,VWO
2020-12-24,42.799591064453125,48.91999816894531,49.099998474121094,48.66999816894531,49.06999969482422,5756600,VWO
2020-12-28,42.887081146240234,49.02000045776367,49.18000030517578,48.90999984741211,49.11000061035156,9984800,VWO
2020-12-29,43.35077667236328,49.54999923706055,49.619998931884766,49.279998779296875,49.310001373291016,11728500,VWO
2020-12-30,43.95444869995117,50.2400016784668,50.36000061035156,50.029998779296875,50.119998931884766,7124900,VWO
2020-12-31,43.84071731567383,50.11000061035156,50.4900016784668,49.869998931884766,50.4900016784668,8787500,VWO
2021-01-04,44.041927337646484,50.34000015258789,51.09000015258789,50.209999084472656,50.900001525878906,24105400,VWO
2021-01-05,45.06555938720703,51.5099983215332,51.5099983215332,50.7599983215332,50.7599983215332,15242700,VWO
2021-01-06,44.636863708496094,51.02000045776367,51.70000076293945,50.959999084472656,51.15999984741211,20028000,VWO
2021-01-07,44.98681640625,51.41999816894531,51.470001220703125,51.06999969482422,51.279998779296875,12432000,VWO
2021-01-08,45.896690368652344,52.459999084472656,52.4900016784668,51.84000015258789,52.15999984741211,16257000,VWO
2021-01-11,45.36302185058594,51.849998474121094,52.060001373291016,51.77000045776367,51.810001373291016,11278200,VWO
2021-01-12,45.86170196533203,52.41999816894531,52.560001373291016,52.15999984741211,52.33000183105469,14721300,VWO
2021-01-13,46.01043701171875,52.59000015258789,52.86000061035156,52.31999969482422,52.630001068115234,15715800,VWO
2021-01-14,46.46538543701172,53.11000061035156,53.47999954223633,53.04999923706055,53.18000030517578,9727400,VWO
2021-01-15,45.931697845458984,52.5,52.84000015258789,52.400001525878906,52.709999084472656,9889700,VWO
2021-01-19,46.76283264160156,53.45000076293945,53.72999954223633,53.380001068115234,53.689998626708984,10475200,VWO
2021-01-20,47.57648849487305,54.380001068115234,54.459999084472656,54.150001525878906,54.41999816894531,8069100,VWO
2021-01-21,47.58523178100586,54.38999938964844,54.529998779296875,54.130001068115234,54.52000045776367,13484300,VWO
2021-01-22,47.24403762817383,54.0,54.11000061035156,53.689998626708984,53.790000915527344,7062500,VWO
2021-01-25,47.48025894165039,54.27000045776367,54.560001373291016,53.77000045776367,54.4900016784668,8700600,VWO
2021-01-26,47.18278884887695,53.93000030517578,54.02000045776367,53.63999938964844,53.91999816894531,8155500,VWO
2021-01-27,45.984188079833984,52.560001373291016,53.13999938964844,52.529998779296875,52.88999938964844,10388300,VWO
2021-01-28,46.20291519165039,52.810001373291016,53.0099983215332,52.290000915527344,52.349998474121094,13367000,VWO
2021-01-29,45.21427917480469,51.68000030517578,52.189998626708984,51.5,52.099998474121094,22707500,VWO
2021-02-01,46.36039733886719,52.9900016784668,53.060001373291016,52.459999084472656,52.75,14517800,VWO
2021-02-02,47.086551666259766,53.81999969482422,53.86000061035156,53.56999969482422,53.849998474121094,8347500,VWO
2021-02-03,47.26152801513672,54.02000045776367,54.189998626708984,53.810001373291016,54.09000015258789,8442500,VWO
2021-02-04,47.33152389526367,54.099998474121094,54.11000061035156,53.7400016784668,54.060001373291016,7187100,VWO
2021-02-05,47.68147277832031,54.5,54.52000045776367,54.09000015258789,54.310001373291016,6459000,VWO
2021-02-08,47.92644500732422,54.779998779296875,54.86000061035156,54.5,54.56999969482422,6861100,VWO
2021-02-09,48.46012496948242,55.38999938964844,55.43000030517578,54.849998474121094,54.869998931884766,7816900,VWO
2021-02-10,48.56511688232422,55.5099983215332,55.900001525878906,55.189998626708984,55.86000061035156,9137500,VWO
2021-02-11,49.07255172729492,56.09000015258789,56.310001373291016,55.88999938964844,55.970001220703125,7932200,VWO
2021-02-12,49.1600341796875,56.189998626708984,56.33000183105469,55.83000183105469,55.939998626708984,7561200,VWO
2021-02-16,49.30002212524414,56.349998474121094,56.65999984741211,56.20000076293945,56.5099983215332,7423300,VWO
2021-02-17,49.42250061035156,56.4900016784668,56.5,56.099998474121094,56.400001525878906,6377000,VWO
2021-02-18,48.78383255004883,55.7599983215332,55.7599983215332,55.20000076293945,55.630001068115234,5971700,VWO
2021-02-19,49.04629135131836,56.060001373291016,56.310001373291016,55.880001068115234,56.11000061035156,7144800,VWO
2021-02-22,47.65522766113281,54.470001220703125,54.97999954223633,54.45000076293945,54.709999084472656,10568800,VWO
2021-02-23,47.92644500732422,54.779998779296875,54.95000076293945,53.58000183105469,54.27000045776367,8986900,VWO
2021-02-24,47.6202392578125,54.43000030517578,54.45000076293945,53.56999969482422,53.86000061035156,10751500,VWO
2021-02-25,46.58786392211914,53.25,54.52000045776367,53.13999938964844,54.38999938964844,13034500,VWO
2021-02-26,45.92294692993164,52.4900016784668,52.97999954223633,52.22999954223633,52.97999954223633,17343800,VWO
2021-03-01,47.18278884887695,53.93000030517578,54.040000915527344,53.459999084472656,53.599998474121094,9398300,VWO
2021-03-02,46.73659133911133,53.41999816894531,53.689998626708984,53.290000915527344,53.630001068115234,11948000,VWO
2021-03-03,46.70159912109375,53.380001068115234,53.959999084472656,53.150001525878906,53.84000015258789,16340400,VWO
2021-03-04,45.69547653198242,52.22999954223633,53.380001068115234,51.91999816894531,53.18000030517578,21671700,VWO
2021-03-05,46.019187927246094,52.599998474121094,52.91999816894531,51.70000076293945,52.84000015258789,14267100,VWO
2021-03-08,44.82059097290039,51.22999954223633,51.90999984741211,51.119998931884766,51.810001373291016,15723000,VWO
2021-03-09,45.791717529296875,52.34000015258789,52.599998474121094,51.91999816894531,51.9900016784668,14264200,VWO
2021-03-10,45.712974548339844,52.25,52.709999084472656,51.95000076293945,52.68000030517578,13436600,VWO
2021-03-11,47.086551666259766,53.81999969482422,53.84000015258789,53.130001068115234,53.34000015258789,9102700,VWO
2021-03-12,46.255401611328125,52.869998931884766,52.869998931884766,52.459999084472656,52.709999084472656,9332500,VWO
2021-03-15,46.229156494140625,52.84000015258789,52.849998474121094,52.40999984741211,52.54999923706055,13127000,VWO
2021-03-16,46.43037796020508,53.06999969482422,53.25,52.86000061035156,53.0,12282800,VWO
2021-03-17,46.46538543701172,53.11000061035156,53.33000183105469,52.34000015258789,52.41999816894531,9336200,VWO
2021-03-18,45.74797058105469,52.290000915527344,52.83000183105469,52.2400016784668,52.72999954223633,11070900,VWO
2021-03-19,46.20291519165039,52.810001373291016,52.84000015258789,52.16999816894531,52.2599983215332,8992100,VWO
2021-03-22,46.10480499267578,52.630001068115234,52.810001373291016,52.369998931884766,52.619998931884766,10854500,VWO
2021-03-23,45.35142135620117,51.77000045776367,52.2599983215332,51.720001220703125,52.09000015258789,10632700,VWO
2021-03-24,44.291439056396484,50.560001373291016,51.45000076293945,50.52000045776367,51.38999938964844,12406600,VWO
2021-03-25,44.361515045166016,50.63999938964844,50.79999923706055,50.31999969482422,50.369998931884766,15605700,VWO
2021-03-26,45.46530532836914,51.900001525878906,51.91999816894531,50.84000015258789,51.130001068115234,15609700,VWO
2021-03-29,45.211265563964844,51.61000061035156,51.810001373291016,51.369998931884766,51.560001373291016,13062000,VWO
2021-03-30,45.395225524902344,51.81999969482422,51.869998931884766,51.41999816894531,51.59000015258789,27514100,VWO
2021-03-31,45.59670639038086,52.04999923706055,52.13999938964844,51.720001220703125,51.72999954223633,10759700,VWO
2021-04-01,46.00843811035156,52.52000045776367,52.849998474121094,52.43000030517578,52.79999923706055,10280700,VWO
2021-04-05,46.10480499267578,52.630001068115234,52.849998474121094,52.5099983215332,52.83000183105469,9804500,VWO
2021-04-06,46.32380676269531,52.880001068115234,53.119998931884766,52.5,52.630001068115234,9533200,VWO
2021-04-07,45.64927291870117,52.11000061035156,52.310001373291016,51.970001220703125,52.13999938964844,9164400,VWO
2021-04-08,46.12232971191406,52.650001525878906,52.869998931884766,52.59000015258789,52.66999816894531,7447000,VWO
2021-04-09,45.72810363769531,52.20000076293945,52.22999954223633,52.040000915527344,52.20000076293945,7633400,VWO
2021-04-12,45.43026351928711,51.86000061035156,51.900001525878906,51.66999816894531,51.86000061035156,7718000,VWO
2021-04-13,45.439022064208984,51.869998931884766,52.060001373291016,51.599998474121094,51.68000030517578,6725000,VWO
2021-04-14,45.68431854248047,52.150001525878906,52.43000030517578,52.08000183105469,52.29999923706055,8492500,VWO
2021-04-15,46.087276458740234,52.61000061035156,52.65999984741211,52.43000030517578,52.619998931884766,6200800,VWO
2021-04-16,46.23619842529297,52.779998779296875,52.900001525878906,52.54999923706055,52.790000915527344,6678900,VWO
2021-04-19,46.13983917236328,52.66999816894531,52.849998474121094,52.529998779296875,52.779998779296875,8932100,VWO
2021-04-20,45.78942108154297,52.27000045776367,52.70000076293945,52.119998931884766,52.650001525878906,7101600,VWO
2021-04-21,46.14860153198242,52.68000030517578,52.709999084472656,52.040000915527344,52.189998626708984,6235100,VWO
2021-04-22,46.069759368896484,52.59000015258789,52.869998931884766,52.38999938964844,52.7599983215332,7556200,VWO
2021-04-23,46.70049285888672,53.310001373291016,53.36000061035156,53.04999923706055,53.06999969482422,12992200,VWO
2021-04-26,46.76181411743164,53.380001068115234,53.43000030517578,53.130001068115234,53.27000045776367,6543700,VWO
2021-04-27,46.83189392089844,53.459999084472656,53.59000015258789,53.380001068115234,53.470001220703125,6886100,VWO
2021-04-28,47.20858383178711,53.88999938964844,54.15999984741211,53.61000061035156,53.81999969482422,7698100,VWO
2021-04-29,47.10345458984375,53.77000045776367,54.18000030517578,53.349998474121094,54.18000030517578,8465400,VWO
2021-04-30,46.411407470703125,52.97999954223633,53.310001373291016,52.84000015258789,53.2400016784668,8573300,VWO
2021-05-03,46.39387893676758,52.959999084472656,53.18000030517578,52.7400016784668,52.91999816894531,7350400,VWO
2021-05-04,45.82447814941406,52.310001373291016,52.529998779296875,51.90999984741211,52.459999084472656,9975300,VWO
2021-05-05,45.99966812133789,52.5099983215332,52.689998626708984,52.470001220703125,52.54999923706055,4339000,VWO
2021-05-06,46.4552001953125,53.029998779296875,53.029998779296875,52.630001068115234,52.790000915527344,6971900,VWO
2021-05-07,46.8669319152832,53.5,53.709999084472656,53.22999954223633,53.279998779296875,9221800,VWO
2021-05-10,45.99091720581055,52.5,53.209999084472656,52.470001220703125,53.130001068115234,10549000,VWO
2021-05-11,45.8682746887207,52.36000061035156,52.40999984741211,51.52000045776367,51.54999923706055,11065600,VWO
2021-05-12,44.694419860839844,51.02000045776367,51.779998779296875,50.939998626708984,51.560001373291016,10822600,VWO
2021-05-13,44.641845703125,50.959999084472656,51.45000076293945,50.689998626708984,51.16999816894531,9134100,VWO
2021-05-14,45.37770462036133,51.79999923706055,51.869998931884766,51.349998474121094,51.470001220703125,6270500,VWO
2021-05-17,45.40398025512695,51.83000183105469,51.84000015258789,51.41999816894531,51.540000915527344,7666700,VWO
2021-05-18,46.061004638671875,52.58000183105469,52.83000183105469,52.4900016784668,52.599998474121094,7707900,VWO
2021-05-19,45.938358306884766,52.439998626708984,52.560001373291016,51.849998474121094,51.939998626708984,10025800,VWO
2021-05-20,46.10480499267578,52.630001068115234,52.720001220703125,52.40999984741211,52.43000030517578,7164800,VWO
2021-05-21,45.614234924316406,52.06999969482422,52.63999938964844,51.9900016784668,52.61000061035156,6526300,VWO
2021-05-24,46.043479919433594,52.560001373291016,52.68000030517578,52.279998779296875,52.41999816894531,5340500,VWO
2021-05-25,46.525291442871094,53.11000061035156,53.34000015258789,53.0,53.27000045776367,7610500,VWO
2021-05-26,46.8669319152832,53.5,53.54999923706055,53.279998779296875,53.290000915527344,5032200,VWO
2021-05-27,46.95453643798828,53.599998474121094,53.689998626708984,53.459999084472656,53.560001373291016,7659800,VWO
2021-05-28,47.19982147216797,53.880001068115234,53.97999954223633,53.619998931884766,53.650001525878906,7318100,VWO
2021-06-01,48.18972396850586,55.0099983215332,55.15999984741211,54.81999969482422,55.099998474121094,10035300,VWO
2021-06-02,48.30360794067383,55.13999938964844,55.150001525878906,54.79999923706055,54.91999816894531,8016400,VWO
2021-06-03,47.76047134399414,54.52000045776367,54.7400016784668,54.400001525878906,54.61000061035156,8433000,VWO
2021-06-04,48.18972396850586,55.0099983215332,55.0099983215332,54.81999969482422,54.88999938964844,7317400,VWO
2021-06-07,47.996986389160156,54.790000915527344,54.810001373291016,54.5099983215332,54.75,24666100,VWO
2021-06-08,47.79551696777344,54.560001373291016,54.630001068115234,54.400001525878906,54.56999969482422,7113900,VWO
2021-06-09,47.76047134399414,54.52000045776367,54.709999084472656,54.470001220703125,54.560001373291016,8168100,VWO
2021-06-10,48.09335708618164,54.900001525878906,54.9900016784668,54.68000030517578,54.7400016784668,6263600,VWO
2021-06-11,47.883113861083984,54.65999984741211,54.88999938964844,54.54999923706055,54.849998474121094,7187200,VWO
2021-06-14,48.07583999633789,54.880001068115234,55.0,54.70000076293945,54.810001373291016,6120900,VWO
2021-06-15,47.751712799072266,54.5099983215332,54.7400016784668,54.38999938964844,54.72999954223633,6168100,VWO
2021-06-16,47.10345458984375,53.77000045776367,54.459999084472656,53.54999923706055,54.349998474121094,7464200,VWO
2021-06-17,47.37502670288086,54.08000183105469,54.279998779296875,53.91999816894531,54.029998779296875,6889700,VWO
2021-06-18,47.00709533691406,53.65999984741211,53.959999084472656,53.599998474121094,53.849998474121094,6643100,VWO
2021-06-21,47.236061096191406,53.63999938964844,53.63999938964844,53.11000061035156,53.38999938964844,8283400,VWO
2021-06-22,47.033504486083984,53.40999984741211,53.439998626708984,53.0099983215332,53.16999816894531,6060600,VWO
2021-06-23,47.3065071105957,53.720001220703125,54.04999923706055,53.68000030517578,53.7599983215332,9520000,VWO
2021-06-24,47.65875244140625,54.119998931884766,54.18000030517578,53.93000030517578,54.060001373291016,7323200,VWO
2021-06-25,48.04622268676758,54.560001373291016,54.650001525878906,54.36000061035156,54.599998474121094,4814100,VWO
2021-06-28,48.160701751708984,54.689998626708984,54.75,54.529998779296875,54.59000015258789,7693600,VWO
2021-06-29,48.12547302246094,54.650001525878906,54.650001525878906,54.15999984741211,54.310001373291016,6154100,VWO
2021-06-30,47.82606506347656,54.310001373291016,54.43000030517578,54.189998626708984,54.2400016784668,8876600,VWO
2021-07-01,47.57068634033203,54.02000045776367,54.40999984741211,53.7400016784668,54.310001373291016,13517900,VWO
2021-07-02,47.51784896850586,53.959999084472656,53.959999084472656,53.619998931884766,53.849998474121094,9074600,VWO
2021-07-06,46.66366958618164,52.9900016784668,53.36000061035156,52.810001373291016,53.33000183105469,8443800,VWO
2021-07-07,46.70769119262695,53.040000915527344,53.36000061035156,52.81999969482422,53.29999923706055,8505200,VWO
2021-07-08,45.818267822265625,52.029998779296875,52.209999084472656,51.84000015258789,52.02000045776367,9691400,VWO
2021-07-09,46.65485763549805,52.97999954223633,52.9900016784668,52.529998779296875,52.66999816894531,5764300,VWO
2021-07-12,46.68125915527344,53.0099983215332,53.02000045776367,52.68000030517578,52.81999969482422,5978100,VWO
2021-07-13,46.70769119262695,53.040000915527344,53.33000183105469,53.02000045776367,53.040000915527344,8827900,VWO
2021-07-14,46.936649322509766,53.29999923706055,53.56999969482422,53.18000030517578,53.56999969482422,5652100,VWO
2021-07-15,46.98067855834961,53.349998474121094,53.619998931884766,53.220001220703125,53.45000076293945,9812900,VWO
2021-07-16,46.66366958618164,52.9900016784668,53.47999954223633,52.880001068115234,53.470001220703125,7143600,VWO
2021-07-19,45.976776123046875,52.209999084472656,52.29999923706055,51.95000076293945,52.29999923706055,11160800,VWO
2021-07-20,46.01200866699219,52.25,52.400001525878906,51.75,51.91999816894531,6426700,VWO
2021-07-21,46.40827560424805,52.70000076293945,52.70000076293945,52.029998779296875,52.13999938964844,7511500,VWO
2021-07-22,46.478729248046875,52.779998779296875,52.849998474121094,52.560001373291016,52.810001373291016,5295300,VWO
2021-07-23,45.756622314453125,51.959999084472656,52.20000076293945,51.709999084472656,52.20000076293945,7681900,VWO
2021-07-26,44.88481140136719,50.970001220703125,51.22999954223633,50.790000915527344,50.810001373291016,13939000,VWO
2021-07-27,43.91614532470703,49.869998931884766,50.0,49.27000045776367,49.90999984741211,20521700,VWO
2021-07-28,45.157814025878906,51.279998779296875,51.349998474121094,50.43000030517578,50.5,14409300,VWO
2021-07-29,45.316314697265625,51.459999084472656,51.66999816894531,51.2599983215332,51.66999816894531,9256000,VWO
2021-07-30,45.00811004638672,51.11000061035156,51.369998931884766,50.900001525878906,50.95000076293945,10373900,VWO
2021-08-02,45.36915588378906,51.52000045776367,51.790000915527344,51.459999084472656,51.560001373291016,17030800,VWO
2021-08-03,45.483638763427734,51.650001525878906,51.66999816894531,51.130001068115234,51.38999938964844,9155700,VWO
2021-08-04,45.598114013671875,51.779998779296875,52.099998474121094,51.65999984741211,51.90999984741211,7944600,VWO
2021-08-05,45.45721435546875,51.619998931884766,51.86000061035156,51.619998931884766,51.68000030517578,8354500,VWO
2021-08-06,45.14900588989258,51.27000045776367,51.52000045776367,51.13999938964844,51.5,9084400,VWO
2021-08-09,45.30751419067383,51.45000076293945,51.61000061035156,51.380001068115234,51.4900016784668,6354300,VWO
2021-08-10,45.47483444213867,51.63999938964844,51.779998779296875,51.5099983215332,51.75,6007900,VWO
2021-08-11,45.642147064208984,51.83000183105469,52.029998779296875,51.59000015258789,51.970001220703125,7275100,VWO
2021-08-12,45.342735290527344,51.4900016784668,51.529998779296875,51.29999923706055,51.5099983215332,7988900,VWO
2021-08-13,45.25467300415039,51.38999938964844,51.400001525878906,51.09000015258789,51.31999969482422,6751900,VWO
2021-08-16,44.893619537353516,50.97999954223633,51.02000045776367,50.77000045776367,51.02000045776367,9926500,VWO
2021-08-17,44.083457946777344,50.060001373291016,50.31999969482422,49.83000183105469,50.09000015258789,9863000,VWO
2021-08-18,44.13629913330078,50.119998931884766,50.630001068115234,50.119998931884766,50.41999816894531,9206600,VWO
2021-08-19,43.45822525024414,49.349998474121094,49.5099983215332,49.16999816894531,49.2400016784668,16111900,VWO
2021-08-20,43.45822525024414,49.349998474121094,49.45000076293945,48.900001525878906,48.900001525878906,11097600,VWO
2021-08-23,44.083457946777344,50.060001373291016,50.130001068115234,49.689998626708984,49.810001373291016,7661300,VWO
2021-08-24,45.06974792480469,51.18000030517578,51.220001220703125,50.779998779296875,50.79999923706055,13128400,VWO
2021-08-25,45.11378479003906,51.22999954223633,51.290000915527344,51.0,51.13999938964844,7730800,VWO
2021-08-26,44.74391555786133,50.810001373291016,51.06999969482422,50.779998779296875,50.97999954223633,10140100,VWO
2021-08-27,45.30751419067383,51.45000076293945,51.470001220703125,51.029998779296875,51.16999816894531,5895500,VWO
2021-08-30,45.439605712890625,51.599998474121094,51.720001220703125,51.36000061035156,51.599998474121094,13626500,VWO
2021-08-31,45.99439239501953,52.22999954223633,52.349998474121094,52.16999816894531,52.29999923706055,14079700,VWO
2021-09-01,46.54917526245117,52.86000061035156,53.04999923706055,52.4900016784668,52.5099983215332,22058700,VWO
2021-09-02,46.3642578125,52.650001525878906,52.959999084472656,52.58000183105469,52.869998931884766,8506000,VWO
2021-09-03,46.575599670410156,52.88999938964844,52.95000076293945,52.70000076293945,52.75,6490300,VWO
2021-09-07,46.96306228637695,53.33000183105469,53.45000076293945,53.130001068115234,53.13999938964844,8152100,VWO
2021-09-08,46.26738357543945,52.540000915527344,53.040000915527344,52.439998626708984,53.040000915527344,9100300,VWO
2021-09-09,46.32902526855469,52.61000061035156,52.720001220703125,52.36000061035156,52.41999816894531,9331500,VWO
2021-09-10,46.25857162475586,52.529998779296875,53.060001373291016,52.5099983215332,53.02000045776367,9145300,VWO
2021-09-13,46.40827560424805,52.70000076293945,52.84000015258789,52.43000030517578,52.619998931884766,12018100,VWO
2021-09-14,45.976776123046875,52.209999084472656,52.56999969482422,52.09000015258789,52.439998626708984,13299400,VWO
2021-09-15,45.95916748046875,52.189998626708984,52.20000076293945,51.81999969482422,52.02000045776367,11561100,VWO
2021-09-16,45.483638763427734,51.650001525878906,51.709999084472656,51.33000183105469,51.5,10831000,VWO
2021-09-17,45.30751419067383,51.45000076293945,51.70000076293945,51.290000915527344,51.619998931884766,11198000,VWO
2021-09-20,44.074771881103516,49.59000015258789,50.02000045776367,49.15999984741211,49.709999084472656,21047400,VWO
2021-09-21,44.43028259277344,49.9900016784668,50.119998931884766,49.77000045776367,49.9900016784668,12919900,VWO
2021-09-22,45.07020950317383,50.709999084472656,51.060001373291016,50.52000045776367,50.52000045776367,12007600,VWO
2021-09-23,45.28351974487305,50.95000076293945,51.040000915527344,50.75,50.849998474121094,12078800,VWO
2021-09-24,44.78579330444336,50.38999938964844,50.54999923706055,50.34000015258789,50.459999084472656,8825500,VWO
2021-09-27,45.0257682800293,50.65999984741211,50.779998779296875,50.22999954223633,50.400001525878906,9239500,VWO
2021-09-28,44.50138854980469,50.06999969482422,50.529998779296875,49.90999984741211,50.52000045776367,13751000,VWO
2021-09-29,44.145870208740234,49.66999816894531,50.099998474121094,49.619998931884766,49.959999084472656,13801500,VWO
2021-09-30,44.44806671142578,50.0099983215332,50.38999938964844,49.93000030517578,50.22999954223633,22117300,VWO
2021-10-01,44.4747314453125,50.040000915527344,50.220001220703125,49.61000061035156,50.099998474121094,19161600,VWO
2021-10-04,43.86146545410156,49.349998474121094,49.83000183105469,49.04999923706055,49.72999954223633,12834400,VWO
2021-10-05,44.279197692871094,49.81999969482422,49.97999954223633,49.560001373291016,49.599998474121094,8676000,VWO
2021-10-06,44.110328674316406,49.630001068115234,49.66999816894531,49.08000183105469,49.15999984741211,11198200,VWO
2021-10-07,44.972442626953125,50.599998474121094,50.810001373291016,50.279998779296875,50.349998474121094,9236800,VWO
2021-10-08,45.14130783081055,50.790000915527344,50.880001068115234,50.630001068115234,50.72999954223633,7621400,VWO
2021-10-11,45.01688003540039,50.650001525878906,51.18000030517578,50.63999938964844,51.040000915527344,8801500,VWO
2021-10-12,44.89244842529297,50.5099983215332,50.869998931884766,50.5,50.779998779296875,8007500,VWO
2021-10-13,45.47904968261719,51.16999816894531,51.22999954223633,50.79999923706055,50.939998626708984,9178000,VWO
2021-10-14,45.55015182495117,51.25,51.400001525878906,51.04999923706055,51.36000061035156,6776300,VWO
2021-10-15,46.03898239135742,51.79999923706055,51.88999938964844,51.400001525878906,51.5,7626600,VWO
2021-10-18,45.97676467895508,51.72999954223633,51.880001068115234,51.5,51.529998779296875,7677900,VWO
2021-10-19,46.50114440917969,52.31999969482422,52.400001525878906,51.97999954223633,52.06999969482422,6456300,VWO
2021-10-20,46.510040283203125,52.33000183105469,52.41999816894531,52.189998626708984,52.400001525878906,7013600,VWO
2021-10-21,46.136749267578125,51.90999984741211,52.0,51.790000915527344,51.90999984741211,11157300,VWO
2021-10-22,46.02121353149414,51.779998779296875,52.13999938964844,51.560001373291016,51.939998626708984,7901900,VWO
2021-10-25,46.19008255004883,51.970001220703125,52.060001373291016,51.689998626708984,51.959999084472656,5926000,VWO
2021-10-26,45.878997802734375,51.619998931884766,52.130001068115234,51.560001373291016,52.060001373291016,9875200,VWO
2021-10-27,45.639034271240234,51.349998474121094,51.709999084472656,51.310001373291016,51.439998626708984,9150100,VWO
2021-10-28,45.5945930480957,51.29999923706055,51.34000015258789,50.93000030517578,51.099998474121094,8851200,VWO
2021-10-29,45.0257682800293,50.65999984741211,50.88999938964844,50.45000076293945,50.810001373291016,11536200,VWO
2021-11-01,45.46127700805664,51.150001525878906,51.150001525878906,50.65999984741211,50.70000076293945,12786000,VWO
2021-11-02,44.9813346862793,50.61000061035156,50.709999084472656,50.529998779296875,50.66999816894531,8543400,VWO
2021-11-03,45.3101806640625,50.97999954223633,51.06999969482422,50.5099983215332,50.66999816894531,9914200,VWO
2021-11-04,45.212406158447266,50.869998931884766,51.099998474121094,50.720001220703125,51.06999969482422,8669400,VWO
2021-11-05,45.23019790649414,50.88999938964844,51.09000015258789,50.70000076293945,51.09000015258789,10389300,VWO
2021-11-08,45.70124816894531,51.41999816894531,51.47999954223633,51.209999084472656,51.27000045776367,7855200,VWO
2021-11-09,45.5945930480957,51.29999923706055,51.65999984741211,51.20000076293945,51.4900016784668,8560100,VWO
2021-11-10,45.47016906738281,51.15999984741211,51.65999984741211,51.02000045776367,51.43000030517578,11786500,VWO
2021-11-11,46.25229263305664,52.040000915527344,52.150001525878906,51.810001373291016,51.84000015258789,7881700,VWO
2021-11-12,46.287845611572266,52.08000183105469,52.16999816894531,51.91999816894531,51.97999954223633,6535100,VWO
2021-11-15,46.198951721191406,51.97999954223633,52.209999084472656,51.91999816894531,52.20000076293945,8483900,VWO
2021-11-16,46.181190490722656,51.959999084472656,52.08000183105469,51.790000915527344,52.0,7932600,VWO
2021-11-17,46.0123176574707,51.77000045776367,52.11000061035156,51.65999984741211,52.11000061035156,10025700,VWO
2021-11-18,45.46127700805664,51.150001525878906,51.31999969482422,50.939998626708984,51.290000915527344,8646900,VWO
2021-11-19,45.38127517700195,51.060001373291016,51.38999938964844,51.060001373291016,51.2599983215332,9875000,VWO
2021-11-22,44.91022491455078,50.529998779296875,50.9900016784668,50.529998779296875,50.84000015258789,10581300,VWO
2021-11-23,44.95466995239258,50.58000183105469,50.810001373291016,50.34000015258789,50.630001068115234,14304900,VWO
2021-11-24,44.901344299316406,50.52000045776367,50.54999923706055,50.18000030517578,50.2599983215332,10756400,VWO
2021-11-26,43.585941314697266,49.040000915527344,49.31999969482422,48.779998779296875,49.310001373291016,13251100,VWO
2021-11-29,43.64815902709961,49.11000061035156,49.41999816894531,48.959999084472656,49.41999816894531,19083200,VWO
2021-11-30,43.719261169433594,49.189998626708984,49.5,48.720001220703125,49.2400016784668,20824800,VWO
2021-12-01,43.692596435546875,49.15999984741211,50.13999938964844,49.13999938964844,49.81999969482422,18932600,VWO
2021-12-02,44.20808792114258,49.7400016784668,50.040000915527344,49.45000076293945,49.72999954223633,22318400,VWO
2021-12-03,43.594825744628906,49.04999923706055,49.810001373291016,48.869998931884766,49.66999816894531,21125000,VWO
2021-12-06,43.879241943359375,49.369998931884766,49.40999984741211,48.779998779296875,49.0,13722700,VWO
2021-12-07,44.519161224365234,50.09000015258789,50.130001068115234,49.900001525878906,49.91999816894531,14655400,VWO
2021-12-08,44.78579330444336,50.38999938964844,50.47999954223633,50.060001373291016,50.16999816894531,11548300,VWO
2021-12-09,44.5635986328125,50.13999938964844,50.400001525878906,50.060001373291016,50.2599983215332,17677100,VWO
2021-12-10,44.643592834472656,50.22999954223633,50.27000045776367,50.02000045776367,50.16999816894531,13189500,VWO
2021-12-13,43.959228515625,49.459999084472656,49.900001525878906,49.36000061035156,49.849998474121094,17059600,VWO
2021-12-14,43.86146545410156,49.349998474121094,49.45000076293945,49.130001068115234,49.13999938964844,16849400,VWO
2021-12-15,43.70147705078125,49.16999816894531,49.209999084472656,48.52000045776367,49.09000015258789,20915100,VWO
2021-12-16,43.81702423095703,49.29999923706055,49.779998779296875,49.20000076293945,49.54999923706055,20637200,VWO
2021-12-17,43.514835357666016,48.959999084472656,49.13999938964844,48.720001220703125,48.869998931884766,14400100,VWO
2021-12-20,42.91168975830078,47.810001373291016,47.849998474121094,47.4900016784668,47.810001373291016,23244400,VWO
2021-12-21,43.63870620727539,48.619998931884766,48.63999938964844,48.15999984741211,48.220001220703125,19453500,VWO
2021-12-22,43.881038665771484,48.88999938964844,48.90999984741211,48.40999984741211,48.47999954223633,14604100,VWO
2021-12-23,44.141326904296875,49.18000030517578,49.29999923706055,48.869998931884766,49.0099983215332,18927300,VWO
2021-12-27,44.28493118286133,49.34000015258789,49.439998626708984,49.16999816894531,49.20000076293945,15682600,VWO
2021-12-28,44.132347106933594,49.16999816894531,49.369998931884766,49.16999816894531,49.34000015258789,18368000,VWO
2021-12-29,43.94386672973633,48.959999084472656,49.119998931884766,48.75,49.08000183105469,13618500,VWO
2021-12-30,44.509315490722656,49.59000015258789,49.7400016784668,48.97999954223633,48.97999954223633,15833800,VWO
2021-12-31,44.39263153076172,49.459999084472656,49.88999938964844,49.439998626708984,49.54999923706055,14828700,VWO
2022-01-03,44.70677947998047,49.810001373291016,49.86000061035156,49.38999938964844,49.66999816894531,13977200,VWO
2022-01-04,44.52726745605469,49.61000061035156,49.880001068115234,49.52000045776367,49.84000015258789,9323100,VWO
2022-01-05,43.86308288574219,48.869998931884766,49.7599983215332,48.86000061035156,49.439998626708984,18329200,VWO
2022-01-06,44.114402770996094,49.150001525878906,49.36000061035156,48.849998474121094,49.040000915527344,14844700,VWO
2022-01-07,44.33879089355469,49.400001525878906,49.5099983215332,49.04999923706055,49.2599983215332,10705600,VWO
2022-01-10,44.42854690551758,49.5,49.689998626708984,49.20000076293945,49.54999923706055,18169200,VWO
2022-01-11,45.29018783569336,50.459999084472656,50.470001220703125,49.63999938964844,49.7599983215332,16480000,VWO
2022-01-12,45.98128890991211,51.22999954223633,51.2599983215332,50.84000015258789,51.0099983215332,15080100,VWO
2022-01-13,45.4068717956543,50.59000015258789,51.099998474121094,50.56999969482422,51.06999969482422,12451500,VWO
2022-01-14,45.49661636352539,50.689998626708984,50.75,50.41999816894531,50.5,13133500,VWO
2022-01-18,44.823463439941406,49.939998626708984,50.22999954223633,49.880001068115234,49.959999084472656,19183200,VWO
2022-01-19,45.00297164916992,50.13999938964844,50.380001068115234,50.08000183105469,50.290000915527344,14639500,VWO
2022-01-20,45.28121566772461,50.45000076293945,51.20000076293945,50.380001068115234,50.95000076293945,16328800,VWO
2022-01-21,44.572147369384766,49.65999984741211,50.369998931884766,49.630001068115234,50.349998474121094,21514300,VWO
2022-01-24,43.979766845703125,49.0,49.0099983215332,47.97999954223633,48.93000030517578,36464800,VWO
2022-01-25,43.97079849243164,48.9900016784668,49.25,48.4900016784668,48.77000045776367,26653700,VWO
2022-01-26,43.51304244995117,48.47999954223633,49.38999938964844,48.369998931884766,49.279998779296875,20414900,VWO
2022-01-27,43.12710189819336,48.04999923706055,48.619998931884766,48.02000045776367,48.560001373291016,22849100,VWO
2022-01-28,43.19889831542969,48.130001068115234,48.15999984741211,47.540000915527344,48.029998779296875,27922500,VWO
2022-01-31,44.581119537353516,49.66999816894531,49.7400016784668,48.68000030517578,48.72999954223633,20554000,VWO
2022-02-01,44.841407775878906,49.959999084472656,49.959999084472656,49.45000076293945,49.849998474121094,21060100,VWO
2022-02-02,44.7606315612793,49.869998931884766,50.119998931884766,49.529998779296875,50.11000061035156,11594200,VWO
2022-02-03,44.383663177490234,49.45000076293945,49.65999984741211,49.220001220703125,49.31999969482422,13942700,VWO
2022-02-04,44.41058349609375,49.47999954223633,49.70000076293945,49.02000045776367,49.13999938964844,15478800,VWO
2022-02-07,44.41058349609375,49.47999954223633,49.72999954223633,49.33000183105469,49.380001068115234,13489300,VWO
2022-02-08,44.814483642578125,49.93000030517578,49.939998626708984,49.400001525878906,49.41999816894531,11707700,VWO
2022-02-09,45.47866439819336,50.66999816894531,50.70000076293945,50.279998779296875,50.36000061035156,11085600,VWO
2022-02-10,45.227359771728516,50.38999938964844,50.9900016784668,50.220001220703125,50.290000915527344,13962400,VWO
2022-02-11,44.52726745605469,49.61000061035156,50.5099983215332,49.5099983215332,50.349998474121094,15697700,VWO
2022-02-14,44.19517135620117,49.2400016784668,49.459999084472656,48.97999954223633,49.38999938964844,17819000,VWO
2022-02-15,45.2004280090332,50.36000061035156,50.40999984741211,49.93000030517578,49.970001220703125,12628200,VWO
2022-02-16,45.541500091552734,50.7400016784668,50.93000030517578,50.27000045776367,50.290000915527344,12961900,VWO
2022-02-17,44.949119567871094,50.08000183105469,50.529998779296875,49.9900016784668,50.40999984741211,11970000,VWO
2022-02-18,44.59907531738281,49.689998626708984,49.9900016784668,49.560001373291016,49.9900016784668,15194200,VWO
2022-02-22,43.907958984375,48.91999816894531,49.25,48.61000061035156,48.959999084472656,19444900,VWO
2022-02-23,43.50407028198242,48.470001220703125,49.2599983215332,48.400001525878906,49.220001220703125,15556200,VWO
2022-02-24,42.62447738647461,47.4900016784668,47.5099983215332,46.150001525878906,46.22999954223633,31161900,VWO
2022-02-25,43.414310455322266,48.369998931884766,48.40999984741211,47.5,47.779998779296875,18987800,VWO
2022-02-28,42.9206657409668,47.81999969482422,47.900001525878906,47.31999969482422,47.41999816894531,22508100,VWO
2022-03-01,42.33726119995117,47.16999816894531,47.90999984741211,46.970001220703125,47.5099983215332,23007800,VWO
2022-03-02,42.471885681152344,47.31999969482422,47.52000045776367,46.81999969482422,47.220001220703125,16913500,VWO
2022-03-03,41.87950897216797,46.65999984741211,47.22999954223633,46.599998474121094,47.15999984741211,17723400,VWO
2022-03-04,41.089664459228516,45.779998779296875,46.06999969482422,45.56999969482422,45.90999984741211,25190600,VWO
2022-03-07,39.635643005371094,44.15999984741211,45.25,44.130001068115234,45.13999938964844,21377900,VWO
2022-03-08,39.806175231933594,44.349998474121094,44.810001373291016,43.900001525878906,44.349998474121094,25919200,VWO
2022-03-09,40.81143569946289,45.470001220703125,45.560001373291016,44.79999923706055,44.84000015258789,16960800,VWO
2022-03-10,40.18314743041992,44.77000045776367,44.93000030517578,44.4900016784668,44.869998931884766,17520900,VWO
2022-03-11,39.36638259887695,43.86000061035156,45.08000183105469,43.849998474121094,45.0,18450900,VWO
2022-03-14,38.42395782470703,42.810001373291016,43.650001525878906,42.68000030517578,43.369998931884766,27183200,VWO
2022-03-15,38.406005859375,42.790000915527344,42.849998474121094,41.970001220703125,42.15999984741211,34112700,VWO
2022-03-16,41.39483642578125,46.119998931884766,46.13999938964844,44.5,44.709999084472656,33405400,VWO
2022-03-17,41.089664459228516,45.779998779296875,45.849998474121094,45.189998626708984,45.630001068115234,26385700,VWO
2022-03-18,41.73590850830078,46.5,46.58000183105469,45.29999923706055,45.45000076293945,30410100,VWO
2022-03-21,41.20840835571289,45.779998779296875,45.939998626708984,45.380001068115234,45.79999923706055,22204800,VWO
2022-03-22,41.84752655029297,46.4900016784668,46.650001525878906,46.29999923706055,46.33000183105469,23516500,VWO
2022-03-23,41.559478759765625,46.16999816894531,46.65999984741211,45.939998626708984,46.04999923706055,19841900,VWO
2022-03-24,41.81151580810547,46.45000076293945,46.5,46.08000183105469,46.310001373291016,17516500,VWO
2022-03-25,41.48746109008789,46.09000015258789,46.119998931884766,45.790000915527344,46.040000915527344,22809800,VWO
2022-03-28,41.62248229980469,46.2400016784668,46.2400016784668,45.81999969482422,46.099998474121094,19367000,VWO
2022-03-29,42.2615852355957,46.95000076293945,47.06999969482422,46.70000076293945,46.95000076293945,15914100,VWO
2022-03-30,42.20756912231445,46.88999938964844,47.27000045776367,46.779998779296875,46.959999084472656,23389300,VWO
2022-03-31,41.523468017578125,46.130001068115234,46.68000030517578,46.130001068115234,46.68000030517578,19759200,VWO
2022-04-01,42.31558609008789,47.0099983215332,47.25,46.720001220703125,47.06999969482422,18031700,VWO
2022-04-04,43.053707122802734,47.83000183105469,47.91999816894531,47.470001220703125,47.599998474121094,15647300,VWO
2022-04-05,42.29758834838867,46.9900016784668,47.709999084472656,46.939998626708984,47.70000076293945,15185300,VWO
2022-04-06,41.82951736450195,46.470001220703125,46.79999923706055,46.2400016784668,46.7599983215332,17994600,VWO
2022-04-07,41.523468017578125,46.130001068115234,46.310001373291016,45.869998931884766,46.209999084472656,18050600,VWO
2022-04-08,41.60448455810547,46.220001220703125,46.45000076293945,46.130001068115234,46.2599983215332,12011400,VWO
2022-04-11,41.082401275634766,45.63999938964844,45.93000030517578,45.59000015258789,45.7400016784668,16692400,VWO
2022-04-12,40.920372009277344,45.459999084472656,45.9900016784668,45.38999938964844,45.939998626708984,16535100,VWO
2022-04-13,41.3614387512207,45.95000076293945,45.97999954223633,45.58000183105469,45.58000183105469,12040000,VWO
2022-04-14,40.911376953125,45.45000076293945,45.790000915527344,45.43000030517578,45.790000915527344,16026500,VWO
2022-04-18,40.7403450012207,45.2599983215332,45.459999084472656,45.02000045776367,45.130001068115234,19001600,VWO
2022-04-19,40.5333137512207,45.029998779296875,45.04999923706055,44.650001525878906,44.81999969482422,15956300,VWO
2022-04-20,40.27227020263672,44.7400016784668,45.09000015258789,44.68000030517578,45.09000015258789,20952500,VWO
2022-04-21,39.54315948486328,43.93000030517578,44.81999969482422,43.84000015258789,44.75,20043900,VWO
2022-04-22,39.22811508178711,43.58000183105469,44.279998779296875,43.540000915527344,43.9900016784668,22372700,VWO
2022-04-25,38.82305145263672,43.130001068115234,43.16999816894531,42.650001525878906,42.7599983215332,26472400,VWO
2022-04-26,38.03992462158203,42.2599983215332,42.91999816894531,42.2400016784668,42.849998474121094,24194100,VWO
2022-04-27,38.571006774902344,42.849998474121094,43.060001373291016,42.540000915527344,42.61000061035156,53537400,VWO
2022-04-28,39.07508850097656,43.40999984741211,43.45000076293945,42.709999084472656,43.20000076293945,19501900,VWO
2022-04-29,39.10209274291992,43.439998626708984,44.29999923706055,43.43000030517578,44.11000061035156,20111300,VWO
2022-05-02,39.02107620239258,43.349998474121094,43.52000045776367,42.81999969482422,43.22999954223633,25821000,VWO
2022-05-03,39.3181266784668,43.68000030517578,43.7400016784668,43.470001220703125,43.63999938964844,20873600,VWO
2022-05-04,39.70518112182617,44.11000061035156,44.16999816894531,42.95000076293945,43.220001220703125,23587300,VWO
2022-05-05,38.26496124267578,42.5099983215332,43.279998779296875,42.150001525878906,43.209999084472656,20766700,VWO
2022-05-06,37.74287796020508,41.93000030517578,42.2400016784668,41.65999984741211,42.150001525878906,31210700,VWO
2022-05-09,36.7257194519043,40.79999923706055,41.400001525878906,40.72999954223633,41.15999984741211,29101100,VWO
2022-05-10,36.878746032714844,40.970001220703125,41.43000030517578,40.59000015258789,41.349998474121094,33960000,VWO
2022-05-11,36.61770248413086,40.68000030517578,41.5099983215332,40.650001525878906,41.15999984741211,30111800,VWO
2022-05-12,36.437679290771484,40.47999954223633,40.81999969482422,40.02000045776367,40.290000915527344,26431600,VWO
2022-05-13,37.33782196044922,41.47999954223633,41.4900016784668,40.81999969482422,40.84000015258789,15708700,VWO
2022-05-16,37.256805419921875,41.38999938964844,41.560001373291016,41.13999938964844,41.22999954223633,13006200,VWO
2022-05-17,38.1119384765625,42.34000015258789,42.470001220703125,42.0099983215332,42.40999984741211,14383600,VWO
2022-05-18,37.28380584716797,41.41999816894531,42.2400016784668,41.349998474121094,42.06999969482422,16249700,VWO
2022-05-19,37.82389450073242,42.02000045776367,42.209999084472656,41.529998779296875,41.54999923706055,15545600,VWO
2022-05-20,37.96791458129883,42.18000030517578,42.58000183105469,41.63999938964844,42.45000076293945,12317500,VWO
2022-05-23,38.23795700073242,42.47999954223633,42.58000183105469,42.209999084472656,42.43000030517578,10585800,VWO
2022-05-24,37.55385208129883,41.720001220703125,41.86000061035156,41.349998474121094,41.810001373291016,13145000,VWO
2022-05-25,37.76087951660156,41.95000076293945,42.06999969482422,41.58000183105469,41.63999938964844,12023000,VWO
2022-05-26,38.32797622680664,42.58000183105469,42.689998626708984,41.88999938964844,41.88999938964844,14458700,VWO
2022-05-27,38.74203872680664,43.040000915527344,43.060001373291016,42.70000076293945,42.869998931884766,13420900,VWO
2022-05-31,39.28211212158203,43.63999938964844,44.11000061035156,43.63999938964844,44.09000015258789,19722800,VWO
2022-06-01,39.02107620239258,43.349998474121094,43.95000076293945,43.18000030517578,43.86000061035156,10936200,VWO
2022-06-02,39.72319030761719,44.130001068115234,44.13999938964844,43.459999084472656,43.56999969482422,10197700,VWO
2022-06-03,39.10209274291992,43.439998626708984,43.7599983215332,43.349998474121094,43.709999084472656,9320800,VWO
2022-06-06,39.3181266784668,43.68000030517578,44.290000915527344,43.59000015258789,44.150001525878906,11482500,VWO
2022-06-07,39.51616668701172,43.900001525878906,43.900001525878906,43.400001525878906,43.47999954223633,10240500,VWO
2022-06-08,39.660179138183594,44.060001373291016,44.25,43.88999938964844,44.060001373291016,9156200,VWO
2022-06-09,38.8050422668457,43.11000061035156,43.810001373291016,43.099998474121094,43.709999084472656,13729900,VWO
2022-06-10,38.49899673461914,42.77000045776367,43.16999816894531,42.65999984741211,43.11000061035156,15577600,VWO
2022-06-13,37.247806549072266,41.380001068115234,41.97999954223633,41.22999954223633,41.709999084472656,23994400,VWO
2022-06-14,37.78788757324219,41.97999954223633,42.130001068115234,41.720001220703125,41.810001373291016,20284100,VWO
2022-06-15,38.34597396850586,42.599998474121094,42.849998474121094,41.970001220703125,42.209999084472656,17427400,VWO
2022-06-16,37.14878845214844,41.27000045776367,41.459999084472656,41.0,41.310001373291016,18107300,VWO
2022-06-17,37.31080627441406,41.45000076293945,41.79999923706055,41.15999984741211,41.65999984741211,16097300,VWO
2022-06-21,37.905696868896484,41.79999923706055,41.959999084472656,41.66999816894531,41.709999084472656,11495800,VWO
2022-06-22,37.27998352050781,41.11000061035156,41.380001068115234,40.939998626708984,41.0099983215332,14401600,VWO
2022-06-23,37.46134567260742,41.310001373291016,41.5,40.939998626708984,41.290000915527344,14524700,VWO
2022-06-24,38.25936508178711,42.189998626708984,42.220001220703125,41.63999938964844,41.709999084472656,11450100,VWO
2022-06-27,38.28656768798828,42.220001220703125,42.439998626708984,42.15999984741211,42.400001525878906,11693700,VWO
2022-06-28,38.03265380859375,41.939998626708984,42.689998626708984,41.90999984741211,42.47999954223633,12196800,VWO
2022-06-29,37.932899475097656,41.83000183105469,42.0,41.689998626708984,41.88999938964844,12481100,VWO
2022-06-30,37.76967239379883,41.650001525878906,41.709999084472656,41.06999969482422,41.290000915527344,13290700,VWO
2022-07-01,37.54296875,41.400001525878906,41.43000030517578,40.959999084472656,41.220001220703125,13034100,VWO
2022-07-05,37.24370574951172,41.06999969482422,41.08000183105469,40.40999984741211,40.59000015258789,15717000,VWO
2022-07-06,36.98979187011719,40.790000915527344,40.939998626708984,40.5,40.79999923706055,11606600,VWO
2022-07-07,37.760597229003906,41.63999938964844,41.779998779296875,41.29999923706055,41.33000183105469,9526600,VWO
2022-07-08,37.669918060302734,41.540000915527344,41.709999084472656,41.290000915527344,41.459999084472656,7877900,VWO
2022-07-11,36.73587417602539,40.5099983215332,40.75,40.380001068115234,40.7400016784668,11642400,VWO
2022-07-12,36.599857330322266,40.36000061035156,40.56999969482422,40.16999816894531,40.33000183105469,12804600,VWO
2022-07-13,36.49103546142578,40.2400016784668,40.41999816894531,39.7599983215332,39.77000045776367,15757700,VWO
2022-07-14,36.24619674682617,39.970001220703125,40.0099983215332,39.56999969482422,39.91999816894531,18559400,VWO
2022-07-15,36.373138427734375,40.11000061035156,40.119998931884766,39.58000183105469,39.900001525878906,14423900,VWO
2022-07-18,36.545448303222656,40.29999923706055,40.849998474121094,40.279998779296875,40.650001525878906,23135300,VWO
2022-07-19,37.06233596801758,40.869998931884766,40.939998626708984,40.630001068115234,40.75,21114800,VWO
2022-07-20,36.90817642211914,40.70000076293945,40.86000061035156,40.58000183105469,40.779998779296875,20319700,VWO
2022-07-21,37.36159133911133,41.20000076293945,41.20000076293945,40.810001373291016,40.869998931884766,14990800,VWO
2022-07-22,36.9807243347168,40.779998779296875,41.18000030517578,40.619998931884766,41.11000061035156,8552400,VWO
2022-07-25,37.15302276611328,40.970001220703125,40.970001220703125,40.75,40.88999938964844,10830900,VWO
2022-07-26,36.79936218261719,40.58000183105469,41.0099983215332,40.529998779296875,40.88999938964844,10031900,VWO
2022-07-27,37.52482604980469,41.380001068115234,41.470001220703125,40.79999923706055,40.97999954223633,11653800,VWO
2022-07-28,37.64270782470703,41.5099983215332,41.560001373291016,40.95000076293945,41.40999984741211,12100400,VWO
2022-07-29,37.47041320800781,41.31999969482422,41.349998474121094,40.849998474121094,41.02000045776367,12881200,VWO
2022-08-01,37.24370574951172,41.06999969482422,41.31999969482422,40.72999954223633,41.029998779296875,14053200,VWO
2022-08-02,37.02606964111328,40.83000183105469,41.25,40.59000015258789,40.720001220703125,13208000,VWO
2022-08-03,37.225563049316406,41.04999923706055,41.119998931884766,40.63999938964844,40.81999969482422,7069800,VWO
2022-08-04,37.53389358520508,41.38999938964844,41.47999954223633,41.209999084472656,41.349998474121094,11478200,VWO
2022-08-05,37.52482604980469,41.380001068115234,41.459999084472656,41.09000015258789,41.13999938964844,8281100,VWO
2022-08-08,37.60643768310547,41.470001220703125,41.72999954223633,41.400001525878906,41.529998779296875,8486300,VWO
2022-08-09,37.52482604980469,41.380001068115234,41.619998931884766,41.290000915527344,41.54999923706055,7219500,VWO
2022-08-10,37.99637985229492,41.900001525878906,41.959999084472656,41.52000045776367,41.66999816894531,7292400,VWO
2022-08-11,38.17774963378906,42.099998474121094,42.63999938964844,42.0,42.279998779296875,10109800,VWO
2022-08-12,38.57675552368164,42.540000915527344,42.54999923706055,42.04999923706055,42.099998474121094,9075700,VWO
2022-08-15,38.43165969848633,42.380001068115234,42.45000076293945,42.13999938964844,42.189998626708984,8868500,VWO
2022-08-16,38.44979476928711,42.400001525878906,42.459999084472656,42.22999954223633,42.290000915527344,10804300,VWO
2022-08-17,38.359107971191406,42.29999923706055,42.47999954223633,42.150001525878906,42.25,10500500,VWO
2022-08-18,38.1142692565918,42.029998779296875,42.20000076293945,41.869998931884766,42.13999938964844,11487100,VWO
2022-08-19,37.68805694580078,41.560001373291016,41.790000915527344,41.470001220703125,41.7599983215332,10237500,VWO
2022-08-22,37.425071716308594,41.27000045776367,41.40999984741211,41.220001220703125,41.310001373291016,10150400,VWO
2022-08-23,37.660850524902344,41.529998779296875,41.66999816894531,41.27000045776367,41.36000061035156,11575200,VWO
2022-08-24,37.68805694580078,41.560001373291016,41.77000045776367,41.18000030517578,41.22999954223633,9775000,VWO
2022-08-25,38.386322021484375,42.33000183105469,42.34000015258789,41.84000015258789,41.880001068115234,11979000,VWO
2022-08-26,37.87849807739258,41.77000045776367,42.70000076293945,41.75,42.650001525878906,8782400,VWO
2022-08-29,37.69712448120117,41.56999969482422,41.90999984741211,41.56999969482422,41.650001525878906,9447100,VWO
2022-08-30,37.24370574951172,41.06999969482422,41.72999954223633,40.939998626708984,41.72999954223633,10693400,VWO
2022-08-31,37.29811096191406,41.130001068115234,41.599998474121094,41.130001068115234,41.439998626708984,9337500,VWO
2022-09-01,37.125816345214844,40.939998626708984,40.959999084472656,40.540000915527344,40.880001068115234,18818700,VWO
2022-09-02,36.826568603515625,40.61000061035156,41.04999923706055,40.529998779296875,40.880001068115234,10848500,VWO
2022-09-06,36.50917053222656,40.2599983215332,40.599998474121094,40.20000076293945,40.529998779296875,14144900,VWO
2022-09-07,36.8174934387207,40.599998474121094,40.63999938964844,40.060001373291016,40.099998474121094,9883200,VWO
2022-09-08,36.70867919921875,40.47999954223633,40.5,40.150001525878906,40.25,12770900,VWO
2022-09-09,37.198368072509766,41.02000045776367,41.09000015258789,40.790000915527344,40.84000015258789,9009700,VWO
2022-09-12,37.76967239379883,41.650001525878906,41.65999984741211,41.290000915527344,41.369998931884766,10716200,VWO
2022-09-13,36.572654724121094,40.33000183105469,40.95000076293945,40.27000045776367,40.810001373291016,9973100,VWO
2022-09-14,36.7540168762207,40.529998779296875,40.65999984741211,40.380001068115234,40.540000915527344,10471000,VWO
2022-09-15,36.43661880493164,40.18000030517578,40.529998779296875,40.08000183105469,40.279998779296875,14054400,VWO
2022-09-16,35.9741325378418,39.66999816894531,39.79999923706055,39.5,39.68000030517578,19815200,VWO
2022-09-19,36.120269775390625,39.29999923706055,39.310001373291016,38.849998474121094,38.880001068115234,20290600,VWO
2022-09-20,35.99160385131836,39.15999984741211,39.29999923706055,39.0,39.15999984741211,10472300,VWO
2022-09-21,35.39418411254883,38.5099983215332,39.099998474121094,38.45000076293945,38.91999816894531,19732800,VWO
2022-09-22,35.293094635009766,38.400001525878906,38.619998931884766,38.2599983215332,38.54999923706055,19730200,VWO
2022-09-23,34.484291076660156,37.52000045776367,37.7599983215332,37.310001373291016,37.72999954223633,22623300,VWO
2022-09-26,34.00636291503906,37.0,37.41999816894531,36.91999816894531,37.20000076293945,21316600,VWO
2022-09-27,33.98798370361328,36.97999954223633,37.5,36.81999969482422,37.279998779296875,19028000,VWO
2022-09-28,34.2545166015625,37.27000045776367,37.400001525878906,36.709999084472656,36.77000045776367,15878500,VWO
2022-09-29,33.58357620239258,36.540000915527344,36.689998626708984,36.209999084472656,36.63999938964844,15620900,VWO
2022-09-30,33.53762435913086,36.4900016784668,36.810001373291016,36.439998626708984,36.52000045776367,14585900,VWO
2022-10-03,34.05231475830078,37.04999923706055,37.13999938964844,36.54999923706055,36.779998779296875,25180700,VWO
2022-10-04,35.008174896240234,38.09000015258789,38.209999084472656,37.70000076293945,37.75,15692700,VWO
2022-10-05,35.07250213623047,38.15999984741211,38.279998779296875,37.79999923706055,38.04999923706055,11790500,VWO
2022-10-06,34.82435607910156,37.88999938964844,38.18000030517578,37.86000061035156,37.959999084472656,12713600,VWO
2022-10-07,34.13502883911133,37.13999938964844,37.59000015258789,37.06999969482422,37.5,14150700,VWO
2022-10-10,33.666297912597656,36.630001068115234,36.90999984741211,36.4900016784668,36.90999984741211,11826300,VWO
2022-10-11,33.142425537109375,36.060001373291016,36.45000076293945,35.95000076293945,36.220001220703125,14793200,VWO
2022-10-12,33.13322830200195,36.04999923706055,36.2400016784668,35.93000030517578,36.08000183105469,13520200,VWO
2022-10-13,33.26190185546875,36.189998626708984,36.369998931884766,35.13999938964844,35.16999816894531,24983600,VWO
2022-10-14,32.7747802734375,35.65999984741211,36.41999816894531,35.63999938964844,36.41999816894531,17628500,VWO
2022-10-17,33.61115264892578,36.56999969482422,36.72999954223633,36.34000015258789,36.34000015258789,19459100,VWO
2022-10-18,33.62034606933594,36.58000183105469,36.9900016784668,36.33000183105469,36.91999816894531,13684600,VWO
2022-10-19,33.032127380371094,35.939998626708984,36.2400016784668,35.83000183105469,36.0099983215332,14793200,VWO
2022-10-20,33.28947448730469,36.220001220703125,36.75,36.16999816894531,36.209999084472656,11343100,VWO
2022-10-21,33.776588439941406,36.75,36.75,35.9900016784668,36.09000015258789,12821500,VWO
2022-10-24,32.4622917175293,35.31999969482422,35.43000030517578,34.880001068115234,35.369998931884766,32579800,VWO
2022-10-25,32.72882843017578,35.61000061035156,35.650001525878906,35.33000183105469,35.33000183105469,18412100,VWO
2022-10-26,33.16999435424805,36.09000015258789,36.400001525878906,35.650001525878906,35.68000030517578,14333800,VWO
2022-10-27,32.9310302734375,35.83000183105469,36.15999984741211,35.779998779296875,35.84000015258789,14762300,VWO
2022-10-28,32.70125961303711,35.58000183105469,35.58000183105469,35.220001220703125,35.34000015258789,12132400,VWO
2022-10-31,32.58177185058594,35.45000076293945,35.5,35.150001525878906,35.15999984741211,18313400,VWO
2022-11-01,33.1240348815918,36.040000915527344,36.380001068115234,35.90999984741211,36.29999923706055,21685500,VWO
2022-11-02,32.87588119506836,35.77000045776367,36.540000915527344,35.7599983215332,36.13999938964844,18052600,VWO
2022-11-03,33.142425537109375,36.060001373291016,36.16999816894531,35.56999969482422,35.56999969482422,19192000,VWO
2022-11-04,34.49347686767578,37.529998779296875,37.529998779296875,37.02000045776367,37.380001068115234,18646100,VWO
2022-11-07,34.429141998291016,37.459999084472656,37.72999954223633,37.33000183105469,37.650001525878906,14516600,VWO
2022-11-08,34.576194763183594,37.619998931884766,37.779998779296875,37.27000045776367,37.41999816894531,16713600,VWO
2022-11-09,33.94202423095703,36.93000030517578,37.439998626708984,36.880001068115234,37.279998779296875,11003200,VWO
2022-11-10,35.081703186035156,38.16999816894531,38.20000076293945,37.709999084472656,37.849998474121094,14703600,VWO
2022-11-11,35.789398193359375,38.939998626708984,39.06999969482422,38.63999938964844,38.70000076293945,13116800,VWO
2022-11-14,35.669921875,38.810001373291016,39.06999969482422,38.689998626708984,38.83000183105469,19903400,VWO
2022-11-15,36.460330963134766,39.66999816894531,39.97999954223633,39.40999984741211,39.97999954223633,14947400,VWO
2022-11-16,35.881309509277344,39.040000915527344,39.38999938964844,39.02000045776367,39.369998931884766,12313200,VWO
2022-11-17,36.074317932128906,39.25,39.279998779296875,38.43000030517578,38.45000076293945,10152900,VWO
2022-11-18,35.81697082519531,38.970001220703125,39.130001068115234,38.810001373291016,39.08000183105469,13884800,VWO
2022-11-21,35.48610305786133,38.61000061035156,38.689998626708984,38.41999816894531,38.619998931884766,11523200,VWO
2022-11-22,35.57801055908203,38.709999084472656,38.72999954223633,38.470001220703125,38.58000183105469,12576700,VWO
2022-11-23,35.77101516723633,38.91999816894531,38.970001220703125,38.689998626708984,38.72999954223633,8148200,VWO
2022-11-25,35.6423454284668,38.779998779296875,38.90999984741211,38.7400016784668,38.869998931884766,4877400,VWO
2022-11-28,35.55962371826172,38.689998626708984,39.06999969482422,38.650001525878906,38.70000076293945,14967900,VWO
2022-11-29,36.258140563964844,39.45000076293945,39.599998474121094,39.33000183105469,39.41999816894531,12193700,VWO
2022-11-30,37.24155807495117,40.52000045776367,40.650001525878906,40.0099983215332,40.2599983215332,16331300,VWO
2022-12-01,37.14965057373047,40.41999816894531,40.689998626708984,40.2599983215332,40.619998931884766,18123200,VWO
2022-12-02,37.37942886352539,40.66999816894531,40.779998779296875,40.15999984741211,40.15999984741211,12581500,VWO
2022-12-05,37.002601623535156,40.2599983215332,40.720001220703125,40.150001525878906,40.720001220703125,11066600,VWO
2022-12-06,37.03017044067383,40.290000915527344,40.47999954223633,40.16999816894531,40.45000076293945,10671300,VWO
2022-12-07,36.80958938598633,40.04999923706055,40.15999984741211,39.880001068115234,39.959999084472656,13380600,VWO
2022-12-08,37.23236846923828,40.5099983215332,40.650001525878906,40.310001373291016,40.45000076293945,16254600,VWO
2022-12-09,36.919883728027344,40.16999816894531,40.560001373291016,40.16999816894531,40.5,10962700,VWO
2022-12-12,36.818782806396484,40.060001373291016,40.060001373291016,39.709999084472656,40.04999923706055,15846000,VWO
2022-12-13,37.01179122924805,40.27000045776367,40.91999816894531,40.20000076293945,40.79999923706055,20943100,VWO
2022-12-14,37.07612991333008,40.34000015258789,40.5099983215332,40.06999969482422,40.33000183105469,19430000,VWO
2022-12-15,36.35923767089844,39.560001373291016,40.2599983215332,39.4900016784668,40.099998474121094,16821500,VWO
2022-12-16,36.31327819824219,39.5099983215332,39.79999923706055,39.4900016784668,39.68000030517578,12156700,VWO
2022-12-19,36.383338928222656,38.95000076293945,39.15999984741211,38.849998474121094,39.15999984741211,19755100,VWO
2022-12-20,36.26190185546875,38.81999969482422,38.9900016784668,38.689998626708984,38.75,18051400,VWO
2022-12-21,36.598182678222656,39.18000030517578,39.189998626708984,38.70000076293945,38.79999923706055,15728300,VWO
2022-12-22,36.2712516784668,38.83000183105469,39.06999969482422,38.529998779296875,39.06999969482422,17285500,VWO
2022-12-23,36.1965217590332,38.75,38.869998931884766,38.56999969482422,38.77000045776367,14616500,VWO
2022-12-27,36.766319274902344,39.36000061035156,39.54999923706055,39.04999923706055,39.08000183105469,13829000,VWO
2022-12-28,36.233882904052734,38.790000915527344,39.29999923706055,38.790000915527344,39.25,15688000,VWO
2022-12-29,36.85973358154297,39.459999084472656,39.560001373291016,39.22999954223633,39.2599983215332,13383100,VWO
2022-12-30,36.41136169433594,38.97999954223633,39.349998474121094,38.83000183105469,39.25,15760600,VWO
2023-01-03,36.80368423461914,39.400001525878906,39.779998779296875,39.290000915527344,39.47999954223633,12098600,VWO
2023-01-04,37.756465911865234,40.41999816894531,40.459999084472656,39.7400016784668,39.95000076293945,13970300,VWO
2023-01-05,37.64438247680664,40.29999923706055,40.380001068115234,40.04999923706055,40.08000183105469,9447800,VWO
2023-01-06,38.28891372680664,40.9900016784668,41.0099983215332,40.2599983215332,40.47999954223633,12189500,VWO
2023-01-09,38.494415283203125,41.209999084472656,41.4900016784668,41.20000076293945,41.38999938964844,14642900,VWO
2023-01-10,38.76530075073242,41.5,41.5099983215332,41.150001525878906,41.33000183105469,8682200,VWO
2023-01-11,38.92409896850586,41.66999816894531,41.689998626708984,41.34000015258789,41.40999984741211,11254400,VWO
2023-01-12,39.10158157348633,41.86000061035156,41.95000076293945,41.36000061035156,41.72999954223633,12603900,VWO
2023-01-13,39.36313247680664,42.13999938964844,42.15999984741211,41.790000915527344,41.790000915527344,8663200,VWO
2023-01-17,39.15761947631836,41.91999816894531,41.959999084472656,41.75,41.900001525878906,14381200,VWO
2023-01-18,38.92409896850586,41.66999816894531,42.33000183105469,41.66999816894531,42.25,10775600,VWO
2023-01-19,39.232357025146484,42.0,42.119998931884766,41.83000183105469,41.84000015258789,11808300,VWO
2023-01-20,39.690067291259766,42.4900016784668,42.5,42.06999969482422,42.209999084472656,12689100,VWO
2023-01-23,39.979637145996094,42.79999923706055,42.9900016784668,42.52000045776367,42.58000183105469,13000000,VWO
2023-01-24,40.01700210571289,42.84000015258789,42.869998931884766,42.599998474121094,42.65999984741211,13591800,VWO
2023-01-25,40.02634048461914,42.849998474121094,42.869998931884766,42.400001525878906,42.599998474121094,8435800,VWO
2023-01-26,40.3345947265625,43.18000030517578,43.220001220703125,42.900001525878906,43.099998474121094,10829900,VWO
2023-01-27,40.06371307373047,42.88999938964844,43.0099983215332,42.77000045776367,43.0099983215332,11910800,VWO
2023-01-30,39.344451904296875,42.119998931884766,42.43000030517578,42.119998931884766,42.29999923706055,11908200,VWO
2023-01-31,39.44719696044922,42.22999954223633,42.22999954223633,41.880001068115234,41.970001220703125,14673600,VWO
2023-02-01,39.84886932373047,42.65999984741211,42.790000915527344,42.099998474121094,42.349998474121094,23841300,VWO
2023-02-02,39.56863021850586,42.36000061035156,42.66999816894531,42.20000076293945,42.66999816894531,11068700,VWO
2023-02-03,38.942771911621094,41.689998626708984,42.189998626708984,41.61000061035156,41.93000030517578,13327200,VWO
2023-02-06,38.541107177734375,41.2599983215332,41.31999969482422,40.95000076293945,41.09000015258789,12668700,VWO
2023-02-07,38.61585235595703,41.34000015258789,41.47999954223633,40.959999084472656,41.220001220703125,11589100,VWO
2023-02-08,38.541107177734375,41.2599983215332,41.45000076293945,41.06999969482422,41.38999938964844,11288000,VWO
2023-02-09,38.690574645996094,41.41999816894531,41.810001373291016,41.29999923706055,41.7400016784668,8787500,VWO
2023-02-10,38.3636360168457,41.06999969482422,41.2400016784668,40.959999084472656,41.220001220703125,6052700,VWO
2023-02-13,38.70925521850586,41.439998626708984,41.52000045776367,41.15999984741211,41.25,5597800,VWO
2023-02-14,38.59716033935547,41.31999969482422,41.5,41.0,41.099998474121094,8875500,VWO
2023-02-15,38.410343170166016,41.119998931884766,41.130001068115234,40.79999923706055,40.869998931884766,8818400,VWO
2023-02-16,38.33561706542969,41.040000915527344,41.2599983215332,40.77000045776367,40.88999938964844,7802700,VWO
2023-02-17,38.02736282348633,40.709999084472656,40.77000045776367,40.529998779296875,40.66999816894531,7075600,VWO
2023-02-21,37.607017517089844,40.2599983215332,40.689998626708984,40.2599983215332,40.5,12837300,VWO
2023-02-22,37.44821548461914,40.09000015258789,40.310001373291016,40.0,40.189998626708984,14404200,VWO
2023-02-23,37.5789909362793,40.22999954223633,40.599998474121094,40.02000045776367,40.54999923706055,13227300,VWO
2023-02-24,36.85973358154297,39.459999084472656,39.63999938964844,39.310001373291016,39.47999954223633,20141500,VWO
2023-02-27,37.04655456542969,39.65999984741211,39.75,39.58000183105469,39.72999954223633,14329600,VWO
2023-02-28,36.822357177734375,39.41999816894531,39.689998626708984,39.38999938964844,39.529998779296875,10625000,VWO
2023-03-01,37.56031036376953,40.209999084472656,40.36000061035156,40.130001068115234,40.310001373291016,12820000,VWO
2023-03-02,37.728450775146484,40.38999938964844,40.5,40.02000045776367,40.099998474121094,13843800,VWO
2023-03-03,38.0086784362793,40.689998626708984,40.7599983215332,40.45000076293945,40.5,8122600,VWO
2023-03-06,37.87790298461914,40.54999923706055,40.83000183105469,40.5099983215332,40.650001525878906,8619700,VWO
2023-03-07,37.31744384765625,39.95000076293945,40.40999984741211,39.939998626708984,40.400001525878906,9885900,VWO
2023-03-08,37.51359939575195,40.15999984741211,40.2400016784668,40.0099983215332,40.02000045776367,6696800,VWO
2023-03-09,36.74763870239258,39.34000015258789,39.880001068115234,39.279998779296875,39.79999923706055,8372600,VWO
2023-03-10,36.542137145996094,39.119998931884766,39.4900016784668,39.08000183105469,39.310001373291016,14675700,VWO
2023-03-13,36.50477981567383,39.08000183105469,39.33000183105469,38.849998474121094,38.939998626708984,14464000,VWO
2023-03-14,36.5234489440918,39.099998474121094,39.189998626708984,38.91999816894531,39.029998779296875,10215200,VWO
2023-03-15,35.91628646850586,38.45000076293945,38.47999954223633,38.11000061035156,38.33000183105469,23584100,VWO
2023-03-16,36.37399673461914,38.939998626708984,38.959999084472656,38.310001373291016,38.349998474121094,14642100,VWO
2023-03-17,36.18717956542969,38.7400016784668,38.97999954223633,38.619998931884766,38.970001220703125,8361300,VWO
2023-03-20,36.2507438659668,38.779998779296875,38.90999984741211,38.52000045776367,38.630001068115234,7514800,VWO
2023-03-21,36.63399887084961,39.189998626708984,39.279998779296875,39.0,39.130001068115234,7121900,VWO
2023-03-22,36.746177673339844,39.310001373291016,39.849998474121094,39.290000915527344,39.439998626708984,8075800,VWO
2023-03-23,37.19487380981445,39.790000915527344,40.209999084472656,39.599998474121094,39.959999084472656,9410700,VWO
2023-03-24,37.120086669921875,39.709999084472656,39.72999954223633,39.459999084472656,39.529998779296875,8957900,VWO
2023-03-27,36.942481994628906,39.52000045776367,39.540000915527344,39.31999969482422,39.43000030517578,7548100,VWO
2023-03-28,37.3818244934082,39.9900016784668,40.0,39.779998779296875,39.790000915527344,5786400,VWO
2023-03-29,37.512691497802734,40.130001068115234,40.189998626708984,39.91999816894531,40.029998779296875,9960600,VWO
2023-03-30,37.87725830078125,40.52000045776367,40.619998931884766,40.34000015258789,40.45000076293945,6306800,VWO
2023-03-31,37.76509094238281,40.400001525878906,40.58000183105469,40.310001373291016,40.47999954223633,8309800,VWO
2023-04-03,37.92399978637695,40.56999969482422,40.599998474121094,40.38999938964844,40.439998626708984,9475800,VWO
2023-04-04,37.961387634277344,40.61000061035156,40.630001068115234,40.40999984741211,40.5099983215332,6596700,VWO
2023-04-05,37.62487030029297,40.25,40.540000915527344,40.099998474121094,40.540000915527344,6787900,VWO
2023-04-06,37.849220275878906,40.4900016784668,40.58000183105469,40.15999984741211,40.27000045776367,7399600,VWO
2023-04-10,37.76509094238281,40.400001525878906,40.41999816894531,40.209999084472656,40.27000045776367,5814800,VWO
2023-04-11,38.04551696777344,40.70000076293945,40.84000015258789,40.650001525878906,40.7400016784668,7100300,VWO
2023-04-12,37.7557373046875,40.38999938964844,40.81999969482422,40.34000015258789,40.779998779296875,7865500,VWO
2023-04-13,38.213775634765625,40.880001068115234,40.939998626708984,40.75,40.790000915527344,5708200,VWO
2023-04-14,38.00812530517578,40.65999984741211,40.849998474121094,40.5,40.70000076293945,6061600,VWO
2023-04-17,38.213775634765625,40.880001068115234,40.93000030517578,40.72999954223633,40.880001068115234,14731500,VWO
2023-04-18,38.13899612426758,40.79999923706055,40.95000076293945,40.689998626708984,40.900001525878906,8100500,VWO
2023-04-19,37.74638748168945,40.380001068115234,40.45000076293945,40.27000045776367,40.369998931884766,6359200,VWO
2023-04-20,37.699649810791016,40.33000183105469,40.56999969482422,40.22999954223633,40.349998474121094,6724200,VWO
2023-04-21,37.34443283081055,39.95000076293945,40.02000045776367,39.7599983215332,40.02000045776367,6920600,VWO
2023-04-24,37.297691345214844,39.900001525878906,39.959999084472656,39.779998779296875,39.88999938964844,8266900,VWO
2023-04-25,36.662044525146484,39.220001220703125,39.47999954223633,39.18000030517578,39.439998626708984,10370800,VWO
2023-04-26,36.91443634033203,39.4900016784668,39.75,39.45000076293945,39.70000076293945,10182000,VWO
2023-04-27,37.391170501708984,40.0,40.040000915527344,39.65999984741211,39.689998626708984,8388200,VWO
2023-04-28,37.61552047729492,40.2400016784668,40.27000045776367,40.029998779296875,40.04999923706055,9111300,VWO
2023-05-01,37.49400329589844,40.11000061035156,40.369998931884766,40.06999969482422,40.08000183105469,13057500,VWO
2023-05-02,37.10139083862305,39.689998626708984,39.939998626708984,39.54999923706055,39.939998626708984,11429900,VWO
2023-05-03,37.092037200927734,39.68000030517578,39.91999816894531,39.650001525878906,39.72999954223633,9552800,VWO
2023-05-04,37.409873962402344,40.02000045776367,40.130001068115234,39.91999816894531,40.040000915527344,8866000,VWO
2023-05-05,37.811824798583984,40.45000076293945,40.5,40.09000015258789,40.15999984741211,6629800,VWO
2023-05-08,37.82117462158203,40.459999084472656,40.630001068115234,40.38999938964844,40.599998474121094,26327200,VWO
2023-05-09,37.58747863769531,40.209999084472656,40.25,40.040000915527344,40.09000015258789,9169700,VWO
2023-05-10,37.59682083129883,40.220001220703125,40.31999969482422,40.02000045776367,40.220001220703125,11900700,VWO
2023-05-11,37.44725799560547,40.060001373291016,40.09000015258789,39.79999923706055,39.95000076293945,28532700,VWO
2023-05-12,37.026611328125,39.61000061035156,39.84000015258789,39.54999923706055,39.81999969482422,26729700,VWO
2023-05-15,37.671607971191406,40.29999923706055,40.33000183105469,39.849998474121094,40.0,20806300,VWO
2023-05-16,37.409873962402344,40.02000045776367,40.18000030517578,39.97999954223633,40.0,18151700,VWO
2023-05-17,37.54073715209961,40.15999984741211,40.20000076293945,39.900001525878906,39.97999954223633,9341700,VWO
2023-05-18,37.30704116821289,39.90999984741211,39.9900016784668,39.7400016784668,39.9900016784668,9298600,VWO
2023-05-19,37.2883415222168,39.88999938964844,39.9900016784668,39.790000915527344,39.939998626708984,8734000,VWO
2023-05-22,37.53139114379883,40.150001525878906,40.33000183105469,40.119998931884766,40.130001068115234,8717400,VWO
2023-05-23,36.97052764892578,39.54999923706055,39.900001525878906,39.529998779296875,39.81999969482422,11626700,VWO
2023-05-24,36.70878601074219,39.27000045776367,39.5099983215332,39.22999954223633,39.470001220703125,8592200,VWO
2023-05-25,36.64335250854492,39.20000076293945,39.400001525878906,39.13999938964844,39.400001525878906,9488900,VWO
2023-05-26,37.250946044921875,39.849998474121094,39.900001525878906,39.5,39.54999923706055,8469500,VWO
2023-05-30,36.76487350463867,39.33000183105469,39.689998626708984,39.22999954223633,39.68000030517578,12867000,VWO
2023-05-31,36.50313186645508,39.04999923706055,39.16999816894531,38.72999954223633,39.13999938964844,13526500,VWO
2023-06-01,37.129432678222656,39.720001220703125,39.75,39.11000061035156,39.130001068115234,14261200,VWO
2023-06-02,37.71834182739258,40.349998474121094,40.43000030517578,40.27000045776367,40.290000915527344,9367600,VWO
2023-06-05,37.68095397949219,40.310001373291016,40.349998474121094,40.13999938964844,40.220001220703125,7578800,VWO
2023-06-06,37.97073745727539,40.619998931884766,40.650001525878906,40.16999816894531,40.209999084472656,7998700,VWO
2023-06-07,37.88660430908203,40.529998779296875,40.869998931884766,40.470001220703125,40.650001525878906,8395400,VWO
2023-06-08,38.092254638671875,40.75,40.779998779296875,40.529998779296875,40.540000915527344,8976100,VWO
2023-06-09,38.19508361816406,40.86000061035156,41.02000045776367,40.77000045776367,40.790000915527344,10055100,VWO
2023-06-12,38.28855895996094,40.959999084472656,41.0,40.86000061035156,40.93000030517578,7245900,VWO
2023-06-13,38.606388092041016,41.29999923706055,41.47999954223633,41.2400016784668,41.349998474121094,8306100,VWO
2023-06-14,38.970947265625,41.689998626708984,41.75,41.369998931884766,41.400001525878906,8886900,VWO
2023-06-15,39.3448600769043,42.09000015258789,42.099998474121094,41.86000061035156,41.900001525878906,10193000,VWO
2023-06-16,39.20463943481445,41.939998626708984,42.150001525878906,41.86000061035156,42.13999938964844,9704300,VWO
2023-06-20,38.50633239746094,40.970001220703125,41.2400016784668,40.880001068115234,41.20000076293945,12278200,VWO
2023-06-21,38.44053649902344,40.900001525878906,40.95000076293945,40.7400016784668,40.86000061035156,8392800,VWO
2023-06-22,38.271358489990234,40.720001220703125,40.7599983215332,40.540000915527344,40.599998474121094,6856700,VWO
2023-06-23,37.73563766479492,40.150001525878906,40.220001220703125,40.029998779296875,40.20000076293945,8339800,VWO
2023-06-26,37.857810974121094,40.279998779296875,40.459999084472656,40.2400016784668,40.310001373291016,8476200,VWO
2023-06-27,38.214962005615234,40.65999984741211,40.68000030517578,40.470001220703125,40.599998474121094,7398200,VWO
2023-06-28,38.06459045410156,40.5,40.54999923706055,40.349998474121094,40.41999816894531,7332800,VWO
2023-06-29,37.904808044433594,40.33000183105469,40.36000061035156,40.220001220703125,40.2599983215332,9086400,VWO
2023-06-30,38.2337646484375,40.68000030517578,40.81999969482422,40.59000015258789,40.689998626708984,7622800,VWO
2023-07-03,38.60971450805664,41.08000183105469,41.27000045776367,41.02000045776367,41.099998474121094,4891400,VWO
2023-07-05,38.42173767089844,40.880001068115234,40.959999084472656,40.810001373291016,40.95000076293945,8001600,VWO
2023-07-06,37.68864059448242,40.099998474121094,40.38999938964844,39.959999084472656,40.33000183105469,7924400,VWO
2023-07-07,38.13977813720703,40.58000183105469,40.77000045776367,40.27000045776367,40.27000045776367,6731400,VWO
2023-07-10,38.149169921875,40.59000015258789,40.61000061035156,40.29999923706055,40.349998474121094,5512800,VWO
2023-07-11,38.487525939941406,40.95000076293945,40.97999954223633,40.630001068115234,40.79999923706055,7374900,VWO
2023-07-12,39.22062683105469,41.72999954223633,41.790000915527344,41.459999084472656,41.4900016784668,7753200,VWO
2023-07-13,39.652957916259766,42.189998626708984,42.220001220703125,41.900001525878906,41.90999984741211,7400300,VWO
2023-07-14,39.408592224121094,41.93000030517578,42.08000183105469,41.88999938964844,42.04999923706055,8033600,VWO
2023-07-17,39.45558547973633,41.97999954223633,41.9900016784668,41.59000015258789,41.77000045776367,5386800,VWO
2023-07-18,39.17363357543945,41.68000030517578,41.84000015258789,41.560001373291016,41.7400016784668,6711500,VWO
2023-07-19,39.11723327636719,41.619998931884766,41.91999816894531,41.59000015258789,41.75,7513000,VWO
2023-07-20,38.87287521362305,41.36000061035156,41.560001373291016,41.29999923706055,41.5099983215332,16580400,VWO
2023-07-21,38.85407257080078,41.34000015258789,41.5099983215332,41.290000915527344,41.45000076293945,8739400,VWO
2023-07-24,39.371002197265625,41.88999938964844,41.9900016784668,41.369998931884766,41.40999984741211,5984000,VWO
2023-07-25,39.67176055908203,42.209999084472656,42.40999984741211,42.18000030517578,42.380001068115234,6986000,VWO
2023-07-26,39.91612243652344,42.470001220703125,42.59000015258789,42.040000915527344,42.060001373291016,6717700,VWO
2023-07-27,39.47439193725586,42.0,42.540000915527344,41.95000076293945,42.5099983215332,7094600,VWO
2023-07-28,40.43305587768555,43.02000045776367,43.040000915527344,42.7599983215332,42.81999969482422,7433300,VWO
2023-07-31,40.48004150390625,43.06999969482422,43.099998474121094,42.810001373291016,42.880001068115234,6857800,VWO
2023-08-01,39.91612243652344,42.470001220703125,42.70000076293945,42.41999816894531,42.650001525878906,5868100,VWO
2023-08-02,39.05144500732422,41.54999923706055,41.900001525878906,41.459999084472656,41.88999938964844,8465400,VWO
2023-08-03,39.22062683105469,41.72999954223633,41.869998931884766,41.599998474121094,41.63999938964844,6815700,VWO
2023-08-04,39.26761245727539,41.779998779296875,42.13999938964844,41.720001220703125,41.93000030517578,7930900,VWO
2023-08-07,39.20182418823242,41.709999084472656,41.88999938964844,41.58000183105469,41.88999938964844,8382300,VWO
2023-08-08,38.79767990112305,41.279998779296875,41.290000915527344,40.970001220703125,41.15999984741211,8101300,VWO
2023-08-09,38.86347198486328,41.349998474121094,41.529998779296875,41.18000030517578,41.5,6947800,VWO
2023-08-10,38.938663482666016,41.43000030517578,41.939998626708984,41.349998474121094,41.61000061035156,7871700,VWO
2023-08-11,38.37474822998047,40.83000183105469,41.0,40.72999954223633,40.970001220703125,8667700,VWO
2023-08-14,38.196170806884766,40.63999938964844,40.70000076293945,40.29999923706055,40.45000076293945,9253000,VWO
2023-08-15,37.792030334472656,40.209999084472656,40.470001220703125,40.150001525878906,40.45000076293945,9959000,VWO
2023-08-16,37.53826141357422,39.939998626708984,40.2400016784668,39.91999816894531,40.099998474121094,9421100,VWO
2023-08-17,37.66044235229492,40.06999969482422,40.459999084472656,40.02000045776367,40.459999084472656,10690300,VWO
2023-08-18,37.42547607421875,39.81999969482422,39.880001068115234,39.630001068115234,39.68000030517578,12520800,VWO
2023-08-21,37.51007080078125,39.90999984741211,39.91999816894531,39.68000030517578,39.77000045776367,7957800,VWO
2023-08-22,37.44428253173828,39.84000015258789,40.09000015258789,39.779998779296875,40.06999969482422,9951400,VWO
2023-08-23,37.99879837036133,40.43000030517578,40.4900016784668,40.11000061035156,40.119998931884766,8213500,VWO
2023-08-24,37.839019775390625,40.2599983215332,40.59000015258789,40.22999954223633,40.52000045776367,9860900,VWO
2023-08-25,37.810821533203125,40.22999954223633,40.310001373291016,39.93000030517578,40.22999954223633,10158300,VWO
2023-08-28,38.186771392822266,40.630001068115234,40.66999816894531,40.45000076293945,40.52000045776367,9341400,VWO
2023-08-29,38.69429397583008,41.16999816894531,41.18000030517578,40.65999984741211,40.7599983215332,10768900,VWO
2023-08-30,38.55331802368164,41.02000045776367,41.150001525878906,40.959999084472656,40.970001220703125,7344200,VWO
2023-08-31,38.09278106689453,40.529998779296875,40.79999923706055,40.5099983215332,40.79999923706055,8443700,VWO
2023-09-01,38.50633239746094,40.970001220703125,41.15999984741211,40.900001525878906,41.06999969482422,11385100,VWO
2023-09-05,38.280757904052734,40.72999954223633,40.849998474121094,40.66999816894531,40.81999969482422,8283200,VWO
2023-09-06,38.10218048095703,40.540000915527344,40.900001525878906,40.5,40.68000030517578,8385200,VWO
2023-09-07,37.707435607910156,40.119998931884766,40.209999084472656,40.02000045776367,40.189998626708984,7904200,VWO
2023-09-08,37.78262710571289,40.20000076293945,40.279998779296875,40.11000061035156,40.220001220703125,7729100,VWO
2023-09-11,38.214962005615234,40.65999984741211,40.68000030517578,40.470001220703125,40.56999969482422,7020300,VWO
2023-09-12,38.1115837097168,40.54999923706055,40.65999984741211,40.349998474121094,40.380001068115234,7308600,VWO
2023-09-13,38.07398223876953,40.5099983215332,40.619998931884766,40.41999816894531,40.47999954223633,8036800,VWO
2023-09-14,38.29955291748047,40.75,40.849998474121094,40.599998474121094,40.709999084472656,6672500,VWO
2023-09-15,38.10218048095703,40.540000915527344,40.7400016784668,40.5,40.70000076293945,8296300,VWO
2023-09-18,38.04343795776367,40.150001525878906,40.16999816894531,39.97999954223633,40.060001373291016,7427900,VWO
2023-09-19,37.85392379760742,39.95000076293945,40.08000183105469,39.88999938964844,40.0099983215332,7604100,VWO
2023-09-20,37.74022674560547,39.83000183105469,40.189998626708984,39.81999969482422,40.0099983215332,9652000,VWO
2023-09-21,37.13380432128906,39.189998626708984,39.380001068115234,39.189998626708984,39.31999969482422,12836100,VWO
2023-09-22,37.569671630859375,39.650001525878906,39.86000061035156,39.61000061035156,39.81999969482422,13280100,VWO
2023-09-25,37.42753982543945,39.5,39.529998779296875,39.34000015258789,39.36000061035156,9023800,VWO
2023-09-26,36.991676330566406,39.040000915527344,39.29999923706055,39.0,39.20000076293945,12282900,VWO
2023-09-27,37.0390510559082,39.09000015258789,39.279998779296875,38.91999816894531,39.25,12274500,VWO
2023-09-28,37.11485290527344,39.16999816894531,39.209999084472656,38.869998931884766,38.93000030517578,8924400,VWO
2023-09-29,37.15275573730469,39.209999084472656,39.61000061035156,39.16999816894531,39.61000061035156,11064200,VWO
2023-10-02,37.020103454589844,39.06999969482422,39.25,38.970001220703125,39.209999084472656,15001400,VWO
2023-10-03,36.54633331298828,38.56999969482422,38.86000061035156,38.5099983215332,38.72999954223633,14829500,VWO
2023-10-04,36.39472961425781,38.40999984741211,38.540000915527344,38.310001373291016,38.47999954223633,12806100,VWO
2023-10-05,36.54633331298828,38.56999969482422,38.58000183105469,38.310001373291016,38.4900016784668,12896000,VWO
2023-10-06,37.048526763916016,39.099998474121094,39.18000030517578,38.529998779296875,38.58000183105469,8077500,VWO
2023-10-09,36.82112121582031,38.86000061035156,38.880001068115234,38.5099983215332,38.58000183105469,8680800,VWO
2023-10-10,37.40858459472656,39.47999954223633,39.52000045776367,39.150001525878906,39.150001525878906,10417300,VWO
2023-10-11,37.52229309082031,39.599998474121094,39.77000045776367,39.470001220703125,39.650001525878906,8324500,VWO
2023-10-12,37.12432861328125,39.18000030517578,39.65999984741211,39.060001373291016,39.650001525878906,10723000,VWO
2023-10-13,36.98219680786133,39.029998779296875,39.34000015258789,38.95000076293945,39.20000076293945,8884300,VWO
2023-10-16,37.24751281738281,39.310001373291016,39.369998931884766,38.9900016784668,39.0099983215332,9309500,VWO
2023-10-17,37.08642578125,39.13999938964844,39.34000015258789,38.959999084472656,38.959999084472656,7607500,VWO
2023-10-18,36.480010986328125,38.5,38.7599983215332,38.45000076293945,38.75,8860600,VWO
2023-10-19,36.347354888916016,38.36000061035156,38.630001068115234,38.34000015258789,38.459999084472656,12489600,VWO
2023-10-20,35.9114875793457,37.900001525878906,38.150001525878906,37.880001068115234,38.06999969482422,12400000,VWO
2023-10-23,35.8356819152832,37.81999969482422,37.95000076293945,37.459999084472656,37.61000061035156,10778600,VWO
2023-10-24,36.28102493286133,38.290000915527344,38.349998474121094,37.91999816894531,37.91999816894531,10458700,VWO
2023-10-25,35.89253616333008,37.880001068115234,38.060001373291016,37.79999923706055,37.970001220703125,12138000,VWO
2023-10-26,35.759883880615234,37.7400016784668,37.83000183105469,37.61000061035156,37.650001525878906,14799400,VWO
2023-10-27,35.79777908325195,37.779998779296875,38.209999084472656,37.72999954223633,38.119998931884766,11386300,VWO
2023-10-30,36.11994171142578,38.119998931884766,38.38999938964844,38.029998779296875,38.33000183105469,10203000,VWO
2023-10-31,35.94939041137695,37.939998626708984,37.939998626708984,37.65999984741211,37.86000061035156,10625700,VWO
2023-11-01,36.20521926879883,38.209999084472656,38.220001220703125,37.84000015258789,37.88999938964844,10184900,VWO
2023-11-02,36.76426696777344,38.79999923706055,38.83000183105469,38.599998474121094,38.689998626708984,8751400,VWO
2023-11-03,37.437015533447266,39.5099983215332,39.59000015258789,39.20000076293945,39.209999084472656,8225300,VWO
2023-11-06,37.550724029541016,39.630001068115234,39.779998779296875,39.560001373291016,39.75,7206300,VWO
2023-11-07,37.5601921081543,39.63999938964844,39.65999984741211,39.33000183105469,39.529998779296875,8266100,VWO
2023-11-08,37.3896369934082,39.459999084472656,39.65999984741211,39.40999984741211,39.540000915527344,8356200,VWO
2023-11-09,37.05800247192383,39.11000061035156,39.529998779296875,39.06999969482422,39.439998626708984,6534800,VWO
2023-11-10,37.31383514404297,39.380001068115234,39.38999938964844,39.09000015258789,39.16999816894531,6802200,VWO
2023-11-13,37.38016128540039,39.45000076293945,39.59000015258789,39.25,39.31999969482422,6659600,VWO
2023-11-14,38.251895904541016,40.369998931884766,40.41999816894531,39.91999816894531,39.95000076293945,9723700,VWO
2023-11-15,38.5172004699707,40.650001525878906,40.849998474121094,40.54999923706055,40.619998931884766,11710600,VWO
2023-11-16,38.11923599243164,40.22999954223633,40.40999984741211,40.06999969482422,40.20000076293945,8660000,VWO
2023-11-17,38.27084732055664,40.38999938964844,40.41999816894531,40.2599983215332,40.29999923706055,19053100,VWO
2023-11-20,38.678279876708984,40.81999969482422,40.869998931884766,40.5,40.5,8716600,VWO
2023-11-21,38.45087814331055,40.58000183105469,40.81999969482422,40.52000045776367,40.75,7471700,VWO
2023-11-22,38.34664535522461,40.470001220703125,40.619998931884766,40.36000061035156,40.540000915527344,6353500,VWO
2023-11-24,38.469825744628906,40.599998474121094,40.630001068115234,40.41999816894531,40.439998626708984,2391500,VWO
2023-11-27,38.289791107177734,40.40999984741211,40.47999954223633,40.349998474121094,40.439998626708984,10166800,VWO
2023-11-28,38.60247802734375,40.7400016784668,40.779998779296875,40.52000045776367,40.599998474121094,9536100,VWO
2023-11-29,38.384544372558594,40.5099983215332,40.7400016784668,40.47999954223633,40.52000045776367,11069500,VWO
2023-11-30,38.498252868652344,40.630001068115234,40.66999816894531,40.349998474121094,40.61000061035156,9398300,VWO
2023-12-01,38.65932846069336,40.79999923706055,40.810001373291016,40.31999969482422,40.43000030517578,9283100,VWO
2023-12-04,38.31822204589844,40.439998626708984,40.63999938964844,40.369998931884766,40.54999923706055,11018200,VWO
2023-12-05,38.18556594848633,40.29999923706055,40.34000015258789,40.09000015258789,40.16999816894531,8508300,VWO
2023-12-06,38.13819122314453,40.25,40.54999923706055,40.25,40.459999084472656,10089300,VWO
2023-12-07,38.289791107177734,40.40999984741211,40.45000076293945,40.290000915527344,40.38999938964844,7593100,VWO
2023-12-08,38.10029220581055,40.209999084472656,40.310001373291016,40.04999923706055,40.130001068115234,7658200,VWO
2023-12-11,38.27084732055664,40.38999938964844,40.40999984741211,40.13999938964844,40.189998626708984,13378300,VWO
2023-12-12,38.27084732055664,40.38999938964844,40.40999984741211,40.099998474121094,40.2599983215332,10349000,VWO
2023-12-13,38.63090515136719,40.77000045776367,40.77000045776367,40.029998779296875,40.20000076293945,11221200,VWO
2023-12-14,39.142574310302734,41.310001373291016,41.369998931884766,40.9900016784668,41.0,13440600,VWO
2023-12-15,38.9151611328125,41.06999969482422,41.36000061035156,41.06999969482422,41.310001373291016,11128700,VWO
2023-12-18,38.91033172607422,40.20000076293945,40.220001220703125,40.0,40.11000061035156,11145300,VWO
2023-12-19,39.18134689331055,40.47999954223633,40.529998779296875,40.25,40.290000915527344,9147300,VWO
2023-12-20,38.35860824584961,39.630001068115234,40.16999816894531,39.61000061035156,40.099998474121094,16805400,VWO
2023-12-21,39.10390853881836,40.400001525878906,40.41999816894531,40.150001525878906,40.2599983215332,15129700,VWO
2023-12-22,38.96839904785156,40.2599983215332,40.31999969482422,40.099998474121094,40.18000030517578,13385100,VWO
2023-12-26,39.22005844116211,40.52000045776367,40.619998931884766,40.45000076293945,40.5,12500800,VWO
2023-12-27,39.43300247192383,40.7400016784668,40.779998779296875,40.61000061035156,40.619998931884766,9863800,VWO
2023-12-28,39.674983978271484,40.9900016784668,41.189998626708984,40.97999954223633,41.040000915527344,11344600,VWO
2023-12-29,39.78144836425781,41.099998474121094,41.22999954223633,40.970001220703125,40.970001220703125,10313800,VWO
2024-01-02,39.31685256958008,40.619998931884766,40.83000183105469,40.529998779296875,40.72999954223633,11730100,VWO
2024-01-03,39.20070266723633,40.5,40.61000061035156,40.290000915527344,40.36000061035156,9683200,VWO
2024-01-04,39.1329460144043,40.43000030517578,40.619998931884766,40.400001525878906,40.47999954223633,9929100,VWO
2024-01-05,39.19102478027344,40.4900016784668,40.720001220703125,40.439998626708984,40.5,8938300,VWO
2024-01-08,39.25878143310547,40.560001373291016,40.56999969482422,40.15999984741211,40.189998626708984,11027400,VWO
2024-01-09,38.803855895996094,40.09000015258789,40.15999984741211,40.0099983215332,40.09000015258789,13068500,VWO
2024-01-10,38.76513671875,40.04999923706055,40.130001068115234,39.97999954223633,40.119998931884766,8019700,VWO
2024-01-11,38.9296875,40.220001220703125,40.33000183105469,39.970001220703125,40.310001373291016,12870600,VWO
2024-01-12,39.113590240478516,40.40999984741211,40.66999816894531,40.380001068115234,40.529998779296875,7892100,VWO
2024-01-16,38.300537109375,39.56999969482422,39.970001220703125,39.52000045776367,39.939998626708984,12668400,VWO
2024-01-17,37.787540435791016,39.040000915527344,39.060001373291016,38.83000183105469,38.900001525878906,15727300,VWO
2024-01-18,38.01015853881836,39.27000045776367,39.349998474121094,39.11000061035156,39.25,10678200,VWO
2024-01-19,38.35860824584961,39.630001068115234,39.650001525878906,39.20000076293945,39.36000061035156,9934800,VWO
2024-01-22,38.058555603027344,39.31999969482422,39.40999984741211,39.15999984741211,39.189998626708984,10555600,VWO
2024-01-23,38.27149963378906,39.540000915527344,39.59000015258789,39.31999969482422,39.349998474121094,11831400,VWO
2024-01-24,38.76513671875,40.04999923706055,40.29999923706055,40.0099983215332,40.27000045776367,11096700,VWO
2024-01-25,38.861934661865234,40.150001525878906,40.29999923706055,40.040000915527344,40.220001220703125,8637800,VWO
2024-01-26,38.87160873413086,40.15999984741211,40.27000045776367,40.04999923706055,40.08000183105469,7775300,VWO
2024-01-29,38.88128662109375,40.16999816894531,40.27000045776367,39.95000076293945,40.2599983215332,12469700,VWO
2024-01-30,38.51348114013672,39.790000915527344,39.81999969482422,39.63999938964844,39.7400016784668,8527000,VWO
2024-01-31,38.368289947509766,39.63999938964844,39.97999954223633,39.560001373291016,39.70000076293945,9833700,VWO
2024-02-01,38.6296272277832,39.90999984741211,39.93000030517578,39.689998626708984,39.779998779296875,12720700,VWO
2024-02-02,38.35860824584961,39.630001068115234,39.66999816894531,39.43000030517578,39.59000015258789,10067300,VWO
2024-02-05,38.455406188964844,39.72999954223633,39.790000915527344,39.4900016784668,39.52000045776367,10195400,VWO
2024-02-06,39.40396499633789,40.709999084472656,40.720001220703125,40.310001373291016,40.380001068115234,10777600,VWO
2024-02-07,39.37492752075195,40.68000030517578,40.75,40.52000045776367,40.54999923706055,9253800,VWO
2024-02-08,39.17166519165039,40.470001220703125,40.58000183105469,40.380001068115234,40.529998779296875,7914500,VWO
2024-02-09,39.32653045654297,40.630001068115234,40.66999816894531,40.31999969482422,40.4900016784668,8825000,VWO
2024-02-12,39.500755310058594,40.810001373291016,41.0,40.54999923706055,40.58000183105469,8682500,VWO
2024-02-13,38.774818420410156,40.060001373291016,40.4900016784668,39.90999984741211,40.380001068115234,35414600,VWO
2024-02-14,39.33620834350586,40.63999938964844,40.689998626708984,40.4900016784668,40.54999923706055,9530700,VWO
2024-02-15,39.578189849853516,40.88999938964844,40.900001525878906,40.720001220703125,40.7400016784668,7562500,VWO
2024-02-16,39.77177429199219,41.09000015258789,41.220001220703125,41.02000045776367,41.040000915527344,8155600,VWO
2024-02-20,39.849205017089844,41.16999816894531,41.31999969482422,41.04999923706055,41.22999954223633,8923700,VWO
2024-02-21,39.88792037963867,41.209999084472656,41.349998474121094,41.09000015258789,41.220001220703125,11952700,VWO
2024-02-22,40.23637390136719,41.56999969482422,41.619998931884766,41.40999984741211,41.54999923706055,14835700,VWO
2024-02-23,40.246055603027344,41.58000183105469,41.630001068115234,41.439998626708984,41.58000183105469,8514500,VWO
2024-02-26,40.11054229736328,41.439998626708984,41.529998779296875,41.400001525878906,41.439998626708984,9508400,VWO
2024-02-27,40.23637390136719,41.56999969482422,41.63999938964844,41.540000915527344,41.56999969482422,11725900,VWO
2024-02-28,39.616905212402344,40.93000030517578,41.290000915527344,40.880001068115234,41.290000915527344,6849100,VWO
2024-02-29,39.704017639160156,41.02000045776367,41.189998626708984,40.959999084472656,41.150001525878906,10169300,VWO
2024-03-01,40.23637390136719,41.56999969482422,41.630001068115234,41.27000045776367,41.349998474121094,15638900,VWO
2024-03-04,40.07183074951172,41.400001525878906,41.599998474121094,41.36000061035156,41.599998474121094,8596700,VWO
2024-03-05,39.800811767578125,41.119998931884766,41.349998474121094,41.060001373291016,41.22999954223633,7463300,VWO
2024-03-06,40.29445266723633,41.630001068115234,41.790000915527344,41.599998474121094,41.65999984741211,10248500,VWO
2024-03-07,40.488033294677734,41.83000183105469,41.880001068115234,41.599998474121094,41.70000076293945,7739600,VWO
2024-03-08,40.42028045654297,41.7599983215332,42.0099983215332,41.709999084472656,41.900001525878906,12121100,VWO
2024-03-11,40.52674865722656,41.869998931884766,42.0,41.810001373291016,41.810001373291016,6976400,VWO
2024-03-12,40.87519836425781,42.22999954223633,42.2400016784668,41.97999954223633,42.09000015258789,6316500,VWO
2024-03-13,40.64290237426758,41.9900016784668,42.06999969482422,41.93000030517578,41.97999954223633,10209100,VWO
2024-03-14,40.42028045654297,41.7599983215332,42.060001373291016,41.66999816894531,42.040000915527344,6643000,VWO
2024-03-15,40.30304718017578,41.599998474121094,41.77000045776367,41.58000183105469,41.75,5912700,VWO
2024-03-18,40.39024353027344,41.689998626708984,41.91999816894531,41.650001525878906,41.91999816894531,6729200,VWO
2024-03-19,40.225547790527344,41.52000045776367,41.599998474121094,41.349998474121094,41.52000045776367,7812700,VWO
2024-03-20,40.545257568359375,41.849998474121094,41.869998931884766,41.470001220703125,41.56999969482422,9988200,VWO
2024-03-21,40.57432174682617,41.880001068115234,42.09000015258789,41.849998474121094,42.09000015258789,8668500,VWO
2024-03-22,40.312740325927734,41.61000061035156,41.709999084472656,41.560001373291016,41.689998626708984,8168700,VWO
2024-03-25,40.312740325927734,41.61000061035156,41.66999816894531,41.54999923706055,41.54999923706055,8294900,VWO
2024-03-26,40.225547790527344,41.52000045776367,41.650001525878906,41.52000045776367,41.650001525878906,8532300,VWO
2024-03-27,40.33211898803711,41.630001068115234,41.63999938964844,41.470001220703125,41.540000915527344,6784100,VWO
2024-03-28,40.467750549316406,41.77000045776367,41.88999938964844,41.68000030517578,41.709999084472656,6862800,VWO
2024-04-01,40.6324462890625,41.939998626708984,42.189998626708984,41.849998474121094,42.02000045776367,9390000,VWO
2024-04-02,40.76808547973633,42.08000183105469,42.2400016784668,42.029998779296875,42.11000061035156,8542100,VWO
2024-04-03,40.82621765136719,42.13999938964844,42.209999084472656,41.90999984741211,41.95000076293945,17641800,VWO
2024-04-04,40.68089294433594,41.9900016784668,42.58000183105469,41.970001220703125,42.459999084472656,15019100,VWO
2024-04-05,40.80683517456055,42.119998931884766,42.20000076293945,41.91999816894531,41.9900016784668,13412800,VWO
2024-04-08,41.05873489379883,42.380001068115234,42.459999084472656,42.310001373291016,42.310001373291016,12719900,VWO
2024-04-09,41.41719436645508,42.75,42.81999969482422,42.58000183105469,42.689998626708984,8974600,VWO
2024-04-10,40.961849212646484,42.279998779296875,42.40999984741211,42.16999816894531,42.34000015258789,13390400,VWO
2024-04-11,41.09748077392578,42.41999816894531,42.470001220703125,42.18000030517578,42.41999816894531,9347300,VWO
2024-04-12,40.30304718017578,41.599998474121094,42.0,41.52000045776367,42.0,12304300,VWO
2024-04-15,40.05115509033203,41.34000015258789,41.849998474121094,41.2599983215332,41.79999923706055,13310700,VWO
2024-04-16,39.55706024169922,40.83000183105469,40.9900016784668,40.720001220703125,40.849998474121094,16523300,VWO
2024-04-17,39.6248779296875,40.900001525878906,41.150001525878906,40.790000915527344,41.130001068115234,14338700,VWO
2024-04-18,39.7314453125,41.0099983215332,41.20000076293945,40.90999984741211,41.02000045776367,8766000,VWO
2024-04-19,39.61518478393555,40.88999938964844,40.95000076293945,40.7599983215332,40.83000183105469,16916700,VWO
2024-04-22,39.95427703857422,41.2400016784668,41.27000045776367,40.849998474121094,40.869998931884766,8416500,VWO
2024-04-23,40.28367614746094,41.58000183105469,41.61000061035156,41.279998779296875,41.290000915527344,7065000,VWO
2024-04-24,40.40961837768555,41.709999084472656,41.79999923706055,41.560001373291016,41.75,5988800,VWO
2024-04-25,40.53556823730469,41.84000015258789,41.869998931884766,41.40999984741211,41.40999984741211,8399900,VWO
2024-04-26,41.0005989074707,42.31999969482422,42.34000015258789,42.150001525878906,42.189998626708984,6255300,VWO
2024-04-29,41.40751266479492,42.7400016784668,42.7400016784668,42.5,42.540000915527344,6554300,VWO
2024-04-30,40.85527801513672,42.16999816894531,42.47999954223633,42.150001525878906,42.38999938964844,10650600,VWO
2024-05-01,40.90372085571289,42.220001220703125,42.61000061035156,42.15999984741211,42.189998626708984,12105500,VWO
2024-05-02,41.901607513427734,43.25,43.349998474121094,42.66999816894531,42.810001373291016,7447700,VWO
2024-05-03,42.2697639465332,43.630001068115234,43.650001525878906,43.33000183105469,43.4900016784668,9291800,VWO
2024-05-06,42.19225311279297,43.54999923706055,43.599998474121094,43.470001220703125,43.540000915527344,8758100,VWO
2024-05-07,41.89192581176758,43.2400016784668,43.34000015258789,43.20000076293945,43.290000915527344,7311100,VWO
2024-05-08,41.85316848754883,43.20000076293945,43.2400016784668,42.970001220703125,42.9900016784668,8144800,VWO
2024-05-09,42.01786422729492,43.369998931884766,43.38999938964844,43.130001068115234,43.25,9857800,VWO
2024-05-10,42.10506057739258,43.459999084472656,43.689998626708984,43.43000030517578,43.630001068115234,7764000,VWO
2024-05-13,42.4344596862793,43.79999923706055,43.939998626708984,43.72999954223633,43.880001068115234,6805000,VWO
2024-05-14,42.647605895996094,44.02000045776367,44.029998779296875,43.81999969482422,43.83000183105469,8627200,VWO
2024-05-15,43.01575469970703,44.400001525878906,44.40999984741211,44.099998474121094,44.25,7240600,VWO
2024-05-16,43.18045425415039,44.56999969482422,44.650001525878906,44.40999984741211,44.459999084472656,9801100,VWO
2024-05-17,43.490478515625,44.88999938964844,44.970001220703125,44.66999816894531,44.709999084472656,9999900,VWO
2024-05-20,43.39359664916992,44.790000915527344,44.86000061035156,44.68000030517578,44.709999084472656,8348500,VWO
2024-05-21,43.141700744628906,44.529998779296875,44.619998931884766,44.40999984741211,44.56999969482422,5187400,VWO
2024-05-22,43.01575469970703,44.400001525878906,44.599998474121094,44.29999923706055,44.52000045776367,5654300,VWO
2024-05-23,42.68635940551758,44.060001373291016,44.56999969482422,43.97999954223633,44.54999923706055,7511400,VWO
2024-05-24,42.821990966796875,44.20000076293945,44.31999969482422,44.130001068115234,44.16999816894531,5688000,VWO
2024-05-28,42.70573425292969,44.08000183105469,44.34000015258789,43.97999954223633,44.25,5834500,VWO
2024-05-29,42.17287826538086,43.529998779296875,43.619998931884766,43.45000076293945,43.560001373291016,8038200,VWO
2024-05-30,42.095375061035156,43.45000076293945,43.560001373291016,43.27000045776367,43.33000183105469,5290500,VWO
2024-05-31,41.736907958984375,43.08000183105469,43.099998474121094,42.790000915527344,43.06999969482422,10096300,VWO
2024-06-03,42.153499603271484,43.5099983215332,43.7400016784668,43.310001373291016,43.619998931884766,10536500,VWO
2024-06-04,41.49470520019531,42.83000183105469,42.869998931884766,42.61000061035156,42.75,13022800,VWO
2024-06-05,42.027557373046875,43.380001068115234,43.400001525878906,43.06999969482422,43.06999969482422,8354800,VWO
2024-06-06,42.2213249206543,43.58000183105469,43.63999938964844,43.41999816894531,43.540000915527344,7268300,VWO
2024-06-07,41.87254333496094,43.220001220703125,43.540000915527344,43.16999816894531,43.459999084472656,8035800,VWO
2024-06-10,42.095375061035156,43.45000076293945,43.52000045776367,43.150001525878906,43.43000030517578,7629700,VWO
2024-06-11,41.99848937988281,43.349998474121094,43.36000061035156,43.130001068115234,43.310001373291016,7057100,VWO
2024-06-12,42.3278923034668,43.689998626708984,43.93000030517578,43.61000061035156,43.81999969482422,9027600,VWO
2024-06-13,42.279449462890625,43.63999938964844,43.84000015258789,43.5,43.7599983215332,4471900,VWO
2024-06-14,42.39570999145508,43.7599983215332,43.77000045776367,43.5099983215332,43.599998474121094,6505800,VWO
2024-06-17,42.62822723388672,44.0,44.04999923706055,43.75,43.810001373291016,4790200,VWO
2024-06-18,42.96731185913086,44.349998474121094,44.43000030517578,44.040000915527344,44.119998931884766,7175100,VWO
2024-06-20,42.88980484008789,44.27000045776367,44.459999084472656,44.08000183105469,44.439998626708984,9742900,VWO
2024-06-21,42.743927001953125,43.95000076293945,44.09000015258789,43.939998626708984,44.02000045776367,8758500,VWO
2024-06-24,42.714744567871094,43.91999816894531,44.22999954223633,43.91999816894531,43.959999084472656,6846700,VWO
2024-06-25,42.58831787109375,43.790000915527344,43.93000030517578,43.68000030517578,43.880001068115234,10373600,VWO
2024-06-26,42.47160720825195,43.66999816894531,43.720001220703125,43.560001373291016,43.65999984741211,7393200,VWO
2024-06-27,42.4521598815918,43.650001525878906,43.81999969482422,43.61000061035156,43.790000915527344,9108200,VWO
2024-06-28,42.559139251708984,43.7599983215332,43.95000076293945,43.65999984741211,43.93000030517578,9177500,VWO
2024-07-01,42.65639114379883,43.86000061035156,44.08000183105469,43.79999923706055,44.029998779296875,12952900,VWO
2024-07-02,42.812007904052734,44.02000045776367,44.040000915527344,43.75,43.790000915527344,8358400,VWO
2024-07-03,43.44416809082031,44.66999816894531,44.68000030517578,44.2400016784668,44.2400016784668,7496300,VWO
2024-07-05,43.43444061279297,44.65999984741211,44.70000076293945,44.369998931884766,44.66999816894531,7304400,VWO
2024-07-08,43.43444061279297,44.65999984741211,44.79999923706055,44.61000061035156,44.70000076293945,8687100,VWO
2024-07-09,43.61922836303711,44.849998474121094,44.869998931884766,44.650001525878906,44.77000045776367,9928800,VWO
2024-07-10,43.794288635253906,45.029998779296875,45.040000915527344,44.880001068115234,44.95000076293945,7567400,VWO
2024-07-11,44.13468551635742,45.380001068115234,45.59000015258789,45.27000045776367,45.5099983215332,8468200,VWO
2024-07-12,44.33891677856445,45.59000015258789,45.72999954223633,45.560001373291016,45.560001373291016,6332300,VWO
2024-07-15,43.88182067871094,45.119998931884766,45.34000015258789,45.08000183105469,45.34000015258789,8192800,VWO
2024-07-16,44.16386032104492,45.40999984741211,45.40999984741211,45.150001525878906,45.18000030517578,7094000,VWO
2024-07-17,43.521968841552734,44.75,45.0099983215332,44.720001220703125,44.970001220703125,8376500,VWO
2024-07-18,43.142677307128906,44.36000061035156,44.849998474121094,44.290000915527344,44.84000015258789,7141200,VWO
2024-07-19,42.7244758605957,43.93000030517578,44.22999954223633,43.90999984741211,44.189998626708984,8240500,VWO
2024-07-22,43.05514144897461,44.27000045776367,44.31999969482422,44.099998474121094,44.220001220703125,6633700,VWO
2024-07-23,42.60776901245117,43.810001373291016,43.95000076293945,43.790000915527344,43.91999816894531,7529800,VWO
2024-07-24,42.1603889465332,43.349998474121094,43.79999923706055,43.34000015258789,43.720001220703125,7505400,VWO
2024-07-25,42.05341339111328,43.2400016784668,43.54999923706055,43.099998474121094,43.209999084472656,9856100,VWO
2024-07-26,42.520240783691406,43.720001220703125,43.810001373291016,43.560001373291016,43.66999816894531,10790800,VWO
2024-07-29,42.37435531616211,43.56999969482422,43.70000076293945,43.43000030517578,43.689998626708984,5465400,VWO
2024-07-30,42.25764846801758,43.45000076293945,43.619998931884766,43.29999923706055,43.619998931884766,6055000,VWO
2024-07-31,43.0745964050293,44.290000915527344,44.40999984741211,44.15999984741211,44.220001220703125,7014000,VWO
2024-08-01,42.364627838134766,43.560001373291016,44.16999816894531,43.459999084472656,44.06999969482422,23320700,VWO
2024-08-02,41.907527923583984,43.09000015258789,43.11000061035156,42.81999969482422,43.040000915527344,13596500,VWO
2024-08-05,40.75018310546875,41.900001525878906,42.13999938964844,40.90999984741211,40.970001220703125,17981300,VWO
2024-08-06,41.03221893310547,42.189998626708984,42.4900016784668,41.79999923706055,41.869998931884766,13328000,VWO
2024-08-07,41.35316848754883,42.52000045776367,43.130001068115234,42.5,43.08000183105469,13033700,VWO
2024-08-08,42.24791717529297,43.439998626708984,43.470001220703125,42.97999954223633,43.04999923706055,10484100,VWO
2024-08-09,42.35490036010742,43.54999923706055,43.63999938964844,43.31999969482422,43.470001220703125,7496800,VWO
2024-08-12,42.53968811035156,43.7400016784668,43.86000061035156,43.599998474121094,43.650001525878906,7570400,VWO
2024-08-13,42.86063003540039,44.06999969482422,44.11000061035156,43.75,43.81999969482422,5378800,VWO
2024-08-14,42.58831787109375,43.790000915527344,44.02000045776367,43.66999816894531,43.97999954223633,8553800,VWO
2024-08-15,43.05514144897461,44.27000045776367,44.349998474121094,44.0,44.0099983215332,7715100,VWO
2024-08-16,43.502525329589844,44.72999954223633,44.75,44.5,44.5099983215332,3570700,VWO
2024-08-19,43.94989776611328,45.189998626708984,45.2599983215332,44.90999984741211,44.939998626708984,6170400,VWO
2024-08-20,43.521968841552734,44.75,44.9900016784668,44.650001525878906,44.9900016784668,10259400,VWO
2024-08-21,43.7262077331543,44.959999084472656,45.02000045776367,44.79999923706055,44.79999923706055,8536500,VWO
2024-08-22,43.21075439453125,44.43000030517578,44.849998474121094,44.369998931884766,44.790000915527344,10341300,VWO
2024-08-23,43.83319091796875,45.06999969482422,45.150001525878906,44.709999084472656,44.83000183105469,8900700,VWO
2024-08-26,43.5511474609375,44.779998779296875,44.939998626708984,44.70000076293945,44.880001068115234,7267600,VWO
2024-08-27,43.59977722167969,44.83000183105469,44.869998931884766,44.68000030517578,44.75,7969600,VWO
2024-08-28,43.31773376464844,44.540000915527344,44.75,44.41999816894531,44.709999084472656,8009300,VWO
2024-08-29,43.3760871887207,44.599998474121094,44.81999969482422,44.59000015258789,44.66999816894531,9398100,VWO
2024-08-30,43.492794036865234,44.720001220703125,44.88999938964844,44.560001373291016,44.849998474121094,4305300,VWO
2024-09-03,42.83145523071289,44.040000915527344,44.45000076293945,43.95000076293945,44.45000076293945,12945100,VWO
2024-09-04,42.812007904052734,44.02000045776367,44.25,43.91999816894531,43.91999816894531,8069800,VWO
2024-09-05,42.9287109375,44.13999938964844,44.310001373291016,44.040000915527344,44.119998931884766,8108800,VWO
2024-09-06,42.3062744140625,43.5,44.22999954223633,43.439998626708984,44.13999938964844,7794100,VWO
2024-09-09,42.59804153442383,43.79999923706055,43.88999938964844,43.63999938964844,43.65999984741211,6432800,VWO
2024-09-10,42.50078582763672,43.70000076293945,43.7400016784668,43.400001525878906,43.720001220703125,6925700,VWO
2024-09-11,42.76337814331055,43.970001220703125,44.02000045776367,43.29999923706055,43.630001068115234,5534800,VWO
2024-09-12,43.04541778564453,44.2599983215332,44.279998779296875,43.91999816894531,44.0099983215332,5350400,VWO
2024-09-13,43.239925384521484,44.459999084472656,44.529998779296875,44.36000061035156,44.36000061035156,5074900,VWO
2024-09-16,43.40526580810547,44.630001068115234,44.66999816894531,44.459999084472656,44.58000183105469,7750700,VWO
2024-09-17,43.45389175415039,44.68000030517578,44.849998474121094,44.58000183105469,44.79999923706055,7129300,VWO
2024-09-18,43.29828643798828,44.52000045776367,45.04999923706055,44.47999954223633,44.7400016784668,7547400,VWO
2024-09-19,44.20276641845703,45.45000076293945,45.52000045776367,45.099998474121094,45.279998779296875,7295500,VWO
2024-09-20,44.177398681640625,45.290000915527344,45.459999084472656,45.20000076293945,45.400001525878906,5975100,VWO
2024-09-23,44.53831100463867,45.65999984741211,45.79999923706055,45.52000045776367,45.56999969482422,8742600,VWO
2024-09-24,46.08925247192383,47.25,47.33000183105469,46.66999816894531,46.83000183105469,9822000,VWO
2024-09-25,45.62104415893555,46.77000045776367,47.06999969482422,46.75,47.0,10615400,VWO
2024-09-26,47.07443618774414,48.2599983215332,48.43000030517578,47.900001525878906,48.279998779296875,9345700,VWO
2024-09-27,47.0646858215332,48.25,48.599998474121094,48.189998626708984,48.36000061035156,12020500,VWO
2024-09-30,46.67451095581055,47.849998474121094,48.31999969482422,47.720001220703125,48.29999923706055,13600800,VWO
2024-10-01,47.025665283203125,48.209999084472656,48.220001220703125,47.65999984741211,48.06999969482422,15944400,VWO
2024-10-02,48.001102447509766,49.209999084472656,49.209999084472656,48.72999954223633,49.119998931884766,11686700,VWO
2024-10-03,47.27928161621094,48.470001220703125,48.68000030517578,48.11000061035156,48.16999816894531,12395300,VWO
2024-10-04,47.85478973388672,49.060001373291016,49.060001373291016,48.709999084472656,48.93000030517578,8533900,VWO
2024-10-07,48.27422332763672,49.4900016784668,49.56999969482422,49.099998474121094,49.38999938964844,11884500,VWO
2024-10-08,46.85984802246094,48.040000915527344,48.18000030517578,47.630001068115234,48.08000183105469,13781800,VWO
2024-10-09,46.5379524230957,47.709999084472656,47.81999969482422,47.220001220703125,47.29999923706055,14915900,VWO
2024-10-10,46.635494232177734,47.810001373291016,47.90999984741211,47.439998626708984,47.79999923706055,13793600,VWO
2024-10-11,46.967140197753906,48.150001525878906,48.220001220703125,47.61000061035156,47.650001525878906,8903100,VWO
2024-10-14,46.74279022216797,47.91999816894531,48.2400016784668,47.70000076293945,47.79999923706055,8111600,VWO
2024-10-15,45.806373596191406,46.959999084472656,47.54999923706055,46.880001068115234,47.5,7197200,VWO
2024-10-16,46.23556900024414,47.400001525878906,47.529998779296875,47.2400016784668,47.310001373291016,5157800,VWO
2024-10-17,46.08925247192383,47.25,47.349998474121094,47.040000915527344,47.22999954223633,5971400,VWO
2024-10-18,46.655006408691406,47.83000183105469,48.099998474121094,47.77000045776367,48.099998474121094,4309000,VWO
2024-10-21,46.32335662841797,47.4900016784668,47.599998474121094,47.2599983215332,47.4900016784668,4572000,VWO
2024-10-22,46.264827728271484,47.43000030517578,47.540000915527344,47.310001373291016,47.31999969482422,5096100,VWO
2024-10-23,45.972198486328125,47.130001068115234,47.369998931884766,46.95000076293945,47.2400016784668,6341900,VWO
2024-10-24,45.92342758178711,47.08000183105469,47.150001525878906,46.86000061035156,47.060001373291016,5688700,VWO
2024-10-25,45.8844108581543,47.040000915527344,47.34000015258789,46.959999084472656,47.310001373291016,6644300,VWO
2024-10-28,46.030723571777344,47.189998626708984,47.29999923706055,47.029998779296875,47.040000915527344,5168900,VWO
2024-10-29,45.85514450073242,47.0099983215332,47.29999923706055,46.97999954223633,47.29999923706055,4484500,VWO
2024-10-30,45.52349853515625,46.66999816894531,46.810001373291016,46.52000045776367,46.56999969482422,5443000,VWO
2024-10-31,45.42595291137695,46.56999969482422,46.65999984741211,46.279998779296875,46.630001068115234,12630400,VWO
2024-11-01,45.43571472167969,46.58000183105469,47.0099983215332,46.54999923706055,46.81999969482422,9021100,VWO
2024-11-04,45.582027435302734,46.72999954223633,47.08000183105469,46.72999954223633,46.91999816894531,5748600,VWO
2024-11-05,46.24531936645508,47.40999984741211,47.5,47.25,47.33000183105469,5433600,VWO
2024-11-06,45.806373596191406,46.959999084472656,47.119998931884766,46.54999923706055,46.7400016784668,7592600,VWO
2024-11-07,46.80131912231445,47.97999954223633,48.099998474121094,47.7400016784668,47.790000915527344,7464700,VWO
2024-11-08,45.64055252075195,46.790000915527344,47.220001220703125,46.59000015258789,47.16999816894531,9563800,VWO
2024-11-11,45.3771858215332,46.52000045776367,46.709999084472656,46.400001525878906,46.70000076293945,7754800,VWO
2024-11-12,44.606590270996094,45.72999954223633,46.11000061035156,45.599998474121094,45.90999984741211,10307300,VWO
2024-11-13,44.37248992919922,45.4900016784668,45.86000061035156,45.43000030517578,45.81999969482422,8077600,VWO
2024-11-14,44.099365234375,45.209999084472656,45.4900016784668,45.209999084472656,45.38999938964844,5310000,VWO
2024-11-15,44.01157760620117,45.119998931884766,45.290000915527344,45.040000915527344,45.290000915527344,5938200,VWO
2024-11-18,44.382240295410156,45.5,45.52000045776367,45.13999938964844,45.13999938964844,6150600,VWO
2024-11-19,44.450523376464844,45.56999969482422,45.650001525878906,45.369998931884766,45.369998931884766,6387500,VWO
2024-11-20,44.44076919555664,45.560001373291016,45.56999969482422,45.31999969482422,45.52000045776367,5727400,VWO
2024-11-21,44.284698486328125,45.400001525878906,45.45000076293945,45.189998626708984,45.369998931884766,7958500,VWO
2024-11-22,44.29445266723633,45.40999984741211,45.40999984741211,45.22999954223633,45.310001373291016,9676600,VWO
2024-11-25,44.313961029052734,45.43000030517578,45.560001373291016,45.29999923706055,45.540000915527344,7512400,VWO
2024-11-26,44.079856872558594,45.189998626708984,45.400001525878906,45.130001068115234,45.380001068115234,6829600,VWO
2024-11-27,44.24568176269531,45.36000061035156,45.59000015258789,45.189998626708984,45.540000915527344,6838300,VWO
2024-11-29,44.450523376464844,45.56999969482422,45.599998474121094,45.029998779296875,45.029998779296875,5041200,VWO
2024-12-02,44.674869537353516,45.79999923706055,45.86000061035156,45.58000183105469,45.599998474121094,7995000,VWO
2024-12-03,44.860206604003906,45.9900016784668,46.0099983215332,45.72999954223633,45.83000183105469,6459700,VWO
2024-12-04,44.92848587036133,46.060001373291016,46.119998931884766,45.959999084472656,46.060001373291016,5962800,VWO
2024-12-05,45.22111511230469,46.36000061035156,46.41999816894531,46.27000045776367,46.290000915527344,8518300,VWO
2024-12-06,45.240623474121094,46.380001068115234,46.599998474121094,46.34000015258789,46.59000015258789,5264300,VWO
2024-12-09,46.34286117553711,47.5099983215332,47.86000061035156,47.470001220703125,47.5,8016800,VWO
2024-12-10,45.48448181152344,46.630001068115234,47.0,46.619998931884766,47.0,4972700,VWO
2024-12-11,45.56251525878906,46.709999084472656,46.75,46.5099983215332,46.68000030517578,10085600,VWO
2024-12-12,45.289398193359375,46.43000030517578,46.66999816894531,46.40999984741211,46.5,5510300,VWO
2024-12-13,45.308902740478516,46.45000076293945,46.529998779296875,46.310001373291016,46.4900016784668,5686500,VWO
2024-12-16,45.074798583984375,46.209999084472656,46.38999938964844,46.20000076293945,46.2400016784668,7880700,VWO
2024-12-17,44.96750259399414,46.099998474121094,46.189998626708984,45.849998474121094,46.0,9017700,VWO
2024-12-18,43.923789978027344,45.029998779296875,46.099998474121094,45.0099983215332,45.970001220703125,10539000,VWO
2024-12-19,44.10912322998047,45.220001220703125,45.529998779296875,45.220001220703125,45.4900016784668,11289300,VWO
2024-12-20,44.3548698425293,44.400001525878906,44.58000183105469,44.0099983215332,44.220001220703125,12254500,VWO
2024-12-23,44.544677734375,44.59000015258789,44.61000061035156,44.279998779296875,44.349998474121094,12668200,VWO
2024-12-24,44.72449493408203,44.77000045776367,44.83000183105469,44.56999969482422,44.83000183105469,6401300,VWO
2024-12-26,44.61460494995117,44.65999984741211,44.75,44.540000915527344,44.65999984741211,9727900,VWO
2024-12-27,44.454769134521484,44.5,44.529998779296875,44.29999923706055,44.439998626708984,11621300,VWO
2024-12-30,44.06516647338867,44.11000061035156,44.31999969482422,44.040000915527344,44.310001373291016,9244100,VWO
2024-12-31,43.995235443115234,44.040000915527344,44.220001220703125,43.9900016784668,44.130001068115234,8915800,VWO
2025-01-02,43.8753547668457,43.91999816894531,44.150001525878906,43.84000015258789,43.9900016784668,9015000,VWO
2025-01-03,44.09513473510742,44.13999938964844,44.18000030517578,43.95000076293945,44.04999923706055,7090300,VWO
2025-01-06,44.08514404296875,44.130001068115234,44.54999923706055,44.08000183105469,44.54999923706055,14552900,VWO
2025-01-07,43.80542755126953,43.849998474121094,44.36000061035156,43.83000183105469,44.31999969482422,9112700,VWO
2025-01-08,43.52571487426758,43.56999969482422,43.619998931884766,43.40999984741211,43.59000015258789,7991900,VWO
2025-01-10,42.76648712158203,42.810001373291016,43.02000045776367,42.720001220703125,43.0,13572400,VWO
2025-01-13,42.45680236816406,42.5,42.5,42.25,42.29999923706055,8281800,VWO
2025-01-14,42.96628189086914,43.0099983215332,43.20000076293945,42.83000183105469,43.20000076293945,20008000,VWO
2025-01-15,43.41582489013672,43.459999084472656,43.5099983215332,43.29999923706055,43.459999084472656,8989900,VWO
2025-01-16,43.395843505859375,43.439998626708984,43.61000061035156,43.439998626708984,43.599998474121094,7984200,VWO
2025-01-17,43.75547790527344,43.79999923706055,44.09000015258789,43.59000015258789,43.61000061035156,7930500,VWO
2025-01-21,44.165061950683594,44.209999084472656,44.27000045776367,43.9900016784668,44.13999938964844,8541700,VWO
2025-01-22,44.12510299682617,44.16999816894531,44.279998779296875,44.040000915527344,44.209999084472656,8276000,VWO
2025-01-23,44.29492950439453,44.34000015258789,44.36000061035156,44.06999969482422,44.13999938964844,5612200,VWO
2025-01-24,44.534690856933594,44.58000183105469,44.630001068115234,44.36000061035156,44.52000045776367,5863400,VWO
2025-01-27,43.8154182434082,43.86000061035156,44.0,43.7400016784668,44.0,8042500,VWO
2025-01-28,44.06516647338867,44.11000061035156,44.13999938964844,43.630001068115234,43.880001068115234,6716500,VWO
2025-01-29,44.09513473510742,44.13999938964844,44.45000076293945,44.09000015258789,44.33000183105469,8798900,VWO
2025-01-30,44.774444580078125,44.81999969482422,44.95000076293945,44.41999816894531,44.439998626708984,7179100,VWO
2025-01-31,44.3548698425293,44.400001525878906,44.970001220703125,44.34000015258789,44.880001068115234,9880200,VWO
2025-02-03,44.09513473510742,44.13999938964844,44.380001068115234,43.65999984741211,43.75,14712300,VWO
2025-02-04,44.804412841796875,44.849998474121094,44.97999954223633,44.52000045776367,44.59000015258789,5600900,VWO
2025-02-05,44.604618072509766,44.650001525878906,44.779998779296875,44.56999969482422,44.63999938964844,5502100,VWO
2025-02-06,44.81440353393555,44.86000061035156,44.86000061035156,44.70000076293945,44.77000045776367,6457500,VWO
2025-02-07,44.83438491821289,44.880001068115234,45.369998931884766,44.84000015258789,45.2599983215332,8334900,VWO
2025-02-10,45.28392791748047,45.33000183105469,45.34000015258789,45.150001525878906,45.20000076293945,4835700,VWO
2025-02-11,45.0941162109375,45.13999938964844,45.25,44.93000030517578,45.02000045776367,4066400,VWO
2025-02-12,45.31389617919922,45.36000061035156,45.4900016784668,44.970001220703125,45.060001373291016,7962200,VWO
2025-02-13,45.55364990234375,45.599998474121094,45.61000061035156,45.0,45.0,8905300,VWO
2025-02-14,45.83336639404297,45.880001068115234,45.900001525878906,45.689998626708984,45.77000045776367,5739800,VWO
2025-02-18,46.05314254760742,46.099998474121094,46.209999084472656,46.02000045776367,46.119998931884766,7226900,VWO
2025-02-19,45.923274993896484,45.970001220703125,46.060001373291016,45.900001525878906,46.02000045776367,4656800,VWO
2025-02-20,46.412776947021484,46.459999084472656,46.650001525878906,46.209999084472656,46.380001068115234,11032800,VWO
2025-02-21,46.352840423583984,46.400001525878906,46.880001068115234,46.2599983215332,46.709999084472656,8865400,VWO
2025-02-24,45.643558502197266,45.689998626708984,46.15999984741211,45.65999984741211,46.15999984741211,7218600,VWO
2025-02-25,45.62357711791992,45.66999816894531,45.79999923706055,45.5099983215332,45.720001220703125,8254500,VWO
2025-02-26,46.063133239746094,46.11000061035156,46.38999938964844,45.97999954223633,46.15999984741211,10751600,VWO
2025-02-27,45.25395584106445,45.29999923706055,45.83000183105469,45.2599983215332,45.79999923706055,7357200,VWO
2025-02-28,44.68453598022461,44.72999954223633,44.7599983215332,44.369998931884766,44.58000183105469,9729600,VWO
2025-03-03,44.25497055053711,44.29999923706055,45.040000915527344,44.15999984741211,44.93000030517578,15146500,VWO
2025-03-04,44.634586334228516,44.68000030517578,45.04999923706055,44.22999954223633,44.45000076293945,10263400,VWO
2025-03-05,45.96323013305664,46.0099983215332,46.08000183105469,45.369998931884766,45.47999954223633,12869100,VWO
2025-03-06,45.72347640991211,45.77000045776367,46.18000030517578,45.7400016784668,46.0,10690500,VWO
2025-03-07,45.91328430175781,45.959999084472656,46.130001068115234,45.59000015258789,45.900001525878906,7457100,VWO
2025-03-10,44.88433074951172,44.93000030517578,45.43000030517578,44.650001525878906,45.43000030517578,9895200,VWO
2025-03-11,45.20400619506836,45.25,45.5099983215332,44.97999954223633,45.27000045776367,7704600,VWO
2025-03-12,45.36384201049805,45.40999984741211,45.470001220703125,45.099998474121094,45.36000061035156,9465600,VWO
2025-03-13,45.2239875793457,45.27000045776367,45.380001068115234,44.939998626708984,45.02000045776367,7420000,VWO
2025-03-14,46.033164978027344,46.08000183105469,46.11000061035156,45.790000915527344,45.81999969482422,6944600,VWO
2025-03-17,46.66252136230469,46.709999084472656,46.77000045776367,46.08000183105469,46.130001068115234,9626800,VWO
2025-03-18,46.54264450073242,46.59000015258789,46.72999954223633,46.41999816894531,46.72999954223633,7580400,VWO
2025-03-19,46.612571716308594,46.65999984741211,46.83000183105469,46.470001220703125,46.720001220703125,8007900,VWO
2025-03-20,46.19300079345703,46.2400016784668,46.34000015258789,46.040000915527344,46.13999938964844,6651900,VWO
2025-03-21,45.97999954223633,45.97999954223633,46.08000183105469,45.81999969482422,45.91999816894531,5581000,VWO
2025-03-24,46.119998931884766,46.119998931884766,46.279998779296875,46.060001373291016,46.18000030517578,6227100,VWO
2025-03-25,46.06999969482422,46.06999969482422,46.2599983215332,46.029998779296875,46.119998931884766,5974200,VWO
2025-03-26,45.790000915527344,45.790000915527344,46.119998931884766,45.72999954223633,46.04999923706055,9811700,VWO
2025-03-27,46.09000015258789,46.09000015258789,46.209999084472656,45.77000045776367,45.77000045776367,5447700,VWO
2025-03-28,45.310001373291016,45.310001373291016,45.790000915527344,45.22999954223633,45.790000915527344,9167400,VWO
2025-03-31,45.2599983215332,45.2599983215332,45.290000915527344,44.720001220703125,44.939998626708984,8140100,VWO
2025-04-01,45.40999984741211,45.40999984741211,45.470001220703125,45.04999923706055,45.29999923706055,13223500,VWO
2025-04-02,45.45000076293945,45.45000076293945,45.59000015258789,45.279998779296875,45.310001373291016,6058600,VWO
2025-04-03,44.630001068115234,44.630001068115234,44.900001525878906,44.56999969482422,44.63999938964844,11227700,VWO
2025-04-04,42.130001068115234,42.130001068115234,43.060001373291016,41.689998626708984,42.790000915527344,31160900,VWO
2025-04-07,40.43000030517578,40.43000030517578,41.869998931884766,39.93000030517578,40.09000015258789,38745400,VWO
2025-04-08,39.88999938964844,39.88999938964844,41.70000076293945,39.529998779296875,41.70000076293945,21585800,VWO
2025-04-09,42.4900016784668,42.4900016784668,42.65999984741211,39.83000183105469,40.099998474121094,29071700,VWO
2025-04-10,41.939998626708984,41.939998626708984,42.310001373291016,41.16999816894531,42.119998931884766,17617000,VWO
2025-04-11,43.099998474121094,43.099998474121094,43.15999984741211,42.33000183105469,42.54999923706055,16757000,VWO
2025-04-14,43.5,43.5,43.75,43.27000045776367,43.47999954223633,7442500,VWO
2025-04-15,43.5099983215332,43.5099983215332,43.7599983215332,43.5,43.7599983215332,5598400,VWO
2025-04-16,42.959999084472656,42.959999084472656,43.40999984741211,42.81999969482422,43.25,7211500,VWO
2025-04-17,43.29999923706055,43.29999923706055,43.63999938964844,43.279998779296875,43.47999954223633,7553700,VWO
2025-04-21,43.349998474121094,43.349998474121094,43.65999984741211,43.04999923706055,43.599998474121094,6689400,VWO
2025-04-22,44.029998779296875,44.029998779296875,44.29999923706055,43.81999969482422,43.900001525878906,8785500,VWO
2025-04-23,44.459999084472656,44.459999084472656,44.91999816894531,44.40999984741211,44.7599983215332,8130700,VWO
2025-04-24,45.02000045776367,45.02000045776367,45.06999969482422,44.58000183105469,44.7400016784668,4305200,VWO
2025-04-25,44.869998931884766,44.869998931884766,44.88999938964844,44.599998474121094,44.7599983215332,7557900,VWO
2025-04-28,44.9900016784668,44.9900016784668,45.04999923706055,44.77000045776367,45.0,5881000,VWO
2025-04-29,45.150001525878906,45.150001525878906,45.209999084472656,45.029998779296875,45.06999969482422,5248700,VWO
2025-04-30,45.25,45.25,45.349998474121094,44.83000183105469,45.099998474121094,39652200,VWO
2025-05-01,45.22999954223633,45.22999954223633,45.5099983215332,45.209999084472656,45.459999084472656,10333800,VWO
2025-05-02,46.439998626708984,46.439998626708984,46.54999923706055,46.290000915527344,46.41999816894531,10651000,VWO
2025-05-05,46.810001373291016,46.810001373291016,47.0,46.79999923706055,46.84000015258789,6050500,VWO
2025-05-06,46.58000183105469,46.58000183105469,46.75,46.41999816894531,46.41999816894531,10111600,VWO
2025-05-07,46.0,46.0,46.29999923706055,45.93000030517578,46.2400016784668,6294700,VWO
2025-05-08,45.91999816894531,45.91999816894531,46.209999084472656,45.90999984741211,46.13999938964844,11808600,VWO
2025-05-09,46.25,46.25,46.52000045776367,46.16999816894531,46.45000076293945,6544300,VWO
